time,v(a),v(y),v(out),vdd#branch,va#branch
0.0,0.0,0.0,0.0,-7.26e-07,0.0
1.0000000000000002e-12,0.0,0.0,0.0,-7.259659469127655e-07,0.0
2.0000000000000004e-12,0.0,0.0,0.0,-7.259659469127655e-07,0.0
4.000000000000001e-12,0.0,0.0,0.0,-7.259659469127655e-07,0.0
8.000000000000001e-12,0.0,0.0,0.0,-7.259950507432222e-07,0.0
1.6000000000000003e-11,0.0,0.0,0.0,-7.260096026584506e-07,0.0
3.2000000000000006e-11,0.0,0.0,0.0,-7.259950507432222e-07,0.0
6.400000000000001e-11,0.0,0.0,0.0,-7.259950507432222e-07,0.0
1.2800000000000002e-10,0.0,0.0,0.0,-7.259986887220293e-07,0.0
2.2800000000000004e-10,0.0,0.0,0.0,-7.259995982167311e-07,0.0
3.2800000000000006e-10,0.0,0.0,0.0,-7.259995982167311e-07,0.0
4.2800000000000007e-10,0.0,0.0,0.0,-7.259995982167311e-07,0.0
5.28e-10,0.0,0.0,0.0,-7.259995982167311e-07,0.0
6.28e-10,0.0,0.0,0.0,-7.259995982167311e-07,0.0
7.28e-10,0.0,0.0,0.0,-7.259995982167311e-07,0.0
8.279999999999999e-10,0.0,0.0,0.0,-7.259995982167311e-07,0.0
9.279999999999999e-10,0.0,0.0,0.0,-7.259995982167311e-07,0.0
1.028e-09,0.0,0.0,0.0,-7.259995982167311e-07,0.0
1.128e-09,0.0,0.0,0.0,-7.259995982167311e-07,0.0
1.228e-09,0.0,0.0,0.0,-7.259995982167311e-07,0.0
1.3280000000000002e-09,0.0,0.0,0.0,-7.259995982167311e-07,0.0
1.4280000000000002e-09,0.0,0.0,0.0,-7.259995982167311e-07,0.0
1.5280000000000003e-09,0.0,0.0,0.0,-7.259995982167311e-07,0.0
1.6280000000000004e-09,0.0,0.0,0.0,-7.259995982167311e-07,0.0
1.7280000000000004e-09,0.0,0.0,0.0,-7.259995982167311e-07,0.0
1.8280000000000005e-09,0.0,0.0,0.0,-7.259995982167311e-07,0.0
1.9280000000000004e-09,0.0,0.0,0.0,-7.259995982167311e-07,0.0
2.0280000000000004e-09,0.0,0.0,0.0,-7.259995982167311e-07,0.0
2.1280000000000005e-09,0.0,0.0,0.0,-7.259995982167311e-07,0.0
2.2280000000000006e-09,0.0,0.0,0.0,-7.259995982167311e-07,0.0
2.3280000000000006e-09,0.0,0.0,0.0,-7.259995982167311e-07,0.0
2.4280000000000007e-09,0.0,0.0,0.0,-7.259995982167311e-07,0.0
2.5280000000000008e-09,0.0,0.0,0.0,-7.259995982167311e-07,0.0
2.628000000000001e-09,0.0,0.0,0.0,-7.259995982167311e-07,0.0
2.728000000000001e-09,0.0,0.0,0.0,-7.259995982167311e-07,0.0
2.828000000000001e-09,0.0,0.0,0.0,-7.259995982167311e-07,0.0
2.928000000000001e-09,0.0,0.0,0.0,-7.259995982167311e-07,0.0
3.028000000000001e-09,0.0,0.0,0.0,-7.259995982167311e-07,0.0
3.128000000000001e-09,0.0,0.0,0.0,-7.259995982167311e-07,0.0
3.2280000000000013e-09,0.0,0.0,0.0,-7.259995982167311e-07,0.0
3.3280000000000013e-09,0.0,0.0,0.0,-7.259995982167311e-07,0.0
3.4280000000000014e-09,0.0,0.0,0.0,-7.259995982167311e-07,0.0
3.5280000000000015e-09,0.0,0.0,0.0,-7.259995982167311e-07,0.0
3.6280000000000015e-09,0.0,0.0,0.0,-7.259995982167311e-07,0.0
3.728000000000001e-09,0.0,0.0,0.0,-7.259995982167311e-07,0.0
3.828000000000001e-09,0.0,0.0,0.0,-7.259995982167311e-07,0.0
3.928000000000001e-09,0.0,0.0,0.0,-7.259995982167311e-07,0.0
4.028000000000001e-09,0.0,0.0,0.0,-7.259995982167311e-07,0.0
4.1280000000000015e-09,0.0,0.0,0.0,-7.259995982167311e-07,0.0
4.2280000000000015e-09,0.0,0.0,0.0,-7.259995982167311e-07,0.0
4.328000000000002e-09,0.0,0.0,0.0,-7.259995982167311e-07,0.0
4.428000000000002e-09,0.0,0.0,0.0,-7.259995982167311e-07,0.0
4.528000000000002e-09,0.0,0.0,0.0,-7.259995982167311e-07,0.0
4.628000000000002e-09,0.0,0.0,0.0,-7.259995982167311e-07,0.0
4.728000000000002e-09,0.0,0.0,0.0,-7.259995982167311e-07,0.0
4.828000000000002e-09,0.0,0.0,0.0,-7.259995982167311e-07,0.0
4.928000000000002e-09,0.0,0.0,0.0,-7.259995982167311e-07,0.0
5.028000000000002e-09,0.0,0.0,0.0,-7.259995982167311e-07,0.0
5.128000000000002e-09,0.0,0.0,0.0,-7.259995982167311e-07,0.0
5.228000000000002e-09,0.0,0.0,0.0,-7.259995982167311e-07,0.0
5.328000000000002e-09,0.0,0.0,0.0,-7.259995982167311e-07,0.0
5.428000000000002e-09,0.0,0.0,0.0,-7.259995982167311e-07,0.0
5.5280000000000024e-09,0.0,0.0,0.0,-7.259995982167311e-07,0.0
5.6280000000000025e-09,0.0,0.0,0.0,-7.259995982167311e-07,0.0
5.7280000000000026e-09,0.0,0.0,0.0,-7.259995982167311e-07,0.0
5.828000000000003e-09,0.0,0.0,0.0,-7.259995982167311e-07,0.0
5.928000000000003e-09,0.0,0.0,0.0,-7.259995982167311e-07,0.0
6.028000000000003e-09,0.0,0.0,0.0,-7.259995982167311e-07,0.0
6.128000000000003e-09,0.0,0.0,0.0,-7.259995982167311e-07,0.0
6.228000000000003e-09,0.0,0.0,0.0,-7.259995982167311e-07,0.0
6.328000000000003e-09,0.0,0.0,0.0,-7.259995982167311e-07,0.0
6.428000000000003e-09,0.0,0.0,0.0,-7.259995982167311e-07,0.0
6.528000000000003e-09,0.0,0.0,0.0,-7.259995982167311e-07,0.0
6.628000000000003e-09,0.0,0.0,0.0,-7.259995982167311e-07,0.0
6.728000000000003e-09,0.0,0.0,0.0,-7.259995982167311e-07,0.0
6.828000000000003e-09,0.0,0.0,0.0,-7.259995982167311e-07,0.0
6.928000000000003e-09,0.0,0.0,0.0,-7.259995982167311e-07,0.0
7.0280000000000034e-09,0.0,0.0,0.0,-7.259995982167311e-07,0.0
7.1280000000000035e-09,0.0,0.0,0.0,-7.259995982167311e-07,0.0
7.2280000000000036e-09,0.0,0.0,0.0,-7.259995982167311e-07,0.0
7.328000000000004e-09,0.0,0.0,0.0,-7.259995982167311e-07,0.0
7.428000000000004e-09,0.0,0.0,0.0,-7.259995982167311e-07,0.0
7.528000000000003e-09,0.0,0.0,0.0,-7.259995982167311e-07,0.0
7.628000000000002e-09,0.0,0.0,0.0,-7.259995982167311e-07,0.0
7.728000000000001e-09,0.0,0.0,0.0,-7.259995982167311e-07,0.0
7.828e-09,0.0,0.0,0.0,-7.259995982167311e-07,0.0
7.928e-09,0.0,0.0,0.0,-7.259995982167311e-07,0.0
8.027999999999999e-09,0.0,0.0,0.0,-7.259995982167311e-07,0.0
8.127999999999998e-09,0.0,0.0,0.0,-7.259995982167311e-07,0.0
8.227999999999998e-09,0.0,0.0,0.0,-7.259995982167311e-07,0.0
8.327999999999997e-09,0.0,0.0,0.0,-7.259995982167311e-07,0.0
8.427999999999996e-09,0.0,0.0,0.0,-7.259995982167311e-07,0.0
8.527999999999995e-09,0.0,0.0,0.0,-7.259995982167311e-07,0.0
8.627999999999995e-09,0.0,0.0,0.0,-7.259995982167311e-07,0.0
8.727999999999994e-09,0.0,0.0,0.0,-7.259995982167311e-07,0.0
8.827999999999993e-09,0.0,0.0,0.0,-7.259995982167311e-07,0.0
8.927999999999992e-09,0.0,0.0,0.0,-7.259995982167311e-07,0.0
9.027999999999992e-09,0.0,0.0,0.0,-7.259995982167311e-07,0.0
9.12799999999999e-09,0.0,0.0,0.0,-7.259995982167311e-07,0.0
9.22799999999999e-09,0.0,0.0,0.0,-7.259995982167311e-07,0.0
9.32799999999999e-09,0.0,0.0,0.0,-7.259995982167311e-07,0.0
9.427999999999989e-09,0.0,0.0,0.0,-7.259995982167311e-07,0.0
9.527999999999988e-09,0.0,0.0,0.0,-7.259995982167311e-07,0.0
9.627999999999987e-09,0.0,0.0,0.0,-7.259995982167311e-07,0.0
9.727999999999986e-09,0.0,0.0,0.0,-7.259995982167311e-07,0.0
9.827999999999986e-09,0.0,0.0,0.0,-7.259995982167311e-07,0.0
9.927999999999985e-09,0.0,0.0,0.0,-7.259995982167311e-07,0.0
1.0027999999999984e-08,0.0,0.0,0.0,-7.259995982167311e-07,0.0
1.0127999999999983e-08,0.0,0.0,0.0,-7.259995982167311e-07,0.0
1.0227999999999982e-08,0.0,0.0,0.0,-7.259995982167311e-07,0.0
1.0327999999999982e-08,0.0,0.0,0.0,-7.259995982167311e-07,0.0
1.0427999999999981e-08,0.0,0.0,0.0,-7.259995982167311e-07,0.0
1.052799999999998e-08,0.0,0.0,0.0,-7.259995982167311e-07,0.0
1.062799999999998e-08,0.0,0.0,0.0,-7.259995982167311e-07,0.0
1.0727999999999979e-08,0.0,0.0,0.0,-7.259995982167311e-07,0.0
1.0827999999999978e-08,0.0,0.0,0.0,-7.259995982167311e-07,0.0
1.0927999999999977e-08,0.0,0.0,0.0,-7.259995982167311e-07,0.0
1.1027999999999976e-08,0.0,0.0,0.0,-7.259995982167311e-07,0.0
1.1127999999999976e-08,0.0,0.0,0.0,-7.259995982167311e-07,0.0
1.1227999999999975e-08,0.0,0.0,0.0,-7.259995982167311e-07,0.0
1.1327999999999974e-08,0.0,0.0,0.0,-7.259995982167311e-07,0.0
1.1427999999999973e-08,0.0,0.0,0.0,-7.259995982167311e-07,0.0
1.1527999999999973e-08,0.0,0.0,0.0,-7.259995982167311e-07,0.0
1.1627999999999972e-08,0.0,0.0,0.0,-7.259995982167311e-07,0.0
1.1727999999999971e-08,0.0,0.0,0.0,-7.259995982167311e-07,0.0
1.182799999999997e-08,0.0,0.0,0.0,-7.259995982167311e-07,0.0
1.192799999999997e-08,0.0,0.0,0.0,-7.259995982167311e-07,0.0
1.2027999999999969e-08,0.0,0.0,0.0,-7.259995982167311e-07,0.0
1.2127999999999968e-08,0.0,0.0,0.0,-7.259995982167311e-07,0.0
1.2227999999999967e-08,0.0,0.0,0.0,-7.259995982167311e-07,0.0
1.2327999999999967e-08,0.0,0.0,0.0,-7.259995982167311e-07,0.0
1.2427999999999966e-08,0.0,0.0,0.0,-7.259995982167311e-07,0.0
1.2527999999999965e-08,0.0,0.0,0.0,-7.259995982167311e-07,0.0
1.2627999999999964e-08,0.0,0.0,0.0,-7.259995982167311e-07,0.0
1.2727999999999963e-08,0.0,0.0,0.0,-7.259995982167311e-07,0.0
1.2827999999999963e-08,0.0,0.0,0.0,-7.259995982167311e-07,0.0
1.2927999999999962e-08,0.0,0.0,0.0,-7.259995982167311e-07,0.0
1.3027999999999961e-08,0.0,0.0,0.0,-7.259995982167311e-07,0.0
1.312799999999996e-08,0.0,0.0,0.0,-7.259995982167311e-07,0.0
1.322799999999996e-08,0.0,0.0,0.0,-7.259995982167311e-07,0.0
1.3327999999999959e-08,0.0,0.0,0.0,-7.259995982167311e-07,0.0
1.3427999999999958e-08,0.0,0.0,0.0,-7.259995982167311e-07,0.0
1.3527999999999957e-08,0.0,0.0,0.0,-7.259995982167311e-07,0.0
1.3627999999999957e-08,0.0,0.0,0.0,-7.259995982167311e-07,0.0
1.3727999999999956e-08,0.0,0.0,0.0,-7.259995982167311e-07,0.0
1.3827999999999955e-08,0.0,0.0,0.0,-7.259995982167311e-07,0.0
1.3927999999999954e-08,0.0,0.0,0.0,-7.259995982167311e-07,0.0
1.4027999999999954e-08,0.0,0.0,0.0,-7.259995982167311e-07,0.0
1.4127999999999953e-08,0.0,0.0,0.0,-7.259995982167311e-07,0.0
1.4227999999999952e-08,0.0,0.0,0.0,-7.259995982167311e-07,0.0
1.4327999999999951e-08,0.0,0.0,0.0,-7.259995982167311e-07,0.0
1.442799999999995e-08,0.0,0.0,0.0,-7.259995982167311e-07,0.0
1.452799999999995e-08,0.0,0.0,0.0,-7.259995982167311e-07,0.0
1.4627999999999949e-08,0.0,0.0,0.0,-7.259995982167311e-07,0.0
1.4727999999999948e-08,0.0,0.0,0.0,-7.259995982167311e-07,0.0
1.4827999999999948e-08,0.0,0.0,0.0,-7.259995982167311e-07,0.0
1.4927999999999947e-08,0.0,0.0,0.0,-7.259995982167311e-07,0.0
1.5027999999999948e-08,0.0,0.0,0.0,-7.259995982167311e-07,0.0
1.512799999999995e-08,0.0,0.0,0.0,-7.259995982167311e-07,0.0
1.522799999999995e-08,0.0,0.0,0.0,-7.259995982167311e-07,0.0
1.532799999999995e-08,0.0,0.0,0.0,-7.259995982167311e-07,0.0
1.542799999999995e-08,0.0,0.0,0.0,-7.259995982167311e-07,0.0
1.5527999999999952e-08,0.0,0.0,0.0,-7.259995982167311e-07,0.0
1.5627999999999953e-08,0.0,0.0,0.0,-7.259995982167311e-07,0.0
1.5727999999999954e-08,0.0,0.0,0.0,-7.259995982167311e-07,0.0
1.5827999999999955e-08,0.0,0.0,0.0,-7.259995982167311e-07,0.0
1.5927999999999956e-08,0.0,0.0,0.0,-7.259995982167311e-07,0.0
1.6027999999999957e-08,0.0,0.0,0.0,-7.259995982167311e-07,0.0
1.6127999999999958e-08,0.0,0.0,0.0,-7.259995982167311e-07,0.0
1.622799999999996e-08,0.0,0.0,0.0,-7.259995982167311e-07,0.0
1.632799999999996e-08,0.0,0.0,0.0,-7.259995982167311e-07,0.0
1.642799999999996e-08,0.0,0.0,0.0,-7.259995982167311e-07,0.0
1.652799999999996e-08,0.0,0.0,0.0,-7.259995982167311e-07,0.0
1.6627999999999962e-08,0.0,0.0,0.0,-7.259995982167311e-07,0.0
1.6727999999999963e-08,0.0,0.0,0.0,-7.259995982167311e-07,0.0
1.6827999999999964e-08,0.0,0.0,0.0,-7.259995982167311e-07,0.0
1.6927999999999965e-08,0.0,0.0,0.0,-7.259995982167311e-07,0.0
1.7027999999999966e-08,0.0,0.0,0.0,-7.259995982167311e-07,0.0
1.7127999999999966e-08,0.0,0.0,0.0,-7.259995982167311e-07,0.0
1.7227999999999967e-08,0.0,0.0,0.0,-7.259995982167311e-07,0.0
1.7327999999999968e-08,0.0,0.0,0.0,-7.259995982167311e-07,0.0
1.742799999999997e-08,0.0,0.0,0.0,-7.259995982167311e-07,0.0
1.752799999999997e-08,0.0,0.0,0.0,-7.259995982167311e-07,0.0
1.762799999999997e-08,0.0,0.0,0.0,-7.259995982167311e-07,0.0
1.7727999999999972e-08,0.0,0.0,0.0,-7.259995982167311e-07,0.0
1.7827999999999973e-08,0.0,0.0,0.0,-7.259995982167311e-07,0.0
1.7927999999999974e-08,0.0,0.0,0.0,-7.259995982167311e-07,0.0
1.8027999999999975e-08,0.0,0.0,0.0,-7.259995982167311e-07,0.0
1.8127999999999975e-08,0.0,0.0,0.0,-7.259995982167311e-07,0.0
1.8227999999999976e-08,0.0,0.0,0.0,-7.259995982167311e-07,0.0
1.8327999999999977e-08,0.0,0.0,0.0,-7.259995982167311e-07,0.0
1.8427999999999978e-08,0.0,0.0,0.0,-7.259995982167311e-07,0.0
1.852799999999998e-08,0.0,0.0,0.0,-7.259995982167311e-07,0.0
1.862799999999998e-08,0.0,0.0,0.0,-7.259995982167311e-07,0.0
1.872799999999998e-08,0.0,0.0,0.0,-7.259995982167311e-07,0.0
1.8827999999999982e-08,0.0,0.0,0.0,-7.259995982167311e-07,0.0
1.8927999999999983e-08,0.0,0.0,0.0,-7.259995982167311e-07,0.0
1.9027999999999984e-08,0.0,0.0,0.0,-7.259995982167311e-07,0.0
1.9127999999999984e-08,0.0,0.0,0.0,-7.259995982167311e-07,0.0
1.9227999999999985e-08,0.0,0.0,0.0,-7.259995982167311e-07,0.0
1.9327999999999986e-08,0.0,0.0,0.0,-7.259995982167311e-07,0.0
1.9427999999999987e-08,0.0,0.0,0.0,-7.259995982167311e-07,0.0
1.9527999999999988e-08,0.0,0.0,0.0,-7.259995982167311e-07,0.0
1.962799999999999e-08,0.0,0.0,0.0,-7.259995982167311e-07,0.0
1.972799999999999e-08,0.0,0.0,0.0,-7.259995982167311e-07,0.0
1.982799999999999e-08,0.0,0.0,0.0,-7.259995982167311e-07,0.0
1.992799999999999e-08,0.0,0.0,0.0,-7.259995982167311e-07,0.0
2.0027999999999992e-08,0.0,0.0,0.0,-7.259995982167311e-07,0.0
2.0127999999999993e-08,0.0,0.0,0.0,-7.259995982167311e-07,0.0
2.0227999999999994e-08,0.0,0.0,0.0,-7.259995982167311e-07,0.0
2.0327999999999995e-08,0.0,0.0,0.0,-7.259995982167311e-07,0.0
2.0427999999999996e-08,0.0,0.0,0.0,-7.259995982167311e-07,0.0
2.0527999999999997e-08,0.0,0.0,0.0,-7.259995982167311e-07,0.0
2.0627999999999998e-08,0.0,0.0,0.0,-7.259995982167311e-07,0.0
2.0728e-08,0.0,0.0,0.0,-7.259995982167311e-07,0.0
2.0828e-08,0.0,0.0,0.0,-7.259995982167311e-07,0.0
2.0928e-08,0.0,0.0,0.0,-7.259995982167311e-07,0.0
2.1028e-08,0.0,0.0,0.0,-7.259995982167311e-07,0.0
2.1128000000000002e-08,0.0,0.0,0.0,-7.259995982167311e-07,0.0
2.1228000000000003e-08,0.0,0.0,0.0,-7.259995982167311e-07,0.0
2.1328000000000004e-08,0.0,0.0,0.0,-7.259995982167311e-07,0.0
2.1428000000000005e-08,0.0,0.0,0.0,-7.259995982167311e-07,0.0
2.1528000000000006e-08,0.0,0.0,0.0,-7.259995982167311e-07,0.0
2.1628000000000007e-08,0.0,0.0,0.0,-7.259995982167311e-07,0.0
2.1728000000000008e-08,0.0,0.0,0.0,-7.259995982167311e-07,0.0
2.182800000000001e-08,0.0,0.0,0.0,-7.259995982167311e-07,0.0
2.192800000000001e-08,0.0,0.0,0.0,-7.259995982167311e-07,0.0
2.202800000000001e-08,0.0,0.0,0.0,-7.259995982167311e-07,0.0
2.212800000000001e-08,0.0,0.0,0.0,-7.259995982167311e-07,0.0
2.2228000000000012e-08,0.0,0.0,0.0,-7.259995982167311e-07,0.0
2.2328000000000013e-08,0.0,0.0,0.0,-7.259995982167311e-07,0.0
2.2428000000000014e-08,0.0,0.0,0.0,-7.259995982167311e-07,0.0
2.2528000000000015e-08,0.0,0.0,0.0,-7.259995982167311e-07,0.0
2.2628000000000016e-08,0.0,0.0,0.0,-7.259995982167311e-07,0.0
2.2728000000000017e-08,0.0,0.0,0.0,-7.259995982167311e-07,0.0
2.2828000000000018e-08,0.0,0.0,0.0,-7.259995982167311e-07,0.0
2.292800000000002e-08,0.0,0.0,0.0,-7.259995982167311e-07,0.0
2.302800000000002e-08,0.0,0.0,0.0,-7.259995982167311e-07,0.0
2.312800000000002e-08,0.0,0.0,0.0,-7.259995982167311e-07,0.0
2.322800000000002e-08,0.0,0.0,0.0,-7.259995982167311e-07,0.0
2.3328000000000022e-08,0.0,0.0,0.0,-7.259995982167311e-07,0.0
2.3428000000000023e-08,0.0,0.0,0.0,-7.259995982167311e-07,0.0
2.3528000000000024e-08,0.0,0.0,0.0,-7.259995982167311e-07,0.0
2.3628000000000025e-08,0.0,0.0,0.0,-7.259995982167311e-07,0.0
2.3728000000000026e-08,0.0,0.0,0.0,-7.259995982167311e-07,0.0
2.3828000000000026e-08,0.0,0.0,0.0,-7.259995982167311e-07,0.0
2.3928000000000027e-08,0.0,0.0,0.0,-7.259995982167311e-07,0.0
2.4028000000000028e-08,0.0,0.0,0.0,-7.259995982167311e-07,0.0
2.412800000000003e-08,0.0,0.0,0.0,-7.259995982167311e-07,0.0
2.422800000000003e-08,0.0,0.0,0.0,-7.259995982167311e-07,0.0
2.432800000000003e-08,0.0,0.0,0.0,-7.259995982167311e-07,0.0
2.4428000000000032e-08,0.0,0.0,0.0,-7.259995982167311e-07,0.0
2.4528000000000033e-08,0.0,0.0,0.0,-7.259995982167311e-07,0.0
2.4628000000000034e-08,0.0,0.0,0.0,-7.259995982167311e-07,0.0
2.4728000000000035e-08,0.0,0.0,0.0,-7.259995982167311e-07,0.0
2.4828000000000035e-08,0.0,0.0,0.0,-7.259995982167311e-07,0.0
2.4928000000000036e-08,0.0,0.0,0.0,-7.259995982167311e-07,0.0
2.5028000000000037e-08,0.0,0.0,0.0,-7.259995982167311e-07,0.0
2.5128000000000038e-08,0.0,0.0,0.0,-7.259995982167311e-07,0.0
2.522800000000004e-08,0.0,0.0,0.0,-7.259995982167311e-07,0.0
2.532800000000004e-08,0.0,0.0,0.0,-7.259995982167311e-07,0.0
2.542800000000004e-08,0.0,0.0,0.0,-7.259995982167311e-07,0.0
2.5528000000000042e-08,0.0,0.0,0.0,-7.259995982167311e-07,0.0
2.5628000000000043e-08,0.0,0.0,0.0,-7.259995982167311e-07,0.0
2.5728000000000044e-08,0.0,0.0,0.0,-7.259995982167311e-07,0.0
2.5828000000000044e-08,0.0,0.0,0.0,-7.259995982167311e-07,0.0
2.5928000000000045e-08,0.0,0.0,0.0,-7.259995982167311e-07,0.0
2.6028000000000046e-08,0.0,0.0,0.0,-7.259995982167311e-07,0.0
2.6128000000000047e-08,0.0,0.0,0.0,-7.259995982167311e-07,0.0
2.6228000000000048e-08,0.0,0.0,0.0,-7.259995982167311e-07,0.0
2.632800000000005e-08,0.0,0.0,0.0,-7.259995982167311e-07,0.0
2.642800000000005e-08,0.0,0.0,0.0,-7.259995982167311e-07,0.0
2.652800000000005e-08,0.0,0.0,0.0,-7.259995982167311e-07,0.0
2.662800000000005e-08,0.0,0.0,0.0,-7.259995982167311e-07,0.0
2.6728000000000052e-08,0.0,0.0,0.0,-7.259995982167311e-07,0.0
2.6828000000000053e-08,0.0,0.0,0.0,-7.259995982167311e-07,0.0
2.6928000000000054e-08,0.0,0.0,0.0,-7.259995982167311e-07,0.0
2.7028000000000055e-08,0.0,0.0,0.0,-7.259995982167311e-07,0.0
2.7128000000000056e-08,0.0,0.0,0.0,-7.259995982167311e-07,0.0
2.7228000000000057e-08,0.0,0.0,0.0,-7.259995982167311e-07,0.0
2.7328000000000058e-08,0.0,0.0,0.0,-7.259995982167311e-07,0.0
2.742800000000006e-08,0.0,0.0,0.0,-7.259995982167311e-07,0.0
2.752800000000006e-08,0.0,0.0,0.0,-7.259995982167311e-07,0.0
2.762800000000006e-08,0.0,0.0,0.0,-7.259995982167311e-07,0.0
2.772800000000006e-08,0.0,0.0,0.0,-7.259995982167311e-07,0.0
2.7828000000000062e-08,0.0,0.0,0.0,-7.259995982167311e-07,0.0
2.7928000000000063e-08,0.0,0.0,0.0,-7.259995982167311e-07,0.0
2.8028000000000064e-08,0.0,0.0,0.0,-7.259995982167311e-07,0.0
2.8128000000000065e-08,0.0,0.0,0.0,-7.259995982167311e-07,0.0
2.8228000000000066e-08,0.0,0.0,0.0,-7.259995982167311e-07,0.0
2.8328000000000067e-08,0.0,0.0,0.0,-7.259995982167311e-07,0.0
2.8428000000000068e-08,0.0,0.0,0.0,-7.259995982167311e-07,0.0
2.852800000000007e-08,0.0,0.0,0.0,-7.259995982167311e-07,0.0
2.862800000000007e-08,0.0,0.0,0.0,-7.259995982167311e-07,0.0
2.872800000000007e-08,0.0,0.0,0.0,-7.259995982167311e-07,0.0
2.882800000000007e-08,0.0,0.0,0.0,-7.259995982167311e-07,0.0
2.8928000000000072e-08,0.0,0.0,0.0,-7.259995982167311e-07,0.0
2.9028000000000073e-08,0.0,0.0,0.0,-7.259995982167311e-07,0.0
2.9128000000000074e-08,0.0,0.0,0.0,-7.259995982167311e-07,0.0
2.9228000000000075e-08,0.0,0.0,0.0,-7.259995982167311e-07,0.0
2.9328000000000076e-08,0.0,0.0,0.0,-7.259995982167311e-07,0.0
2.9428000000000077e-08,0.0,0.0,0.0,-7.259995982167311e-07,0.0
2.9528000000000078e-08,0.0,0.0,0.0,-7.259995982167311e-07,0.0
2.962800000000008e-08,0.0,0.0,0.0,-7.259995982167311e-07,0.0
2.972800000000008e-08,0.0,0.0,0.0,-7.259995982167311e-07,0.0
2.982800000000008e-08,0.0,0.0,0.0,-7.259995982167311e-07,0.0
2.992800000000008e-08,0.0,0.0,0.0,-7.259995982167311e-07,0.0
3.002800000000008e-08,0.0,0.0,0.0,-7.259995982167311e-07,0.0
3.012800000000008e-08,0.0,0.0,0.0,-7.259995982167311e-07,0.0
3.0228000000000084e-08,0.0,0.0,0.0,-7.259995982167311e-07,0.0
3.0328000000000085e-08,0.0,0.0,0.0,-7.259995982167311e-07,0.0
3.0428000000000086e-08,0.0,0.0,0.0,-7.259995982167311e-07,0.0
3.0528000000000086e-08,0.0,0.0,0.0,-7.259995982167311e-07,0.0
3.062800000000009e-08,0.0,0.0,0.0,-7.259995982167311e-07,0.0
3.072800000000009e-08,0.0,0.0,0.0,-7.259995982167311e-07,0.0
3.082800000000009e-08,0.0,0.0,0.0,-7.259995982167311e-07,0.0
3.092800000000009e-08,0.0,0.0,0.0,-7.259995982167311e-07,0.0
3.102800000000009e-08,0.0,0.0,0.0,-7.259995982167311e-07,0.0
3.112800000000009e-08,0.0,0.0,0.0,-7.259995982167311e-07,0.0
3.122800000000009e-08,0.0,0.0,0.0,-7.259995982167311e-07,0.0
3.1328000000000094e-08,0.0,0.0,0.0,-7.259995982167311e-07,0.0
3.1428000000000095e-08,0.0,0.0,0.0,-7.259995982167311e-07,0.0
3.1528000000000095e-08,0.0,0.0,0.0,-7.259995982167311e-07,0.0
3.1628000000000096e-08,0.0,0.0,0.0,-7.259995982167311e-07,0.0
3.17280000000001e-08,0.0,0.0,0.0,-7.259995982167311e-07,0.0
3.18280000000001e-08,0.0,0.0,0.0,-7.259995982167311e-07,0.0
3.19280000000001e-08,0.0,0.0,0.0,-7.259995982167311e-07,0.0
3.20280000000001e-08,0.0,0.0,0.0,-7.259995982167311e-07,0.0
3.21280000000001e-08,0.0,0.0,0.0,-7.259995982167311e-07,0.0
3.22280000000001e-08,0.0,0.0,0.0,-7.259995982167311e-07,0.0
3.23280000000001e-08,0.0,0.0,0.0,-7.259995982167311e-07,0.0
3.2428000000000103e-08,0.0,0.0,0.0,-7.259995982167311e-07,0.0
3.2528000000000104e-08,0.0,0.0,0.0,-7.259995982167311e-07,0.0
3.2628000000000105e-08,0.0,0.0,0.0,-7.259995982167311e-07,0.0
3.2728000000000106e-08,0.0,0.0,0.0,-7.259995982167311e-07,0.0
3.282800000000011e-08,0.0,0.0,0.0,-7.259995982167311e-07,0.0
3.292800000000011e-08,0.0,0.0,0.0,-7.259995982167311e-07,0.0
3.302800000000011e-08,0.0,0.0,0.0,-7.259995982167311e-07,0.0
3.312800000000011e-08,0.0,0.0,0.0,-7.259995982167311e-07,0.0
3.322800000000011e-08,0.0,0.0,0.0,-7.259995982167311e-07,0.0
3.332800000000011e-08,0.0,0.0,0.0,-7.259995982167311e-07,0.0
3.342800000000011e-08,0.0,0.0,0.0,-7.259995982167311e-07,0.0
3.3528000000000113e-08,0.0,0.0,0.0,-7.259995982167311e-07,0.0
3.3628000000000114e-08,0.0,0.0,0.0,-7.259995982167311e-07,0.0
3.3728000000000115e-08,0.0,0.0,0.0,-7.259995982167311e-07,0.0
3.3828000000000116e-08,0.0,0.0,0.0,-7.259995982167311e-07,0.0
3.392800000000012e-08,0.0,0.0,0.0,-7.259995982167311e-07,0.0
3.402800000000012e-08,0.0,0.0,0.0,-7.259995982167311e-07,0.0
3.412800000000012e-08,0.0,0.0,0.0,-7.259995982167311e-07,0.0
3.422800000000012e-08,0.0,0.0,0.0,-7.259995982167311e-07,0.0
3.432800000000012e-08,0.0,0.0,0.0,-7.259995982167311e-07,0.0
3.442800000000012e-08,0.0,0.0,0.0,-7.259995982167311e-07,0.0
3.452800000000012e-08,0.0,0.0,0.0,-7.259995982167311e-07,0.0
3.462800000000012e-08,0.0,0.0,0.0,-7.259995982167311e-07,0.0
3.4728000000000124e-08,0.0,0.0,0.0,-7.259995982167311e-07,0.0
3.4828000000000125e-08,0.0,0.0,0.0,-7.259995982167311e-07,0.0
3.4928000000000126e-08,0.0,0.0,0.0,-7.259995982167311e-07,0.0
3.502800000000013e-08,0.0,0.0,0.0,-7.259995982167311e-07,0.0
3.512800000000013e-08,0.0,0.0,0.0,-7.259995982167311e-07,0.0
3.522800000000013e-08,0.0,0.0,0.0,-7.259995982167311e-07,0.0
3.532800000000013e-08,0.0,0.0,0.0,-7.259995982167311e-07,0.0
3.542800000000013e-08,0.0,0.0,0.0,-7.259995982167311e-07,0.0
3.552800000000013e-08,0.0,0.0,0.0,-7.259995982167311e-07,0.0
3.562800000000013e-08,0.0,0.0,0.0,-7.259995982167311e-07,0.0
3.572800000000013e-08,0.0,0.0,0.0,-7.259995982167311e-07,0.0
3.5828000000000134e-08,0.0,0.0,0.0,-7.259995982167311e-07,0.0
3.5928000000000135e-08,0.0,0.0,0.0,-7.259995982167311e-07,0.0
3.6028000000000136e-08,0.0,0.0,0.0,-7.259995982167311e-07,0.0
3.6128000000000137e-08,0.0,0.0,0.0,-7.259995982167311e-07,0.0
3.622800000000014e-08,0.0,0.0,0.0,-7.259995982167311e-07,0.0
3.632800000000014e-08,0.0,0.0,0.0,-7.259995982167311e-07,0.0
3.642800000000014e-08,0.0,0.0,0.0,-7.259995982167311e-07,0.0
3.652800000000014e-08,0.0,0.0,0.0,-7.259995982167311e-07,0.0
3.662800000000014e-08,0.0,0.0,0.0,-7.259995982167311e-07,0.0
3.672800000000014e-08,0.0,0.0,0.0,-7.259995982167311e-07,0.0
3.682800000000014e-08,0.0,0.0,0.0,-7.259995982167311e-07,0.0
3.6928000000000144e-08,0.0,0.0,0.0,-7.259995982167311e-07,0.0
3.7028000000000145e-08,0.0,0.0,0.0,-7.259995982167311e-07,0.0
3.7128000000000146e-08,0.0,0.0,0.0,-7.259995982167311e-07,0.0
3.7228000000000146e-08,0.0,0.0,0.0,-7.259995982167311e-07,0.0
3.732800000000015e-08,0.0,0.0,0.0,-7.259995982167311e-07,0.0
3.742800000000015e-08,0.0,0.0,0.0,-7.259995982167311e-07,0.0
3.752800000000015e-08,0.0,0.0,0.0,-7.259995982167311e-07,0.0
3.762800000000015e-08,0.0,0.0,0.0,-7.259995982167311e-07,0.0
3.772800000000015e-08,0.0,0.0,0.0,-7.259995982167311e-07,0.0
3.782800000000015e-08,0.0,0.0,0.0,-7.259995982167311e-07,0.0
3.792800000000015e-08,0.0,0.0,0.0,-7.259995982167311e-07,0.0
3.8028000000000154e-08,0.0,0.0,0.0,-7.259995982167311e-07,0.0
3.8128000000000155e-08,0.0,0.0,0.0,-7.259995982167311e-07,0.0
3.8228000000000155e-08,0.0,0.0,0.0,-7.259995982167311e-07,0.0
3.8328000000000156e-08,0.0,0.0,0.0,-7.259995982167311e-07,0.0
3.842800000000016e-08,0.0,0.0,0.0,-7.259995982167311e-07,0.0
3.852800000000016e-08,0.0,0.0,0.0,-7.259995982167311e-07,0.0
3.862800000000016e-08,0.0,0.0,0.0,-7.259995982167311e-07,0.0
3.872800000000016e-08,0.0,0.0,0.0,-7.259995982167311e-07,0.0
3.882800000000016e-08,0.0,0.0,0.0,-7.259995982167311e-07,0.0
3.892800000000016e-08,0.0,0.0,0.0,-7.259995982167311e-07,0.0
3.902800000000016e-08,0.0,0.0,0.0,-7.259995982167311e-07,0.0
3.9128000000000163e-08,0.0,0.0,0.0,-7.259995982167311e-07,0.0
3.9228000000000164e-08,0.0,0.0,0.0,-7.259995982167311e-07,0.0
3.9328000000000165e-08,0.0,0.0,0.0,-7.259995982167311e-07,0.0
3.9428000000000166e-08,0.0,0.0,0.0,-7.259995982167311e-07,0.0
3.952800000000017e-08,0.0,0.0,0.0,-7.259995982167311e-07,0.0
3.962800000000017e-08,0.0,0.0,0.0,-7.259995982167311e-07,0.0
3.972800000000017e-08,0.0,0.0,0.0,-7.259995982167311e-07,0.0
3.982800000000017e-08,0.0,0.0,0.0,-7.259995982167311e-07,0.0
3.992800000000017e-08,0.0,0.0,0.0,-7.259995982167311e-07,0.0
4e-08,0.0,0.0,0.0,-7.259986887220293e-07,0.0
4.000000164002485e-08,2.7060409998049585e-06,0.0,0.0,-7.152557373046875e-07,-0.006599999999592086
4.0000004920074546e-08,8.118122999414875e-06,0.0,0.0,-7.152557373046875e-07,-0.006599999999700328
4.000001148017394e-08,1.894228699863471e-05,0.0,0.0,-7.152557373046875e-07,-0.006599999999916811
4.0000024600372726e-08,4.059061499707438e-05,0.0,0.0,-7.227063179016113e-07,-0.006600000000349781
4.00000508407703e-08,8.388727099395371e-05,0.0,0.0,-7.227063179016113e-07,-0.00660000000121571
4.0000103321565455e-08,0.00017048058299863118,0.0,0.0,-7.245689630508423e-07,-0.006600000004612
4.0000208283155757e-08,0.0003436672069970673,0.0,0.0,-7.255002856254578e-07,-0.006600000005579098
4.000041820633636e-08,0.0006900404549939395,0.0,0.0,-7.259659469127655e-07,-0.006600000015003202
4.000083805269757e-08,0.0013827869509876842,0.0,0.0,-7.259659469127655e-07,-0.0066000000263615015
4.000167774541999e-08,0.0027682799429860918,0.0,0.0,-7.259659469127655e-07,-0.006600000056672009
4.000335713086484e-08,0.005539265926982907,0.0,0.0,-7.259659469127655e-07,-0.006600000109491074
4.000671590175453e-08,0.011081237894976538,0.0,0.0,-7.259950507432222e-07,-0.006600000222931172
4.001343344353391e-08,0.022165181830952885,0.0,0.0,-7.259950507432222e-07,-0.006600000441996396
4.002686852709267e-08,0.04433306970290557,0.0,0.0,-7.259950507432222e-07,-0.006600000887967809
4.005373869421019e-08,0.08866884544681095,0.0,0.0,-7.259950507432222e-07,-0.006600001772069659
4.010747902844523e-08,0.1773403969346326,0.0,0.0,-7.259986887220293e-07,-0.006600003548115976
4.0207479028445234e-08,0.34234039693463414,0.0,0.0,-7.259995982167311e-07,-0.00660000684550003
4.0307479028445235e-08,0.5073403969346355,0.0,0.0,-7.259995982167311e-07,-0.006600010148115967
4.0407479028445235e-08,0.6723403969346371,0.0,0.0,-7.259995982167311e-07,-0.006600013445500041
4.0507479028445236e-08,0.8373403969346386,0.0,0.0,-7.259995982167311e-07,-0.006600016748115965
4.060747902844524e-08,1.00234039693464,0.0,0.0,-7.259995982167311e-07,-0.006600020045500032
4.070747902844524e-08,1.1673403969346414,0.0,0.0,-7.259995982167311e-07,-0.006600023348115963
4.080747902844524e-08,1.332340396934643,0.0,0.0,-7.259995982167311e-07,-0.006600026645500051
4.090747902844524e-08,1.4973403969346444,0.0,0.0,-7.259995982167311e-07,-0.006600029948115968
4.0911273766560396e-08,1.503601714824652,-4.435156931138215e-17,-4.4351218684666896e-17,-7.259950507432222e-07,-0.006600030070734064
4.09188632427907e-08,1.5161243506046564,-1.3285419070093993e-16,-1.3285419148939186e-16,-7.259950507432222e-07,-0.006600030323783201
4.093404219525132e-08,1.5411696221646758,-1.32055930741335e-16,-1.3205593153058085e-16,-7.259950507432222e-07,-0.006600030822098368
4.096440010017255e-08,1.591260165284704,-1.3047375686183563e-16,-1.3047375763611064e-16,-7.259950507432222e-07,-0.006600031826496544
4.096592405686669e-08,1.5937746938300346,-1.4820826200425438e-16,-1.4820791183351425e-16,-7.25907739251852e-07,-0.006600031874187451
4.096897197025497e-08,1.5988037509206954,-1.8364474899529053e-16,-1.836447500793199e-16,-7.259659469127655e-07,-0.006600031977368914
4.097506779703153e-08,1.608861865102028,-1.8320081348582695e-16,-1.832008145865816e-16,-7.259950507432222e-07,-0.006600032175945181
4.0987259450584664e-08,1.6289780934646938,-1.8231615805367267e-16,-1.8231615912978959e-16,-7.260023267008364e-07,-0.006600032580856174
4.0987871467518066e-08,1.6299879214048083,-1.8951277210579037e-16,-1.8951241983366964e-16,-7.257331162691116e-07,-0.00660003259843478
4.098909550138487e-08,1.6320075772850373,-2.0390040196052494e-16,-2.0390040314786658e-16,-7.258495315909386e-07,-0.006600032641445708
4.099154356911849e-08,1.6360468890455069,-2.0370231106003168e-16,-2.0370231230020682e-16,-7.25907739251852e-07,-0.006600032719651594
4.0996439704585725e-08,1.6441255125664456,-2.0330670637096585e-16,-2.0330670755477233e-16,-7.259950507432222e-07,-0.006600032883800733
4.099668548894878e-08,1.6445310567654825,-2.0619666431330843e-16,-2.061963098449176e-16,-7.259659469127655e-07,-0.006600032889210183
4.099717705767489e-08,1.6453421451635677,-2.1197537860080637e-16,-2.1197537979282936e-16,-7.259659469127655e-07,-0.006600032908323783
4.099816019512711e-08,1.6469643219597265,-2.1189265124517867e-16,-2.1189265257753967e-16,-7.259659469127655e-07,-0.006600032937768674
4.099820954829832e-08,1.647045754692229,-2.1246693775196993e-16,-2.1246659024782004e-16,-7.245689630508423e-07,-0.006600032941776135
4.0998308254640755e-08,1.647208620157245,-2.136151282440999e-16,-2.1361512937471514e-16,-7.255002856254578e-07,-0.006600032943538281
4.0998505667325616e-08,1.6475343510872658,-2.135983855062184e-16,-2.1359838691988567e-16,-7.259659469127655e-07,-0.006600032951141088
4.0998900492695345e-08,1.6481858129473181,-2.135649042500934e-16,-2.1356490538045257e-16,-7.259659469127655e-07,-0.0066000329632984744
4.09996901434348e-08,1.6494887366674231,-2.134979571983297e-16,-2.1349795861137738e-16,-7.259659469127655e-07,-0.006600032990224491
4.099972978363776e-08,1.6495541430023002,-2.1396338570334388e-16,-2.139630359720962e-16,-7.245689630508423e-07,-0.006600032989979354
4.0999809064043677e-08,1.649684955672065,-2.148938696849217e-16,-2.1489387084059918e-16,-7.255002856254578e-07,-0.00660003299523737
4.0999967624855506e-08,1.649946581011584,-2.148803413962306e-16,-2.1488034280008352e-16,-7.259659469127655e-07,-0.006600032997340577
4.0999975584555216e-08,1.6499597145161058,-2.149729910408675e-16,-2.1497264201615945e-16,-7.152557373046875e-07,-0.00660003300504286
4.099999150395463e-08,1.6499859815251385,-2.1515793946342776e-16,-2.1515793954982857e-16,-7.227063179016113e-07,-0.0066000329928783685
4.0999993762595824e-08,1.6499897082831076,-2.1518441481949077e-16,-2.1518406803115712e-16,-7.152557373046875e-07,-0.006600033018912654
4.0999998279878204e-08,1.649997161799035,-2.15237020114809e-16,-2.152370156146854e-16,-7.450580596923828e-07,-0.006600032973437919
4.0999999482557965e-08,1.6499991462206411,-2.1525123948537988e-16,-2.1525089534949293e-16,-7.152557373046875e-07,-0.006600033060749411
4.100000034343984e-08,1.6500005666757371,5.703794533204526e-07,5.511722114980811e-07,-8.344650268554688e-07,-0.0066000329607049935
4.1000001319322455e-08,1.6500021768820488,1.849302315408518e-06,1.8292205588037303e-06,-7.152557373046875e-07,-0.006600033044378506
4.100000178835734e-08,1.6500029507896108,2.463572188154968e-06,2.444312002657752e-06,-7.152557373046875e-07,-0.006600032967980951
4.1000002534306706e-08,1.6500041816060638,3.4411927601985612e-06,3.421166582852352e-06,-7.152557373046875e-07,-0.006600033048016485
4.100000402620544e-08,1.6500066432389695,5.3956771711328505e-06,5.376386604329095e-06,-6.556510925292969e-07,-0.006600032964342972
4.10000070100029e-08,1.6500115665047814,9.305373220502612e-06,9.285361771459945e-06,-7.152557373046875e-07,-0.0066000330489259795
4.1000012977597816e-08,1.6500214130363944,1.7124032927295938e-05,1.710473520635061e-05,-7.152557373046875e-07,-0.00660003294933631
4.100002491278765e-08,1.65004110609962,3.2762009250980416e-05,3.274200152341868e-05,-7.227063179016113e-07,-0.006600033050290222
4.1000048783167323e-08,1.650080492226082,6.403703008434356e-05,6.401773085939805e-05,-7.227063179016113e-07,-0.006600032953542723
4.1000096523926665e-08,1.6501592644789957,0.0001265868905464702,0.0001265668842675221,-7.245689630508423e-07,-0.0066000330506881255
4.100019200544535e-08,1.6503168089848228,0.0002516823473792924,0.00025166304882743727,-7.255002856254578e-07,-0.00660003295831757
4.100038296848272e-08,1.650631897996488,0.0005018597413747767,0.0005018397375529105,-7.259659469127655e-07,-0.006600033060678356
4.1000764894557466e-08,1.6512620760198182,0.001002156921722869,0.0010021376275295122,-7.259659469127655e-07,-0.006600032977225112
4.100152874670696e-08,1.6525224320664786,0.0020025244285078346,0.002002504433678827,-7.258495315909386e-07,-0.006600033098493441
4.100305645100594e-08,1.6550431441597995,0.004002348838281151,0.004002329561927975,-7.259659469127655e-07,-0.006600033052844623
4.10061118596039e-08,1.6600845683464303,0.007998361533458048,0.0079983415743517,-7.259950507432222e-07,-0.006600033249708481
4.1012222676799814e-08,1.6701674167196916,0.015975860926167727,0.01597584172111702,-7.259950507432222e-07,-0.006600033355328883
4.1024444311191646e-08,1.6903331134662147,0.03187293503630663,0.031872915219391076,-7.259950507432222e-07,-0.006600033854680554
4.104888757997531e-08,1.7306645069592608,0.06343677964703531,0.06343676072464094,-7.259950507432222e-07,-0.006600034565270696
4.1097774117542646e-08,1.811327293945364,0.12565432592760506,0.12565430666921446,-7.259986887220293e-07,-0.006600036274565901
4.119020776673714e-08,1.963842815116278,0.24005307437305087,0.2400530565025114,-7.259986887220293e-07,-0.006600039228836285
4.128470454540771e-08,2.1197624999227225,0.3527451092649929,0.3527450913590636,-7.259995982167311e-07,-0.0066000424432704485
4.138470454540771e-08,2.284762499922724,0.4674850282098063,0.46748501169375944,-7.259995982167311e-07,-0.006600045647229713
4.148470454540771e-08,2.4497624999227257,0.5777579946240473,0.5777579780582043,-7.259995982167311e-07,-0.006600049043270467
4.1584704545407714e-08,2.614762499922727,0.6837379110272606,0.6837378957991282,-7.259995982167311e-07,-0.006600052247229621
4.1684704545407715e-08,2.7797624999227284,0.7855919115673171,0.7855918962392493,-7.259995982167311e-07,-0.006600055643270458
4.1784704545407716e-08,2.9447624999227298,0.8834806218259147,0.883480607787369,-7.259995982167311e-07,-0.006600058847229723
4.188470454540772e-08,3.1097624999227316,0.9775584158991633,0.9775584017143707,-7.259995982167311e-07,-0.006600062243270477
4.198470454540772e-08,3.274762499922733,1.0679736560800444,1.0679736431402644,-7.259995982167311e-07,-0.006600065447229686
4.2e-08,3.2999999999999967,1.0814875027399757,1.081487489174144,-7.259950507432222e-07,-0.0066000660480201034
4.200010118181837e-08,3.3000000000000003,1.0815766237967277,1.081576610584659,-7.259659469127655e-07,-6.6000154674839e-08
4.200030354545511e-08,3.3000000000000003,1.0817548589854182,1.0817548457744808,-7.259659469127655e-07,-6.599987045774469e-08
4.200070827272859e-08,3.3000000000000003,1.0821112864043632,1.0821112731954783,-7.259659469127655e-07,-6.6000154674839e-08
4.200151772727554e-08,3.3000000000000003,1.082823969445413,1.0828239562408426,-7.259659469127655e-07,-6.599985624688998e-08
4.200313663636945e-08,3.3000000000000003,1.0842486486150877,1.0842486354189325,-7.259659469127655e-07,-6.600014401669796e-08
4.200637445455726e-08,3.3000000000000003,1.0870952614862863,1.0870952483071539,-7.259950507432222e-07,-6.599985802324682e-08
4.2012850090932883e-08,3.3000000000000003,1.0927775229854093,1.0927775098400483,-7.259950507432222e-07,-6.600014224034112e-08
4.202580136368413e-08,3.3000000000000003,1.1040983296450015,1.1040983165671325,-7.259950507432222e-07,-6.599985802324682e-08
4.2051703909186636e-08,3.3000000000000003,1.1265661958269322,1.126566182882803,-7.259950507432222e-07,-6.600014201829651e-08
4.210350900019164e-08,3.3000000000000003,1.1708157831927382,1.1708157705122115,-7.259986887220293e-07,-6.599985791222451e-08
4.220350900019164e-08,3.3000000000000003,1.2537072987637605,1.2537072865768324,-7.259995982167311e-07,-6.600014212931882e-08
4.230350900019164e-08,3.3000000000000003,1.3333717552288018,1.3333717435163928,-7.259995982167311e-07,-6.599985791222451e-08
4.240350900019164e-08,3.3000000000000003,1.4099347855689444,1.4099347743124442,-7.259995982167311e-07,-6.600014212931882e-08
4.250350900019164e-08,3.3000000000000003,1.4835171317615752,1.4835171209433715,-7.259995982167311e-07,-6.599985791222451e-08
4.260350900019164e-08,3.3000000000000003,1.5542348351644437,1.554234824767336,-7.259995982167311e-07,-6.600014212931882e-08
4.270350900019164e-08,3.3000000000000003,1.6221994195156602,1.622199409523392,-7.259995982167311e-07,-6.599985791222451e-08
4.2803509000191644e-08,3.3000000000000003,1.6875180668100322,1.687518057206706,-7.259995982167311e-07,-6.600014212931882e-08
4.2903509000191645e-08,3.3000000000000003,1.7502937863276076,1.7502937770982179,-7.259995982167311e-07,-6.599985791222451e-08
4.3003509000191646e-08,3.3000000000000003,1.8106255770824757,1.810625568212328,-7.259995982167311e-07,-6.600014212931882e-08
4.310350900019165e-08,3.3000000000000003,1.8686085839465303,1.8686085754217756,-7.259995982167311e-07,-6.599985791222451e-08
4.320350900019165e-08,3.3000000000000003,1.9243342476958885,1.9243342395029437,-7.259995982167311e-07,-6.600014212931882e-08
4.330350900019165e-08,3.3000000000000003,1.9778904492151042,1.9778904413411882,-7.259995982167311e-07,-6.599985791222451e-08
4.340350900019165e-08,3.3000000000000003,2.0293616480880794,2.0293616405206354,-7.259995982167311e-07,-6.600014212931882e-08
4.350350900019165e-08,3.3000000000000003,2.0788290157927527,2.0788290085199863,-7.259995982167311e-07,-6.599985791222451e-08
4.360350900019165e-08,3.3000000000000003,2.126370563711093,2.126370556721395,-7.259995982167311e-07,-6.600014212931882e-08
4.370350900019165e-08,3.3000000000000003,2.1720612661547944,2.1720612594372817,-7.259995982167311e-07,-6.599985791222451e-08
4.380350900019165e-08,3.3000000000000003,2.2159731786021752,2.2159731721461142,-7.259995982167311e-07,-6.600014212931882e-08
4.3903509000191654e-08,3.3000000000000003,2.2581755513312505,2.2581755451265995,-7.259995982167311e-07,-6.599985791222451e-08
4.4003509000191655e-08,3.3000000000000003,2.2987349386296723,2.2987349326665067,-7.259995982167311e-07,-6.600014212931882e-08
4.4103509000191656e-08,3.3000000000000003,2.3377153037522773,2.337715298021333,-7.259995982167311e-07,-6.599985791222451e-08
4.420350900019166e-08,3.3000000000000003,2.3751781197932473,2.3751781142853465,-7.259995982167311e-07,-6.600014212931882e-08
4.430350900019166e-08,3.3000000000000003,2.4111824666304758,2.4111824613370723,-7.259995982167311e-07,-6.599985791222451e-08
4.440350900019166e-08,3.3000000000000003,2.4457851240965125,2.445785119009119,-7.259995982167311e-07,-6.600014212931882e-08
4.450350900019166e-08,3.3000000000000003,2.4790406615168394,2.479040656627572,-7.259995982167311e-07,-6.599985791222451e-08
4.460350900019166e-08,3.3000000000000003,2.5110015237770567,2.5110015190780652,-7.259995982167311e-07,-6.600014212931882e-08
4.470350900019166e-08,3.3000000000000003,2.5417181140293916,2.5417181095134054,-7.259995982167311e-07,-6.599985791222451e-08
4.480350900019166e-08,3.3000000000000003,2.571238873170708,2.571238868830466,-7.259995982167311e-07,-6.600014212931882e-08
4.490350900019166e-08,3.3000000000000003,2.5996103562395563,2.5996103520683533,-7.259995982167311e-07,-6.599985791222451e-08
4.5003509000191664e-08,3.3000000000000003,2.626877305835105,2.626877301826223,-7.259995982167311e-07,-6.600014212931882e-08
4.5103509000191665e-08,3.3000000000000003,2.65308272267706,2.6530827188243165,-7.259995982167311e-07,-6.599985791222451e-08
4.5203509000191666e-08,3.3000000000000003,2.6782679334193413,2.6782679297165215,-7.259995982167311e-07,-6.600014212931882e-08
4.5303509000191667e-08,3.3000000000000003,2.702472655822967,2.7024726522643703,-7.259995982167311e-07,-6.599985791222451e-08
4.540350900019167e-08,3.3000000000000003,2.7257350613924074,2.7257350579722823,-7.259995982167311e-07,-6.600014212931882e-08
4.550350900019167e-08,3.3000000000000003,2.748091835572719,2.748091832285812,-7.259995982167311e-07,-6.599985791222451e-08
4.560350900019167e-08,3.3000000000000003,2.7695782356038556,2.769578232444843,-7.259995982167311e-07,-6.600014212931882e-08
4.570350900019167e-08,3.3000000000000003,2.7902281461219207,2.79022814308596,-7.259995982167311e-07,-6.599985791222451e-08
4.580350900019167e-08,3.3000000000000003,2.810074132596532,2.8100741296786964,-7.259995982167311e-07,-6.600014212931882e-08
4.590350900019167e-08,3.3000000000000003,2.8291474926870777,2.829147489882905,-7.259995982167311e-07,-6.599985791222451e-08
4.600350900019167e-08,3.3000000000000003,2.8474783056003483,2.847478302905277,-7.259995982167311e-07,-6.600014212931882e-08
4.6103509000191674e-08,3.3000000000000003,2.8650954795258894,2.8650954769358083,-7.259995982167311e-07,-6.599985791222451e-08
4.6203509000191675e-08,3.3000000000000003,2.8820267972280966,2.8820267947387816,-7.259995982167311e-07,-6.600014212931882e-08
4.6303509000191676e-08,3.3000000000000003,2.8982989598544786,2.8982989574621443,-7.259995982167311e-07,-6.599985791222451e-08
4.6403509000191676e-08,3.3000000000000003,2.913937629044553,2.9139376267452866,-7.259995982167311e-07,-6.600014212931882e-08
4.650350900019168e-08,3.3000000000000003,2.9289674674041226,2.9289674651944373,-7.259995982167311e-07,-6.599985791222451e-08
4.660350900019168e-08,3.3000000000000003,2.943412177396424,2.9434121752726963,-7.259995982167311e-07,-6.600014212931882e-08
4.670350900019168e-08,3.3000000000000003,2.9572945387211886,2.9572945366802084,-7.259995982167311e-07,-6.599985791222451e-08
4.680350900019168e-08,3.3000000000000003,2.9706364442392177,2.9706364422776264,-7.259995982167311e-07,-6.600014212931882e-08
4.690350900019168e-08,3.3000000000000003,2.9834589344976457,2.98345893261249,-7.259995982167311e-07,-6.599985791222451e-08
4.700350900019168e-08,3.3000000000000003,2.9957822309118285,2.995782229099995,-7.259995982167311e-07,-6.600014212931882e-08
4.710350900019168e-08,3.3000000000000003,3.0076257676546874,3.0076257659134593,-7.259995982167311e-07,-6.599985791222451e-08
4.7203509000191684e-08,3.3000000000000003,3.0190082223053043,3.019008220631796,-7.259995982167311e-07,-6.600014212931882e-08
4.7303509000191684e-08,3.3000000000000003,3.0299475453035996,3.029947543695311,-7.259995982167311e-07,-6.599985791222451e-08
4.7403509000191685e-08,3.3000000000000003,3.0404609882590306,3.040460986713286,-7.259995982167311e-07,-6.600014212931882e-08
4.7503509000191686e-08,3.3000000000000003,3.0505651311564783,3.05056512967098,-7.259995982167311e-07,-6.599985791222451e-08
4.760350900019169e-08,3.3000000000000003,3.0602759085037086,3.0602759070759737,-7.259995982167311e-07,-6.600014212931882e-08
4.770350900019169e-08,3.3000000000000003,3.069608634460147,3.0696086330880643,-7.259995982167311e-07,-6.599985791222451e-08
4.780350900019169e-08,3.3000000000000003,3.0785780269880982,3.0785780256693633,-7.259995982167311e-07,-6.600014212931882e-08
4.790350900019169e-08,3.3000000000000003,3.0871982310629997,3.087198229795673,-7.259995982167311e-07,-6.599985791222451e-08
4.800350900019169e-08,3.3000000000000003,3.0954828409808055,3.095482839762749,-7.259995982167311e-07,-6.600014212931882e-08
4.810350900019169e-08,3.3000000000000003,3.1034449217961857,3.103444920625618,-7.259995982167311e-07,-6.599985791222451e-08
4.820350900019169e-08,3.3000000000000003,3.111097029926845,3.1110970288017805,-7.259995982167311e-07,-6.600014212931882e-08
4.8303509000191693e-08,3.3000000000000003,3.1184512329549636,3.118451231873767,-7.259995982167311e-07,-6.599985791222451e-08
4.8403509000191694e-08,3.3000000000000003,3.1255191286584725,3.1255191276193,-7.259995982167311e-07,-6.600014212931882e-08
4.8503509000191695e-08,3.3000000000000003,3.132311863300692,3.132311862302044,-7.259995982167311e-07,-6.599985791222451e-08
4.8603509000191696e-08,3.3000000000000003,3.138840149208665,3.138840148248827,-7.259995982167311e-07,-6.600014212931882e-08
4.87035090001917e-08,3.3000000000000003,3.145114281666416,3.145114280744014,-7.259995982167311e-07,-6.599985791222451e-08
4.88035090001917e-08,3.3000000000000003,3.151144155151263,3.1511441542647027,-7.259995982167311e-07,-6.600014212931882e-08
4.89035090001917e-08,3.3000000000000003,3.156939278937306,3.1569392780853294,-7.259995982167311e-07,-6.599985791222451e-08
4.90035090001917e-08,3.3000000000000003,3.1625087920921837,3.1625087912733068,-7.259995982167311e-07,-6.600014212931882e-08
4.91035090001917e-08,3.3000000000000003,3.1678614778892578,3.167861477102329,-7.259995982167311e-07,-6.599985791222451e-08
4.92035090001917e-08,3.3000000000000003,3.173005777659445,3.173005776903084,-7.259995982167311e-07,-6.600014212931882e-08
4.93035090001917e-08,3.3000000000000003,3.177949804103056,3.1779498033762095,-7.259995982167311e-07,-6.599985791222451e-08
4.94035090001917e-08,3.3000000000000003,3.182701354084113,3.1827013533854944,-7.259995982167311e-07,-6.600014212931882e-08
4.9503509000191704e-08,3.3000000000000003,3.187267920925843,3.187267920254491,-7.259995982167311e-07,-6.599985791222451e-08
4.9603509000191705e-08,3.3000000000000003,3.191656706228229,3.191656705582945,-7.259995982167311e-07,-6.600014212931882e-08
4.9703509000191706e-08,3.3000000000000003,3.195874631224,3.1958746306039063,-7.259995982167311e-07,-6.599985791222451e-08
4.980350900019171e-08,3.3000000000000003,3.199928347695513,3.1999283470994917,-7.259995982167311e-07,-6.600014212931882e-08
4.990350900019171e-08,3.3000000000000003,3.2038242484643895,3.20382424789164,-7.259995982167311e-07,-6.599985791222451e-08
5.000350900019171e-08,3.3000000000000003,3.2075684774720052,3.2075684769214856,-7.259995982167311e-07,-6.600014212931882e-08
5.010350900019171e-08,3.3000000000000003,3.211166939469067,3.211166938940048,-7.259995982167311e-07,-6.599985791222451e-08
5.020350900019171e-08,3.3000000000000003,3.2146253093279338,3.214625308819442,-7.259995982167311e-07,-6.600014212931882e-08
5.030350900019171e-08,3.3000000000000003,3.217949040991673,3.2179490405030458,-7.259995982167311e-07,-6.599985791222451e-08
5.040350900019171e-08,3.3000000000000003,3.2211433760754486,3.2211433756057755,-7.259995982167311e-07,-6.600014212931882e-08
5.050350900019171e-08,3.3000000000000003,3.224213352132319,3.2242133516809997,-7.259995982167311e-07,-6.599985791222451e-08
5.0603509000191714e-08,3.3000000000000003,3.227163810597969,3.2271638101641513,-7.259995982167311e-07,-6.600014212931882e-08
5.0703509000191715e-08,3.3000000000000003,3.229999404425408,3.2299994040085473,-7.259995982167311e-07,-6.599985791222451e-08
5.0803509000191716e-08,3.3000000000000003,3.2327246054231797,3.23272460502248,-7.259995982167311e-07,-6.600014212931882e-08
5.090350900019172e-08,3.3000000000000003,3.235343711307153,3.2353437109221215,-7.259995982167311e-07,-6.599985791222451e-08
5.100350900019172e-08,3.3000000000000003,3.2378608524785077,3.237860852108397,-7.259995982167311e-07,-6.600014212931882e-08
5.110350900019172e-08,3.3000000000000003,3.240279998537117,3.2402799981814834,-7.259995982167311e-07,-6.599985791222451e-08
5.120350900019172e-08,3.3000000000000003,3.2426049645420862,3.2426049642002295,-7.259995982167311e-07,-6.600014212931882e-08
5.130350900019172e-08,3.3000000000000003,3.2448394170278343,3.244839416699355,-7.259995982167311e-07,-6.599985791222451e-08
5.140350900019172e-08,3.3000000000000003,3.246986879786689,3.2469868794709296,-7.259995982167311e-07,-6.600014212931882e-08
5.150350900019172e-08,3.3000000000000003,3.2490507394260137,3.249050739122615,-7.259995982167311e-07,-6.599985791222451e-08
5.160350900019172e-08,3.3000000000000003,3.2510342507085697,3.2510342504169145,-7.259995982167311e-07,-6.600014212931882e-08
5.1703509000191724e-08,3.3000000000000003,3.2529405416850103,3.252940541404778,-7.259995982167311e-07,-6.599985791222451e-08
5.1803509000191725e-08,3.3000000000000003,3.2547726186280523,3.2547726183586616,-7.259995982167311e-07,-6.600014212931882e-08
5.1903509000191726e-08,3.3000000000000003,3.2565333707726816,3.256533370513847,-7.259995982167311e-07,-6.599985791222451e-08
5.2003509000191727e-08,3.3000000000000003,3.2582255748729274,3.2582255746241007,-7.259995982167311e-07,-6.600014212931882e-08
5.210350900019173e-08,3.3000000000000003,3.2598518995805046,3.259851899341433,-7.259995982167311e-07,-6.599985791222451e-08
5.220350900019173e-08,3.3000000000000003,3.261414909653724,3.261414909423892,-7.259995982167311e-07,-6.600014212931882e-08
5.230350900019173e-08,3.3000000000000003,3.262917070001814,3.2629170697809977,-7.259995982167311e-07,-6.599985791222451e-08
5.240350900019173e-08,3.3000000000000003,3.2643607495725186,3.2643607493602307,-7.259995982167311e-07,-6.600014212931882e-08
5.250350900019173e-08,3.3000000000000003,3.265748225087624,3.265748224883669,-7.259995982167311e-07,-6.599985791222451e-08
5.260350900019173e-08,3.3000000000000003,3.2670816846337782,3.267081684437695,-7.259995982167311e-07,-6.600014212931882e-08
5.270350900019173e-08,3.3000000000000003,3.268363231112796,3.268363230924415,-7.259995982167311e-07,-6.599985791222451e-08
5.2803509000191734e-08,3.3000000000000003,3.2695948855583614,3.269594885377246,-7.259995982167311e-07,-6.600014212931882e-08
5.2903509000191735e-08,3.3000000000000003,3.2707785903228803,3.2707785901488844,-7.259995982167311e-07,-6.599985791222451e-08
5.3003509000191736e-08,3.3000000000000003,3.2719162121409973,3.2719162119737066,-7.259995982167311e-07,-6.600014212931882e-08
5.3103509000191736e-08,3.3000000000000003,3.273009545073112,3.273009544912403,-7.259995982167311e-07,-6.599985791222451e-08
5.320350900019174e-08,3.3000000000000003,3.274060313335035,3.274060313180514,-7.259995982167311e-07,-6.600014212931882e-08
5.330350900019174e-08,3.3000000000000003,3.275070174016749,3.2750701738683117,-7.259995982167311e-07,-6.599985791222451e-08
5.340350900019174e-08,3.3000000000000003,3.27604071969606,3.2760407195533334,-7.259995982167311e-07,-6.600014212931882e-08
5.350350900019174e-08,3.3000000000000003,3.2769734809497617,3.27697348081266,-7.259995982167311e-07,-6.599985791222451e-08
5.360350900019174e-08,3.3000000000000003,3.2778699287677666,3.277869928635934,-7.259995982167311e-07,-6.600014212931882e-08
5.370350900019174e-08,3.3000000000000003,3.2787314768725295,3.278731476745898,-7.259995982167311e-07,-6.599985791222451e-08
5.380350900019174e-08,3.3000000000000003,3.279559483948896,3.2795594838271254,-7.259995982167311e-07,-6.600014212931882e-08
5.3903509000191744e-08,3.3000000000000003,3.280355255786412,3.2803552556694506,-7.259995982167311e-07,-6.599985791222451e-08
5.4003509000191744e-08,3.3000000000000003,3.281120047338963,3.2811200472264863,-7.259995982167311e-07,-6.600014212931882e-08
5.4103509000191745e-08,3.3000000000000003,3.281855064703498,3.2818550645954687,-7.259995982167311e-07,-6.599985791222451e-08
5.4203509000191746e-08,3.3000000000000003,3.282561467022449,3.282561466918557,-7.259995982167311e-07,-6.600014212931882e-08
5.430350900019175e-08,3.3000000000000003,3.283240368311359,3.28324036821158,-7.259995982167311e-07,-6.599985791222451e-08
5.440350900019175e-08,3.3000000000000003,3.283892839216085,3.283892839120122,-7.259995982167311e-07,-6.600014212931882e-08
5.450350900019175e-08,3.3000000000000003,3.284519908700865,3.284519908608707,-7.259995982167311e-07,-6.599985791222451e-08
5.460350900019175e-08,3.3000000000000003,3.285122565671395,3.285122565582756,-7.259995982167311e-07,-6.600014212931882e-08
5.470350900019175e-08,3.3000000000000003,3.2857017605339864,3.2857017604488665,-7.259995982167311e-07,-6.599985791222451e-08
5.480350900019175e-08,3.3000000000000003,3.2862584066947544,3.28625840661288,-7.259995982167311e-07,-6.600014212931882e-08
5.490350900019175e-08,3.3000000000000003,3.286793381999714,3.2867933819210955,-7.259995982167311e-07,-6.599985791222451e-08
5.5003509000191753e-08,3.3000000000000003,3.2873075301194428,3.2873075300438166,-7.259995982167311e-07,-6.600014212931882e-08
5.5103509000191754e-08,3.3000000000000003,3.287801661879394,3.2878016618067805,-7.259995982167311e-07,-6.599985791222451e-08
5.5203509000191755e-08,3.3000000000000003,3.2882765565389622,3.288276556469107,-7.259995982167311e-07,-6.600014212931882e-08
5.5303509000191756e-08,3.3000000000000003,3.288732963019826,3.288732962952759,-7.259995982167311e-07,-6.599985791222451e-08
5.540350900019176e-08,3.3000000000000003,3.2891716010874905,3.289171601022966,-7.259995982167311e-07,-6.600014212931882e-08
5.550350900019176e-08,3.3000000000000003,3.289593162486004,3.28959316242406,-7.259995982167311e-07,-6.599985791222451e-08
5.560350900019176e-08,3.3000000000000003,3.2899983120292293,3.2899983119696286,-7.259995982167311e-07,-6.600014212931882e-08
5.570350900019176e-08,3.3000000000000003,3.290387688648903,3.2903876885916907,-7.259995982167311e-07,-6.599985791222451e-08
5.580350900019176e-08,3.3000000000000003,3.2907619064026195,3.290761906347566,-7.259995982167311e-07,-6.600014212931882e-08
5.590350900019176e-08,3.3000000000000003,3.291121555441843,3.2911215553890014,-7.259995982167311e-07,-6.599985791222451e-08
5.600350900019176e-08,3.3000000000000003,3.2914672029429664,3.2914672028921137,-7.259995982167311e-07,-6.600014212931882e-08
5.610350900019176e-08,3.3000000000000003,3.291799394001389,3.291799393952584,-7.259995982167311e-07,-6.599985791222451e-08
5.6203509000191764e-08,3.3000000000000003,3.2921186524915216,3.292118652444549,-7.259995982167311e-07,-6.600014212931882e-08
5.6303509000191765e-08,3.3000000000000003,3.292425481892579,3.292425481847503,-7.259995982167311e-07,-6.599985791222451e-08
5.6403509000191766e-08,3.3000000000000003,3.2927203660829494,3.2927203660395596,-7.259995982167311e-07,-6.600014212931882e-08
5.650350900019177e-08,3.3000000000000003,3.2930037701029127,3.2930037700612806,-7.259995982167311e-07,-6.599985791222451e-08
5.660350900019177e-08,3.3000000000000003,3.2932761408883966,3.293276140848317,-7.259995982167311e-07,-6.600014212931882e-08
5.670350900019177e-08,3.3000000000000003,3.293537907975432,3.2935379079369813,-7.259995982167311e-07,-6.599985791222451e-08
5.680350900019177e-08,3.3000000000000003,3.293789484177914,3.2937894841408917,-7.259995982167311e-07,-6.600014212931882e-08
5.690350900019177e-08,3.3000000000000003,3.2940312662382514,3.294031266202739,-7.259995982167311e-07,-6.599985791222451e-08
5.700350900019177e-08,3.3000000000000003,3.294263635453411,3.2942636354192127,-7.259995982167311e-07,-6.600014212931882e-08
5.710350900019177e-08,3.3000000000000003,3.2944869582758605,3.294486958243062,-7.259995982167311e-07,-6.599985791222451e-08
5.720350900019177e-08,3.3000000000000003,3.294701586891847,3.294701586860257,-7.259995982167311e-07,-6.600014212931882e-08
5.7303509000191774e-08,3.3000000000000003,3.2949078597764334,3.2949078597461416,-7.259995982167311e-07,-6.599985791222451e-08
5.7403509000191775e-08,3.3000000000000003,3.2951061022276504,3.2951061021984693,-7.259995982167311e-07,-6.600014212931882e-08
5.7503509000191776e-08,3.3000000000000003,3.295296626879132,3.295296626851156,-7.259995982167311e-07,-6.599985791222451e-08
5.760350900019178e-08,3.3000000000000003,3.2954797341935214,3.2954797341665656,-7.259995982167311e-07,-6.600014212931882e-08
5.770350900019178e-08,3.3000000000000003,3.2956557129359307,3.2956557129100927,-7.259995982167311e-07,-6.599985791222451e-08
5.780350900019178e-08,3.3000000000000003,3.2958248406297077,3.295824840604807,-7.259995982167311e-07,-6.600014212931882e-08
5.790350900019178e-08,3.3000000000000003,3.2959873839937233,3.2959873839698606,-7.259995982167311e-07,-6.599985791222451e-08
5.800350900019178e-08,3.3000000000000003,3.2961435993633694,3.2961435993403674,-7.259995982167311e-07,-6.600014212931882e-08
5.810350900019178e-08,3.3000000000000003,3.2962937330944317,3.296293733072394,-7.259995982167311e-07,-6.599985791222451e-08
5.820350900019178e-08,3.3000000000000003,3.296438021951973,3.2964380219307245,-7.259995982167311e-07,-6.600014212931882e-08
5.830350900019178e-08,3.3000000000000003,3.2965766934833454,3.2965766934629928,-7.259995982167311e-07,-6.599985791222451e-08
5.8403509000191784e-08,3.3000000000000003,3.2967099663774135,3.296709966357785,-7.259995982167311e-07,-6.600014212931882e-08
5.8503509000191785e-08,3.3000000000000003,3.296838050809056,3.2968380507902593,-7.259995982167311e-07,-6.599985791222451e-08
5.8603509000191786e-08,3.3000000000000003,3.2969611487709907,3.2969611487528576,-7.259995982167311e-07,-6.600014212931882e-08
5.8703509000191787e-08,3.3000000000000003,3.2970794543919535,3.297079454374595,-7.259995982167311e-07,-6.599985791222451e-08
5.880350900019179e-08,3.3000000000000003,3.2971931542432134,3.297193154226462,-7.259995982167311e-07,-6.600014212931882e-08
5.890350900019179e-08,3.3000000000000003,3.2973024276324296,3.2973024276163985,-7.259995982167311e-07,-6.599985791222451e-08
5.900350900019179e-08,3.3000000000000003,3.2974074468867975,3.2974074468713224,-7.259995982167311e-07,-6.600014212931882e-08
5.910350900019179e-08,3.3000000000000003,3.297508377624439,3.2975083776096348,-7.259995982167311e-07,-6.599985791222451e-08
5.920350900019179e-08,3.3000000000000003,3.29760537901596,3.2976053790016637,-7.259995982167311e-07,-6.600014212931882e-08
5.930350900019179e-08,3.3000000000000003,3.297698604035096,3.2976986040214245,-7.259995982167311e-07,-6.599985791222451e-08
5.940350900019179e-08,3.3000000000000003,3.297788199700326,3.2977881996871186,-7.259995982167311e-07,-6.600014212931882e-08
5.9503509000191794e-08,3.3000000000000003,3.297874307306355,3.2978743072937298,-7.259995982167311e-07,-6.599985791222451e-08
5.9603509000191795e-08,3.3000000000000003,3.2979570626473054,3.297957062635103,-7.259995982167311e-07,-6.600014212931882e-08
5.97035090001918e-08,3.3000000000000003,3.298036596230505,3.2980365962188465,-7.259995982167311e-07,-6.599985791222451e-08
5.980350900019179e-08,3.3000000000000003,3.298113033482668,3.2981130334713953,-7.259995982167311e-07,-6.600014212931882e-08
5.990350900019178e-08,3.3000000000000003,3.2981864949473225,3.298186494936557,-7.259995982167311e-07,-6.599985791222451e-08
6.000000000000001e-08,3.299999999999995,3.298254665401283,3.298254665390853,-7.259995982167311e-07,-6.600014168522961e-08
6.000042596399924e-08,3.299297159401265,3.29825496053218,3.2982549605217875,-7.259659469127655e-07,0.006599934014015929
6.00012778919977e-08,3.297891478203804,3.298255550694187,3.298255550683798,-7.259659469127655e-07,0.006599934042135658
6.000298174799463e-08,3.295080115808861,3.298256730416308,3.2982567304059263,-7.259659469127655e-07,0.0065999340984603805
6.00063894599885e-08,3.2894573910189755,3.2982590874816498,3.2982590874712816,-7.259950507432222e-07,0.006599934210814951
6.001320488397623e-08,3.2782119414392263,3.2982637920209728,3.298263792010632,-7.260096026584506e-07,0.0065999344357967615
6.002683573195169e-08,3.255721042279727,3.2982731628732798,3.2982731628629955,-7.259950507432222e-07,0.0065999348855414475
6.005409742790259e-08,3.210739243960729,3.298291753305324,3.2982917532951506,-7.259986887220293e-07,0.006599935785251088
6.010862081980442e-08,3.120775647322712,3.2983283372246355,3.2983283372146794,-7.259986887220293e-07,0.006599937584452653
6.020862081980442e-08,2.9557756473227212,3.298393416866417,3.298393416856849,-7.259995982167311e-07,0.0065999408845207885
6.030862081980441e-08,2.7907756473227305,3.298455962693329,3.2984559626841334,-7.259995982167311e-07,0.006599944184452589
6.04086208198044e-08,2.6257756473227403,3.298516073541453,3.2985160735326153,-7.259995982167311e-07,0.0065999474845206685
6.05086208198044e-08,2.4607756473227496,3.2985738442072297,3.298573844198736,-7.259995982167311e-07,0.006599950784452663
6.060862081980439e-08,2.295775647322759,3.2986293657965664,3.2986293657884036,-7.259995982167311e-07,0.0065999540845206595
6.070862081980439e-08,2.1307756473227686,3.2986827258685176,3.2986827258606723,-7.259995982167311e-07,0.006599957384452654
6.080862081980438e-08,1.9657756473227779,3.2987340085733647,3.298734008565825,-7.259995982167311e-07,0.00659996068452065
6.090862081980438e-08,1.8007756473227874,3.2987832947853266,3.2987832947780804,-7.259995982167311e-07,0.0065999639844526725
6.092784965552556e-08,1.7690480683828385,3.2987925485646654,3.2987925485574747,-7.259950507432222e-07,0.006599964619074528
6.096630732696792e-08,1.7055929105029408,3.298810845909714,3.2988108459026315,-7.259986887220293e-07,0.006599965888107295
6.097743673729308e-08,1.6872293834664316,3.298816089027929,3.298816089020878,-7.260096026584506e-07,0.006599966255452339
6.099969555794338e-08,1.650502329393435,3.2988265061033557,3.298826506096367,-7.259986887220293e-07,0.006599966989911166
6.100813575776524e-08,1.636575999687357,3.293310368188383,3.2933103878019634,-7.260096026584506e-07,0.006599967268514417
6.101773189295473e-08,1.6207423766246971,3.280786558700621,3.280786578239708,-7.260096026584506e-07,0.006599967585122712
6.102314158786281e-08,1.6118163800263756,3.273747435167655,3.2737474546647265,-7.260096026584506e-07,0.0065999677637123
6.102998988600486e-08,1.600516688091981,3.2648580486946606,3.2648580681388837,-7.260096026584506e-07,0.00659996798962581
6.104368648228898e-08,1.577917304223192,3.2471515911177966,3.247151610456474,-7.259950507432222e-07,0.006599968441694304
6.107107967485721e-08,1.5327185364856135,3.212025981749348,3.2120260008789248,-7.259986887220293e-07,0.00659996934558893
6.112586605999367e-08,1.4423210010104566,3.142908529938852,3.1429085486567,-7.260005077114329e-07,0.006599971153620543
6.122586605999366e-08,1.277321001010466,3.0205515962746174,3.0205516142638498,-7.259995982167311e-07,0.006599974453538618
6.132586605999366e-08,1.1123210010104754,2.902958154379517,2.9029581716683173,-7.259995982167311e-07,0.006599977753620576
6.142586605999365e-08,0.9473210010104851,2.789942756307145,2.789942772922964,-7.259995982167311e-07,0.006599981053538581
6.152586605999364e-08,0.7823210010104944,2.6813271737065736,2.681327189675429,-7.259995982167311e-07,0.006599984353620622
6.162586605999364e-08,0.6173210010105041,2.57694011685508,2.5769401322023415,-7.259995982167311e-07,0.006599987653538544
6.172586605999363e-08,0.4523210010105134,2.476616964530095,2.476616979279779,-7.259995982167311e-07,0.006599990953620655
6.182586605999363e-08,0.2873210010105227,2.3801995043965727,2.3801995185721267,-7.259995982167311e-07,0.006599994253538553
6.192586605999362e-08,0.122321001010532,2.287535683502339,2.2875356971259313,-7.259995982167311e-07,0.006599997553620663
6.2e-08,8.881784197001252e-15,2.22118063224972,2.2211806454782215,-7.260005077114329e-07,0.006599999999959294
6.20000016827043e-08,0.0,2.2211791482788525,2.2211791615072993,-7.152557373046875e-07,2.1113119451981134e-11
6.200000504811289e-08,0.0,2.221176180339071,2.221176193567499,-7.152557373046875e-07,-2.1113119451981134e-11
6.200001177893007e-08,0.0,2.22117024447142,2.221170257699814,-7.152557373046875e-07,2.1113119451981134e-11
6.200002524056444e-08,0.0,2.221158372783689,2.221158386012011,-7.227063179016113e-07,-2.1113119451981134e-11
6.200005216383316e-08,0.0,2.221134629598572,2.2211346428267538,-7.227063179016113e-07,2.1113119451981134e-11
6.200010601037061e-08,0.0,2.22108714398989,2.2210871572177884,-7.245689630508423e-07,-2.1113119451981134e-11
6.20002137034455e-08,0.0,2.220992175817668,2.220992189045001,-7.255002856254578e-07,2.1113119451981134e-11
6.200042908959529e-08,0.0,2.2208022516541543,2.220802264880356,-7.259659469127655e-07,-2.1113119451981134e-11
6.200085986189487e-08,0.0,2.22042245204957,2.22042246527351,-7.259659469127655e-07,2.1113119451981134e-11
6.200172140649404e-08,0.0,2.219663047678891,2.219663060898308,-7.259659469127655e-07,-2.1113119451981134e-11
6.200344449569239e-08,0.0,2.218145017968892,2.2181450311792688,-7.259659469127655e-07,2.1113119451981134e-11
6.200689067408906e-08,0.0,2.2151120720360047,2.2151120852283177,-7.259950507432222e-07,-2.1113119451981134e-11
6.201378303088241e-08,0.0,2.2090586128009,2.2090586259571614,-7.260096026584506e-07,2.1113119451981134e-11
6.202756774446911e-08,0.0,2.19700125539863,2.197001268483082,-7.259950507432222e-07,-2.1113119451981134e-11
6.205513717164251e-08,0.0,2.173083435685767,2.173083448627775,-7.259950507432222e-07,2.1113119451981134e-11
6.21102760259893e-08,0.0,2.126024716314078,2.126024728975822,-7.259986887220293e-07,-2.1113119451981134e-11
6.22102760259893e-08,0.0,2.0432562031073633,2.043256215276173,-7.259995982167311e-07,2.1113119451981134e-11
6.231027602598929e-08,0.0,1.9637099606616757,1.9637099723567393,-7.259995982167311e-07,-2.1113119451981134e-11
6.241027602598928e-08,0.0,1.887260542137337,1.887260553377099,-7.259995982167311e-07,2.1113119451981134e-11
6.251027602598928e-08,0.0,1.813787384725785,1.8137873955279702,-7.259995982167311e-07,-2.1113119451981134e-11
6.261027602598927e-08,0.0,1.743174619263036,1.7431746296446806,-7.259995982167311e-07,2.1113119451981134e-11
6.271027602598927e-08,0.0,1.6753108875008667,1.6753108974783417,-7.259995982167311e-07,-2.1113119451981134e-11
6.281027602598926e-08,0.0,1.6100891664918335,1.6100891760808749,-7.259995982167311e-07,2.1113119451981134e-11
6.291027602598925e-08,0.0,1.5474065998111808,1.5474066090269094,-7.259995982167311e-07,-2.1113119451981134e-11
6.301027602598925e-08,0.0,1.4871643353494637,1.4871643442064144,-7.259995982167311e-07,2.1113119451981134e-11
6.311027602598924e-08,0.0,1.4292673694200904,1.4292673779322294,-7.259995982167311e-07,-2.1113119451981134e-11
6.321027602598924e-08,0.0,1.3736243969359259,1.3736244051166784,-7.259995982167311e-07,2.1113119451981134e-11
6.331027602598923e-08,0.0,1.320147667418695,1.320147675280961,-7.259995982167311e-07,-2.1113119451981134e-11
6.341027602598923e-08,0.0,1.2687528466140918,1.2687528541702717,-7.259995982167311e-07,2.1113119451981134e-11
6.351027602598922e-08,0.0,1.2193588834943734,1.2193588907563824,-7.259995982167311e-07,-2.1113119451981134e-11
6.361027602598921e-08,0.0,1.171887882438687,1.1718878894179783,-7.259995982167311e-07,2.1113119451981134e-11
6.371027602598921e-08,0.0,1.1262649803895632,1.1262649870971426,-7.259995982167311e-07,-2.1113119451981134e-11
6.38102760259892e-08,0.0,1.0824182287918398,1.082418235238286,-7.259995982167311e-07,2.1113119451981134e-11
6.39102760259892e-08,0.0,1.0402784801278377,1.040278486323316,-7.259995982167311e-07,-2.1113119451981134e-11
6.401027602598919e-08,0.0,0.9997792788698481,0.9997792848241301,-7.259995982167311e-07,2.1113119451981134e-11
6.411027602598919e-08,0.0,0.9608567566779618,0.9608567624004365,-7.259995982167311e-07,-2.1113119451981134e-11
6.421027602598918e-08,0.0,0.923449531677962,0.9234495371776548,-7.259995982167311e-07,2.1113119451981134e-11
6.431027602598917e-08,0.0,0.8874986116604431,0.8874986169460263,-7.259995982167311e-07,-2.1113119451981134e-11
6.441027602598917e-08,0.0,0.8529473010484943,0.8529473061283043,-7.259995982167311e-07,2.1113119451981134e-11
6.451027602598916e-08,0.0,0.8197411114856875,0.8197411163677344,-7.259995982167311e-07,-2.1113119451981134e-11
6.461027602598916e-08,0.0,0.7878276759096791,0.7878276806016629,-7.259995982167311e-07,2.1113119451981134e-11
6.471027602598915e-08,0.0,0.7571566659678057,0.7571566704771249,-7.259995982167311e-07,-2.1113119451981134e-11
6.481027602598915e-08,0.0,0.7276797126446823,0.7276797169784491,-7.259995982167311e-07,2.1113119451981134e-11
6.491027602598914e-08,0.0,0.6993503299846306,0.6993503341496785,-7.259995982167311e-07,-2.1113119451981134e-11
6.501027602598913e-08,0.0,0.672123841782063,0.6721238457849615,-7.259995982167311e-07,2.1113119451981134e-11
6.511027602598913e-08,0.0,0.6459573111258958,0.6459573149729565,-7.259995982167311e-07,-2.1113119451981134e-11
6.521027602598912e-08,0.0,0.620809472686872,0.6208094763841628,-7.259995982167311e-07,2.1113119451981134e-11
6.531027602598912e-08,0.0,0.5966406676410194,0.59664067119437,-7.259995982167311e-07,-2.1113119451981134e-11
6.541027602598911e-08,0.0,0.5734127811266063,0.5734127845416216,-7.259995982167311e-07,2.1113119451981134e-11
6.55102760259891e-08,0.0,0.5510891821359718,0.5510891854180362,-7.259995982167311e-07,-2.1113119451981134e-11
6.56102760259891e-08,0.0,0.5296346657474298,0.5296346689017203,-7.259995982167311e-07,2.1113119451981134e-11
6.57102760259891e-08,0.0,0.5090153976061538,0.5090154006376437,-7.259995982167311e-07,-2.1113119451981134e-11
6.581027602598909e-08,0.0,0.4891988605664791,0.4891988634799503,-7.259995982167311e-07,2.1113119451981134e-11
6.591027602598908e-08,0.0,0.4701538034114833,0.47015380621152925,-7.259995982167311e-07,-2.1113119451981134e-11
6.601027602598908e-08,0.0,0.45185019156896594,0.4518501942600035,-7.259995982167311e-07,2.1113119451981134e-11
6.611027602598907e-08,0.0,0.4342591597461161,0.4342591623323881,-7.259995982167311e-07,-2.1113119451981134e-11
6.621027602598907e-08,0.0,0.4173529664085529,0.417352968894139,-7.259995982167311e-07,2.1113119451981134e-11
6.631027602598906e-08,0.0,0.4011049500303556,0.4011049524191745,-7.259995982167311e-07,-2.1113119451981134e-11
6.641027602598905e-08,0.0,0.385489487048143,0.38548948934396304,-7.259995982167311e-07,2.1113119451981134e-11
6.651027602598905e-08,0.0,0.37048195145284135,0.370481953659282,-7.259995982167311e-07,-2.1113119451981134e-11
6.661027602598904e-08,0.0,0.3560586759533695,0.3560586780739115,-7.259995982167311e-07,2.1113119451981134e-11
6.671027602598904e-08,0.0,0.3421969146526812,0.3421969166906676,-7.259995982167311e-07,-2.1113119451981134e-11
6.681027602598903e-08,0.0,0.3288748071768649,0.32887480913551076,-7.259995982167311e-07,2.1113119451981134e-11
6.691027602598903e-08,0.0,0.3160713442007439,0.316071346083137,-7.259995982167311e-07,-2.1113119451981134e-11
6.701027602598902e-08,0.0,0.30376633431559696,0.3037663361247069,-7.259995982167311e-07,2.1113119451981134e-11
6.711027602598901e-08,0.0,0.2919403721867614,0.29194037392544014,-7.259995982167311e-07,-2.1113119451981134e-11
6.721027602598901e-08,0.0,0.2805748079508906,0.2805748096218812,-7.259995982167311e-07,2.1113119451981134e-11
6.7310276025989e-08,0.0,0.2696517178046163,0.26965171941055277,-7.259995982167311e-07,-2.1113119451981134e-11
6.7410276025989e-08,0.0,0.259153875738221,0.25915387728163713,-7.259995982167311e-07,2.1113119451981134e-11
6.751027602598899e-08,0.0,0.24906472636975585,0.24906472785308453,-7.259995982167311e-07,-2.1113119451981134e-11
6.761027602598899e-08,0.0,0.23936835883675095,0.23936836026233252,-7.259995982167311e-07,2.1113119451981134e-11
6.771027602598898e-08,0.0,0.2300494817043563,0.23004948307443787,-7.259995982167311e-07,-2.1113119451981134e-11
6.781027602598897e-08,0.0,0.22109339885033086,0.22109340016707416,-7.259995982167311e-07,2.1113119451981134e-11
6.791027602598897e-08,0.0,0.21248598628886156,0.21248598755434203,-7.259995982167311e-07,-2.1113119451981134e-11
6.801027602598896e-08,0.0,0.20421366989665152,0.20421367111286598,-7.259995982167311e-07,2.1113119451981134e-11
6.811027602598896e-08,0.0,0.196263404006162,0.19626340517502733,-7.259995982167311e-07,-2.1113119451981134e-11
6.821027602598895e-08,0.0,0.18862265083223745,0.18862265195559805,-7.259995982167311e-07,2.1113119451981134e-11
6.831027602598895e-08,0.0,0.18127936069968087,0.1812793617793073,-7.259995982167311e-07,-2.1113119451981134e-11
6.841027602598894e-08,0.0,0.17422195304058613,0.174221954078182,-7.259995982167311e-07,2.1113119451981134e-11
6.851027602598893e-08,0.0,0.16743929813147054,0.16743929912867114,-7.259995982167311e-07,-2.1113119451981134e-11
6.861027602598893e-08,0.0,0.16092069954139626,0.16092070049977525,-7.259995982167311e-07,2.1113119451981134e-11
6.871027602598892e-08,0.0,0.154655877263411,0.1546558781844787,-7.259995982167311e-07,-2.1113119451981134e-11
6.881027602598892e-08,0.0,0.14863495150269507,0.1486349523879051,-7.259995982167311e-07,2.1113119451981134e-11
6.891027602598891e-08,0.0,0.14284842709585954,0.14284842794660685,-7.259995982167311e-07,-2.1113119451981134e-11
6.90102760259889e-08,0.0,0.13728717853681302,0.1372871793544403,-7.259995982167311e-07,2.1113119451981134e-11
6.91102760259889e-08,0.0,0.1319424355855937,0.13194243637138933,-7.259995982167311e-07,-2.1113119451981134e-11
6.92102760259889e-08,0.0,0.12680576943745986,0.1268057701926641,-7.259995982167311e-07,2.1113119451981134e-11
6.931027602598889e-08,0.0,0.12186907943043877,0.12186908015624155,-7.259995982167311e-07,-2.1113119451981134e-11
6.941027602598888e-08,0.0,0.11712458027036016,0.11712458096790714,-7.259995982167311e-07,2.1113119451981134e-11
6.951027602598888e-08,0.0,0.11256478975323869,0.11256479042362887,-7.259995982167311e-07,-2.1113119451981134e-11
6.961027602598887e-08,0.0,0.10818251696563222,0.1081825176099239,-7.259995982167311e-07,2.1113119451981134e-11
6.971027602598887e-08,0.0,0.10397085094435446,0.1039708515635626,-7.259995982167311e-07,-2.1113119451981134e-11
6.981027602598886e-08,0.0,0.0999231497777466,0.09992315037284881,-7.259995982167311e-07,2.1113119451981134e-11
6.991027602598885e-08,0.0,0.09603303013120307,0.09603303070313676,-7.259995982167311e-07,-2.1113119451981134e-11
7.001027602598885e-08,0.0,0.09229435718042572,0.09229435773009392,-7.259995982167311e-07,2.1113119451981134e-11
7.011027602598884e-08,0.0,0.08870123493666877,0.08870123546493726,-7.259995982167311e-07,-2.1113119451981134e-11
7.021027602598884e-08,0.0,0.0852479969486016,0.08524799745630453,-7.259995982167311e-07,2.1113119451981134e-11
7.031027602598883e-08,0.0,0.08192919736616401,0.08192919785410097,-7.259995982167311e-07,-2.1113119451981134e-11
7.041027602598883e-08,0.0,0.07873960235231,0.07873960282125156,-7.259995982167311e-07,2.1113119451981134e-11
7.051027602598882e-08,0.0,0.07567418182910751,0.07567418227979213,-7.259995982167311e-07,-2.1113119451981134e-11
7.061027602598881e-08,0.0,0.07272810154516608,0.07272810197830556,-7.259995982167311e-07,2.1113119451981134e-11
7.071027602598881e-08,0.0,0.06989671545189399,0.06989671586817034,-7.259995982167311e-07,-2.1113119451981134e-11
7.08102760259888e-08,0.0,0.06717555837655068,0.06717555877662144,-7.259995982167311e-07,2.1113119451981134e-11
7.09102760259888e-08,0.0,0.06456033898055097,0.06456033936504602,-7.259995982167311e-07,-2.1113119451981134e-11
7.101027602598879e-08,0.0,0.062046932991904766,0.062046933361431515,-7.259995982167311e-07,2.1113119451981134e-11
7.111027602598879e-08,0.0,0.05963137670113094,0.05963137705627108,-7.259995982167311e-07,-2.1113119451981134e-11
7.121027602598878e-08,0.0,0.05730986071037705,0.05730986105169172,-7.259995982167311e-07,2.1113119451981134e-11
7.131027602598877e-08,0.0,0.05507872392589838,0.05507872425392476,-7.259995982167311e-07,-2.1113119451981134e-11
7.141027602598877e-08,0.0,0.052934447784410824,0.05293444809966729,-7.259995982167311e-07,2.1113119451981134e-11
7.151027602598876e-08,0.0,0.050873650704229924,0.050873651007212584,-7.259995982167311e-07,-2.1113119451981134e-11
7.161027602598876e-08,0.0,0.04889308275240941,0.04889308304359714,-7.259995982167311e-07,2.1113119451981134e-11
7.171027602598875e-08,0.0,0.046989620519512054,0.046989620799363,-7.259995982167311e-07,-2.1113119451981134e-11
7.181027602598875e-08,0.0,0.04516026219391786,0.04516026246287442,-7.259995982167311e-07,2.1113119451981134e-11
7.191027602598874e-08,0.0,0.04340212282788192,0.04340212308636718,-7.259995982167311e-07,-2.1113119451981134e-11
7.201027602598873e-08,0.0,0.0417124297878907,0.04171243003631336,-7.259995982167311e-07,2.1113119451981134e-11
7.211027602598873e-08,0.0,0.040088518382146526,0.04008851862089729,-7.259995982167311e-07,-2.1113119451981134e-11
7.221027602598872e-08,0.0,0.03852782765827348,0.03852782788772993,-7.259995982167311e-07,2.1113119451981134e-11
7.231027602598872e-08,0.0,0.03702789636462876,0.0370278965851517,-7.259995982167311e-07,-2.1113119451981134e-11
7.241027602598871e-08,0.0,0.03558635906883921,0.03558635928077746,-7.259995982167311e-07,2.1113119451981134e-11
7.25102760259887e-08,0.0,0.03420094242745307,0.034200942631139805,-7.259995982167311e-07,-2.1113119451981134e-11
7.26102760259887e-08,0.0,0.032869461600812826,0.03286946179657033,-7.259995982167311e-07,2.1113119451981134e-11
7.27102760259887e-08,0.0,0.03158981680750653,0.03158981699564245,-7.259995982167311e-07,-2.1113119451981134e-11
7.281027602598869e-08,0.0,0.030359990012952733,0.030359990193764844,-7.259995982167311e-07,2.1113119451981134e-11
7.291027602598868e-08,0.0,0.02917804174690798,0.02917804192068035,-7.259995982167311e-07,-2.1113119451981134e-11
7.301027602598868e-08,0.0,0.028042108044866704,0.028042108211874445,-7.259995982167311e-07,2.1113119451981134e-11
7.311027602598867e-08,0.0,0.026950397508541474,0.026950397669046895,-7.259995982167311e-07,-2.1113119451981134e-11
7.321027602598867e-08,0.0,0.025901188480776396,0.025901188635033684,-7.259995982167311e-07,2.1113119451981134e-11
7.331027602598866e-08,0.0,0.024892826330449914,0.024892826478701273,-7.259995982167311e-07,-2.1113119451981134e-11
7.341027602598865e-08,0.0,0.023923720843073745,0.023923720985554033,-7.259995982167311e-07,2.1113119451981134e-11
7.351027602598865e-08,0.0,0.02299234371298428,0.02299234384991713,-7.259995982167311e-07,-2.1113119451981134e-11
7.361027602598864e-08,0.0,0.022097226133160244,0.022097226264762668,-7.259995982167311e-07,2.1113119451981134e-11
7.371027602598864e-08,0.0,0.02123695647887698,0.02123695660535545,-7.259995982167311e-07,-2.1113119451981134e-11
7.381027602598863e-08,0.0,0.020410178081533087,0.020410178203088138,-7.259995982167311e-07,2.1113119451981134e-11
7.391027602598863e-08,0.0,0.019615587089150052,0.019615587205972302,-7.259995982167311e-07,-2.1113119451981134e-11
7.401027602598862e-08,0.0,0.018851930410159437,0.018851930522434193,-7.259995982167311e-07,2.1113119451981134e-11
7.411027602598861e-08,0.0,0.018118003737246306,0.018118003845149555,-7.259995982167311e-07,-2.1113119451981134e-11
7.421027602598861e-08,0.0,0.017412649648121017,0.017412649751823994,-7.259995982167311e-07,2.1113119451981134e-11
7.43102760259886e-08,0.0,0.016734755780235734,0.016734755879900916,-7.259995982167311e-07,-2.1113119451981134e-11
7.44102760259886e-08,0.0,0.016083253076555618,0.016083253172341248,-7.259995982167311e-07,2.1113119451981134e-11
7.451027602598859e-08,0.0,0.0154571140996297,0.015457114191685764,-7.259995982167311e-07,-2.1113119451981134e-11
7.461027602598859e-08,0.0,0.014855351411291302,0.014855351499764044,-7.259995982167311e-07,2.1113119451981134e-11
7.471027602598858e-08,0.0,0.014277016015444085,0.014277016100471962,-7.259995982167311e-07,-2.1113119451981134e-11
7.481027602598857e-08,0.0,0.013721195861466574,0.013721195943184744,-7.259995982167311e-07,2.1113119451981134e-11
7.491027602598857e-08,0.0,0.013187014405886417,0.013187014484422683,-7.259995982167311e-07,-2.1113119451981134e-11
7.501027602598856e-08,0.0,0.012673629230044328,0.012673629305523614,-7.259995982167311e-07,2.1113119451981134e-11
7.511027602598856e-08,0.0,0.012180230711580607,0.012180230784120878,-7.259995982167311e-07,-2.1113119451981134e-11
7.521027602598855e-08,0.0,0.011706040747635808,0.011706040817352527,-7.259995982167311e-07,2.1113119451981134e-11
7.531027602598855e-08,0.0,0.01125031152776348,0.011250311594765526,-7.259995982167311e-07,-2.1113119451981134e-11
7.541027602598854e-08,0.0,0.01081232435461035,0.010812324419004454,-7.259995982167311e-07,2.1113119451981134e-11
7.551027602598853e-08,0.0,0.010391388510513942,0.010391388572400588,-7.259995982167311e-07,-2.1113119451981134e-11
7.561027602598853e-08,0.0,0.009986840168219206,0.009986840227697061,-7.259995982167311e-07,2.1113119451981134e-11
7.571027602598852e-08,0.0,0.009598041344007775,0.009598041401169568,-7.259995982167311e-07,-2.1113119451981134e-11
7.581027602598852e-08,0.0,0.009224378891577461,0.009224378946514405,-7.259995982167311e-07,2.1113119451981134e-11
7.591027602598851e-08,0.0,0.008865263535096752,0.008865263587894415,-7.259995982167311e-07,-2.1113119451981134e-11
7.60102760259885e-08,0.0,0.00852012893989796,0.008520128990640674,-7.259995982167311e-07,2.1113119451981134e-11
7.61102760259885e-08,0.0,0.008188430819354938,0.00818843086812166,-7.259995982167311e-07,-2.1113119451981134e-11
7.62102760259885e-08,0.0,0.007869646076525445,0.007869646123394147,-7.259995982167311e-07,2.1113119451981134e-11
7.631027602598849e-08,0.0,0.007563271979215906,0.007563272024259434,-7.259995982167311e-07,-2.1113119451981134e-11
7.641027602598848e-08,0.0,0.0072688253671562494,0.007268825410446706,-7.259995982167311e-07,2.1113119451981134e-11
7.651027602598848e-08,0.0,0.006985841890045891,0.006985841931650478,-7.259995982167311e-07,-2.1113119451981134e-11
7.661027602598847e-08,0.0,0.0067138752752578575,0.0067138753152432545,-7.259995982167311e-07,2.1113119451981134e-11
7.671027602598847e-08,0.0,0.006452496624057582,0.006452496662485779,-7.259995982167311e-07,-2.1113119451981134e-11
7.681027602598846e-08,0.0,0.006201293735215111,0.00620129377214778,-7.259995982167311e-07,2.1113119451981134e-11
7.691027602598845e-08,0.0,0.005959870454955425,0.005959870490449741,-7.259995982167311e-07,-2.1113119451981134e-11
7.701027602598845e-08,0.0,0.005727846052210321,0.005727846086323327,-7.259995982167311e-07,2.1113119451981134e-11
7.711027602598844e-08,0.0,0.005504854618198035,0.00550485465098246,-7.259995982167311e-07,-2.1113119451981134e-11
7.721027602598844e-08,0.0,0.005290544489372313,0.005290544520880927,-7.259995982167311e-07,2.1113119451981134e-11
7.731027602598843e-08,0.0,0.005084577692842298,0.005084577723123723,-7.259995982167311e-07,-2.1113119451981134e-11
7.741027602598842e-08,0.0,0.0048866294133772525,0.004886629442480311,-7.259995982167311e-07,2.1113119451981134e-11
7.751027602598842e-08,0.0,0.004696387481166979,0.0046963875091365,-7.259995982167311e-07,-2.1113119451981134e-11
7.761027602598841e-08,0.0,0.0045135518795187,0.00451355190639986,-7.259995982167311e-07,2.1113119451981134e-11
7.771027602598841e-08,0.0,0.004337834271725431,0.004337834297559553,-7.259995982167311e-07,-2.1113119451981134e-11
7.78102760259884e-08,0.0,0.004168957546348325,0.00416895757117722,-7.259995982167311e-07,2.1113119451981134e-11
7.79102760259884e-08,0.0,0.004006655380207259,0.004006655404069015,-7.259995982167311e-07,-2.1113119451981134e-11
7.801027602598839e-08,0.0,0.003850671818379095,0.0038506718413124086,-7.259995982167311e-07,2.1113119451981134e-11
7.811027602598838e-08,0.0,0.0037007608705526642,0.0037007608925926348,-7.259995982167311e-07,-2.1113119451981134e-11
7.821027602598838e-08,0.0,0.0035566861230925282,0.0035566861442749816,-7.259995982167311e-07,2.1113119451981134e-11
7.831027602598837e-08,0.0,0.0034182203662110975,0.003418220386568371,-7.259995982167311e-07,-2.1113119451981134e-11
7.841027602598837e-08,0.0,0.0032851452356497807,0.0032851452552150463,-7.259995982167311e-07,2.1113119451981134e-11
7.851027602598836e-08,0.0,0.003157250868315473,0.0031572508871185174,-7.259995982167311e-07,-2.1113119451981134e-11
7.861027602598836e-08,0.0,0.003034335571317909,0.003034335589389454,-7.259995982167311e-07,2.1113119451981134e-11
7.871027602598835e-08,0.0,0.002916205503897348,0.002916205521264824,-7.259995982167311e-07,-2.1113119451981134e-11
7.881027602598834e-08,0.0,0.0028026743717295835,0.0028026743884214476,-7.259995982167311e-07,2.1113119451981134e-11
7.891027602598834e-08,0.0,0.0026935631331375847,0.0026935631491790926,-7.259995982167311e-07,-2.1113119451981134e-11
7.901027602598833e-08,0.0,0.0025886997167350666,0.002588699732152584,-7.259995982167311e-07,2.1113119451981134e-11
7.911027602598833e-08,0.0,0.002487918750068085,0.0024879187648848577,-7.259995982167311e-07,-2.1113119451981134e-11
7.921027602598832e-08,0.0,0.002391061298815342,0.0023910613130558047,-7.259995982167311e-07,2.1113119451981134e-11
7.931027602598832e-08,0.0,0.002297974616147294,0.0022979746298328364,-7.259995982167311e-07,-2.1113119451981134e-11
7.941027602598831e-08,0.0,0.0022085119018374045,0.0022085119149906763,-7.259995982167311e-07,2.1113119451981134e-11
7.95102760259883e-08,0.0,0.002122532070757051,0.0021225320833977283,-7.259995982167311e-07,-2.1113119451981134e-11
7.96102760259883e-08,0.0,0.002039899530377599,0.002039899542526684,-7.259995982167311e-07,2.1113119451981134e-11
7.971027602598829e-08,0.0,0.00196048396694015,0.0019604839786157343,-7.259995982167311e-07,-2.1113119451981134e-11
7.981027602598829e-08,0.0,0.00188416013994436,0.0018841601511659241,-7.259995982167311e-07,2.1113119451981134e-11
7.991027602598828e-08,0.0,0.0018108076846436142,0.0018108076954277868,-7.259995982167311e-07,-2.1113119451981134e-11
8e-08,0.0,0.0017474284113566981,0.0017474284217639435,-7.259995982167311e-07,2.1113119451981134e-11
8.00000019945097e-08,3.2909410025407784e-06,0.0017474270275699786,0.0017474270379769499,-7.152557373046875e-07,-0.00659999999638977
8.00000059835291e-08,9.872823007622335e-06,0.0017474242599985546,0.0017474242704055068,-7.152557373046875e-07,-0.006599999996521409
8.000001396156789e-08,2.303658701778545e-05,0.0017474187248688365,0.0017474187352757584,-7.152557373046875e-07,-0.006599999996784688
8.000002991764549e-08,4.936411505994924e-05,0.0017474076546619213,0.0017474076650687744,-7.227063179016113e-07,-0.006600000008260068
8.000006182980068e-08,0.00010201917112243927,0.0017473855144584897,0.0017473855248652137,-7.227063179016113e-07,-0.006599999992889922
8.000012565411107e-08,0.0002073292832692569,0.0017473412348932727,0.0017473412452997303,-7.245689630508423e-07,-0.00660000001415658
8.000025330273184e-08,0.0004179495075410546,0.00174725267912875,0.0017472526895346825,-7.255002856254578e-07,-0.0065999999978399275
8.00005085999734e-08,0.0008391899561064874,0.0017470755810634383,0.0017470755914683138,-7.259659469127655e-07,-0.006600000027478098
8.00010191944565e-08,0.0016816708532155155,0.0017467214387816142,0.0017467214491843832,-7.259659469127655e-07,-0.006600000022772199
8.00020403834227e-08,0.0033666326474554096,0.001746013369555508,0.0017460133799540574,-7.259659469127655e-07,-0.00660000007819803
8.000408276135511e-08,0.006736556235935198,0.0017445980920138967,0.0017445981024040197,-7.259659469127655e-07,-0.006600000123869902
8.000816751721994e-08,0.013476403412894774,0.0017417709771151422,0.0017417709874884258,-7.259950507432222e-07,-0.00660000028039345
8.001633702894959e-08,0.026956097766813927,0.0017361304801842576,0.0017361304905239511,-7.260096026584506e-07,-0.006600000528260732
8.003267605240888e-08,0.05391548647465223,0.0017249041958060799,0.0017249042060789117,-7.259950507432222e-07,-0.006600001089175106
8.006535409932746e-08,0.107834263890307,0.0017026687016908387,0.0017026687118312474,-7.259950507432222e-07,-0.006600002145818705
8.013071019316462e-08,0.21567181872161656,0.0016590521100146517,0.0016590521198952951,-7.259986887220293e-07,-0.006600004324301759
8.023071019316461e-08,0.3806718187216071,0.0015944633613160964,0.0015944633708120778,-7.259995982167311e-07,-0.006600007602570242
8.03307101931646e-08,0.5456718187215976,0.001532389124652043,0.0015323891337783327,-7.259995982167311e-07,-0.0066000109243017566
8.04307101931646e-08,0.7106718187215882,0.0014727315072411596,0.0014727315160121552,-7.259995982167311e-07,-0.00660001420257024
8.05307101931646e-08,0.8756718187215787,0.0014153964274011125,0.0014153964358306409,-7.259995982167311e-07,-0.0066000175243017545
8.063071019316459e-08,1.0406718187215693,0.0013602934661543723,0.0013602934742557324,-7.259995982167311e-07,-0.006600020802570258
8.073071019316458e-08,1.2056718187215598,0.0013073357246350392,0.0013073357324210019,-7.259995982167311e-07,-0.006600024124301732
8.083071019316458e-08,1.3706718187215505,0.0012564396870469576,0.0012564396945298063,-7.259995982167311e-07,-0.006600027402570319
8.093071019316457e-08,1.535671818721541,0.0012075250889570528,0.0012075250961485833,-7.259995982167311e-07,-0.006600030724301695
8.09345042530025e-08,1.5419320174541196,0.0012057074511614822,0.0012057074583421902,-7.26024154573679e-07,-0.00660003082779026
8.094209237267834e-08,1.5544524149192542,0.001202080377448018,0.001202080384607122,-7.260096026584506e-07,-0.006600031099889714
8.095726861203003e-08,1.5794932098495462,0.0011948589143214161,0.0011948589214375146,-7.260023267008364e-07,-0.006600031579026444
8.09876210907334e-08,1.6295747997101078,0.00118054574648,0.0011805457535108527,-7.259986887220293e-07,-0.006600032602331385
8.09891445059021e-08,1.632088434738471,0.0011798319017399868,0.0011798319087665905,-7.25907739251852e-07,-0.006600032630982966
8.09921913362395e-08,1.6371157047951754,0.0011784055068004597,0.0011784055138185658,-7.259659469127655e-07,-0.0066000327530924
8.09982849969143e-08,1.6471702449085845,0.001175557887271634,0.0011755578942727837,-7.259950507432222e-07,-0.006600032932618127
8.099859084228556e-08,1.6476748897711664,0.0011754151446892512,0.001175415151689548,-7.259659469127655e-07,-0.006600032964023228
8.09992025330281e-08,1.6486841794963523,0.0011751297115162238,0.0011751297185148232,-7.261987775564194e-07,-0.006600032963184788
8.099923662897118e-08,1.6487404378024375,0.0011751138033702891,0.0011751138103687914,-7.264316082000732e-07,-0.006600032984522386
8.099930482085734e-08,1.6488529544146082,0.0011750819877246568,0.0011750819947229719,-7.245689630508423e-07,-0.006600032966588287
8.099944120462968e-08,1.6490779876389716,0.001175018359017869,0.0011750183660158026,-7.264316082000732e-07,-0.006600032992608362
8.099971397217435e-08,1.6495280540876767,0.0011748911119398022,0.0011748911189369807,-7.259659469127655e-07,-0.006600032979484638
8.099973401946044e-08,1.649561132109715,0.0011748817603495479,0.0011748817673466678,-7.264316082000732e-07,-0.0066000329999269525
8.099977411403262e-08,1.6496272881538137,0.001174863057392307,0.0011748630643893185,-7.245689630508423e-07,-0.006600032985772941
8.099985430317696e-08,1.649759600241989,0.0011748256523711064,0.001174825659367892,-7.255002856254578e-07,-0.006600033001802785
8.099986423747037e-08,1.6497759918261006,0.0011748210185043885,0.0011748210255011495,-7.227063179016113e-07,-0.006600032988899329
8.099988410605717e-08,1.6498087749943238,0.0011748117508258136,0.0011748117578225168,-7.264316082000732e-07,-0.00660003300288281
8.099992384323077e-08,1.6498743413307697,0.0011747932156881066,0.001174793222684702,-7.245689630508423e-07,-0.006600032990718319
8.09999306898713e-08,1.649885638287641,0.0011747900221481362,0.0011747900291447099,-7.152557373046875e-07,-0.006600033010954576
8.099994438315234e-08,1.6499082322013616,0.0011747836350942309,0.0011747836420907694,-7.227063179016113e-07,-0.006600032978553827
8.099997176971444e-08,1.6499534200288253,0.0011747708610906663,0.001174770868087126,-7.227063179016113e-07,-0.0066000330191968715
8.09999774158236e-08,1.6499627361089284,0.0011747682275747898,0.0011747682345712362,-7.301568984985352e-07,-0.006600032966161962
8.099998870804191e-08,1.6499813682691566,0.0011747629605607264,0.001174762967557139,-7.227063179016113e-07,-0.006600033035510933
8.099999230137943e-08,1.6499872972760505,0.0011747612845301439,0.001174761291526549,-7.450580596923828e-07,-0.0066000329529742885
8.099999948805445e-08,1.6499991552898376,0.0011747579324761707,0.0011747579394725534,-7.301568984985352e-07,-0.006600033034601438
8.100000234783606e-08,1.6500038739294904,0.0011766365907022326,0.0011766170807348043,-6.854534149169922e-07,-0.006600032970709435
8.100000555590839e-08,1.6500091672488362,0.0011808384961144575,0.0011808187148778435,-7.450580596923828e-07,-0.006600033053473453
8.100000742276891e-08,1.6500122475686994,0.0011832835499008601,0.0011832640354240086,-5.960464477539062e-07,-0.006600032913411269
8.100000977931003e-08,1.6500161358615517,0.001186370142199037,0.0011863503660738245,-6.556510925292969e-07,-0.006600033086215262
8.100001449239228e-08,1.650023912447256,0.0011925430575707812,0.0011925235398319973,-7.450580596923828e-07,-0.006600032912501774
8.100002391855677e-08,1.6500394656186645,0.001204889111462736,0.0012048693370887962,-7.301568984985352e-07,-0.006600033088488999
8.100004277088575e-08,1.6500705719614819,0.0012295808241938554,0.0012295613058595104,-7.227063179016113e-07,-0.006600032913524956
8.100008047554371e-08,1.6501327846471165,0.0012789639509536155,0.0012789441774278254,-7.264316082000732e-07,-0.006600033090364832
8.100015588485963e-08,1.6502572100183857,0.0013777277312592678,0.0013777082136040009,-7.245689630508423e-07,-0.006600032917191356
8.100030670349147e-08,1.6505060607609239,0.001575246676267235,0.0015752269046075303,-7.255002856254578e-07,-0.006600033097825531
8.100060834075515e-08,1.6510037622460003,0.001970248830368862,0.0019702293161916557,-7.259659469127655e-07,-0.0066000329320914375
8.100121161528253e-08,1.6519991652161754,0.0027601114919336726,0.0027600917273559182,-7.259659469127655e-07,-0.006600033127977412
8.100241816433729e-08,1.6539899711565251,0.00433926912282063,0.004339249622739667,-7.259659469127655e-07,-0.0066000329918178835
8.10048312624468e-08,1.6579715830372252,0.007495316249590397,0.007495296513219953,-7.259659469127655e-07,-0.006600033247423198
8.100965745866583e-08,1.6659348067986248,0.01379834754409158,0.013798328100341897,-7.259950507432222e-07,-0.006600033230714786
8.101930985110388e-08,1.6818612543214024,0.02636824623545133,0.026368226611482023,-7.260096026584506e-07,-0.006600033725198795
8.103861463597999e-08,1.7137141493669792,0.051364077081516746,0.05136405786149259,-7.259950507432222e-07,-0.006600034186310499
8.10772242057322e-08,1.7774199394581331,0.10078534927683272,0.10078533009606204,-7.259986887220293e-07,-0.006600035636372403
8.115444334523662e-08,1.9048315196404189,0.19738939338141262,0.1973893750310561,-7.259986887220293e-07,-0.0066000380086557175
8.124723253963763e-08,2.0579336904020877,0.30962522640681955,0.309625208469815,-7.259986887220293e-07,-0.006600041246648175
8.134723253963762e-08,2.2229336904020784,0.4260438506451167,0.4260438336565337,-7.259995982167311e-07,-0.006600044370698749
8.144723253963762e-08,2.3879336904020687,0.5379301681659325,0.5379301515886201,-7.259995982167311e-07,-0.0066000478466481105
8.154723253963761e-08,2.5529336904020594,0.6454606264131887,0.6454606107313633,-7.259995982167311e-07,-0.006600050970698795
8.164723253963761e-08,2.71793369040205,0.748804804179159,0.7488047888577309,-7.259995982167311e-07,-0.006600054446648157
8.17472325396376e-08,2.8829336904020404,0.8481256776976649,0.8481256632228307,-7.259995982167311e-07,-0.006600057570698703
8.18472325396376e-08,3.047933690402031,0.9435798790229784,0.9435798648615521,-7.259995982167311e-07,-0.0066000610466482035
8.194723253963759e-08,3.212933690402022,1.0353179416818667,1.035317928321874,-7.259995982167311e-07,-0.006600064170698694
8.2e-08,3.3000000000000003,1.082272923958468,1.0822729106230418,-7.259986887220293e-07,-0.0066000660879739215
8.200025106984146e-08,3.3000000000000003,1.082493975354675,1.0824939621480993,-7.259659469127655e-07,-6.600000546086449e-08
8.200075320952436e-08,3.3000000000000003,1.082936034165605,1.082936020961672,-7.259659469127655e-07,-6.600000546086449e-08
8.200175748889016e-08,3.3000000000000003,1.0838198874440934,1.0838198742454144,-7.259659469127655e-07,-6.600000190815081e-08
8.200376604762176e-08,3.3000000000000003,1.0855865371407551,1.0855865239526077,-7.259659469127655e-07,-6.600000013179397e-08
8.200778316508496e-08,3.3000000000000003,1.0891156132923783,1.0891156001252382,-7.259950507432222e-07,-6.600000101997239e-08
8.201581740001134e-08,3.3000000000000003,1.096156906345623,1.0961568932204284,-7.260096026584506e-07,-6.600000013179397e-08
8.203188586986412e-08,3.3000000000000003,1.1101723234554934,1.1101723104137586,-7.259950507432222e-07,-6.600000013179397e-08
8.206402280956969e-08,3.3000000000000003,1.1379366105492803,1.1379365976729086,-7.259950507432222e-07,-6.600000002077167e-08
8.21282966889808e-08,3.3000000000000003,1.1924157874865249,1.192415774934599,-7.259986887220293e-07,-6.600000002077167e-08
8.22282966889808e-08,3.3000000000000003,1.2744663907794591,1.2744663787162038,-7.259995982167311e-07,-6.600000002077167e-08
8.232829668898079e-08,3.3000000000000003,1.353322672643651,1.3533226610500215,-7.259995982167311e-07,-6.600000002077167e-08
8.242829668898079e-08,3.3000000000000003,1.429108991521307,1.4291089803790407,-7.259995982167311e-07,-6.600000002077167e-08
8.252829668898078e-08,3.3000000000000003,1.5019448644948588,1.501944853786363,-7.259995982167311e-07,-6.600000002077167e-08
8.262829668898077e-08,3.3000000000000003,1.5719451557134159,1.571945145421824,-7.259995982167311e-07,-6.600000002077167e-08
8.272829668898077e-08,3.3000000000000003,1.639220257536704,1.6392202476457653,-7.259995982167311e-07,-6.600000002077167e-08
8.282829668898076e-08,3.3000000000000003,1.7038762646267576,1.703876255120894,-7.259995982167311e-07,-6.600000002077167e-08
8.292829668898076e-08,3.3000000000000003,1.7660151412621372,1.7660151321263375,-7.259995982167311e-07,-6.600000002077167e-08
8.302829668898075e-08,3.3000000000000003,1.825734882138312,1.825734873358189,-7.259995982167311e-07,-6.600000002077167e-08
8.312829668898075e-08,3.3000000000000003,1.8831296669080073,1.8831296584696944,-7.259995982167311e-07,-6.600000002077167e-08
8.322829668898074e-08,3.3000000000000003,1.938290008705021,1.938290000595231,-7.259995982167311e-07,-6.600000002077167e-08
8.332829668898073e-08,3.3000000000000003,1.9913028968859456,1.991302889091869,-7.259995982167311e-07,-6.600000002077167e-08
8.342829668898073e-08,3.3000000000000003,2.042251934214693,2.042251926724058,-7.259995982167311e-07,-6.600000002077167e-08
8.352829668898072e-08,3.3000000000000003,2.091217468706376,2.09121746150735,-7.259995982167311e-07,-6.600000002077167e-08
8.362829668898072e-08,3.3000000000000003,2.138276720338255,2.138276713419505,-7.259995982167311e-07,-6.600000002077167e-08
8.372829668898071e-08,3.3000000000000003,2.1835039028277943,2.1835038961783892,-7.259995982167311e-07,-6.600000002077167e-08
8.38282966889807e-08,3.3000000000000003,2.226970340669653,2.2269703342791267,-7.259995982167311e-07,-6.600000002077167e-08
8.39282966889807e-08,3.3000000000000003,2.268744581616405,2.2687445754746594,-7.259995982167311e-07,-6.600000002077167e-08
8.40282966889807e-08,3.3000000000000003,2.308892504780152,2.308892498877521,-7.259995982167311e-07,-6.600000002077167e-08
8.412829668898069e-08,3.3000000000000003,2.3474774245257253,2.34747741885288,-7.259995982167311e-07,-6.600000002077167e-08
8.422829668898068e-08,3.3000000000000003,2.384560190319104,2.384560184867119,-7.259995982167311e-07,-6.600000002077167e-08
8.432829668898068e-08,3.3000000000000003,2.4201992826887304,2.420199277448987,-7.259995982167311e-07,-6.600000002077167e-08
8.442829668898067e-08,3.3000000000000003,2.454450905450835,2.4544509004150914,-7.259995982167311e-07,-6.600000002077167e-08
8.452829668898067e-08,3.3000000000000003,2.4873690743397354,2.487369069500029,-7.259995982167311e-07,-6.600000002077167e-08
8.462829668898066e-08,3.3000000000000003,2.519005702201592,2.5190056975503103,-7.259995982167311e-07,-6.600000002077167e-08
8.472829668898065e-08,3.3000000000000003,2.5494106808623043,2.5494106763920925,-7.259995982167311e-07,-6.600000002077167e-08
8.482829668898065e-08,3.3000000000000003,2.5786319597986904,2.5786319555025186,-7.259995982167311e-07,-6.600000002077167e-08
8.492829668898064e-08,3.3000000000000003,2.606715621760994,2.606715617632067,-7.259995982167311e-07,-6.600000002077167e-08
8.502829668898064e-08,3.3000000000000003,2.6337059554465774,2.633705951478404,-7.259995982167311e-07,-6.600000002077167e-08
8.512829668898063e-08,3.3000000000000003,2.6596455253444526,2.659645521530755,-7.259995982167311e-07,-6.600000002077167e-08
8.522829668898062e-08,3.3000000000000003,2.6845752388605852,2.6845752351953687,-7.259995982167311e-07,-6.600000002077167e-08
8.532829668898062e-08,3.3000000000000003,2.708534410830035,2.7085344073074995,-7.259995982167311e-07,-6.600000002077167e-08
8.542829668898061e-08,3.3000000000000003,2.7315608255174686,2.7315608221320793,-7.259995982167311e-07,-6.600000002077167e-08
8.552829668898061e-08,3.3000000000000003,2.7536907962040194,2.753690792950417,-7.259995982167311e-07,-6.600000002077167e-08
8.56282966889806e-08,3.3000000000000003,2.7749592224542665,2.7749592193273407,-7.259995982167311e-07,-6.600000002077167e-08
8.57282966889806e-08,3.3000000000000003,2.795399645153851,2.7953996421486496,-7.259995982167311e-07,-6.600000002077167e-08
8.582829668898059e-08,3.3000000000000003,2.8150442994043052,2.81504429651611,-7.259995982167311e-07,-6.600000002077167e-08
8.592829668898058e-08,3.3000000000000003,2.8339241653587406,2.833924162582976,-7.259995982167311e-07,-6.600000002077167e-08
8.602829668898058e-08,3.3000000000000003,2.8520690170783363,2.852069014410645,-7.259995982167311e-07,-6.600000002077167e-08
8.612829668898057e-08,3.3000000000000003,2.8695074694868925,2.869507466923048,-7.259995982167311e-07,-6.600000002077167e-08
8.622829668898057e-08,3.3000000000000003,2.8862670235000185,2.886267021035997,-7.259995982167311e-07,-6.600000002077167e-08
8.632829668898056e-08,3.3000000000000003,2.902374109389327,2.9023741070212226,-7.259995982167311e-07,-6.600000002077167e-08
8.642829668898056e-08,3.3000000000000003,2.9178541284637287,2.917854126187827,-7.259995982167311e-07,-6.600000002077167e-08
8.652829668898055e-08,3.3000000000000003,2.9327314931335926,2.9327314909462845,-7.259995982167311e-07,-6.600000002077167e-08
8.662829668898054e-08,3.3000000000000003,2.9470296654069035,2.9470296633047597,-7.259995982167311e-07,-6.600000002077167e-08
8.672829668898054e-08,3.3000000000000003,2.9607711938895376,2.9607711918692226,-7.259995982167311e-07,-6.600000002077167e-08
8.682829668898053e-08,3.3000000000000003,2.9739777493449724,2.9739777474033207,-7.259995982167311e-07,-6.600000002077167e-08
8.692829668898053e-08,3.3000000000000003,2.9866701588697264,2.986670157003655,-7.259995982167311e-07,-6.600000002077167e-08
8.702829668898052e-08,3.3000000000000003,2.9988684387381976,2.9988684369447847,-7.259995982167311e-07,-6.600000002077167e-08
8.712829668898052e-08,3.3000000000000003,3.0105918259689295,3.010591824245326,-7.259995982167311e-07,-6.600000002077167e-08
8.722829668898051e-08,3.3000000000000003,3.0218588086618547,3.0218588070053634,-7.259995982167311e-07,-6.600000002077167e-08
8.73282966889805e-08,3.3000000000000003,3.0326871551545875,3.032687153562575,-7.259995982167311e-07,-6.600000002077167e-08
8.74282966889805e-08,3.3000000000000003,3.043093942043517,3.043093940513493,-7.259995982167311e-07,-6.600000002077167e-08
8.75282966889805e-08,3.3000000000000003,3.053095581114119,3.0530955796436507,-7.259995982167311e-07,-6.600000002077167e-08
8.762829668898049e-08,3.3000000000000003,3.062707845222733,3.062707843809522,-7.259995982167311e-07,-6.600000002077167e-08
8.772829668898048e-08,3.3000000000000003,3.0719458931708403,3.071945891812637,-7.259995982167311e-07,-6.600000002077167e-08
8.782829668898048e-08,3.3000000000000003,3.080824293610849,3.080824292305532,-7.259995982167311e-07,-6.600000002077167e-08
8.792829668898047e-08,3.3000000000000003,3.089357048021311,3.0893570467668012,-7.259995982167311e-07,-6.600000002077167e-08
8.802829668898046e-08,3.3000000000000003,3.097557612787578,3.097557611581918,-7.259995982167311e-07,-6.600000002077167e-08
8.812829668898046e-08,3.3000000000000003,3.105438920422941,3.1054389192642082,-7.259995982167311e-07,-6.600000002077167e-08
8.822829668898045e-08,3.3000000000000003,3.1130133999634992,3.113013398849888,-7.259995982167311e-07,-6.600000002077167e-08
8.832829668898045e-08,3.3000000000000003,3.120292996569147,3.1202929954988794,-7.259995982167311e-07,-6.600000002077167e-08
8.842829668898044e-08,3.3000000000000003,3.1272891903613536,3.127289189332763,-7.259995982167311e-07,-6.600000002077167e-08
8.852829668898044e-08,3.3000000000000003,3.134013014527686,3.1340130135391293,-7.259995982167311e-07,-6.600000002077167e-08
8.862829668898043e-08,3.3000000000000003,3.14047507272139,3.1404750717713292,-7.259995982167311e-07,-6.600000002077167e-08
8.872829668898042e-08,3.3000000000000003,3.146685555783692,3.146685554870608,-7.259995982167311e-07,-6.600000002077167e-08
8.882829668898042e-08,3.3000000000000003,3.1526542578149783,3.152654256937452,-7.259995982167311e-07,-6.600000002077167e-08
8.892829668898041e-08,3.3000000000000003,3.158390591620414,3.15839059077704,-7.259995982167311e-07,-6.600000002077167e-08
8.902829668898041e-08,3.3000000000000003,3.1639036035541332,3.1639036027436034,-7.259995982167311e-07,-6.600000002077167e-08
8.91282966889804e-08,3.3000000000000003,3.1692019877856463,3.169201987006661,-7.259995982167311e-07,-6.600000002077167e-08
8.92282966889804e-08,3.3000000000000003,3.1742941000107208,3.174294099262072,-7.259995982167311e-07,-6.600000002077167e-08
8.932829668898039e-08,3.3000000000000003,3.1791879706285964,3.1791879699090835,-7.259995982167311e-07,-6.600000002077167e-08
8.942829668898038e-08,3.3000000000000003,3.1838913174060908,3.183891316714599,-7.259995982167311e-07,-6.600000002077167e-08
8.952829668898038e-08,3.3000000000000003,3.188411557648778,3.1884115569841973,-7.259995982167311e-07,-6.600000002077167e-08
8.962829668898037e-08,3.3000000000000003,3.19275581989823,3.1927558192595322,-7.259995982167311e-07,-6.600000002077167e-08
8.972829668898037e-08,3.3000000000000003,3.196930955173219,3.196930954559376,-7.259995982167311e-07,-6.600000002077167e-08
8.982829668898036e-08,3.3000000000000003,3.200943547775441,3.200943547185506,-7.259995982167311e-07,-6.600000002077167e-08
8.992829668898036e-08,3.3000000000000003,3.2047999256731674,3.2047999251061894,-7.259995982167311e-07,-6.600000002077167e-08
9.002829668898035e-08,3.3000000000000003,3.208506170479028,3.208506169934133,-7.259995982167311e-07,-6.600000002077167e-08
9.012829668898034e-08,3.3000000000000003,3.2120681270417184,3.2120681265180266,-7.259995982167311e-07,-6.600000002077167e-08
9.022829668898034e-08,3.3000000000000003,3.2154914126634297,3.2154914121601355,-7.259995982167311e-07,-6.600000002077167e-08
9.032829668898033e-08,3.3000000000000003,3.21878142595854,3.21878142547483,-7.259995982167311e-07,-6.600000002077167e-08
9.042829668898033e-08,3.3000000000000003,3.221943355367325,3.2219433549024563,-7.259995982167311e-07,-6.600000002077167e-08
9.052829668898032e-08,3.3000000000000003,3.2249821873383215,3.2249821868915407,-7.259995982167311e-07,-6.600000002077167e-08
9.062829668898032e-08,3.3000000000000003,3.227902714192037,3.2279027137626595,-7.259995982167311e-07,-6.600000002077167e-08
9.072829668898031e-08,3.3000000000000003,3.230709541678623,3.2307095412659517,-7.259995982167311e-07,-6.600000002077167e-08
9.08282966889803e-08,3.3000000000000003,3.2334070962412174,3.2334070958446217,-7.259995982167311e-07,-6.600000002077167e-08
9.09282966889803e-08,3.3000000000000003,3.2359996319966156,3.2359996316154502,-7.259995982167311e-07,-6.600000002077167e-08
9.102829668898029e-08,3.3000000000000003,3.2384912374440766,3.2384912370777603,-7.259995982167311e-07,-6.600000002077167e-08
9.112829668898029e-08,3.3000000000000003,3.240885841913051,3.240885841560986,-7.259995982167311e-07,-6.600000002077167e-08
9.122829668898028e-08,3.3000000000000003,3.243187221759784,3.2431872214214352,-7.259995982167311e-07,-6.600000002077167e-08
9.132829668898028e-08,3.3000000000000003,3.24539900632279,3.2453990059976037,-7.259995982167311e-07,-6.600000002077167e-08
9.142829668898027e-08,3.3000000000000003,3.2475246836467435,3.247524683334227,-7.259995982167311e-07,-6.600000002077167e-08
9.152829668898026e-08,3.3000000000000003,3.2495676059824925,3.2495676056821323,-7.259995982167311e-07,-6.600000002077167e-08
9.162829668898026e-08,3.3000000000000003,3.2515309950736135,3.251530994784957,-7.259995982167311e-07,-6.600000002077167e-08
9.172829668898025e-08,3.3000000000000003,3.253417947238022,3.253417946960593,-7.259995982167311e-07,-6.600000002077167e-08
9.182829668898025e-08,3.3000000000000003,3.255231438250497,3.2552314379838787,-7.259995982167311e-07,-6.600000002077167e-08
9.192829668898024e-08,3.3000000000000003,3.256974328035615,3.2569743277793664,-7.259995982167311e-07,-6.600000002077167e-08
9.202829668898024e-08,3.3000000000000003,3.258649365177872,3.2586493649316095,-7.259995982167311e-07,-6.600000002077167e-08
9.212829668898023e-08,3.3000000000000003,3.2602591912563303,3.260259191019645,-7.259995982167311e-07,-6.600000002077167e-08
9.222829668898022e-08,3.3000000000000003,3.261806345010408,3.261806344782947,-7.259995982167311e-07,-6.600000002077167e-08
9.232829668898022e-08,3.3000000000000003,3.2632932663435943,3.2632932661249785,-7.259995982167311e-07,-6.600000002077167e-08
9.242829668898021e-08,3.3000000000000003,3.2647223001711865,3.264722299961092,-7.259995982167311e-07,-6.600000002077167e-08
9.252829668898021e-08,3.3000000000000003,3.2660957001183415,3.266095699916416,-7.259995982167311e-07,-6.600000002077167e-08
9.26282966889802e-08,3.3000000000000003,3.26741563207405,3.267415631879996,-7.259995982167311e-07,-6.600000002077167e-08
9.27282966889802e-08,3.3000000000000003,3.268684177606856,3.2686841774203463,-7.259995982167311e-07,-6.600000002077167e-08
9.282829668898019e-08,3.3000000000000003,3.2699033372474897,3.2699033370682513,-7.259995982167311e-07,-6.600000002077167e-08
9.292829668898018e-08,3.3000000000000003,3.2710750336438195,3.271075033471549,-7.259995982167311e-07,-6.600000002077167e-08
9.302829668898018e-08,3.3000000000000003,3.2722011145928582,3.2722011144273044,-7.259995982167311e-07,-6.600000002077167e-08
9.312829668898017e-08,3.3000000000000003,3.2732833559548498,3.2732833557957313,-7.259995982167311e-07,-6.600000002077167e-08
9.322829668898017e-08,3.3000000000000003,3.2743234644537904,3.2743234643008763,-7.259995982167311e-07,-6.600000002077167e-08
9.332829668898016e-08,3.3000000000000003,3.2753230803690343,3.2753230802220634,-7.259995982167311e-07,-6.600000002077167e-08
9.342829668898016e-08,3.3000000000000003,3.2762837801220055,3.2762837799807665,-7.259995982167311e-07,-6.600000002077167e-08
9.352829668898015e-08,3.3000000000000003,3.277207078762311,3.2772070786265606,-7.259995982167311e-07,-6.600000002077167e-08
9.362829668898014e-08,3.3000000000000003,3.2780944323569603,3.2780944322265047,-7.259995982167311e-07,-6.600000002077167e-08
9.372829668898014e-08,3.3000000000000003,3.2789472402866755,3.2789472401612887,-7.259995982167311e-07,-6.600000002077167e-08
9.382829668898013e-08,3.3000000000000003,3.279766847452703,3.279766847332208,-7.259995982167311e-07,-6.600000002077167e-08
9.392829668898013e-08,3.3000000000000003,3.2805545463978083,3.280554546281994,-7.259995982167311e-07,-6.600000002077167e-08
9.402829668898012e-08,3.3000000000000003,3.2813115793445995,3.281311579233304,-7.259995982167311e-07,-6.600000002077167e-08
9.412829668898012e-08,3.3000000000000003,3.282039140154602,3.282039140047629,-7.259995982167311e-07,-6.600000002077167e-08
9.422829668898011e-08,3.3000000000000003,3.2827383762109514,3.2827383761081532,-7.259995982167311e-07,-6.600000002077167e-08
9.43282966889801e-08,3.3000000000000003,3.283410390227906,3.2834103901291,-7.259995982167311e-07,-6.600000002077167e-08
9.44282966889801e-08,3.3000000000000003,3.284056241989802,3.2840562418948522,-7.259995982167311e-07,-6.600000002077167e-08
9.452829668898009e-08,3.3000000000000003,3.2846769500224156,3.2846769499311526,-7.259995982167311e-07,-6.600000002077167e-08
9.462829668898009e-08,3.3000000000000003,3.2852734931991527,3.2852734931114527,-7.259995982167311e-07,-6.600000002077167e-08
9.472829668898008e-08,3.3000000000000003,3.285846812284812,3.2858468122005164,-7.259995982167311e-07,-6.600000002077167e-08
9.482829668898008e-08,3.3000000000000003,3.286397811419144,3.28639781133814,-7.259995982167311e-07,-6.600000002077167e-08
9.492829668898007e-08,3.3000000000000003,3.2869273595426596,3.286927359464799,-7.259995982167311e-07,-6.600000002077167e-08
9.502829668898006e-08,3.3000000000000003,3.2874362917671176,3.2874362916922983,-7.259995982167311e-07,-6.600000002077167e-08
9.512829668898006e-08,3.3000000000000003,3.2879254106925657,3.287925410620649,-7.259995982167311e-07,-6.600000002077167e-08
9.522829668898005e-08,3.3000000000000003,3.2883954876728163,3.2883954876037094,-7.259995982167311e-07,-6.600000002077167e-08
9.532829668898005e-08,3.3000000000000003,3.2888472640320447,3.2888472639656183,-7.259995982167311e-07,-6.600000002077167e-08
9.542829668898004e-08,3.3000000000000003,3.289281452233819,3.289281452169989,-7.259995982167311e-07,-6.600000002077167e-08
9.552829668898004e-08,3.3000000000000003,3.2896987370047355,3.2896987369433806,-7.259995982167311e-07,-6.600000002077167e-08
9.562829668898003e-08,3.3000000000000003,3.2900997764141935,3.290099776355237,-7.259995982167311e-07,-6.600000002077167e-08
9.572829668898002e-08,3.3000000000000003,3.2904852029122433,3.2904852028555722,-7.259995982167311e-07,-6.600000002077167e-08
9.582829668898002e-08,3.3000000000000003,3.290855624326923,3.290855624272468,-7.259995982167311e-07,-6.600000002077167e-08
9.592829668898001e-08,3.3000000000000003,3.2912116248228744,3.291211624770529,-7.259995982167311e-07,-6.600000002077167e-08
9.602829668898001e-08,3.3000000000000003,3.291553765822531,3.291553765772234,-7.259995982167311e-07,-6.600000002077167e-08
9.612829668898e-08,3.3000000000000003,3.291882586891551,3.291882586843202,-7.259995982167311e-07,-6.600000002077167e-08
9.622829668898e-08,3.3000000000000003,3.2921986065896744,3.2921986065432174,-7.259995982167311e-07,-6.600000002077167e-08
9.632829668897999e-08,3.3000000000000003,3.2925023232885584,3.2925023232439004,-7.259995982167311e-07,-6.600000002077167e-08
9.642829668897998e-08,3.3000000000000003,3.2927942159576693,3.2927942159147596,-7.259995982167311e-07,-6.600000002077167e-08
9.652829668897998e-08,3.3000000000000003,3.293074744919685,3.2930747448784357,-7.259995982167311e-07,-6.600000002077167e-08
9.662829668897997e-08,3.3000000000000003,3.2933443525763817,3.293344352536748,-7.259995982167311e-07,-6.600000002077167e-08
9.672829668897997e-08,3.3000000000000003,3.293603464106366,3.293603464068265,-7.259995982167311e-07,-6.600000002077167e-08
9.682829668897996e-08,3.3000000000000003,3.293852488135542,3.2938524880989353,-7.259995982167311e-07,-6.600000002077167e-08
9.692829668897996e-08,3.3000000000000003,3.29409181738158,3.2940918173463882,-7.259995982167311e-07,-6.600000002077167e-08
9.702829668897995e-08,3.3000000000000003,3.2943218292731835,3.2943218292393714,-7.259995982167311e-07,-6.600000002077167e-08
9.712829668897994e-08,3.3000000000000003,3.294542886545364,3.2945428865128585,-7.259995982167311e-07,-6.600000002077167e-08
9.722829668897994e-08,3.3000000000000003,3.294755337811427,3.294755337780197,-7.259995982167311e-07,-6.600000002077167e-08
9.732829668897993e-08,3.3000000000000003,3.294959518112802,3.294959518082778,-7.259995982167311e-07,-6.600000002077167e-08
9.742829668897993e-08,3.3000000000000003,3.295155749447354,3.2951557494185084,-7.259995982167311e-07,-6.600000002077167e-08
9.752829668897992e-08,3.3000000000000003,3.2953443412772376,3.2953443412495056,-7.259995982167311e-07,-6.600000002077167e-08
9.762829668897992e-08,3.3000000000000003,3.295525591016875,3.2955255909902323,-7.259995982167311e-07,-6.600000002077167e-08
9.772829668897991e-08,3.3000000000000003,3.295699784502041,3.295699784476426,-7.259995982167311e-07,-6.600000002077167e-08
9.78282966889799e-08,3.3000000000000003,3.295867196440578,3.2958671964159696,-7.259995982167311e-07,-6.600000002077167e-08
9.79282966889799e-08,3.3000000000000003,3.2960280908456707,3.2960280908220105,-7.259995982167311e-07,-6.600000002077167e-08
9.802829668897989e-08,3.3000000000000003,3.296182721452151,3.2961827214294215,-7.259995982167311e-07,-6.600000002077167e-08
9.812829668897989e-08,3.3000000000000003,3.2963313321166967,3.2963313320948426,-7.259995982167311e-07,-6.600000002077167e-08
9.822829668897988e-08,3.3000000000000003,3.2964741572023475,3.296474157181354,-7.259995982167311e-07,-6.600000002077167e-08
9.832829668897988e-08,3.3000000000000003,3.296611421948154,3.296611421927968,-7.259995982167311e-07,-6.600000002077167e-08
9.842829668897987e-08,3.3000000000000003,3.2967433428243345,3.296743342804944,-7.259995982167311e-07,-6.600000002077167e-08
9.852829668897986e-08,3.3000000000000003,3.2968701278737047,3.296870127855059,-7.259995982167311e-07,-6.600000002077167e-08
9.862829668897986e-08,3.3000000000000003,3.296991977039717,3.2969919770218072,-7.259995982167311e-07,-6.600000002077167e-08
9.872829668897985e-08,3.3000000000000003,3.2971090824818274,3.297109082464605,-7.259995982167311e-07,-6.600000002077167e-08
9.882829668897985e-08,3.3000000000000003,3.2972216288784844,3.2972216288619425,-7.259995982167311e-07,-6.600000002077167e-08
9.892829668897984e-08,3.3000000000000003,3.2973297937184234,3.2973297937025157,-7.259995982167311e-07,-6.600000002077167e-08
9.902829668897984e-08,3.3000000000000003,3.297433747580521,3.2974337475652424,-7.259995982167311e-07,-6.600000002077167e-08
9.912829668897983e-08,3.3000000000000003,3.2975336544028533,3.2975336543881597,-7.259995982167311e-07,-6.600000002077167e-08
9.922829668897982e-08,3.3000000000000003,3.297629671741178,3.297629671727066,-7.259995982167311e-07,-6.600000002077167e-08
9.932829668897982e-08,3.3000000000000003,3.297721951017458,3.2977219510038855,-7.259995982167311e-07,-6.600000002077167e-08
9.942829668897981e-08,3.3000000000000003,3.2978106377586043,3.2978106377455703,-7.259995982167311e-07,-6.600000002077167e-08
9.952829668897981e-08,3.3000000000000003,3.297895871826028,3.297895871813491,-7.259995982167311e-07,-6.600000002077167e-08
9.96282966889798e-08,3.3000000000000003,3.297977787636155,3.2979777876241165,-7.259995982167311e-07,-6.600000002077167e-08
9.97282966889798e-08,3.3000000000000003,3.2980565143724556,3.298056514360876,-7.259995982167311e-07,-6.600000002077167e-08
9.982829668897979e-08,3.3000000000000003,3.2981321761891156,3.2981321761779965,-7.259995982167311e-07,-6.600000002077167e-08
9.992829668897978e-08,3.3000000000000003,3.298204892406888,3.298204892396192,-7.259995982167311e-07,-6.600000002077167e-08
1.0000000000000001e-07,3.299999999999995,3.2982552800124756,3.29825528000209,-7.259986887220293e-07,-6.5999999410149e-08
1.0000032681324409e-07,3.2994607581472635,3.2982555063739865,3.298255506363597,-7.260823622345924e-07,0.006599934010758091
1.0000098043973225e-07,3.2983822744418,3.298255959038268,3.2982559590278813,-7.260823622345924e-07,0.0065999340323372735
1.0000228769270857e-07,3.296225307030874,3.2982568640120205,3.298256864001639,-7.26024154573679e-07,0.006599934075460112
1.0000490219866122e-07,3.291911372209,3.298258672546956,3.2982586725365857,-7.259950507432222e-07,0.006599934161819476
1.0001013121056652e-07,3.283283502565251,3.2982622840293865,3.2982622840190374,-7.260096026584506e-07,0.0065999343342992844
1.0002058923437711e-07,3.2660277632777763,3.2982694845430944,3.298269484532788,-7.260096026584506e-07,0.006599934679474728
1.0004150528199829e-07,3.231516284702826,3.2982837961506846,3.2982837961404634,-7.259986887220293e-07,0.006599935369644205
1.0008333737724066e-07,3.1624933275529257,3.2983120656580907,3.2983120656480382,-7.259986887220293e-07,0.006599936750163127
1.0016700156772538e-07,3.0244474132531245,3.2983672188531195,3.298367218843395,-7.259995982167311e-07,0.006599939511021891
1.0026700156772538e-07,2.8594474132531342,3.2984307844834433,3.2984307844740974,-7.259995982167311e-07,0.006599942811080756
1.0036700156772537e-07,2.6944474132531435,3.2984918755473553,3.2984918755383736,-7.259995982167311e-07,0.006599946111021937
1.0046700156772537e-07,2.529447413253153,3.298550588268026,3.2985505882593937,-7.259995982167311e-07,0.006599949411080719
1.0056700156772536e-07,2.3644474132531625,3.2986070152370095,3.2986070152287135,-7.259995982167311e-07,0.006599952711021956
1.0066700156772536e-07,2.199447413253172,3.298661245441168,3.2986612454331947,-7.259995982167311e-07,0.006599956011080765
1.0076700156772535e-07,2.034447413253181,3.298713364403005,3.2987133643953426,-7.259995982167311e-07,0.006599959311021919
1.0086700156772534e-07,1.8694474132531906,3.298763454315539,3.2987634543081747,-7.259995982167311e-07,0.006599962611080784
1.0096700156772534e-07,1.7044474132532001,3.298811594171922,3.298811594164844,-7.259995982167311e-07,0.006599965911021938
1.009862304856553e-07,1.6727196986687598,3.298820632699298,3.298820632692274,-7.259950507432222e-07,0.006599966545640323
1.009982311636875e-07,1.6529185799156416,3.298826238686498,3.2988262386795073,-7.260096026584506e-07,0.006599966941596813
1.0100532335405948e-07,1.6412164658018595,3.294189860568214,3.2941898801870235,-7.260096026584506e-07,0.006599967175703103
1.010132244049562e-07,1.6281797318222688,3.2838720675346647,3.283872087092136,-7.260096026584506e-07,0.006599967436367926
1.0101771558304535e-07,1.6207692879751892,3.2780215611700294,3.2780215806925472,-7.259950507432222e-07,0.00659996758465331
1.0102396633885144e-07,1.61045554089513,3.2698962547967394,3.2698962742709767,-7.260096026584506e-07,0.006599967790850592
1.0103646785046363e-07,1.5898280467350119,3.253705988369933,3.2537060077476374,-7.259950507432222e-07,0.006599968203478301
1.0106147087368802e-07,1.5485730584147754,3.2215653506661948,3.2215653698525926,-7.259986887220293e-07,0.006599969028500796
1.0111147692013679e-07,1.466063081774303,3.1582318652035046,3.158231884012603,-7.260005077114329e-07,0.0065999706787774615
1.0121147692013679e-07,1.3010630817743123,3.035278376818855,3.035278394895803,-7.259995982167311e-07,0.006599973978698492
1.0131147692013678e-07,1.136063081774322,2.9171116049351697,2.917111622308253,-7.259995982167311e-07,0.0065999772787774386
1.0141147692013677e-07,0.9710630817743313,2.803545197249983,2.8035452139468218,-7.259995982167311e-07,0.006599980578698511
1.0151147692013677e-07,0.8060630817743406,2.694400056455274,2.6944000725019777,-7.259995982167311e-07,0.0065999838787774295
1.0161147692013676e-07,0.6410630817743503,2.5895040577006445,2.5895040731227406,-7.259995982167311e-07,0.006599987178698502
1.0171147692013676e-07,0.47606308177435963,2.4886917771483517,2.4886917919699396,-7.259995982167311e-07,0.006599990478777476
1.0181147692013675e-07,0.3110630817743689,2.3918042310948313,2.391804245339507,-7.259995982167311e-07,0.006599993778698507
1.0191147692013675e-07,0.14606308177437866,2.298688625249674,2.29868863893968,-7.259995982167311e-07,0.006599997078777434
1.0200000000000001e-07,0.0,2.21929149129981,2.2192915045170696,-7.259995982167311e-07,0.006599999999959772
1.0200000197049147e-07,0.0,2.2192897550086577,2.2192897682258517,-7.450580596923828e-07,0.0
1.0200000591147437e-07,0.0,2.2192862824290334,2.219286295646206,-7.450580596923828e-07,0.0
1.0200001379344019e-07,0.0,2.219279337286113,2.219279350503245,-7.301568984985352e-07,0.0
1.020000295573718e-07,0.0,2.219265447065503,2.2192654602825512,-7.227063179016113e-07,0.0
1.0200006108523506e-07,0.0,2.2192376668850167,2.2192376801019003,-7.264316082000732e-07,0.0
1.0200012414096154e-07,0.0,2.2191821075674745,2.2191821207840268,-7.245689630508423e-07,0.0
1.0200025025241452e-07,0.0,2.2190709931053716,2.2190710063212626,-7.255002856254578e-07,0.0
1.0200050247532046e-07,0.0,2.21884878087012,2.2188487940846873,-7.259659469127655e-07,0.0
1.0200100692113237e-07,0.0,2.218404423153492,2.2184044363654136,-7.259659469127655e-07,0.0
1.0200201581275616e-07,0.0,2.217515974669231,2.217515987875861,-7.259659469127655e-07,0.0
1.0200403359600375e-07,0.0,2.2157401449288936,2.215740158124948,-7.259659469127655e-07,0.0
1.0200806916249895e-07,0.0,2.2121927500822696,2.2121927632571965,-7.259950507432222e-07,0.0
1.0201614029548935e-07,0.0,2.2051149848815332,2.205114998014308,-7.260096026584506e-07,0.0
1.0203228256147012e-07,0.0,2.191027280493087,2.1910272935419606,-7.259950507432222e-07,0.0
1.0206456709343169e-07,0.0,2.1631210161742214,2.1631210290568967,-7.259986887220293e-07,0.0
1.0212913615735482e-07,0.0,2.1083680337327575,2.108368046289346,-7.259986887220293e-07,0.0
1.0222913615735482e-07,0.0,2.026286915027881,2.0262869270956276,-7.259995982167311e-07,0.0
1.0232913615735481e-07,0.0,1.9474013058897781,1.9474013174877136,-7.259995982167311e-07,0.0
1.0242913615735481e-07,0.0,1.8715868014816794,1.8715868126280952,-7.259995982167311e-07,0.0
1.025291361573548e-07,0.0,1.7987238402718233,1.798723850984296,-7.259995982167311e-07,0.0
1.026291361573548e-07,0.0,1.7286975153922006,1.7286975256876256,-7.259995982167311e-07,0.0
1.0272913615735479e-07,0.0,1.6613973934273099,1.6613974033219219,-7.259995982167311e-07,0.0
1.0282913615735478e-07,0.0,1.5967173402576593,1.5967173497670633,-7.259995982167311e-07,0.0
1.0292913615735478e-07,0.0,1.5345553536833818,1.5345553628225737,-7.259995982167311e-07,0.0
1.0302913615735477e-07,0.0,1.4748134025639934,1.474813411347387,-7.259995982167311e-07,0.0
1.0312913615735477e-07,0.0,1.4173972722206267,1.4173972806620723,-7.259995982167311e-07,0.0
1.0322913615735476e-07,0.0,1.3622164158569205,1.3622164239697319,-7.259995982167311e-07,0.0
1.0332913615735476e-07,0.0,1.3091838117642673,1.3091838195612373,-7.259995982167311e-07,0.0
1.0342913615735475e-07,0.0,1.2582158260862137,1.2582158335796394,-7.259995982167311e-07,0.0
1.0352913615735474e-07,0.0,1.2092320809256,1.2092320881272978,-7.259995982167311e-07,0.0
1.0362913615735474e-07,0.0,1.1621553275864316,1.1621553345077598,-7.259995982167311e-07,0.0
1.0372913615735473e-07,0.0,1.1169113247505913,1.116911331402464,-7.259995982167311e-07,0.0
1.0382913615735473e-07,0.0,1.0734287213972629,1.0734287277901713,-7.259995982167311e-07,0.0
1.0392913615735472e-07,0.0,1.0316389442804366,1.0316389504244614,-7.259995982167311e-07,0.0
1.0402913615735472e-07,0.0,0.9914760897870332,0.9914760956918647,-7.259995982167311e-07,0.0
1.0412913615735471e-07,0.0,0.9528768200051234,0.9528768256800727,-7.259995982167311e-07,0.0
1.042291361573547e-07,0.0,0.9157802628383169,0.9157802682923347,-7.259995982167311e-07,0.0
1.043291361573547e-07,0.0,0.8801279160088163,0.8801279212505027,-7.259995982167311e-07,0.0
1.0442913615735469e-07,0.0,0.8458635547977341,0.8458635598353562,-7.259995982167311e-07,0.0
1.0452913615735469e-07,0.0,0.8129331433756501,0.8129331482171515,-7.259995982167311e-07,0.0
1.0462913615735468e-07,0.0,0.7812847495898351,0.7812847542428519,-7.259995982167311e-07,0.0
1.0472913615735468e-07,0.0,0.750868463065711,0.7508684675375801,-7.259995982167311e-07,0.0
1.0482913615735467e-07,0.0,0.7216363164936375,0.7216363207914123,-7.259995982167311e-07,0.0
1.0492913615735466e-07,0.0,0.6935422099848295,0.6935422141152866,-7.259995982167311e-07,0.0
1.0502913615735466e-07,0.0,0.6665418383705779,0.6665418423402323,-7.259995982167311e-07,0.0
1.0512913615735465e-07,0.0,0.6405926213317975,0.6405926251469083,-7.259995982167311e-07,0.0
1.0522913615735465e-07,0.0,0.6156536362487057,0.6156536399152905,-7.259995982167311e-07,0.0
1.0532913615735464e-07,0.0,0.5916855536647434,0.5916855571885834,-7.259995982167311e-07,0.0
1.0542913615735464e-07,0.0,0.5686505752629505,0.5686505786496041,-7.259995982167311e-07,0.0
1.0552913615735463e-07,0.0,0.5465123742569971,0.5465123775118038,-7.259995982167311e-07,0.0
1.0562913615735462e-07,0.0,0.5252360381028517,0.5252360412309457,-7.259995982167311e-07,0.0
1.0572913615735462e-07,0.0,0.5047880134407562,0.5047880164470696,-7.259995982167311e-07,0.0
1.0582913615735461e-07,0.0,0.4851360531806614,0.4851360560699361,-7.259995982167311e-07,0.0
1.059291361573546e-07,0.0,0.46624916564769403,0.46624916842448555,-7.259995982167311e-07,0.0
1.060291361573546e-07,0.0,0.4480975657074424,0.44809756837613085,-7.259995982167311e-07,0.0
1.061291361573546e-07,0.0,0.4306526277939924,0.43065263035878526,-7.259995982167311e-07,0.0
1.0622913615735459e-07,0.0,0.4138868407670212,0.41388684323196445,-7.259995982167311e-07,0.0
1.0632913615735458e-07,0.0,0.3977737645251721,0.3977737668941517,-7.259995982167311e-07,0.0
1.0642913615735458e-07,0.0,0.38228798830932603,0.38228799058607926,-7.259995982167311e-07,0.0
1.0652913615735457e-07,0.0,0.3674050906299609,0.367405092818077,-7.259995982167311e-07,0.0
1.0662913615735457e-07,0.0,0.3531016007533727,0.35310160285630354,-7.259995982167311e-07,0.0
1.0672913615735456e-07,0.0,0.3393549616876945,0.3393549637087554,-7.259995982167311e-07,0.0
1.0682913615735455e-07,0.0,0.3261434946099052,0.3261434965522845,-7.259995982167311e-07,0.0
1.0692913615735455e-07,0.0,0.31344636467773945,0.3134463665444992,-7.259995982167311e-07,0.0
1.0702913615735454e-07,0.0,0.30124354817257304,0.3012435499666583,-7.259995982167311e-07,0.0
1.0712913615735454e-07,0.0,0.2895158009214782,0.28951580264571714,-7.259995982167311e-07,0.0
1.0722913615735453e-07,0.0,0.278244627948637,0.27824462960574997,-7.259995982167311e-07,0.0
1.0732913615735453e-07,0.0,0.26741225430826565,0.2674122559008648,-7.259995982167311e-07,0.0
1.0742913615735452e-07,0.0,0.2570015970530392,0.2570015985836372,-7.259995982167311e-07,0.0
1.0752913615735451e-07,0.0,0.24699623829382303,0.24699623976483265,-7.259995982167311e-07,0.0
1.0762913615735451e-07,0.0,0.23738039930821314,0.23738040072195526,-7.259995982167311e-07,0.0
1.077291361573545e-07,0.0,0.22813891565706496,0.22813891701576794,-7.259995982167311e-07,0.0
1.078291361573545e-07,0.0,0.2192572132697584,0.2192572145755661,-7.259995982167311e-07,0.0
1.0792913615735449e-07,0.0,0.210721285460496,0.21072128671546664,-7.259995982167311e-07,0.0
1.0802913615735449e-07,0.0,0.2025176708393759,0.20251767204548968,-7.259995982167311e-07,0.0
1.0812913615735448e-07,0.0,0.1946334320834175,0.19463343324257537,-7.259995982167311e-07,0.0
1.0822913615735447e-07,0.0,0.18705613553404898,0.1870561366480801,-7.259995982167311e-07,0.0
1.0832913615735447e-07,0.0,0.1797738315888932,0.17977383265955327,-7.259995982167311e-07,0.0
1.0842913615735446e-07,0.0,0.17277503585691723,0.17277503688589585,-7.259995982167311e-07,0.0
1.0852913615735446e-07,0.0,0.16604871104723873,0.16604871203615754,-7.259995982167311e-07,0.0
1.0862913615735445e-07,0.0,0.15958424956301598,0.1595842505134356,-7.259995982167311e-07,0.0
1.0872913615735445e-07,0.0,0.15337145677298245,0.15337145768640065,-7.259995982167311e-07,0.0
1.0882913615735444e-07,0.0,0.1474005349342335,0.14740053581209187,-7.259995982167311e-07,0.0
1.0892913615735443e-07,0.0,0.14166206774092271,0.1416620685846045,-7.259995982167311e-07,0.0
1.0902913615735443e-07,0.0,0.13614700547448916,0.13614700628532603,-7.259995982167311e-07,0.0
1.0912913615735442e-07,0.0,0.13084665073200846,0.130846651511278,-7.259995982167311e-07,0.0
1.0922913615735442e-07,0.0,0.12575264471014913,0.12575264545908138,-7.259995982167311e-07,0.0
1.0932913615735441e-07,0.0,0.12085695402311582,0.12085695474289077,-7.259995982167311e-07,0.0
1.094291361573544e-07,0.0,0.11615185803377896,0.11615185872553281,-7.259995982167311e-07,0.0
1.095291361573544e-07,0.0,0.11162993667802325,0.1116299373428458,-7.259995982167311e-07,0.0
1.096291361573544e-07,0.0,0.10728405876310215,0.10728405940204298,-7.259995982167311e-07,0.0
1.0972913615735439e-07,0.0,0.10310737072153195,0.10310737133559754,-7.259995982167311e-07,0.0
1.0982913615735438e-07,0.0,0.09909328580287738,0.09909328639303726,-7.259995982167311e-07,0.0
1.0992913615735438e-07,0.0,0.09523547368626839,0.09523547425345215,-7.259995982167311e-07,0.0
1.1002913615735437e-07,0.0,0.09152785049725867,0.09152785104236187,-7.259995982167311e-07,0.0
1.1012913615735437e-07,0.0,0.08796456921341972,0.08796456973730091,-7.259995982167311e-07,0.0
1.1022913615735436e-07,0.0,0.08454001044342482,0.08454001094691127,-7.259995982167311e-07,0.0
1.1032913615735435e-07,0.0,0.08124877356511939,0.081248774049004,-7.259995982167311e-07,0.0
1.1042913615735435e-07,0.0,0.07808566820859011,0.0780856686736371,-7.259995982167311e-07,0.0
1.1052913615735434e-07,0.0,0.0750457060708137,0.07504570651775536,-7.259995982167311e-07,0.0
1.1062913615735434e-07,0.0,0.07212409304896467,0.07212409347850691,-7.259995982167311e-07,0.0
1.1072913615735433e-07,0.0,0.06931622167998794,0.06931622209280709,-7.259995982167311e-07,0.0
1.1082913615735433e-07,0.0,0.06661766387450162,0.06661766427124981,-7.259995982167311e-07,0.0
1.1092913615735432e-07,0.0,0.06402416393358262,0.06402416431488442,-7.259995982167311e-07,0.0
1.1102913615735431e-07,0.0,0.06153163183741116,0.06153163220386899,-7.259995982167311e-07,0.0
1.1112913615735431e-07,0.0,0.05913613679520127,0.05913613714739195,-7.259995982167311e-07,0.0
1.112291361573543e-07,0.0,0.05683390104623415,0.05683390138471419,-7.259995982167311e-07,0.0
1.113291361573543e-07,0.0,0.05462129390222983,0.054621294227531925,-7.259995982167311e-07,0.0
1.1142913615735429e-07,0.0,0.05249482602165027,0.05249482633428854,-7.259995982167311e-07,0.0
1.1152913615735429e-07,0.0,0.050451143906921944,0.05045114420738831,-7.259995982167311e-07,0.0
1.1162913615735428e-07,0.0,0.04848702461586374,0.04848702490463316,-7.259995982167311e-07,0.0
1.1172913615735427e-07,0.0,0.04659937067902312,0.046599370956549875,-7.259995982167311e-07,0.0
1.1182913615735427e-07,0.0,0.04478520521489209,0.04478520548161497,-7.259995982167311e-07,0.0
1.1192913615735426e-07,0.0,0.04304166723528081,0.04304166749161932,-7.259995982167311e-07,0.0
1.1202913615735426e-07,0.0,0.0413660071334585,0.041366007379818014,-7.259995982167311e-07,0.0
1.1212913615735425e-07,0.0,0.03975558234795203,0.03975558258471995,-7.259995982167311e-07,0.0
1.1222913615735425e-07,0.0,0.0382078531951517,0.038207853422702526,-7.259995982167311e-07,0.0
1.1232913615735424e-07,0.0,0.036720378864164224,0.0367203790828557,-7.259995982167311e-07,0.0
1.1242913615735423e-07,0.0,0.03529081356758473,0.035290813777762844,-7.259995982167311e-07,0.0
1.1252913615735423e-07,0.0,0.03391690284212928,0.03391690304412438,-7.259995982167311e-07,0.0
1.1262913615735422e-07,0.0,0.03259647999328212,0.03259648018741387,-7.259995982167311e-07,0.0
1.1272913615735422e-07,0.0,0.03132746267836255,0.031327462864935984,-7.259995982167311e-07,0.0
1.1282913615735421e-07,0.0,0.030107849622611007,0.03010784980192148,-7.259995982167311e-07,0.0
1.129291361573542e-07,0.0,0.028935717463127463,0.02893571763545664,-7.259995982167311e-07,0.0
1.130291361573542e-07,0.0,0.02780921771567288,0.02780921788129363,-7.259995982167311e-07,0.0
1.131291361573542e-07,0.0,0.026726573859562362,0.026726574018734767,-7.259995982167311e-07,0.0
1.1322913615735419e-07,0.0,0.02568607853604086,0.025686078689017053,-7.259995982167311e-07,0.0
1.1332913615735418e-07,0.0,0.02468609085573499,0.024686091002755102,-7.259995982167311e-07,0.0
1.1342913615735418e-07,0.0,0.023725033810923026,0.023725033952220025,-7.259995982167311e-07,0.0
1.1352913615735417e-07,0.0,0.022801391788553824,0.02280139192434943,-7.259995982167311e-07,0.0
1.1362913615735417e-07,0.0,0.021913708180080965,0.021913708310590443,-7.259995982167311e-07,0.0
1.1372913615735416e-07,0.0,0.02106058308435447,0.021060583209782522,-7.259995982167311e-07,0.0
1.1382913615735415e-07,0.0,0.020240671099935728,0.020240671220481274,-7.259995982167311e-07,0.0
1.1392913615735415e-07,0.0,0.019452679203365852,0.01945267931921788,-7.259995982167311e-07,0.0
1.1402913615735414e-07,0.0,0.01869536471002963,0.018695364821371952,-7.259995982167311e-07,0.0
1.1412913615735414e-07,0.0,0.017967533314411116,0.017967533421418214,-7.259995982167311e-07,0.0
1.1422913615735413e-07,0.0,0.017268037206638425,0.01726803730948016,-7.259995982167311e-07,0.0
1.1432913615735413e-07,0.0,0.01659577326235938,0.016595773361196824,-7.259995982167311e-07,0.0
1.1442913615735412e-07,0.0,0.01594968130308148,0.01594968139807162,-7.259995982167311e-07,0.0
1.1452913615735411e-07,0.0,0.015328742424244628,0.015328742515536151,-7.259995982167311e-07,0.0
1.1462913615735411e-07,0.0,0.014731977388377976,0.014731977476115965,-7.259995982167311e-07,0.0
1.147291361573541e-07,0.0,0.014158445080818842,0.014158445165140547,-7.259995982167311e-07,0.0
1.148291361573541e-07,0.0,0.013607241025546356,0.013607241106585868,-7.259995982167311e-07,0.0
1.1492913615735409e-07,0.0,0.013077495958800797,0.013077496036684805,-7.259995982167311e-07,0.0
1.1502913615735409e-07,0.0,0.012568374458228889,0.012568374533081331,-7.259995982167311e-07,0.0
1.1512913615735408e-07,0.0,0.012079073625402996,0.012079073697340804,-7.259995982167311e-07,0.0
1.1522913615735407e-07,0.0,0.011608821819624741,0.011608821888762475,-7.259995982167311e-07,0.0
1.1532913615735407e-07,0.0,0.011156877441030055,0.011156877507475635,-7.259995982167311e-07,0.0
1.1542913615735406e-07,0.0,0.010722527761063087,0.01072252782492241,-7.259995982167311e-07,0.0
1.1552913615735406e-07,0.0,0.010305087798486897,0.010305087859859561,-7.259995982167311e-07,0.0
1.1562913615735405e-07,0.0,0.009903899239146481,0.009903899298130384,-7.259995982167311e-07,0.0
1.1572913615735405e-07,0.0,0.00951832939779243,0.009518329454479479,-7.259995982167311e-07,0.0
1.1582913615735404e-07,0.0,0.00914777022031616,0.009147770274796865,-7.259995982167311e-07,0.0
1.1592913615735403e-07,0.0,0.008791637324835042,0.008791637377194206,-7.259995982167311e-07,0.0
1.1602913615735403e-07,0.0,0.008449369080103335,0.008449369130424643,-7.259995982167311e-07,0.0
1.1612913615735402e-07,0.0,0.008120425719807423,0.008120425768169121,-7.259995982167311e-07,0.0
1.1622913615735402e-07,0.0,0.0078042884913367295,0.007804288537816199,-7.259995982167311e-07,0.0
1.1632913615735401e-07,0.0,0.0075004588376997375,0.0075004588823691645,-7.259995982167311e-07,0.0
1.16429136157354e-07,0.0,0.007208457611283095,0.007208457654214036,-7.259995982167311e-07,0.0
1.16529136157354e-07,0.0,0.006927824318225799,0.006927824359484846,-7.259995982167311e-07,0.0
1.16629136157354e-07,0.0,0.006658116392204906,0.006658116431858237,-7.259995982167311e-07,0.0
1.1672913615735399e-07,0.0,0.006398908496499386,0.0063989085346084235,-7.259995982167311e-07,0.0
1.1682913615735398e-07,0.0,0.006149791853219607,0.006149791889845562,-7.259995982167311e-07,0.0
1.1692913615735398e-07,0.0,0.00591037359865647,0.005910373633855991,-7.259995982167311e-07,0.0
1.1702913615735397e-07,0.0,0.005680276163721701,0.005680276197551411,-7.259995982167311e-07,0.0
1.1712913615735397e-07,0.0,0.005459136678514118,0.005459136711026254,-7.259995982167311e-07,0.0
1.1722913615735396e-07,0.0,0.005246606400060985,0.005246606431307933,-7.259995982167311e-07,0.0
1.1732913615735395e-07,0.0,0.005042350162343834,0.005042350192373758,-7.259995982167311e-07,0.0
1.1742913615735395e-07,0.0,0.004846045847729587,0.004846045876590958,-7.259995982167311e-07,0.0
1.1752913615735394e-07,0.0,0.004657383878985279,0.0046573839067224985,-7.259995982167311e-07,0.0
1.1762913615735394e-07,0.0,0.004476066731063381,0.004476066757721305,-7.259995982167311e-07,0.0
1.1772913615735393e-07,0.0,0.004301808461899691,0.004301808487519248,-7.259995982167311e-07,0.0
1.1782913615735393e-07,0.0,0.0041343342614719725,0.0041343342860946765,-7.259995982167311e-07,0.0
1.1792913615735392e-07,0.0,0.003973380018420053,0.0039733800420836225,-7.259995982167311e-07,0.0
1.1802913615735391e-07,0.0,0.003818691903532071,0.003818691926274936,-7.259995982167311e-07,0.0
1.1812913615735391e-07,0.0,0.0036700259694518837,0.003670025991308799,-7.259995982167311e-07,0.0
1.182291361573539e-07,0.0,0.0035271477659645045,0.0035271477869710504,-7.259995982167311e-07,0.0
1.183291361573539e-07,0.0,0.003389831970264702,0.0033898319904528953,-7.259995982167311e-07,0.0
1.1842913615735389e-07,0.0,0.003257862031613863,0.0032578620510166517,-7.259995982167311e-07,0.0
1.1852913615735389e-07,0.0,0.0031310298298365576,0.0031310298484834294,-7.259995982167311e-07,0.0
1.1862913615735388e-07,0.0,0.003009135347106411,0.003009135365027884,-7.259995982167311e-07,0.0
1.1872913615735387e-07,0.0,0.0028919863525155255,0.002891986369738751,-7.259995982167311e-07,0.0
1.1882913615735387e-07,0.0,0.0027793980989181555,0.0027793981154714065,-7.259995982167311e-07,0.0
1.1892913615735386e-07,0.0,0.002671193031582405,0.0026711930474906747,-7.259995982167311e-07,0.0
1.1902913615735386e-07,0.0,0.0025672005081786315,0.002567200523468119,-7.259995982167311e-07,0.0
1.1912913615735385e-07,0.0,0.0024672565296748224,0.0024672565443685287,-7.259995982167311e-07,0.0
1.1922913615735385e-07,0.0,0.0023712034817027087,0.002371203495824917,-7.259995982167311e-07,0.0
1.1932913615735385e-07,0.0,0.002278889885998588,0.002278889899570458,-7.259995982167311e-07,0.0
1.1942913615735386e-07,0.0,0.002190170161515026,0.0021901701745590733,-7.259995982167311e-07,0.0
1.1952913615735387e-07,0.0,0.002104904394838557,0.0021049044073742406,-7.259995982167311e-07,0.0
1.1962913615735388e-07,0.0,0.0020229581195394695,0.0020229581315876688,-7.259995982167311e-07,0.0
1.1972913615735388e-07,0.0,0.0019442021041175572,0.0019442021156961624,-7.259995982167311e-07,0.0
1.198291361573539e-07,0.0,0.0018685121481975726,0.0018685121593259545,-7.259995982167311e-07,0.0
1.199291361573539e-07,0.0,0.0017957688866648267,0.0017957688973594234,-7.259995982167311e-07,0.0
1.2000000000000002e-07,2.183756817139993e-14,0.0017459444838015814,0.0017459444941999996,-7.259986887220293e-07,-2.465299224507271e-15
