time,v(a),v(y),v(out),vdd#branch,va#branch
0.0,0.0,1.928835777071511e-116,1.928835777071511e-116,-2.0881943783024326e-06,0.0
1.0000000000000002e-12,0.0,-3.801480493084912e-113,-9.561826847889164e-116,-2.0881570037545316e-06,0.0
2.0000000000000004e-12,0.0,-3.058651240673328e-113,-1.8773577342830066e-115,-2.0881570037545316e-06,0.0
4.000000000000001e-12,0.0,-1.863259528784503e-113,-3.35299628859484e-115,-2.0881570037545316e-06,0.0
8.000000000000001e-12,0.0,-6.447646396339256e-114,-4.823456675731305e-115,-2.0881861075849883e-06,0.0
1.6000000000000003e-11,0.0,-8.900703288728497e-116,-5.4907575253217585e-115,-2.088178831627374e-06,0.0
3.2000000000000006e-11,0.0,3.4865234238945505e-116,-5.243654636229211e-115,-2.088204297479024e-06,0.0
6.400000000000001e-11,0.0,-1.347165965413664e-116,-4.748799375267061e-115,-2.0881933835426025e-06,0.0
1.2800000000000002e-10,0.0,1.7270519947951582e-116,-3.905874526341335e-115,-2.0881933835426025e-06,0.0
2.2800000000000004e-10,0.0,-9.035263672261404e-117,-2.8671769453624445e-115,-2.0881933835426025e-06,0.0
3.2800000000000006e-10,0.0,1.1779833616072417e-116,-2.1090454203409965e-115,-2.0881933835426025e-06,0.0
4.2800000000000007e-10,0.0,-6.959974017514147e-117,-1.547691547095263e-115,-2.0881933835426025e-06,0.0
5.28e-10,0.0,8.124873462241418e-117,-1.1388715354323952e-115,-2.0881933835426025e-06,0.0
6.28e-10,0.0,-5.2540522443532615e-117,-8.353911034529646e-116,-2.0881933835426025e-06,0.0
7.28e-10,0.0,5.655216189800538e-117,-6.150234920897537e-116,-2.0881933835426025e-06,0.0
8.279999999999999e-10,0.0,-3.912205270238819e-117,-4.508817692772373e-116,-2.0881933835426025e-06,0.0
9.279999999999999e-10,0.0,3.965087260968631e-117,-3.3215909053226715e-116,-2.0881933835426025e-06,0.0
1.028e-09,0.0,-2.8852693656500248e-117,-2.4332799052993545e-116,-2.0881933835426025e-06,0.0
1.128e-09,0.0,2.7961553303727037e-117,-1.7941156412110672e-116,-2.0881933835426025e-06,0.0
1.228e-09,0.0,-2.113418054939654e-117,-1.3129965609524566e-116,-2.0881933835426025e-06,0.0
1.3280000000000002e-09,0.0,1.9807324100375207e-117,-9.692170139242069e-117,-2.0881933835426025e-06,0.0
1.4280000000000002e-09,0.0,-1.5404283951650755e-117,-7.083664311168833e-117,-2.0881933835426025e-06,0.0
1.5280000000000003e-09,0.0,1.4080034238073582e-117,-5.2369664623556794e-117,-2.0881933835426025e-06,0.0
1.6280000000000004e-09,0.0,-1.118750826862603e-117,-3.8207578410851365e-117,-2.0881933835426025e-06,0.0
1.7280000000000004e-09,0.0,1.003562232601251e-117,-2.8304516453076457e-117,-2.0881933835426025e-06,0.0
1.8280000000000005e-09,0.0,-8.103542677424165e-118,-2.0601738485347337e-117,-2.0881933835426025e-06,0.0
1.9280000000000004e-09,0.0,7.167592818158792e-118,-1.5303379654896106e-117,-2.0881933835426025e-06,0.0
2.0280000000000004e-09,0.0,-5.858224074477601e-118,-1.1103889121544337e-117,-2.0881933835426025e-06,0.0
2.1280000000000005e-09,0.0,5.1271776496093305e-118,-8.278003355989017e-118,-2.0881933835426025e-06,0.0
2.2280000000000006e-09,0.0,-4.228883038407168e-118,-5.981384760833726e-118,-2.0881933835426025e-06,0.0
2.3280000000000006e-09,0.0,3.67194512719734e-118,-4.4806174436682476e-118,-2.0881933835426025e-06,0.0
2.4280000000000007e-09,0.0,-3.049406250727322e-118,-3.219594580009494e-118,-2.0881933835426025e-06,0.0
2.5280000000000008e-09,0.0,2.632097770440567e-118,-2.427241858992094e-118,-2.0881933835426025e-06,0.0
2.628000000000001e-09,0.0,-2.1971217443885075e-118,-1.7312603137241664e-118,-2.0881933835426025e-06,0.0
2.728000000000001e-09,0.0,1.887995391438506e-118,-1.3163400144480699e-118,-2.0881933835426025e-06,0.0
2.828000000000001e-09,0.0,-1.5820885061515826e-118,-9.296838415292456e-119,-2.0881933835426025e-06,0.0
2.928000000000001e-09,0.0,1.3549426263335916e-118,-7.149178147870745e-119,-2.0881933835426025e-06,0.0
3.028000000000001e-09,0.0,-1.1387049851216934e-118,-4.983292265257523e-119,-2.0881933835426025e-06,0.0
3.128000000000001e-09,0.0,9.727639174885472e-119,-3.890243073917578e-119,-2.0881933835426025e-06,0.0
3.2280000000000013e-09,0.0,-8.193032923881573e-119,-2.6645730214387546e-119,-2.0881933835426025e-06,0.0
3.3280000000000013e-09,0.0,6.985852528379028e-119,-2.122209120468364e-119,-2.0881933835426025e-06,0.0
3.4280000000000014e-09,0.0,-5.893428453904633e-119,-1.419993026335321e-119,-2.0881933835426025e-06,0.0
3.5280000000000015e-09,0.0,5.01794322320737e-119,-1.1615060760756659e-119,-2.0881933835426025e-06,0.0
3.6280000000000015e-09,0.0,-4.238466100595685e-119,-7.532838030805318e-120,-2.0881933835426025e-06,0.0
3.728000000000001e-09,0.0,3.604981588192096e-119,-6.384044486387587e-120,-2.0881933835426025e-06,0.0
3.828000000000001e-09,0.0,-3.047806769023861e-119,-3.970908017380019e-120,-2.0881933835426025e-06,0.0
3.928000000000001e-09,0.0,2.590202547620214e-119,-3.5280430409690234e-120,-2.0881933835426025e-06,0.0
4.028000000000001e-09,0.0,-2.1913897619258314e-119,-2.0748569963793034e-120,-2.0881933835426025e-06,0.0
4.1280000000000015e-09,0.0,1.8612491708581302e-119,-1.963237511894883e-120,-2.0881933835426025e-06,0.0
4.2280000000000015e-09,0.0,-1.575494570806308e-119,-1.0706031665912005e-120,-2.0881933835426025e-06,0.0
4.328000000000002e-09,0.0,1.3375359310499188e-119,-1.101968964536133e-120,-2.0881933835426025e-06,0.0
4.428000000000002e-09,0.0,-1.1326297895732776e-119,-5.423637877152541e-121,-2.0881933835426025e-06,0.0
4.528000000000002e-09,0.0,9.612338437363993e-120,-6.251574565229222e-121,-2.0881933835426025e-06,0.0
4.628000000000002e-09,0.0,-8.142155016927561e-120,-2.671971494857808e-121,-2.0881933835426025e-06,0.0
4.728000000000002e-09,0.0,6.908275863265497e-120,-3.5923463036611013e-121,-2.0881933835426025e-06,0.0
4.828000000000002e-09,0.0,-5.852965624684104e-120,-1.2584259098274006e-121,-2.0881933835426025e-06,0.0
4.928000000000002e-09,0.0,4.9650437427327515e-120,-2.09557946244039e-121,-2.0881933835426025e-06,0.0
5.028000000000002e-09,0.0,-4.2072806331989356e-120,-5.470544597800033e-122,-2.0881933835426025e-06,0.0
5.128000000000002e-09,0.0,3.5685032320778424e-120,-1.2435893402603886e-121,-2.0881933835426025e-06,0.0
5.228000000000002e-09,0.0,-3.0242567139313815e-120,-2.0021514789389083e-122,-2.0881933835426025e-06,0.0
5.328000000000002e-09,0.0,2.5648166693805767e-120,-7.520533254886627e-122,-2.0881933835426025e-06,0.0
5.428000000000002e-09,0.0,-2.173849959324296e-120,-3.9714673970224265e-123,-2.0881933835426025e-06,0.0
5.5280000000000024e-09,0.0,1.8434526319421414e-120,-4.639967694808951e-122,-2.0881933835426025e-06,0.0
5.6280000000000025e-09,0.0,-1.5625566649281106e-120,2.7707600137802465e-123,-2.0881933835426025e-06,0.0
5.7280000000000026e-09,0.0,1.3249872854636261e-120,-2.9217516235173e-122,-2.0881933835426025e-06,0.0
5.828000000000003e-09,0.0,-1.1231517921938264e-120,5.028605572740908e-123,-2.0881933835426025e-06,0.0
5.928000000000003e-09,0.0,9.523454216856744e-121,-1.8769234118526728e-122,-2.0881933835426025e-06,0.0
6.028000000000003e-09,0.0,-8.073065587903956e-121,5.2540989252011955e-123,-2.0881933835426025e-06,0.0
6.128000000000003e-09,0.0,6.845096639397235e-121,-1.2286044851255993e-122,-2.0881933835426025e-06,0.0
6.228000000000003e-09,0.0,-5.802785471328971e-121,4.6617454789200935e-123,-2.0881933835426025e-06,0.0
6.328000000000003e-09,0.0,4.920014647596834e-121,-8.180435222534375e-123,-2.0881933835426025e-06,0.0
6.428000000000003e-09,0.0,-4.17093145631697e-121,3.8286686686570824e-123,-2.0881933835426025e-06,0.0
6.528000000000003e-09,0.0,3.53634399622746e-121,-5.5287107190093925e-123,-2.0881933835426025e-06,0.0
6.628000000000003e-09,0.0,-2.997978174121043e-121,3.0099739716038336e-123,-2.0881933835426025e-06,0.0
6.728000000000003e-09,0.0,2.5418129418254397e-121,-3.784298551128802e-123,-2.0881933835426025e-06,0.0
6.828000000000003e-09,0.0,-2.1548797327068136e-121,2.3027959244133293e-123,-2.0881933835426025e-06,0.0
6.928000000000003e-09,0.0,1.8269783486596831e-121,-2.6176948984208436e-123,-2.0881933835426025e-06,0.0
7.0280000000000034e-09,0.0,-1.548877147556302e-121,1.730398510418603e-123,-2.0881933835426025e-06,0.0
7.1280000000000035e-09,0.0,1.3131785014096647e-121,-1.8262674942525723e-123,-2.0881933835426025e-06,0.0
7.2280000000000036e-09,0.0,-1.113295443320151e-121,1.2843694527811842e-123,-2.0881933835426025e-06,0.0
7.328000000000004e-09,0.0,9.43875124041117e-122,-1.2828372358327305e-123,-2.0881933835426025e-06,0.0
7.428000000000004e-09,0.0,-8.002091871097978e-122,9.450927858511355e-124,-2.0881933835426025e-06,0.0
7.528000000000003e-09,0.0,6.784309100500033e-122,-9.05961592791196e-124,-2.0881933835426025e-06,0.0
7.628000000000002e-09,0.0,-5.751701857709462e-122,6.911430931940819e-124,-2.0881933835426025e-06,0.0
7.728000000000001e-09,0.0,4.876373312388629e-122,-6.4248475412124624e-124,-2.0881933835426025e-06,0.0
7.828e-09,0.0,-4.13417634022873e-122,5.031651445421067e-124,-2.0881933835426025e-06,0.0
7.928e-09,0.0,3.50500336979519e-122,-4.571059072236319e-124,-2.0881933835426025e-06,0.0
8.027999999999999e-09,0.0,-2.9715392885235914e-122,3.6511154371890153e-124,-2.0881933835426025e-06,0.0
8.127999999999998e-09,0.0,2.5193010361962784e-122,-3.260207734799054e-124,-2.0881933835426025e-06,0.0
8.227999999999998e-09,0.0,-2.1358652126537812e-122,2.6429498736019767e-124,-2.0881933835426025e-06,0.0
8.327999999999997e-09,0.0,1.810805435421607e-122,-2.329665583032416e-124,-2.0881933835426025e-06,0.0
8.427999999999996e-09,0.0,-1.535204103080651e-122,1.9097376275150105e-124,-2.0881933835426025e-06,0.0
8.527999999999995e-09,0.0,1.3015581851884307e-122,-1.6671132993602572e-124,-2.0881933835426025e-06,0.0
8.627999999999995e-09,0.0,-1.10346443001888e-122,1.3780975053339005e-124,-2.0881933835426025e-06,0.0
8.727999999999994e-09,0.0,9.355250947861542e-123,-1.1942878280793103e-124,-2.0881933835426025e-06,0.0
8.827999999999993e-09,0.0,-7.931411924852218e-123,9.934708411643519e-125,-2.0881933835426025e-06,0.0
8.927999999999992e-09,0.0,6.724303970526066e-123,-8.56268793781731e-125,-2.0881933835426025e-06,0.0
9.027999999999992e-09,0.0,-5.700889685273786e-123,7.156628430717251e-125,-2.0881933835426025e-06,0.0
9.12799999999999e-09,0.0,4.833250055025349e-123,-6.143005764845663e-125,-2.0881933835426025e-06,0.0
9.22799999999999e-09,0.0,-4.097648876928883e-123,5.152537569277748e-125,-2.0881933835426025e-06,0.0
9.32799999999999e-09,0.0,3.474011208585236e-123,-4.40915216400122e-125,-2.0881933835426025e-06,0.0
9.427999999999989e-09,0.0,-2.9452816060217362e-123,3.7081194918346287e-125,-2.0881933835426025e-06,0.0
9.527999999999988e-09,0.0,2.4970266864893626e-123,-3.1657924735478264e-125,-2.0881933835426025e-06,0.0
9.627999999999987e-09,0.0,-2.116990423658075e-123,2.6677879514817034e-125,-2.0881933835426025e-06,0.0
9.727999999999986e-09,0.0,1.7947963002390257e-123,-2.2736578702114906e-125,-2.0881933835426025e-06,0.0
9.827999999999986e-09,0.0,-1.5216366155418967e-123,1.9188795258590233e-125,-2.0881933835426025e-06,0.0
9.927999999999985e-09,0.0,1.2900518248145678e-123,-1.6332570694634655e-125,-2.0881933835426025e-06,0.0
1.0027999999999984e-08,0.0,-1.0937120535276945e-123,1.3799654657489362e-125,-2.0881933835426025e-06,0.0
1.0127999999999983e-08,0.0,9.272549421156359e-124,-1.1734084911857697e-125,-2.0881933835426025e-06,0.0
1.0227999999999982e-08,0.0,-7.861312128569016e-124,9.92274391478039e-126,-2.0881933835426025e-06,0.0
1.0327999999999982e-08,0.0,6.664862002499667e-124,-8.431269300547986e-126,-2.0881933835426025e-06,0.0
1.0427999999999981e-08,0.0,-5.650502569458894e-124,7.134320423816924e-126,-2.0881933835426025e-06,0.0
1.052799999999998e-08,0.0,4.790525661088277e-124,-6.058617955748282e-126,-2.0881933835426025e-06,0.0
1.062799999999998e-08,0.0,-4.06143128466435e-124,5.129102248710844e-126,-2.0881933835426025e-06,0.0
1.0727999999999979e-08,0.0,3.4433025423662474e-124,-4.3539344259249326e-126,-2.0881933835426025e-06,0.0
1.0827999999999978e-08,0.0,-2.919248999980939e-124,3.6872791385988456e-126,-2.0881933835426025e-06,0.0
1.0927999999999977e-08,0.0,2.4749543791895012e-124,-3.12903932934082e-126,-2.0881933835426025e-06,0.0
1.1027999999999976e-08,0.0,-2.09827868205288e-124,2.650651245967572e-126,-2.0881933835426025e-06,0.0
1.1127999999999976e-08,0.0,1.7789314557837713e-124,-2.248825743354276e-126,-2.0881933835426025e-06,0.0
1.1227999999999975e-08,0.0,-1.5081870069355222e-124,1.905397463426442e-126,-2.0881933835426025e-06,0.0
1.1327999999999974e-08,0.0,1.2786486736136726e-124,-1.616264149604854e-126,-2.0881933835426025e-06,0.0
1.1427999999999973e-08,0.0,-1.08404477499691e-124,1.3696461347222509e-126,-2.0881933835426025e-06,0.0
1.1527999999999973e-08,0.0,9.190587018022647e-125,-1.161656442765776e-126,-2.0881933835426025e-06,0.0
1.1627999999999972e-08,0.0,-7.791825989869027e-125,9.845176581641913e-127,-2.0881933835426025e-06,0.0
1.1727999999999971e-08,0.0,6.605949830231932e-125,-8.349293040330905e-127,-2.0881933835426025e-06,0.0
1.182799999999997e-08,0.0,-5.600557612057743e-125,7.076734314679705e-127,-2.0881933835426025e-06,0.0
1.192799999999997e-08,0.0,4.748181278453547e-125,-6.001042262922792e-127,-2.0881933835426025e-06,0.0
1.2027999999999969e-08,0.0,-4.0255320859300045e-125,5.0867213921035015e-127,-2.0881933835426025e-06,0.0
1.2127999999999968e-08,0.0,3.4128665906855824e-125,-4.313277595876655e-127,-2.0881933835426025e-06,0.0
1.2227999999999967e-08,0.0,-2.8934455608634554e-125,3.6562826901715083e-127,-2.0881933835426025e-06,0.0
1.2327999999999967e-08,0.0,2.4530778610584136e-125,-3.1002088046768104e-127,-2.0881933835426025e-06,0.0
1.2427999999999966e-08,0.0,-2.0797318291300368e-125,2.6280834061378233e-127,-2.0881933835426025e-06,0.0
1.2527999999999965e-08,0.0,1.7632072147778413e-125,-2.228315047479971e-127,-2.0881933835426025e-06,0.0
1.2627999999999964e-08,0.0,-1.4948560074913377e-125,1.889020587205594e-127,-2.0881933835426025e-06,0.0
1.2727999999999963e-08,0.0,1.267346517165025e-125,-1.6016360189842e-127,-2.0881933835426025e-06,0.0
1.2827999999999963e-08,0.0,-1.0744627990121101e-125,1.3577908038131538e-127,-2.0881933835426025e-06,0.0
1.2927999999999962e-08,0.0,9.109350175147103e-126,-1.1512039011034654e-127,-2.0881933835426025e-06,0.0
1.3027999999999961e-08,0.0,-7.722953250082819e-126,9.75950974271502e-128,-2.0881933835426025e-06,0.0
1.312799999999996e-08,0.0,6.547558975321645e-126,-8.274496436435983e-128,-2.0881933835426025e-06,0.0
1.322799999999996e-08,0.0,-5.551053693583967e-126,7.014914227595552e-128,-2.0881933835426025e-06,0.0
1.3327999999999959e-08,0.0,4.706211499025334e-126,-5.947460497543199e-128,-2.0881933835426025e-06,0.0
1.3427999999999958e-08,0.0,-3.9899499720499715e-126,5.042154462012405e-128,-2.0881933835426025e-06,0.0
1.3527999999999957e-08,0.0,3.382699836685874e-126,-4.2748616512026626e-128,-2.0881933835426025e-06,0.0
1.3627999999999957e-08,0.0,-2.8678700759140794e-126,3.6241777408479773e-128,-2.0881933835426025e-06,0.0
1.3727999999999956e-08,0.0,2.4313948042136498e-126,-3.0726489238545047e-128,-2.0881933835426025e-06,0.0
1.3827999999999955e-08,0.0,-2.061348846282345e-126,2.6049686604664793e-128,-2.0881933835426025e-06,0.0
1.3927999999999954e-08,0.0,1.7476220119470356e-126,-2.208534070384037e-128,-2.0881933835426025e-06,0.0
1.4027999999999954e-08,0.0,-1.4816428057460605e-126,1.8723855034140637e-128,-2.0881933835426025e-06,0.0
1.4127999999999953e-08,0.0,1.2561442886697953e-126,-1.5874332748036525e-128,-2.0881933835426025e-06,0.0
1.4227999999999952e-08,0.0,-1.0649654994935579e-126,1.3458227077267504e-128,-2.0881933835426025e-06,0.0
1.4327999999999951e-08,0.0,9.028831539302794e-127,-1.1410036043497417e-128,-2.0881933835426025e-06,0.0
1.442799999999995e-08,0.0,-7.654689177927445e-127,9.67342556499335e-129,-2.0881933835426025e-06,0.0
1.452799999999995e-08,0.0,6.4896843223348086e-127,-8.201223999381674e-129,-2.0881933835426025e-06,0.0
1.4627999999999949e-08,0.0,-5.501987288501359e-127,6.953006445632593e-129,-2.0881933835426025e-06,0.0
1.4727999999999948e-08,0.0,4.664612737676457e-127,-5.894818287756268e-129,-2.0881933835426025e-06,0.0
1.4827999999999948e-08,0.0,-3.954682341575961e-127,4.997639105080865e-129,-2.0881933835426025e-06,0.0
1.4927999999999947e-08,0.0,3.3527997529865484e-127,-4.2370368250642536e-129,-2.0881933835426025e-06,0.0
1.5027999999999948e-08,0.0,-2.8425206388997e-127,3.592171735305927e-129,-2.0881933835426025e-06,0.0
1.512799999999995e-08,0.0,2.409903418772991e-127,-3.045468459862852e-129,-2.0881933835426025e-06,0.0
1.522799999999995e-08,0.0,-2.0431283437183124e-127,2.581958438188934e-129,-2.0881933835426025e-06,0.0
1.532799999999995e-08,0.0,1.7321745752037426e-127,-2.189001262841966e-129,-2.0881933835426025e-06,0.0
1.542799999999995e-08,0.0,-1.468546392150125e-127,1.855843583348259e-129,-2.0881933835426025e-06,0.0
1.5527999999999952e-08,0.0,1.245041081576959e-127,-1.573395656653462e-129,-2.0881933835426025e-06,0.0
1.5627999999999953e-08,0.0,-1.055552145078673e-127,1.3339313121801588e-129,-2.0881933835426025e-06,0.0
1.5727999999999954e-08,0.0,8.949024636508533e-128,-1.130914841391199e-129,-2.0881933835426025e-06,0.0
1.5827999999999955e-08,0.0,-7.587028485653444e-128,9.58794525889495e-130,-2.0881933835426025e-06,0.0
1.5927999999999956e-08,0.0,6.432321240657054e-128,-8.128714611819389e-130,-2.0881933835426025e-06,0.0
1.6027999999999957e-08,0.0,-5.453354579428375e-128,6.8915610916683345e-130,-2.0881933835426025e-06,0.0
1.6127999999999958e-08,0.0,4.623381678305888e-128,-5.842703684066582e-130,-2.0881933835426025e-06,0.0
1.622799999999996e-08,0.0,-3.9197264416660285e-128,4.953471451738565e-130,-2.0881933835426025e-06,0.0
1.632799999999996e-08,0.0,3.323163962682146e-128,-4.19957996955951e-130,-2.0881933835426025e-06,0.0
1.642799999999996e-08,0.0,-2.8173952662865376e-128,3.5604239223720545e-130,-2.0881933835426025e-06,0.0
1.652799999999996e-08,0.0,2.388601999853923e-128,-3.0185464049970914e-130,-2.0881933835426025e-06,0.0
1.6627999999999962e-08,0.0,-2.0250688931004666e-128,2.559138264126575e-130,-2.0881933835426025e-06,0.0
1.6727999999999963e-08,0.0,1.7168636810532486e-128,-2.169650911264867e-130,-2.0881933835426025e-06,0.0
1.6827999999999964e-08,0.0,-1.4555657386347045e-128,1.8394406761540967e-130,-2.0881933835426025e-06,0.0
1.6927999999999965e-08,0.0,1.2340360175127565e-128,-1.5594874112805095e-130,-2.0881933835426025e-06,0.0
1.7027999999999966e-08,0.0,-1.0462219960534418e-128,1.3221411372053456e-130,-2.0881933835426025e-06,0.0
1.7127999999999966e-08,0.0,8.869923158871281e-129,-1.1209181116159784e-130,-2.0881933835426025e-06,0.0
1.7227999999999967e-08,0.0,-7.519965852260393e-129,9.503199527709755e-131,-2.0881933835426025e-06,0.0
1.7327999999999968e-08,0.0,6.375465199378871e-129,-8.05686157012862e-131,-2.0881933835426025e-06,0.0
1.742799999999997e-08,0.0,-5.4051517395401183e-129,6.830647525151968e-131,-2.0881933835426025e-06,0.0
1.752799999999997e-08,0.0,4.5825150658555574e-129,-5.791058056263835e-131,-2.0881933835426025e-06,0.0
1.762799999999997e-08,0.0,-3.885079520495526e-129,4.909688081700743e-131,-2.0881933835426025e-06,0.0
1.7727999999999972e-08,0.0,3.293790127008444e-129,-4.1624586962084183e-131,-2.0881933835426025e-06,0.0
1.7827999999999973e-08,0.0,-2.7924919794857934e-129,3.528953428091847e-131,-2.0881933835426025e-06,0.0
1.7927999999999974e-08,0.0,2.3674888668926707e-129,-2.9918647449997155e-131,-2.0881933835426025e-06,0.0
1.8027999999999975e-08,0.0,-2.0071690719206222e-129,2.536518016474531e-131,-2.0881933835426025e-06,0.0
1.8127999999999975e-08,0.0,1.7016881218089243e-129,-2.1504729103832145e-131,-2.0881933835426025e-06,0.0
1.8227999999999976e-08,0.0,-1.4426998225491393e-129,1.8231817931358537e-131,-2.0881933835426025e-06,0.0
1.8327999999999977e-08,0.0,1.2231282285633928e-129,-1.545702810133405e-131,-2.0881933835426025e-06,0.0
1.8427999999999978e-08,0.0,-1.0369743172613913e-129,1.3104546570332976e-131,-2.0881933835426025e-06,0.0
1.852799999999998e-08,0.0,8.791520868809138e-130,-1.1110101261396412e-131,-2.0881933835426025e-06,0.0
1.862799999999998e-08,0.0,-7.453495993086292e-130,9.419200066903244e-132,-2.0881933835426025e-06,0.0
1.872799999999998e-08,0.0,6.3191117154980115e-130,-7.985645708443431e-132,-2.0881933835426025e-06,0.0
1.8827999999999982e-08,0.0,-5.357374970063596e-130,6.770270865283974e-132,-2.0881933835426025e-06,0.0
1.8927999999999983e-08,0.0,4.542009678281692e-130,-5.739870043763183e-132,-2.0881933835426025e-06,0.0
1.9027999999999984e-08,0.0,-3.850738847446263e-130,4.866290899798551e-132,-2.0881933835426025e-06,0.0
1.9127999999999984e-08,0.0,3.264675930164279e-130,-4.125666143332444e-132,-2.0881933835426025e-06,0.0
1.9227999999999985e-08,0.0,-2.7678088157146834e-130,3.4977606634602516e-132,-2.0881933835426025e-06,0.0
1.9327999999999986e-08,0.0,2.3465623554167486e-130,-2.965419251896845e-132,-2.0881933835426025e-06,0.0
1.9427999999999987e-08,0.0,-1.989427469335703e-130,2.5140974733529304e-132,-2.0881933835426025e-06,0.0
1.9527999999999988e-08,0.0,1.6866467011266433e-130,-2.1314646013328353e-132,-2.0881933835426025e-06,0.0
1.962799999999999e-08,0.0,-1.4299476297915517e-130,1.807066495532274e-132,-2.0881933835426025e-06,0.0
1.972799999999999e-08,0.0,1.2123168548471024e-130,-1.532040147297922e-132,-2.0881933835426025e-06,0.0
1.982799999999999e-08,0.0,-1.027808379779341e-130,1.2988714055141808e-132,-2.0881933835426025e-06,0.0
1.992799999999999e-08,0.0,8.713811585820882e-131,-1.1011897695849819e-132,-2.0881933835426025e-06,0.0
2.0027999999999992e-08,0.0,-7.387613668751033e-131,9.335942711871838e-133,-2.0881933835426025e-06,0.0
2.0127999999999993e-08,0.0,6.263256346688619e-131,-7.915059607863022e-133,-2.0881933835426025e-06,0.0
2.0227999999999994e-08,0.0,-5.310020505031653e-131,6.710427679166284e-133,-2.0881933835426025e-06,0.0
2.0327999999999995e-08,0.0,4.501862322587745e-131,-5.689134636981524e-133,-2.0881933835426025e-06,0.0
2.0427999999999996e-08,0.0,-3.8167017156195375e-131,4.823277201279497e-133,-2.0881933835426025e-06,0.0
2.0527999999999997e-08,0.0,3.2358190771243566e-131,-4.0891988845201125e-133,-2.0881933835426025e-06,0.0
2.0627999999999998e-08,0.0,-2.743343829314688e-131,3.4668435562702976e-133,-2.0881933835426025e-06,0.0
2.0728e-08,0.0,2.325820815831467e-131,-2.9392075570011135e-133,-2.0881933835426025e-06,0.0
2.0828e-08,0.0,-1.9718426868517584e-131,2.4918750761532312e-133,-2.0881933835426025e-06,0.0
2.0928e-08,0.0,1.6717382333261637e-131,-2.1126243323817627e-133,-2.0881933835426025e-06,0.0
2.1028e-08,0.0,-1.4173081551582434e-131,1.7910936257176528e-133,-2.0881933835426025e-06,0.0
2.1128000000000002e-08,0.0,1.201601044130908e-131,-1.5184982629887775e-133,-2.0881933835426025e-06,0.0
2.1228000000000003e-08,0.0,-1.0187234610917398e-131,1.2873905304183744e-133,-2.0881933835426025e-06,0.0
2.1328000000000004e-08,0.0,8.636789184295635e-132,-1.0914562231414143e-133,-2.0881933835426025e-06,0.0
2.1428000000000005e-08,0.0,-7.322313685994848e-132,9.253421228178854e-134,-2.0881933835426025e-06,0.0
2.1528000000000006e-08,0.0,6.207894690031538e-132,-7.845097462964413e-134,-2.0881933835426025e-06,0.0
2.1628000000000007e-08,0.0,-5.263084611661758e-132,6.651113426891757e-134,-2.0881933835426025e-06,0.0
2.1728000000000008e-08,0.0,4.46206983407628e-132,-5.638847706309735e-134,-2.0881933835426025e-06,0.0
2.182800000000001e-08,0.0,-3.782965441987519e-132,4.7806436912554685e-134,-2.0881933835426025e-06,0.0
2.192800000000001e-08,0.0,3.2072172931903224e-132,-4.0530539748275067e-134,-2.0881933835426025e-06,0.0
2.202800000000001e-08,0.0,-2.719095091795103e-132,3.4361997211168284e-134,-2.0881933835426025e-06,0.0
2.212800000000001e-08,0.0,2.3052626131452026e-132,-2.913227556149442e-134,-2.0881933835426025e-06,0.0
2.2228000000000012e-08,0.0,-1.9544133383200505e-132,2.469849101062945e-134,-2.0881933835426025e-06,0.0
2.2328000000000013e-08,0.0,1.6569615432195456e-132,-2.0939505979076311e-134,-2.0881933835426025e-06,0.0
2.2428000000000014e-08,0.0,-1.4047804023218613e-132,1.7752619396691726e-134,-2.0881933835426025e-06,0.0
2.2528000000000015e-08,0.0,1.1909799517212596e-132,-1.5050760786727353e-134,-2.0881933835426025e-06,0.0
2.2628000000000016e-08,0.0,-1.0097188450647018e-132,1.2760111348800632e-134,-2.0881933835426025e-06,0.0
2.2728000000000017e-08,0.0,8.560447592802305e-133,-1.0818087135682592e-134,-2.0881933835426025e-06,0.0
2.2828000000000018e-08,0.0,-7.257590897436234e-133,9.171629154840077e-135,-2.0881933835426025e-06,0.0
2.292800000000002e-08,0.0,6.153022381544313e-133,-7.775753726590515e-135,-2.0881933835426025e-06,0.0
2.302800000000002e-08,0.0,-5.2165635901520765e-133,6.592323456620618e-135,-2.0881933835426025e-06,0.0
2.312800000000002e-08,0.0,4.422629076033127e-133,-5.589005270370979e-135,-2.0881933835426025e-06,0.0
2.322800000000002e-08,0.0,-3.7495273672305245e-133,4.738387021866142e-135,-2.0881933835426025e-06,0.0
2.3328000000000022e-08,0.0,3.1788683237756177e-133,-4.017228555663203e-135,-2.0881933835426025e-06,0.0
2.3428000000000023e-08,0.0,-2.6950606917073574e-133,3.40582674935685e-135,-2.0881933835426025e-06,0.0
2.3528000000000024e-08,0.0,2.2848861268211664e-133,-2.8874771963448317e-135,-2.0881933835426025e-06,0.0
2.3628000000000025e-08,0.0,-1.937138049841998e-133,2.4480178155770717e-135,-2.0881933835426025e-06,0.0
2.3728000000000026e-08,0.0,1.6423154660080662e-133,-2.0754419231791623e-135,-2.0881933835426025e-06,0.0
2.3828000000000026e-08,0.0,-1.3923633837605332e-133,1.7595701914407893e-135,-2.0881933835426025e-06,0.0
2.3928000000000027e-08,0.0,1.1804527403918173e-133,-1.4917725348425234e-135,-2.0881933835426025e-06,0.0
2.4028000000000028e-08,0.0,-1.0007938218937e-133,1.2647323229860018e-135,-2.0881933835426025e-06,0.0
2.412800000000003e-08,0.0,8.484780793580538e-134,-1.0722464795846086e-135,-2.0881933835426025e-06,0.0
2.422800000000003e-08,0.0,-7.193440201188585e-134,9.090560050323285e-136,-2.0881933835426025e-06,0.0
2.432800000000003e-08,0.0,6.098635095820751e-134,-7.707022928285935e-136,-2.0881933835426025e-06,0.0
2.4428000000000032e-08,0.0,-5.170453773401915e-134,6.534053137300312e-136,-2.0881933835426025e-06,0.0
2.4528000000000033e-08,0.0,4.383536939471264e-134,-5.539603397918863e-136,-2.0881933835426025e-06,0.0
2.4628000000000034e-08,0.0,-3.7163848555339175e-134,4.696503863866982e-136,-2.0881933835426025e-06,0.0
2.4728000000000035e-08,0.0,3.1507699342229763e-134,-3.9817198017682875e-136,-2.0881933835426025e-06,0.0
2.4828000000000035e-08,0.0,-2.6712387344978663e-134,3.3757222477116597e-136,-2.0881933835426025e-06,0.0
2.4928000000000036e-08,0.0,2.264689750647085e-134,-2.8619544470911604e-136,-2.0881933835426025e-06,0.0
2.5028000000000037e-08,0.0,-1.9200154596627846e-134,2.4263794993052046e-136,-2.0881933835426025e-06,0.0
2.5128000000000038e-08,0.0,1.6277988471890113e-134,-2.0570968488510755e-136,-2.0881933835426025e-06,0.0
2.522800000000004e-08,0.0,-1.3800561206810542e-134,1.7440171443723286e-136,-2.0881933835426025e-06,0.0
2.532800000000004e-08,0.0,1.1700185803166955e-134,-1.4785865826251076e-136,-2.0881933835426025e-06,0.0
2.542800000000004e-08,0.0,-9.91947688048168e-135,1.2535532058094903e-136,-2.0881933835426025e-06,0.0
2.5528000000000042e-08,0.0,8.409782822062295e-135,-1.0627687673237795e-136,-2.0881933835426025e-06,0.0
2.5628000000000043e-08,0.0,-7.129856540461006e-135,9.010207524999636e-137,-2.0881933835426025e-06,0.0
2.5728000000000044e-08,0.0,6.044728545687769e-135,-7.63889964964814e-137,-2.0881933835426025e-06,0.0
2.5828000000000044e-08,0.0,-5.12475152672427e-135,6.4762978760947695e-137,-2.0881933835426025e-06,0.0
2.5928000000000045e-08,0.0,4.3447903428845415e-135,-5.490638194452907e-137,-2.0881933835426025e-06,0.0
2.6028000000000046e-08,0.0,-3.683535294381197e-135,4.65499091597345e-137,-2.0881933835426025e-06,0.0
2.6128000000000047e-08,0.0,3.1229199096276257e-135,-3.9465249139349745e-137,-2.0881933835426025e-06,0.0
2.6228000000000048e-08,0.0,-2.647627342359149e-135,3.345883843264718e-137,-2.0881933835426025e-06,0.0
2.632800000000005e-08,0.0,2.244671892608232e-135,-2.836657296422275e-137,-2.0881933835426025e-06,0.0
2.642800000000005e-08,0.0,-1.9030442180642603e-135,2.404932446635848e-137,-2.0881933835426025e-06,0.0
2.652800000000005e-08,0.0,1.6134105424644772e-135,-2.0389139287917806e-137,-2.0881933835426025e-06,0.0
2.662800000000005e-08,0.0,-1.3678576429418626e-135,1.7286015725036157e-137,-2.0881933835426025e-06,0.0
2.6728000000000052e-08,0.0,1.1596766490049524e-135,-1.4655171825882637e-137,-2.0881933835426025e-06,0.0
2.6828000000000053e-08,0.0,-9.831797462161166e-136,1.242472902156487e-137,-2.0881933835426025e-06,0.0
2.6928000000000054e-08,0.0,8.335447766401128e-136,-1.0533748296742193e-137,-2.0881933835426025e-06,0.0
2.7028000000000055e-08,0.0,-7.06683490316011e-136,8.930565245045436e-138,-2.0881933835426025e-06,0.0
2.7128000000000056e-08,0.0,5.991298481867146e-136,-7.571378520663428e-138,-2.0881933835426025e-06,0.0
2.7228000000000057e-08,0.0,-5.079453247559517e-136,6.419053120401002e-138,-2.0881933835426025e-06,0.0
2.7328000000000058e-08,0.0,4.306386232004632e-136,-5.442105800163546e-138,-2.0881933835426025e-06,0.0
2.742800000000006e-08,0.0,-3.650976094348186e-136,4.613844905885369e-138,-2.0881933835426025e-06,0.0
2.752800000000006e-08,0.0,3.095316054662603e-136,-3.911641117842126e-138,-2.0881933835426025e-06,0.0
2.762800000000006e-08,0.0,-2.6242246540818746e-136,3.316309183968017e-138,-2.0881933835426025e-06,0.0
2.772800000000006e-08,0.0,2.2248309747618926e-136,-2.811583750233853e-138,-2.0881933835426025e-06,0.0
2.7828000000000062e-08,0.0,-1.88622298725859e-136,2.3836749669764124e-138,-2.0881933835426025e-06,0.0
2.7928000000000063e-08,0.0,1.599149417651149e-136,-2.0208917296942315e-138,-2.0881933835426025e-06,0.0
2.8028000000000064e-08,0.0,-1.3557669889765912e-136,1.7133222606800118e-138,-2.0881933835426025e-06,0.0
2.8128000000000065e-08,0.0,1.1494261312357428e-136,-1.4525633045101025e-138,-2.0881933835426025e-06,0.0
2.8228000000000066e-08,0.0,-9.744893052491774e-137,1.2314905386052608e-138,-2.0881933835426025e-06,0.0
2.8328000000000067e-08,0.0,8.2617697670061e-137,-1.044063926140431e-138,-2.0881933835426025e-06,0.0
2.8428000000000068e-08,0.0,-7.004370321494982e-137,8.851626932532584e-139,-2.0881933835426025e-06,0.0
2.852800000000007e-08,0.0,5.938340692640544e-137,-7.504454218850175e-139,-2.0881933835426025e-06,0.0
2.862800000000007e-08,0.0,-5.034555365191486e-137,6.362314357808514e-139,-2.0881933835426025e-06,0.0
2.872800000000007e-08,0.0,4.2683215795602475e-137,-5.3940023893942305e-139,-2.0881933835426025e-06,0.0
2.882800000000007e-08,0.0,-3.618704688898928e-137,4.573062590200564e-139,-2.0881933835426025e-06,0.0
2.8928000000000072e-08,0.0,3.067956193405706e-137,-3.8770656637104075e-139,-2.0881933835426025e-06,0.0
2.9028000000000073e-08,0.0,-2.6010288249081605e-137,3.2869959385495078e-139,-2.0881933835426025e-06,0.0
2.9128000000000074e-08,0.0,2.2051654331129746e-137,-2.786731832058072e-139,-2.0881933835426025e-06,0.0
2.9228000000000075e-08,0.0,-1.8695504412827994e-137,2.36260538467004e-139,-2.0881933835426025e-06,0.0
2.9328000000000076e-08,0.0,1.5850143485908907e-137,-2.0030288309261378e-139,-2.0881933835426025e-06,0.0
2.9428000000000077e-08,0.0,-1.3437832057182692e-137,1.6981780044836546e-139,-2.0881933835426025e-06,0.0
2.9528000000000078e-08,0.0,1.1392662189940546e-137,-1.4397239272780248e-139,-2.0881933835426025e-06,0.0
2.962800000000008e-08,0.0,-9.658756801081245e-138,1.2206052494521173e-139,-2.0881933835426025e-06,0.0
2.972800000000008e-08,0.0,8.188743016079902e-138,-1.0348353227738908e-139,-2.0881933835426025e-06,0.0
2.982800000000008e-08,0.0,-6.942457871585593e-138,8.773386365012242e-140,-2.0881933835426025e-06,0.0
2.992800000000008e-08,0.0,5.885851003517492e-138,-7.438121468781778e-140,-2.0881933835426025e-06,0.0
3.002800000000008e-08,0.0,-4.9900543404659786e-138,6.306077115785965e-140,-2.0881933835426025e-06,0.0
3.012800000000008e-08,0.0,4.230593385038504e-138,-5.346324170308695e-140,-2.0881933835426025e-06,0.0
3.0228000000000084e-08,0.0,-3.58671853418338e-138,4.532640754182074e-140,-2.0881933835426025e-06,0.0
3.0328000000000085e-08,0.0,3.040838169167962e-138,-3.8427958260687053e-140,-2.0881933835426025e-06,0.0
3.0428000000000086e-08,0.0,-2.578038026386155e-138,3.2579417963415676e-140,-2.0881933835426025e-06,0.0
3.0528000000000086e-08,0.0,2.1856737174907224e-138,-2.7620995828987463e-140,-2.0881933835426025e-06,0.0
3.062800000000009e-08,0.0,-1.8530252658942585e-138,2.3417220388701915e-140,-2.0881933835426025e-06,0.0
3.072800000000009e-08,0.0,1.5710042210621318e-138,-1.985323824413098e-140,-2.0881933835426025e-06,0.0
3.082800000000009e-08,0.0,-1.3319053485241975e-138,1.6831676101421203e-140,-2.0881933835426025e-06,0.0
3.092800000000009e-08,0.0,1.1291961114070137e-138,-1.426998038805592e-140,-2.0881933835426025e-06,0.0
3.102800000000009e-08,0.0,-9.573381918088722e-139,1.2098161766451108e-140,-2.0881933835426025e-06,0.0
3.112800000000009e-08,0.0,8.11636175716101e-139,-1.0256882921137469e-140,-2.0881933835426025e-06,0.0
3.122800000000009e-08,0.0,-6.881092673074664e-139,8.69583737503487e-141,-2.0881933835426025e-06,0.0
3.1328000000000094e-08,0.0,5.8338252769063346e-139,-7.372375041662828e-141,-2.0881933835426025e-06,0.0
3.1428000000000095e-08,0.0,-4.9459466655117934e-139,6.250336961334507e-141,-2.0881933835426025e-06,0.0
3.1528000000000095e-08,0.0,4.1931986744484034e-139,-5.299067384587606e-141,-2.0881933835426025e-06,0.0
3.1628000000000096e-08,0.0,-3.5550151088368856e-139,4.4925762115080516e-141,-2.0881933835426025e-06,0.0
3.17280000000001e-08,0.0,3.013959844323625e-139,-3.8088289035369707e-141,-2.0881933835426025e-06,0.0
3.18280000000001e-08,0.0,-2.5552504462259055e-139,3.229144467100642e-141,-2.0881933835426025e-06,0.0
3.19280000000001e-08,0.0,2.166354291426519e-139,-2.73768506107567e-141,-2.0881933835426025e-06,0.0
3.20280000000001e-08,0.0,-1.8366461584670783e-139,2.321023283410564e-141,-2.0881933835426025e-06,0.0
3.21280000000001e-08,0.0,1.5571179306920371e-139,-1.967775314526975e-141,-2.0881933835426025e-06,0.0
3.22280000000001e-08,0.0,-1.3201324811014829e-139,1.668289894434783e-141,-2.0881933835426025e-06,0.0
3.23280000000001e-08,0.0,1.1192150146807561e-139,-1.4143846359523558e-141,-2.0881933835426025e-06,0.0
3.2428000000000103e-08,0.0,-9.488761673689558e-140,1.1991224697166872e-141,-2.0881933835426025e-06,0.0
3.2528000000000104e-08,0.0,8.044620284669947e-140,-1.0166221131292979e-141,-2.0881933835426025e-06,0.0
3.2628000000000105e-08,0.0,-6.820269888742965e-140,8.618973849665477e-142,-2.0881933835426025e-06,0.0
3.2728000000000106e-08,0.0,5.782259411788063e-140,-7.30720975491625e-142,-2.0881933835426025e-06,0.0
3.282800000000011e-08,0.0,-4.902228863464217e-140,6.1950895006386395e-142,-2.0881933835426025e-06,0.0
3.292800000000011e-08,0.0,4.1561345000864013e-140,-5.252228307132258e-142,-2.0881933835426025e-06,0.0
3.302800000000011e-08,0.0,-3.523591913781428e-140,4.4528658040206086e-142,-2.0881933835426025e-06,0.0
3.312800000000011e-08,0.0,2.9873191001416725e-140,-3.77516221861318e-142,-2.0881933835426025e-06,0.0
3.322800000000011e-08,0.0,-2.5326642881565033e-140,3.200601680826731e-142,-2.0881933835426025e-06,0.0
3.332800000000011e-08,0.0,2.147205632032777e-140,-2.713486342071436e-142,-2.0881933835426025e-06,0.0
3.342800000000011e-08,0.0,-1.8204118278894358e-140,2.3005074866755434e-142,-2.0881933835426025e-06,0.0
3.3528000000000113e-08,0.0,1.5433543828694519e-140,-1.9503819179756977e-142,-2.0881933835426025e-06,0.0
3.3628000000000114e-08,0.0,-1.308463675433236e-140,1.653543684599699e-142,-2.0881933835426025e-06,0.0
3.3728000000000115e-08,0.0,1.1093221420378556e-140,-1.4018827244447028e-142,-2.0881933835426025e-06,0.0
3.3828000000000116e-08,0.0,-9.404889397544815e-141,1.1885232857167195e-142,-2.0881933835426025e-06,0.0
3.392800000000012e-08,0.0,7.973512943459523e-141,-1.0076360711630651e-142,-2.0881933835426025e-06,0.0
3.402800000000012e-08,0.0,-6.759984724128022e-141,8.542789730002432e-143,-2.0881933835426025e-06,0.0
3.412800000000012e-08,0.0,5.731149343393074e-141,-7.242620471773839e-143,-2.0881933835426025e-06,0.0
3.422800000000012e-08,0.0,-4.858897488190954e-141,6.140330378720844e-143,-2.0881933835426025e-06,0.0
3.432800000000012e-08,0.0,4.119397940304054e-141,-5.2058032457701705e-143,-2.0881933835426025e-06,0.0
3.442800000000012e-08,0.0,-3.492446472028633e-141,4.413506401477528e-143,-2.0881933835426025e-06,0.0
3.452800000000012e-08,0.0,2.960913836618795e-141,-3.7417931174617877e-143,-2.0881933835426025e-06,0.0
3.462800000000012e-08,0.0,-2.5102777717844892e-141,3.172311187584816e-143,-2.0881933835426025e-06,0.0
3.4728000000000124e-08,0.0,2.1282262298828894e-141,-2.6895015183796036e-143,-2.0881933835426025e-06,0.0
3.4828000000000125e-08,0.0,-1.8043209944617983e-141,2.2801730314714895e-143,-2.0881933835426025e-06,0.0
3.4928000000000126e-08,0.0,1.52971249265862e-141,-1.9331422636944099e-143,-2.0881933835426025e-06,0.0
3.502800000000013e-08,0.0,-1.2968980117054185e-141,1.6389278182409808e-143,-2.0881933835426025e-06,0.0
3.512800000000013e-08,0.0,1.0995167136553026e-141,-1.3894913187976441e-143,-2.0881933835426025e-06,0.0
3.522800000000013e-08,0.0,-9.321758478275458e-142,1.1780177891459043e-143,-2.0881933835426025e-06,0.0
3.532800000000013e-08,0.0,7.903034128369053e-142,-9.987294578746067e-144,-2.0881933835426025e-06,0.0
3.542800000000013e-08,0.0,-6.700232427146172e-142,8.467279010698688e-144,-2.0881933835426025e-06,0.0
3.552800000000013e-08,0.0,5.680491042880727e-142,-7.178602100872623e-144,-2.0881933835426025e-06,0.0
3.562800000000013e-08,0.0,-4.815949124020472e-142,6.086055279097209e-144,-2.0881933835426025e-06,0.0
3.572800000000013e-08,0.0,4.0829860992777094e-142,-5.159788540964734e-144,-2.0881933835426025e-06,0.0
3.5828000000000134e-08,0.0,-3.461576328484516e-142,4.37449490130484e-144,-2.0881933835426025e-06,0.0
3.5928000000000135e-08,0.0,2.934741972313861e-142,-3.7087189697050525e-144,-2.0881933835426025e-06,0.0
3.6028000000000136e-08,0.0,-2.488089132453511e-142,3.144270757327197e-144,-2.0881933835426025e-06,0.0
3.6128000000000137e-08,0.0,2.1094145888922467e-142,-2.6657286993544903e-144,-2.0881933835426025e-06,0.0
3.622800000000014e-08,0.0,-1.7883723897960426e-142,2.2600183148993764e-144,-2.0881933835426025e-06,0.0
3.632800000000014e-08,0.0,1.5161911847136574e-142,-1.9160549927371072e-144,-2.0881933835426025e-06,0.0
3.642800000000014e-08,0.0,-1.2854345782343337e-142,1.6244411432374438e-144,-2.0881933835426025e-06,0.0
3.652800000000014e-08,0.0,1.0897979566030358e-142,-1.377209442236855e-144,-2.0881933835426025e-06,0.0
3.662800000000014e-08,0.0,-9.239362362941217e-143,1.1676051518901373e-144,-2.0881933835426025e-06,0.0
3.672800000000014e-08,0.0,7.833178283782528e-143,-9.899015711844885e-145,-2.0881933835426025e-06,0.0
3.682800000000014e-08,0.0,-6.641008287717976e-143,8.392435739489972e-145,-2.0881933835426025e-06,0.0
3.6928000000000144e-08,0.0,5.630280517021777e-143,-7.115149595852114e-145,-2.0881933835426025e-06,0.0
3.7028000000000145e-08,0.0,-4.773380385472759e-143,6.0322599234381426e-145,-2.0881933835426025e-06,0.0
3.7128000000000146e-08,0.0,4.046896106780239e-143,-5.114180565526108e-145,-2.0881933835426025e-06,0.0
3.7228000000000146e-08,0.0,-3.4309790497559585e-143,4.335828228352877e-145,-2.0881933835426025e-06,0.0
3.732800000000015e-08,0.0,2.9088014441838354e-143,-3.675937168215299e-145,-2.0881933835426025e-06,0.0
3.742800000000015e-08,0.0,-2.466096621105219e-143,3.1164781797178837e-145,-2.0881933835426025e-06,0.0
3.752800000000015e-08,0.0,2.0907692262003084e-143,-2.6421660110619594e-145,-2.0881933835426025e-06,0.0
3.762800000000015e-08,0.0,-1.7725647567154794e-143,2.2400417482284146e-145,-2.0881933835426025e-06,0.0
3.772800000000015e-08,0.0,1.5027893931937872e-143,-1.8991187581697498e-145,-2.0881933835426025e-06,0.0
3.782800000000015e-08,0.0,-1.2740724713947653e-143,1.6100825176515245e-145,-2.0881933835426025e-06,0.0
3.792800000000015e-08,0.0,1.080165104783011e-143,-1.3650361266219603e-145,-2.0881933835426025e-06,0.0
3.8028000000000154e-08,0.0,-9.15769455652401e-144,1.1572845531550011e-145,-2.0881933835426025e-06,0.0
3.8128000000000155e-08,0.0,7.763939903190668e-144,-9.811517152191351e-146,-2.0881933835426025e-06,0.0
3.8228000000000155e-08,0.0,-6.582307637396935e-144,8.318254016723892e-146,-2.0881933835426025e-06,0.0
3.8328000000000156e-08,0.0,5.580513807883601e-144,-7.052257954957836e-146,-2.0881933835426025e-06,0.0
3.842800000000016e-08,0.0,-4.7311879169924563e-144,5.978940071230359e-146,-2.0881933835426025e-06,0.0
3.852800000000016e-08,0.0,4.011125117954786e-144,-5.068975724325918e-146,-2.0881933835426025e-06,0.0
3.862800000000016e-08,0.0,-3.400652223958883e-144,4.297503334653311e-146,-2.0881933835426025e-06,0.0
3.872800000000016e-08,0.0,2.8830902074211624e-144,-3.64344512890967e-146,-2.0881933835426025e-06,0.0
3.882800000000016e-08,0.0,-2.4442985041413933e-144,3.08893126395826e-146,-2.0881933835426025e-06,0.0
3.892800000000016e-08,0.0,2.0722886720537094e-144,-2.6188115961318673e-146,-2.0881933835426025e-06,0.0
3.902800000000016e-08,0.0,-1.7568968491557493e-144,2.220241756770726e-146,-2.0881933835426025e-06,0.0
3.9128000000000163e-08,0.0,1.4895060616793256e-144,-1.882332224963986e-146,-2.0881933835426025e-06,0.0
3.9228000000000164e-08,0.0,-1.2628107955487447e-144,1.5958508096394442e-146,-2.0881933835426025e-06,0.0
3.9328000000000165e-08,0.0,1.070617398868816e-144,-1.3529704123699987e-146,-2.0881933835426025e-06,0.0
3.9428000000000166e-08,0.0,-9.076748621415987e-145,1.1470551794012801e-146,-2.0881933835426025e-06,0.0
3.952800000000017e-08,0.0,7.695313528756881e-145,-9.724792002557746e-147,-2.0881933835426025e-06,0.0
3.962800000000017e-08,0.0,-6.524125849001489e-145,8.244727994896835e-147,-2.0881933835426025e-06,0.0
3.972800000000017e-08,0.0,5.531186992518202e-145,-6.989922220645568e-147,-2.0881933835426025e-06,0.0
3.982800000000017e-08,0.0,-4.689368392684353e-145,5.92609151944339e-147,-2.0881933835426025e-06,0.0
3.992800000000017e-08,0.0,3.975670313090516e-145,-5.024170454013249e-147,-2.0881933835426025e-06,0.0
4e-08,0.0,-3.159440848036886e-145,3.9926774882681764e-147,-2.0881933835426025e-06,0.0
4.000000164002209e-08,2.7060364466719947e-06,-3.1581831599361555e-145,3.991088111036254e-147,-2.0831220410855167e-06,-0.007425000008845817
4.000000492006627e-08,8.118109340015983e-06,-3.1556687848468158e-145,3.9879106219488374e-147,-2.0831220410855167e-06,-0.007425000014282495
4.0000011480154616e-08,1.894225511578518e-05,-3.1506460377072704e-145,3.9815632299904165e-147,-2.0831220410855167e-06,-0.007425000010176026
4.0000024600331314e-08,4.059054666732357e-05,-3.140624507847776e-145,3.968898730613922e-147,-2.0831220410855167e-06,-0.007425000046902568
4.000005084068472e-08,8.388712978131913e-05,-3.1206769253087544e-145,3.943690389143922e-147,-2.0868473313839786e-06,-0.007425000079161142
4.0000103321391515e-08,0.0001704802959983915,-3.0811606464056092e-145,3.893752515710339e-147,-2.087778653958594e-06,-0.007425000175510416
4.000020828280512e-08,0.00034366662844345495,-3.0036197955780534e-145,3.795761882428104e-147,-2.088244315245902e-06,-0.00742500034105803
4.0000418205632324e-08,0.000690039293333582,-2.8543195519796396e-145,3.6070868129266756e-147,-2.088011484602248e-06,-0.0074250006974317245
4.0000838051286736e-08,0.0013827846231138359,-2.5774428544479474e-145,3.257189660107823e-147,-2.088011484602248e-06,-0.007425001384900626
4.0001677742595554e-08,0.002768275282663425,-2.1005356743257552e-145,2.654508156134545e-147,-2.088127899924075e-06,-0.007425002784999857
4.00033571252132e-08,0.005539256601773522,-1.3890318495728142e-145,1.7553600345330488e-147,-2.0881570037545316e-06,-0.007425005560329323
4.0006715890448475e-08,0.011081219239982797,-5.843203174001296e-146,7.38422616334196e-148,-2.0881861075849883e-06,-0.007425011135710813
4.001343342091903e-08,0.022165144516401347,-5.935375652397026e-147,7.5007072111234955e-149,-2.08817155566976e-06,-0.007425022261808856
4.002686848186015e-08,0.04433299506924936,1.4237658337791578e-147,-1.7992543824720996e-149,-1.581523022764486e-05,-0.007425044538673653
4.0053738603742385e-08,0.08866869617493447,-7.556938913183792e-148,9.549923970011268e-150,-0.00015876937405323588,-0.007425089067714552
4.010747884750685e-08,0.1773400983863047,5.54835029050739e-148,-7.011611978042278e-150,-0.0009106105738112547,-0.007425178150491263
4.020747884750685e-08,0.34234009838630625,-4.7039195238177934e-148,5.944480209463562e-150,-0.003963200570666459,-0.007425343892421665
4.0307478847506854e-08,0.5073400983863077,3.988006835906996e-148,-5.039760476063656e-150,-0.009166901677701844,-0.007425509650822448
4.0407478847506855e-08,0.6723400983863091,-3.381052427175575e-148,4.272734500945471e-150,-0.016521713895855328,-0.007425675392752851
4.0507478847506856e-08,0.8373400983863106,2.866473400291664e-148,-3.62244598461796e-150,-0.02602763722512691,-0.007425841151146528
4.051534057791147e-08,0.8503119535539193,6.673634634601967e-150,-8.433666539520443e-152,-0.026866172211271078,-0.007425854173746416
4.053106403872069e-08,0.8762556638891367,-2.0853549117374375e-150,2.63532384611376e-152,-0.028583128251455037,-0.007425880243630445
4.0533972015335864e-08,0.8810538253041745,-9.97075951382833e-151,1.2600340032076517e-152,-0.02890649811052981,-0.007425885055383219
4.053978796856621e-08,0.8906501481342504,-1.7174863134904042e-151,2.1704381191173522e-153,-0.029558695073603758,-0.007425894703558811
4.05415551357721e-08,0.8935659740239681,-1.1106932562629638e-151,1.403616043191661e-153,-0.029758305268956065,-0.0074258976244010455
4.054508947018388e-08,0.8993976258034032,-4.436966916394872e-152,5.607130370046291e-154,-0.03015954100186491,-0.007425903490812402
4.054646680780324e-08,0.9016702328753434,-3.1656357795264726e-152,4.000512131771602e-154,-0.03008586803008484,-0.007425905765529706
4.05480269038628e-08,0.9042443913736159,-2.1573910239090286e-152,2.7263638184977652e-154,-0.029908382058749794,-0.0074259083595649145
4.0548921782081216e-08,0.9057209404340052,-1.7345420513035579e-152,2.1919972308782985e-154,-0.02980714294454856,-0.007425909834651634
4.055005546130055e-08,0.9075915111459097,-1.3148256329098913e-152,1.6615893390838344e-154,-0.029678848124149226,-0.007425911721966827
4.055232281973922e-08,0.9113326525697081,-7.471915746380593e-153,9.442535942566988e-155,-0.029423341163152372,-0.007425915471856115
4.0556857536616556e-08,0.9188149354173156,-2.1657720316786447e-153,2.7370066698278572e-155,-0.028915368508506845,-0.007425922996446843
4.0565926970371225e-08,0.9337795011125197,1.0423521812425416e-154,-1.3166922666290571e-156,-0.027912693561688684,-0.007425938020716671
4.058406583788056e-08,0.9637086325029279,-3.9133939228089685e-155,4.950754178403081e-157,-0.025960425394487174,-0.0074259680942390105
4.0620343572899246e-08,1.0235668952837553,2.465193586384703e-155,-3.110608148771295e-157,-0.02226821560202552,-0.007426028216329428
4.0692899042936606e-08,1.143283420845399,-1.962554657209471e-155,2.4839219814887567e-157,-0.015733102505066654,-0.007426148485464523
4.079289904293661e-08,1.3082834208454006,1.663863251133278e-155,-2.0998917778002952e-157,-0.008581974685768046,-0.007426314227302555
4.089289904293661e-08,1.4732834208454022,-1.4106321046982034e-155,1.784700090503401e-157,-0.003581957977615957,-0.007426479985781498
4.099289904293661e-08,1.6382834208454038,1.195940761231788e-155,-1.5098439262924353e-157,-0.0007330523805535449,-0.007426645727662162
4.109289904293661e-08,1.8032834208454052,-1.0139248601639123e-155,1.2824294894144614e-157,-2.0881933835426025e-06,-0.007426811486112683
4.119289904293661e-08,1.9682834208454068,8.596104817897121e-156,-1.0855043021972402e-157,-2.0881933835426025e-06,-0.007426977227964926
4.129289904293661e-08,2.133283420845408,-7.287822437932538e-156,9.215789088606942e-158,-2.0881933835426025e-06,-0.007427142986443869
4.139289904293661e-08,2.2982834208454093,6.178651979613253e-156,-7.8037667020697e-158,-2.0881933835426025e-06,-0.00742730872826769
4.1492899042936614e-08,2.4632834208454106,-5.238293121944379e-156,6.622998978328551e-158,-2.0881933835426025e-06,-0.0074274744867466325
4.1592899042936614e-08,2.6282834208454124,4.4410510215457367e-156,-5.609923126476881e-158,-2.0881933835426025e-06,-0.007427640228627297
4.1692899042936615e-08,2.793283420845414,-3.7651459254325377e-156,4.7598605398749295e-158,-2.0881933835426025e-06,-0.007427805987049396
4.1792899042936616e-08,2.958283420845415,3.1921095673503987e-156,-4.032686419067667e-158,-2.0881933835426025e-06,-0.007427971728986904
4.189289904293662e-08,3.123283420845417,-2.7062868683936745e-156,3.4209507827491497e-158,-2.0881933835426025e-06,-0.007428137487409003
4.199289904293662e-08,3.2882834208454184,2.294403601774648e-156,-2.898816089277294e-158,-2.0881933835426025e-06,-0.007428303229289668
4.2e-08,3.2999999999999967,1.6987470913966126e-157,-2.1400179541720002e-159,-2.088178831627374e-06,-0.007428315007416586
4.200006840382825e-08,3.3000000000000003,1.6709921101233257e-157,-2.1049445844773644e-159,-2.0887099765332096e-06,-3.3150035960716195e-06
4.200020521148476e-08,3.3000000000000003,1.616389096848254e-157,-2.0359439827230357e-159,-2.0887099765332096e-06,-3.3150031413242687e-06
4.200047882679777e-08,3.3000000000000003,1.5124498062416135e-157,-1.9045985034052003e-159,-2.088244315245902e-06,-3.3150035960716195e-06
4.20010260574238e-08,3.3000000000000003,1.3239975726222954e-157,-1.6664571723200174e-159,-2.088011484602248e-06,-3.3150031413242687e-06
4.2002120518675854e-08,3.3000000000000003,1.0134056032297688e-157,-1.273975490117371e-159,-2.0881861075849883e-06,-3.3150035392282007e-06
4.200430944117997e-08,3.3000000000000003,5.878569372574317e-158,-7.362418975950466e-160,-2.0881570037545316e-06,-3.3150031413242687e-06
4.20086872861882e-08,3.3000000000000003,1.7982242622604255e-158,-2.206852225185319e-160,-2.0881861075849883e-06,-3.3150035392282007e-06
4.201744297620465e-08,3.3000000000000003,-5.494732315252717e-160,1.3332117523720286e-161,-2.088178831627374e-06,-3.31500308448085e-06
4.203495435623756e-08,3.3000000000000003,1.978542290804273e-160,3.5547739586809577e-162,-2.088204297479024e-06,-3.3150035960716195e-06
4.206997711630337e-08,3.3000000000000003,-1.225951255463791e-160,6.988885288688315e-162,-2.0881933835426025e-06,-3.31500308448085e-06
4.214002263643499e-08,3.3000000000000003,9.671838838492619e-161,3.16497342679111e-162,-2.0881933835426025e-06,-3.3150035392282007e-06
4.2240022636434993e-08,3.3000000000000003,-8.206135300195906e-161,4.260642970131228e-162,-2.0881933835426025e-06,-3.3150031413242687e-06
4.2340022636434994e-08,3.3000000000000003,6.952573151910236e-161,1.4899972565629147e-162,-2.0881933835426025e-06,-3.3150035960716195e-06
4.2440022636434995e-08,3.3000000000000003,-5.897828768125466e-161,2.4857142729736876e-162,-2.0881933835426025e-06,-3.3150031413242687e-06
4.2540022636434996e-08,3.3000000000000003,4.997709475622522e-161,6.472114478451601e-163,-2.0881933835426025e-06,-3.3150035960716195e-06
4.2640022636435e-08,3.3000000000000003,-4.238920135162661e-161,1.4752996727015134e-162,-2.0881933835426025e-06,-3.3150031413242687e-06
4.2740022636435e-08,3.3000000000000003,3.59242845075252e-161,2.3641596355619236e-163,-2.0881933835426025e-06,-3.3150035960716195e-06
4.2840022636435e-08,3.3000000000000003,-3.046670671194954e-161,8.923035778276761e-163,-2.0881933835426025e-06,-3.3150031413242687e-06
4.2940022636435e-08,3.3000000000000003,2.5822542482467907e-161,4.6412606099126074e-164,-2.0881933835426025e-06,-3.3150035960716195e-06
4.3040022636435e-08,3.3000000000000003,-2.1897836079183682e-161,5.5060749966306965e-163,-2.0881933835426025e-06,-3.3150031413242687e-06
4.3140022636435e-08,3.3000000000000003,1.8561162878047197e-161,-3.3325158292538045e-164,-2.0881933835426025e-06,-3.3150035960716195e-06
4.3240022636435e-08,3.3000000000000003,-1.5739138375186355e-161,3.4676363373982006e-163,-2.0881933835426025e-06,-3.3150031413242687e-06
4.3340022636435003e-08,3.3000000000000003,1.3341597635594358e-161,-5.995584087486913e-164,-2.0881933835426025e-06,-3.3150035960716195e-06
4.3440022636435004e-08,3.3000000000000003,-1.1312634610573559e-161,2.2279083106862295e-163,-2.0881933835426025e-06,-3.3150031413242687e-06
4.3540022636435005e-08,3.3000000000000003,9.589762439186554e-162,-6.253204176351523e-164,-2.0881933835426025e-06,-3.3150035960716195e-06
4.3640022636435006e-08,3.3000000000000003,-8.131091715189551e-162,1.4585411712122594e-163,-2.0881933835426025e-06,-3.3150031413242687e-06
4.374002263643501e-08,3.3000000000000003,6.892961784522694e-162,-5.544037826157776e-164,-2.0881933835426025e-06,-3.3150035960716195e-06
4.384002263643501e-08,3.3000000000000003,-5.844342808850384e-162,9.712537597466777e-164,-2.0881933835426025e-06,-3.3150031413242687e-06
4.394002263643501e-08,3.3000000000000003,4.954529280017749e-162,-4.5514660970328226e-164,-2.0881933835426025e-06,-3.3150035960716195e-06
4.404002263643501e-08,3.3000000000000003,-4.2007206207446786e-162,6.564823129463594e-164,-2.0881933835426025e-06,-3.3150031413242687e-06
4.414002263643501e-08,3.3000000000000003,3.561211821157691e-162,-3.577351372855606e-164,-2.0881933835426025e-06,-3.3150035960716195e-06
4.424002263643501e-08,3.3000000000000003,-3.0193460245577456e-162,4.493869996316203e-164,-2.0881933835426025e-06,-3.3150031413242687e-06
4.434002263643501e-08,3.3000000000000003,2.5597194641167593e-162,-2.7364452716747203e-164,-2.0881933835426025e-06,-3.3150035960716195e-06
4.444002263643501e-08,3.3000000000000003,-2.1702147237175982e-162,3.108734278754966e-164,-2.0881933835426025e-06,-3.3150031413242687e-06
4.4540022636435014e-08,3.3000000000000003,1.8398664604109896e-162,-2.056041364425398e-164,-2.0881933835426025e-06,-3.3150035960716195e-06
4.4640022636435015e-08,3.3000000000000003,-1.5598867621817912e-162,2.1689655502812675e-164,-2.0881933835426025e-06,-3.3150031413242687e-06
4.4740022636435016e-08,3.3000000000000003,1.3224515166174446e-162,-1.5259628256394133e-164,-2.0881933835426025e-06,-3.3150035960716195e-06
4.474381737177678e-08,3.3000000000000003,-1.8750425654865545e-15,-1.0719112267285298e-17,-2.088186107640246e-06,-3.31500308448085e-06
4.4751406842460305e-08,3.3000000000000003,1.34819392524216e-15,-1.646485527496151e-17,-2.0881715557111147e-06,-3.3150035960716195e-06
4.476658578382736e-08,3.3000000000000003,-3.99730489089411e-16,5.5981981159871705e-18,-2.0882006594879335e-06,-3.31500308448085e-06
4.479694366656146e-08,3.3000000000000003,2.291082415733691e-16,-2.3971173628709985e-18,-2.088191564553199e-06,-3.3150035392282007e-06
4.479846762070102e-08,3.3000000000000003,-4.9067992671746175e-15,-1.3160391034738747e-17,-2.088157003851129e-06,-3.31500308448085e-06
4.480151552898014e-08,3.3000000000000003,2.123695536667758e-15,-2.5829441594739378e-17,-2.088157003819671e-06,-3.3150035960716195e-06
4.4801668532771455e-08,3.3000000000000003,-8.143487556047776e-15,-2.7212083585799604e-17,-2.089175637998105e-06,-3.3150031413242687e-06
4.480197454035408e-08,3.3000000000000003,2.4469510587199003e-15,-2.9825638011436655e-17,-2.088477145964612e-06,-3.3150035392282007e-06
4.4802586555519333e-08,3.3000000000000003,2.108459705376325e-15,-2.555007551439271e-17,-2.088127899988744e-06,-3.31500308448085e-06
4.4802617278438114e-08,3.3000000000000003,-8.800805473858823e-15,-2.5859200698018446e-17,-2.0887099767134967e-06,-3.3150037097584573e-06
4.480267872427567e-08,3.3000000000000003,2.1827619572442533e-15,-2.6470447857470096e-17,-2.088709976600158e-06,-3.3150031413242687e-06
4.4802801615950786e-08,3.3000000000000003,2.118584153958137e-15,-2.5659832696330115e-17,-2.088709976598189e-06,-3.315003482384782e-06
4.480304739930101e-08,3.3000000000000003,1.995807395414396e-15,-2.41091034311579e-17,-2.0882443153071135e-06,-3.3150031981676875e-06
4.480305973752776e-08,3.3000000000000003,-9.014246957337381e-15,-2.4239408586809974e-17,-2.0868473315612723e-06,-3.315003482384782e-06
4.4803084413981246e-08,3.3000000000000003,2.027243970215968e-15,-2.4498828958387055e-17,-2.0887099765953856e-06,-3.3150032550111064e-06
4.480313376688823e-08,3.3000000000000003,2.003094235091435e-15,-2.4193810731307955e-17,-2.0887099765946444e-06,-3.3150037097584573e-06
4.4803136244384594e-08,3.3000000000000003,-9.061842934640226e-15,-2.4220129059814853e-17,-2.068220880069417e-06,-3.3150048466268345e-06
4.480314119937732e-08,3.3000000000000003,2.0094567172300127e-15,-2.4272717357685547e-17,-2.0980232023409945e-06,-3.3150039371321327e-06
4.480315110936276e-08,3.3000000000000003,2.004627045637297e-15,-2.4211717370253886e-17,-2.0831220411469986e-06,-3.315003482384782e-06
4.480317092933365e-08,3.3000000000000003,1.995002484412779e-15,-2.4090156942081148e-17,-2.0868473314451653e-06,-3.315003482384782e-06
4.480317192428833e-08,3.3000000000000003,-9.077843526997618e-15,-2.4100761140520717e-17,-2.038418557681504e-06,-3.315010303595045e-06
4.4803172171219785e-08,3.3000000000000003,0.4531643214856335,1.6954619159685595e-07,-0.013734977030503737,-3.315003027637431e-06
4.480317227312349e-08,3.3000000000000003,0.45319830791371973,3.094880995857854e-07,-0.013736002715462636,-3.3150175795526593e-06
4.480317232462645e-08,3.3000000000000003,0.45321548460874905,3.8021986260367734e-07,-0.013735090583697889,-3.3150175795526593e-06
4.480317239413923e-08,3.3000000000000003,0.4532386673932373,4.75689694212916e-07,-0.013736743896789168,-3.3150175795526593e-06
4.480317253316479e-08,3.3000000000000003,0.4532850317790239,6.666439468466549e-07,-0.01373861997520597,-3.3150175795526593e-06
4.480317281121591e-08,3.3000000000000003,0.4533777558186822,1.048610807252476e-06,-0.013741179893979069,-3.315003027637431e-06
4.4803173367318153e-08,3.3000000000000003,0.45356318497167347,1.8127779284377246e-06,-0.013746775988075673,-3.315010303595045e-06
4.480317447952264e-08,3.3000000000000003,0.4539339675864622,3.3420456108908377e-06,-0.013758025458864932,-3.315003027637431e-06
4.480317670393161e-08,3.3000000000000003,0.4546752301524957,6.404313445226676e-06,-0.013780366103813512,-3.3150048466268345e-06
4.4803181152749557e-08,3.3000000000000003,0.45615654545499706,1.2543768670728993e-05,-0.013825099685849784,-3.315003027637431e-06
4.480319005038544e-08,3.3000000000000003,0.4591143433177026,2.488227488297375e-05,-0.013914351537220555,-3.315003027637431e-06
4.4803207845657204e-08,3.3000000000000003,0.46501066056783313,4.9797012236405666e-05,-0.014092274996517128,-3.3150032550111064e-06
4.480324343620074e-08,3.3000000000000003,0.4767265990416242,0.00010057214741356573,-0.014445778373241121,-3.3150037097584573e-06
4.4803314617287815e-08,3.3000000000000003,0.4998550024353351,0.00020586355283815961,-0.015143471561909067,-3.3150031413242687e-06
4.480345697946196e-08,3.3000000000000003,0.5449238894004016,0.0004310852454492047,-0.01650241557850098,-3.3150036529150384e-06
4.480359699256052e-08,3.3000000000000003,0.5877434458586979,0.0006711366662795252,-0.017792746895203587,-3.3150031413242687e-06
4.480373739196915e-08,3.3000000000000003,0.6292328129055119,0.0009296790806140435,-0.019042206847206214,-3.3150035392282007e-06
4.480388656784977e-08,3.3000000000000003,0.6717817722334186,0.001223253066805217,-0.020322715153028904,-3.31500308448085e-06
4.4804048982542586e-08,3.3000000000000003,0.7163750312633718,0.0015641687373631622,-0.021663740313788097,-3.3150035960716195e-06
4.480422870916358e-08,3.3000000000000003,0.7637001241587793,0.001966251155641826,-0.02308569704731053,-3.3150031413242687e-06
4.480442412264829e-08,3.3000000000000003,0.8128490550710519,0.002431735311814389,-0.02456100146011932,-3.3150035960716195e-06
4.480463756507381e-08,3.3000000000000003,0.8639151552651697,0.0029722492216793695,-0.026092131131360812,-3.3150031413242687e-06
4.4804868186702864e-08,3.3000000000000003,0.9161755514346037,0.003591966749666864,-0.02765705220871898,-3.3150035392282007e-06
4.4805118602823007e-08,3.3000000000000003,0.9696806396380785,0.004304499155965355,-0.02925688013195411,-3.3150031413242687e-06
4.480538858413008e-08,3.3000000000000003,1.023810234010334,0.005116108070906675,-0.0308726307906074,-3.3150035960716195e-06
4.480568083364673e-08,3.3000000000000003,1.0785124195923996,0.006042080501414899,-0.03250226770954332,-3.3150031413242687e-06
4.4805995695744e-08,3.3000000000000003,1.1332311737752339,0.00709095797169883,-0.03412868232876064,-3.3150035960716195e-06
4.480633609093799e-08,3.3000000000000003,1.1878334401412616,0.008280120090514981,-0.035747316080475114,-3.31500308448085e-06
4.4806703022212e-08,3.3000000000000003,1.2418164400904328,0.009620947460854791,-0.037342587181560395,-3.3150035960716195e-06
4.480709980301231e-08,3.3000000000000003,1.294987710928462,0.011133553814840927,-0.03890805442817625,-3.31500308448085e-06
4.4807512906415194e-08,3.3000000000000003,1.3451233974457646,0.012771074723128167,-0.04037774594600071,-3.3150035392282007e-06
4.480795063628266e-08,3.3000000000000003,1.392997141525647,0.014568937754303525,-0.04177403275586484,-3.3150031413242687e-06
4.4808406797345303e-08,3.3000000000000003,1.4377170054833186,0.016503918581839867,-0.0430705889693626,-3.3150035392282007e-06
4.480888972517158e-08,3.3000000000000003,1.4799226827768612,0.018613085875611203,-0.04428567693262234,-3.31500308448085e-06
4.4809394321212795e-08,3.3000000000000003,1.5190013373832436,0.020875690887796085,-0.04540135399428441,-3.3150035960716195e-06
4.480992800308962e-08,3.3000000000000003,1.5554013190740426,0.023325938420088815,-0.04643017010083677,-3.3150031413242687e-06
4.481048703360956e-08,3.3000000000000003,1.588756039369014,0.025947354553860862,-0.047361515935711196,-3.3150035960716195e-06
4.4811078493725217e-08,3.3000000000000003,1.619410115665832,0.028773320051698074,-0.04820482255822454,-3.3150031413242687e-06
4.4811700019135515e-08,3.3000000000000003,1.6471759395996675,0.03179244592402173,-0.048954750265352946,-3.3150035392282007e-06
4.4812358667030875e-08,3.3000000000000003,1.6723309562053201,0.03503845834237187,-0.04961868463817907,-3.31500308448085e-06
4.4813053515225564e-08,3.3000000000000003,1.6948135012647507,0.03850596143360245,-0.05019492057195365,-3.3150035392282007e-06
4.481379201040429e-08,3.3000000000000003,1.714859759650104,0.04223081528793758,-0.050689528576084456,-3.31500308448085e-06
4.481457490843236e-08,3.3000000000000003,1.7324952412994923,0.04621518382430149,-0.05110321630596326,-3.3150035960716195e-06
4.481541061024039e-08,3.3000000000000003,1.7479310978455018,0.05049968956641791,-0.0514411514631155,-3.3150031413242687e-06
4.481630202756001e-08,3.3000000000000003,1.7612510967630879,0.05509668252247119,-0.051705498297122864,-3.3150035960716195e-06
4.481725936771207e-08,3.3000000000000003,1.7726506820825805,0.060055631208504656,-0.051900680561991465,-3.31500308448085e-06
4.481828860293964e-08,3.3000000000000003,1.7822503459536259,0.06540366490762316,-0.05202952743963193,-3.3150035392282007e-06
4.481940316266873e-08,3.3000000000000003,1.7902343682206674,0.07120591953456215,-0.05209564959454983,-3.31500308448085e-06
4.4820613802984025e-08,3.3000000000000003,1.7967437754247295,0.07751273098427816,-0.05210179536926991,-3.3150035392282007e-06
4.4821939754497555e-08,3.3000000000000003,1.8019528796949953,0.08441725517573645,-0.052050424217136855,-3.31500308448085e-06
4.4823400004190145e-08,3.3000000000000003,1.8060107209618266,0.09200952878436029,-0.05194332423555136,-3.3150035960716195e-06
4.4825025795823186e-08,3.3000000000000003,1.8090819339312192,0.1004405948301718,-0.05178090751653339,-3.31500308448085e-06
4.482685150090498e-08,3.3000000000000003,1.8113110677583113,0.10987362235470935,-0.05156260993661967,-3.3150035392282007e-06
4.482893090483684e-08,3.3000000000000003,1.8128463520624734,0.12056591071429823,-0.051285126500584914,-3.31500308448085e-06
4.4831332806380706e-08,3.3000000000000003,1.813821510883883,0.13284202922480415,-0.050942674151783225,-3.3150035392282007e-06
4.483416533959746e-08,3.3000000000000003,1.81436311094347,0.14721126136086013,-0.0505236555250152,-3.31500308448085e-06
4.483758634458977e-08,3.3000000000000003,1.814580971180233,0.16440609664021205,-0.05000920202644817,-3.3150035392282007e-06
4.4841861429425624e-08,3.3000000000000003,1.81456663366383,0.1856461133039063,-0.049365130658805136,-3.3150031413242687e-06
4.4847447560874637e-08,3.3000000000000003,1.8143846014554166,0.2129869946380476,-0.04853110278638049,-3.3150035960716195e-06
4.48552553370521e-08,3.3000000000000003,1.814059815257953,0.2504291646820723,-0.04738664922758342,-3.31500308448085e-06
4.486740729645219e-08,3.3000000000000003,1.813547312530208,0.30695823362451524,-0.04565811624022343,-3.3150035392282007e-06
4.4885204720797635e-08,3.3000000000000003,1.8128294933277231,0.3860586153083662,-0.0432393821876701,-3.3150031413242687e-06
4.490417302187967e-08,3.3000000000000003,1.8121063717426256,0.4657576567872155,-0.040802346220237616,-3.3150035960716195e-06
4.4925392101962074e-08,3.3000000000000003,1.8113455332361772,0.5496079478020499,-0.03823837183390331,-3.31500308448085e-06
4.494712591506845e-08,3.3000000000000003,1.8106157897730237,0.6300335869299616,-0.03577911708987548,-3.3150035392282007e-06
4.497110077781363e-08,3.3000000000000003,1.8098650568862185,0.7127714138730343,-0.033249159982484164,-3.3150031413242687e-06
4.499585207564547e-08,3.3000000000000003,1.809145649225814,0.7920573924668758,-0.030824753604451704,-3.3150035960716195e-06
4.502275868554822e-08,3.3000000000000003,1.8084229199749424,0.8717091922017633,-0.028389161096054463,-3.31500308448085e-06
4.505058072047463e-08,3.3000000000000003,1.8077355831165902,0.9474605324387709,-0.026072836858551104,-3.3150035392282007e-06
4.508020322580993e-08,3.3000000000000003,1.8070652538623289,1.0213373959851222,-0.02381383034762717,-3.31500308448085e-06
4.51086922401212e-08,3.3000000000000003,1.8064754616866843,1.0863383195259082,-0.02182623231371872,-3.3150035392282007e-06
4.513798261966609e-08,3.3000000000000003,1.8059203502158292,1.1475170654684983,-0.019955508804840462,-3.31500308448085e-06
4.516646629244573e-08,3.3000000000000003,1.8054262206187748,1.2019750203862087,-0.01829029362845754,-3.3150035392282007e-06
4.519563689913879e-08,3.3000000000000003,1.8049628764525705,1.2530401106101139,-0.0167288254544945,-3.3150031413242687e-06
4.522421950263875e-08,3.3000000000000003,1.8045472816927604,1.2988427495626689,-0.015328272502167369,-3.3150035960716195e-06
4.5253316545767677e-08,3.3000000000000003,1.8041599272556283,1.341533024594805,-0.0140228894054045,-3.3150031413242687e-06
4.528196634794783e-08,3.3000000000000003,1.8038107871481754,1.380011705064903,-0.012846288429077826,-3.3150035392282007e-06
4.5311003749556136e-08,3.3000000000000003,1.8034868069205885,1.4157175182674377,-0.011754476186627725,-3.31500308448085e-06
4.53397041089584e-08,3.3000000000000003,1.8031936664251296,1.4480244894453604,-0.010766593719761916,-3.3150035392282007e-06
4.536869713684837e-08,3.3000000000000003,1.8029225487723206,1.4779043261819418,-0.009852928164116384,-3.31500308448085e-06
4.5397435993532426e-08,3.3000000000000003,1.8026765302621197,1.5050179901861278,-0.009023846631590882,-3.3150035960716195e-06
4.5426395717312104e-08,3.3000000000000003,1.8024495631710493,1.5300320000091039,-0.008258968316323955,-3.3150031413242687e-06
4.5455163761501573e-08,3.3000000000000003,1.8022431594780437,1.5527797208008527,-0.007563388580070274,-3.3150035392282007e-06
4.548409851678955e-08,3.3000000000000003,1.8020530986036347,1.5737263019207444,-0.006922884087124193,-3.3150031413242687e-06
4.551288874787304e-08,3.3000000000000003,1.801879973539659,1.5928063898407447,-0.006339453217517707,-3.3150035392282007e-06
4.554180484037234e-08,3.3000000000000003,1.8017207832251139,1.610350731075518,-0.005802982405349776,-3.31500308448085e-06
4.5570611991975256e-08,3.3000000000000003,1.8015755983273023,1.626351537426112,-0.005313709799894806,-3.3150035392282007e-06
4.559951419772682e-08,3.3000000000000003,1.8014422426737122,1.641048644453078,-0.0048643017028658486,-3.31500308448085e-06
4.562833432212411e-08,3.3000000000000003,1.8013205059014978,1.6544652362602117,-0.0044540492017918504,-3.3150035392282007e-06
4.565722627550362e-08,3.3000000000000003,1.8012087785096051,1.6667786957857764,-0.004077528274384754,-3.31500308448085e-06
4.568605642821026e-08,3.3000000000000003,1.8011067137232124,1.6780272409500168,-0.003733570296800689,-3.3150035392282007e-06
4.571494090897886e-08,3.3000000000000003,1.801013098135547,1.6883446011017247,-0.003418086089897946,-3.3150031413242687e-06
4.57437789140999e-08,3.3000000000000003,1.8009275333151538,1.6977746874527426,-0.003129732936734409,-3.3150035392282007e-06
4.577265806791075e-08,3.3000000000000003,1.8008490879951367,1.7064201346780898,-0.0028653724781192015,-3.3150031413242687e-06
4.5801502334730787e-08,3.3000000000000003,1.8007773600765635,1.7143252580464572,-0.0026236496401616967,-3.3150035960716195e-06
4.583037784053032e-08,3.3000000000000003,1.8007116232351061,1.7215701058027517,-0.0024021167077441096,-3.31500308448085e-06
4.5859227234070914e-08,3.3000000000000003,1.800651497367591,1.728196568730064,-0.002199492744782661,-3.3150035392282007e-06
4.588810042844959e-08,3.3000000000000003,1.8005964079841021,1.7342679617007024,-0.0020138417092715774,-3.3150031413242687e-06
4.591695417113687e-08,3.3000000000000003,1.8005460092647039,1.7398223971563458,-0.0018439981989904132,-3.3150035392282007e-06
4.5945826143514345e-08,3.3000000000000003,1.8004998413797315,1.7449105529901647,-0.0016884125837666603,-3.3150031413242687e-06
4.597468374269688e-08,3.3000000000000003,1.8004575972485044,1.749566272468293,-0.001546050011606234,-3.3150035960716195e-06
4.600355542035067e-08,3.3000000000000003,1.8004189051857513,1.7538305191188428,-0.0014156578870116244,-3.31500308448085e-06
4.6032416608666664e-08,3.3000000000000003,1.800383496918766,1.7577328589344174,-0.001296332155817682,-3.3150035960716195e-06
4.606128881266398e-08,3.3000000000000003,1.8003510695852634,1.7613066707069436,-0.0011870521486400532,-3.31500308448085e-06
4.609015352559767e-08,3.3000000000000003,1.8003213914549325,1.7645774930288984,-0.0010870369519322893,-3.3150035392282007e-06
4.611902701461165e-08,3.3000000000000003,1.800294214165666,1.7675726981671196,-0.0009954495784298362,-3.31500308448085e-06
4.614789536106027e-08,3.3000000000000003,1.8002693391381168,1.7703141712354682,-0.0009116208252147238,-3.3150035392282007e-06
4.61767708826569e-08,3.3000000000000003,1.8002465616798797,1.7728244716166053,-0.0008348608679222296,-3.31500308448085e-06
4.620564313047908e-08,3.3000000000000003,1.8002257125994796,1.7751222457037539,-0.0007645995407686112,-3.3150035392282007e-06
4.623452145098357e-08,3.3000000000000003,1.800206622529114,1.7772261595493006,-0.0007002660678756736,-3.3150031413242687e-06
4.626339802932676e-08,3.3000000000000003,1.8001891479187189,1.7791520338117608,-0.0006413766888054141,-3.3150035960716195e-06
4.6292279975034774e-08,3.3000000000000003,1.8001731482058259,1.7809153598500023,-0.000587457714244058,-3.31500308448085e-06
4.632116146799301e-08,3.3000000000000003,1.8001585019729984,1.78252951898169,-0.0005380999576451684,-3.3150035392282007e-06
4.635004795783523e-08,3.3000000000000003,1.8001450922836164,1.7840073989116494,-0.0004929093515261662,-3.31500308448085e-06
4.6378935130187327e-08,3.3000000000000003,1.8001328166828416,1.7853602910681765,-0.0004515406193142664,-3.3150035960716195e-06
4.640782719526777e-08,3.3000000000000003,1.8001215777133146,1.786598936233562,-0.0004136653312803035,-3.31500308448085e-06
4.643672100871085e-08,3.3000000000000003,1.8001112890624476,1.7877328469564413,-0.00037899261270468775,-3.3150035392282007e-06
4.646561984841726e-08,3.3000000000000003,1.8001018694022406,1.7887709863319228,-0.0003472483900668602,-3.3150031413242687e-06
4.649452147230193e-08,3.3000000000000003,1.8000932461102745,1.7897213580420752,-0.00031818792687132464,-3.3150035960716195e-06
4.652342849504574e-08,3.3000000000000003,1.8000853512436592,1.790591450190492,-0.0002915822518310203,-3.31500308448085e-06
4.6552339353997e-08,3.3000000000000003,1.8000781237631303,1.7913879896972955,-0.00026722566926062853,-3.3150035392282007e-06
4.6581256204690946e-08,3.3000000000000003,1.8000715068593152,1.7921172377597554,-0.00024492672243856326,-3.31500308448085e-06
4.661017802870289e-08,3.3000000000000003,1.8000654492646868,1.792784844343501,-0.00022451265217082454,-3.3150035392282007e-06
4.663910664775805e-08,3.3000000000000003,1.8000599034535383,1.7933960473741306,-0.00020582328598290738,-3.31500308448085e-06
4.6668041518546736e-08,3.3000000000000003,1.8000548263844054,1.7939555904328865,-0.00018871358369820877,-3.3150035392282007e-06
4.669698421306482e-08,3.3000000000000003,1.8000501782855458,1.794467856721767,-0.00017304950487144008,-3.31500308448085e-06
4.672593460111887e-08,3.3000000000000003,1.8000459230333836,1.7949368274421975,-0.00015870931962454158,-3.3150035960716195e-06
4.6754894133541133e-08,3.3000000000000003,1.8000420273303641,1.7953661722834902,-0.00014558081258979837,-3.3150031413242687e-06
4.678386300727315e-08,3.3000000000000003,1.8000384608740012,1.7957592309585406,-0.00013356186743565448,-3.3150035960716195e-06
4.681284263486289e-08,3.3000000000000003,1.8000351957781415,1.7961190766599984,-0.00012255850666478732,-3.31500308448085e-06
4.684183354658576e-08,3.3000000000000003,1.8000322066255363,1.7964485107137422,-0.00011248507322982992,-3.3150035960716195e-06
4.687083718826479e-08,3.3000000000000003,1.800029470060403,1.796750107223978,-0.00010326285604028633,-3.31500308448085e-06
4.6899854332460355e-08,3.3000000000000003,1.8000269647711538,1.7970262147110725,-9.482004032403947e-05,-3.3150035392282007e-06
4.6928886637422494e-08,3.3000000000000003,1.8000246711840722,1.7972789906583615,-8.709066001636403e-05,-3.31500308448085e-06
4.695900296045763e-08,3.3000000000000003,1.8000224976454489,1.797518535991254,-7.976584175137306e-05,-3.3150035960716195e-06
4.698984588521584e-08,3.3000000000000003,1.800020469787622,1.797742025949964,-7.29319664737199e-05,-3.3150031413242687e-06
4.702187775789808e-08,3.3000000000000003,1.8000185567573466,1.7979528607014545,-6.648506389545608e-05,-3.3150035392282007e-06
4.7054735629608846e-08,3.3000000000000003,1.800016779769788,1.798148702257864,-6.04966213909012e-05,-3.3150031413242687e-06
4.708885034579901e-08,3.3000000000000003,1.8000151143588399,1.7983322469231586,-5.488419321019433e-05,-3.3150035392282007e-06
4.7123960759754354e-08,3.3000000000000003,1.800013572507235,1.7985021741853293,-4.968815794952895e-05,-3.31500308448085e-06
4.71604526932462e-08,3.3000000000000003,1.800012136148808,1.7986604750547115,-4.484763442768151e-05,-3.3150035960716195e-06
4.719813381910241e-08,3.3000000000000003,1.8000108120160339,1.798806407523021,-4.0385310006944174e-05,-3.3150031413242687e-06
4.723735700152057e-08,3.3000000000000003,1.8000095865875598,1.7989414618110358,-3.625562039371097e-05,-3.3150035960716195e-06
4.727799497287784e-08,3.3000000000000003,1.8000084629106705,1.7990653020648422,-3.246883533255836e-05,-3.3150031413242687e-06
4.7320383455000446e-08,3.3000000000000003,1.8000074305580707,1.7991790774974956,-2.898980871749684e-05,-3.3150035392282007e-06
4.736445870088361e-08,3.3000000000000003,1.8000064900686028,1.7992827287446715,-2.582036387196749e-05,-3.31500308448085e-06
4.741055468025871e-08,3.3000000000000003,1.8000056331345824,1.7993771712494524,-2.2932500349409488e-05,-3.3150035960716195e-06
4.745867399799888e-08,3.3000000000000003,1.8000048586129562,1.7994625312210135,-2.032236342233441e-05,-3.3150031413242687e-06
4.7509166459993893e-08,3.3000000000000003,1.8000041596430156,1.7995395645474281,-1.796683861696195e-05,-3.3150035392282007e-06
4.756210959380878e-08,3.3000000000000003,1.8000035339719993,1.7996085197183458,-1.5858327588460186e-05,-3.31500308448085e-06
4.7617891900514976e-08,3.3000000000000003,1.800002975718761,1.7996700446700464,-1.3977017780061813e-05,-3.3150035392282007e-06
4.767668272242958e-08,3.3000000000000003,1.8000024819217697,1.7997244659955085,-1.2312922687825402e-05,-3.31500308448085e-06
4.773894060405889e-08,3.3000000000000003,1.800002047369609,1.7997723579075786,-1.0848483946812468e-05,-3.3150035960716195e-06
4.780495714228696e-08,3.3000000000000003,1.8000016686667484,1.7998140947056456,-9.572257189036333e-06,-3.31500308448085e-06
4.787530874123306e-08,3.3000000000000003,1.8000013410660778,1.7998501995200604,-8.46824338194813e-06,-3.3150035392282007e-06
4.795046289399634e-08,3.3000000000000003,1.800001060932475,1.7998810730129022,-7.5241938112403155e-06,-3.3150031413242687e-06
4.803119152236955e-08,3.3000000000000003,1.800000823857127,1.7999072010452584,-6.72525090880767e-06,-3.3150035392282007e-06
4.811823496230268e-08,3.3000000000000003,1.800000626104339,1.799928995346967,-6.0588239414254035e-06,-3.3150031413242687e-06
4.8212698143080064e-08,3.3000000000000003,1.8000004635344922,1.7999469121676221,-5.510964322693878e-06,-3.3150035392282007e-06
4.8312698143080065e-08,3.3000000000000003,1.8000003358172982,1.7999609878276939,-5.080558845574553e-06,-3.3150031413242687e-06
4.8412698143080065e-08,3.3000000000000003,1.8000002419749295,1.7999713302141198,-4.764309394322956e-06,-3.3150035960716195e-06
4.8512698143080066e-08,3.3000000000000003,1.800000173021811,1.7999789294994488,-4.5319384633246475e-06,-3.3150031413242687e-06
4.861269814308007e-08,3.3000000000000003,1.8000001223574598,1.7999845132337087,-4.361199060797013e-06,-3.3150035960716195e-06
4.871269814308007e-08,3.3000000000000003,1.800000085130427,1.7999886159995597,-4.235744693762523e-06,-3.3150031413242687e-06
4.881269814308007e-08,3.3000000000000003,1.800000057777371,1.7999916305928068,-4.143564475413403e-06,-3.3150035960716195e-06
4.891269814308007e-08,3.3000000000000003,1.8000000376788956,1.799993845628419,-4.0758331193208e-06,-3.3150031413242687e-06
4.901269814308007e-08,3.3000000000000003,1.8000000229113264,1.7999954731722851,-4.026066091373373e-06,-3.3150035960716195e-06
4.911269814308007e-08,3.3000000000000003,1.8000000120603696,1.799996669044275,-3.9894987184760235e-06,-3.3150031413242687e-06
4.921269814308007e-08,3.3000000000000003,1.8000000040875508,1.799997547736297,-3.962630078973728e-06,-3.3150035960716195e-06
4.9312698143080073e-08,3.3000000000000003,1.799999998229228,1.7999981933736895,-3.94288777871017e-06,-3.3150031413242687e-06
4.9412698143080074e-08,3.3000000000000003,1.79999999392481,1.7999986677693018,-3.928381712888424e-06,-3.3150035960716195e-06
4.9512698143080075e-08,3.3000000000000003,1.7999999907619577,1.7999990163414283,-3.917723073995646e-06,-3.3150031413242687e-06
4.9612698143080076e-08,3.3000000000000003,1.7999999884380629,1.7999992724621077,-3.909891417915928e-06,-3.3150035960716195e-06
4.971269814308008e-08,3.3000000000000003,1.7999999867304668,1.7999994606521486,-3.9041369423572505e-06,-3.3150031413242687e-06
4.981269814308008e-08,3.3000000000000003,1.7999999854758304,1.7999995989287272,-3.899908722476865e-06,-3.3150035960716195e-06
4.991269814308008e-08,3.3000000000000003,1.799999984553913,1.7999997005303439,-3.8968019477869615e-06,-3.3150031413242687e-06
5.001269814308008e-08,3.3000000000000003,1.7999999838765546,1.7999997751842616,-3.89451918116266e-06,-3.3150035960716195e-06
5.011269814308008e-08,3.3000000000000003,1.7999999833788176,1.799999830037794,-3.892841869469969e-06,-3.3150031413242687e-06
5.021269814308008e-08,3.3000000000000003,1.7999999830131233,1.799999870342577,-3.891609430404438e-06,-3.3150035960716195e-06
5.031269814308008e-08,3.3000000000000003,1.7999999827443978,1.7999998999573623,-3.890703869196408e-06,-3.3150031413242687e-06
5.0412698143080083e-08,3.3000000000000003,1.7999999825469666,1.7999999217174465,-3.890038489752471e-06,-3.3150035960716195e-06
5.0512698143080084e-08,3.3000000000000003,1.7999999824018822,1.7999999377061242,-3.889549587712905e-06,-3.3150031413242687e-06
5.0612698143080085e-08,3.3000000000000003,1.7999999822952932,1.7999999494541405,-3.8891903571543316e-06,-3.3150035960716195e-06
5.0712698143080086e-08,3.3000000000000003,1.7999999822169626,1.7999999580862425,-3.888926404571715e-06,-3.3150031413242687e-06
5.081269814308009e-08,3.3000000000000003,1.799999982159418,1.7999999644288598,-3.888732460217555e-06,-3.3150035960716195e-06
5.091269814308009e-08,3.3000000000000003,1.7999999821171269,1.7999999690892312,-3.88858995522972e-06,-3.3150031413242687e-06
5.101269814308009e-08,3.3000000000000003,1.7999999820860597,1.799999972513537,-3.888485246951959e-06,-3.3150035960716195e-06
5.111269814308009e-08,3.3000000000000003,1.7999999820632266,1.7999999750296174,-3.888408310156827e-06,-3.3150031413242687e-06
5.121269814308009e-08,3.3000000000000003,1.7999999820464545,1.79999997687836,-3.888351779382617e-06,-3.3150035960716195e-06
5.131269814308009e-08,3.3000000000000003,1.7999999820341266,1.7999999782367622,-3.888310242099471e-06,-3.3150031413242687e-06
5.141269814308009e-08,3.3000000000000003,1.799999982025072,1.7999999792348769,-3.8882797218213765e-06,-3.3150035960716195e-06
5.151269814308009e-08,3.3000000000000003,1.799999982018416,1.799999979968263,-3.888257296277477e-06,-3.3150031413242687e-06
5.1612698143080094e-08,3.3000000000000003,1.7999999820135282,1.7999999805071336,-3.8882408187445e-06,-3.3150035960716195e-06
5.1712698143080095e-08,3.3000000000000003,1.7999999820099342,1.7999999809030798,-3.888228711453388e-06,-3.3150031413242687e-06
5.1812698143080096e-08,3.3000000000000003,1.7999999820072954,1.7999999811940097,-3.888219815441538e-06,-3.3150035960716195e-06
5.19126981430801e-08,3.3000000000000003,1.7999999820053552,1.799999981407777,-3.88821327885123e-06,-3.3150031413242687e-06
5.20126981430801e-08,3.3000000000000003,1.7999999820039305,1.799999981564847,-3.888208475967235e-06,-3.3150035960716195e-06
5.21126981430801e-08,3.3000000000000003,1.7999999820028827,1.7999999816802577,-3.888204946923988e-06,-3.3150031413242687e-06
5.22126981430801e-08,3.3000000000000003,1.799999982002114,1.7999999817650585,-3.888202353909957e-06,-3.3150035960716195e-06
5.23126981430801e-08,3.3000000000000003,1.799999982001548,1.799999981827367,-3.888200448624116e-06,-3.3150031413242687e-06
5.24126981430801e-08,3.3000000000000003,1.7999999820011328,1.7999999818731494,-3.888199048693777e-06,-3.3150035960716195e-06
5.25126981430801e-08,3.3000000000000003,1.799999982000827,1.7999999819067884,-3.888198020073669e-06,-3.3150031413242687e-06
5.26126981430801e-08,3.3000000000000003,1.7999999820006032,1.7999999819315056,-3.8881972642812265e-06,-3.3150035960716195e-06
5.2712698143080104e-08,3.3000000000000003,1.7999999820004384,1.799999981949667,-3.888196708935244e-06,-3.3150031413242687e-06
5.2812698143080105e-08,3.3000000000000003,1.7999999820003174,1.7999999819630115,-3.888196300889468e-06,-3.3150035960716195e-06
5.2912698143080106e-08,3.3000000000000003,1.7999999820002281,1.7999999819728167,-3.888196001064869e-06,-3.3150031413242687e-06
5.3012698143080107e-08,3.3000000000000003,1.7999999820001629,1.7999999819800214,-3.888195780773694e-06,-3.3150035960716195e-06
5.311269814308011e-08,3.3000000000000003,1.799999982000115,1.799999981985315,-3.888195618887344e-06,-3.3150031413242687e-06
5.321269814308011e-08,3.3000000000000003,1.7999999820000798,1.799999981989205,-3.888195499943669e-06,-3.3150035960716195e-06
5.331269814308011e-08,3.3000000000000003,1.7999999820000536,1.7999999819920633,-3.888195412541633e-06,-3.3150031413242687e-06
5.341269814308011e-08,3.3000000000000003,1.7999999820000347,1.7999999819941634,-3.888195348334085e-06,-3.3150035960716195e-06
5.351269814308011e-08,3.3000000000000003,1.7999999820000205,1.7999999819957067,-3.888195301143232e-06,-3.3150031413242687e-06
5.361269814308011e-08,3.3000000000000003,1.7999999820000103,1.7999999819968406,-3.888195266476102e-06,-3.3150035960716195e-06
5.371269814308011e-08,3.3000000000000003,1.7999999820000026,1.7999999819976735,-3.888195240995855e-06,-3.3150031413242687e-06
5.3812698143080114e-08,3.3000000000000003,1.7999999819999972,1.7999999819982855,-3.888195222278879e-06,-3.3150035960716195e-06
5.3912698143080115e-08,3.3000000000000003,1.7999999819999932,1.7999999819987353,-3.888195208533413e-06,-3.3150031413242687e-06
5.4012698143080116e-08,3.3000000000000003,1.7999999819999901,1.7999999819990657,-3.888195198434247e-06,-3.3150035960716195e-06
5.4112698143080116e-08,3.3000000000000003,1.799999981999988,1.7999999819993087,-3.888195190999379e-06,-3.3150031413242687e-06
5.421269814308012e-08,3.3000000000000003,1.7999999819999861,1.7999999819994872,-3.88819518554933e-06,-3.3150035960716195e-06
5.431269814308012e-08,3.3000000000000003,1.7999999819999852,1.7999999819996184,-3.88819518152102e-06,-3.3150031413242687e-06
5.441269814308012e-08,3.3000000000000003,1.7999999819999841,1.7999999819997148,-3.8881951785860625e-06,-3.3150035960716195e-06
5.451269814308012e-08,3.3000000000000003,1.7999999819999837,1.7999999819997852,-3.888195176429639e-06,-3.3150031413242687e-06
5.461269814308012e-08,3.3000000000000003,1.799999981999983,1.799999981999837,-3.8881951748422895e-06,-3.3150035960716195e-06
5.471269814308012e-08,3.3000000000000003,1.7999999819999828,1.7999999819998749,-3.888195173678276e-06,-3.3150031413242687e-06
5.481269814308012e-08,3.3000000000000003,1.7999999819999823,1.7999999819999033,-3.88819517282214e-06,-3.3150035960716195e-06
5.4912698143080124e-08,3.3000000000000003,1.7999999819999823,1.7999999819999242,-3.888195172175466e-06,-3.3150031413242687e-06
5.5012698143080125e-08,3.3000000000000003,1.7999999819999821,1.7999999819999388,-3.888195171726263e-06,-3.3150035960716195e-06
5.5112698143080125e-08,3.3000000000000003,1.7999999819999821,1.79999998199995,-3.888195171399456e-06,-3.3150031413242687e-06
5.5212698143080126e-08,3.3000000000000003,1.7999999819999821,1.7999999819999581,-3.888195171140786e-06,-3.3150035960716195e-06
5.531269814308013e-08,3.3000000000000003,1.799999981999982,1.7999999819999646,-3.888195170950254e-06,-3.3150031413242687e-06
5.541269814308013e-08,3.3000000000000003,1.7999999819999821,1.7999999819999692,-3.888195170795052e-06,-3.3150035960716195e-06
5.551269814308013e-08,3.3000000000000003,1.799999981999982,1.7999999819999721,-3.888195170717451e-06,-3.3150031413242687e-06
5.561269814308013e-08,3.3000000000000003,1.799999981999982,1.7999999819999744,-3.888195170643319e-06,-3.3150035960716195e-06
5.571269814308013e-08,3.3000000000000003,1.799999981999982,1.7999999819999764,-3.888195170578652e-06,-3.3150031413242687e-06
5.581269814308013e-08,3.3000000000000003,1.799999981999982,1.7999999819999777,-3.888195170552785e-06,-3.3150035960716195e-06
5.591269814308013e-08,3.3000000000000003,1.799999981999982,1.7999999819999788,-3.8881951705269175e-06,-3.3150031413242687e-06
5.6012698143080133e-08,3.3000000000000003,1.7999999819999821,1.79999998199998,-3.888195170484648e-06,-3.3150035960716195e-06
5.6112698143080134e-08,3.3000000000000003,1.799999981999982,1.7999999819999803,-3.8881951704587805e-06,-3.3150031413242687e-06
5.6212698143080135e-08,3.3000000000000003,1.799999981999982,1.7999999819999806,-3.88819517046225e-06,-3.3150035960716195e-06
5.6312698143080136e-08,3.3000000000000003,1.799999981999982,1.7999999819999808,-3.888195170449317e-06,-3.3150031413242687e-06
5.641269814308014e-08,3.3000000000000003,1.799999981999982,1.799999981999981,-3.888195170436383e-06,-3.3150035960716195e-06
5.651269814308014e-08,3.3000000000000003,1.799999981999982,1.7999999819999806,-3.88819517046225e-06,-3.3150031413242687e-06
5.661269814308014e-08,3.3000000000000003,1.7999999819999821,1.7999999819999803,-3.888195170471714e-06,-3.3150035960716195e-06
5.671269814308014e-08,3.3000000000000003,1.799999981999982,1.7999999819999801,-3.888195170471714e-06,-3.3150031413242687e-06
5.681269814308014e-08,3.3000000000000003,1.7999999819999821,1.7999999819999806,-3.888195170471714e-06,-3.3150035960716195e-06
5.691269814308014e-08,3.3000000000000003,1.799999981999982,1.7999999819999808,-3.888195170445847e-06,-3.3150031413242687e-06
5.701269814308014e-08,3.3000000000000003,1.799999981999982,1.799999981999981,-3.888195170436383e-06,-3.3150035960716195e-06
5.7112698143080143e-08,3.3000000000000003,1.799999981999982,1.7999999819999806,-3.88819517046225e-06,-3.3150031413242687e-06
5.7212698143080144e-08,3.3000000000000003,1.7999999819999821,1.7999999819999803,-3.888195170471714e-06,-3.3150035960716195e-06
5.7312698143080145e-08,3.3000000000000003,1.799999981999982,1.7999999819999801,-3.888195170471714e-06,-3.3150031413242687e-06
5.7412698143080146e-08,3.3000000000000003,1.7999999819999821,1.7999999819999806,-3.888195170471714e-06,-3.3150035960716195e-06
5.751269814308015e-08,3.3000000000000003,1.799999981999982,1.7999999819999808,-3.888195170445847e-06,-3.3150031413242687e-06
5.761269814308015e-08,3.3000000000000003,1.799999981999982,1.799999981999981,-3.888195170436383e-06,-3.3150035960716195e-06
5.771269814308015e-08,3.3000000000000003,1.799999981999982,1.7999999819999806,-3.88819517046225e-06,-3.3150031413242687e-06
5.781269814308015e-08,3.3000000000000003,1.7999999819999821,1.7999999819999803,-3.888195170471714e-06,-3.3150035960716195e-06
5.791269814308015e-08,3.3000000000000003,1.799999981999982,1.7999999819999801,-3.888195170471714e-06,-3.3150031413242687e-06
5.801269814308015e-08,3.3000000000000003,1.7999999819999821,1.7999999819999806,-3.888195170471714e-06,-3.3150035960716195e-06
5.811269814308015e-08,3.3000000000000003,1.799999981999982,1.7999999819999808,-3.888195170445847e-06,-3.3150031413242687e-06
5.821269814308015e-08,3.3000000000000003,1.799999981999982,1.799999981999981,-3.888195170436383e-06,-3.3150035960716195e-06
5.8312698143080154e-08,3.3000000000000003,1.799999981999982,1.7999999819999806,-3.88819517046225e-06,-3.3150031413242687e-06
5.8412698143080155e-08,3.3000000000000003,1.7999999819999821,1.7999999819999803,-3.888195170471714e-06,-3.3150035960716195e-06
5.8512698143080156e-08,3.3000000000000003,1.799999981999982,1.7999999819999801,-3.888195170471714e-06,-3.3150031413242687e-06
5.861269814308016e-08,3.3000000000000003,1.7999999819999821,1.7999999819999806,-3.888195170471714e-06,-3.3150035960716195e-06
5.871269814308016e-08,3.3000000000000003,1.799999981999982,1.7999999819999808,-3.888195170445847e-06,-3.3150031413242687e-06
5.881269814308016e-08,3.3000000000000003,1.799999981999982,1.799999981999981,-3.888195170436383e-06,-3.3150035960716195e-06
5.891269814308016e-08,3.3000000000000003,1.799999981999982,1.7999999819999806,-3.88819517046225e-06,-3.3150031413242687e-06
5.901269814308016e-08,3.3000000000000003,1.7999999819999821,1.7999999819999803,-3.888195170471714e-06,-3.3150035960716195e-06
5.911269814308016e-08,3.3000000000000003,1.799999981999982,1.7999999819999801,-3.888195170471714e-06,-3.3150031413242687e-06
5.921269814308016e-08,3.3000000000000003,1.7999999819999821,1.7999999819999806,-3.888195170471714e-06,-3.3150035960716195e-06
5.931269814308016e-08,3.3000000000000003,1.799999981999982,1.7999999819999808,-3.888195170445847e-06,-3.3150031413242687e-06
5.9412698143080164e-08,3.3000000000000003,1.799999981999982,1.799999981999981,-3.888195170436383e-06,-3.3150035960716195e-06
5.9512698143080165e-08,3.3000000000000003,1.799999981999982,1.7999999819999806,-3.88819517046225e-06,-3.3150031413242687e-06
5.961269814308017e-08,3.3000000000000003,1.7999999819999821,1.7999999819999803,-3.888195170471714e-06,-3.3150035960716195e-06
5.971269814308016e-08,3.3000000000000003,1.799999981999982,1.7999999819999801,-3.888195170471714e-06,-3.3150031413242687e-06
5.981269814308015e-08,3.3000000000000003,1.7999999819999821,1.7999999819999806,-3.888195170471714e-06,-3.3150035960716195e-06
5.991269814308015e-08,3.3000000000000003,1.799999981999982,1.7999999819999808,-3.888195170445847e-06,-3.3150031413242687e-06
6.000000000000001e-08,3.299999999999995,1.7999999820000763,1.7999999819999921,-3.888195128509576e-06,-3.3150035392282007e-06
6.000038920742769e-08,3.2993578077443177,1.7999999819994026,1.7999999819999912,-3.888187861678448e-06,0.007421685641872955
6.000116762228304e-08,3.2980734232329847,1.7999999819995036,1.79999998199999,-3.888187864768389e-06,0.0074216869318775025
6.000272445199376e-08,3.2955046542102977,1.7999999819994086,1.7999999819999875,-3.888158770094037e-06,0.007421689512739249
6.00058381114152e-08,3.2903671161649233,1.7999999819993442,1.7999999819999812,-3.888187893434e-06,0.007421694673212187
6.001206543025808e-08,3.2800920400741744,1.7999999820002388,1.799999981999978,-3.888180620202874e-06,0.007421704995351774
6.002452006794382e-08,3.2595418878926985,1.799999982000231,1.7999999819999875,-3.888206054634372e-06,0.0074217256385509245
6.004942934331531e-08,3.218441583529747,1.7999999819996062,1.7999999819999823,-3.888195162879197e-06,0.007421766926086093
6.009924789405828e-08,3.136240974803844,1.7999999820002324,1.7999999819999735,-3.888194278131236e-06,0.007421849500076405
6.019888499554424e-08,2.9718397573520154,1.7999999819997932,1.7999999819999841,-3.888194706612355e-06,0.007422014649137054
6.029888499554423e-08,2.8068397573520247,1.7999999820001362,1.7999999819999786,-3.888195175182261e-06,0.0074221803988621105
6.039888499554423e-08,2.6418397573520345,1.799999981999851,1.7999999819999821,-3.888195166430589e-06,0.007422346149439818
6.049888499554422e-08,2.4768397573520438,1.7999999820000931,1.7999999819999795,-3.888195173867396e-06,0.007422511899250139
6.059888499554421e-08,2.311839757352053,1.7999999819998875,1.7999999819999823,-3.888195167539771e-06,0.007422677649771003
6.069888499554421e-08,2.146839757352063,1.7999999820000618,1.7999999819999797,-3.8881951729027e-06,0.007422843399552903
6.07988849955442e-08,1.981839757352072,1.799999981999914,1.7999999819999815,-3.88819516837197e-06,0.007423009150102189
6.08988849955442e-08,1.8168397573520816,1.7999999820000396,1.79999998199998,-3.88819517222287e-06,0.0074231748998840885
6.099888499554419e-08,1.6518397573520909,1.7999999819999328,1.7999999819999815,-0.0005964148429762307,0.007423340650404953
6.109888499554419e-08,1.4868397573521004,1.7999999820000236,1.7999999819999806,-0.003268585978920429,0.007423506400215274
6.119888499554418e-08,1.3218397573521097,1.7999999819999466,1.7999999819999815,-0.008091868225949189,0.00742367215076456
6.129888499554417e-08,1.1568397573521194,1.7999999820000119,1.799999981999981,-0.015066261584128786,0.007423837900532249
6.139888499554417e-08,0.9918397573521287,1.7999999819999564,1.7999999819999817,-0.0241917660533944,0.0074240036510673235
6.142824133174384e-08,0.9434018026226685,1.799999981999875,1.7999999819999757,-0.027279114313765687,0.007424052308863338
6.144833867728904e-08,0.9102411824730852,1.7999999820003822,1.7999999819999848,-0.029499610857530313,0.007424085620613141
6.146220460095292e-08,0.8873624084276912,1.7999999819995627,1.7999999819999846,-0.029336230324203023,0.007424108603061086
6.147707993644472e-08,0.8628181048662142,1.7999999820004386,1.7999999819999855,-0.027688990845008015,0.007424133259320342
6.148603297649122e-08,0.8480455887894913,1.7999999819993866,1.7999999819999837,-0.026720509890697634,0.007424148098650107
6.149913450162632e-08,0.8264280723165882,1.7999999820004617,1.7999999819999817,-0.02533435118708391,0.007424169814782999
6.15253375518965e-08,0.7831930393707807,1.7999999819997425,1.7999999819999903,-0.0226728051594209,0.007424213246011391
6.157774365243689e-08,0.6967229734791451,1.7999999820001873,1.7999999819999863,-0.017792798891628422,0.007424300109548199
6.167774365243688e-08,0.5317229734791549,1.799999981999753,1.7999999819999815,-0.010120106227855858,0.007424465859394047
6.177774365243687e-08,0.36672297347916416,1.7999999820001764,1.7999999819999768,-0.004598524675169609,0.0074246316099007
6.187774365243687e-08,0.20172297347917345,1.799999981999817,1.7999999819999815,-0.0012280542335774548,0.007424797359718127
6.197774365243686e-08,0.03672297347918274,1.799999982000122,1.7999999819999781,-8.694903095351194e-06,0.007424963110235883
6.2e-08,8.881784197001252e-15,1.7999999819998274,1.7999999819999775,-3.888206093333218e-06,0.007424999999826137
6.200000064513564e-08,0.0,1.7999999819996995,1.7999999819999777,-3.898024999439893e-06,6.195290791445779e-11
6.200000193540693e-08,0.0,1.7999999819997003,1.7999999819999781,-3.898024999433124e-06,-6.19529079144641e-11
6.200000451594949e-08,0.0,1.7999999820007468,1.7999999819999783,-3.868222666367172e-06,6.19529079144641e-11
6.20000096770346e-08,0.0,1.7999999819995882,1.7999999819999788,-3.898025000562225e-06,-6.19529079144641e-11
6.200001999920484e-08,0.0,1.7999999820006891,1.7999999819999801,-3.883123828125067e-06,6.19529079144641e-11
6.200004064354531e-08,0.0,1.7999999820007477,1.7999999819999815,-3.886849117674725e-06,-6.19529079144641e-11
6.200008193222627e-08,0.0,1.799999982000415,1.7999999819999821,-3.888711765966028e-06,6.19529079144641e-11
6.200016450958816e-08,0.0,1.7999999820002501,1.799999981999983,-3.887780444784347e-06,-6.19529079144641e-11
6.200032966431195e-08,0.0,1.7999999820006651,1.799999981999984,-3.88871176234386e-06,6.19529079144641e-11
6.200065997375954e-08,0.0,1.7999999819997687,1.7999999819999846,-3.888246109414853e-06,-6.19529079144641e-11
6.200132059265472e-08,0.0,1.7999999820007793,1.7999999819999852,-3.88801326653698e-06,6.19529079144641e-11
6.200264183044509e-08,0.0,1.7999999819998316,1.7999999819999863,-3.88818789491626e-06,-6.19529079144641e-11
6.200528430602582e-08,0.0,1.7999999819997436,1.7999999819999857,-3.888158797112934e-06,6.19529079144641e-11
6.201056925718728e-08,0.0,1.7999999819997792,1.7999999819999826,-3.888187912231562e-06,-6.19529079144641e-11
6.20211391595102e-08,0.0,1.7999999820006076,1.7999999819999892,-3.888180605491537e-06,6.19529079144641e-11
6.204227896415603e-08,0.0,1.7999999819994654,1.7999999819999928,-3.888206071477669e-06,-6.19529079144641e-11
6.20845585734477e-08,0.0,1.7999999820004902,1.7999999819999917,-3.888195148887458e-06,6.19529079144641e-11
6.216911779203103e-08,0.0,1.7999999819995183,1.7999999819999948,-3.888195140170406e-06,-6.19529079144641e-11
6.226911779203102e-08,0.0,1.799999982000346,1.799999981999978,-3.888195181571721e-06,6.19529079144641e-11
6.236911779203102e-08,0.0,1.7999999819996728,1.799999981999986,-3.888195160928225e-06,-6.19529079144641e-11
6.246911779203101e-08,0.0,1.7999999820002444,1.7999999819999783,-3.888195178479833e-06,6.19529079144641e-11
6.2569117792031e-08,0.0,1.799999981999759,1.7999999819999841,-3.888195163603695e-06,-6.19529079144641e-11
6.2669117792031e-08,0.0,1.799999982000171,1.799999981999979,-3.888195176238128e-06,6.19529079144641e-11
6.2769117792031e-08,0.0,1.7999999819998214,1.7999999819999835,-3.88819516550375e-06,-6.19529079144641e-11
6.286911779203099e-08,0.0,1.7999999820001182,1.7999999819999797,-3.888195174606536e-06,6.19529079144641e-11
6.296911779203098e-08,0.0,1.7999999819998662,1.7999999819999826,-3.888195166891802e-06,-6.19529079144641e-11
6.306911779203098e-08,0.0,1.7999999820000803,1.7999999819999797,-3.888195173468962e-06,6.19529079144641e-11
6.316911779203097e-08,0.0,1.7999999819998986,1.799999981999982,-3.888195167881421e-06,-6.19529079144641e-11
6.326911779203097e-08,0.0,1.7999999820000527,1.7999999819999803,-3.88819517261184e-06,6.19529079144641e-11
6.336911779203096e-08,0.0,1.7999999819999217,1.7999999819999821,-3.888195168580179e-06,-6.19529079144641e-11
6.346911779203095e-08,0.0,1.7999999820000327,1.7999999819999808,-3.888195171998258e-06,6.19529079144641e-11
6.356911779203095e-08,0.0,1.7999999819999386,1.799999981999982,-3.888195169105115e-06,-6.19529079144641e-11
6.366911779203094e-08,0.0,1.7999999820000185,1.7999999819999806,-3.888195171571432e-06,6.19529079144641e-11
6.376911779203094e-08,0.0,1.7999999819999508,1.7999999819999812,-3.888195169494085e-06,-6.19529079144641e-11
6.386911779203093e-08,0.0,1.7999999820000083,1.7999999819999803,-3.88819517124871e-06,6.19529079144641e-11
6.396911779203093e-08,0.0,1.7999999819999595,1.7999999819999806,-3.888195169769486e-06,-6.19529079144641e-11
6.406911779203092e-08,0.0,1.799999982000001,1.79999998199998,-3.888195171043971e-06,6.19529079144641e-11
6.416911779203091e-08,0.0,1.7999999819999657,1.7999999819999806,-3.888195169952772e-06,-6.19529079144641e-11
6.426911779203091e-08,0.0,1.7999999819999957,1.7999999819999806,-3.888195170876143e-06,6.19529079144641e-11
6.43691177920309e-08,0.0,1.7999999819999701,1.799999981999981,-3.888195170088739e-06,-6.19529079144641e-11
6.44691177920309e-08,0.0,1.7999999819999917,1.7999999819999806,-3.888195170749641e-06,6.19529079144641e-11
6.456911779203089e-08,0.0,1.7999999819999735,1.799999981999981,-3.888195170183379e-06,-6.19529079144641e-11
6.466911779203089e-08,0.0,1.799999981999989,1.7999999819999806,-3.888195170673929e-06,6.19529079144641e-11
6.476911779203088e-08,0.0,1.799999981999976,1.7999999819999808,-3.888195170259092e-06,-6.19529079144641e-11
6.486911779203087e-08,0.0,1.799999981999987,1.799999981999981,-3.888195170604211e-06,6.19529079144641e-11
6.496911779203087e-08,0.0,1.7999999819999775,1.7999999819999808,-3.888195170326284e-06,-6.19529079144641e-11
6.506911779203086e-08,0.0,1.7999999819999855,1.7999999819999808,-3.8881951705663545e-06,6.19529079144641e-11
6.516911779203086e-08,0.0,1.7999999819999788,1.799999981999981,-3.8881951703512065e-06,-6.19529079144641e-11
6.526911779203085e-08,0.0,1.7999999819999846,1.7999999819999806,-3.888195170534493e-06,6.19529079144641e-11
6.536911779203085e-08,0.0,1.7999999819999797,1.7999999819999803,-3.888195170389063e-06,-6.19529079144641e-11
6.546911779203084e-08,0.0,1.799999981999984,1.7999999819999801,-3.888195170531968e-06,6.19529079144641e-11
6.547291252737384e-08,0.0,1.799999982000208,1.799999981999982,-3.888187887961715e-06,-6.19529079144641e-11
6.548050199805984e-08,0.0,1.7999999819995562,1.7999999819999801,-3.888173350263294e-06,6.19529079144641e-11
6.549568093943184e-08,0.0,1.7999999820002834,1.7999999819999781,-3.888202456087124e-06,-6.19529079144641e-11
6.549644291638109e-08,0.0,1.7999999820011146,1.79999998199998,-3.888246097889485e-06,6.19529079144641e-11
6.549796687027959e-08,0.0,1.7999999820002641,1.7999999819999837,-3.888246095779223e-06,-6.19529079144641e-11
6.550101477807657e-08,0.0,1.7999999819996886,1.7999999819999841,-3.888187894162815e-06,6.19529079144641e-11
6.550116778184373e-08,0.0,1.7999999819999661,1.7999999819999841,-3.8882460992329e-06,-6.19529079144641e-11
6.550147378937803e-08,0.0,1.7999999820009263,1.799999981999985,-3.8880132573744885e-06,6.19529079144641e-11
6.550208580444665e-08,0.0,1.7999999820004966,1.7999999819999872,-3.888013257295409e-06,-6.19529079144641e-11
6.550330983458388e-08,0.0,1.7999999819998027,1.7999999819999881,-3.8881296776413285e-06,6.19529079144641e-11
6.55033712804121e-08,0.0,1.7999999819992083,1.7999999819999881,-3.8868491154518076e-06,-6.19529079144641e-11
6.550349417206853e-08,0.0,1.7999999820008314,1.7999999819999883,-3.888246082714545e-06,6.19529079144641e-11
6.550373995538141e-08,0.0,1.7999999819994137,1.7999999819999888,-3.888013266182578e-06,-6.19529079144641e-11
6.550423152200717e-08,0.0,1.7999999819999042,1.7999999819999883,-3.887896847453266e-06,6.19529079144641e-11
6.550425619845698e-08,0.0,1.7999999819993295,1.7999999819999886,-3.886849115506851e-06,-6.19529079144641e-11
6.550430555135659e-08,0.0,1.7999999820000228,1.7999999819999895,-3.887780431161764e-06,6.19529079144641e-11
6.55044042571558e-08,0.0,1.799999981999702,1.7999999819999892,-3.888246095839052e-06,-6.19529079144641e-11
6.550460166875424e-08,0.0,1.7999999819994192,1.7999999819999892,-3.888013268910564e-06,6.19529079144641e-11
6.550499649195111e-08,0.0,1.7999999820005412,1.79999998199999,-3.888013257471879e-06,-6.19529079144641e-11
6.550501631191911e-08,0.0,1.7999999820007513,1.79999998199999,-3.883123811686307e-06,6.19529079144641e-11
6.55050559518551e-08,0.0,1.7999999819993864,1.7999999819999901,-3.8868491158697785e-06,-6.19529079144641e-11
6.550505794176417e-08,0.0,1.7999999819994215,1.79999998199999,-3.898024986415846e-06,6.19529079144641e-11
6.550506192158231e-08,0.0,1.7999999819995927,1.799999981999989,-3.9129261458834695e-06,-6.19529079144641e-11
6.550506988121859e-08,0.0,1.799999981999426,1.7999999819999881,-3.890574405830372e-06,6.19529079144641e-11
6.550508580049114e-08,0.0,1.7999999819995827,1.799999981999987,-3.890574404307017e-06,-6.19529079144641e-11
6.550508659963232e-08,0.0,1.799999981999417,1.799999981999987,-3.8980249865974145e-06,6.19529079144641e-11
6.550508819791465e-08,0.0,1.7999999819992747,1.799999981999987,-3.868222665670116e-06,-6.19529079144641e-11
6.550509139447933e-08,0.0,1.7999999820000896,1.7999999819999872,-3.898024979754599e-06,6.19529079144641e-11
6.5505091568142e-08,0.0,1.7999999819999375,1.7999999819999875,-3.6000017574284333e-06,-6.19529079144641e-11
6.550509191546738e-08,0.0,1.799999981999715,1.7999999819999872,-3.719211049255712e-06,6.19529079144641e-11
6.550509197269173e-08,0.0,1.7999999820006722,1.7999999819999877,-3.6000017499452555e-06,-6.19529079144641e-11
6.550509208714045e-08,0.0,1.7999999819997536,1.7999999819999886,-4.0768389175121535e-06,6.19529079144641e-11
6.55050923160379e-08,0.0,1.7999999820005046,1.7999999819999895,-3.8384203307531845e-06,-6.19529079144641e-11
6.55050923624923e-08,0.0,1.7999999819990653,1.7999999819999892,-4.553676082726784e-06,6.19529079144641e-11
6.550509239398719e-08,0.0,1.799999981999809,1.799999981999989,-3.6000017587434333e-06,-6.19529079144641e-11
6.550509241347117e-08,0.0,1.336678055713463,1.799999968322182,-5.614697244027411e-06,6.19529079144641e-11
6.55050924348668e-08,0.0,1.3366710266945419,1.7999999382823706,1.0734865441008878e-07,-6.19529079144641e-11
6.55050924474432e-08,0.0,1.3366668950395197,1.799999920624694,-1.7999999784024112e-06,6.19529079144641e-11
6.550509246510713e-08,0.0,1.3366610920239699,1.7999998958236785,-1.7999999784024112e-06,-6.19529079144641e-11
6.5505092500435e-08,0.0,1.3366494860661624,1.7999998462207194,-1.7999999784024112e-06,6.19529079144641e-11
6.550509257109074e-08,0.0,1.3366262744506645,1.7999997470110898,-1.7999999784024112e-06,-6.19529079144641e-11
6.550509271240221e-08,0.0,1.3365798524154824,1.7999995485769855,-2.2768371366055362e-06,6.19529079144641e-11
6.550509299502516e-08,0.0,1.336487013122573,1.7999991516493978,-2.0384185575039737e-06,-6.19529079144641e-11
6.550509356027105e-08,0.0,1.3363013536523864,1.7999983575567269,-2.0384185575039737e-06,6.19529079144641e-11
6.550509469076285e-08,0.0,1.3359301111609658,1.7999967684215692,-2.0980232022793643e-06,-6.19529079144641e-11
6.550509695174644e-08,0.0,1.335187931867163,1.7999935863533127,-2.068220879891669e-06,6.19529079144641e-11
6.55051014737136e-08,0.0,1.3337047951937766,1.7999872070356346,-2.0980232022793643e-06,-6.19529079144641e-11
6.550511051764794e-08,0.0,1.330743402805078,1.7999743877602816,-2.0905726216824405e-06,6.19529079144641e-11
6.550512860551661e-08,0.0,1.3248400883857925,1.7999485073252477,-2.0868473313839786e-06,-6.19529079144641e-11
6.550516478125396e-08,0.0,1.3131109152635674,1.7998957842965433,-2.0887099765332096e-06,6.19529079144641e-11
6.550523713272866e-08,0.0,1.2899590195652133,1.799786532212424,-2.0887099765332096e-06,-6.19529079144641e-11
6.550538183567806e-08,0.0,1.2448545757668736,1.7995531381779175,-2.0887099765332096e-06,6.19529079144641e-11
6.55055321315278e-08,0.0,1.199654895005725,1.7992902721168043,-2.0891756378205173e-06,-6.19529079144641e-11
6.550572990312843e-08,0.0,1.142632376822639,1.7989139316593998,-2.088244315245902e-06,6.19529079144641e-11
6.5505924621643e-08,0.0,1.0891041162794919,1.7985110152547077,-2.088011484602248e-06,-6.19529079144641e-11
6.550616118024638e-08,0.0,1.027384594851034,1.797980549484936,-2.088244315245902e-06,6.19529079144641e-11
6.550639674694444e-08,0.0,0.9693495483081406,1.7974099582711018,-2.087778653958594e-06,-6.19529079144641e-11
6.550666989054522e-08,0.0,0.9060805039105277,1.7966986763671686,-2.088244315245902e-06,6.19529079144641e-11
6.55069442428508e-08,0.0,0.846620400680868,1.7959338438204302,-2.088011484602248e-06,-6.19529079144641e-11
6.550725286736586e-08,0.0,0.7842968584368288,1.7950173066852335,-2.088011484602248e-06,6.19529079144641e-11
6.550756531971133e-08,0.0,0.7257853642465023,1.7940330968605978,-2.088244315245902e-06,-6.19529079144641e-11
6.550790977678845e-08,0.0,0.6662199088592358,1.7928875602883219,-2.088244315245902e-06,6.19529079144641e-11
6.550826086114273e-08,0.0,0.6104270726476234,1.7916598818898934,-2.088244315245902e-06,-6.19529079144641e-11
6.550864257948224e-08,0.0,0.5549255775635661,1.7902622320671133,-2.088127899924075e-06,6.19529079144641e-11
6.550903386104925e-08,0.0,0.5031325058285062,1.7887676717576013,-2.088127899924075e-06,-6.19529079144641e-11
6.550945525363006e-08,0.0,0.4525913203974134,1.787094782396251,-2.088127899924075e-06,6.19529079144641e-11
6.550988934174382e-08,0.0,0.4056664054898498,1.7853096629569372,-2.088011484602248e-06,-6.19529079144641e-11
6.551035386704053e-08,0.0,0.36063962925212784,1.7833373019689402,-2.087895069280421e-06,6.19529079144641e-11
6.551083453517322e-08,0.0,0.3191025239980377,1.7812363223381602,-2.088127899924075e-06,-6.19529079144641e-11
6.551134687362027e-08,0.0,0.2798566039310893,1.778937619006474,-2.088011484602248e-06,6.19529079144641e-11
6.551187929352182e-08,0.0,0.24393466207528242,1.7764920059812934,-2.088011484602248e-06,-6.19529079144641e-11
6.551244565335653e-08,0.0,0.21049588528347418,1.7738353520328478,-2.088011484602248e-06,6.19529079144641e-11
6.551303677420737e-08,0.0,0.18017513161285229,1.7710103544174636,-2.088011484602248e-06,-6.19529079144641e-11
6.551366536985395e-08,0.0,0.1523725423583276,1.7679565042044576,-2.088127899924075e-06,6.19529079144641e-11
6.551432450553921e-08,0.0,0.12744403042295155,1.7647079161815662,-2.088127899924075e-06,-6.19529079144641e-11
6.551502629323049e-08,0.0,0.10494874500074665,1.7612058669328428,-2.088127899924075e-06,6.19529079144641e-11
6.551576603263504e-08,0.0,0.08505063658208839,1.757475023179734,-2.0880696922631614e-06,-6.19529079144641e-11
6.551655585725014e-08,0.0,0.06741188312650648,1.7534559306973927,-2.088127899924075e-06,6.19529079144641e-11
6.551739350587927e-08,0.0,0.052067424744178074,1.7491621707389546,-2.0881861075849883e-06,-6.19529079144641e-11
6.551829194284998e-08,0.0,0.0387454214746432,1.7445299396211569,-2.088127899924075e-06,6.19529079144641e-11
6.551925188693678e-08,0.0,0.027397015290800367,1.7395586711079554,-2.0881861075849883e-06,-6.19529079144641e-11
6.552028832596385e-08,0.0,0.0177928252640598,1.7341746162075733,-2.0881861075849883e-06,6.19529079144641e-11
6.552140609425933e-08,0.0,0.009832540068397604,1.7283572985728899,-2.0881861075849883e-06,-6.19529079144641e-11
6.552262418444751e-08,0.0,0.0033152366917597992,1.7220135898654894,-2.0881861075849883e-06,6.19529079144641e-11
6.552395385440777e-08,0.0,-0.0018876096028178286,1.7150918964676107,-2.0881861075849883e-06,-6.19529079144641e-11
6.55254217890299e-08,0.0,-0.0059557445089843414,1.7074622007306022,-2.088215211415445e-06,6.19529079144641e-11
6.552705157585493e-08,0.0,-0.009030390889329535,1.6990133323221406,-2.0881861075849883e-06,-6.19529079144641e-11
6.552888498828503e-08,0.0,-0.01127030971194818,1.689543874050776,-2.0881861075849883e-06,6.19529079144641e-11
6.553096805926754e-08,0.0,-0.01281280783670541,1.678836688216478,-2.0881570037545316e-06,-6.19529079144641e-11
6.553337684566684e-08,0.0,-0.013797126781554512,1.6665300646051497,-2.0881861075849883e-06,6.19529079144641e-11
6.55362108185237e-08,0.0,-0.014345513149756899,1.652159109276614,-2.0881570037545316e-06,-6.19529079144641e-11
6.553963477093355e-08,0.0,-0.014569379011382179,1.6349561857153843,-2.0881861075849883e-06,6.19529079144641e-11
6.554390219379444e-08,0.0,-0.014559327848011935,1.613762306816627,-2.0882006595002167e-06,-6.19529079144641e-11
6.554947381652286e-08,0.0,-0.014380358736322927,1.5865018439456444,-2.0881861075849883e-06,6.19529079144641e-11
6.555723047598632e-08,0.0,-0.014058764947290577,1.5493138933213761,-2.088178831627374e-06,-6.19529079144641e-11
6.556925548521271e-08,0.0,-0.013551720269987948,1.4933739453330002,-2.08817155566976e-06,6.19529079144641e-11
6.559291750799793e-08,0.0,-0.01260530608118076,1.389095190012206,-2.0882061164684274e-06,-6.19529079144641e-11
6.562437807768235e-08,0.0,-0.01144839059875413,1.2615966761227482,-2.0881933835426025e-06,6.19529079144641e-11
6.56529636657234e-08,0.0,-0.01048956289789376,1.155939403766381,-2.0881933835426025e-06,-6.19529079144641e-11
6.568297221962924e-08,0.0,-0.009569283247481866,1.0545231584324013,-2.0881933835426025e-06,6.19529079144641e-11
6.571090679018833e-08,0.0,-0.008785358954964741,0.9681369892502762,-2.0881933835426025e-06,-6.19529079144641e-11
6.574049071009712e-08,0.0,-0.008025017734347079,0.8843474902916836,-2.0881933835426025e-06,6.19529079144641e-11
6.576869946969552e-08,0.0,-0.007361421481528264,0.811220371269751,-2.088191564553199e-06,-6.19529079144641e-11
6.5798133561809e-08,0.0,-0.006727401143420291,0.7413518189041146,-2.0881933835426025e-06,6.19529079144641e-11
6.582650285931701e-08,0.0,-0.006168073687934492,0.67971470589983,-2.0881933835426025e-06,-6.19529079144641e-11
6.585579027899705e-08,0.0,-0.005639366023915902,0.6214516533555231,-2.088191564553199e-06,6.19529079144641e-11
6.588427670864753e-08,0.0,-0.005168645167213356,0.5695787946884926,-2.0881933835426025e-06,-6.19529079144641e-11
6.591345700029297e-08,0.0,-0.004727156355068193,0.5209272103801612,-2.088195202532006e-06,6.19529079144641e-11
6.594203353517705e-08,0.0,-0.0043313824665175745,0.47731339357375957,-2.088191564553199e-06,-6.19529079144641e-11
6.597113349985601e-08,0.0,-0.003962384872893759,0.43665027419995955,-2.0881933835426025e-06,6.19529079144641e-11
6.599977809176554e-08,0.0,-0.00362988343316317,0.4000090000986068,-2.088191564553199e-06,-6.19529079144641e-11
6.602881761643086e-08,0.0,-0.0033212626361138697,0.36599933942124147,-2.0881933835426025e-06,6.19529079144641e-11
6.605751368837014e-08,0.0,-0.0030420808178787564,0.3352338238733106,-2.0881933835426025e-06,-6.19529079144641e-11
6.608650774360002e-08,0.0,-0.0027838240917058368,0.3067742276424186,-2.088191564553199e-06,6.19529079144641e-11
6.611524273585177e-08,0.0,-0.0025495147702026275,0.2809536090305823,-2.088195202532006e-06,-6.19529079144641e-11
6.614420255548618e-08,0.0,-0.0023333190508174127,0.25712908805663215,-2.088191564553199e-06,6.19529079144641e-11
6.61729669568529e-08,0.0,-0.0021367353751510767,0.23546579216928745,-2.088191564553199e-06,-6.19529079144641e-11
6.62019009865519e-08,0.0,-0.0019556973641081995,0.21551561054759094,-2.0881933835426025e-06,6.19529079144641e-11
6.623068760207136e-08,0.0,-0.0017908066829855742,0.19734484629622953,-2.0881933835426025e-06,-6.19529079144641e-11
6.625960219692383e-08,0.0,-0.001639175583745662,0.18063527273317465,-2.0881933835426025e-06,6.19529079144641e-11
6.628840558696011e-08,0.0,-0.0015008946615888035,0.1653968734315173,-2.0881933835426025e-06,-6.19529079144641e-11
6.631730553201096e-08,0.0,-0.0013738726426212725,0.15139919235474034,-2.0881933835426025e-06,6.19529079144641e-11
6.634612158608226e-08,0.0,-0.0012579238803265835,0.1386217714955987,-2.0881933835426025e-06,-6.19529079144641e-11
6.637501048597697e-08,0.0,-0.0011515036557584691,0.12689438458015295,-2.088191564553199e-06,6.19529079144641e-11
6.640383609919652e-08,0.0,-0.0010542909731669776,0.11618165825221267,-2.0881933835426025e-06,-6.19529079144641e-11
6.643271667035416e-08,0.0,-0.0009651226976662963,0.10635541637465354,-2.088191564553199e-06,6.19529079144641e-11
6.646154949812255e-08,0.0,-0.0008836252081829829,0.0973744863351686,-2.0881933835426025e-06,-6.19529079144641e-11
6.649042378816075e-08,0.0,-0.0008089068178138934,0.08914060525676543,-2.0881933835426025e-06,6.19529079144641e-11
6.651926206040229e-08,0.0,-0.0007405882530419311,0.0816119776325275,-2.0881933835426025e-06,-6.19529079144641e-11
6.654813161311735e-08,0.0,-0.0006779747527516313,0.07471204158276698,-2.0881933835426025e-06,6.19529079144641e-11
6.657697399373072e-08,0.0,-0.0006207066212890789,0.06840115905826448,-2.088191564553199e-06,-6.19529079144641e-11
6.660583997324344e-08,0.0,-0.0005682348097579427,0.06261882549919955,-2.0881933835426025e-06,6.19529079144641e-11
6.663468545383612e-08,0.0,-0.000520231406228635,0.05732890538631759,-2.088191564553199e-06,-6.19529079144641e-11
6.666354873806788e-08,0.0,-0.00047625726085830604,0.0524830049097412,-2.0881933835426025e-06,6.19529079144641e-11
6.669239655765515e-08,0.0,-0.0004360208223572794,0.048048995451083626,-2.088191564553199e-06,-6.19529079144641e-11
6.67212578087501e-08,0.0,-0.000399167319706553,0.0439877816502186,-2.0881933835426025e-06,6.19529079144641e-11
6.67501073930962e-08,0.0,-0.0003654418237266217,0.04027127060341749,-2.088191564553199e-06,-6.19529079144641e-11
6.677896711048721e-08,0.0,-0.00033455539563493296,0.03686762158763738,-2.0881933835426025e-06,6.19529079144641e-11
6.680781802630224e-08,0.0,-0.00030628768725698345,0.033752552486296016,-2.088191564553199e-06,-6.19529079144641e-11
6.683667658671335e-08,0.0,-0.00028040184500991225,0.030899962305741206,-2.0881933835426025e-06,6.19529079144641e-11
6.686552850707133e-08,0.0,-0.00025670896183170637,0.028289033703978318,-2.0881933835426025e-06,-6.19529079144641e-11
6.689438619467775e-08,0.0,-0.00023501388402857266,0.025898260967405037,-2.088191564553199e-06,6.19529079144641e-11
6.692323887291487e-08,0.0,-0.00021515561033009397,0.023709901940308784,-2.0881933835426025e-06,-6.19529079144641e-11
6.695209590208545e-08,0.0,-0.00019697270129190802,0.02170616618077377,-2.088191564553199e-06,6.19529079144641e-11
6.698094915209961e-08,0.0,-0.00018032852697030677,0.019871997225384064,-2.0881933835426025e-06,-6.19529079144641e-11
6.700980568454726e-08,0.0,-0.0001650891235343779,0.018192632413385985,-2.088191564553199e-06,6.19529079144641e-11
6.703865936593171e-08,0.0,-0.00015113890872003584,0.0166553347115585,-2.088191564553199e-06,-6.19529079144641e-11
6.706751552365033e-08,0.0,-0.0001383664528180938,0.015247824693545194,-2.088191564553199e-06,6.19529079144641e-11
6.709636953047424e-08,0.0,-0.0001266742071397775,0.013959352605507284,-2.088191564553199e-06,-6.19529079144641e-11
6.71252254054948e-08,0.0,-0.00011596931613978308,0.012779685872661817,-2.0881933835426025e-06,6.19529079144641e-11
6.71540796578403e-08,0.0,-0.00010616959403814899,0.011699767716144074,-2.0881933835426025e-06,-6.19529079144641e-11
6.718293531959043e-08,0.0,-9.719755535489023e-05,0.010711059324769446,-2.0881933835426025e-06,6.19529079144641e-11
6.721178975716414e-08,0.0,-8.898404751191228e-05,0.009805940163596745,-2.0881933835426025e-06,-6.19529079144641e-11
6.724064525802018e-08,0.0,-8.146434226826288e-05,0.008977277254586353,-2.0881933835426025e-06,6.19529079144641e-11
6.726949983533479e-08,0.0,-7.458030989473573e-05,0.008218664768113747,-2.088191564553199e-06,-6.19529079144641e-11
6.729835521481023e-08,0.0,-6.82778354214847e-05,0.007524139296469427,-2.0881933835426025e-06,6.19529079144641e-11
6.732720989754852e-08,0.0,-6.250809051114867e-05,0.0068883200127637136,-2.0881933835426025e-06,-6.19529079144641e-11
6.73560651854527e-08,0.0,-5.722580557564556e-05,0.006306218260228411,-2.0881933835426025e-06,6.19529079144641e-11
6.738491994772505e-08,0.0,-5.2389987772394494e-05,0.005773316674529276,-2.088191564553199e-06,-6.19529079144641e-11
6.74137751665463e-08,0.0,-4.796274953221872e-05,0.005285440088930981,-2.0881933835426025e-06,6.19529079144641e-11
6.744262998882091e-08,0.0,-4.390969029301651e-05,0.004838797600858555,-2.0881933835426025e-06,-6.19529079144641e-11
6.747148515552472e-08,0.0,-4.019908962361448e-05,0.004429893655126283,-2.0881933835426025e-06,6.19529079144641e-11
6.75003400230663e-08,0.0,-3.680208803390862e-05,0.004055547968949917,-2.0881933835426025e-06,-6.19529079144641e-11
6.752919515045194e-08,0.0,-3.369212134158636e-05,0.0037128331998624023,-2.088191564553199e-06,6.19529079144641e-11
6.755805005214352e-08,0.0,-3.084498424066349e-05,0.0033990819508477716,-2.0881933835426025e-06,-6.19529079144641e-11
6.758690514986698e-08,0.0,-2.823842618120715e-05,0.003111842236778761,-2.088191564553199e-06,6.19529079144641e-11
6.761576007732176e-08,0.0,-2.585214902197458e-05,0.002848877225729532,-2.0881933835426025e-06,-6.19529079144641e-11
6.764461515266771e-08,0.0,-2.366751255687299e-05,0.002608132788327808,-2.088195202532006e-06,6.19529079144641e-11
6.767347009955954e-08,0.0,-2.1667497375284335e-05,0.002387733405007704,-2.0881933835426025e-06,-6.19529079144641e-11
6.770232515802311e-08,0.0,-1.9836486022669533e-05,0.00218595805015838,-2.0881933835426025e-06,6.19529079144641e-11
6.773118011957841e-08,0.0,-1.8160209632881935e-05,0.0020012343110672086,-2.0881933835426025e-06,-6.19529079144641e-11
6.776003516530557e-08,0.0,-1.6625582196638912e-05,0.0018321201244908953,-2.0881933835426025e-06,6.19529079144641e-11
6.778889013792331e-08,0.0,-1.522064177000195e-05,0.0016772972979031537,-2.0881933835426025e-06,-6.19529079144641e-11
6.781774517404193e-08,0.0,-1.3934422751593498e-05,0.0015355574345855096,-2.0881933835426025e-06,6.19529079144641e-11
6.784660015500537e-08,0.0,-1.2756897715959217e-05,0.001405795523732477,-2.0881933835426025e-06,-6.19529079144641e-11
6.78754551838751e-08,0.0,-1.1678877435458737e-05,0.0012869989229786062,-2.0881933835426025e-06,6.19529079144641e-11
6.79043101711347e-08,0.0,-1.0691956506800236e-05,0.0011782413665039457,-2.0881933835426025e-06,-6.19529079144641e-11
6.793316519453575e-08,0.0,-9.788434026880947e-06,0.0010786742236027014,-2.0881933835426025e-06,6.19529079144641e-11
6.796202018654531e-08,0.0,-8.96126446573626e-06,0.0009875210849385628,-2.0881933835426025e-06,-6.19529079144641e-11
6.799087520582067e-08,0.0,-8.203994009257899e-06,0.0009040707475858951,-2.088191564553199e-06,6.19529079144641e-11
6.801991194367287e-08,0.0,-7.506536165701102e-06,0.0008272116917011932,-2.088191564553199e-06,-6.19529079144641e-11
6.805015231611105e-08,0.0,-6.8430880552142936e-06,0.0007541004694656054,-2.088191564553199e-06,6.19529079144641e-11
6.808108029118696e-08,0.0,-6.225146087362336e-06,0.0006860039720508026,-2.0881933835426025e-06,-6.19529079144641e-11
6.811322997717549e-08,0.0,-5.641840054169173e-06,0.0006217243149833078,-2.0881933835426025e-06,6.19529079144641e-11
6.814617590621789e-08,0.0,-5.100725673323761e-06,0.0005620941297016912,-2.0881933835426025e-06,-6.19529079144641e-11
6.818041655363752e-08,0.0,-4.593241158511486e-06,0.000506169917156356,-2.088195202532006e-06,6.19529079144641e-11
6.821563295752693e-08,0.0,-4.123890010147429e-06,0.00045444795793716093,-2.0881933835426025e-06,-6.19529079144641e-11
6.825226479850532e-08,0.0,-3.6864600335265e-06,0.000406243675299385,-2.0881933835426025e-06,6.19529079144641e-11
6.829007162558404e-08,0.0,-3.2835720574641948e-06,0.00036184588157841353,-2.088195202532006e-06,-6.19529079144641e-11
6.83294520804448e-08,0.0,-2.910626734562122e-06,0.000320747733956092,-2.0881933835426025e-06,6.19529079144641e-11
6.837023903621015e-08,0.0,-2.568926156915598e-06,0.00028309272149087397,-2.0881933835426025e-06,-6.19529079144641e-11
6.841280730527099e-08,0.0,-2.2549739131164384e-06,0.0002484955436482556,-2.0881933835426025e-06,6.19529079144641e-11
6.845705995074892e-08,0.0,-1.9691767361469242e-06,0.00021700102193736672,-2.0881942930373043e-06,-6.19529079144641e-11
6.850336483399537e-08,0.0,-1.7087927825311156e-06,0.00018830700834604648,-2.0881924740479008e-06,6.19529079144641e-11
6.855169694331966e-08,0.0,-1.4736278159517859e-06,0.00016239209825449254,-2.0881933835426025e-06,-6.19529079144641e-11
6.860243629772388e-08,0.0,-1.26145274426953e-06,0.00013901064826097326,-2.0881942930373043e-06,6.19529079144641e-11
6.865563773372614e-08,0.0,-1.0716766606926795e-06,0.0001180975411134213,-2.0881933835426025e-06,-6.19529079144641e-11
6.871171723228029e-08,0.0,-9.024178229571419e-07,9.944541096872964e-05,-2.0881933835426025e-06,6.19529079144641e-11
6.877082622747641e-08,0.0,-7.528301079683782e-07,8.296101603049283e-05,-2.0881933835426025e-06,-6.19529079144641e-11
6.883344941411521e-08,0.0,-6.212676186717637e-07,6.846298032758431e-05,-2.0881933835426025e-06,6.19529079144641e-11
6.889986552444199e-08,0.0,-5.067269429124714e-07,5.584072898929947e-05,-2.0881933835426025e-06,-6.19529079144641e-11
6.897067726397592e-08,0.0,-4.077246440982184e-07,4.493078900142979e-05,-2.0881942930373043e-06,6.19529079144641e-11
6.904634532870464e-08,0.0,-3.231683878960826e-07,3.5612786371088896e-05,-2.0881933835426025e-06,-6.19529079144641e-11
6.912767093933593e-08,0.0,-2.516910606494061e-07,2.773606673836352e-05,-2.0881933835426025e-06,6.19529079144641e-11
6.921539593839442e-08,0.0,-1.9216044578465638e-07,2.1175861133122654e-05,-2.0881933835426025e-06,-6.19529079144641e-11
6.931066237625928e-08,0.0,-1.4329969368561686e-07,1.579146218938488e-05,-2.0881929287952516e-06,6.19529079144641e-11
6.941066237625928e-08,0.0,-1.0529242557237372e-07,1.1603104755433859e-05,-2.0881933835426025e-06,-6.19529079144641e-11
6.951066237625927e-08,0.0,-7.736579610037462e-08,8.525622159046953e-06,-2.0881933835426025e-06,6.19529079144641e-11
6.961066237625927e-08,0.0,-5.684612519561465e-08,6.264377917021965e-06,-2.0881933835426025e-06,-6.19529079144641e-11
6.971066237625926e-08,0.0,-4.1768870904755946e-08,4.602881755160872e-06,-2.0881933835426025e-06,6.19529079144641e-11
6.981066237625926e-08,0.0,-3.069054523332326e-08,3.3820629490477353e-06,-2.0881933835426025e-06,-6.19529079144641e-11
6.991066237625925e-08,0.0,-2.2550515403404836e-08,2.485040980793498e-06,-2.0881933835426025e-06,6.19529079144641e-11
7.001066237625924e-08,0.0,-1.6569459457041576e-08,1.825935462839887e-06,-2.0881933835426025e-06,-6.19529079144641e-11
7.011066237625924e-08,0.0,-1.2174754403076964e-08,1.3416439971109537e-06,-2.0881933835426025e-06,6.19529079144641e-11
7.021066237625923e-08,0.0,-8.945653608017547e-09,9.858007862908216e-07,-2.0881933835426025e-06,-6.19529079144641e-11
7.031066237625923e-08,0.0,-6.5730047461736265e-09,7.243375980097908e-07,-2.0881933835426025e-06,6.19529079144641e-11
7.041066237625922e-08,0.0,-4.829651726546491e-09,5.322220911029088e-07,-2.0881933835426025e-06,-6.19529079144641e-11
7.051066237625922e-08,0.0,-3.5486868944401183e-09,3.91061233099382e-07,-2.0881933835426025e-06,6.19529079144641e-11
7.061066237625921e-08,0.0,-2.6074713846312753e-09,2.873403614575614e-07,-2.0881933835426025e-06,-6.19529079144641e-11
7.07106623762592e-08,0.0,-1.9158937443493316e-09,2.111292972412319e-07,-2.0881933835426025e-06,6.19529079144641e-11
7.08106623762592e-08,0.0,-1.4077427124403634e-09,1.5513163527554065e-07,-2.0881933835426025e-06,-6.19529079144641e-11
7.091066237625919e-08,0.0,-1.0343681899319563e-09,1.1398619034745464e-07,-2.0881933835426025e-06,6.19529079144641e-11
7.101066237625919e-08,0.0,-7.600235063398705e-10,8.375372029598343e-08,-2.0881933835426025e-06,-6.19529079144641e-11
7.111066237625918e-08,0.0,-5.584430532741356e-10,6.153978514445964e-08,-2.0881933835426025e-06,6.19529079144641e-11
7.121066237625918e-08,0.0,-4.1032762953379693e-10,4.521763501660079e-08,-2.0881933835426025e-06,-6.19529079144641e-11
7.131066237625917e-08,0.0,-3.0149674630921083e-10,3.3224596278568614e-08,-2.0881933835426025e-06,6.19529079144641e-11
7.141066237625916e-08,0.0,-2.2153099496829186e-10,2.4412462028777205e-08,-2.0881933835426025e-06,-6.19529079144641e-11
7.151066237625916e-08,0.0,-1.6277449867472036e-10,1.7937563403619648e-08,-2.0881933835426025e-06,6.19529079144641e-11
7.161066237625915e-08,0.0,-1.1960194293368265e-10,1.3179997186666003e-08,-2.0881933835426025e-06,-6.19529079144641e-11
7.171066237625915e-08,0.0,-8.788001112172504e-11,9.684276617272922e-09,-2.0881933835426025e-06,6.19529079144641e-11
7.181066237625914e-08,0.0,-6.457166301065855e-11,7.1157233398152594e-09,-2.0881933835426025e-06,-6.19529079144641e-11
7.191066237625913e-08,0.0,-4.744537023696218e-11,5.228425482857607e-09,-2.0881933835426025e-06,6.19529079144641e-11
7.201066237625913e-08,0.0,-3.4861470990243236e-11,3.841694192470445e-09,-2.0881933835426025e-06,-6.19529079144641e-11
7.211066237625912e-08,0.0,-2.5615189713686666e-11,2.822764581201389e-09,-2.0881933835426025e-06,6.19529079144641e-11
7.221066237625912e-08,0.0,-1.8821292544409623e-11,2.0740848911144315e-09,-2.0881933835426025e-06,-6.19529079144641e-11
7.231066237625911e-08,0.0,-1.382933552403067e-11,1.5239769423911018e-09,-2.0881933835426025e-06,6.19529079144641e-11
7.24106623762591e-08,0.0,-1.016139144389366e-11,1.1197737040029266e-09,-2.0881933835426025e-06,-6.19529079144641e-11
7.25106623762591e-08,0.0,-7.466293366327111e-12,8.227769812639693e-10,-2.0881933835426025e-06,6.19529079144641e-11
7.26106623762591e-08,0.0,-5.486014089215238e-12,6.045524720556166e-10,-2.0881933835426025e-06,-6.19529079144641e-11
7.271066237625909e-08,0.0,-4.030962770068073e-12,4.4420748245423294e-10,-2.0881933835426025e-06,6.19529079144641e-11
7.281066237625908e-08,0.0,-2.9618335985959867e-12,3.263906717598738e-10,-2.0881933835426025e-06,-6.19529079144641e-11
7.291066237625908e-08,0.0,-2.1762687395859484e-12,2.3982232362067247e-10,-2.0881933835426025e-06,6.19529079144641e-11
7.301066237625907e-08,0.0,-1.5990586467855136e-12,1.7621443222228866e-10,-2.0881933835426025e-06,-6.19529079144641e-11
7.311066237625907e-08,0.0,-1.1749415454993385e-12,1.2947721319112258e-10,-2.0881933835426025e-06,6.19529079144641e-11
7.321066237625906e-08,0.0,-8.633126982766315e-13,9.513607100348824e-11,-2.0881933835426025e-06,-6.19529079144641e-11
7.331066237625905e-08,0.0,-6.343369319400723e-13,6.990320368280494e-11,-2.0881933835426025e-06,6.19529079144641e-11
7.341066237625905e-08,0.0,-4.660922327647991e-13,5.1362830455131946e-11,-2.0881933835426025e-06,-6.19529079144641e-11
7.351066237625904e-08,0.0,-3.4247094654776267e-13,3.773990623281925e-11,-2.0881933835426025e-06,6.19529079144641e-11
7.361066237625904e-08,0.0,-2.5163763938129157e-13,2.773017977866562e-11,-2.0881933835426025e-06,-6.19529079144641e-11
7.371066237625903e-08,0.0,-1.8489598086537563e-13,2.0375325413194834e-11,-2.0881933835426025e-06,6.19529079144641e-11
7.381066237625903e-08,0.0,-1.3585616129503543e-13,1.4971193443648772e-11,-2.0881933835426025e-06,-6.19529079144641e-11
7.391066237625902e-08,0.0,-9.982313561228014e-14,1.1000395261516554e-11,-2.0881933835426025e-06,6.19529079144641e-11
7.401066237625901e-08,0.0,-7.334712170641588e-14,8.082768843049211e-12,-2.0881933835426025e-06,-6.19529079144641e-11
7.411066237625901e-08,0.0,-5.389332075775067e-14,5.938982247185711e-12,-2.0881933835426025e-06,6.19529079144641e-11
7.4210662376259e-08,0.0,-3.959923651052674e-14,4.3637905298646975e-12,-2.0881933835426025e-06,-6.19529079144641e-11
7.4310662376259e-08,0.0,-2.9096361324796264e-14,3.206385706500919e-12,-2.0881933835426025e-06,6.19529079144641e-11
7.441066237625899e-08,0.0,-2.137915566014121e-14,2.35595847887108e-12,-2.0881933835426025e-06,-6.19529079144641e-11
7.451066237625899e-08,0.0,-1.5708778573290652e-14,1.7310894141374492e-12,-2.0881933835426025e-06,6.19529079144641e-11
7.461066237625898e-08,0.0,-1.1542351242221207e-14,1.2719538933360794e-12,-2.0881933835426025e-06,-6.19529079144641e-11
7.471066237625897e-08,0.0,-8.480982261587493e-15,9.34594535418189e-13,-2.0881933835426025e-06,6.19529079144641e-11
7.481066237625897e-08,0.0,-6.231577818687928e-15,6.867127418765239e-13,-2.0881933835426025e-06,-6.19529079144641e-11
7.491066237625896e-08,0.0,-4.578781207510971e-15,5.045764467739912e-13,-2.0881933835426025e-06,6.19529079144641e-11
7.501066237625896e-08,0.0,-3.3643545663793106e-15,3.7074802186321836e-13,-2.0881933835426025e-06,-6.19529079144641e-11
7.511066237625895e-08,0.0,-2.4720293830071103e-15,2.724148076953468e-13,-2.0881933835426025e-06,6.19529079144641e-11
7.521066237625895e-08,0.0,-1.816374917706203e-15,2.0016243668331954e-13,-2.0881933835426025e-06,-6.19529079144641e-11
7.531066237625894e-08,0.0,-1.3346191909920053e-15,1.470735067523541e-13,-2.0881933835426025e-06,6.19529079144641e-11
7.541066237625893e-08,0.0,-9.80639161628029e-16,1.0806531308691616e-13,-2.0881933835426025e-06,-6.19529079144641e-11
7.551066237625893e-08,0.0,-7.205449892229799e-16,7.940323278103674e-14,-2.0881933835426025e-06,6.19529079144641e-11
7.561066237625892e-08,0.0,-5.294353912488199e-16,5.834317410438603e-14,-2.0881933835426025e-06,-6.19529079144641e-11
7.571066237625892e-08,0.0,-3.89013649036357e-16,4.286885867687849e-14,-2.0881933835426025e-06,6.19529079144641e-11
7.581066237625891e-08,0.0,-2.858358552594157e-16,3.1498784090292586e-14,-2.0881933835426025e-06,-6.19529079144641e-11
7.59106623762589e-08,0.0,-2.1002383116411288e-16,2.3144385686738796e-14,-2.0881933835426025e-06,6.19529079144641e-11
7.60106623762589e-08,0.0,-1.543193701933738e-16,1.7005817979523654e-14,-2.0881933835426025e-06,-6.19529079144641e-11
7.61106623762589e-08,0.0,-1.1338936249733779e-16,1.2495377888505493e-14,-2.0881933835426025e-06,6.19529079144641e-11
7.621066237625889e-08,0.0,-8.331518797369868e-17,9.18123837173154e-15,-2.0881933835426025e-06,-6.19529079144641e-11
7.631066237625888e-08,0.0,-6.121756497928923e-17,6.74610554325574e-15,-2.0881933835426025e-06,6.19529079144641e-11
7.641066237625888e-08,0.0,-4.4980876580449435e-17,4.95684113166742e-15,-2.0881933835426025e-06,-6.19529079144641e-11
7.651066237625887e-08,0.0,-3.305063350725612e-17,3.6421419509539254e-15,-2.0881933835426025e-06,6.19529079144641e-11
7.661066237625887e-08,0.0,-2.4284638926012303e-17,2.676139428014305e-15,-2.0881933835426025e-06,-6.19529079144641e-11
7.671066237625886e-08,0.0,-1.7843643016400173e-17,1.966349015123381e-15,-2.0881933835426025e-06,6.19529079144641e-11
7.681066237625885e-08,0.0,-1.3110986984498177e-17,1.444815770353952e-15,-2.0881933835426025e-06,-6.19529079144641e-11
7.691066237625885e-08,0.0,-9.633570147962813e-18,1.061608389059167e-15,-2.0881933835426025e-06,6.19529079144641e-11
7.701066237625884e-08,0.0,-7.078465530743301e-18,7.800388082963983e-16,-2.0881933835426025e-06,-6.19529079144641e-11
7.711066237625884e-08,0.0,-5.201049684735627e-18,5.731497120058356e-16,-2.0881933835426025e-06,6.19529079144641e-11
7.721066237625883e-08,0.0,-3.821579128525433e-18,4.211336524236076e-16,-2.0881933835426025e-06,-6.19529079144641e-11
7.731066237625883e-08,0.0,-2.807984728639557e-18,3.094366960151364e-16,-2.0881933835426025e-06,6.19529079144641e-11
7.741066237625882e-08,0.0,-2.0632249956654463e-18,2.2736503788953403e-16,-2.0881933835426025e-06,-6.19529079144641e-11
7.751066237625881e-08,0.0,-1.5159974865937557e-18,1.6706118285514883e-16,-2.0881933835426025e-06,6.19529079144641e-11
7.761066237625881e-08,0.0,-1.1139105671249999e-18,1.2275167314935713e-16,-2.0881933835426025e-06,-6.19529079144641e-11
7.77106623762588e-08,0.0,-8.184689756800824e-19,9.019434080178877e-17,-2.0881933835426025e-06,6.19529079144641e-11
7.78106623762588e-08,0.0,-6.013870280313627e-19,6.627216480082968e-17,-2.0881933835426025e-06,-6.19529079144641e-11
7.791066237625879e-08,0.0,-4.418816469677707e-19,4.869484923811143e-17,-2.0881933835426025e-06,6.19529079144641e-11
7.801066237625879e-08,0.0,-3.246816817232266e-19,3.5779551632201703e-17,-2.0881933835426025e-06,-6.19529079144641e-11
7.811066237625878e-08,0.0,-2.3856663662813224e-19,2.628976852920765e-17,-2.0881933835426025e-06,6.19529079144641e-11
7.821066237625877e-08,0.0,-1.752917656078621e-19,1.9316953337016684e-17,-2.0881933835426025e-06,-6.19529079144641e-11
7.831066237625877e-08,0.0,-1.2879928552688485e-19,1.419353258370509e-17,-2.0881933835426025e-06,6.19529079144641e-11
7.841066237625876e-08,0.0,-9.463793194906299e-20,1.0428992796220073e-17,-2.0881933835426025e-06,-6.19529079144641e-11
7.851066237625876e-08,0.0,-6.953720061194226e-20,7.662919016614658e-18,-2.0881933835426025e-06,6.19529079144641e-11
7.861066237625875e-08,0.0,-5.109388942970812e-20,5.6304888688158444e-18,-2.0881933835426025e-06,-6.19529079144641e-11
7.871066237625875e-08,0.0,-3.754230697064305e-20,4.137118614337943e-18,-2.0881933835426025e-06,6.19529079144641e-11
7.881066237625874e-08,0.0,-2.758498051145849e-20,3.039833809580312e-18,-2.0881933835426025e-06,-6.19529079144641e-11
7.891066237625873e-08,0.0,-2.0268644956772806e-20,2.23358101423441e-18,-2.0881933835426025e-06,6.19529079144641e-11
7.901066237625873e-08,0.0,-1.489280121779919e-20,1.6411700307287005e-18,-2.0881933835426025e-06,-6.19529079144641e-11
7.911066237625872e-08,0.0,-1.0942800494853968e-20,1.205883759258956e-18,-2.0881933835426025e-06,6.19529079144641e-11
7.921066237625872e-08,0.0,-8.040445187720897e-21,8.86048132390471e-19,-2.0881933835426025e-06,-6.19529079144641e-11
7.931066237625871e-08,0.0,-5.907888051127253e-21,6.510422642299724e-19,-2.0881933835426025e-06,6.19529079144641e-11
7.94106623762587e-08,0.0,-4.340940042122264e-21,4.783668225782364e-19,-2.0881933835426025e-06,-6.19529079144641e-11
7.95106623762587e-08,0.0,-3.189598703003151e-21,3.514899562753944e-19,-2.0881933835426025e-06,6.19529079144641e-11
7.96106623762587e-08,0.0,-2.3436214489246262e-21,2.5826454407766837e-19,-2.0881933835426025e-06,-6.19529079144641e-11
7.971066237625869e-08,0.0,-1.7220265858302446e-21,1.8976523668423526e-19,-2.0881933835426025e-06,6.19529079144641e-11
7.981066237625868e-08,0.0,-1.2652930450372853e-21,1.3943394813169078e-19,-2.0881933835426025e-06,-6.19529079144641e-11
7.991066237625868e-08,0.0,-9.297018199406075e-22,1.0245198877269608e-19,-2.0881933835426025e-06,6.19529079144641e-11
8e-08,0.0,-7.062485985811166e-22,7.782785969203742e-20,-2.0881938382899534e-06,-6.19529079144641e-11
8.000000198677923e-08,3.278185722647e-06,-7.062443083203784e-22,7.782738687692384e-20,-2.0831220410855167e-06,-0.007424999978668986
8.000000596033769e-08,9.834557189778568e-06,-7.062357278912279e-22,7.782644125244149e-20,-2.0831220410855167e-06,-0.007425000034716655
8.000001390745462e-08,2.2947300124041703e-05,-7.062185673305406e-22,7.782455003794535e-20,-2.075671460488593e-06,-0.007424999998427529
8.000002980168848e-08,4.917278599256798e-05,-7.061842474427493e-22,7.782076774682314e-20,-2.0831220410855167e-06,-0.0074250000742337365
8.00000615901562e-08,0.00010162375772962053,-7.061156126477184e-22,7.781320371602567e-20,-2.0868473313839786e-06,-0.00742500007746171
8.000012516709164e-08,0.0002065257012037256,-7.059783629553012e-22,7.779807785995042e-20,-2.0868473313839786e-06,-0.007425000232302088
8.000025232096252e-08,0.0004163295881519358,-7.057039431447492e-22,7.776783496773522e-20,-2.088244315245902e-06,-0.007425000393598433
8.000050662870427e-08,0.0008359373620483562,-7.051554217701352e-22,7.770738444590726e-20,-2.088011484602248e-06,-0.0074250008645755095
8.000101524418777e-08,0.0016751529098193595,-7.040596512564696e-22,7.75866243156691e-20,-2.088011484602248e-06,-0.0074250016577588895
8.000203247515478e-08,0.0033535840053832036,-7.018731928117523e-22,7.734566661483523e-20,-2.088127899924075e-06,-0.007425003393862428
8.00040669370888e-08,0.006710446196510891,-6.9752054926064785e-22,7.686599272996086e-20,-2.088127899924075e-06,-0.0074250067159461475
8.000813586095683e-08,0.013424170578766267,-6.888958380379402e-22,7.591554173766002e-20,-2.08817155566976e-06,-0.007425013510236722
8.001627370869288e-08,0.026851619343255178,-6.719641509726242e-22,7.40496802024582e-20,-2.141243925279923e-06,-0.007425026948669089
8.003254940416499e-08,0.05370651687223301,-6.393339112869469e-22,7.045386507294672e-20,-3.309190250888605e-05,-0.007425053975727458
8.006510079510922e-08,0.1074163119302105,-5.78714275832899e-22,6.377365067403768e-20,-0.0002659408314684697,-0.0074251078796532255
8.013020357699766e-08,0.21483590204614364,-4.739378201540577e-22,5.222740519125387e-20,-0.0014154294249806298,-0.00742521583768152
8.023020357699766e-08,0.3798359020461342,-3.4823565462050873e-22,3.83751704731904e-20,-0.004956853602863021,-0.0074253815377858245
8.033020357699765e-08,0.5448359020461248,-2.558733784920796e-22,2.819695337062548e-20,-0.010649388890954015,-0.007425547338002048
8.043020357699765e-08,0.7098359020461154,-1.88008278006006e-22,2.0718297002500604e-20,-0.018493035290163107,-0.00742571303811701
8.053020357699764e-08,0.874835902046106,-1.3814298635378917e-22,1.5223198940742573e-20,-0.028487792800461875,-0.007425878838347444
8.053806539914146e-08,0.8878079085834062,-1.3486148731673866e-22,1.486158150780519e-20,-0.02936476893029294,-0.007425891819266894
8.054242041217609e-08,0.8949936800905423,-1.3307744733365275e-22,1.4664982344175024e-20,-0.02985628748959357,-0.00742589908776381
8.054421198157998e-08,0.8979497696069687,-1.3235040545312408e-22,1.4584863161302023e-20,-0.030059673243329144,-0.0074259020072418025
8.054543333453289e-08,0.8999650019792654,-1.3185704362743457e-22,1.4530495252935024e-20,-0.030198721660184447,-0.007425904081713952
8.054634785454976e-08,0.9014739600070947,-1.3148883069962481e-22,1.44899186098311e-20,-0.03009915115362105,-0.007425905547478351
8.054731600801233e-08,0.9030714132203431,-1.31100143724342e-22,1.4447085750145268e-20,-0.029989234638378548,-0.007425907202105009
8.054793195025702e-08,0.9040877179240747,-1.3085345820107028e-22,1.441990128789799e-20,-0.029919227899796397,-0.007425908173118501
8.054881530085543e-08,0.9055452464114541,-1.3050048522020194e-22,1.4381004069497325e-20,-0.029819198517685663,-0.007425909687341914
8.055058200205224e-08,0.908460303386191,-1.2979739181061781e-22,1.4303523980698532e-20,-0.029619520075129913,-0.00742591256548053
8.055411540444587e-08,0.9142904173356867,-1.2840253856441773e-22,1.4149812749846373e-20,-0.029222009616461264,-0.0074259184723359795
8.056118220923313e-08,0.9259506452346564,-1.2565756064292526e-22,1.384731932544572e-20,-0.028435045554914495,-0.007425930135326553
8.057531581880764e-08,0.9492711010325955,-1.203417886300774e-22,1.3261527335329216e-20,-0.026893345233276023,-0.007425953612042235
8.060358303795665e-08,0.9959120126284741,-1.1037090003219983e-22,1.2162746826876516e-20,-0.02393885561218667,-0.0074260004147532754
8.06601174762547e-08,1.0891938358202529,-9.280893966718914e-23,1.022743890023688e-20,-0.018545520746869215,-0.007426094170938313
8.07601174762547e-08,1.2541938358202431,-6.819329561031195e-23,7.514823106059079e-21,-0.010689225005222625,-0.007426259870854324
8.086011747625469e-08,1.4191938358202338,-5.0106439992369144e-23,5.52167232346423e-21,-0.0049840403737562156,-0.007426425671269499
8.096011747625468e-08,1.5841938358202245,-3.68167472512196e-23,4.057163397915276e-21,-0.0014299668534079046,-0.007426591371171298
8.106011747625468e-08,1.7491938358202148,-2.705186954739413e-23,2.9810850541482807e-21,-2.7004444177691767e-05,-0.007426757171600684
8.116011747625467e-08,1.9141938358202055,-1.9876922885587478e-23,2.190414146157551e-21,-2.0881933835426025e-06,-0.0074269228715309055
8.126011747625467e-08,2.0791938358201962,-1.4604981837078285e-23,1.6094522781262652e-21,-2.0881933835426025e-06,-0.007427088671875026
8.136011747625466e-08,2.244193835820187,-1.0731313679171346e-23,1.1825784818408992e-21,-2.0881933835426025e-06,-0.0074272543718052475
8.146011747625465e-08,2.4091938358201768,-7.885055562894423e-24,8.689240959298645e-22,-2.0881933835426025e-06,-0.007427420172234633
8.156011747625465e-08,2.5741938358201675,-5.793708309060227e-24,6.384600228072746e-22,-2.0881933835426025e-06,-0.007427585872221698
8.166011747625464e-08,2.739193835820158,-4.257047487185764e-24,4.691217594637489e-22,-2.0881933835426025e-06,-0.007427751672537397
8.176011747625464e-08,2.904193835820149,-3.1279540393668275e-24,3.4469695414084743e-22,-2.0881933835426025e-06,-0.007427917372410775
8.186011747625463e-08,3.0691938358201396,-2.298329182794059e-24,2.5327324473244524e-22,-2.0881933835426025e-06,-0.007428083172953848
8.196011747625463e-08,3.2341938358201303,-1.6887450921703843e-24,1.8609777581930644e-22,-2.0881933835426025e-06,-0.007428248872770382
8.2e-08,3.3000000000000003,-1.4946340266951797e-24,1.647069586299674e-22,-2.088195202532006e-06,-0.007428315028448651
8.200019953009499e-08,3.3000000000000003,-1.4937226714970475e-24,1.6460652833039508e-22,-2.088127899924075e-06,-3.315003368697944e-06
8.200059859028496e-08,3.3000000000000003,-1.491901072499106e-24,1.6440579020628317e-22,-2.088127899924075e-06,-3.315003368697944e-06
8.200139671066488e-08,3.3000000000000003,-1.4882645347778075e-24,1.6400504791264973e-22,-2.0881861075849883e-06,-3.315003368697944e-06
8.200299295142474e-08,3.3000000000000003,-1.481018019358553e-24,1.6320649020949065e-22,-2.0881861075849883e-06,-3.315003368697944e-06
8.200618543294444e-08,3.3000000000000003,-1.4666305835645952e-24,1.6162101125613857e-22,-2.0882006595002167e-06,-3.3150033118545252e-06
8.201257039598385e-08,3.3000000000000003,-1.4382729878972424e-24,1.584960366784355e-22,-2.088178831627374e-06,-3.3150033118545252e-06
8.202534032206266e-08,3.3000000000000003,-1.38318694595006e-24,1.524256179203741e-22,-2.088204297479024e-06,-3.315003368697944e-06
8.20508801742203e-08,3.3000000000000003,-1.2792253386755839e-24,1.409691678177883e-22,-2.0881933835426025e-06,-3.3150033118545252e-06
8.210195987853558e-08,3.3000000000000003,-1.0938946380471846e-24,1.205459367819563e-22,-2.0881933835426025e-06,-3.3150033118545252e-06
8.220195987853558e-08,3.3000000000000003,-8.037618001707553e-25,8.857363020272858e-23,-2.0881933835426025e-06,-3.315003368697944e-06
8.230195987853557e-08,3.3000000000000003,-5.9058067289472945e-25,6.508131403450191e-23,-2.0881933835426025e-06,-3.315003368697944e-06
8.240195987853557e-08,3.3000000000000003,-4.339414128944722e-25,4.781984690887123e-23,-2.0881933835426025e-06,-3.315003368697944e-06
8.250195987853556e-08,3.3000000000000003,-3.1884746397460767e-25,3.513662550168549e-23,-2.0881933835426025e-06,-3.315003368697944e-06
8.260195987853556e-08,3.3000000000000003,-2.3427979506470754e-25,2.5817365203999923e-23,-2.0881933835426025e-06,-3.315003368697944e-06
8.270195987853555e-08,3.3000000000000003,-1.7214194427449708e-25,1.8969845184613198e-23,-2.0881933835426025e-06,-3.315003368697944e-06
8.280195987853554e-08,3.3000000000000003,-1.2648486810570585e-25,1.393848766071759e-23,-2.0881933835426025e-06,-3.315003368697944e-06
8.290195987853554e-08,3.3000000000000003,-9.293738331556566e-26,1.0241593243236477e-23,-2.0881933835426025e-06,-3.315003368697944e-06
8.300195987853553e-08,3.3000000000000003,-6.828767224804408e-26,7.525223303494821e-24,-2.0881933835426025e-06,-3.315003368697944e-06
8.310195987853553e-08,3.3000000000000003,-5.017578518673757e-26,5.5293140844916064e-24,-2.0881933835426025e-06,-3.315003368697944e-06
8.320195987853552e-08,3.3000000000000003,-3.6867700072700316e-26,4.0627783405123105e-24,-2.0881933835426025e-06,-3.315003368697944e-06
8.330195987853552e-08,3.3000000000000003,-2.708930819105595e-26,2.9852107498164726e-24,-2.0881933835426025e-06,-3.315003368697944e-06
8.340195987853551e-08,3.3000000000000003,-1.9904431706405113e-26,2.1934455867203668e-24,-2.0881933835426025e-06,-3.315003368697944e-06
8.35019598785355e-08,3.3000000000000003,-1.4625194514424767e-26,1.611679692028056e-24,-2.0881933835426025e-06,-3.315003368697944e-06
8.36019598785355e-08,3.3000000000000003,-1.0746165363548199e-26,1.1842151204577814e-24,-2.0881933835426025e-06,-3.315003368697944e-06
8.370195987853549e-08,3.3000000000000003,-7.895968146406463e-27,8.701266501386341e-25,-2.0881933835426025e-06,-3.315003368697944e-06
8.380195987853549e-08,3.3000000000000003,-5.801726556380843e-27,6.393436244833635e-25,-2.0881933835426025e-06,-3.315003368697944e-06
8.390195987853548e-08,3.3000000000000003,-4.262939060918195e-27,4.697710041433599e-25,-2.0881933835426025e-06,-3.315003368697944e-06
8.400195987853548e-08,3.3000000000000003,-3.1322829954944236e-27,3.451740001508424e-25,-2.0881933835426025e-06,-3.315003368697944e-06
8.410195987853547e-08,3.3000000000000003,-2.3015099732099967e-27,2.5362376419421223e-25,-2.0881933835426025e-06,-3.315003368697944e-06
8.420195987853546e-08,3.3000000000000003,-1.6910822439696835e-27,1.8635532727242219e-25,-2.0881933835426025e-06,-3.315003368697944e-06
8.430195987853546e-08,3.3000000000000003,-1.2425577943036597e-27,1.369284464062225e-25,-2.0881933835426025e-06,-3.315003368697944e-06
8.440195987853545e-08,3.3000000000000003,-9.129951412381679e-28,1.0061101933411895e-25,-2.0881933835426025e-06,-3.315003368697944e-06
8.450195987853545e-08,3.3000000000000003,-6.708421384902767e-28,7.392603565675493e-26,-2.0881933835426025e-06,-3.315003368697944e-06
8.450575461387721e-08,3.3000000000000003,-1.8750425654865545e-15,-1.0719112267285298e-17,-2.088186107640246e-06,-3.3150033118545252e-06
8.451334408456074e-08,3.3000000000000003,1.3481939252434788e-15,-1.6464855420269682e-17,-2.0881715557111147e-06,-3.315003368697944e-06
8.452852302592779e-08,3.3000000000000003,-3.997304890881523e-16,5.598197977270399e-18,-2.0882006594879335e-06,-3.3150033118545252e-06
8.452928500287657e-08,3.3000000000000003,-7.722729993437408e-15,-3.7812963765379445e-18,-2.0881279000196486e-06,-3.315003368697944e-06
8.453080895677412e-08,3.3000000000000003,1.5018296989789504e-15,-1.809483485724563e-17,-2.0881861076310483e-06,-3.315003368697944e-06
8.453088545865655e-08,3.3000000000000003,-9.14886277085521e-15,-1.8976756029726287e-17,-2.0877786541194516e-06,-3.315003425541363e-06
8.453103846242138e-08,3.3000000000000003,1.710879857768247e-15,-2.069153357769398e-17,-2.0882443152983755e-06,-3.315003368697944e-06
8.453134446995107e-08,3.3000000000000003,1.5883062148563152e-15,-1.9143403924866312e-17,-2.08801148465096e-06,-3.315003368697944e-06
8.453195648501043e-08,3.3000000000000003,1.3685925891286003e-15,-1.636855475735583e-17,-2.088011484644218e-06,-3.3150033118545252e-06
8.45319872079239e-08,3.3000000000000003,-9.535173164441e-15,-1.6747170252723337e-17,-2.0887099766909665e-06,-3.315003368697944e-06
8.453199115468172e-08,3.3000000000000003,-9.652182105546533e-15,-1.6861718189814457e-17,-2.083122041244881e-06,-3.3150048466268345e-06
8.453199904819735e-08,3.3000000000000003,1.4161242383185054e-15,-1.6959834434034687e-17,-2.083122041128945e-06,-3.315003482384782e-06
8.453201483522863e-08,3.3000000000000003,1.4107059918962241e-15,-1.6891407664523352e-17,-2.0868473314272404e-06,-3.315003482384782e-06
8.453204640929119e-08,3.3000000000000003,1.3999315723520734e-15,-1.6755338557339692e-17,-2.08684733142691e-06,-3.315003482384782e-06
8.453204799429662e-08,3.3000000000000003,-9.669522053347574e-15,-1.677511749318667e-17,-2.0682208800509388e-06,-3.315006665616238e-06
8.453204830598591e-08,3.3000000000000003,0.4531751200659467,2.140147977245486e-07,-0.013735302923490653,-3.315003027637431e-06
8.453204842022163e-08,3.3000000000000003,0.4532132190487786,3.7089639958120445e-07,-0.013736452722101639,-3.3150175795526593e-06
8.453204847698144e-08,3.3000000000000003,0.45323214872731954,4.488503644997975e-07,-0.013735593493939671,-3.314959371891746e-06
8.453204855732172e-08,3.3000000000000003,0.4532589421641907,5.591953228961906e-07,-0.01373735577359059,-3.3150757872135728e-06
8.45320487180023e-08,3.3000000000000003,0.4533125274575704,7.799047277289067e-07,-0.013739449772940289,-3.315046683383116e-06
8.453204903936345e-08,3.3000000000000003,0.4534196917238091,1.2214014856595929e-06,-0.013742445484837275,-3.3150175795526593e-06
8.453204968208573e-08,3.3000000000000003,0.4536339949757424,2.1047067634286707e-06,-0.013748912970247721,-3.3150175795526593e-06
8.453205096753031e-08,3.3000000000000003,0.4540625003779446,3.872564117414665e-06,-0.013761904444149807,-3.315006665616238e-06
8.453205353841946e-08,3.3000000000000003,0.4549191069349306,7.413264026423077e-06,-0.013787725978961577,-3.315006665616238e-06
8.453205868019777e-08,3.3000000000000003,0.4566307043317743,1.4514588717840203e-05,-0.01383940888899844,-3.3150039371321327e-06
8.453206896375438e-08,3.3000000000000003,0.46004744640403333,2.879681032847452e-05,-0.013942509699127583,-3.3150039371321327e-06
8.45320895308676e-08,3.3000000000000003,0.46685520064115976,5.767852720981447e-05,-0.014147933160998629,-3.315003482384782e-06
8.453213066509404e-08,3.3000000000000003,0.48036843363898685,0.00011670297936388985,-0.014555651826164948,-3.3150035960716195e-06
8.453221293354694e-08,3.3000000000000003,0.5069908932015345,0.00023973207165607708,-0.015358691493205331,-3.315003425541363e-06
8.453236211298422e-08,3.3000000000000003,0.5539234617748757,0.0004793674226110818,-0.016773675796183045,-3.315003425541363e-06
8.453250074843157e-08,3.3000000000000003,0.5960284983348546,0.0007206670242829939,-0.0180423159909051,-3.315003368697944e-06
8.453264130219081e-08,3.3000000000000003,0.6372825545544047,0.000982950440898412,-0.01928453217842386,-3.315003425541363e-06
8.453279001624097e-08,3.3000000000000003,0.6794144242526513,0.0012791245897006457,-0.020552322660320015,-3.315003482384782e-06
8.453295713608288e-08,3.3000000000000003,0.7249677615362234,0.0016339932095258314,-0.021922018779282345,-3.315003368697944e-06
8.453313832186986e-08,3.3000000000000003,0.772296007641973,0.002044018226122854,-0.023343830383009117,-3.315003368697944e-06
8.453333835240908e-08,3.3000000000000003,0.8221677094341441,0.0025258777993294283,-0.02484054167450069,-3.315003425541363e-06
8.453355359040174e-08,3.3000000000000003,0.8731741194110697,0.0030769323970492903,-0.026369542843979483,-3.315003368697944e-06
8.453378887843952e-08,3.3000000000000003,0.925944137223222,0.0037158910852794643,-0.02794932444556814,-3.315003368697944e-06
8.453404168873216e-08,3.3000000000000003,0.9793591739634263,0.0044425846322960075,-0.02954599455388183,-3.315003368697944e-06
8.453431659117201e-08,3.3000000000000003,1.0338133523321649,0.005277060518876277,-0.031170888477276736,-3.315003368697944e-06
8.453461192024669e-08,3.3000000000000003,1.0883740602560898,0.0062215268487267345,-0.032795677631794015,-3.315003368697944e-06
8.453493211772548e-08,3.3000000000000003,1.1432413881139318,0.00729763115161599,-0.03442576957660357,-3.315003368697944e-06
8.45352764001702e-08,3.3000000000000003,1.19763260293091,0.00851047867540753,-0.036037289410596716,-3.3150033118545252e-06
8.453564928547405e-08,3.3000000000000003,1.2515980307308783,0.009883847062213335,-0.03763104237899879,-3.3150033118545252e-06
8.453604972333293e-08,3.3000000000000003,1.3043225425521647,0.011421658926816777,-0.0391822071070629,-3.3150033118545252e-06
8.45364669831869e-08,3.3000000000000003,1.3540310769277057,0.013086807175390755,-0.04063811688489235,-3.3150033118545252e-06
8.453690819520346e-08,3.3000000000000003,1.4013533880253475,0.014910074108339982,-0.0420169231213454,-3.315003368697944e-06
8.453736888262691e-08,3.3000000000000003,1.445601233660083,0.01687509405092157,-0.04329826511743401,-3.315003368697944e-06
8.453785586795963e-08,3.3000000000000003,1.4872544897943965,0.01901264089905138,-0.044495752623149136,-3.3150033118545252e-06
8.453836543722863e-08,3.3000000000000003,1.5258346900887119,0.021307840251664763,-0.04559533657002925,-3.315003368697944e-06
8.453890378123191e-08,3.3000000000000003,1.5616879540205584,0.023789463641606747,-0.04660663425795027,-3.315003368697944e-06
8.453946837961091e-08,3.3000000000000003,1.5945404316804743,0.02644649135610233,-0.047521680745177534,-3.315003368697944e-06
8.454006528827799e-08,3.3000000000000003,1.6246696554601807,0.02930754337974805,-0.048348019109469544,-3.3150033118545252e-06
8.454069320451878e-08,3.3000000000000003,1.6519494215772415,0.03236620456973869,-0.04908201938225403,-3.3150033118545252e-06
8.454135833291651e-08,3.3000000000000003,1.6766140597612953,0.035652085174326525,-0.049729885069235674,-3.315003368697944e-06
8.454206070070639e-08,3.3000000000000003,1.6986418688143534,0.039164391785286856,-0.05029098304508244,-3.315003368697944e-06
8.454280705948708e-08,3.3000000000000003,1.718242011286959,0.04293552102120642,-0.05077066977121263,-3.315003368697944e-06
8.454359904398386e-08,3.3000000000000003,1.7354653608724582,0.04697200182563125,-0.05117028913706883,-3.315003368697944e-06
8.454444451427984e-08,3.3000000000000003,1.750506538132714,0.05131168327544967,-0.05149459181366995,-3.3150033118545252e-06
8.4545347240236e-08,3.3000000000000003,1.7634648812860596,0.05597123802060771,-0.05174608326683506,-3.3150033118545252e-06
8.454631706016993e-08,3.3000000000000003,1.7745259401123263,0.060998169477635325,-0.051928946730648705,-3.3150033118545252e-06
8.454736085548249e-08,3.3000000000000003,1.7838193018638118,0.06642420161457296,-0.052046147772279415,-3.3150033118545252e-06
8.454849191489926e-08,3.3000000000000003,1.7915233767593968,0.07231360207747178,-0.0521011456107524,-3.315003368697944e-06
8.454972207882458e-08,3.3000000000000003,1.7977840503993736,0.0787221441794646,-0.05209667100893054,-3.315003368697944e-06
8.455107080666548e-08,3.3000000000000003,1.8027720430070584,0.08574388710467357,-0.0520350471993947,-3.315003368697944e-06
8.45525587528834e-08,3.3000000000000003,1.8066388160062572,0.09347712650952558,-0.051917885417552996,-3.315003368697944e-06
8.455421792936177e-08,3.3000000000000003,1.8095457838101254,0.10207626415109385,-0.051745398271213196,-3.3150033118545252e-06
8.455608540513908e-08,3.3000000000000003,1.8116380906487384,0.1117175042827465,-0.05151664486740957,-3.315003368697944e-06
8.455821750520513e-08,3.3000000000000003,1.813061596596201,0.12266975481601622,-0.05122789645495444,-3.3150033118545252e-06
8.456068856822994e-08,3.3000000000000003,1.813948923348984,0.13528362229202018,-0.05087254759429955,-3.315003368697944e-06
8.45636141699362e-08,3.3000000000000003,1.8144238625355686,0.15010218050677931,-0.05043789293262308,-3.3150033118545252e-06
8.456716686526963e-08,3.3000000000000003,1.8145933549773627,0.16792481612309174,-0.049902949413179326,-3.3150033118545252e-06
8.457163804869086e-08,3.3000000000000003,1.8145446208365372,0.1900851394154866,-0.049229947624089325,-3.315003368697944e-06
8.45775407967353e-08,3.3000000000000003,1.8143362279173831,0.21888261775581672,-0.048350981627268225,-3.3150033118545252e-06
8.458591989096999e-08,3.3000000000000003,1.8139836051466114,0.2588808131877379,-0.047128229200559486,-3.3150033118545252e-06
8.459933696667629e-08,3.3000000000000003,1.813421283403373,0.3208369479121868,-0.04523372997197494,-3.3150033118545252e-06
8.461892779365734e-08,3.3000000000000003,1.8126407057624536,0.4068690549679559,-0.04260304177633877,-3.315003368697944e-06
8.463758821629599e-08,3.3000000000000003,1.8119394187397329,0.48415586618103756,-0.04023976537459568,-3.3150033118545252e-06
8.465977299802297e-08,3.3000000000000003,1.8111560650839176,0.5704899499016532,-0.037599842250139105,-3.315003368697944e-06
8.468127818138761e-08,3.3000000000000003,1.810445807043955,0.6487670219993296,-0.03520628607748101,-3.3150033118545252e-06
8.470617549910658e-08,3.3000000000000003,1.809679719095719,0.7331976316195045,-0.03262456719055411,-3.315003368697944e-06
8.473080828601689e-08,3.3000000000000003,1.8089770821950004,0.810635056258954,-0.030256685842447312,-3.3150033118545252e-06
8.475855233462636e-08,3.3000000000000003,1.8082464938413239,0.8911531356608198,-0.027794604263514888,-3.3150033118545252e-06
8.47863386867336e-08,3.3000000000000003,1.8075743811908895,0.9652265484530003,-0.025529587670679126,-3.315003368697944e-06
8.481613301559125e-08,3.3000000000000003,1.8069143799256333,1.0379652044384498,-0.023305385275805775,-3.3150033118545252e-06
8.484443711373267e-08,3.3000000000000003,1.806340773232914,1.1011823065229585,-0.021372332921115157,-3.3150033118545252e-06
8.487386515980896e-08,3.3000000000000003,1.8057947632609332,1.1613579897263704,-0.019532281068586812,-3.315003368697944e-06
8.490223117297238e-08,3.3000000000000003,1.805313030223595,1.2144497148516544,-0.017908842460711838,-3.3150033118545252e-06
8.493151070433391e-08,3.3000000000000003,1.8048577298920616,1.2646282989987252,-0.01637448186603738,-3.3150033118545252e-06
8.496000306636479e-08,3.3000000000000003,1.8044521708405425,1.3093249019115205,-0.015007749279722784,-3.315003368697944e-06
8.498918092208144e-08,3.3000000000000003,1.8040719099442961,1.3512333999737285,-0.01372627135526748,-3.315003368697944e-06
8.501776221145828e-08,3.3000000000000003,1.8037309400843284,1.388811638055209,-0.01257720410881341,-3.3150033118545252e-06
8.504686045055029e-08,3.3000000000000003,1.803413111898633,1.4238394359783761,-0.011506124211919181,-3.3150033118545252e-06
8.507550902709345e-08,3.3000000000000003,1.8031266630051903,1.4554089264328869,-0.010540792430142519,-3.3150033118545252e-06
8.510454785333763e-08,3.3000000000000003,1.802860831937823,1.4847061295477526,-0.009644942643607145,-3.3150033118545252e-06
8.513324756721106e-08,3.3000000000000003,1.802620322900637,1.5112125952016113,-0.00883442801853506,-3.3150033118545252e-06
8.516224178938106e-08,3.3000000000000003,1.8023978686446318,1.5357292462362162,-0.008084757936955938,-3.315003368697944e-06
8.519098026971752e-08,3.3000000000000003,1.8021960196717826,1.5579749919402297,-0.00740452759515668,-3.315003368697944e-06
8.521994103134583e-08,3.3000000000000003,1.802009792733559,1.5784990354722988,-0.0067769434553337895,-3.3150033118545252e-06
8.524870894971518e-08,3.3000000000000003,1.8018404451635233,1.5971628064163432,-0.006206242724942883,-3.315003368697944e-06
8.527764466073433e-08,3.3000000000000003,1.8016845007024016,1.6143494226136152,-0.00568071042961239,-3.3150033118545252e-06
8.530643498496076e-08,3.3000000000000003,1.8015424564990166,1.6300040934131204,-0.00520202195237596,-3.3150033118545252e-06
8.533535200474187e-08,3.3000000000000003,1.8014118417941418,1.6443991209772457,-0.004761850843875511,-3.315003368697944e-06
8.536415945035384e-08,3.3000000000000003,1.80129272128081,1.657527375223828,-0.004360415125987471,-3.3150033118545252e-06
8.539306260198604e-08,3.3000000000000003,1.8011833041017944,1.6695862265617585,-0.003991679606938599,-3.3150033118545252e-06
8.542188321610043e-08,3.3000000000000003,1.8010834219092111,1.6805942282957709,-0.003655076963862758,-3.315003368697944e-06
8.545077617595303e-08,3.3000000000000003,1.8009917507526654,1.6906972930998219,-0.003346145479434838,-3.3150033118545252e-06
8.547960701846353e-08,3.3000000000000003,1.8009080087947071,1.6999264819415552,-0.0030639353733269144,-3.315003368697944e-06
8.550849260858013e-08,3.3000000000000003,1.800831198321434,1.708391753034281,-0.0028050843399453768,-3.3150033118545252e-06
8.553733151502243e-08,3.3000000000000003,1.800760994124316,1.716128947269841,-0.002568496436594815,-3.3150033118545252e-06
8.556621192340787e-08,3.3000000000000003,1.8006966307598404,1.7232224242385192,-0.0023515921197183615,-3.315003368697944e-06
8.559505732741609e-08,3.3000000000000003,1.8006377793884463,1.7297084252440662,-0.002153263199170273,-3.3150033118545252e-06
8.562393427619787e-08,3.3000000000000003,1.8005838432230192,1.7356527221883309,-0.001971498509135637,-3.3150033118545252e-06
8.565278507169082e-08,3.3000000000000003,1.8005345110672482,1.7410896117742434,-0.001805249314320679,-3.3150033118545252e-06
8.568165994874941e-08,3.3000000000000003,1.8004893110277038,1.746071101572157,-0.001652925334641498,-3.3150033118545252e-06
8.57105153978105e-08,3.3000000000000003,1.8004479597889227,1.7506284155015102,-0.0015135718015234106,-3.3150033118545252e-06
8.573938934937164e-08,3.3000000000000003,1.8004100797302571,1.7548031712222176,-0.001385916137626398,-3.3150033118545252e-06
8.576824900926732e-08,3.3000000000000003,1.8003754191682377,1.7586231066866305,-0.0012691101609664537,-3.315003368697944e-06
8.579712302487705e-08,3.3000000000000003,1.8003436729242637,1.762121855584853,-0.001162125426133301,-3.3150033118545252e-06
8.582598669359194e-08,3.3000000000000003,1.8003146210558694,1.7653236577750337,-0.0010642207322363755,-3.3150033118545252e-06
8.585486166799171e-08,3.3000000000000003,1.8002880149366947,1.768255914225001,-0.0009745582035421028,-3.3150033118545252e-06
8.588372935621446e-08,3.3000000000000003,1.8002636645380918,1.7709395681179347,-0.0008924974394458618,-3.3150033118545252e-06
8.591260613941934e-08,3.3000000000000003,1.8002413660033165,1.7733970863292134,-0.0008173514570011778,-3.315003368697944e-06
8.594147804367118e-08,3.3000000000000003,1.8002209564665779,1.7756464184229837,-0.0007485713871888164,-3.315003368697944e-06
8.597035748671676e-08,3.3000000000000003,1.8002022679274732,1.7777060795775237,-0.0006855910729073367,-3.3150033118545252e-06
8.599923398572382e-08,3.3000000000000003,1.800185161609869,1.7795913643163825,-0.0006279428419738031,-3.3150033118545252e-06
8.602811698375009e-08,3.3000000000000003,1.8001694985136754,1.781317591875189,-0.0005751582628117449,-3.3150033118545252e-06
8.605699863599615e-08,3.3000000000000003,1.8001551608927657,1.782897738952245,-0.0005268405285374096,-3.3150033118545252e-06
8.608588615637506e-08,3.3000000000000003,1.8001420333869924,1.7843445194576455,-0.0004826008787023455,-3.315003368697944e-06
8.611477371203982e-08,3.3000000000000003,1.800130016400848,1.785668909740413,-0.00044210368033419475,-3.315003368697944e-06
8.614366684185903e-08,3.3000000000000003,1.8001190139710364,1.7868814858764606,-0.0004050255310190794,-3.3150033118545252e-06
8.617256125720487e-08,3.3000000000000003,1.8001089420471137,1.7879915112017446,-0.00037108317821946086,-3.3150033118545252e-06
8.620146123820608e-08,3.3000000000000003,1.8000997206601042,1.7890077988542745,-0.00034000713751026503,-3.315003368697944e-06
8.623036369301138e-08,3.3000000000000003,1.8000912789962795,1.7899381534322205,-0.00031155875809968494,-3.3150033118545252e-06
8.625927198082909e-08,3.3000000000000003,1.8000835503223374,1.7907899294084375,-0.0002855131549416549,-3.315003368697944e-06
8.628818391510584e-08,3.3000000000000003,1.8000764750594764,1.7915696931603036,-0.00026166954131872917,-3.315003368697944e-06
8.631710219988468e-08,3.3000000000000003,1.8000699974564318,1.7922835888032567,-0.00023984004249948384,-3.3150033118545252e-06
8.634602536753304e-08,3.3000000000000003,1.800064067432415,1.7929371358340043,-0.00021985588347186826,-3.3150033118545252e-06
8.637495566550923e-08,3.3000000000000003,1.8000586383769428,1.7935354713210836,-0.0002015599828036099,-3.315003368697944e-06
8.640389215184579e-08,3.3000000000000003,1.800053668230043,1.794083230450789,-0.00018481060578447292,-3.3150033118545252e-06
8.643283681588714e-08,3.3000000000000003,1.8000491179889169,1.7945847118385299,-0.00016947630766413465,-3.3150033118545252e-06
8.646178919563111e-08,3.3000000000000003,1.8000449523465147,1.7950438067308931,-0.0001554381054374769,-3.3150033118545252e-06
8.649075101547959e-08,3.3000000000000003,1.8000411386667805,1.7954641117423806,-0.00014258602192512818,-3.315003368697944e-06
8.651972230333123e-08,3.3000000000000003,1.800037647312315,1.795848893495557,-0.00013082016846040743,-3.315003368697944e-06
8.654870464084217e-08,3.3000000000000003,1.8000344509639639,1.7962011624912548,-0.00012004848637036637,-3.315003368697944e-06
8.657769844613131e-08,3.3000000000000003,1.8000315247566272,1.7965236594362177,-0.00011018717579308436,-3.3150033118545252e-06
8.660670529834908e-08,3.3000000000000003,1.8000288458119222,1.7968189054899983,-0.00010115914105634743,-3.315003368697944e-06
8.663572592648202e-08,3.3000000000000003,1.8000263932775593,1.7970891989864939,-9.289410917654688e-05,-3.3150033118545252e-06
8.66648505405864e-08,3.3000000000000003,1.800024141434094,1.7973373742990304,-8.530540704080759e-05,-3.315003368697944e-06
8.669523683522059e-08,3.3000000000000003,1.8000219963131603,1.7975737877599443,-7.807635334716449e-05,-3.3150033118545252e-06
8.672627367784443e-08,3.3000000000000003,1.8000200017063657,1.797793613117271,-7.135453786247602e-05,-3.315003368697944e-06
8.675858453325677e-08,3.3000000000000003,1.8000181168679372,1.7980013408131774,-6.500263923629459e-05,-3.3150033118545252e-06
8.679166109184335e-08,3.3000000000000003,1.8000163709727945,1.7981937557387835,-5.911897443032481e-05,-3.315003368697944e-06
8.682607789648449e-08,3.3000000000000003,1.8000147324225988,1.7983743400656458,-5.359706924434512e-05,-3.315003368697944e-06
8.686144835554184e-08,3.3000000000000003,1.800013218926728,1.7985411422742315,-4.849658816137393e-05,-3.315003368697944e-06
8.689827616623912e-08,3.3000000000000003,1.800011807746972,1.798696668141965,-4.374092045282458e-05,-3.315003368697944e-06
8.693626455836393e-08,3.3000000000000003,1.8000105094631706,1.7988397518371095,-3.93657094838274e-05,-3.3150033118545252e-06
8.697586643151403e-08,3.3000000000000003,1.800009307424681,1.7989722283077632,-3.531484435556333e-05,-3.315003368697944e-06
8.701686779961755e-08,3.3000000000000003,1.8000082072275099,1.799093480875203,-3.160718373417444e-05,-3.3150033118545252e-06
8.705969008590275e-08,3.3000000000000003,1.8000071963813562,1.799204886079971,-2.8200637564114656e-05,-3.315003368697944e-06
8.710419739292451e-08,3.3000000000000003,1.8000062770991134,1.799306200042697,-2.5102658634594026e-05,-3.315003368697944e-06
8.715079824061867e-08,3.3000000000000003,1.800005439733242,1.7993984860154828,-2.2280737545647264e-05,-3.3150033118545252e-06
8.719943552440517e-08,3.3000000000000003,1.800004684223688,1.799481750635972,-1.9734671281148694e-05,-3.315003368697944e-06
8.72505254824178e-08,3.3000000000000003,1.8000040028514706,1.799556844508695,-1.7438451114858245e-05,-3.3150033118545252e-06
8.730409712807433e-08,3.3000000000000003,1.8000033940550795,1.7996239399470442,-1.5386807906176334e-05,-3.3150033118545252e-06
8.736059956087942e-08,3.3000000000000003,1.800002851419607,1.7996837436522342,-1.355813037899857e-05,-3.315003368697944e-06
8.742016459035054e-08,3.3000000000000003,1.80000237241274,1.7997365349824437,-1.1943876356075216e-05,-3.3150033118545252e-06
8.74833089042917e-08,3.3000000000000003,1.8000019515007146,1.7997829236015128,-1.052540709595501e-05,-3.3150033118545252e-06
8.755029775811105e-08,3.3000000000000003,1.8000015855516183,1.7998232548131672,-9.292157631665467e-06,-3.315003368697944e-06
8.762176753574412e-08,3.3000000000000003,1.8000012696317162,1.7998580722977686,-8.22750958322892e-06,-3.3150033118545252e-06
8.76981729477831e-08,3.3000000000000003,1.8000010002654934,1.799887759099646,-7.319745755358246e-06,-3.315003368697944e-06
8.778035434880116e-08,3.3000000000000003,1.8000007729437257,1.7999128122115637,-6.5536717819291516e-06,-3.3150033118545252e-06
8.786905892404435e-08,3.3000000000000003,1.8000005840283244,1.7999336325479474,-5.917028928749492e-06,-3.3150033118545252e-06
8.796547998180027e-08,3.3000000000000003,1.8000004293333558,1.799950681450973,-5.395707171026689e-06,-3.315003368697944e-06
8.806547998180026e-08,3.3000000000000003,1.8000003106875455,1.7999637573876774,-4.995871252679822e-06,-3.315003368697944e-06
8.816547998180026e-08,3.3000000000000003,1.8000002235101207,1.7999733652064023,-4.702083403390414e-06,-3.315003368697944e-06
8.826547998180025e-08,3.3000000000000003,1.8000001594545716,1.799980424752703,-4.486216616623975e-06,-3.315003368697944e-06
8.836547998180024e-08,3.3000000000000003,1.8000001123885054,1.7999856119023963,-4.3276039707735245e-06,-3.315003368697944e-06
8.846547998180024e-08,3.3000000000000003,1.800000077805648,1.7999894232694174,-4.211060000485139e-06,-3.315003368697944e-06
8.856547998180023e-08,3.3000000000000003,1.800000052395235,1.7999922237512653,-4.125426876241888e-06,-3.315003368697944e-06
8.866547998180023e-08,3.3000000000000003,1.8000000337243445,1.7999942814640346,-4.062506140617603e-06,-3.315003368697944e-06
8.876547998180022e-08,3.3000000000000003,1.8000000200055637,1.7999957934116448,-4.016273812040117e-06,-3.315003368697944e-06
8.886547998180022e-08,3.3000000000000003,1.800000009925362,1.7999969043468602,-3.982303637787106e-06,-3.315003368697944e-06
8.896547998180021e-08,3.3000000000000003,1.8000000025187561,1.799997720629807,-3.957343340906929e-06,-3.315003368697944e-06
8.90654799818002e-08,3.3000000000000003,1.7999999970765683,1.7999983204108212,-3.939003238420117e-06,-3.315003368697944e-06
8.91654799818002e-08,3.3000000000000003,1.7999999930778312,1.7999987611124997,-3.925527464267881e-06,-3.315003368697944e-06
8.926547998180019e-08,3.3000000000000003,1.7999999901396544,1.7999990849273004,-3.915625855941498e-06,-3.315003368697944e-06
8.936547998180019e-08,3.3000000000000003,1.799999987980785,1.799999322857016,-3.908350442113093e-06,-3.315003368697944e-06
8.946547998180018e-08,3.3000000000000003,1.7999999863944955,1.799999497680864,-3.903004678805e-06,-3.315003368697944e-06
8.956547998180018e-08,3.3000000000000003,1.7999999852289488,1.7999996261363522,-3.899076767482361e-06,-3.315003368697944e-06
8.966547998180017e-08,3.3000000000000003,1.799999984372528,1.7999997205217166,-3.896190651903127e-06,-3.315003368697944e-06
8.976547998180016e-08,3.3000000000000003,1.799999983743264,1.7999997898733422,-3.89407001827409e-06,-3.315003368697944e-06
8.986547998180016e-08,3.3000000000000003,1.7999999832808913,1.7999998408309035,-3.8925118379985824e-06,-3.315003368697944e-06
8.996547998180015e-08,3.3000000000000003,1.7999999829411601,1.7999998782730406,-3.891366932552028e-06,-3.315003368697944e-06
9.006547998180015e-08,3.3000000000000003,1.7999999826915296,1.7999999057844362,-3.890525689086662e-06,-3.315003368697944e-06
9.016547998180014e-08,3.3000000000000003,1.7999999825081132,1.799999925999011,-3.889907567972863e-06,-3.315003368697944e-06
9.026547998180014e-08,3.3000000000000003,1.7999999823733404,1.7999999408520941,-3.889453390362905e-06,-3.315003368697944e-06
9.036547998180013e-08,3.3000000000000003,1.7999999822743162,1.7999999517657086,-3.889119673947601e-06,-3.315003368697944e-06
9.046547998180012e-08,3.3000000000000003,1.7999999822015535,1.7999999597847154,-3.888874468748437e-06,-3.315003368697944e-06
9.056547998180012e-08,3.3000000000000003,1.799999982148092,1.7999999656768488,-3.888694299140335e-06,-3.315003368697944e-06
9.066547998180011e-08,3.3000000000000003,1.799999982108808,1.7999999700062175,-3.888561915693773e-06,-3.315003368697944e-06
9.076547998180011e-08,3.3000000000000003,1.799999982079945,1.7999999731873115,-3.88846464421858e-06,-3.315003368697944e-06
9.08654799818001e-08,3.3000000000000003,1.7999999820587353,1.799999975524687,-3.888393171941209e-06,-3.315003368697944e-06
9.09654799818001e-08,3.3000000000000003,1.799999982043153,1.7999999772421227,-3.888340656230796e-06,-3.315003368697944e-06
9.106547998180009e-08,3.3000000000000003,1.7999999820317023,1.7999999785040448,-3.888302069155482e-06,-3.315003368697944e-06
9.116547998180008e-08,3.3000000000000003,1.7999999820232897,1.799999979431269,-3.888273716509081e-06,-3.315003368697944e-06
9.126547998180008e-08,3.3000000000000003,1.7999999820171073,1.7999999801125663,-3.888252883792292e-06,-3.315003368697944e-06
9.136547998180007e-08,3.3000000000000003,1.7999999820125654,1.7999999806131637,-3.888237576533998e-06,-3.315003368697944e-06
9.146547998180007e-08,3.3000000000000003,1.7999999820092276,1.7999999809809881,-3.888226329197914e-06,-3.315003368697944e-06
9.156547998180006e-08,3.3000000000000003,1.7999999820067758,1.7999999812512546,-3.888218065008117e-06,-3.315003368697944e-06
9.166547998180006e-08,3.3000000000000003,1.7999999820049735,1.7999999814498384,-3.8882119927015785e-06,-3.315003368697944e-06
9.176547998180005e-08,3.3000000000000003,1.7999999820036496,1.799999981595752,-3.888207530957126e-06,-3.315003368697944e-06
9.186547998180004e-08,3.3000000000000003,1.7999999820026769,1.7999999817029653,-3.88820425257574e-06,-3.315003368697944e-06
9.196547998180004e-08,3.3000000000000003,1.799999982001962,1.7999999817817425,-3.888201843740673e-06,-3.315003368697944e-06
9.206547998180003e-08,3.3000000000000003,1.7999999820014367,1.799999981839626,-3.888200073781461e-06,-3.315003368697944e-06
9.216547998180003e-08,3.3000000000000003,1.799999982001051,1.7999999818821564,-3.888198773272475e-06,-3.315003368697944e-06
9.226547998180002e-08,3.3000000000000003,1.7999999820007673,1.799999981913407,-3.888197817694124e-06,-3.315003368697944e-06
9.236547998180002e-08,3.3000000000000003,1.799999982000559,1.7999999819363692,-3.888197115561805e-06,-3.315003368697944e-06
9.246547998180001e-08,3.3000000000000003,1.799999982000406,1.7999999819532408,-3.888196599657935e-06,-3.315003368697944e-06
9.25654799818e-08,3.3000000000000003,1.7999999820002937,1.7999999819656383,-3.88819622057057e-06,-3.315003368697944e-06
9.26654799818e-08,3.3000000000000003,1.7999999820002106,1.7999999819747472,-3.888195942026303e-06,-3.315003368697944e-06
9.276547998179999e-08,3.3000000000000003,1.79999998200015,1.7999999819814396,-3.888195737400745e-06,-3.315003368697944e-06
9.286547998179999e-08,3.3000000000000003,1.7999999820001056,1.7999999819863577,-3.888195587012903e-06,-3.315003368697944e-06
9.296547998179998e-08,3.3000000000000003,1.7999999820000725,1.7999999819899706,-3.8881954765293105e-06,-3.315003368697944e-06
9.306547998179998e-08,3.3000000000000003,1.7999999820000487,1.7999999819926253,-3.888195395356803e-06,-3.315003368697944e-06
9.316547998179997e-08,3.3000000000000003,1.7999999820000308,1.7999999819945762,-3.888195335700899e-06,-3.315003368697944e-06
9.326547998179996e-08,3.3000000000000003,1.7999999820000179,1.7999999819960097,-3.888195291871808e-06,-3.315003368697944e-06
9.336547998179996e-08,3.3000000000000003,1.7999999820000083,1.7999999819970633,-3.888195259651634e-06,-3.315003368697944e-06
9.346547998179995e-08,3.3000000000000003,1.7999999820000014,1.7999999819978374,-3.8881952359820755e-06,-3.315003368697944e-06
9.356547998179995e-08,3.3000000000000003,1.7999999819999961,1.7999999819984058,-3.888195218603243e-06,-3.315003368697944e-06
9.366547998179994e-08,3.3000000000000003,1.7999999819999923,1.7999999819988233,-3.888195205850186e-06,-3.315003368697944e-06
9.376547998179994e-08,3.3000000000000003,1.7999999819999895,1.79999998199913,-3.888195196452898e-06,-3.315003368697944e-06
9.386547998179993e-08,3.3000000000000003,1.7999999819999875,1.7999999819993553,-3.888195189570701e-06,-3.315003368697944e-06
9.396547998179992e-08,3.3000000000000003,1.7999999819999861,1.7999999819995214,-3.888195184501717e-06,-3.315003368697944e-06
9.406547998179992e-08,3.3000000000000003,1.7999999819999848,1.7999999819996435,-3.8881951807519495e-06,-3.315003368697944e-06
9.416547998179991e-08,3.3000000000000003,1.799999981999984,1.799999981999733,-3.8881951780169885e-06,-3.315003368697944e-06
9.426547998179991e-08,3.3000000000000003,1.7999999819999835,1.7999999819997987,-3.888195176015767e-06,-3.315003368697944e-06
9.43654799817999e-08,3.3000000000000003,1.799999981999983,1.799999981999847,-3.888195174548289e-06,-3.315003368697944e-06
9.44654799817999e-08,3.3000000000000003,1.7999999819999826,1.799999981999882,-3.888195173461876e-06,-3.315003368697944e-06
9.456547998179989e-08,3.3000000000000003,1.7999999819999826,1.7999999819999082,-3.888195172663468e-06,-3.315003368697944e-06
9.466547998179988e-08,3.3000000000000003,1.7999999819999823,1.7999999819999275,-3.8881951720849305e-06,-3.315003368697944e-06
9.476547998179988e-08,3.3000000000000003,1.7999999819999823,1.7999999819999415,-3.8881951716451925e-06,-3.315003368697944e-06
9.486547998179987e-08,3.3000000000000003,1.7999999819999821,1.7999999819999517,-3.888195171325325e-06,-3.315003368697944e-06
9.496547998179987e-08,3.3000000000000003,1.7999999819999821,1.7999999819999597,-3.888195171089052e-06,-3.315003368697944e-06
9.506547998179986e-08,3.3000000000000003,1.7999999819999821,1.7999999819999655,-3.8881951709209175e-06,-3.315003368697944e-06
9.516547998179986e-08,3.3000000000000003,1.7999999819999821,1.7999999819999695,-3.888195170791582e-06,-3.315003368697944e-06
9.526547998179985e-08,3.3000000000000003,1.7999999819999821,1.7999999819999726,-3.888195170701048e-06,-3.315003368697944e-06
9.536547998179984e-08,3.3000000000000003,1.799999981999982,1.7999999819999748,-3.888195170626916e-06,-3.315003368697944e-06
9.546547998179984e-08,3.3000000000000003,1.799999981999982,1.7999999819999764,-3.888195170578652e-06,-3.315003368697944e-06
9.556547998179983e-08,3.3000000000000003,1.799999981999982,1.7999999819999775,-3.888195170552785e-06,-3.315003368697944e-06
9.566547998179983e-08,3.3000000000000003,1.799999981999982,1.7999999819999781,-3.8881951705269175e-06,-3.315003368697944e-06
9.576547998179982e-08,3.3000000000000003,1.799999981999982,1.7999999819999788,-3.8881951705269175e-06,-3.315003368697944e-06
9.586547998179982e-08,3.3000000000000003,1.799999981999982,1.7999999819999797,-3.888195170501051e-06,-3.315003368697944e-06
9.596547998179981e-08,3.3000000000000003,1.7999999819999821,1.79999998199998,-3.888195170484648e-06,-3.315003368697944e-06
9.60654799817998e-08,3.3000000000000003,1.799999981999982,1.7999999819999803,-3.8881951704587805e-06,-3.315003368697944e-06
9.61654799817998e-08,3.3000000000000003,1.799999981999982,1.7999999819999803,-3.88819517046225e-06,-3.315003368697944e-06
9.626547998179979e-08,3.3000000000000003,1.799999981999982,1.7999999819999803,-3.88819517046225e-06,-3.315003368697944e-06
9.636547998179979e-08,3.3000000000000003,1.799999981999982,1.7999999819999803,-3.88819517046225e-06,-3.315003368697944e-06
9.646547998179978e-08,3.3000000000000003,1.799999981999982,1.7999999819999803,-3.88819517046225e-06,-3.315003368697944e-06
9.656547998179978e-08,3.3000000000000003,1.799999981999982,1.7999999819999803,-3.88819517046225e-06,-3.315003368697944e-06
9.666547998179977e-08,3.3000000000000003,1.799999981999982,1.7999999819999803,-3.88819517046225e-06,-3.315003368697944e-06
9.676547998179976e-08,3.3000000000000003,1.799999981999982,1.7999999819999803,-3.88819517046225e-06,-3.315003368697944e-06
9.686547998179976e-08,3.3000000000000003,1.799999981999982,1.7999999819999803,-3.88819517046225e-06,-3.315003368697944e-06
9.696547998179975e-08,3.3000000000000003,1.799999981999982,1.7999999819999803,-3.88819517046225e-06,-3.315003368697944e-06
9.706547998179975e-08,3.3000000000000003,1.799999981999982,1.7999999819999803,-3.88819517046225e-06,-3.315003368697944e-06
9.716547998179974e-08,3.3000000000000003,1.799999981999982,1.7999999819999803,-3.88819517046225e-06,-3.315003368697944e-06
9.726547998179974e-08,3.3000000000000003,1.799999981999982,1.7999999819999803,-3.88819517046225e-06,-3.315003368697944e-06
9.736547998179973e-08,3.3000000000000003,1.799999981999982,1.7999999819999803,-3.88819517046225e-06,-3.315003368697944e-06
9.746547998179972e-08,3.3000000000000003,1.799999981999982,1.7999999819999803,-3.88819517046225e-06,-3.315003368697944e-06
9.756547998179972e-08,3.3000000000000003,1.799999981999982,1.7999999819999803,-3.88819517046225e-06,-3.315003368697944e-06
9.766547998179971e-08,3.3000000000000003,1.799999981999982,1.7999999819999803,-3.88819517046225e-06,-3.315003368697944e-06
9.776547998179971e-08,3.3000000000000003,1.799999981999982,1.7999999819999803,-3.88819517046225e-06,-3.315003368697944e-06
9.78654799817997e-08,3.3000000000000003,1.799999981999982,1.7999999819999803,-3.88819517046225e-06,-3.315003368697944e-06
9.79654799817997e-08,3.3000000000000003,1.799999981999982,1.7999999819999803,-3.88819517046225e-06,-3.315003368697944e-06
9.806547998179969e-08,3.3000000000000003,1.799999981999982,1.7999999819999803,-3.88819517046225e-06,-3.315003368697944e-06
9.816547998179968e-08,3.3000000000000003,1.799999981999982,1.7999999819999803,-3.88819517046225e-06,-3.315003368697944e-06
9.826547998179968e-08,3.3000000000000003,1.799999981999982,1.7999999819999803,-3.88819517046225e-06,-3.315003368697944e-06
9.836547998179967e-08,3.3000000000000003,1.799999981999982,1.7999999819999803,-3.88819517046225e-06,-3.315003368697944e-06
9.846547998179967e-08,3.3000000000000003,1.799999981999982,1.7999999819999803,-3.88819517046225e-06,-3.315003368697944e-06
9.856547998179966e-08,3.3000000000000003,1.799999981999982,1.7999999819999803,-3.88819517046225e-06,-3.315003368697944e-06
9.866547998179966e-08,3.3000000000000003,1.799999981999982,1.7999999819999803,-3.88819517046225e-06,-3.315003368697944e-06
9.876547998179965e-08,3.3000000000000003,1.799999981999982,1.7999999819999803,-3.88819517046225e-06,-3.315003368697944e-06
9.886547998179964e-08,3.3000000000000003,1.799999981999982,1.7999999819999803,-3.88819517046225e-06,-3.315003368697944e-06
9.896547998179964e-08,3.3000000000000003,1.799999981999982,1.7999999819999803,-3.88819517046225e-06,-3.315003368697944e-06
9.906547998179963e-08,3.3000000000000003,1.799999981999982,1.7999999819999803,-3.88819517046225e-06,-3.315003368697944e-06
9.916547998179963e-08,3.3000000000000003,1.799999981999982,1.7999999819999803,-3.88819517046225e-06,-3.315003368697944e-06
9.926547998179962e-08,3.3000000000000003,1.799999981999982,1.7999999819999803,-3.88819517046225e-06,-3.315003368697944e-06
9.936547998179962e-08,3.3000000000000003,1.799999981999982,1.7999999819999803,-3.88819517046225e-06,-3.315003368697944e-06
9.946547998179961e-08,3.3000000000000003,1.799999981999982,1.7999999819999803,-3.88819517046225e-06,-3.315003368697944e-06
9.95654799817996e-08,3.3000000000000003,1.799999981999982,1.7999999819999803,-3.88819517046225e-06,-3.315003368697944e-06
9.96654799817996e-08,3.3000000000000003,1.799999981999982,1.7999999819999803,-3.88819517046225e-06,-3.315003368697944e-06
9.976547998179959e-08,3.3000000000000003,1.799999981999982,1.7999999819999803,-3.88819517046225e-06,-3.315003368697944e-06
9.986547998179959e-08,3.3000000000000003,1.799999981999982,1.7999999819999803,-3.88819517046225e-06,-3.315003368697944e-06
9.996547998179958e-08,3.3000000000000003,1.799999981999982,1.7999999819999803,-3.88819517046225e-06,-3.315003368697944e-06
1.0000000000000001e-07,3.299999999999995,1.7999999819999724,1.7999999819999801,-3.888196991215314e-06,-3.3150033118545252e-06
1.0000017808007281e-07,3.299706167879873,1.7999999820002017,1.7999999819999801,-3.8878968552341536e-06,0.007421685291888025
1.0000053424021841e-07,3.29911850363963,1.7999999820001829,1.7999999819999801,-3.887896854675765e-06,0.00742168588220693
1.0000124656050962e-07,3.2979431751591433,1.7999999820005703,1.7999999819999808,-3.888071470891997e-06,0.007421687062901583
1.0000267120109202e-07,3.29559251819817,1.799999981999361,1.7999999819999808,-3.888158794949388e-06,0.0074216894241772025
1.0000552048225685e-07,3.290891204276201,1.7999999819997432,1.7999999819999777,-3.8881442513853074e-06,0.0074216941470126585
1.0001121904458651e-07,3.2814885764322637,1.7999999820001225,1.799999981999978,-3.8881806301097625e-06,0.007421703592285667
1.0002261616924583e-07,3.2626833207443893,1.799999982000284,1.7999999819999868,-3.888173327275232e-06,0.0074217224831159
1.0004541041856445e-07,3.225072809368662,1.799999981999887,1.7999999819999941,-3.888206049528361e-06,0.007421760264548993
1.000909989172017e-07,3.1498517866172073,1.799999982000033,1.7999999819999903,-3.888194234730414e-06,0.007421835827642553
1.001821759144762e-07,2.9994097411142766,1.7999999819998311,1.7999999819999764,-3.888194282405167e-06,0.007421986953488613
1.002821759144762e-07,2.834409741114286,1.7999999820001582,1.7999999819999806,-3.888195175804362e-06,0.007422152703782103
1.0038217591447619e-07,2.6694097411142956,1.799999981999832,1.799999981999984,-3.888195165816063e-06,0.0074223184539050635
1.0048217591447618e-07,2.504409741114305,1.799999982000109,1.79999998199998,-3.8881951743251395e-06,0.007422484204084867
1.0058217591447618e-07,2.339409741114314,1.799999981999874,1.7999999819999826,-3.888195167122408e-06,0.007422649954207827
1.0068217591447617e-07,2.174409741114324,1.7999999820000734,1.79999998199998,-3.888195173237411e-06,0.007422815704472896
1.0078217591447617e-07,2.0094097411143332,1.7999999819999042,1.7999999819999821,-3.888195168055242e-06,0.007422981454510591
1.0088217591447616e-07,1.8444097411143427,1.799999982000048,1.7999999819999803,-3.88819517246294e-06,0.007423147204804081
1.0098217591447616e-07,1.6794097411143523,1.7999999819999257,1.799999981999982,-0.0003596638515139876,0.007423312954870198
1.0108217591447615e-07,1.5144097411143616,1.7999999820000294,1.7999999819999806,-0.0026724040880220096,0.007423478705106845
1.0118217591447614e-07,1.3494097411143713,1.7999999819999415,1.7999999819999815,-0.007136255435642262,0.007423644455172962
1.0128217591447614e-07,1.1844097411143806,1.799999982000016,1.7999999819999806,-0.013751217894385602,0.007423810205438031
1.0138217591447613e-07,1.0194097411143899,1.7999999819999528,1.7999999819999815,-0.022517291464214367,0.007423975955518358
1.0141155289963756e-07,0.9709377155980423,1.7999999820000632,1.799999981999984,-0.025501286617023035,0.007424024648003069
1.0143166766328445e-07,0.9377483555806667,1.7999999820001285,1.7999999819999901,-0.027651535989135227,0.007424057988160371
1.0144554892557526e-07,0.9148442728008237,1.7999999819996202,1.7999999819999857,-0.029186186208141087,0.007424080996472071
1.0145706026815533e-07,0.8958505575437132,1.7999999819998724,1.7999999819999781,-0.029916971542548843,0.007424100076462992
1.0146903529197645e-07,0.8760917682388603,1.7999999820000028,1.7999999819999766,-0.028573914684249548,0.007424119925161676
1.0147716791736287e-07,0.8626729363512684,1.7999999820000014,1.7999999819999772,-0.02767938973079592,0.007424133404938971
1.0148856216433488e-07,0.8438724288474635,1.7999999820000834,1.7999999819999797,-0.026450042486113913,0.007424152290965935
1.0151135065827888e-07,0.8062714138398546,1.7999999819999695,1.7999999819999828,-0.024075130914000396,0.007424190062863545
1.015569276461669e-07,0.7310693838246141,1.7999999820000339,1.7999999819999855,-0.019660439269648382,0.007424265606886138
1.0164808162194294e-07,0.5806653237941548,1.7999999819999462,1.7999999819999863,-0.012171582304090711,0.007424416694668423
1.0174808162194294e-07,0.4156653237941641,1.79999998199998,1.7999999819999801,-0.006011937517673403,0.007424582444897965
1.0184808162194293e-07,0.25066532379417383,1.7999999819999837,1.7999999819999806,-0.0020034038423555446,0.007424748194999609
1.0194808162194292e-07,0.08566532379418312,1.7999999819999803,1.7999999819999806,-0.00014598127815559553,0.007424913945227374
1.0200000000000001e-07,0.0,1.7999999820000692,1.7999999819999868,-3.888194237823373e-06,0.007424999999964663
1.0200000123838426e-07,0.0,1.7999999819998744,1.799999981999987,-3.898024968047636e-06,-2.3244628327367512e-23
1.0200000371515273e-07,0.0,1.7999999819998744,1.7999999819999875,-3.89802496804684e-06,0.0
1.0200000866868969e-07,0.0,1.7999999819997463,1.7999999819999875,-3.8980249693563925e-06,0.0
1.020000185757636e-07,0.0,1.7999999819994972,1.799999981999987,-3.890574391338262e-06,0.0
1.0200003838991144e-07,0.0,1.799999981999641,1.7999999819999872,-3.8905743899490265e-06,0.0
1.020000780182071e-07,0.0,1.7999999819998747,1.7999999819999877,-3.888711742515552e-06,0.0
1.0200015727479843e-07,0.0,1.7999999819999895,1.7999999819999877,-3.888711741382543e-06,0.0
1.0200031578798108e-07,0.0,1.7999999819996686,1.7999999819999881,-3.8887117448933275e-06,0.0
1.020006328143464e-07,0.0,1.799999981999129,1.799999981999988,-3.88824609095411e-06,0.0
1.0200126686707702e-07,0.0,1.7999999820004717,1.799999981999988,-3.888129663097088e-06,0.0
1.0200253497253825e-07,0.0,1.7999999820002097,1.7999999819999892,-3.888246076541626e-06,0.0
1.0200507118346072e-07,0.0,1.7999999819999488,1.79999998199999,-3.888187869078208e-06,0.0
1.0201014360530565e-07,0.0,1.7999999819997567,1.7999999819999881,-3.88820242951922e-06,0.0
1.0202028844899554e-07,0.0,1.7999999820000876,1.7999999819999857,-3.8881878803101856e-06,0.0
1.020405781363753e-07,0.0,1.7999999819999923,1.7999999819999895,-3.888209697423229e-06,0.0
1.020811575111348e-07,0.0,1.7999999819999306,1.799999981999986,-3.88819697352276e-06,0.0
1.0216231626065383e-07,0.0,1.7999999820000026,1.7999999819999812,-3.888196075801417e-06,0.0
1.0226231626065382e-07,0.0,1.7999999819999555,1.7999999819999808,-3.888195169639515e-06,0.0
1.0236231626065382e-07,0.0,1.7999999820000046,1.7999999819999806,-3.888195171135141e-06,0.0
1.0246231626065381e-07,0.0,1.7999999819999628,1.7999999819999808,-3.888195169864127e-06,0.0
1.025623162606538e-07,0.0,1.799999981999998,1.7999999819999801,-3.888195170951855e-06,0.0
1.026623162606538e-07,0.0,1.7999999819999681,1.7999999819999806,-3.888195170041419e-06,0.0
1.027623162606538e-07,0.0,1.7999999819999937,1.7999999819999806,-3.888195170802956e-06,0.0
1.0286231626065379e-07,0.0,1.799999981999972,1.799999981999981,-3.888195170145523e-06,0.0
1.0296231626065378e-07,0.0,1.7999999819999903,1.7999999819999806,-3.888195170708316e-06,0.0
1.0306231626065378e-07,0.0,1.7999999819999746,1.7999999819999808,-3.8881951702341686e-06,0.0
1.0316231626065377e-07,0.0,1.7999999819999881,1.7999999819999806,-3.8881951706420674e-06,0.0
1.0326231626065377e-07,0.0,1.7999999819999768,1.7999999819999803,-3.888195170294423e-06,0.0
1.0336231626065376e-07,0.0,1.7999999819999863,1.79999998199998,-3.88819517061115e-06,0.0
1.0346231626065375e-07,0.0,1.7999999819999781,1.7999999819999801,-3.888195170358145e-06,0.0
1.0356231626065375e-07,0.0,1.799999981999985,1.7999999819999806,-3.888195170556891e-06,0.0
1.0366231626065374e-07,0.0,1.7999999819999792,1.7999999819999806,-3.888195170360671e-06,0.0
1.0376231626065374e-07,0.0,1.7999999819999841,1.7999999819999803,-3.888195170515565e-06,0.0
1.0386231626065373e-07,0.0,1.79999998199998,1.7999999819999801,-3.8881951704149305e-06,0.0
1.0396231626065373e-07,0.0,1.7999999819999835,1.7999999819999803,-3.88819517050957e-06,0.0
1.0406231626065372e-07,0.0,1.7999999819999803,1.7999999819999803,-3.888195170420925e-06,0.0
1.0416231626065371e-07,0.0,1.799999981999983,1.7999999819999801,-3.888195170487173e-06,0.0
1.0426231626065371e-07,0.0,1.7999999819999808,1.7999999819999803,-3.888195170433858e-06,0.0
1.043623162606537e-07,0.0,1.7999999819999828,1.7999999819999801,-3.888195170500106e-06,0.0
1.044623162606537e-07,0.0,1.7999999819999812,1.7999999819999803,-3.888195170439853e-06,0.0
1.0456231626065369e-07,0.0,1.7999999819999826,1.7999999819999801,-3.888195170481179e-06,0.0
1.0466231626065369e-07,0.0,1.7999999819999815,1.7999999819999806,-3.888195170452786e-06,0.0
1.0476231626065368e-07,0.0,1.7999999819999826,1.7999999819999806,-3.888195170477709e-06,0.0
1.0486231626065367e-07,0.0,1.7999999819999815,1.7999999819999806,-3.888195170452786e-06,0.0
1.0496231626065367e-07,0.0,1.7999999819999823,1.7999999819999806,-3.888195170464775e-06,0.0
1.0506231626065366e-07,0.0,1.7999999819999817,1.7999999819999806,-3.888195170449317e-06,0.0
1.0516231626065366e-07,0.0,1.7999999819999823,1.7999999819999806,-3.888195170468244e-06,0.0
1.0526231626065365e-07,0.0,1.7999999819999817,1.7999999819999806,-3.888195170449317e-06,0.0
1.0536231626065365e-07,0.0,1.7999999819999821,1.7999999819999806,-3.888195170471714e-06,0.0
1.0546231626065364e-07,0.0,1.799999981999982,1.7999999819999806,-3.8881951704587805e-06,0.0
1.0546611099599664e-07,0.0,1.799999982000207,1.7999999819999821,-3.888187887936619e-06,0.0
1.0547370046668264e-07,0.0,1.7999999819995562,1.7999999819999806,-3.888180626217456e-06,0.0
1.0548887940805464e-07,0.0,1.7999999820002832,1.7999999819999781,-3.888206094084149e-06,0.0
1.0548964138500389e-07,0.0,1.7999999820011146,1.7999999819999797,-3.888187890246522e-06,0.0
1.0549116533890239e-07,0.0,1.7999999820002641,1.7999999819999826,-3.888216991966408e-06,0.0
1.0549421324669937e-07,0.0,1.7999999819996881,1.7999999819999821,-3.888173342281183e-06,0.0
1.0550030906229336e-07,0.0,1.7999999819998618,1.7999999819999788,-3.888195180995592e-06,0.0
1.0550061506983648e-07,0.0,1.7999999820009536,1.7999999819999795,-3.888246100259051e-06,0.0
1.0550122708492273e-07,0.0,1.799999982000291,1.7999999819999812,-3.888129687773434e-06,0.0
1.0550245111509523e-07,0.0,1.7999999820004096,1.7999999819999823,-3.888187889721752e-06,0.0
1.0550489917544023e-07,0.0,1.79999998199996,1.7999999819999828,-3.88818788933474e-06,0.0
1.0550979529613022e-07,0.0,1.7999999819997483,1.79999998199998,-3.888202449665817e-06,0.0
1.0551004107945864e-07,0.0,1.7999999819996393,1.7999999819999795,-3.88824610723348e-06,0.0
1.0551007265352337e-07,0.0,1.7999999820006674,1.7999999819999797,-3.888711757978531e-06,0.0
1.0551007543575698e-07,0.0,1.7999999820005026,1.7999999819999795,-3.868222663006366e-06,0.0
1.0551008100022418e-07,0.0,1.7999999820008727,1.79999998199998,-3.890574400979648e-06,0.0
1.0551009212915861e-07,0.0,1.7999999820004424,1.7999999819999808,-3.87939853439792e-06,0.0
1.0551009268782671e-07,0.0,1.7999999819992347,1.7999999819999812,-3.838420353428705e-06,0.0
1.0551009380516291e-07,0.0,1.7999999819998156,1.799999981999982,-3.838420347511462e-06,0.0
1.0551009603983529e-07,0.0,1.799999981999813,1.799999981999982,-3.838420347542961e-06,0.0
1.0551010050918005e-07,0.0,1.7999999820008405,1.7999999819999817,-3.883123820634835e-06,0.0
1.0551010073353939e-07,0.0,1.7999999820002441,1.7999999819999812,-3.838420343130506e-06,0.0
1.0551010118225806e-07,0.0,1.7999999819995838,1.7999999819999806,-3.838420349865009e-06,0.0
1.055101020796954e-07,0.0,1.799999981999829,1.7999999819999806,-3.898024992144875e-06,0.0
1.0551010387457007e-07,0.0,1.7999999820002615,1.7999999819999806,-3.8682226653394426e-06,0.0
1.0551010400467897e-07,0.0,1.799999982000846,1.7999999819999803,-3.6000017578923998e-06,0.0
1.0551010426489679e-07,0.0,1.7999999820005819,1.7999999819999795,-3.6000017605827856e-06,0.0
1.0551010431442773e-07,0.0,1.7999999819993417,1.7999999819999797,-3.6000017732323994e-06,0.0
1.055101044134896e-07,0.0,1.7999999820000103,1.7999999819999797,-4.076838924614896e-06,0.0
1.0551010444404956e-07,0.0,1.7999999820005972,1.79999998199998,-1.6926531276109069e-06,0.0
1.0551010446671607e-07,0.0,1.3366775329411842,1.7999999660880073,1.0734865441008878e-07,0.0
1.0551010449205685e-07,0.0,1.3366692078460571,1.7999999305090515,-3.7073486112149112e-06,0.0
1.0551010450501301e-07,0.0,1.336664951431841,1.7999999123180894,-1.7999999784024112e-06,0.0
1.0551010452515322e-07,0.0,1.3366583349127699,1.7999998840401215,-1.7999999784024112e-06,0.0
1.0551010456543363e-07,0.0,1.336645101973206,1.7999998274829785,-1.7999999784024112e-06,0.0
1.0551010464599447e-07,0.0,1.3366186364810362,1.7999997143638689,-1.7999999784024112e-06,0.0
1.0551010480711615e-07,0.0,1.3365657070491337,1.7999994881063497,-2.2768371366055362e-06,0.0
1.055101051293595e-07,0.0,1.3364598543998993,1.7999990355141187,-2.0384185575039737e-06,0.0
1.055101057738462e-07,0.0,1.336248173950762,1.7999981300209125,-2.0384185575039737e-06,0.0
1.0551010706281959e-07,0.0,1.3358249124322286,1.7999963177997724,-2.0980232022793643e-06,0.0
1.0551010964076639e-07,0.0,1.3349787867619118,1.799992688420548,-2.068220879891669e-06,0.0
1.0551011479665999e-07,0.0,1.33328812363789,1.799985409930019,-2.0980232022793643e-06,0.0
1.0551012510844719e-07,0.0,1.329913140332381,1.7999707741460924,-2.0905726216824405e-06,0.0
1.0551014573202159e-07,0.0,1.323188466282832,1.7999411883675904,-2.0868473313839786e-06,0.0
1.0551018697917037e-07,0.0,1.3098396582691212,1.799880767929673,-2.0887099765332096e-06,0.0
1.0551026947346794e-07,0.0,1.2835392176243268,1.7997549945129505,-2.0887099765332096e-06,0.0
1.055104196189269e-07,0.0,1.2369986015520602,1.799509591595509,-2.0887099765332096e-06,0.0
1.0551057533025605e-07,0.0,1.190492073516565,1.7992332624537586,-2.0887099765332096e-06,0.0
1.0551077532224216e-07,0.0,1.133279033378861,1.7988471235997243,-2.088244315245902e-06,0.0
1.0551097461294901e-07,0.0,1.0789655843900832,1.7984289055861142,-2.088011484602248e-06,0.0
1.0551121334308154e-07,0.0,1.0172667286791244,1.7978863071172853,-2.088244315245902e-06,0.0
1.055114531529066e-07,0.0,0.9587885266672888,1.7972979994589209,-2.088244315245902e-06,0.0
1.0551172847482498e-07,0.0,0.8957145865892632,1.796572414698234,-2.0884771458895557e-06,0.0
1.055120068288663e-07,0.0,0.8360934304453735,1.7957877295411302,-2.088011484602248e-06,0.0
1.0551231775179302e-07,0.0,0.7740886778090789,1.7948547438850426,-2.088011484602248e-06,0.0
1.0551263409590353e-07,0.0,0.7156306849044902,1.7938486813907548,-2.088011484602248e-06,0.0
1.05512981052254e-07,0.0,0.6564716749573124,1.7926845740242445,-2.087895069280421e-06,0.0
1.0551333602481963e-07,0.0,0.6008922497936048,1.7914331592227735,-2.088244315245902e-06,0.0
1.0551372050796505e-07,0.0,0.5458574421221245,1.7900148251960204,-2.088127899924075e-06,0.0
1.055141157757605e-07,0.0,0.49439168786512094,1.7884946849161365,-2.088127899924075e-06,0.0
1.0551454026666106e-07,0.0,0.4443542561262802,1.786798941734085,-2.088127899924075e-06,0.0
1.0551497854535711e-07,0.0,0.39783192416842894,1.7849863279013494,-2.088127899924075e-06,0.0
1.0551544658369961e-07,0.0,0.35332586070998995,1.7829887846995751,-2.088127899924075e-06,0.0
1.0551593176667585e-07,0.0,0.31223447957930484,1.7808581796537446,-2.088127899924075e-06,0.0
1.055164481371453e-07,0.0,0.2735087742783427,1.778531659527608,-2.088127899924075e-06,0.0
1.0551698554043732e-07,0.0,0.23804935844112807,1.7760538823346201,-2.088011484602248e-06,0.0
1.0551755659074474e-07,0.0,0.20511537610859357,1.7733662639894276,-2.088127899924075e-06,0.0
1.0551815334706899e-07,0.0,0.175252744919941,1.7705058987717361,-2.088011484602248e-06,0.0
1.0551878748388049e-07,0.0,0.14792710961804637,1.7674171306100517,-2.088127899924075e-06,0.0
1.0551945315221737e-07,0.0,0.12343564952094169,1.7641289475677275,-2.088127899924075e-06,0.0
1.0552016160420977e-07,0.0,0.10137951832884182,1.7605867943307292,-2.088127899924075e-06,0.0
1.0552090911570225e-07,0.0,0.08188471601578527,1.75681057790949,-2.0880696922631614e-06,0.0
1.0552170712577955e-07,0.0,0.06463974028009885,1.7527443170301822,-2.088244315245902e-06,0.0
1.0552255428536124e-07,0.0,0.04965566249642043,1.7483970458077942,-2.088244315245902e-06,0.0
1.0552346303158988e-07,0.0,0.03667675103218776,1.7437076780160001,-2.088127899924075e-06,0.0
1.0552443498902943e-07,0.0,0.025639674324311364,1.7386710794895484,-2.088244315245902e-06,0.0
1.0552548481394334e-07,0.0,0.01632471475849444,1.7332152953177486,-2.0881861075849883e-06,0.0
1.0552661832851672e-07,0.0,0.008623264610814942,1.7273148673286873,-2.0881861075849883e-06,0.0
1.0552785447088747e-07,0.0,0.0023401692934854213,1.7208771341917557,-2.0881861075849883e-06,0.0
1.0552920573226417e-07,0.0,-0.0026573724685468514,1.7138443537209207,-2.0881861075849883e-06,0.0
1.055306993559669e-07,0.0,-0.0065458118442512205,1.7060840019816694,-2.0881861075849883e-06,0.0
1.0553236062795736e-07,0.0,-0.009467405953372686,1.6974766651417936,-2.0881570037545316e-06,0.0
1.0553423286095678e-07,0.0,-0.011578652988750675,1.687813853403127,-2.088127899924075e-06,0.0
1.0553636538923701e-07,0.0,-0.013016574174203595,1.6768627654319994,-2.0881570037545316e-06,0.0
1.055388384529421e-07,0.0,-0.013918159206175486,1.6642424965383331,-2.0881570037545316e-06,0.0
1.0554175934681577e-07,0.0,-0.014403869516468343,1.6494520786232347,-2.0881570037545316e-06,0.0
1.0554530544067647e-07,0.0,-0.014582018768387496,1.6316673149591607,-2.0881861075849883e-06,0.0
1.0554975489349013e-07,0.0,-0.01453946503484089,1.6096195458518763,-2.0881861075849883e-06,0.0
1.055556185955117e-07,0.0,-0.014335657148888462,1.5810161337354938,-2.0882006595002167e-06,0.0
1.0556390012069113e-07,0.0,-0.013988201267648536,1.5414803788292204,-2.0881861075849883e-06,0.0
1.0557707379432997e-07,0.0,-0.013435810329601993,1.4806116974681263,-2.088204297479024e-06,0.0
1.0560342114160766e-07,0.0,-0.01239528060465592,1.3659453230896812,-2.0881933835426025e-06,0.0
1.0563320746752701e-07,0.0,-0.011315478897145764,1.2469530518757748,-2.0881933835426025e-06,0.0
1.0566310363056636e-07,0.0,-0.010326275094636158,1.1379435618721312,-2.0881933835426025e-06,0.0
1.0569178785726291e-07,0.0,-0.009458600875651377,1.0423270608574626,-2.088191564553199e-06,0.0
1.0572078770149156e-07,0.0,-0.008655462646113325,0.953822033851131,-2.0881933835426025e-06,0.0
1.0574942894685743e-07,0.0,-0.007929224883418242,0.8737915269804859,-2.088191564553199e-06,0.0
1.0577844407890251e-07,0.0,-0.00725560696100918,0.7995595680688445,-2.088191564553199e-06,0.0
1.0580716368748517e-07,0.0,-0.006645228982413107,0.7322966331140554,-2.0881933835426025e-06,0.0
1.0583614115508045e-07,0.0,-0.006081392989460693,0.6701625413598011,-2.088191564553199e-06,0.0
1.0586489130384373e-07,0.0,-0.005569274735396023,0.6137277020796605,-2.088195202532006e-06,0.0
1.0589383758764565e-07,0.0,-0.005097218489972252,0.5617076409142374,-2.088191564553199e-06,0.0
1.059226134574949e-07,0.0,-0.00466761043630685,0.5143653270930941,-2.0881933835426025e-06,0.0
1.0595153741474748e-07,0.0,-0.004272272203914255,0.47079950544693017,-2.0881933835426025e-06,0.0
1.059803327325705e-07,0.0,-0.003911959880047061,0.431093500430856,-2.0881933835426025e-06,0.0
1.0600923973039036e-07,0.0,-0.003580809944304773,0.3946011563049433,-2.0881933835426025e-06,0.0
1.060380496858542e-07,0.0,-0.003278666712994461,0.36130531829718854,-2.088191564553199e-06,0.0
1.0606694390174434e-07,0.0,-0.003001242981835972,0.3307335406294897,-2.088191564553199e-06,0.0
1.0609576491251933e-07,0.0,-0.002747909644356942,0.30281649691965484,-2.088191564553199e-06,0.0
1.0612464949254905e-07,0.0,-0.0025154700774141525,0.2772019227173529,-2.0881933835426025e-06,0.0
1.0615347884703388e-07,0.0,-0.002303081700325057,0.2537969667291578,-2.088191564553199e-06,0.0
1.0618235616037859e-07,0.0,-0.002108316077920451,0.23233401810556392,-2.0881933835426025e-06,0.0
1.0621119181160793e-07,0.0,-0.0019302676462303258,0.2127132847750324,-2.088191564553199e-06,0.0
1.0624006364457793e-07,0.0,-0.0017670596073479713,0.19472794573375274,-2.0881933835426025e-06,0.0
1.0626890404744527e-07,0.0,-0.001617806916979835,0.17828047012686868,-2.0881933835426025e-06,0.0
1.062977717468965e-07,0.0,-0.0014810368215305472,0.16320856218685253,-2.0881933835426025e-06,0.0
1.0632661573520474e-07,0.0,-0.0013559278272991186,0.1494216942524603,-2.0881933835426025e-06,0.0
1.0635548031680468e-07,0.0,-0.0012413089605793788,0.1367908263595404,-2.0881933835426025e-06,0.0
1.0638432701044854e-07,0.0,-0.00113644130040087,0.1252345302643974,-2.0881933835426025e-06,0.0
1.0641318924019733e-07,0.0,-0.0010403834965603343,0.11464907025156257,-2.088191564553199e-06,0.0
1.064420379750327e-07,0.0,-0.0009524843671663227,0.10496268682258543,-2.0881933835426025e-06,0.0
1.0647089843067908e-07,0.0,-0.000871980279347752,0.09609122850899869,-2.0881933835426025e-06,0.0
1.0649974870556225e-07,0.0,-0.0007983053061740376,0.08797233081106585,-2.0881933835426025e-06,0.0
1.065286078228928e-07,0.0,-0.0007308354468802244,0.08053722955887824,-2.0881933835426025e-06,0.0
1.0655745925969436e-07,0.0,-0.0006690836388026496,0.0737322510044671,-2.0881933835426025e-06,0.0
1.0658631736743255e-07,0.0,-0.0006125370192419328,0.06750087826552176,-2.0881933835426025e-06,0.0
1.0661516968085061e-07,0.0,-0.000560779309165593,0.06179723786926311,-2.0881933835426025e-06,0.0
1.0664402702696571e-07,0.0,-0.0005133870686704244,0.056574667223046944,-2.0881933835426025e-06,0.0
1.066728800017448e-07,0.0,-0.0004700063070609575,0.05179415695760481,-2.0881933835426025e-06,0.0
1.0670173677329568e-07,0.0,-0.00043028617685114266,0.047417044081526874,-2.0881933835426025e-06,0.0
1.0673059024703274e-07,0.0,-0.00039392676626494663,0.043410278660536906,-2.0881933835426025e-06,0.0
1.0675944658513159e-07,0.0,-0.00036063658033080555,0.03974173828242413,-2.088195202532006e-06,0.0
1.0678830043530016e-07,0.0,-0.0003301622168852545,0.03638349831888928,-2.0881933835426025e-06,0.0
1.0681715644640028e-07,0.0,-0.00030226098436890534,0.033308814437951154,-2.0881933835426025e-06,0.0
1.0684601058056081e-07,0.0,-0.0002767192106675144,0.030494140217219533,-2.088191564553199e-06,0.0
1.068748663449709e-07,0.0,-0.0002533345123965418,0.02791717323942293,-2.088191564553199e-06,0.0
1.0690372069338259e-07,0.0,-0.00023192698996609903,0.02555808877570934,-2.088191564553199e-06,0.0
1.0693257627168684e-07,0.0,-0.00021232766700296794,0.02339826582319308,-2.0881933835426025e-06,0.0
1.0696143078173512e-07,0.0,-0.00019438524913948394,0.021421031915781777,-2.0881933835426025e-06,0.0
1.0699028621963877e-07,0.0,-0.00017795852138433843,0.01961082532309015,-2.0881933835426025e-06,0.0
1.0701914085162989e-07,0.0,-0.00016292035362223408,0.017953636451945868,-2.0881933835426025e-06,0.0
1.0704799618361257e-07,0.0,-0.0001491526480075315,0.016436451054989924,-2.088195202532006e-06,0.0
1.0707685090760043e-07,0.0,-0.00013654864694837544,0.015047504567791997,-2.088191564553199e-06,0.0
1.0710570615967538e-07,0.0,-0.00012500953261826924,0.013775907379020447,-2.0881933835426025e-06,0.0
1.0713456095306706e-07,0.0,-0.00011444569796796376,0.012611784894416807,-2.088191564553199e-06,0.0
1.0716341614485807e-07,0.0,-0.00010477442417249448,0.011546021594193285,-2.0881933835426025e-06,0.0
1.0719227099060994e-07,0.0,-9.59205264501069e-05,0.010570332201450037,-2.088191564553199e-06,0.0
1.0722112613692182e-07,0.0,-8.781474099875012e-05,0.009677083924515053,-2.088195202532006e-06,0.0
1.0724998102217479e-07,0.0,-8.03940010532898e-05,0.008859326878059503,-2.0881933835426025e-06,0.0
1.0727883613417652e-07,0.0,-7.360029582545147e-05,0.008110668339636033,-2.0881933835426025e-06,0.0
1.0730769104923011e-07,0.0,-6.73807341749049e-05,0.007425279766130562,-2.088191564553199e-06,0.0
1.0733654613534763e-07,0.0,-6.16867216026134e-05,0.006797806099376798,-2.088191564553199e-06,0.0
1.0736540107288328e-07,0.0,-5.647390757757472e-05,0.006223359961640366,-2.088195202532006e-06,0.0
1.0739425613947327e-07,0.0,-5.17015800677776e-05,0.005697454933597108,-2.088191564553199e-06,0.0
1.074231110939702e-07,0.0,-4.7332554345243395e-05,0.0052159933007939014,-2.0881933835426025e-06,0.0
1.074519661458277e-07,0.0,-4.333271883813126e-05,0.004775216007071289,-2.0881933835426025e-06,0.0
1.074808211131207e-07,0.0,-3.9670899539910846e-05,0.004371687712591593,-2.088191564553199e-06,0.0
1.0750967615386427e-07,0.0,-3.631851308541382e-05,0.004002258563241572,-2.0881933835426025e-06,0.0
1.0753853113081024e-07,0.0,-3.324942630121051e-05,0.0036640487132259033,-2.088191564553199e-06,0.0
1.0756738616316933e-07,0.0,-3.0439686753467537e-05,0.0033544186317579425,-2.088191564553199e-06,0.0
1.0759624114739817e-07,0.0,-2.7867388083259467e-05,0.003070954263163619,-2.0881933835426025e-06,0.0
1.0762509617343167e-07,0.0,-2.5512457648051283e-05,0.002811443625213979,-2.0881933835426025e-06,0.0
1.0765395116315476e-07,0.0,-2.3356532937617707e-05,0.0025738631903069,-2.0881933835426025e-06,0.0
1.0768280618441608e-07,0.0,-2.1382792111988892e-05,0.0023563592109336227,-2.0881933835426025e-06,0.0
1.0771166117828414e-07,0.0,-1.957584364507386e-05,0.0021572355585401707,-2.0881933835426025e-06,0.0
1.0774051619594525e-07,0.0,-1.7921589681751203e-05,0.001974938665633773,-2.0881933835426025e-06,0.0
1.0776937119294035e-07,0.0,-1.6407129259950014e-05,0.0018080468609605388,-2.0881933835426025e-06,0.0
1.0779822620788537e-07,0.0,-1.502064719306191e-05,0.0016552581244855902,-2.088191564553199e-06,0.0
1.0782708120723959e-07,0.0,-1.3751330248023792e-05,0.0015153808503030643,-2.088195202532006e-06,0.0
1.0785593622013557e-07,0.0,-1.2589276168610039e-05,0.0013873238211139728,-2.088191564553199e-06,0.0
1.0788479122126953e-07,0.0,-1.152542170846947e-05,0.0012700882775460755,-2.0881933835426025e-06,0.0
1.0791364623261966e-07,0.0,-1.0551467742956483e-05,0.0011627596655652717,-2.0881933835426025e-06,0.0
1.079425012350963e-07,0.0,-9.659817868152423e-06,0.0010645008701550968,-2.088191564553199e-06,0.0
1.0797135624528023e-07,0.0,-8.843516496053134e-06,0.000974545393481983,-2.0881933835426025e-06,0.0
1.080002112487698e-07,0.0,-8.096196707590595e-06,0.0008921916083522131,-2.0881933835426025e-06,0.0
1.0802944066772382e-07,0.0,-7.403531211412391e-06,0.0008158606636626617,-2.088195202532006e-06,0.0
1.0805976872112708e-07,0.0,-6.747373784060624e-06,0.0007435528663615193,-2.0881933835426025e-06,0.0
1.0809088959274866e-07,0.0,-6.134447400411616e-06,0.0006760090805840716,-2.0881933835426025e-06,0.0
1.0812314432375702e-07,0.0,-5.557850132240393e-06,0.0006124687217415714,-2.088195202532006e-06,0.0
1.081562911295623e-07,0.0,-5.021697926026621e-06,0.0005533853624232534,-2.088191564553199e-06,0.0
1.0819066505102231e-07,0.0,-4.520228519862183e-06,0.0004981240079650351,-2.0881933835426025e-06,0.0
1.082260979862382e-07,0.0,-4.055643990138127e-06,0.0004469273246624072,-2.088195202532006e-06,0.0
1.0826289370454412e-07,0.0,-3.6236310027248653e-06,0.00039931998803428143,-2.088191564553199e-06,0.0
1.0830093836913574e-07,0.0,-3.2252551513786283e-06,0.0003554194252909569,-2.0881933835426025e-06,0.0
1.0834051753578856e-07,0.0,-2.857190443690066e-06,0.00031485911587793357,-2.088195202532006e-06,0.0
1.083815709671171e-07,0.0,-2.519701120471091e-06,0.00027766817882923935,-2.088191564553199e-06,0.0
1.0842437907665135e-07,0.0,-2.2101363273536748e-06,0.00024355449302896083,-2.0881933835426025e-06,0.0
1.0846893602926902e-07,0.0,-1.92821852229765e-06,0.0002124874736616133,-2.0881942930373043e-06,0.0
1.0851553082252796e-07,0.0,-1.67176029708612e-06,0.00018422607084617876,-2.0881933835426025e-06,0.0
1.0856421711164664e-07,0.0,-1.4401226105775709e-06,0.0001586998629802475,-2.0881942930373043e-06,0.0
1.08615309174379e-07,0.0,-1.2314347272667047e-06,0.000135702697152986,-2.0881933835426025e-06,0.0
1.0866893104250726e-07,0.0,-1.044821515339459e-06,0.0001151381348402693,-2.0881933835426025e-06,0.0
1.08725444386395e-07,0.0,-8.786290494227137e-07,9.6823915359499e-05,-2.0881924740479008e-06,0.0
1.087850631892298e-07,0.0,-7.318334101749668e-07,8.064720397144516e-05,-2.0881933835426025e-06,0.0
1.0884822837181159e-07,0.0,-6.029308283738182e-07,6.644228702938465e-05,-2.0881933835426025e-06,0.0
1.0891527760927329e-07,0.0,-4.908097032424676e-07,5.40866674003044e-05,-2.0881924740479008e-06,0.0
1.0898678055236639e-07,0.0,-3.940734740605473e-07,4.3426445691645124e-05,-2.0881933835426025e-06,0.0
1.0906325710741657e-07,0.0,-3.115664778933733e-07,3.433426917108142e-05,-2.0881933835426025e-06,0.0
1.0914548813438306e-07,0.0,-2.419737016320194e-07,2.6665224899438258e-05,-2.0881933835426025e-06,0.0
1.0923428093992503e-07,0.0,-1.8412808777399697e-07,2.0290704476087658e-05,-2.0881933835426025e-06,0.0
1.093307754535128e-07,0.0,-1.3678378701429565e-07,1.5073416733853876e-05,-2.0881929287952516e-06,0.0
1.094307754535128e-07,0.0,-1.005047278419424e-07,1.1075505946674405e-05,-2.0881933835426025e-06,0.0
1.0953077545351279e-07,0.0,-7.384793577578754e-08,8.137957978652492e-06,-2.0881933835426025e-06,0.0
1.0963077545351278e-07,0.0,-5.426130427328261e-08,5.979533610579589e-06,-2.0881933835426025e-06,0.0
1.0973077545351278e-07,0.0,-3.9869620057933206e-08,4.393586486172958e-06,-2.0881933835426025e-06,0.0
1.0983077545351277e-07,0.0,-2.9295031235423697e-08,3.228278904115159e-06,-2.0881933835426025e-06,0.0
1.0993077545351277e-07,0.0,-2.152513251541676e-08,2.372044960433427e-06,-2.0881933835426025e-06,0.0
1.1003077545351276e-07,0.0,-1.5816038087884965e-08,1.742909290503143e-06,-2.0881933835426025e-06,0.0
1.1013077545351276e-07,0.0,-1.1621162407190778e-08,1.2806387929371742e-06,-2.0881933835426025e-06,0.0
1.1023077545351275e-07,0.0,-8.538890393636128e-09,9.40975945743072e-07,-2.0881933835426025e-06,0.0
1.1033077545351274e-07,0.0,-6.2741270279093605e-09,6.914016156236392e-07,-2.0881933835426025e-06,0.0
1.1043077545351274e-07,0.0,-4.6100451168217665e-09,5.080216941246904e-07,-2.0881933835426025e-06,0.0
1.1053077545351273e-07,0.0,-3.387326377780846e-09,3.7327948889521876e-07,-2.0881933835426025e-06,0.0
1.1063077545351273e-07,0.0,-2.4889083943467943e-09,2.742748556633022e-07,-2.0881933835426025e-06,0.0
1.1073077545351272e-07,0.0,-1.8287771252591678e-09,2.0152914555195864e-07,-2.0881933835426025e-06,0.0
1.1083077545351272e-07,0.0,-1.3437319675780635e-09,1.4807772447343826e-07,-2.0881933835426025e-06,0.0
1.1093077545351271e-07,0.0,-9.873349659507856e-10,1.08803182910227e-07,-2.0881933835426025e-06,0.0
1.110307754535127e-07,0.0,-7.254648683706021e-10,7.99453979556513e-08,-2.0881933835426025e-06,0.0
1.111307754535127e-07,0.0,-5.330503764098473e-10,5.8741541224587716e-08,-2.0881933835426025e-06,0.0
1.1123077545351269e-07,0.0,-3.9166983292698244e-10,4.3161567190572934e-08,-2.0881933835426025e-06,0.0
1.1133077545351269e-07,0.0,-2.8778754281945225e-10,3.171385774887658e-08,-2.0881933835426025e-06,0.0
1.1143077545351268e-07,0.0,-2.1145787303190257e-10,2.33024155234023e-08,-2.0881933835426025e-06,0.0
1.1153077545351268e-07,0.0,-1.5537306316130838e-10,1.7121933683534166e-08,-2.0881933835426025e-06,0.0
1.1163077545351267e-07,0.0,-1.14163584499243e-10,1.2580696313175099e-08,-2.0881933835426025e-06,0.0
1.1173077545351266e-07,0.0,-8.388406433309982e-11,9.243927855914235e-09,-2.0881933835426025e-06,0.0
1.1183077545351266e-07,0.0,-6.163555813194262e-11,6.7921679435071925e-09,-2.0881933835426025e-06,0.0
1.1193077545351265e-07,0.0,-4.528800620822783e-11,4.990686436750014e-09,-2.0881933835426025e-06,0.0
1.1203077545351265e-07,0.0,-3.327630297259863e-11,3.6670104916604274e-09,-2.0881933835426025e-06,0.0
1.1213077545351264e-07,0.0,-2.4450454596154396e-11,2.694412104701268e-09,-2.0881933835426025e-06,0.0
1.1223077545351264e-07,0.0,-1.7965479231216664e-11,1.9797752437499636e-09,-2.0881933835426025e-06,0.0
1.1233077545351263e-07,0.0,-1.3200508920839602e-11,1.45468097063786e-09,-2.0881933835426025e-06,0.0
1.1243077545351262e-07,0.0,-9.699348039741601e-12,1.068857049817294e-09,-2.0881933835426025e-06,0.0
1.1253077545351262e-07,0.0,-7.1267973805564985e-12,7.853649123100718e-10,-2.0881933835426025e-06,0.0
1.1263077545351261e-07,0.0,-5.236562364142695e-12,5.770631775252238e-10,-2.0881933835426025e-06,0.0
1.1273077545351261e-07,0.0,-3.847672935045291e-12,4.2400915247921917e-10,-2.0881933835426025e-06,0.0
1.128307754535126e-07,0.0,-2.8271575863840506e-12,3.1154952938976286e-10,-2.0881933835426025e-06,0.0
1.129307754535126e-07,0.0,-2.0773127429559526e-12,2.2891748608596465e-10,-2.0881933835426025e-06,0.0
1.1303077545351259e-07,0.0,-1.5263486735055378e-12,1.6820187640328164e-10,-2.0881933835426025e-06,0.0
1.1313077545351258e-07,0.0,-1.1215163827335272e-12,1.2358982142133396e-10,-2.0881933835426025e-06,0.0
1.1323077545351258e-07,0.0,-8.240574506101143e-13,9.081018764817455e-11,-2.0881933835426025e-06,0.0
1.1333077545351257e-07,0.0,-6.05493323529125e-13,6.67246710599524e-11,-2.0881933835426025e-06,0.0
1.1343077545351257e-07,0.0,-4.448987925839138e-13,4.902733760784477e-11,-2.0881933835426025e-06,0.0
1.1353077545351256e-07,0.0,-3.2689862625599673e-13,3.6023854366459316e-11,-2.0881933835426025e-06,0.0
1.1363077545351256e-07,0.0,-2.4019555371478526e-13,2.6469275035815972e-11,-2.0881933835426025e-06,0.0
1.1373077545351255e-07,0.0,-1.7648867080077363e-13,1.94488494705334e-11,-2.0881933835426025e-06,0.0
1.1383077545351254e-07,0.0,-1.2967871566713335e-13,1.4290446006384087e-11,-2.0881933835426025e-06,0.0
1.1393077545351254e-07,0.0,-9.528412914394891e-14,1.0500201946176288e-11,-2.0881933835426025e-06,0.0
1.1403077545351253e-07,0.0,-7.001199246579012e-14,7.715241418023351e-12,-2.0881933835426025e-06,0.0
1.1413077545351253e-07,0.0,-5.14427652810618e-14,5.668933839892618e-12,-2.0881933835426025e-06,0.0
1.1423077545351252e-07,0.0,-3.779863999872171e-14,4.1653668550156406e-12,-2.0881933835426025e-06,0.0
1.1433077545351252e-07,0.0,-2.777333563897152e-14,3.060589791111827e-12,-2.0881933835426025e-06,0.0
1.1443077545351251e-07,0.0,-2.0407035072439676e-14,2.2488319025677388e-12,-2.0881933835426025e-06,0.0
1.145307754535125e-07,0.0,-1.4994492778686446e-14,1.6523759377010804e-12,-2.0881933835426025e-06,0.0
1.146307754535125e-07,0.0,-1.1017514927975517e-14,1.214117532028867e-12,-2.0881933835426025e-06,0.0
1.1473077545351249e-07,0.0,-8.09534787667085e-15,8.920980679680274e-13,-2.0881933835426025e-06,0.0
1.1483077545351249e-07,0.0,-5.9482249506324055e-15,6.554875799728485e-13,-2.0881933835426025e-06,0.0
1.1493077545351248e-07,0.0,-4.3705818004475845e-15,4.816331106706409e-13,-2.0881933835426025e-06,0.0
1.1503077545351248e-07,0.0,-3.211375731633887e-15,3.5388992923993514e-13,-2.0881933835426025e-06,0.0
1.1513077545351247e-07,0.0,-2.3596250051087076e-15,2.6002797407985446e-13,-2.0881933835426025e-06,0.0
1.1523077545351246e-07,0.0,-1.7337834690253126e-15,1.9106095347013825e-13,-2.0881933835426025e-06,0.0
1.1533077545351246e-07,0.0,-1.2739334072951988e-15,1.4038600296795436e-13,-2.0881933835426025e-06,0.0
1.1543077545351245e-07,0.0,-9.360490233974735e-16,1.0315153081445418e-13,-2.0881933835426025e-06,0.0
1.1553077545351245e-07,0.0,-6.877814579757348e-16,7.579272922099607e-14,-2.0881933835426025e-06,0.0
1.1563077545351244e-07,0.0,-5.053617073960316e-16,5.569028164107975e-14,-2.0881933835426025e-06,0.0
1.1573077545351244e-07,0.0,-3.7132500902503884e-16,4.0919590851792816e-14,-2.0881933835426025e-06,0.0
1.1583077545351243e-07,0.0,-2.728387604733627e-16,3.006651907901859e-14,-2.0881933835426025e-06,0.0
1.1593077545351242e-07,0.0,-2.0047394523156503e-16,2.2091999228526208e-14,-2.0881933835426025e-06,0.0
1.1603077545351242e-07,0.0,-1.473023937526669e-16,1.6232555176416118e-14,-2.0881933835426025e-06,0.0
1.1613077545351241e-07,0.0,-1.082334928803653e-16,1.192720698701279e-14,-2.0881933835426025e-06,0.0
1.162307754535124e-07,0.0,-7.952680610771306e-17,8.763763003721517e-15,-2.0881933835426025e-06,0.0
1.163307754535124e-07,0.0,-5.843397240009621e-17,6.439356847675352e-15,-2.0881933835426025e-06,0.0
1.164307754535124e-07,0.0,-4.293557441686043e-17,4.731451157916446e-15,-2.0881933835426025e-06,0.0
1.1653077545351239e-07,0.0,-3.1547805029426006e-17,3.4765319874849743e-15,-2.0881933835426025e-06,0.0
1.1663077545351238e-07,0.0,-2.3180404700804718e-17,2.5544540684454766e-15,-2.0881933835426025e-06,0.0
1.1673077545351238e-07,0.0,-1.703228381579946e-17,1.8769381703655345e-15,-2.0881933835426025e-06,0.0
1.1683077545351237e-07,0.0,-1.2514824111446603e-17,1.3791192955420716e-15,-2.0881933835426025e-06,0.0
1.1693077545351237e-07,0.0,-9.195526972477015e-18,1.0133365399936416e-15,-2.0881933835426025e-06,0.0
1.1703077545351236e-07,0.0,-6.756604317600791e-18,7.445700648255677e-16,-2.0881933835426025e-06,0.0
1.1713077545351235e-07,0.0,-4.964555384962307e-18,5.470883162263967e-16,-2.0881933835426025e-06,0.0
1.1723077545351235e-07,0.0,-3.647810107172386e-18,4.0198450070732706e-16,-2.0881933835426025e-06,0.0
1.1733077545351234e-07,0.0,-2.680304267226557e-18,2.9536645915613577e-16,-2.0881933835426025e-06,0.0
1.1743077545351234e-07,0.0,-1.9694091801404814e-18,2.1702663918776227e-16,-2.0881933835426025e-06,0.0
1.1753077545351233e-07,0.0,-1.447064321579691e-18,1.5946482973023003e-16,-2.0881933835426025e-06,0.0
1.1763077545351233e-07,0.0,-1.0632605321131749e-18,1.1717009495205195e-16,-2.0881933835426025e-06,0.0
1.1773077545351232e-07,0.0,-7.812527773067541e-19,8.609316031869355e-17,-2.0881933835426025e-06,0.0
1.1783077545351231e-07,0.0,-5.740416817887451e-19,6.325873727968271e-17,-2.0881933835426025e-06,0.0
1.1793077545351231e-07,0.0,-4.2178906198376097e-19,4.6480670792427723e-17,-2.0881933835426025e-06,0.0
1.180307754535123e-07,0.0,-3.0991825803050544e-19,3.4152638041786955e-17,-2.0881933835426025e-06,0.0
1.181307754535123e-07,0.0,-2.277188872531459e-19,2.5094359985358322e-17,-2.0881933835426025e-06,0.0
1.1823077545351229e-07,0.0,-1.6732117112625278e-19,1.8438602086793055e-17,-2.0881933835426025e-06,0.0
1.1833077545351229e-07,0.0,-1.2294271332057402e-19,1.3548145763367662e-17,-2.0881933835426025e-06,0.0
1.1843077545351228e-07,0.0,-9.033470442120089e-20,9.954781428568042e-18,-2.0881933835426025e-06,0.0
1.1853077545351227e-07,0.0,-6.637530591560731e-20,7.314482367058451e-18,-2.0881933835426025e-06,0.0
1.1863077545351227e-07,0.0,-4.8770629201036404e-20,5.3744678053171955e-18,-2.0881933835426025e-06,0.0
1.1873077545351226e-07,0.0,-3.58352368682816e-20,3.949001821540391e-18,-2.0881933835426025e-06,0.0
1.1883077545351226e-07,0.0,-2.633068073771406e-20,2.9016110898710777e-18,-2.0881933835426025e-06,0.0
1.1893077545351225e-07,0.0,-1.9347017547460702e-20,2.1320190006569554e-18,-2.0881933835426025e-06,0.0
1.1903077545351225e-07,0.0,-1.4215620245111854e-20,1.5665452323534704e-18,-2.0881933835426025e-06,0.0
1.1913077545351224e-07,0.0,-1.0445224403573193e-20,1.1510516390172039e-18,-2.0881933835426025e-06,0.0
1.1923077545351223e-07,0.0,-7.674843628524716e-21,8.457590934821375e-19,-2.0881933835426025e-06,0.0
1.1933077545351224e-07,0.0,-5.6392523347133675e-21,6.214390562548332e-19,-2.0881933835426025e-06,0.0
1.1943077545351225e-07,0.0,-4.1435563881851336e-21,4.566152508294958e-19,-2.0881933835426025e-06,0.0
1.1953077545351226e-07,0.0,-3.044565254591658e-21,3.3550753723715787e-19,-2.0881933835426025e-06,0.0
1.1963077545351226e-07,0.0,-2.237056560798635e-21,2.4652112983061767e-19,-2.0881933835426025e-06,0.0
1.1973077545351227e-07,0.0,-1.6437245923547649e-21,1.8113651919714541e-19,-2.0881933835426025e-06,0.0
1.1983077545351228e-07,0.0,-1.2077600714096754e-21,1.3309381879476971e-19,-2.0881933835426025e-06,0.0
1.199307754535123e-07,0.0,-8.874273894499441e-22,9.779344707761192e-20,-2.0881933835426025e-06,0.0
1.2000000000000002e-07,2.183756817139993e-14,-7.175591250785896e-22,7.907422187301226e-20,-2.0881933835426025e-06,-2.8391609925024482e-15
1.2000000158451228e-07,2.6144452636535887e-06,-7.175556484980492e-22,7.907383875045637e-20,-2.0980232022793643e-06,-0.007424999993569417
1.2000000475353682e-07,7.84333574728563e-06,-7.175486954384587e-22,7.907307250905716e-20,-2.0980232022793643e-06,-0.0074249999988220865
1.200000110915859e-07,1.830111671454971e-05,-7.175347895343296e-22,7.907154004853372e-20,-2.0905726216824405e-06,-0.00742500000932741
1.2000002376768406e-07,3.921667869275301e-05,-7.175069784692184e-22,7.906847521658455e-20,-2.0868473313839786e-06,-0.007425000061347317
1.2000004911988037e-07,8.104780260548447e-05,-7.174513595826804e-22,7.906234590906006e-20,-2.0887099765332096e-06,-0.0074250000568547615
1.20000099824273e-07,0.0001647100504309474,-7.17340134705827e-22,7.905008871936853e-20,-2.0887099765332096e-06,-0.007425000187411275
1.2000020123305826e-07,0.0003320345461255484,-7.171177365735429e-22,7.902558004031028e-20,-2.0887099765332096e-06,-0.00742500031285883
1.2000040405062877e-07,0.0006666835374710753,-7.166731467080062e-22,7.897658547465804e-20,-2.088244315245902e-06,-0.007425000689729039
1.2000080968576982e-07,0.001335981520205804,-7.157847920320613e-22,7.887868744257887e-20,-2.088127899924075e-06,-0.007425001322339531
1.200016209560519e-07,0.002674577485631587,-7.140113785121157e-22,7.868325521105564e-20,-2.0881861075849883e-06,-0.00742500270626778
1.2000324349661608e-07,0.005351769416526827,-7.104776986926079e-22,7.829384157697128e-20,-2.0881861075849883e-06,-0.007425005356628267
1.2000648857774444e-07,0.010706153278317308,-7.034626288624411e-22,7.752078181189085e-20,-2.0882006595002167e-06,-0.00742501077436053
1.2001297874000113e-07,0.021414921001854593,-6.896391817992746e-22,7.599744895757969e-20,-2.088178831627374e-06,-0.007425021492752482
1.200259590645145e-07,0.04283245644892916,-6.627991997926641e-22,7.303971287542312e-20,-1.3694157786403593e-05,-0.007425043046727531
1.2005191971354126e-07,0.08566752734307831,-6.121931498961304e-22,6.746298433235183e-20,-0.00014419171827739774,-0.00742508603748071
1.201038410115948e-07,0.17133766913142026,-5.221464257654192e-22,5.753993829240578e-20,-0.0008401126799810754,-0.0074251721361946466
1.202038410115948e-07,0.3363376691314327,-3.8365792798741794e-22,4.227866448469993e-20,-0.003814448783401758,-0.007425337847287494
1.2030384101159482e-07,0.5013376691314451,-2.8190062995956647e-22,3.106512665215429e-20,-0.008939895997912117,-0.007425503636525832
1.2040384101159483e-07,0.6663376691314575,-2.0713234100371928e-22,2.2825746879092206e-20,-0.016216454323568996,-0.007425669347611574
1.2050384101159483e-07,0.8313376691314698,-1.5219478915970334e-22,1.6771691499046435e-20,-0.02564412376031555,-0.007425835136828596
1.2051170283420846e-07,0.84430967644396,-1.4857949804168406e-22,1.637329058425269e-20,-0.02647651649184013,-0.007425848128733037
1.2052742647943575e-07,0.8702536910689842,-1.416035290524855e-22,1.5604546788859598e-20,-0.028181188918352973,-0.007425874229824103
1.2053033447470048e-07,0.8750518832557871,-1.4034995366739212e-22,1.546640421645597e-20,-0.02850228540702915,-0.007425879010753533
1.205361504652299e-07,0.8846482676293492,-1.37875948809327e-22,1.5193771713346145e-20,-0.02914993569928015,-0.007425888689780891
1.2053791763823653e-07,0.8875641030902655,-1.3713292100057589e-22,1.511189089945522e-20,-0.02934816374479965,-0.00742589157994189
1.2054145198424973e-07,0.8933957740120543,-1.3565884586292328e-22,1.494944950686334e-20,-0.029746635336749705,-0.007425897476949217
1.2054282932416794e-07,0.8956683848770927,-1.3508870133163977e-22,1.4886620232228678e-20,-0.029902647937376514,-0.007425899720985285
1.2054391342858303e-07,0.8974571571619905,-1.3464162653140952e-22,1.4837353101071085e-20,-0.03002573243006168,-0.007425901556899817
1.2054475587096405e-07,0.8988471870906725,-1.3429523295179833e-22,1.4799180925164655e-20,-0.030121554253923932,-0.007425902914405924
1.2054549991241384e-07,0.9000748554828333,-1.3399004086912023e-22,1.4765549107042927e-20,-0.030195873113513017,-0.007425904186163734
1.2054626272509326e-07,0.9013334964038759,-1.3367786918375602e-22,1.4731148144708947e-20,-0.03010902754738254,-0.0074259054121341705
1.2054681592165784e-07,0.9022462707354291,-1.334519354296303e-22,1.4706250503659955e-20,-0.03004606207551319,-0.007425906367757307
1.2054757310961926e-07,0.9034956308717748,-1.3314330738050855e-22,1.4672240045966852e-20,-0.029960078431884085,-0.007425907583822777
1.205490874855421e-07,0.9059943511444662,-1.3252819005795244e-22,1.4604454821229533e-20,-0.02978821597051251,-0.00742591013286642
1.2055211623738782e-07,0.9109917916898927,-1.3130646122461355e-22,1.446982170248612e-20,-0.029446587563199955,-0.0074259151141831126
1.2055817374107922e-07,0.9209866727807023,-1.2889663654470192e-22,1.4204261781610792e-20,-0.02876875739664797,-0.007425925193288663
1.2057028874846202e-07,0.9409764349623212,-1.2420846091787758e-22,1.3687630194734836e-20,-0.02743677644778586,-0.007425945235141285
1.2059451876322761e-07,0.9809559593255591,-1.1533452210106608e-22,1.2709732296330191e-20,-0.024867532378294754,-0.007425985435233429
1.206429787927588e-07,1.0609150080520349,-9.942301261332768e-23,1.0956302166864522e-20,-0.020107915247308483,-0.007426065719016606
1.2073989885182123e-07,1.22083310550503,-7.376048270458112e-23,8.128320750329281e-21,-0.012104165331805916,-0.00742622640296986
1.2083989885182124e-07,1.3858331055050426,-5.419704631328775e-23,5.972452456950802e-21,-0.005964055623195463,-0.007426392114325608
1.2093989885182125e-07,1.5508331055050548,-3.982240518746287e-23,4.388383461503124e-21,-0.0019750570261294342,-0.007426557903301045
1.2103989885182126e-07,1.7158331055050675,-2.926033912895436e-23,3.2244558736975092e-21,-0.0001371695402099249,-0.007426723614656794
1.2113989885182126e-07,1.8808331055050798,-2.1499641769778758e-23,2.3692359094483307e-21,-2.0881933835426025e-06,-0.007426889403603809
1.2123989885182127e-07,2.0458331055050922,-1.579730823322556e-23,1.7408452819615324e-21,-2.0881933835426025e-06,-0.007427055115016401
1.2133989885182128e-07,2.2108331055051043,-1.1607400257539952e-23,1.2791222198018179e-21,-2.0881933835426025e-06,-0.007427220903963416
1.2143989885182129e-07,2.375833105505117,-8.528778368415814e-24,9.398616121400294e-22,-2.0881933835426025e-06,-0.007427386615319165
1.215398988518213e-07,2.540833105505129,-6.266697007395039e-24,6.905828358695204e-22,-2.0881933835426025e-06,-0.00742755240426618
1.216398988518213e-07,2.7058331055051417,-4.6045857549685674e-24,5.074200786982828e-22,-2.0881933835426025e-06,-0.00742771811565035
1.217398988518213e-07,2.870833105505154,-3.383314998290342e-24,3.728374394680426e-22,-2.0881933835426025e-06,-0.0074278839045973655
1.2183989885182132e-07,3.035833105505166,-2.48596094997336e-24,2.739500506674703e-22,-2.0881933835426025e-06,-0.007428049616009957
1.2193989885182132e-07,3.200833105505179,-1.8266114292981605e-24,2.0129048833665286e-22,-2.0881933835426025e-06,-0.007428215404956973
1.22e-07,3.3000000000000003,-1.5191717878178143e-24,1.6741099181373707e-22,-2.0881933835426025e-06,-0.007428314983940254
1.2200028040459272e-07,3.3000000000000003,-1.517870333019859e-24,1.672675729849802e-22,-2.088011484602248e-06,-3.315003368697944e-06
1.2200084121377813e-07,3.3000000000000003,-1.5152696533033448e-24,1.6698098105757318e-22,-2.088011484602248e-06,-3.315003368697944e-06
1.22001962832149e-07,3.3000000000000003,-1.5100816502399405e-24,1.6640926905939611e-22,-2.0881861075849883e-06,-3.315003368697944e-06
1.2200420606889072e-07,3.3000000000000003,-1.4997588413341636e-24,1.6527170733582625e-22,-2.0881570037545316e-06,-3.315003368697944e-06
1.2200869254237416e-07,3.3000000000000003,-1.4793242003336356e-24,1.6301983329198614e-22,-2.0881861075849883e-06,-3.3150033118545252e-06
1.2201766548934102e-07,3.3000000000000003,-1.4392845497482044e-24,1.5860750963634446e-22,-2.08817155566976e-06,-3.315003368697944e-06
1.2203561138327477e-07,3.3000000000000003,-1.3624129986169485e-24,1.5013635270703193e-22,-2.088204297479024e-06,-3.3150033118545252e-06
1.2207150317114227e-07,3.3000000000000003,-1.2206665548665908e-24,1.3451605688229239e-22,-2.088191564553199e-06,-3.315003368697944e-06
1.2214328674687725e-07,3.3000000000000003,-9.792281866138695e-25,1.0790982510838243e-22,-2.0881924740479008e-06,-3.3150033118545252e-06
1.2224328674687725e-07,3.3000000000000003,-7.1950824391627e-25,7.928898476005414e-23,-2.0881933835426025e-06,-3.315003368697944e-06
1.2234328674687726e-07,3.3000000000000003,-5.286736229005685e-25,5.825922799861663e-23,-2.0881933835426025e-06,-3.315003368697944e-06
1.2244328674687727e-07,3.3000000000000003,-3.8845392240327276e-25,4.280717753249334e-23,-2.0881933835426025e-06,-3.315003368697944e-06
1.2254328674687728e-07,3.3000000000000003,-2.8542458578247646e-25,3.1453462588654854e-23,-2.0881933835426025e-06,-3.315003368697944e-06
1.2264328674687728e-07,3.3000000000000003,-2.0972164128260403e-25,2.3111084772289752e-23,-2.0881933835426025e-06,-3.315003368697944e-06
1.227432867468773e-07,3.3000000000000003,-1.5409733082980056e-25,1.6981349441146078e-23,-2.0881933835426025e-06,-3.315003368697944e-06
1.228432867468773e-07,3.3000000000000003,-1.132262136784609e-25,1.2477399121830231e-23,-2.0881933835426025e-06,-3.315003368697944e-06
1.229432867468773e-07,3.3000000000000003,-8.319531165744112e-26,9.168028099593867e-24,-2.0881933835426025e-06,-3.315003368697944e-06
1.2304328674687731e-07,3.3000000000000003,-6.112948280184852e-26,6.736399021482417e-24,-2.0881933835426025e-06,-3.315003368697944e-06
1.2314328674687732e-07,3.3000000000000003,-4.49161568503966e-26,4.949709063243327e-24,-2.0881933835426025e-06,-3.315003368697944e-06
1.2324328674687733e-07,3.3000000000000003,-3.300307893570686e-26,3.6369015155758586e-24,-2.0881933835426025e-06,-3.315003368697944e-06
1.2334328674687734e-07,3.3000000000000003,-2.4249697561281047e-26,2.6722889093062917e-24,-2.0881933835426025e-06,-3.315003368697944e-06
1.2344328674687734e-07,3.3000000000000003,-1.7817968831294288e-26,1.963519766542455e-24,-2.0881933835426025e-06,-3.315003368697944e-06
1.2354328674687735e-07,3.3000000000000003,-1.3092122591259004e-26,1.4427369212125255e-24,-2.0881933835426025e-06,-3.315003368697944e-06
1.2364328674687736e-07,3.3000000000000003,-9.619708933564989e-27,1.0600809114822788e-24,-2.0881933835426025e-06,-3.315003368697944e-06
1.2374328674687737e-07,3.3000000000000003,-7.068280893458861e-27,7.7891646243075475e-25,-2.0881933835426025e-06,-3.315003368697944e-06
1.2384328674687737e-07,3.3000000000000003,-5.193566160244872e-27,5.723250450734896e-25,-2.0881933835426025e-06,-3.315003368697944e-06
1.2394328674687738e-07,3.3000000000000003,-3.8160805813255035e-27,4.205277112723645e-25,-2.0881933835426025e-06,-3.315003368697944e-06
1.240432867468774e-07,3.3000000000000003,-2.8039444485399623e-27,3.0899146817044413e-25,-2.0881933835426025e-06,-3.315003368697944e-06
1.241432867468774e-07,3.3000000000000003,-2.060256407841198e-27,2.2703789748659277e-25,-2.0881933835426025e-06,-3.315003368697944e-06
1.242432867468774e-07,3.3000000000000003,-1.5138161771539022e-27,1.6682080964998998e-25,-2.0881933835426025e-06,-3.315003368697944e-06
1.243432867468774e-07,3.3000000000000003,-1.112307870756899e-27,1.2257505394632015e-25,-2.0881933835426025e-06,-3.315003368697944e-06
1.2444328674687742e-07,3.3000000000000003,-8.17291305256062e-28,9.00645661741289e-26,-2.0881933835426025e-06,-3.315003368697944e-06
1.2444708148221917e-07,3.3000000000000003,-1.8750425654865545e-15,-1.0719112267285298e-17,-2.088186107640246e-06,-3.3150033118545252e-06
1.244546709529027e-07,3.3000000000000003,1.3481939252437667e-15,-1.6464855451991388e-17,-2.0881715557111147e-06,-3.315003368697944e-06
1.2446984989426976e-07,3.3000000000000003,-3.9973048908787746e-16,5.598197946987641e-18,-2.0882006594879335e-06,-3.3150033118545252e-06
1.2450020777700386e-07,3.3000000000000003,2.2910824157476665e-16,-2.397117516878427e-18,-2.088191564553199e-06,-3.3150033118545252e-06
1.2450173173114342e-07,3.3000000000000003,-4.9067992671746175e-15,-1.3160391034738747e-17,-2.088157003851129e-06,-3.3150033118545252e-06
1.2450477963942256e-07,3.3000000000000003,2.1236955366649815e-15,-2.582944128886753e-17,-2.088157003819671e-06,-3.315003368697944e-06
1.245108754559808e-07,3.3000000000000003,3.17191982006401e-16,-3.0187506236114685e-18,-2.088186107594692e-06,-3.3150033118545252e-06
1.245230670890973e-07,3.3000000000000003,-6.142212480967833e-17,1.7296858401810379e-18,-2.088171555667846e-06,-3.3150033118545252e-06
1.2452367910431638e-07,3.3000000000000003,-8.038704095317982e-15,-5.776758133118064e-18,-2.0881279000307337e-06,-3.315003368697944e-06
1.2452490313475455e-07,3.3000000000000003,1.5099943519677708e-15,-1.7839018370279306e-17,-2.088186107631288e-06,-3.315003368697944e-06
1.2452735119563093e-07,3.3000000000000003,8.180470346253401e-16,-9.103950091390078e-18,-2.0881570037795974e-06,-3.3150033118545252e-06
1.2452747408731895e-07,3.3000000000000003,-9.564604516332448e-15,-1.072895307010639e-17,-2.0887099766727074e-06,-3.315003425541363e-06
1.2452771987069497e-07,3.3000000000000003,1.198077561749585e-15,-1.3835673929033626e-17,-2.0882443152826275e-06,-3.315003368697944e-06
1.2452821143744705e-07,3.3000000000000003,1.0631246177218817e-15,-1.2132194002292353e-17,-2.0881278999566594e-06,-3.315003368697944e-06
1.2452919457095122e-07,3.3000000000000003,8.363906468993777e-16,-9.27080142623846e-18,-2.088244315271529e-06,-3.315003368697944e-06
1.2452924392386373e-07,3.3000000000000003,-9.95551881220622e-15,-9.951182256483028e-18,-2.0868473315252133e-06,-3.3150031413242687e-06
1.2452934262968873e-07,3.3000000000000003,9.983465227414624e-16,-1.1287421128410956e-17,-2.088244315276498e-06,-3.3150032550111064e-06
1.2452954004133872e-07,3.3000000000000003,9.516097276368385e-16,-1.0697596614089385e-17,-2.0880114846314096e-06,-3.315003368697944e-06
1.2452993486463873e-07,3.3000000000000003,8.645497745074323e-16,-9.598997135144941e-18,-2.087895069306911e-06,-3.315003368697944e-06
1.2453072451123875e-07,3.3000000000000003,7.132789598679467e-16,-7.69054301074484e-18,-2.0881278999459232e-06,-3.315003368697944e-06
1.2453076415118523e-07,3.3000000000000003,-1.0133110840282748e-14,-8.255344049080859e-18,-2.086847331521623e-06,-3.315003368697944e-06
1.2453084343107818e-07,3.3000000000000003,8.479372835853875e-16,-9.368569260249736e-18,-2.087778653984574e-06,-3.3150033118545252e-06
1.2453100199086411e-07,3.3000000000000003,8.159064772028171e-16,-8.96443958074113e-18,-2.0882443152708986e-06,-3.3150032550111064e-06
1.245310099505025e-07,3.3000000000000003,-1.0215502710723934e-14,-9.077580968874623e-18,-2.083122041226761e-06,-3.315003482384782e-06
1.2453102586977928e-07,3.3000000000000003,8.430990312238195e-16,-9.303199686642134e-18,-2.083122041111348e-06,-3.3150037097584573e-06
1.2453102666892067e-07,3.3000000000000003,0.45325639880762175,5.488113730670589e-07,-0.013737636642284706,-3.315010303595045e-06
1.24531026923006e-07,3.3000000000000003,0.4533411328113836,8.978307386148703e-07,-0.013740074638344058,-3.3150321314678877e-06
1.245310270083289e-07,3.3000000000000003,0.45336958565101115,1.0150474306583158e-06,-0.013740694903464672,-3.3150175795526593e-06
1.2453102716657992e-07,3.3000000000000003,0.4534223564385212,1.2324722418983598e-06,-0.01374276431952798,-3.3150175795526593e-06
1.245310274830819e-07,3.3000000000000003,0.4535278918824398,1.6673974670581166e-06,-0.013745710870694712,-3.315003027637431e-06
1.245310281160859e-07,3.3000000000000003,0.45373893825117667,2.5375502983372686e-06,-0.013752080057971837,-3.315010303595045e-06
1.245310293820939e-07,3.3000000000000003,0.45416093292822485,4.279065246703153e-06,-0.013764875028925908,-3.315006665616238e-06
1.245310319141099e-07,3.3000000000000003,0.4550045301954677,7.766930383081029e-06,-0.013790303930870159,-3.3150048466268345e-06
1.2453103697814189e-07,3.3000000000000003,0.4566901575944185,1.4761986396365433e-05,-0.013841188164419649,-3.3150039371321327e-06
1.2453104710620584e-07,3.3000000000000003,0.46005515354767673,2.8829279810112236e-05,-0.01394273482214117,-3.315003482384782e-06
1.2453106736233377e-07,3.3000000000000003,0.46676018743263725,5.727162229212224e-05,-0.01414506620830731,-3.3150037097584573e-06
1.245311078745896e-07,3.3000000000000003,0.480071038546054,0.00011537961377858645,-0.014546677795586934,-3.315003368697944e-06
1.2453118889910132e-07,3.3000000000000003,0.5063007432141817,0.0002364277758190356,-0.015337876365915088,-3.3150033118545252e-06
1.2453133823420736e-07,3.3000000000000003,0.5533061755238233,0.0004760188641411802,-0.016755070540736234,-3.315003368697944e-06
1.2453147651230334e-07,3.3000000000000003,0.5953250270186954,0.0007164213600389808,-0.018021127096975186,-3.315003368697944e-06
1.2453161648039132e-07,3.3000000000000003,0.6364337666250603,0.0009772847818680405,-0.01925898216992224,-3.3150033118545252e-06
1.2453176543251907e-07,3.3000000000000003,0.6786622637458738,0.0012735742995225842,-0.02052969735614604,-3.315003368697944e-06
1.2453193190555266e-07,3.3000000000000003,0.7240728449243428,0.0016266572669516423,-0.021895121966092546,-3.3150032550111064e-06
1.2453211313798948e-07,3.3000000000000003,0.7714518418738289,0.0020363144397068755,-0.023318481973225894,-3.3150033118545252e-06
1.2453231253063047e-07,3.3000000000000003,0.8212085012366729,0.0025160978253503043,-0.024811770163068337,-3.3150033118545252e-06
1.2453252774169646e-07,3.3000000000000003,0.872257916857982,0.0030664785538569717,-0.026342095230006767,-3.315003368697944e-06
1.24532762411898e-07,3.3000000000000003,0.9249443843865682,0.0037030864493482786,-0.02791941615742093,-3.3150033118545252e-06
1.2453301511239761e-07,3.3000000000000003,0.9783968932182178,0.004428723387808683,-0.029517253606732727,-3.315003425541363e-06
1.2453328939338922e-07,3.3000000000000003,1.0327944658255928,0.00526050216035637,-0.031140513878156157,-3.315003368697944e-06
1.2453358452337189e-07,3.3000000000000003,1.0873907033513455,0.006203451941696993,-0.03276642567881242,-3.315003425541363e-06
1.2453390407545617e-07,3.3000000000000003,1.142225614478141,0.0072764383273280836,-0.0343956297483703,-3.315003368697944e-06
1.2453424806021506e-07,3.3000000000000003,1.1966537632382632,0.008487220752135682,-0.03600833140846524,-3.3150033118545252e-06
1.2453462025226591e-07,3.3000000000000003,1.2506085160548042,0.009856954101568602,-0.037601870918073745,-3.315003368697944e-06
1.2453502057943752e-07,3.3000000000000003,1.3034115649959026,0.011393221696236992,-0.03915546243342733,-3.315003368697944e-06
1.2453543724407685e-07,3.3000000000000003,1.3531410331573197,0.013054895732867482,-0.04061211198490242,-3.315003368697944e-06
1.245358782722484e-07,3.3000000000000003,1.4005358015887126,0.014876305752177802,-0.04199317024068632,-3.315003368697944e-06
1.2453633835173324e-07,3.3000000000000003,1.4448155423854596,0.0168376645906065,-0.043275589847767214,-3.315003368697944e-06
1.2453682507581387e-07,3.3000000000000003,1.4865360656384345,0.018973012314263668,-0.04447518222552119,-3.315003368697944e-06
1.2453733401762497e-07,3.3000000000000003,1.5251558155330769,0.021264372061584602,-0.04557608115282168,-3.315003368697944e-06
1.245378720183623e-07,3.3000000000000003,1.5610715335356466,0.02374343018063821,-0.046589349186253105,-3.3150033118545252e-06
1.245384359481583e-07,3.3000000000000003,1.593967247016319,0.026396377217759896,-0.04750582954997865,-3.315003368697944e-06
1.2453903241710254e-07,3.3000000000000003,1.624153818180232,0.029254430695834426,-0.048333996752599494,-3.3150033118545252e-06
1.245396595975947e-07,3.3000000000000003,1.6514774930240899,0.03230867445239653,-0.049069461381931585,-3.315003368697944e-06
1.2454032416842852e-07,3.3000000000000003,1.6761940646871705,0.035591021882673636,-0.049719007928588695,-3.3150033118545252e-06
1.2454102569959462e-07,3.3000000000000003,1.698264198913233,0.03909843197507621,-0.05028153696526554,-3.315003368697944e-06
1.2454177135026225e-07,3.3000000000000003,1.7179105514488986,0.04286533598270011,-0.05076275196336008,-3.315003368697944e-06
1.2454256235059666e-07,3.3000000000000003,1.7351729981582986,0.04689622812703584,-0.051163725424802665,-3.315003368697944e-06
1.2454340691185836e-07,3.3000000000000003,1.7502544120047794,0.05123074741308574,-0.0514894040359588,-3.3150033118545252e-06
1.2454430843775823e-07,3.3000000000000003,1.763247484701042,0.0558836966760009,-0.0517421479839501,-3.315003368697944e-06
1.2454527706818288e-07,3.3000000000000003,1.77434265545053,0.06090414089862773,-0.05192624175935456,-3.3150033118545252e-06
1.2454631934140282e-07,3.3000000000000003,1.783665655891695,0.06632203838301089,-0.052044587477397784,-3.315003368697944e-06
1.2454744880000464e-07,3.3000000000000003,1.791397691320755,0.07220298954238864,-0.052100688672184266,-3.315003368697944e-06
1.2454867694417548e-07,3.3000000000000003,1.7976825376230403,0.07860101817693994,-0.052097265189387156,-3.315003368697944e-06
1.2455002343226303e-07,3.3000000000000003,1.8026924565313556,0.08561124875137213,-0.05203665475249452,-3.315003368697944e-06
1.2455150853004964e-07,3.3000000000000003,1.8065778258733804,0.09332999732593635,-0.05192049565990163,-3.315003368697944e-06
1.2455316438931053e-07,3.3000000000000003,1.8095009796319403,0.10191245725274667,-0.051749004398554184,-3.3150033118545252e-06
1.245550275852741e-07,3.3000000000000003,1.8116065972049988,0.11153237161222279,-0.05152130054094441,-3.3150033118545252e-06
1.2455715439906e-07,3.3000000000000003,1.8130410416650327,0.12245857675263663,-0.051233672892972544,-3.315003368697944e-06
1.245596183761988e-07,3.3000000000000003,1.8139368843479893,0.1350378576086205,-0.05087963017872398,-3.315003368697944e-06
1.2456253455158733e-07,3.3000000000000003,1.814418292737352,0.14981096509663203,-0.05044654888381452,-3.3150033118545252e-06
1.245660737020944e-07,3.3000000000000003,1.8145924519390026,0.1675690854758258,-0.04991370176409062,-3.3150033118545252e-06
1.2457052478527933e-07,3.3000000000000003,1.8145470415991034,0.1896352304023074,-0.049243654589402185,-3.3150033118545252e-06
1.2457639462125747e-07,3.3000000000000003,1.814341237409646,0.2182815551851039,-0.04836934745232977,-3.3150033118545252e-06
1.2458471392312633e-07,3.3000000000000003,1.813991446759224,0.2580130046673909,-0.04715476404638045,-3.3150033118545252e-06
1.2459799488752117e-07,3.3000000000000003,1.8134344419576918,0.3193876657694108,-0.04527804636987353,-3.3150033118545252e-06
1.2461765110187026e-07,3.3000000000000003,1.8126505558079713,0.4057831078866969,-0.042636247759736144,-3.315003368697944e-06
1.246362201581652e-07,3.3000000000000003,1.8119520683104045,0.4827619075264187,-0.04028238987889793,-3.315003368697944e-06
1.246584626834108e-07,3.3000000000000003,1.8111659088246597,0.5694050044536144,-0.037633017686300584,-3.315003368697944e-06
1.2467988357762734e-07,3.3000000000000003,1.8104577228686167,0.6474538116217685,-0.03524644142887278,-3.315003368697944e-06
1.2470482371696524e-07,3.3000000000000003,1.8096894899503682,0.732120771590088,-0.03265749541075261,-3.315003368697944e-06
1.2472938124385915e-07,3.3000000000000003,1.8089882151539187,0.8094081023243873,-0.030294203641901846,-3.315003368697944e-06
1.247571573575696e-07,3.3000000000000003,1.808255909673098,0.8901154139719787,-0.027826335712961014,-3.315003368697944e-06
1.247848758896107e-07,3.3000000000000003,1.8075846052372149,0.9640997601144699,-0.025564042599877625,-3.315003368697944e-06
1.2481472630435385e-07,3.3000000000000003,1.806922523273652,1.0370677259457945,-0.02333282837005255,-3.315003368697944e-06
1.2484298748491515e-07,3.3000000000000003,1.8063490757587992,1.100267287088138,-0.021400312382783167,-3.3150033118545252e-06
1.2487245694984577e-07,3.3000000000000003,1.8058016145218125,1.160602912877236,-0.019555369804205296,-3.3150033118545252e-06
1.2490078909932146e-07,3.3000000000000003,1.8053198638021764,1.2136965873590264,-0.017931871589100947,-3.315003368697944e-06
1.2493009927591604e-07,3.3000000000000003,1.8048635211810324,1.2639900417636714,-0.016393998493794602,-3.3150033118545252e-06
1.2495856598087838e-07,3.3000000000000003,1.80445782902086,1.3087013147710136,-0.015026817327228742,-3.3150033118545252e-06
1.2498776690172913e-07,3.3000000000000003,1.804076796743074,1.3506948265303997,-0.013742739852375351,-3.3150033118545252e-06
1.2501632875628116e-07,3.3000000000000003,1.8037356400991387,1.388293650139155,-0.012593043139953271,-3.3150033118545252e-06
1.2504544432373304e-07,3.3000000000000003,1.803417230101601,1.4233855694288382,-0.011520002540082992,-3.315003368697944e-06
1.2507407818387006e-07,3.3000000000000003,1.803130576729827,1.4549775954756132,-0.010553981666774119,-3.3150033118545252e-06
1.2510313004344975e-07,3.3000000000000003,1.802864298535279,1.4843240762802836,-0.00965662506721469,-3.315003368697944e-06
1.2513181862560836e-07,3.3000000000000003,1.8026235875398808,1.5108527998428876,-0.00884542983988645,-3.3150033118545252e-06
1.2516082265745422e-07,3.3000000000000003,1.8024007839737288,1.5354079482199818,-0.008094582586654912,-3.3150033118545252e-06
1.251895527221343e-07,3.3000000000000003,1.8021987462847857,1.557674492271455,-0.007413716273147482,-3.3150033118545252e-06
1.2521852087158556e-07,3.3000000000000003,1.8020122425795742,1.5782290383901822,-0.00678519942526007,-3.3150033118545252e-06
1.2524728242945e-07,3.3000000000000003,1.8018427244919288,1.596911601900803,-0.006213924055811744,-3.315003368697944e-06
1.2527622370658052e-07,3.3000000000000003,1.801686558139182,1.6141226728049178,-0.005687643984614039,-3.315003368697944e-06
1.2530500922580395e-07,3.3000000000000003,1.8015443631811534,1.6297939582731424,-0.005208447464065451,-3.3150033118545252e-06
1.2533393043830264e-07,3.3000000000000003,1.8014135688620807,1.644208781047792,-0.004767671059509355,-3.3150033118545252e-06
1.2536273425511608e-07,3.3000000000000003,1.801294317024238,1.65735150861656,-0.004365792774572611,-3.315003368697944e-06
1.2539164056560753e-07,3.3000000000000003,1.801184753314538,1.6694265089705882,-0.003996563451001667,-3.315003368697944e-06
1.2542045843882992e-07,3.3000000000000003,1.8010847579068703,1.6804469882629185,-0.0036595792709836344,-3.315003368697944e-06
1.2544935377789628e-07,3.3000000000000003,1.8009929664709037,1.6905633089523928,-0.003350242446250269,-3.3150033118545252e-06
1.2547818254941223e-07,3.3000000000000003,1.8009091276303175,1.6998031752628349,-0.0030677058426988486,-3.3150033118545252e-06
1.2550706993231262e-07,3.3000000000000003,1.8008322179420755,1.708279380727502,-0.0028085204581804733,-3.3150033118545252e-06
1.2553590727278813e-07,3.3000000000000003,1.8007619312848804,1.716025662997152,-0.0025716546627714996,-3.315003368697944e-06
1.2556478902956206e-07,3.3000000000000003,1.8006974857767994,1.7231281929068663,-0.0023544735268963045,-3.3150033118545252e-06
1.2559363324900524e-07,3.3000000000000003,1.8006385644936522,1.7296218989531766,-0.002155909003446192,-3.3150033118545252e-06
1.2562251121217562e-07,3.3000000000000003,1.8005845601170825,1.7355737133335571,-0.0019739144380409397,-3.315003368697944e-06
1.2565136110992445e-07,3.3000000000000003,1.800535168861868,1.7410171163798938,-0.0018074660764751075,-3.3150033118545252e-06
1.2568023674731084e-07,3.3000000000000003,1.8004899120568645,1.7460048622040496,-0.0016549508018432373,-3.3150033118545252e-06
1.257090915145168e-07,3.3000000000000003,1.8004485109648696,1.7505676704913349,-0.0015154292622900295,-3.315003368697944e-06
1.2573796603634824e-07,3.3000000000000003,1.800410583582763,1.7547476417461445,-0.0013876141159277343,-3.3150033118545252e-06
1.257668251739259e-07,3.3000000000000003,1.8003758810373405,1.7585722041451548,-0.0012706666586744313,-3.315003368697944e-06
1.2579569961644275e-07,3.3000000000000003,1.8003440952884298,1.7620753068676698,-0.0011635487944868113,-3.315003368697944e-06
1.2582456288494916e-07,3.3000000000000003,1.8003150081044763,1.765281001206395,-0.0010655250810537227,-3.3150033118545252e-06
1.2585343817198671e-07,3.3000000000000003,1.8002883689799387,1.7682168951718258,-0.0009757513280575029,-3.315003368697944e-06
1.2588230555117015e-07,3.3000000000000003,1.800263988900289,1.770903820199357,-0.0008935905392281113,-3.3150033118545252e-06
1.2591118256360947e-07,3.3000000000000003,1.8002416627662854,1.7733643801700611,-0.000818351545821702,-3.315003368697944e-06
1.2594005422371973e-07,3.3000000000000003,1.8002212283025043,1.775616459401294,-0.0007494874740286742,-3.315003368697944e-06
1.2596893383236665e-07,3.3000000000000003,1.8002025166708515,1.7776786656141044,-0.0006864293388003992,-3.315003368697944e-06
1.2599781013649683e-07,3.3000000000000003,1.8001853894288724,1.779566256415749,-0.0006287105930790111,-3.3150033118545252e-06
1.2602669324460135e-07,3.3000000000000003,1.8001697070054945,1.7812946139912822,-0.0005758608786792188,-3.3150033118545252e-06
1.2605557474054258e-07,3.3000000000000003,1.800155351825335,1.7828766963260583,-0.0005274839717418792,-3.3150033118545252e-06
1.260844623262989e-07,3.3000000000000003,1.8001422081386091,1.784325260092097,-0.0004831897915416676,-3.315003368697944e-06
1.2611334975026913e-07,3.3000000000000003,1.8001301764219169,1.785651273851651,-0.0004426429486913085,-3.3150033118545252e-06
1.2614224291486837e-07,3.3000000000000003,1.8001191604398454,1.786865343589534,-0.0004055191261665383,-3.315003368697944e-06
1.2617113720873623e-07,3.3000000000000003,1.8001090761627137,1.7879767303242422,-0.00037153514783228226,-3.315003368697944e-06
1.2620003720117324e-07,3.3000000000000003,1.8000998434221704,1.7889942692812961,-0.0003404208429159349,-3.3150033118545252e-06
1.2622893953944368e-07,3.3000000000000003,1.8000913914003014,1.7899257653761267,-0.00031193756004011306,-3.3150033118545252e-06
1.2625784781250944e-07,3.3000000000000003,1.8000836532151079,1.7907785896364548,-0.0002858599024492081,-3.3150033118545252e-06
1.2628675963156613e-07,3.3000000000000003,1.8000765692673255,1.791559310483883,-0.00026198702279072844,-3.3150033118545252e-06
1.2631567788020921e-07,3.3000000000000003,1.8000700836946113,1.7922740844996385,-0.00024013066515166622,-3.3150033118545252e-06
1.2634460093040737e-07,3.3000000000000003,1.8000641463904623,1.7929284339615212,-0.00022012197109947583,-3.3150033118545252e-06
1.263735311485118e-07,3.3000000000000003,1.800058710659177,1.793527505051832,-0.00020180357713488764,-3.3150033118545252e-06
1.2640246753958058e-07,3.3000000000000003,1.8000537344036167,1.7940759374604414,-0.00018503361267628403,-3.315003368697944e-06
1.2643141210223753e-07,3.3000000000000003,1.800049178569741,1.7945780352901877,-0.00016968046492963558,-3.315003368697944e-06
1.2646036432783257e-07,3.3000000000000003,1.800045007811505,1.795037693862272,-0.0001556250265510344,-3.3150033118545252e-06
1.264893260652384e-07,3.3000000000000003,1.8000411894400201,1.795458516124234,-0.00014275712470335805,-3.3150033118545252e-06
1.2651829715874696e-07,3.3000000000000003,1.8000376937992864,1.7958437700837515,-0.00013097683030776304,-3.3150033118545252e-06
1.265472793887e-07,3.3000000000000003,1.800034493518692,1.7961964726081794,-0.00012019189361103666,-3.3150033118545252e-06
1.2657627298718015e-07,3.3000000000000003,1.800031563717614,1.7965193654906246,-0.00011031847606224778,-3.3150033118545252e-06
1.2660527967403427e-07,3.3000000000000003,1.8000288814796752,1.7968149746179813,-0.00010127934106375629,-3.3150033118545252e-06
1.2663430008422652e-07,3.3000000000000003,1.800026425931508,1.7970856001714757,-9.300415186769548e-05,-3.3150033118545252e-06
1.266634068322706e-07,3.3000000000000003,1.8000241726281474,1.797333936387933,-8.541052967321516e-05,-3.3150033118545252e-06
1.2669378485759264e-07,3.3000000000000003,1.8000220252964023,1.7975705935403394,-7.817402619701572e-05,-3.3150033118545252e-06
1.267248037199816e-07,3.3000000000000003,1.8000200291680382,1.7977905865669233,-7.144708188340095e-05,-3.315003368697944e-06
1.2675710470302695e-07,3.3000000000000003,1.800018142294076,1.7979985386440693,-6.508832388739821e-05,-3.315003368697944e-06
1.2679016251810908e-07,3.3000000000000003,1.800016394893392,1.7981911194069566,-5.9199589943279124e-05,-3.315003368697944e-06
1.268245668384305e-07,3.3000000000000003,1.8000147545175573,1.7983719049886857,-5.367152902643606e-05,-3.3150033118545252e-06
1.2685991705794254e-07,3.3000000000000003,1.8000132395775694,1.798538866364728,-4.8566184523753084e-05,-3.315003368697944e-06
1.2689672946381502e-07,3.3000000000000003,1.800011826755501,1.7986945731804276,-4.380498018489399e-05,-3.3150033118545252e-06
1.2693469569260986e-07,3.3000000000000003,1.8000105271023197,1.7988378078444707,-3.9425152916977505e-05,-3.315003368697944e-06
1.269742788671e-07,3.3000000000000003,1.8000093235855008,1.7989704472022923,-3.536930704400686e-05,-3.3150033118545252e-06
1.2701525535951165e-07,3.3000000000000003,1.8000082221114326,1.799091840554058,-3.1657341496262826e-05,-3.3150033118545252e-06
1.270580551054545e-07,3.3000000000000003,1.8000072099359796,1.7992033922091135,-2.8246315324744502e-05,-3.315003368697944e-06
1.2710253398903654e-07,3.3000000000000003,1.8000062894776778,1.7993048358306276,-2.5144372574766647e-05,-3.315003368697944e-06
1.271491076128484e-07,3.3000000000000003,1.8000054509223236,1.7993972528411069,-2.2318445529429246e-05,-3.3150033118545252e-06
1.2719771177135602e-07,3.3000000000000003,1.8000046943441443,1.7994806352744892,-1.9768777720901915e-05,-3.315003368697944e-06
1.2724876861516907e-07,3.3000000000000003,1.800004011916017,1.7995558455224114,-1.7468998968508703e-05,-3.3150033118545252e-06
1.2730230083736728e-07,3.3000000000000003,1.8000034021616993,1.7996230464741458,-1.5414128534116966e-05,-3.315003368697944e-06
1.273587626855827e-07,3.3000000000000003,1.800002858597402,1.7996829526361546,-1.3582317154230256e-05,-3.3150033118545252e-06
1.2741827972525914e-07,3.3000000000000003,1.8000023787463184,1.7997358369323742,-1.1965222188779958e-05,-3.3150033118545252e-06
1.2748137332350163e-07,3.3000000000000003,1.8000019570285304,1.7997823143962004,-1.0544034447981906e-05,-3.3150033118545252e-06
1.275483027014687e-07,3.3000000000000003,1.800001590347693,1.7998227262280562,-9.3083215886718e-06,-3.3150033118545252e-06
1.2761970754864963e-07,3.3000000000000003,1.8000012737424906,1.799857619246895,-8.24136298754277e-06,-3.3150033118545252e-06
1.2769603706994963e-07,3.3000000000000003,1.8000010037567382,1.7998873743351338,-7.3315120011567255e-06,-3.3150033118545252e-06
1.277781332475375e-07,3.3000000000000003,1.8000007758657002,1.799912490181206,-6.563520633948838e-06,-3.315003368697944e-06
1.278667375315196e-07,3.3000000000000003,1.8000005864411806,1.7999333666258532,-5.925160289729839e-06,-3.3150033118545252e-06
1.279630429463787e-07,3.3000000000000003,1.800000431288503,1.7999504659644356,-5.402296819266226e-06,-3.3150033118545252e-06
1.280630429463787e-07,3.3000000000000003,1.8000003121243673,1.7999635990544354,-5.000712771197959e-06,-3.315003368697944e-06
1.2816304294637872e-07,3.3000000000000003,1.8000002245655875,1.7999732488677354,-4.705640802418552e-06,-3.315003368697944e-06
1.2826304294637872e-07,3.3000000000000003,1.8000001602303257,1.7999803392704243,-4.488830497162574e-06,-3.315003368697944e-06
1.2836304294637873e-07,3.3000000000000003,1.8000001129583136,1.7999855490925019,-4.329524568385312e-06,-3.315003368697944e-06
1.2846304294637874e-07,3.3000000000000003,1.8000000782244907,1.799989377118528,-4.212471204899967e-06,-3.315003368697944e-06
1.2856304294637875e-07,3.3000000000000003,1.800000052702849,1.7999921898409332,-4.126463784015524e-06,-3.315003368697944e-06
1.2866304294637875e-07,3.3000000000000003,1.8000000339504885,1.7999942565477054,-4.06326803397409e-06,-3.315003368697944e-06
1.2876304294637876e-07,3.3000000000000003,1.8000000201716277,1.7999957751038507,-4.016833626070065e-06,-3.315003368697944e-06
1.2886304294637877e-07,3.3000000000000003,1.8000000100474656,1.799996890894823,-3.982714975520815e-06,-3.315003368697944e-06
1.2896304294637878e-07,3.3000000000000003,1.8000000026084024,1.7999977107456413,-3.957645577720064e-06,-3.315003368697944e-06
1.2906304294637878e-07,3.3000000000000003,1.799999997142499,1.7999983131482225,-3.939225315144388e-06,-3.315003368697944e-06
1.291630429463788e-07,3.3000000000000003,1.7999999931262234,1.7999987557761532,-3.925690638192136e-06,-3.315003368697944e-06
1.292630429463788e-07,3.3000000000000003,1.7999999901752557,1.7999990810063071,-3.915745752783125e-06,-3.315003368697944e-06
1.293630429463788e-07,3.3000000000000003,1.7999999880069064,1.799999319975984,-3.9084385376952566e-06,-3.315003368697944e-06
1.2946304294637881e-07,3.3000000000000003,1.7999999864137204,1.799999495563965,-3.903069409837827e-06,-3.315003368697944e-06
1.2956304294637882e-07,3.3000000000000003,1.799999985243048,1.7999996245809173,-3.89912432911052e-06,-3.315003368697944e-06
1.2966304294637883e-07,3.3000000000000003,1.7999999843829104,1.799999719378828,-3.896225599533637e-06,-3.315003368697944e-06
1.2976304294637884e-07,3.3000000000000003,1.7999999837508733,1.7999997890335813,-3.894095696178428e-06,-3.315003368697944e-06
1.2986304294637884e-07,3.3000000000000003,1.7999999832864988,1.7999998402138715,-3.892530705867959e-06,-3.315003368697944e-06
1.2996304294637885e-07,3.3000000000000003,1.7999999829452664,1.7999998778196633,-3.891380795694419e-06,-3.315003368697944e-06
1.3006304294637886e-07,3.3000000000000003,1.7999999826945585,1.7999999054513076,-3.890535875684679e-06,-3.315003368697944e-06
1.3016304294637887e-07,3.3000000000000003,1.7999999825103288,1.7999999257542378,-3.8899150524587e-06,-3.315003368697944e-06
1.3026304294637887e-07,3.3000000000000003,1.7999999823749766,1.7999999406722418,-3.889458890025391e-06,-3.315003368697944e-06
1.3036304294637888e-07,3.3000000000000003,1.7999999822755117,1.7999999516335585,-3.889123714731387e-06,-3.315003368697944e-06
1.304630429463789e-07,3.3000000000000003,1.799999982202438,1.7999999596876155,-3.888877437956837e-06,-3.315003368697944e-06
1.305630429463789e-07,3.3000000000000003,1.7999999821487367,1.7999999656055028,-3.888696480686574e-06,-3.315003368697944e-06
1.306630429463789e-07,3.3000000000000003,1.7999999821092862,1.7999999699537943,-3.888563518744972e-06,-3.315003368697944e-06
1.307630429463789e-07,3.3000000000000003,1.7999999820802923,1.7999999731487926,-3.888465822003205e-06,-3.315003368697944e-06
1.3086304294637892e-07,3.3000000000000003,1.7999999820589945,1.7999999754963847,-3.888394037439346e-06,-3.315003368697944e-06
1.3096304294637893e-07,3.3000000000000003,1.79999998204334,1.7999999772213273,-3.888341292055293e-06,-3.315003368697944e-06
1.3106304294637893e-07,3.3000000000000003,1.7999999820318422,1.7999999784887653,-3.888302536416479e-06,-3.315003368697944e-06
1.3116304294637894e-07,3.3000000000000003,1.7999999820233905,1.7999999794200416,-3.888274059788643e-06,-3.315003368697944e-06
1.3126304294637895e-07,3.3000000000000003,1.799999982017183,1.7999999801043167,-3.888253136089768e-06,-3.315003368697944e-06
1.3136304294637896e-07,3.3000000000000003,1.7999999820126198,1.7999999806071025,-3.888237761851108e-06,-3.315003368697944e-06
1.3146304294637896e-07,3.3000000000000003,1.7999999820092687,1.7999999809765344,-3.888226465393612e-06,-3.315003368697944e-06
1.3156304294637897e-07,3.3000000000000003,1.7999999820068047,1.7999999812479819,-3.888218165050279e-06,-3.315003368697944e-06
1.3166304294637898e-07,3.3000000000000003,1.799999982004996,1.7999999814474341,-3.8882120662253445e-06,-3.315003368697944e-06
1.3176304294637899e-07,3.3000000000000003,1.7999999820036654,1.7999999815939862,-3.888207584943112e-06,-3.315003368697944e-06
1.31863042946379e-07,3.3000000000000003,1.7999999820026888,1.7999999817016679,-3.888204292253181e-06,-3.315003368697944e-06
1.31963042946379e-07,3.3000000000000003,1.7999999820019705,1.7999999817807895,-3.888201872870688e-06,-3.315003368697944e-06
1.32063042946379e-07,3.3000000000000003,1.7999999820014434,1.7999999818389256,-3.888200095198067e-06,-3.315003368697944e-06
1.3216304294637902e-07,3.3000000000000003,1.7999999820010555,1.7999999818816423,-3.888198788993295e-06,-3.315003368697944e-06
1.3226304294637902e-07,3.3000000000000003,1.7999999820007708,1.7999999819130292,-3.8881978292642395e-06,-3.315003368697944e-06
1.3236304294637903e-07,3.3000000000000003,1.7999999820005612,1.7999999819360917,-3.888197124044285e-06,-3.315003368697944e-06
1.3246304294637904e-07,3.3000000000000003,1.7999999820004078,1.7999999819530368,-3.888196605906391e-06,-3.315003368697944e-06
1.3256304294637905e-07,3.3000000000000003,1.7999999820002948,1.7999999819654877,-3.888196225161015e-06,-3.315003368697944e-06
1.3266304294637905e-07,3.3000000000000003,1.799999982000212,1.7999999819746366,-3.888195945413933e-06,-3.315003368697944e-06
1.3276304294637906e-07,3.3000000000000003,1.7999999820001509,1.7999999819813588,-3.888195739870097e-06,-3.315003368697944e-06
1.3286304294637907e-07,3.3000000000000003,1.799999982000106,1.7999999819862977,-3.888195588855454e-06,-3.315003368697944e-06
1.3296304294637908e-07,3.3000000000000003,1.7999999820000732,1.7999999819899273,-3.888195477870924e-06,-3.315003368697944e-06
1.3306304294637908e-07,3.3000000000000003,1.799999982000049,1.799999981992594,-3.888195396323345e-06,-3.315003368697944e-06
1.331630429463791e-07,3.3000000000000003,1.799999982000031,1.7999999819945531,-3.8881953364182356e-06,-3.315003368697944e-06
1.332630429463791e-07,3.3000000000000003,1.799999982000018,1.7999999819959929,-3.888195292389148e-06,-3.315003368697944e-06
1.333630429463791e-07,3.3000000000000003,1.7999999820000083,1.799999981997051,-3.8881952600301735e-06,-3.315003368697944e-06
1.3346304294637911e-07,3.3000000000000003,1.7999999820000014,1.799999981997828,-3.888195236279545e-06,-3.315003368697944e-06
1.3356304294637912e-07,3.3000000000000003,1.7999999819999961,1.799999981998399,-3.888195218810178e-06,-3.315003368697944e-06
1.3366304294637913e-07,3.3000000000000003,1.7999999819999923,1.7999999819988184,-3.888195205992455e-06,-3.315003368697944e-06
1.3376304294637914e-07,3.3000000000000003,1.7999999819999897,1.7999999819991266,-3.888195196569299e-06,-3.315003368697944e-06
1.3386304294637914e-07,3.3000000000000003,1.7999999819999877,1.799999981999353,-3.888195189631899e-06,-3.315003368697944e-06
1.3396304294637915e-07,3.3000000000000003,1.799999981999986,1.7999999819995192,-3.888195184562915e-06,-3.315003368697944e-06
1.3406304294637916e-07,3.3000000000000003,1.7999999819999848,1.7999999819996413,-3.888195180816617e-06,-3.315003368697944e-06
1.3416304294637917e-07,3.3000000000000003,1.799999981999984,1.7999999819997314,-3.888195178068723e-06,-3.315003368697944e-06
1.3426304294637917e-07,3.3000000000000003,1.7999999819999835,1.7999999819997978,-3.888195176041635e-06,-3.315003368697944e-06
1.3436304294637918e-07,3.3000000000000003,1.799999981999983,1.7999999819998462,-3.888195174548289e-06,-3.315003368697944e-06
1.344630429463792e-07,3.3000000000000003,1.7999999819999828,1.7999999819998818,-3.88819517347134e-06,-3.315003368697944e-06
1.345630429463792e-07,3.3000000000000003,1.7999999819999826,1.7999999819999077,-3.888195172666938e-06,-3.315003368697944e-06
1.346630429463792e-07,3.3000000000000003,1.7999999819999823,1.799999981999927,-3.8881951720849305e-06,-3.315003368697944e-06
1.347630429463792e-07,3.3000000000000003,1.7999999819999823,1.799999981999941,-3.888195171671059e-06,-3.315003368697944e-06
1.3486304294637922e-07,3.3000000000000003,1.7999999819999821,1.799999981999952,-3.888195171325325e-06,-3.315003368697944e-06
1.3496304294637923e-07,3.3000000000000003,1.7999999819999821,1.7999999819999597,-3.888195171089052e-06,-3.315003368697944e-06
1.3506304294637923e-07,3.3000000000000003,1.7999999819999821,1.7999999819999655,-3.8881951709209175e-06,-3.315003368697944e-06
1.3516304294637924e-07,3.3000000000000003,1.7999999819999821,1.7999999819999695,-3.888195170791582e-06,-3.315003368697944e-06
1.3526304294637925e-07,3.3000000000000003,1.7999999819999821,1.7999999819999726,-3.888195170701048e-06,-3.315003368697944e-06
1.3536304294637926e-07,3.3000000000000003,1.799999981999982,1.7999999819999746,-3.88819517063985e-06,-3.315003368697944e-06
1.3546304294637926e-07,3.3000000000000003,1.7999999819999821,1.7999999819999761,-3.888195170588116e-06,-3.315003368697944e-06
1.3556304294637927e-07,3.3000000000000003,1.799999981999982,1.7999999819999775,-3.888195170549316e-06,-3.315003368697944e-06
1.3566304294637928e-07,3.3000000000000003,1.799999981999982,1.7999999819999786,-3.8881951705269175e-06,-3.315003368697944e-06
1.357630429463793e-07,3.3000000000000003,1.799999981999982,1.7999999819999797,-3.888195170501051e-06,-3.315003368697944e-06
1.358630429463793e-07,3.3000000000000003,1.7999999819999821,1.79999998199998,-3.888195170484648e-06,-3.315003368697944e-06
1.359630429463793e-07,3.3000000000000003,1.799999981999982,1.7999999819999803,-3.8881951704587805e-06,-3.315003368697944e-06
1.360630429463793e-07,3.3000000000000003,1.799999981999982,1.7999999819999803,-3.88819517046225e-06,-3.315003368697944e-06
1.3616304294637932e-07,3.3000000000000003,1.799999981999982,1.7999999819999803,-3.88819517046225e-06,-3.315003368697944e-06
1.3626304294637932e-07,3.3000000000000003,1.799999981999982,1.7999999819999803,-3.88819517046225e-06,-3.315003368697944e-06
1.3636304294637933e-07,3.3000000000000003,1.799999981999982,1.7999999819999803,-3.88819517046225e-06,-3.315003368697944e-06
1.3646304294637934e-07,3.3000000000000003,1.799999981999982,1.7999999819999803,-3.88819517046225e-06,-3.315003368697944e-06
1.3656304294637935e-07,3.3000000000000003,1.799999981999982,1.7999999819999803,-3.88819517046225e-06,-3.315003368697944e-06
1.3666304294637935e-07,3.3000000000000003,1.799999981999982,1.7999999819999803,-3.88819517046225e-06,-3.315003368697944e-06
1.3676304294637936e-07,3.3000000000000003,1.799999981999982,1.7999999819999803,-3.88819517046225e-06,-3.315003368697944e-06
1.3686304294637937e-07,3.3000000000000003,1.799999981999982,1.7999999819999803,-3.88819517046225e-06,-3.315003368697944e-06
1.3696304294637938e-07,3.3000000000000003,1.799999981999982,1.7999999819999803,-3.88819517046225e-06,-3.315003368697944e-06
1.3706304294637938e-07,3.3000000000000003,1.799999981999982,1.7999999819999803,-3.88819517046225e-06,-3.315003368697944e-06
1.371630429463794e-07,3.3000000000000003,1.799999981999982,1.7999999819999803,-3.88819517046225e-06,-3.315003368697944e-06
1.372630429463794e-07,3.3000000000000003,1.799999981999982,1.7999999819999803,-3.88819517046225e-06,-3.315003368697944e-06
1.373630429463794e-07,3.3000000000000003,1.799999981999982,1.7999999819999803,-3.88819517046225e-06,-3.315003368697944e-06
1.3746304294637941e-07,3.3000000000000003,1.799999981999982,1.7999999819999803,-3.88819517046225e-06,-3.315003368697944e-06
1.3756304294637942e-07,3.3000000000000003,1.799999981999982,1.7999999819999803,-3.88819517046225e-06,-3.315003368697944e-06
1.3766304294637943e-07,3.3000000000000003,1.799999981999982,1.7999999819999803,-3.88819517046225e-06,-3.315003368697944e-06
1.3776304294637944e-07,3.3000000000000003,1.799999981999982,1.7999999819999803,-3.88819517046225e-06,-3.315003368697944e-06
1.3786304294637945e-07,3.3000000000000003,1.799999981999982,1.7999999819999803,-3.88819517046225e-06,-3.315003368697944e-06
1.3796304294637945e-07,3.3000000000000003,1.799999981999982,1.7999999819999803,-3.88819517046225e-06,-3.315003368697944e-06
1.3806304294637946e-07,3.3000000000000003,1.799999981999982,1.7999999819999803,-3.88819517046225e-06,-3.315003368697944e-06
1.3816304294637947e-07,3.3000000000000003,1.799999981999982,1.7999999819999803,-3.88819517046225e-06,-3.315003368697944e-06
1.3826304294637948e-07,3.3000000000000003,1.799999981999982,1.7999999819999803,-3.88819517046225e-06,-3.315003368697944e-06
1.3836304294637948e-07,3.3000000000000003,1.799999981999982,1.7999999819999803,-3.88819517046225e-06,-3.315003368697944e-06
1.384630429463795e-07,3.3000000000000003,1.799999981999982,1.7999999819999803,-3.88819517046225e-06,-3.315003368697944e-06
1.385630429463795e-07,3.3000000000000003,1.799999981999982,1.7999999819999803,-3.88819517046225e-06,-3.315003368697944e-06
1.386630429463795e-07,3.3000000000000003,1.799999981999982,1.7999999819999803,-3.88819517046225e-06,-3.315003368697944e-06
1.387630429463795e-07,3.3000000000000003,1.799999981999982,1.7999999819999803,-3.88819517046225e-06,-3.315003368697944e-06
1.3886304294637952e-07,3.3000000000000003,1.799999981999982,1.7999999819999803,-3.88819517046225e-06,-3.315003368697944e-06
1.3896304294637953e-07,3.3000000000000003,1.799999981999982,1.7999999819999803,-3.88819517046225e-06,-3.315003368697944e-06
1.3906304294637954e-07,3.3000000000000003,1.799999981999982,1.7999999819999803,-3.88819517046225e-06,-3.315003368697944e-06
1.3916304294637954e-07,3.3000000000000003,1.799999981999982,1.7999999819999803,-3.88819517046225e-06,-3.315003368697944e-06
1.3926304294637955e-07,3.3000000000000003,1.799999981999982,1.7999999819999803,-3.88819517046225e-06,-3.315003368697944e-06
1.3936304294637956e-07,3.3000000000000003,1.799999981999982,1.7999999819999803,-3.88819517046225e-06,-3.315003368697944e-06
1.3946304294637957e-07,3.3000000000000003,1.799999981999982,1.7999999819999803,-3.88819517046225e-06,-3.315003368697944e-06
1.3956304294637957e-07,3.3000000000000003,1.799999981999982,1.7999999819999803,-3.88819517046225e-06,-3.315003368697944e-06
1.3966304294637958e-07,3.3000000000000003,1.799999981999982,1.7999999819999803,-3.88819517046225e-06,-3.315003368697944e-06
1.397630429463796e-07,3.3000000000000003,1.799999981999982,1.7999999819999803,-3.88819517046225e-06,-3.315003368697944e-06
1.398630429463796e-07,3.3000000000000003,1.799999981999982,1.7999999819999803,-3.88819517046225e-06,-3.315003368697944e-06
1.399630429463796e-07,3.3000000000000003,1.799999981999982,1.7999999819999803,-3.88819517046225e-06,-3.315003368697944e-06
1.4e-07,3.299999999999995,1.7999999820000776,1.7999999819999857,-3.88819515190542e-06,-3.3150033118545252e-06
1.400001878282145e-07,3.299690083446093,1.7999999819996155,1.7999999819999857,-3.888129673679999e-06,0.007421685308202086
1.4000056348464347e-07,3.29907025033829,1.799999981999648,1.7999999819999857,-3.888129674666893e-06,0.00742168593092174
1.4000131479750138e-07,3.2978305841227273,1.7999999819991095,1.7999999819999846,-3.8881296846887206e-06,0.007421687175622083
1.4000281742321724e-07,3.2953512516915584,1.7999999820007362,1.7999999819999832,-3.888187876658753e-06,0.007421689667012288
1.4000582267464894e-07,3.2903925868292645,1.7999999819997592,1.7999999819999846,-3.888173326717652e-06,0.007421694647348431
1.4001183317751235e-07,3.2804752571046323,1.7999999820002996,1.7999999819999848,-3.88819514623423e-06,0.007421704610749202
1.4002385418323915e-07,3.2606405976554123,1.799999981999822,1.7999999819999875,-3.888176951759653e-06,0.007421724534594887
1.4004789619469278e-07,3.2209712787569282,1.799999982000048,1.7999999819999832,-3.888207883649972e-06,0.007421764385242113
1.4009598021760003e-07,3.1416326409599598,1.7999999819998425,1.7999999819999775,-3.888195170523343e-06,0.007421844083580709
1.401921482634145e-07,2.982955365366067,1.7999999820001054,1.7999999819999757,-3.888195175501109e-06,0.007422003483327444
1.4029214826341452e-07,2.8179553653660547,1.7999999819998793,1.7999999819999801,-3.8881951673643676e-06,0.007422169232370379
1.4039214826341453e-07,2.6529553653660423,1.799999982000069,1.7999999819999783,-3.888195173153179e-06,0.007422334983687051
1.4049214826341453e-07,2.4879553653660302,1.799999981999908,1.7999999819999806,-3.888195168211081e-06,0.007422500732758408
1.4059214826341454e-07,2.3229553653660178,1.7999999820000447,1.7999999819999795,-3.8881951723906975e-06,0.007422666483989815
1.4069214826341455e-07,2.1579553653660053,1.7999999819999286,1.7999999819999817,-3.88819516880479e-06,0.0074228322330895935
1.4079214826341456e-07,1.9929553653659926,1.7999999820000272,1.7999999819999803,-3.888195171837369e-06,0.007422997984264157
1.4089214826341456e-07,1.8279553653659804,1.7999999819999435,1.7999999819999812,-3.888195169276412e-06,0.007423163733392357
1.4099214826341457e-07,1.6629553653659679,1.7999999820000145,1.7999999819999803,-0.0004937363821871441,0.007423329484623764
1.4109214826341458e-07,1.4979553653659556,1.7999999819999541,1.799999981999981,-0.003020992924763304,0.007423495233695121
1.4119214826341459e-07,1.3329553653659432,1.7999999820000052,1.7999999819999801,-0.00769936057843258,0.0074236609849549495
1.412921482634146e-07,1.167955365365931,1.799999981999962,1.7999999819999808,-0.01452883934321703,0.007423826734054728
1.413921482634146e-07,1.0029553653659184,1.7999999819999988,1.7999999819999803,-0.023509429219122052,0.007423992485271924
1.414215261214601e-07,0.9544818995908244,1.7999999819999783,1.799999981999981,-0.026556536089929878,0.007424041178069274
1.4144164162150486e-07,0.9212913245169836,1.79999998199983,1.7999999819999766,-0.02875002058019597,0.007424074520585577
1.4145552353234206e-07,0.8983861716356136,1.7999999820004526,1.7999999819999841,-0.030091557216655695,0.007424097528840434
1.4147041514244546e-07,0.8738150149650066,1.7999999819999237,1.7999999819999934,-0.02842113980751444,0.007424122212768225
1.4147937975504103e-07,0.8590234041823099,1.7999999819997243,1.799999981999989,-0.02743856585828649,0.0074241370705294685
1.4149249727369128e-07,0.837379498409391,1.799999981999915,1.7999999819999823,-0.026031964029515225,0.007424158813932991
1.4151873231099177e-07,0.7940916868635979,1.799999982000089,1.799999981999983,-0.023329802362164496,0.0074242022974431165
1.4157120238559275e-07,0.7075160637719682,1.7999999819998975,1.7999999819999846,-0.01836964725746302,0.007424289267802919
1.4167120238559276e-07,0.5425160637719557,1.799999982000034,1.7999999819999788,-0.010556244675788341,0.0074244550168458545
1.4177120238559277e-07,0.37751606377194324,1.7999999819999375,1.7999999819999803,-0.004893953205185658,0.007424620768134105
1.4187120238559278e-07,0.21251606377193077,1.7999999820000196,1.7999999819999792,-0.0013827728457065575,0.007424786517173487
1.4197120238559278e-07,0.047516063771918304,1.79999998199995,1.7999999819999806,-2.2703597340894738e-05,0.007424952268462626
1.42e-07,8.881784197001252e-15,1.7999999819998231,1.7999999819999726,-3.888195198214212e-06,0.007424999999438213
1.4200000077596273e-07,0.0,1.7999999820009938,1.7999999819999724,-3.838420360232835e-06,5.1507665119950696e-11
1.420000023278882e-07,0.0,1.799999982000993,1.7999999819999724,-3.838420360220605e-06,-5.150766511995982e-11
1.4200000543173917e-07,0.0,1.7999999820005197,1.7999999819999724,-3.883123848604107e-06,5.150766511995982e-11
1.4200001163944107e-07,0.0,1.7999999820006312,1.7999999819999724,-3.8831238474327465e-06,-5.150766511995982e-11
1.420000240548449e-07,0.0,1.7999999820006627,1.7999999819999726,-3.883123847024025e-06,5.150766511995982e-11
1.4200004888565253e-07,0.0,1.7999999820005705,1.7999999819999726,-3.886849138108521e-06,-5.150766511995982e-11
1.4200009854726781e-07,0.0,1.7999999820002068,1.7999999819999728,-3.887780464186353e-06,5.150766511995982e-11
1.4200019787049835e-07,0.0,1.7999999820004113,1.7999999819999737,-3.888246123063261e-06,-5.150766511995982e-11
1.4200039651695944e-07,0.0,1.7999999820013208,1.799999981999975,-3.888013281392813e-06,5.150766511995982e-11
1.420007938098816e-07,0.0,1.799999982000655,1.7999999819999772,-3.88801328418631e-06,-5.150766511995982e-11
1.4200158839572595e-07,0.0,1.7999999820010122,1.7999999819999806,-3.888129689102501e-06,5.150766511995982e-11
1.4200317756741465e-07,0.0,1.7999999820003205,1.7999999819999837,-3.888158789111869e-06,-5.150766511995982e-11
1.4200635591079205e-07,0.0,1.7999999819999972,1.7999999819999855,-3.888187890615911e-06,5.150766511995982e-11
1.4201271259754683e-07,0.0,1.7999999820005175,1.799999981999991,-3.888173315896761e-06,-5.150766511995982e-11
1.4202542597105642e-07,0.0,1.7999999819996524,1.7999999819999941,-3.888202415488497e-06,5.150766511995982e-11
1.420508527180756e-07,0.0,1.799999982000063,1.7999999819999843,-3.888193347967139e-06,-5.150766511995982e-11
1.4210170621211391e-07,0.0,1.7999999819999446,1.7999999819999877,-3.888194247598208e-06,5.150766511995982e-11
1.4220170621211392e-07,0.0,1.7999999819999914,1.7999999819999826,-3.888195170684973e-06,-5.150766511995982e-11
1.4230170621211393e-07,0.0,1.799999981999974,1.7999999819999821,-3.888195170166977e-06,5.150766511995982e-11
1.4240170621211394e-07,0.0,1.7999999819999888,1.7999999819999817,-3.888195170618725e-06,-5.150766511995982e-11
1.4250170621211394e-07,0.0,1.7999999819999761,1.7999999819999815,-3.888195170262561e-06,5.150766511995982e-11
1.4260170621211395e-07,0.0,1.7999999819999868,1.7999999819999815,-3.8881951705783435e-06,-5.150766511995982e-11
1.4270170621211396e-07,0.0,1.7999999819999777,1.7999999819999817,-3.888195170296947e-06,5.150766511995982e-11
1.4280170621211397e-07,0.0,1.7999999819999855,1.7999999819999812,-3.888195170537018e-06,-5.150766511995982e-11
1.4290170621211397e-07,0.0,1.7999999819999788,1.7999999819999815,-3.88819517032534e-06,5.150766511995982e-11
1.4300170621211398e-07,0.0,1.7999999819999843,1.7999999819999817,-3.888195170499162e-06,-5.150766511995982e-11
1.43101706212114e-07,0.0,1.7999999819999797,1.7999999819999815,-3.888195170353732e-06,5.150766511995982e-11
1.43201706212114e-07,0.0,1.7999999819999837,1.7999999819999817,-3.888195170483704e-06,-5.150766511995982e-11
1.43301706212114e-07,0.0,1.7999999819999803,1.7999999819999817,-3.888195170359727e-06,5.150766511995982e-11
1.43401706212114e-07,0.0,1.7999999819999832,1.7999999819999815,-3.8881951704613055e-06,-5.150766511995982e-11
1.4350170621211402e-07,0.0,1.7999999819999808,1.7999999819999817,-3.888195170391588e-06,5.150766511995982e-11
1.4360170621211403e-07,0.0,1.7999999819999828,1.7999999819999815,-3.888195170448372e-06,-5.150766511995982e-11
1.4370170621211403e-07,0.0,1.799999981999981,1.7999999819999817,-3.888195170401053e-06,5.150766511995982e-11
1.4380170621211404e-07,0.0,1.7999999819999826,1.7999999819999815,-3.888195170455311e-06,-5.150766511995982e-11
1.4390170621211405e-07,0.0,1.7999999819999812,1.7999999819999817,-3.888195170391588e-06,5.150766511995982e-11
1.4400170621211406e-07,0.0,1.7999999819999823,1.7999999819999815,-3.888195170442378e-06,-5.150766511995982e-11
1.4410170621211406e-07,0.0,1.7999999819999815,1.799999981999982,-3.888195170401053e-06,5.150766511995982e-11
1.4420170621211407e-07,0.0,1.7999999819999821,1.799999981999982,-3.888195170429444e-06,-5.150766511995982e-11
1.4430170621211408e-07,0.0,1.7999999819999817,1.799999981999982,-3.888195170407047e-06,5.150766511995982e-11
1.444017062121141e-07,0.0,1.799999981999982,1.799999981999982,-3.888195170410517e-06,-5.150766511995982e-11
1.445017062121141e-07,0.0,1.7999999819999817,1.799999981999982,-3.888195170397583e-06,5.150766511995982e-11
1.446017062121141e-07,0.0,1.799999981999982,1.799999981999982,-3.888195170410517e-06,-5.150766511995982e-11
1.447017062121141e-07,0.0,1.7999999819999817,1.799999981999982,-3.888195170397583e-06,5.150766511995982e-11
1.4480170621211412e-07,0.0,1.799999981999982,1.799999981999982,-3.888195170410517e-06,-5.150766511995982e-11
1.4490170621211412e-07,0.0,1.799999981999982,1.799999981999982,-3.888195170410517e-06,5.150766511995982e-11
1.4500170621211413e-07,0.0,1.799999981999982,1.799999981999982,-3.888195170410517e-06,-5.150766511995982e-11
1.4510170621211414e-07,0.0,1.799999981999982,1.799999981999982,-3.888195170410517e-06,5.150766511995982e-11
1.4520170621211415e-07,0.0,1.799999981999982,1.799999981999982,-3.888195170410517e-06,-5.150766511995982e-11
1.4530170621211415e-07,0.0,1.799999981999982,1.799999981999982,-3.888195170410517e-06,5.150766511995982e-11
1.4540170621211416e-07,0.0,1.799999981999982,1.799999981999982,-3.888195170410517e-06,-5.150766511995982e-11
1.4550170621211417e-07,0.0,1.799999981999982,1.799999981999982,-3.888195170410517e-06,5.150766511995982e-11
1.4550550094745717e-07,0.0,1.7999999820002068,1.7999999819999835,-3.8881878878912355e-06,-5.150766511995982e-11
1.4550605260407521e-07,0.0,1.7999999820009913,1.7999999819999843,-3.888013253507192e-06,5.150766511995982e-11
1.4550715591731128e-07,0.0,1.7999999820000752,1.799999981999986,-3.888129672084675e-06,-5.150766511995982e-11
1.455072113031988e-07,0.0,1.7999999820000143,1.7999999819999857,-3.887780426705427e-06,5.150766511995982e-11
1.4550732207497386e-07,0.0,1.7999999819996213,1.7999999819999852,-3.888711753472624e-06,-5.150766511995982e-11
1.4550732461569527e-07,0.0,1.7999999820007007,1.799999981999985,-3.898024968205681e-06,5.150766511995982e-11
1.4550732518058083e-07,0.0,1.7999999820002917,1.799999981999985,-3.838420327601132e-06,-5.150766511995982e-11
1.4550732528739684e-07,0.0,1.7999999819999115,1.7999999819999852,-4.076838910574469e-06,5.150766511995982e-11
1.4550732550102888e-07,0.0,1.7999999819990469,1.799999981999985,-3.838420340293315e-06,-5.150766511995982e-11
1.4550732592829294e-07,0.0,1.7999999820000574,1.7999999819999846,-3.838420329994364e-06,5.150766511995982e-11
1.4550732599176244e-07,0.0,1.7999999819991774,1.7999999819999846,-4.553676076267803e-06,-5.150766511995982e-11
1.4550732611870148e-07,0.0,1.799999981999428,1.7999999819999846,-4.553676073715153e-06,5.150766511995982e-11
1.455073261532953e-07,0.0,1.7999999820001873,1.7999999819999843,-3.6000017495651587e-06,-5.150766511995982e-11
1.4550732622248294e-07,0.0,1.7999999820001695,1.7999999819999846,-3.600001749748904e-06,5.150766511995982e-11
1.4550732624802242e-07,0.0,1.799999982000079,1.7999999819999843,-3.600001750668271e-06,-5.150766511995982e-11
1.4550732626783994e-07,0.0,1.3366780009246049,1.7999999680880259,-1.7999999784024112e-06,5.150766511995982e-11
1.4550732628953696e-07,0.0,1.3366708728928947,1.7999999376250586,-1.7999999784024112e-06,-5.150766511995982e-11
1.455073263016144e-07,0.0,1.3366669051574622,1.799999920667932,-1.7999999784024112e-06,5.150766511995982e-11
1.4550732631980205e-07,0.0,1.3366609300904886,1.799999895131596,-1.7999999784024112e-06,-5.150766511995982e-11
1.4550732635617735e-07,0.0,1.3366489800348917,1.799999844057939,-1.7999999784024112e-06,5.150766511995982e-11
1.4550732642892793e-07,0.0,1.3366250802408663,1.799999741906689,-1.7999999784024112e-06,-5.150766511995982e-11
1.455073265744291e-07,0.0,1.3365772819200623,1.7999995375884508,-2.2768371366055362e-06,5.150766511995982e-11
1.4550732686543145e-07,0.0,1.3364816903453633,1.799999128889022,-2.0384185575039737e-06,-5.150766511995982e-11
1.4550732744743613e-07,0.0,1.3362905274599444,1.7999983112383797,-2.0384185575039737e-06,5.150766511995982e-11
1.455073286114455e-07,0.0,1.335908282738628,1.799996674930134,-2.0980232022793643e-06,-5.150766511995982e-11
1.4550733093946424e-07,0.0,1.3351441173725687,1.7999933982872371,-2.068220879891669e-06,5.150766511995982e-11
1.4550733559550173e-07,0.0,1.3336170820317559,1.7999868289073946,-2.0831220410855167e-06,-5.150766511995982e-11
1.4550734490757668e-07,0.0,1.3305681856078362,1.7999736258639267,-2.0831220410855167e-06,5.150766511995982e-11
1.455073635317266e-07,0.0,1.3244910314201406,1.7999469633793046,-2.0868473313839786e-06,-5.150766511995982e-11
1.4550740078002645e-07,0.0,1.31241881310776,1.7998926186890156,-2.0868473313839786e-06,5.150766511995982e-11
1.4550747527662615e-07,0.0,1.2885990576246213,1.7997798969082557,-2.087778653958594e-06,-5.150766511995982e-11
1.4550762426982552e-07,0.0,1.2422294266259728,1.799538688183076,-2.0887099765332096e-06,5.150766511995982e-11
1.455077745754136e-07,0.0,1.1971209788164447,1.7992746370376032,-2.0887099765332096e-06,-5.150766511995982e-11
1.4550797506547747e-07,0.0,1.1394537361778394,1.79889139987895,-2.088244315245902e-06,5.150766511995982e-11
1.4550816962270833e-07,0.0,1.0861155170682941,1.7984870129223656,-2.088011484602248e-06,-5.150766511995982e-11
1.45508408601462e-07,0.0,1.023950938497664,1.79794881489195,-2.088244315245902e-06,5.150766511995982e-11
1.4550864412523357e-07,0.0,0.9661171227883467,1.7973759722882783,-2.088011484602248e-06,-5.150766511995982e-11
1.455089194245119e-07,0.0,0.9025740428388239,1.7966562978020135,-2.088011484602248e-06,5.150766511995982e-11
1.4550919385789138e-07,0.0,0.8433231149594573,1.7958884466839347,-2.088011484602248e-06,-5.150766511995982e-11
1.455095044421684e-07,0.0,0.7808578931323604,1.7949629665234639,-2.0884771458895557e-06,5.150766511995982e-11
1.4550981712324743e-07,0.0,0.7225567515581961,1.7939749306735402,-2.088244315245902e-06,-5.150766511995982e-11
1.4551016340831178e-07,0.0,0.6629485447009944,1.7928199705031442,-2.088011484602248e-06,5.150766511995982e-11
1.455105148798646e-07,0.0,0.6073645425230547,1.7915876396011514,-2.088127899924075e-06,-5.150766511995982e-11
1.4551089834895403e-07,0.0,0.5518923859515179,1.790180127441499,-2.088011484602248e-06,5.150766511995982e-11
1.455112901856112e-07,0.0,0.5003047645689181,1.7886800680454762,-2.087895069280421e-06,-5.150766511995982e-11
1.4551171330257095e-07,0.0,0.44984330853864596,1.7869968774481912,-2.087895069280421e-06,5.150766511995982e-11
1.4551214812672885e-07,0.0,0.40311853575648693,1.7852053752955126,-2.088127899924075e-06,-5.150766511995982e-11
1.455126144005997e-07,0.0,0.35820450216566196,1.783222224522859,-2.088127899924075e-06,5.150766511995982e-11
1.4551309600582538e-07,0.0,0.31686007957693646,1.7811139089505679,-2.088011484602248e-06,-5.150766511995982e-11
1.4551361017104e-07,0.0,0.2777461313032815,1.7788038179929464,-2.088127899924075e-06,5.150766511995982e-11
1.4551414375974896e-07,0.0,0.24200711667098618,1.7763497947174225,-2.088127899924075e-06,-5.150766511995982e-11
1.4551471208656127e-07,0.0,0.20870873576365598,1.7736809708311587,-2.088011484602248e-06,5.150766511995982e-11
1.455153046537785e-07,0.0,0.1785588794711051,1.7708462911902878,-2.088127899924075e-06,-5.150766511995982e-11
1.4551593543293717e-07,0.0,0.15089677210913338,1.7677792041386962,-2.088011484602248e-06,5.150766511995982e-11
1.4551659636048498e-07,0.0,0.12612504164530522,1.7645193525097902,-2.088127899924075e-06,-5.150766511995982e-11
1.4551730064828063e-07,0.0,0.10376402828407925,1.761002573722389,-2.0881861075849883e-06,5.150766511995982e-11
1.4551804262625036e-07,0.0,0.0840068215832184,1.7572584065933057,-2.088127899924075e-06,-5.150766511995982e-11
1.4551883540651332e-07,0.0,0.06649152586319655,1.7532224553487,-2.088127899924075e-06,5.150766511995982e-11
1.4551967589392928e-07,0.0,0.05127074045232856,1.7489125724442993,-2.0881861075849883e-06,-5.150766511995982e-11
1.4552057794590287e-07,0.0,0.038058179332149535,1.7442603842150888,-2.088127899924075e-06,5.150766511995982e-11
1.4552154156897887e-07,0.0,0.02681533911099661,1.739269027082896,-2.0881861075849883e-06,-5.150766511995982e-11
1.4552258259841318e-07,0.0,0.017304544978949715,1.7338603909384651,-2.0881861075849883e-06,5.150766511995982e-11
1.4552370527729406e-07,0.0,0.0094313419626478,1.7280171167709966,-2.088127899924075e-06,-5.150766511995982e-11
1.4552492945429634e-07,0.0,0.0029903487789813827,1.7216416824988505,-2.0881861075849883e-06,5.150766511995982e-11
1.4552626594200168e-07,0.0,-0.0021437513685325193,1.7146848995270452,-2.088244315245902e-06,-5.150766511995982e-11
1.455277424014382e-07,0.0,-0.006152872782133811,1.7070117995130836,-2.088215211415445e-06,5.150766511995982e-11
1.455293822244972e-07,0.0,-0.009176426749120907,1.6985124139493493,-2.0881570037545316e-06,-5.150766511995982e-11
1.455312284086307e-07,0.0,-0.011373858959187503,1.6889792730156918,-2.0881861075849883e-06,5.150766511995982e-11
1.4553332730368908e-07,0.0,-0.01288143703474147,1.6781940415739292,-2.088127899924075e-06,-5.150766511995982e-11
1.4553575705555102e-07,0.0,-0.013838268889649376,1.6657850088779549,-2.0881570037545316e-06,5.150766511995982e-11
1.4553861885195962e-07,0.0,-0.014365677839792448,1.651279739276671,-2.08817155566976e-06,-5.150766511995982e-11
1.45542082303197e-07,0.0,-0.014574257364815834,1.6338884485500138,-2.0882006595002167e-06,5.150766511995982e-11
1.4554640778982081e-07,0.0,-0.014553326659684205,1.6124219889301319,-2.0882006595002167e-06,-5.150766511995982e-11
1.4555207279977695e-07,0.0,-0.014366112666831422,1.5847314811257565,-2.08817155566976e-06,5.150766511995982e-11
1.4555999497593666e-07,0.0,-0.014036177249385943,1.546801834878173,-2.0881861075849883e-06,-5.150766511995982e-11
1.455723776648332e-07,0.0,-0.013514918099410389,1.4893222342095918,-2.088204297479024e-06,5.150766511995982e-11
1.4559714304262626e-07,0.0,-0.012528722469646177,1.3806540120963895,-2.0881933835426025e-06,-5.150766511995982e-11
1.4562785435974525e-07,0.0,-0.011404970885003559,1.2568129231775111,-2.0881933835426025e-06,5.150766511995982e-11
1.456570213498664e-07,0.0,-0.010431195915618557,1.1495068615838813,-2.0881933835426025e-06,-5.150766511995982e-11
1.4568643226739327e-07,0.0,-0.009533471405605471,1.0505770644841723,-2.088191564553199e-06,5.150766511995982e-11
1.4571483347226063e-07,0.0,-0.008739982183149603,0.9631363445258861,-2.0881933835426025e-06,-5.150766511995982e-11
1.4574399192549727e-07,0.0,-0.007993980144863107,0.8809272845968652,-2.0881933835426025e-06,5.150766511995982e-11
1.4577255571229424e-07,0.0,-0.007324980383027475,0.8072045492779982,-2.088191564553199e-06,-5.150766511995982e-11
1.458016686061645e-07,0.0,-0.0067006890146229445,0.7384082040117926,-2.0881933835426025e-06,5.150766511995982e-11
1.4583030652132644e-07,0.0,-0.006138529123531175,0.6764589117883092,-2.0881933835426025e-06,-5.150766511995982e-11
1.4585935291815056e-07,0.0,-0.005616499778398496,0.618931828864871,-2.088191564553199e-06,5.150766511995982e-11
1.4588804288137286e-07,0.0,-0.00514447883139399,0.5669156869025006,-2.088191564553199e-06,-5.150766511995982e-11
1.459170420545076e-07,0.0,-0.004707665822589256,0.5187793789701665,-2.0881933835426025e-06,5.150766511995982e-11
1.4594577260784098e-07,0.0,-0.004311488873675699,0.4751211407941028,-2.0881933835426025e-06,-5.150766511995982e-11
1.4597473631576978e-07,0.0,-0.003945832943981133,0.4348262714948583,-2.0881933835426025e-06,5.150766511995982e-11
1.4600349737565233e-07,0.0,-0.003613430876932494,0.39819594673513403,-2.088191564553199e-06,-5.150766511995982e-11
1.4603243432439668e-07,0.0,-0.003307248125534792,0.3644549566812501,-2.0881933835426025e-06,5.150766511995982e-11
1.460612184203014e-07,0.0,-0.0030284275378908267,0.3337292478940139,-2.088191564553199e-06,-5.150766511995982e-11
1.4609013521398794e-07,0.0,-0.0027719859929210638,0.3054696827958517,-2.088191564553199e-06,5.150766511995982e-11
1.4611893670395886e-07,0.0,-0.002538155909807694,0.27970187557110454,-2.088191564553199e-06,-5.150766511995982e-11
1.4614783830613665e-07,0.0,-0.002323337775628871,0.25602916298457284,-2.088195202532006e-06,5.150766511995982e-11
1.4617665292660588e-07,0.0,-0.0021272677067317456,0.23442246593361873,-2.088195202532006e-06,-5.150766511995982e-11
1.4620554307576484e-07,0.0,-0.0019472936353385915,0.21458952926631922,-2.0881933835426025e-06,5.150766511995982e-11
1.462343676072141e-07,0.0,-0.001782904375192736,0.19647402101975345,-2.088191564553199e-06,-5.150766511995982e-11
1.4626324912037568e-07,0.0,-0.0016321077937879417,0.17985641037383304,-2.088195202532006e-06,5.150766511995982e-11
1.4629208113184761e-07,0.0,-0.0014942920721623535,0.16466927563419664,-2.0881933835426025e-06,-5.150766511995982e-11
1.4632095613230216e-07,0.0,-0.0013679333759605114,0.1507446919690031,-2.0881933835426025e-06,5.150766511995982e-11
1.4634979378858545e-07,0.0,-0.0012524029698841,0.13801337348493944,-2.088191564553199e-06,-5.150766511995982e-11
1.463786638771154e-07,0.0,-0.0011465158898794161,0.1263447384906907,-2.0881933835426025e-06,5.150766511995982e-11
1.4640750579295744e-07,0.0,-0.0010496718568385657,0.11567263692084079,-2.088191564553199e-06,-5.150766511995982e-11
1.4643637217662342e-07,0.0,-0.0009609360185113621,0.10589404912489257,-2.0881933835426025e-06,5.150766511995982e-11
1.4646521730653506e-07,0.0,-0.0008797589037562477,0.09694842401362269,-2.088191564553199e-06,-5.150766511995982e-11
1.4649408089562579e-07,0.0,-0.0008053938485019632,0.08875348006035991,-2.0881933835426025e-06,5.150766511995982e-11
1.4652292845062362e-07,0.0,-0.0007373510110548501,0.08125523727167916,-2.0881933835426025e-06,-5.150766511995982e-11
1.4655178993168606e-07,0.0,-0.0006750278984429696,0.07438730161161632,-2.0881933835426025e-06,5.150766511995982e-11
1.4658063931640436e-07,0.0,-0.0006179954243980923,0.0681023882647599,-2.0881933835426025e-06,-5.150766511995982e-11
1.4660949920727386e-07,0.0,-0.0005657633593021131,0.06234647448836675,-2.0881933835426025e-06,5.150766511995982e-11
1.46638349972476e-07,0.0,-0.0005179603529878094,0.05707863791916027,-2.0881933835426025e-06,-5.150766511995982e-11
1.4666720866375486e-07,0.0,-0.0004741848478726487,0.052254627371307025,-2.088191564553199e-06,5.150766511995982e-11
1.4669606047048208e-07,0.0,-0.00043411819343547043,0.04783932792208667,-2.088195202532006e-06,-5.150766511995982e-11
1.4672491825681335e-07,0.0,-0.0003974297242278667,0.04379630061774263,-2.0881933835426025e-06,5.150766511995982e-11
1.4675377084932198e-07,0.0,-0.00036384768368977335,0.040095598196384905,-2.088191564553199e-06,-5.150766511995982e-11
1.467826279529701e-07,0.0,-0.00033309865660448025,0.0367070906142023,-2.088191564553199e-06,5.150766511995982e-11
1.468114811383067e-07,0.0,-0.00030495191257452373,0.033605351645543416,-2.0881933835426025e-06,-5.150766511995982e-11
1.468403377269408e-07,0.0,-0.0002791806495986933,0.030765387969485775,-2.088191564553199e-06,5.150766511995982e-11
1.4686919135952993e-07,0.0,-0.0002555896119669959,0.02816568263036519,-2.0881933835426025e-06,-5.150766511995982e-11
1.4689804755963573e-07,0.0,-0.00023399019942563036,0.025785452096112,-2.0881933835426025e-06,5.150766511995982e-11
1.4692690152964757e-07,0.0,-0.0002142175775269432,0.023606531799295647,-2.0881933835426025e-06,-5.150766511995982e-11
1.4695575743664485e-07,0.0,-0.0001961146163692797,0.021611606204662803,-2.0881933835426025e-06,5.150766511995982e-11
1.469846116612185e-07,0.0,-0.00017954241405887677,0.019785368482522766,-2.088191564553199e-06,-5.150766511995982e-11
1.4701346734709223e-07,0.0,-0.00016436987065219258,0.018113371569191104,-2.0881933835426025e-06,5.150766511995982e-11
1.4704232176371384e-07,0.0,-0.00015048009453661924,0.01658273414278337,-2.0881933835426025e-06,-5.150766511995982e-11
1.470711772827694e-07,0.0,-0.00013776358330655692,0.015181389163559662,-2.088195202532006e-06,5.150766511995982e-11
1.471000318442772e-07,0.0,-0.0001261220669891021,0.01389850739301495,-2.088191564553199e-06,-5.150766511995982e-11
1.4712888723748263e-07,0.0,-0.00011546400628824779,0.012724001305516654,-2.0881933835426025e-06,5.150766511995982e-11
1.4715774190829576e-07,0.0,-0.00010570684871570939,0.011648773711381337,-2.088191564553199e-06,-5.150766511995982e-11
1.471865972065581e-07,0.0,-9.677402286950485e-05,0.010664386529752422,-2.0881933835426025e-06,5.150766511995982e-11
1.4721545195983384e-07,0.0,-8.859621919796499e-05,0.00976320192740473,-2.0881933835426025e-06,-5.150766511995982e-11
1.4724430718646948e-07,0.0,-8.11093560018412e-05,0.008938158174424999,-2.0881933835426025e-06,5.150766511995982e-11
1.4727316200195686e-07,0.0,-7.425526707075505e-05,0.00818284542103462,-2.0881933835426025e-06,-5.150766511995982e-11
1.4730201717455577e-07,0.0,-6.79803037136931e-05,0.007491351642893003,-2.088191564553199e-06,5.150766511995982e-11
1.4733087203697706e-07,0.0,-6.223566713853264e-05,0.006858299268984136,-2.088191564553199e-06,-5.150766511995982e-11
1.4735972716881013e-07,0.0,-5.697643075317805e-05,0.006278737440283632,-2.088191564553199e-06,5.150766511995982e-11
1.473885820666392e-07,0.0,-5.2161664492711775e-05,0.005748155710503942,-2.0881933835426025e-06,-5.150766511995982e-11
1.474174371677176e-07,0.0,-4.7753738035128917e-05,0.005262407261232787,-2.0881933835426025e-06,5.150766511995982e-11
1.47446292092259e-07,0.0,-4.371832747113918e-05,0.004817709636969435,-2.0881933835426025e-06,-5.150766511995982e-11
1.4747514717013559e-07,0.0,-4.0023908862937356e-05,0.004410588935850973,-2.0881933835426025e-06,5.150766511995982e-11
1.4750400211482932e-07,0.0,-3.664170216420203e-05,0.0040378736297253075,-2.088191564553199e-06,-5.150766511995982e-11
1.4753285717520176e-07,0.0,-3.35452957942963e-05,0.0036966531926416737,-2.0881933835426025e-06,5.150766511995982e-11
1.4756171213509897e-07,0.0,-3.071056064163822e-05,0.0033842686241283516,-2.088191564553199e-06,-5.150766511995982e-11
1.4759056718226633e-07,0.0,-2.8115366414884736e-05,0.003098281191412985,-2.0881933835426025e-06,5.150766511995982e-11
1.4761942215363292e-07,0.0,-2.5739484910187774e-05,0.002836461769593582,-2.088195202532006e-06,-5.150766511995982e-11
1.4764827719083816e-07,0.0,-2.356437188212732e-05,0.0025967668040492993,-2.0881933835426025e-06,5.150766511995982e-11
1.476771321708578e-07,0.0,-2.157307037895445e-05,0.0023773276581158078,-2.0881933835426025e-06,-5.150766511995982e-11
1.4770598720054732e-07,0.0,-1.9750040318531637e-05,0.0021764318325286844,-2.088191564553199e-06,5.150766511995982e-11
1.477348421870949e-07,0.0,-1.8081067612953924e-05,0.0019925129510757924,-2.0881933835426025e-06,-5.150766511995982e-11
1.4776369721111437e-07,0.0,-1.65531291693058e-05,0.001824135883825654,-2.0881933835426025e-06,5.150766511995982e-11
1.4779255220258677e-07,0.0,-1.5154310491172867e-05,0.0016699876669148681,-2.088191564553199e-06,-5.150766511995982e-11
1.478214072223287e-07,0.0,-1.3873697487861436e-05,0.0015288655800424504,-2.0881933835426025e-06,5.150766511995982e-11
1.4785026221751646e-07,0.0,-1.2701303472475655e-05,0.0013996691017469185,-2.0881933835426025e-06,-5.150766511995982e-11
1.478791172340313e-07,0.0,-1.1627981617736406e-05,0.0012813902621331215,-2.088191564553199e-06,5.150766511995982e-11
1.4790797223202203e-07,0.0,-1.0645361278789802e-05,0.0011731066257213247,-2.0881933835426025e-06,-5.150766511995982e-11
1.479368272461023e-07,0.0,-9.745776601238575e-06,0.0010739734241324134,-2.0881933835426025e-06,5.150766511995982e-11
1.479656822462076e-07,0.0,-8.922211575580484e-06,0.000983217501152771,-2.0881933835426025e-06,-5.150766511995982e-11
1.4799453725845118e-07,0.0,-8.16824145434474e-06,0.0009001308569650957,-2.0881933835426025e-06,5.150766511995982e-11
1.4802363748058014e-07,0.0,-7.472369527916968e-06,0.0008234465673327506,-2.0881933835426025e-06,-5.150766511995982e-11
1.4805390677479137e-07,0.0,-6.811337464993977e-06,0.0007506015907725468,-2.0881933835426025e-06,5.150766511995982e-11
1.4808489830140926e-07,0.0,-6.195055933279175e-06,0.0006826880715191448,-2.0881933835426025e-06,-5.150766511995982e-11
1.481170826293471e-07,0.0,-5.613973243519332e-06,0.0006186534243526231,-2.0881933835426025e-06,5.150766511995982e-11
1.4815009473909272e-07,0.0,-5.074501959738932e-06,0.0005592043064865396,-2.0881933835426025e-06,-5.150766511995982e-11
1.4818437932435567e-07,0.0,-4.5690109188036155e-06,0.0005034997724802603,-2.0881933835426025e-06,5.150766511995982e-11
1.482196670596587e-07,0.0,-4.101238433612345e-06,0.0004519517801352356,-2.0881933835426025e-06,-5.150766511995982e-11
1.482563529117181e-07,0.0,-3.665603807484081e-06,0.00040394534306661636,-2.0881933835426025e-06,5.150766511995982e-11
1.4829423807778156e-07,0.0,-3.264210532132894e-06,0.0003597122636526349,-2.088191564553199e-06,-5.150766511995982e-11
1.4833368400453335e-07,0.0,-2.892882950457813e-06,0.00031879238926155033,-2.0881933835426025e-06,5.150766511995982e-11
1.4837455871477284e-07,0.0,-2.5525777301462536e-06,0.000281291143577124,-2.0881933835426025e-06,-5.150766511995982e-11
1.4841720598112536e-07,0.0,-2.2400799703347677e-06,0.0002468542482049017,-2.088191564553199e-06,5.150766511995982e-11
1.4846155881432586e-07,0.0,-1.955568512953968e-06,0.00021550141132067592,-2.0881933835426025e-06,-5.150766511995982e-11
1.4850795915236419e-07,0.0,-1.696486226751648e-06,0.00018695083998815042,-2.0881933835426025e-06,5.150766511995982e-11
1.485564078326771e-07,0.0,-1.462490625619363e-06,0.00016116479263013277,-2.0881933835426025e-06,-5.150766511995982e-11
1.4860726327189313e-07,0.0,-1.2514720992951183e-06,0.00013791079261100668,-2.0881924740479008e-06,5.150766511995982e-11
1.4866060303160508e-07,0.0,-1.0627449252896436e-06,0.00011711327409737422,-2.0881933835426025e-06,-5.150766511995982e-11
1.487168252527968e-07,0.0,-8.945033891920876e-07,9.857324942856779e-05,-2.0881933835426025e-06,5.150766511995982e-11
1.487761018982866e-07,0.0,-7.458419900317476e-07,8.219093343412642e-05,-2.0881942930373043e-06,-5.150766511995982e-11
1.4883890328822643e-07,0.0,-6.151623131715777e-07,6.779018265104731e-05,-2.0881924740479008e-06,5.150766511995982e-11
1.4890552748298666e-07,0.0,-5.014247634640611e-07,5.5256434884205796e-05,-2.0881942930373043e-06,-5.150766511995982e-11
1.489765663333473e-07,0.0,-4.031749635421955e-07,4.44294194128121e-05,-2.0881933835426025e-06,5.150766511995982e-11
1.490524999276724e-07,0.0,-3.1929935752282495e-07,3.518642365334972e-05,-2.0881933835426025e-06,-5.150766511995982e-11
1.491341227896038e-07,0.0,-2.484482811158174e-07,2.7378716146227285e-05,-2.0881933835426025e-06,5.150766511995982e-11
1.4922219816631988e-07,0.0,-1.894778063476537e-07,2.088023733834213e-05,-2.0881929287952516e-06,-5.150766511995982e-11
1.4931786736458702e-07,0.0,-1.4112147571728226e-07,1.555142506298289e-05,-2.0881929287952516e-06,5.150766511995982e-11
1.4941786736458703e-07,0.0,-1.0369193468920785e-07,1.1426732492407592e-05,-2.0881933835426025e-06,-5.150766511995982e-11
1.4951786736458704e-07,0.0,-7.618980218954183e-08,8.396028976395226e-06,-2.0881933835426025e-06,5.150766511995982e-11
1.4961786736458705e-07,0.0,-5.5982039249982075e-08,6.169156635049174e-06,-2.0881933835426025e-06,-5.150766511995982e-11
1.4971786736458705e-07,0.0,-4.113396581331874e-08,4.5329159409489565e-06,-2.0881933835426025e-06,5.150766511995982e-11
1.4981786736458706e-07,0.0,-3.022403553352959e-08,3.330654114206225e-06,-2.0881933835426025e-06,-5.150766511995982e-11
1.4991786736458707e-07,0.0,-2.2207737714319724e-08,2.4472672718825006e-06,-2.0881933835426025e-06,5.150766511995982e-11
1.5001786736458708e-07,0.0,-1.6317596432185447e-08,1.7981804458415127e-06,-2.0881933835426025e-06,-5.150766511995982e-11
1.5011786736458708e-07,0.0,-1.1989692815577038e-08,1.3212504220348299e-06,-2.0881933835426025e-06,5.150766511995982e-11
1.502178673645871e-07,0.0,-8.809675763788367e-09,9.708161835283794e-07,-2.0881933835426025e-06,-5.150766511995982e-11
1.503178673645871e-07,0.0,-6.4730922015168564e-09,7.133273499728446e-07,-2.0881933835426025e-06,5.150766511995982e-11
1.504178673645871e-07,0.0,-4.756238909672623e-09,5.241320827285183e-07,-2.0881933835426025e-06,-5.150766511995982e-11
1.505178673645871e-07,0.0,-3.494745302807055e-09,3.8511693145621346e-07,-2.0881933835426025e-06,5.150766511995982e-11
1.5061786736458712e-07,0.0,-2.56783668008128e-09,2.8297266239104035e-07,-2.0881933835426025e-06,-5.150766511995982e-11
1.5071786736458713e-07,0.0,-1.88677132215613e-09,2.0792003965626155e-07,-2.0881933835426025e-06,5.150766511995982e-11
1.5081786736458714e-07,0.0,-1.386344408007049e-09,1.5277356662432912e-07,-2.0881933835426025e-06,-5.150766511995982e-11
1.5091786736458714e-07,0.0,-1.0186453414076748e-09,1.1225355044037213e-07,-2.0881933835426025e-06,5.150766511995982e-11
1.5101786736458715e-07,0.0,-7.484708169025008e-10,8.248062714575969e-08,-2.0881933835426025e-06,-5.150766511995982e-11
1.5111786736458716e-07,0.0,-5.499544748145534e-10,6.060435351638645e-08,-2.0881933835426025e-06,5.150766511995982e-11
1.5121786736458717e-07,0.0,-4.040904702461387e-10,4.453030720351362e-08,-2.0881933835426025e-06,-5.150766511995982e-11
1.5131786736458717e-07,0.0,-2.96913864005464e-10,3.2719567895450603e-08,-2.0881933835426025e-06,5.150766511995982e-11
1.5141786736458718e-07,0.0,-2.181636270329347e-10,2.4041381937300645e-08,-2.0881933835426025e-06,-5.150766511995982e-11
1.515178673645872e-07,0.0,-1.6030025515911797e-10,1.766490460088046e-08,-2.0881933835426025e-06,5.150766511995982e-11
1.516178673645872e-07,0.0,-1.177839411336953e-10,1.2979655469557592e-08,-2.0881933835426025e-06,-5.150766511995982e-11
1.517178673645872e-07,0.0,-8.654419654720669e-11,9.537071380505473e-09,-2.0881933835426025e-06,5.150766511995982e-11
1.518178673645872e-07,0.0,-6.35901455144466e-11,7.0075612353643375e-09,-2.0881933835426025e-06,-5.150766511995982e-11
1.5191786736458722e-07,0.0,-4.672417987462566e-11,5.1489511306119995e-09,-2.0881933835426025e-06,5.150766511995982e-11
1.5201786736458723e-07,0.0,-3.4331561396455605e-11,3.783298761862646e-09,-2.0881933835426025e-06,-5.150766511995982e-11
1.5211786736458723e-07,0.0,-2.5225827635546192e-11,2.779857325973528e-09,-2.0881933835426025e-06,5.150766511995982e-11
1.5221786736458724e-07,0.0,-1.8535200672730153e-11,2.042557894360984e-09,-2.0881933835426025e-06,-5.150766511995982e-11
1.5231786736458725e-07,0.0,-1.3619123580251483e-11,1.5008118268642797e-09,-2.0881933835426025e-06,5.150766511995982e-11
1.5241786736458726e-07,0.0,-1.0006933853400472e-11,1.1027526543429356e-09,-2.0881933835426025e-06,-5.150766511995982e-11
1.5251786736458726e-07,0.0,-7.352802444145275e-12,8.102704115819595e-10,-2.0881933835426025e-06,5.150766511995982e-11
1.5261786736458727e-07,0.0,-5.402624277686231e-12,5.953630102812027e-10,-2.0881933835426025e-06,-5.150766511995982e-11
1.5271786736458728e-07,0.0,-3.969690374280079e-12,4.3745533459510115e-10,-2.0881933835426025e-06,5.150766511995982e-11
1.5281786736458729e-07,0.0,-2.9168124336022468e-12,3.214293909111425e-10,-2.0881933835426025e-06,-5.150766511995982e-11
1.529178673645873e-07,0.0,-2.143188503617177e-12,2.361769194954182e-10,-2.0881933835426025e-06,5.150766511995982e-11
1.530178673645873e-07,0.0,-1.5747522565929575e-12,1.7353589584396467e-10,-2.0881933835426025e-06,-5.150766511995982e-11
1.531178673645873e-07,0.0,-1.1570819204943485e-12,1.2750910296698876e-10,-2.0881933835426025e-06,5.150766511995982e-11
1.5321786736458732e-07,0.0,-8.501899680195377e-13,9.368996114823988e-11,-2.0881933835426025e-06,-5.150766511995982e-11
1.5331786736458732e-07,0.0,-6.246947333266355e-13,6.884064443799961e-11,-2.0881933835426025e-06,5.150766511995982e-11
1.5341786736458733e-07,0.0,-4.590074271645288e-13,5.0582092985829783e-11,-2.0881933835426025e-06,-5.150766511995982e-11
1.5351786736458734e-07,0.0,-3.372652384715162e-13,3.716624316513299e-11,-2.0881933835426025e-06,5.150766511995982e-11
1.5361786736458735e-07,0.0,-2.4781263731283124e-13,2.7308668927494787e-11,-2.0881933835426025e-06,-5.150766511995982e-11
1.5371786736458735e-07,0.0,-1.8208548113689502e-13,2.0065611562568554e-11,-2.0881933835426025e-06,5.150766511995982e-11
1.5381786736458736e-07,0.0,-1.3379108828626213e-13,1.4743624760652722e-11,-2.0881933835426025e-06,-5.150766511995982e-11
1.5391786736458737e-07,0.0,-9.830578031457177e-14,1.0833184446191363e-11,-2.0881933835426025e-06,5.150766511995982e-11
1.5401786736458738e-07,0.0,-7.223221341284615e-14,7.959907224334762e-12,-2.0881933835426025e-06,-5.150766511995982e-11
1.5411786736458738e-07,0.0,-5.3074118721300274e-14,5.848707121597436e-12,-2.0881933835426025e-06,5.150766511995982e-11
1.542178673645874e-07,0.0,-3.8997310817423624e-14,4.2974590067640675e-12,-2.0881933835426025e-06,-5.150766511995982e-11
1.543178673645874e-07,0.0,-2.865408391083975e-14,3.157647242519804e-12,-2.0881933835426025e-06,5.150766511995982e-11
1.544178673645874e-07,0.0,-2.105418315636194e-14,2.3201468804004867e-12,-2.0881933835426025e-06,-5.150766511995982e-11
1.5451786736458741e-07,0.0,-1.54699982695026e-14,1.7047760985285342e-12,-2.0881933835426025e-06,5.150766511995982e-11
1.5461786736458742e-07,0.0,-1.1366902462948038e-14,1.252619638293071e-12,-2.0881933835426025e-06,-5.150766511995982e-11
1.5471786736458743e-07,0.0,-8.352067621662052e-15,9.203882900469193e-13,-2.0881933835426025e-06,5.150766511995982e-11
1.5481786736458744e-07,0.0,-6.136855115276622e-15,6.762744080955011e-13,-2.0881933835426025e-06,-5.150766511995982e-11
1.5491786736458744e-07,0.0,-4.5091817298391395e-15,4.969066642749591e-13,-2.0881933835426025e-06,5.150766511995982e-11
1.5501786736458745e-07,0.0,-3.313214908657071e-15,3.651124899080624e-13,-2.0881933835426025e-06,-5.150766511995982e-11
1.5511786736458746e-07,0.0,-2.4344534544037065e-15,2.6827398356869586e-13,-2.0881933835426025e-06,5.150766511995982e-11
1.5521786736458747e-07,0.0,-1.7887652265835477e-15,1.9711988017154074e-13,-2.0881933835426025e-06,-5.150766511995982e-11
1.5531786736458747e-07,0.0,-1.31433239484211e-15,1.4483792517621086e-13,-2.0881933835426025e-06,5.150766511995982e-11
1.5541786736458748e-07,0.0,-9.65733018830684e-16,1.0642267310172473e-13,-2.0881933835426025e-06,-5.150766511995982e-11
1.555178673645875e-07,0.0,-7.095923896369086e-16,7.819626894226195e-14,-2.0881933835426025e-06,5.150766511995982e-11
1.556178673645875e-07,0.0,-5.213877426592636e-16,5.74563323611014e-14,-2.0881933835426025e-06,-5.150766511995982e-11
1.557178673645875e-07,0.0,-3.8310047094751673e-16,4.2217233290600134e-14,-2.0881933835426025e-06,5.150766511995982e-11
1.558178673645875e-07,0.0,-2.814910258687577e-16,3.101998880665059e-14,-2.0881933835426025e-06,-5.150766511995982e-11
1.5591786736458752e-07,0.0,-2.0683137670223125e-16,2.2792580909825303e-14,-2.0881933835426025e-06,5.150766511995982e-11
1.5601786736458753e-07,0.0,-1.5197364870314227e-16,1.67473221144232e-14,-2.0881933835426025e-06,-5.150766511995982e-11
1.5611786736458753e-07,0.0,-1.1166579431497902e-16,1.2305442683914713e-14,-2.0881933835426025e-06,5.150766511995982e-11
1.5621786736458754e-07,0.0,-8.204876097722347e-17,9.04167953613555e-15,-2.0881933835426025e-06,-5.150766511995982e-11
1.5631786736458755e-07,0.0,-6.028703100895451e-17,6.643561790838538e-15,-2.0881933835426025e-06,5.150766511995982e-11
1.5641786736458756e-07,0.0,-4.429714779370412e-17,4.881494980249097e-15,-2.0881933835426025e-06,-5.150766511995982e-11
1.5651786736458756e-07,0.0,-3.2548249269265134e-17,3.586779801622627e-15,-2.0881933835426025e-06,5.150766511995982e-11
1.5661786736458757e-07,0.0,-2.391550194146443e-17,2.6354609391942084e-15,-2.0881933835426025e-06,-5.150766511995982e-11
1.5671786736458758e-07,0.0,-1.7572411725977545e-17,1.9364596507658056e-15,-2.0881933835426025e-06,5.150766511995982e-11
1.5681786736458759e-07,0.0,-1.291169435318337e-17,1.422853939238072e-15,-2.0881933835426025e-06,-5.150766511995982e-11
1.569178673645876e-07,0.0,-9.487135586431234e-18,1.045471477604419e-15,-2.0881933835426025e-06,5.150766511995982e-11
1.570178673645876e-07,0.0,-6.970869833554486e-18,7.68181877521679e-16,-2.0881933835426025e-06,-5.150766511995982e-11
1.571178673645876e-07,0.0,-5.1219913953039465e-18,5.644375859069135e-16,-2.0881933835426025e-06,5.150766511995982e-11
1.5721786736458762e-07,0.0,-3.763489507635015e-18,4.1473223686523383e-16,-2.0881933835426025e-06,-5.150766511995982e-11
1.5731786736458762e-07,0.0,-2.7653020895819497e-18,3.0473312300632786e-16,-2.0881933835426025e-06,5.150766511995982e-11
1.5741786736458763e-07,0.0,-2.0318631114126956e-18,2.2390898995190015e-16,-2.0881933835426025e-06,-5.150766511995982e-11
1.5751786736458764e-07,0.0,-1.4929536306217363e-18,1.6452177986692186e-16,-2.0881933835426025e-06,5.150766511995982e-11
1.5761786736458765e-07,0.0,-1.0969786665497143e-18,1.208857940733672e-16,-2.0881933835426025e-06,-5.150766511995982e-11
1.5771786736458765e-07,0.0,-8.060278668089716e-19,8.882334740493387e-17,-2.0881933835426025e-06,5.150766511995982e-11
1.5781786736458766e-07,0.0,-5.922457016826682e-19,6.52647989340971e-17,-2.0881933835426025e-06,-5.150766511995982e-11
1.5791786736458767e-07,0.0,-4.351648364676013e-19,4.795466624905176e-17,-2.0881933835426025e-06,5.150766511995982e-11
1.5801786736458768e-07,0.0,-3.197463921373273e-19,3.523568681132696e-17,-2.0881933835426025e-06,-5.150766511995982e-11
1.5811786736458768e-07,0.0,-2.349403077370597e-19,2.589015255836272e-17,-2.0881933835426025e-06,5.150766511995982e-11
1.582178673645877e-07,0.0,-1.7262726413282333e-19,1.9023327204600176e-17,-2.0881933835426025e-06,-5.150766511995982e-11
1.583178673645877e-07,0.0,-1.2684147164899755e-19,1.3977784685523564e-17,-2.0881933835426025e-06,5.150766511995982e-11
1.584178673645877e-07,0.0,-9.319940118952361e-20,1.0270467548170182e-17,-2.0881933835426025e-06,-5.150766511995982e-11
1.5851786736458771e-07,0.0,-6.848019869975805e-20,7.546439298666282e-18,-2.0881933835426025e-06,5.150766511995982e-11
1.5861786736458772e-07,0.0,-5.0317245131097947e-20,5.54490297746057e-18,-2.0881933835426025e-06,-5.150766511995982e-11
1.5871786736458773e-07,0.0,-3.6971643132261e-20,4.074232603357346e-18,-2.0881933835426025e-06,5.150766511995982e-11
1.5881786736458774e-07,0.0,-2.7165680453980654e-20,2.9936270072651177e-18,-2.0881933835426025e-06,-5.150766511995982e-11
1.5891786736458774e-07,0.0,-1.9960549557659146e-20,2.1996296066675014e-18,-2.0881933835426025e-06,5.150766511995982e-11
1.5901786736458775e-07,0.0,-1.466642679134622e-20,1.6162235290774996e-18,-2.0881933835426025e-06,-5.150766511995982e-11
1.5911786736458776e-07,0.0,-1.0776462889607602e-20,1.1875537990990846e-18,-2.0881933835426025e-06,5.150766511995982e-11
1.5921786736458777e-07,0.0,-7.918228819325484e-21,8.72579813584992e-19,-2.0881933835426025e-06,-5.150766511995982e-11
1.5931786736458777e-07,0.0,-5.818083949682444e-21,6.411461372772297e-19,-2.0881933835426025e-06,5.150766511995982e-11
1.5941786736458778e-07,0.0,-4.274957230904397e-21,4.710954378384076e-19,-2.0881933835426025e-06,-5.150766511995982e-11
1.595178673645878e-07,0.0,-3.1411142435177097e-21,3.461471553185079e-19,-2.0881933835426025e-06,5.150766511995982e-11
1.596178673645878e-07,0.0,-2.3079983666426537e-21,2.5433881015440577e-19,-2.0881933835426025e-06,-5.150766511995982e-11
1.597178673645878e-07,0.0,-1.6958501915899437e-21,1.868807221455841e-19,-2.0881933835426025e-06,5.150766511995982e-11
1.598178673645878e-07,0.0,-1.24606074790581e-21,1.3731449119418095e-19,-2.0881933835426025e-06,-5.150766511995982e-11
1.5991786736458782e-07,0.0,-9.155693439509137e-22,1.0089467376257321e-19,-2.0881933835426025e-06,5.150766511995982e-11
1.6e-07,0.0,-7.112811019209575e-22,7.838237929164337e-20,-2.0881942930373043e-06,-5.150766511995982e-11
1.6000000184267754e-07,3.0404178873205705e-06,-7.112770942702749e-22,7.838193764531248e-20,-2.0980232022793643e-06,-0.007424999931941651
1.6000000552803258e-07,9.121253749311984e-06,-7.112690789807297e-22,7.838105435762763e-20,-2.0980232022793643e-06,-0.007425000151368103
1.600000128987427e-07,2.1282925385944543e-05,-7.112530487376155e-22,7.837928781211914e-20,-2.0905726216824405e-06,-0.007424999843608121
1.6000002764016288e-07,4.560626874655993e-05,-7.112209892872368e-22,7.837575484054359e-20,-2.0905726216824405e-06,-0.007425000241348489
1.600000571230033e-07,9.425295538044041e-05,-7.111568747362829e-22,7.83686893751311e-20,-2.0887099765332096e-06,-0.007424999890245171
1.6000011608868409e-07,0.00019154632873555168,-7.110286629335353e-22,7.835456035504538e-20,-2.0887099765332096e-06,-0.007425000401284489
1.600002340200457e-07,0.0003861330753584239,-7.1077230858912745e-22,7.832630995610882e-20,-2.0891756378205173e-06,-0.007425000176786219
1.600004698827689e-07,0.0007753065686915187,-7.102598767982679e-22,7.826983970940262e-20,-2.0884771458895557e-06,-0.007425000991032021
1.6000094160821535e-07,0.001553653555270358,-7.092361199129392e-22,7.815702131056781e-20,-2.088127899924075e-06,-0.007425001347948518
1.600018850591082e-07,0.0031103475285153867,-7.0719302558206735e-22,7.793187201191259e-20,-2.088244315245902e-06,-0.007425003337522995
1.6000377196089392e-07,0.006223735474918095,-7.031244551341794e-22,7.748351639904367e-20,-2.0881861075849883e-06,-0.007425006038847215
1.6000754576446534e-07,0.012450511367810859,-6.950573024219339e-22,7.65945213800124e-20,-2.0882006595002167e-06,-0.007425012720361668
1.6001509337160822e-07,0.02490406315350904,-6.791990336596494e-22,7.484695604114969e-20,-2.0881861075849883e-06,-0.007425024804002867
1.6003018858589396e-07,0.04981116672499275,-6.485556716155858e-22,7.147009249107917e-20,-2.5069213137385304e-05,-0.007425050250930099
1.6006037901446546e-07,0.09962537386796017,-5.913250470402568e-22,6.516334323061492e-20,-0.00021803128439046304,-0.00742509986503137
1.6012075987160842e-07,0.199253788153895,-4.913742155506328e-22,5.4148875997123157e-20,-0.001192152247483591,-0.00742520037298533
1.6022075987160843e-07,0.3642537881539074,-3.6104740813526555e-22,3.978701104739522e-20,-0.004530431827618031,-0.0074253656965623804
1.6032075987160844e-07,0.5292537881539198,-2.6528708048576725e-22,2.9234332549577917e-20,-0.010019822519780064,-0.007425531873316515
1.6042075987160845e-07,0.6942537881539321,-1.9492519097092841e-22,2.1480532895549947e-20,-0.017660324323060195,-0.007425697196879355
1.6052075987160845e-07,0.8592537881539446,-1.4322533182919798e-22,1.5783267591089415e-20,-0.027451937237430002,-0.0074258633736405955
1.6052862169392687e-07,0.872225794979326,-1.3982310480267822e-22,1.540834607445444e-20,-0.028312942512457084,-0.007425875978057661
1.6054434533856367e-07,0.8981698086300015,-1.332582582432497e-22,1.468490749949749e-20,-0.0300748400593136,-0.007425902466536627
1.6054725333376868e-07,0.9029680007182733,-1.3207856116796265e-22,1.4554906232336844e-20,-0.029996454611705303,-0.007425906860092368
1.6054978014983898e-07,0.9071372472342645,-1.3106198319136077e-22,1.4442880503121087e-20,-0.02970981428981645,-0.007425911474726377
1.6055109633658964e-07,0.9093089553728485,-1.305355654924887e-22,1.438486987535328e-20,-0.029561322809087187,-0.007425913229951675
1.6055278385354669e-07,0.9120933583519821,-1.2986372335789448e-22,1.4310833641270662e-20,-0.02937149476829859,-0.00742591645322932
1.605561588874608e-07,0.9176621643102492,-1.28530385999223e-22,1.4163901390799535e-20,-0.028993341943447604,-0.0074259216211487455
1.6056290895528902e-07,0.9287997762268706,-1.2590457046764479e-22,1.3874539525351334e-20,-0.02824438711868993,-0.007425933235722937
1.6057640909094547e-07,0.951075000060026,-1.2081224467951103e-22,1.3313371053379091e-20,-0.026775881121949396,-0.007425955185837552
1.606034093622584e-07,0.9956254477263369,-1.1123323655706732e-22,1.2257775324681858e-20,-0.0239564834139685,-0.007426000365228447
1.6065740990488422e-07,1.0847263430589589,-9.426684736015799e-23,1.0388098658935516e-20,-0.018788145479106788,-0.007426089444791728
1.6075740990488423e-07,1.2497263430589711,-6.926452356135855e-23,7.632871199883867e-21,-0.010873606868841534,-0.0074262556213540165
1.6085740990488424e-07,1.4147263430589836,-5.089354697359873e-23,5.608410611686141e-21,-0.005110179368784884,-0.007426420945137124
1.6095740990488424e-07,1.579726343058996,-3.7395090450049953e-23,4.120896156318255e-21,-0.0014978629798463317,-0.007426587121670991
1.6105740990488425e-07,1.7447263430590083,-2.7476819222113744e-23,3.0279140218039556e-21,-3.665770202587737e-05,-0.007426752445439888
1.6115740990488426e-07,1.909726343059021,-2.0189163483217778e-23,2.2248227025522125e-21,-2.0881933835426025e-06,-0.007426918622030598
1.6125740990488427e-07,2.0747263430590333,-1.483440709990885e-23,1.634734679435429e-21,-2.0881933835426025e-06,-0.007427083945799495
1.6135740990488427e-07,2.2397263430590457,-1.0899888655077791e-23,1.201155251195186e-21,-2.0881933835426025e-06,-0.007427250122390205
1.6145740990488428e-07,2.404726343059058,-8.00891952692655e-24,8.825737629619782e-22,-2.0881933835426025e-06,-0.007427415446130681
1.615574099048843e-07,2.56972634305907,-5.884719928681411e-24,6.484893990962458e-22,-2.0881933835426025e-06,-0.0074275816226645475
1.616574099048843e-07,2.7347263430590827,-4.323920164573075e-24,4.764910519533844e-22,-2.0881933835426025e-06,-0.007427746946405023
1.617574099048843e-07,2.8997263430590956,-3.1770901276949986e-24,3.501116948219321e-22,-2.0881933835426025e-06,-0.007427913123024155
1.618574099048843e-07,3.0647263430591076,-2.3344329440122524e-24,2.5725183788567275e-22,-2.0881933835426025e-06,-0.00742807844676463
1.6195740990488432e-07,3.22972634305912,-1.7152730804233114e-24,1.8902112975464891e-22,-2.0881933835426025e-06,-0.007428244623326918
1.62e-07,3.299999999999986,-1.5055461237982281e-24,1.6590945923809982e-22,-2.0881933835426025e-06,-0.007428314790161039
1.6200021036038045e-07,3.3000000000000003,-1.5045783184015555e-24,1.658028081911895e-22,-2.087895069280421e-06,-3.3150035960716195e-06
1.6200063108114137e-07,3.3000000000000003,-1.502643951866912e-24,1.6558964321367146e-22,-2.087895069280421e-06,-3.315003027637431e-06
1.6200147252266323e-07,3.3000000000000003,-1.4987826747807351e-24,1.6516413489942586e-22,-2.088127899924075e-06,-3.3150036529150384e-06
1.6200315540570692e-07,3.3000000000000003,-1.4910898488704556e-24,1.643163942909747e-22,-2.088127899924075e-06,-3.315003027637431e-06
1.6200652117179433e-07,3.3000000000000003,-1.4758223490996234e-24,1.62633933295042e-22,-2.08817155566976e-06,-3.3150037097584573e-06
1.6201325270396916e-07,3.3000000000000003,-1.445753939694188e-24,1.5932042900199228e-22,-2.08817155566976e-06,-3.315003027637431e-06
1.6202671576831878e-07,3.3000000000000003,-1.387436429203739e-24,1.5289390610996415e-22,-2.0882006595002167e-06,-3.3150035960716195e-06
1.6205364189701803e-07,3.3000000000000003,-1.277718967563269e-24,1.4080316744576547e-22,-2.088191564553199e-06,-3.315003027637431e-06
1.6210749415441652e-07,3.3000000000000003,-1.0833231383369455e-24,1.1938096961652322e-22,-2.0881924740479008e-06,-3.3150035960716195e-06
1.6220749415441652e-07,3.3000000000000003,-7.959941712399722e-25,8.771764638723066e-23,-2.0881933835426025e-06,-3.315003027637431e-06
1.6230749415441653e-07,3.3000000000000003,-5.8487324624210135e-25,6.445236215144864e-23,-2.0881933835426025e-06,-3.3150036529150384e-06
1.6240749415441654e-07,3.3000000000000003,-4.297477626459098e-25,4.73577114525295e-23,-2.0881933835426025e-06,-3.315003027637431e-06
1.6250749415441655e-07,3.3000000000000003,-3.157660923728467e-25,3.4797061878835053e-23,-2.0881933835426025e-06,-3.3150036529150384e-06
1.6260749415441655e-07,3.3000000000000003,-2.3201569329517053e-25,2.556786378102741e-23,-2.0881933835426025e-06,-3.315003027637431e-06
1.6270749415441656e-07,3.3000000000000003,-1.7047834848500842e-25,1.8786518833154385e-23,-2.0881933835426025e-06,-3.3150036529150384e-06
1.6280749415441657e-07,3.3000000000000003,-1.252625065545533e-25,1.3803784817187496e-23,-2.0881933835426025e-06,-3.315003027637431e-06
1.6290749415441658e-07,3.3000000000000003,-9.203922778339339e-26,1.0142617531830527e-23,-2.0881933835426025e-06,-3.3150036529150384e-06
1.6300749415441658e-07,3.3000000000000003,-6.762773382043307e-26,7.452498844295671e-24,-2.0881933835426025e-06,-3.315003027637431e-06
1.631074941544166e-07,3.3000000000000003,-4.969088172336803e-26,5.4758782779620986e-24,-2.0881933835426025e-06,-3.3150036529150384e-06
1.632074941544166e-07,3.3000000000000003,-3.651140718388379e-26,4.023515272063223e-24,-2.0881933835426025e-06,-3.315003027637431e-06
1.633074941544166e-07,3.3000000000000003,-2.6827514592548013e-26,2.956361394970739e-24,-2.0881933835426025e-06,-3.3150036529150384e-06
1.6340749415441661e-07,3.3000000000000003,-1.97120734237071e-26,2.172247924186826e-24,-2.0881933835426025e-06,-3.315003027637431e-06
1.6350749415441662e-07,3.3000000000000003,-1.4483855271880963e-26,1.596104269309294e-24,-2.0881933835426025e-06,-3.3150036529150384e-06
1.6360749415441663e-07,3.3000000000000003,-1.0642313420149716e-26,1.1727707551894757e-24,-2.0881933835426025e-06,-3.315003027637431e-06
1.6370749415441664e-07,3.3000000000000003,-7.819660774504942e-27,8.617176651140012e-25,-2.0881933835426025e-06,-3.3150036529150384e-06
1.6380749415441665e-07,3.3000000000000003,-5.7456581303353975e-27,6.331649481228375e-25,-2.0881933835426025e-06,-3.315003027637431e-06
1.6390749415441665e-07,3.3000000000000003,-4.221741620620022e-27,4.652310933864387e-25,-2.0881933835426025e-06,-3.3150036529150384e-06
1.6400749415441666e-07,3.3000000000000003,-3.1020123207592228e-27,3.418382064503523e-25,-2.0881933835426025e-06,-3.315003027637431e-06
1.6410749415441667e-07,3.3000000000000003,-2.279267966378747e-27,2.5117272050458357e-25,-2.0881933835426025e-06,-3.3150036529150384e-06
1.6420749415441668e-07,3.3000000000000003,-1.6747394675880226e-27,1.8455437202522382e-25,-2.0881933835426025e-06,-3.315003027637431e-06
1.6430749415441668e-07,3.3000000000000003,-1.2305496000009155e-27,1.356051571412716e-25,-2.0881933835426025e-06,-3.3150036529150384e-06
1.644074941544167e-07,3.3000000000000003,-9.041718711194552e-28,9.963870506842113e-26,-2.0881933835426025e-06,-3.315003027637431e-06
1.645074941544167e-07,3.3000000000000003,-6.643590575567755e-28,7.321160755980024e-26,-2.0881933835426025e-06,-3.3150036529150384e-06
1.6451128888975845e-07,3.3000000000000003,-1.8750425654865545e-15,-1.0719112267285298e-17,-2.088186107640246e-06,-3.315003027637431e-06
1.6451887836044198e-07,3.3000000000000003,1.3481939252434661e-15,-1.6464855418865402e-17,-2.0881715557111147e-06,-3.3150036529150384e-06
1.6451925934888795e-07,3.3000000000000003,-7.78721577761138e-15,-2.016055545684611e-17,-2.087895069429994e-06,-3.315003027637431e-06
1.6452002132577987e-07,3.3000000000000003,2.165651516019614e-15,-2.6596495124269162e-17,-2.0880696923295955e-06,-3.3150036529150384e-06
1.6452154527956374e-07,3.3000000000000003,1.4893807294334236e-15,-1.8053850754382493e-17,-2.088157003800213e-06,-3.315003027637431e-06
1.6452459318713145e-07,3.3000000000000003,6.848182237249217e-16,-7.89348330154497e-18,-2.0881424518602953e-06,-3.3150035960716195e-06
1.6453068900226686e-07,3.3000000000000003,1.0228021156565485e-16,-5.458301956947805e-19,-2.0881788316304904e-06,-3.315003027637431e-06
1.6453099500978687e-07,3.3000000000000003,-9.288532327983045e-15,-4.802870807036777e-18,-2.088011484718057e-06,-3.3150036529150384e-06
1.6453160702482692e-07,3.3000000000000003,1.0550418474252934e-15,-1.2422447303951471e-17,-2.0880114846345966e-06,-3.315003027637431e-06
1.6453163774773942e-07,3.3000000000000003,-9.846390205892048e-15,-1.2830527563966588e-17,-2.0887099766814166e-06,-3.3150037097584573e-06
1.645316991935644e-07,3.3000000000000003,1.1526694661090757e-15,-1.3637485858818426e-17,-2.0887099765685533e-06,-3.315003027637431e-06
1.6453182208521437e-07,3.3000000000000003,1.1187784707298398e-15,-1.3209544554812961e-17,-2.0887099765675135e-06,-3.3150036529150384e-06
1.6453182825432648e-07,3.3000000000000003,-9.924417943142752e-15,-1.329160352772021e-17,-2.083122041236089e-06,-3.315003027637431e-06
1.645318405925507e-07,3.3000000000000003,1.1385291179993475e-15,-1.3455347654310466e-17,-2.0831220411204263e-06,-3.3150039371321327e-06
1.6453184121192467e-07,3.3000000000000003,-9.937167880206828e-15,-1.3463579879563742e-17,-2.1576278472060304e-06,-3.315010303595045e-06
1.6453184245067258e-07,3.3000000000000003,1.1405124445113265e-15,-1.3480040561237128e-17,-2.1576278470897256e-06,-3.315006665616238e-06
1.6453184492816843e-07,3.3000000000000003,1.1398265276032345e-15,-1.3471379497036221e-17,-2.0980232023143138e-06,-3.3150048466268345e-06
1.6453184988316014e-07,3.3000000000000003,1.1384559309584527e-15,-1.3454073002992922e-17,-2.1129243635081195e-06,-3.3150039371321327e-06
1.6453185013189875e-07,3.3000000000000003,-9.938964998237577e-15,-1.345737966447325e-17,-2.0384185576552487e-06,-3.3150175795526593e-06
1.64531850629376e-07,3.3000000000000003,1.1392529718288699e-15,-1.3463992379184886e-17,-2.0384185575389058e-06,-3.3149957516798167e-06
1.6453185162433046e-07,3.3000000000000003,1.1389777644450608e-15,-1.3460517342024872e-17,-2.098023202314288e-06,-3.315006665616238e-06
1.6453185172082408e-07,3.3000000000000003,-9.939934234788517e-15,-1.3461800109445681e-17,-2.753674294959961e-06,-3.3150175795526593e-06
1.6453185191381133e-07,3.3000000000000003,1.1392868932961332e-15,-1.3464365552771266e-17,-2.276837136640469e-06,-3.3150175795526593e-06
1.645318519563044e-07,3.3000000000000003,-9.93968277195137e-15,-1.3464930449148416e-17,-2.7536742949599693e-06,-3.3150175795526593e-06
1.6453185198557307e-07,3.3000000000000003,0.4531280242480064,2.0094628663306283e-08,-0.013731497420960184,-3.3151339948744862e-06
1.6453185201958465e-07,3.3000000000000003,0.4531393680215229,6.679701944805822e-08,-0.013733747116300694,-3.3151339948744862e-06
1.645318520351977e-07,3.3000000000000003,0.4531445753644859,8.823621118331414e-08,-0.0137300895728446,-3.31536682551814e-06
1.6453185205906885e-07,3.3000000000000003,0.45315253694117,1.210155124665621e-07,-0.01373414454466415,-3.3151339948744862e-06
1.6453185210681112e-07,3.3000000000000003,0.45316845995538235,1.8657583565395888e-07,-0.013734625089488037,-3.3151339948744862e-06
1.6453185220229566e-07,3.3000000000000003,0.4532003054254089,3.1770336441019325e-07,-0.013736062999176587,-3.3150175795526593e-06
1.6453185239326477e-07,3.3000000000000003,0.45326399413353546,5.799859506310957e-07,-0.013737746657174171,-3.315046683383116e-06
1.64531852775203e-07,3.3000000000000003,0.4533913626206758,1.104661231368157e-06,-0.013741590536427163,-3.315003027637431e-06
1.6453185353907943e-07,3.3000000000000003,0.4536460638857338,2.154452173722278e-06,-0.01374933680407322,-3.315010303595045e-06
1.6453185506683229e-07,3.3000000000000003,0.45415532360943617,4.255795163630664e-06,-0.013764675946787815,-3.315006665616238e-06
1.64531858122338e-07,3.3000000000000003,0.455173272098951,8.465522219087368e-06,-0.013795426123498744,-3.3150048466268345e-06
1.6453186423334944e-07,3.3000000000000003,0.45720688737972254,1.691311389378561e-05,-0.013856789424385342,-3.3150039371321327e-06
1.6453187645537233e-07,3.3000000000000003,0.4612650081803398,3.392063394748118e-05,-0.013979247735422685,-3.315003482384782e-06
1.645319008994181e-07,3.3000000000000003,0.46934494654246334,6.838331819684309e-05,-0.014223059971285583,-3.3150037097584573e-06
1.6453194978750965e-07,3.3000000000000003,0.4853606894735549,0.00013908573298614685,-0.01470625810166931,-3.315003027637431e-06
1.6453204756369272e-07,3.3000000000000003,0.5168241586681085,0.000287491945189034,-0.015655231798981983,-3.3150035960716195e-06
1.645321966774427e-07,3.3000000000000003,0.5633840450361528,0.0005313583000059213,-0.0170587941168853,-3.31500308448085e-06
1.6453233862123955e-07,3.3000000000000003,0.6061536993746034,0.0007826039351809355,-0.01834727351396326,-3.3150035960716195e-06
1.645324919913292e-07,3.3000000000000003,0.6507271757949064,0.0010742450676405598,-0.019689191884074152,-3.315003027637431e-06
1.6453263978333636e-07,3.3000000000000003,0.6921248456873382,0.0013743979550690881,-0.020934612584971358,-3.3150036529150384e-06
1.645328167104051e-07,3.3000000000000003,0.7397561131503922,0.0017574046220573776,-0.022366425462115525,-3.315003027637431e-06
1.6453299809794501e-07,3.3000000000000003,0.7864937243631178,0.002175782307226996,-0.02377008533698637,-3.3150036529150384e-06
1.645332077776389e-07,3.3000000000000003,0.8380006687013732,0.0026903325520522235,-0.025315360441753313,-3.315003027637431e-06
1.6453342443541484e-07,3.3000000000000003,0.8885170355396642,0.0032551436918826344,-0.026829094464188418,-3.3150037097584573e-06
1.6453366924734762e-07,3.3000000000000003,0.9424684352572731,0.003931640179089444,-0.02844353965545863,-3.31500308448085e-06
1.6453392472248718e-07,3.3000000000000003,0.9954276179978556,0.0046784350344055686,-0.03002578595415058,-3.3150036529150384e-06
1.6453420933075443e-07,3.3000000000000003,1.0506581144387628,0.005556344143744647,-0.031672889518468875,-3.315003027637431e-06
1.6453450869964786e-07,3.3000000000000003,1.104748225271717,0.006528531681530957,-0.03328257764791571,-3.3150036529150384e-06
1.6453483911906222e-07,3.3000000000000003,1.1600263622810099,0.007655257277890846,-0.03492358455425036,-3.315003027637431e-06
1.6453518900076088e-07,3.3000000000000003,1.21388750260283,0.008904946525280014,-0.03651792481167316,-3.3150036529150384e-06
1.645355730139585e-07,3.3000000000000003,1.2679318862005342,0.010337767651352138,-0.03811226862791884,-3.315003027637431e-06
1.6453597582837895e-07,3.3000000000000003,1.3194198276530222,0.011903318486030335,-0.0396251199480498,-3.3150036529150384e-06
1.6453640262834412e-07,3.3000000000000003,1.3687095384662322,0.01362513360320547,-0.04106662050610175,-3.315003027637431e-06
1.6453684737487686e-07,3.3000000000000003,1.4148758491719537,0.015481262362451878,-0.04240939945871441,-3.3150035960716195e-06
1.6453731789970193e-07,3.3000000000000003,1.4585443344723894,0.017506253399068854,-0.04367136719587918,-3.315003027637431e-06
1.645378096587618e-07,3.3000000000000003,1.4991129618291335,0.019682263976513074,-0.04483482039422856,-3.3150036529150384e-06
1.6453832946320395e-07,3.3000000000000003,1.5370028256754091,0.022040595409240797,-0.045911571503976296,-3.31500308448085e-06
1.645388739147695e-07,3.3000000000000003,1.5718416157822857,0.024566716317271822,-0.04689077813672247,-3.3150035960716195e-06
1.6453944950441813e-07,3.3000000000000003,1.6039545828267898,0.027291120232671887,-0.04778137276876716,-3.315003027637431e-06
1.6454005411339413e-07,3.3000000000000003,1.6331477611037868,0.030203876508767158,-0.048577778269810475,-3.3150035960716195e-06
1.6454069421306986e-07,3.3000000000000003,1.6596856719282054,0.03333580057855155,-0.049287077133640354,-3.315003027637431e-06
1.6454136901110448e-07,3.3000000000000003,1.68350015471043,0.036682356806048755,-0.04990734114676767,-3.3150037097584573e-06
1.6454208532467555e-07,3.3000000000000003,1.7048187900399705,0.040276254299497195,-0.0504444757914164,-3.315003027637431e-06
1.6454284389308584e-07,3.3000000000000003,1.7236613914780199,0.044119764310615484,-0.05089901261426299,-3.3150036529150384e-06
1.6454365238172435e-07,3.3000000000000003,1.74023371364065,0.0482498250287612,-0.051276067470392574,-3.315003027637431e-06
1.6454451347739177e-07,3.3000000000000003,1.754615137797707,0.05267784143481006,-0.05157770032676318,-3.3150036529150384e-06
1.6454543644024555e-07,3.3000000000000003,1.7669981398712626,0.057448562133289895,-0.05180838784475441,-3.315003027637431e-06
1.645464266843868e-07,3.3000000000000003,1.7775003625574841,0.06258652400435734,-0.05197095170500007,-3.3150036529150384e-06
1.645474962847368e-07,3.3000000000000003,1.786305039957712,0.06815017776783225,-0.052069173347185624,-3.315003027637431e-06
1.6454865484737466e-07,3.3000000000000003,1.7935519704636989,0.07418439755585732,-0.052105929403750285,-3.3150035960716195e-06
1.6454991944102845e-07,3.3000000000000003,1.7994160506272519,0.08077180350932267,-0.05208401630448723,-3.315003027637431e-06
1.6455130673660007e-07,3.3000000000000003,1.8040467653185097,0.08799141493571842,-0.05200556954808786,-3.3150035960716195e-06
1.6455284353285894e-07,3.3000000000000003,1.8076101698678633,0.0959727262423608,-0.051871697090978976,-3.315003027637431e-06
1.6455456006919833e-07,3.3000000000000003,1.8102547921583731,0.10485978740982375,-0.05168253492110216,-3.3150036529150384e-06
1.6455650148918593e-07,3.3000000000000003,1.8121316606272146,0.11486885994684407,-0.05143610637167922,-3.315003027637431e-06
1.645587256195986e-07,3.3000000000000003,1.8133793569357262,0.1262738243977242,-0.05112831158597294,-3.3150036529150384e-06
1.6456132034504457e-07,3.3000000000000003,1.8141303850542974,0.13949019888129263,-0.05075057459749683,-3.315003027637431e-06
1.6456441186609582e-07,3.3000000000000003,1.8145026138447182,0.15510723092291331,-0.050288611249352445,-3.3150036529150384e-06
1.6456820458891453e-07,3.3000000000000003,1.814598337870874,0.17407040435050883,-0.0497168704541895,-3.31500308448085e-06
1.6457303641254925e-07,3.3000000000000003,1.8144969042980301,0.19791552218703815,-0.04899121729421763,-3.3150036529150384e-06
1.6457953874089363e-07,3.3000000000000003,1.814245944899619,0.22945547811731531,-0.048027855972731785,-3.315003027637431e-06
1.6458903663032956e-07,3.3000000000000003,1.8138428646544116,0.2744152925223499,-0.04665322239839131,-3.3150035960716195e-06
1.6460515873150777e-07,3.3000000000000003,1.8131764189889568,0.34781456398224647,-0.04440880607966899,-3.315003027637431e-06
1.6462365062927394e-07,3.3000000000000003,1.8124519969321338,0.4276699719337021,-0.041966992324709684,-3.3150036529150384e-06
1.646440680662354e-07,3.3000000000000003,1.8116980620164687,0.5107542712358023,-0.039426439022391443,-3.315003027637431e-06
1.6466529195457166e-07,3.3000000000000003,1.8109627616898656,0.591794537890851,-0.03694839080277083,-3.3150035960716195e-06
1.6468840786472198e-07,3.3000000000000003,1.810214310520397,0.6742799027779368,-0.0344261532023113,-3.315003027637431e-06
1.6471259730487865e-07,3.3000000000000003,1.8094857435034832,0.754575809004091,-0.03197086540573235,-3.3150036529150384e-06
1.647386640461162e-07,3.3000000000000003,1.8087586380782228,0.8347096677229963,-0.029520532419167786,-3.315003027637431e-06
1.647658869442924e-07,3.3000000000000003,1.8080586831653513,0.9118517670573122,-0.02716168158865086,-3.3150035960716195e-06
1.647949654730536e-07,3.3000000000000003,1.8073726330355975,0.9874611579598027,-0.024849697844647314,-3.315003027637431e-06
1.6482375538144853e-07,3.3000000000000003,1.806750955701342,1.0559761781569534,-0.022754645782646223,-3.3150036529150384e-06
1.648528592807485e-07,3.3000000000000003,1.8061757548522142,1.1193689502803026,-0.02081622178218137,-3.315003027637431e-06
1.648815437009409e-07,3.3000000000000003,1.8056568284660697,1.17655976756811,-0.01906744115012854,-3.3150036529150384e-06
1.6491053933264417e-07,3.3000000000000003,1.805176567154258,1.229489287304716,-0.01744896245809695,-3.315002970794012e-06
1.6493926641758013e-07,3.3000000000000003,1.8047409788393138,1.277495416742961,-0.015981031181514734,-3.3150036529150384e-06
1.6496823377112857e-07,3.3000000000000003,1.8043388482988603,1.3218141618814534,-0.014625852728489727,-3.31500308448085e-06
1.649969943352996e-07,3.3000000000000003,1.8039733429793374,1.3620964511408584,-0.013394101012133203,-3.3150035960716195e-06
1.6502593431343492e-07,3.3000000000000003,1.8036366281973535,1.399205737101275,-0.012259373380166692,-3.31500308448085e-06
1.650547182444133e-07,3.3000000000000003,1.8033300393601859,1.4329948483610069,-0.0112261700421809,-3.3150036529150384e-06
1.6508363780492864e-07,3.3000000000000003,1.8030480307675747,1.4640749738165024,-0.010275802059911819,-3.315003027637431e-06
1.6511243976613657e-07,3.3000000000000003,1.802790909683084,1.4924122509751636,-0.009409304886342803,-3.3150036529150384e-06
1.6514134410964128e-07,3.3000000000000003,1.8025546768242722,1.5184474396759804,-0.008613200966493784,-3.315003027637431e-06
1.6517015978376365e-07,3.3000000000000003,1.8023390748116384,1.542208905944087,-0.00788662292419393,-3.3150035960716195e-06
1.6519905276366918e-07,3.3000000000000003,1.8021411612167864,1.564020934239642,-0.0072196547901533506,-3.315003027637431e-06
1.6522787892077885e-07,3.3000000000000003,1.8019603946531664,1.5839431906764208,-0.006610472092440475,-3.3150036529150384e-06
1.6525676347924623e-07,3.3000000000000003,1.801794567966823,1.6022189255074095,-0.006051636730985847,-3.31500308448085e-06
1.652855977084137e-07,3.3000000000000003,1.801643021501497,1.6189208392758867,-0.005540925663242658,-3.3150036529150384e-06
1.6531447608956333e-07,3.3000000000000003,1.8015040691276845,1.634234760012352,-0.005072656642153299,-3.315003027637431e-06
1.6534331660142053e-07,3.3000000000000003,1.8013770277597858,1.648235970570787,-0.004644527667030055,-3.3150036529150384e-06
1.653721905320886e-07,3.3000000000000003,1.8012605877501717,1.661068806973934,-0.004252125238660468,-3.315003027637431e-06
1.6540103601133808e-07,3.3000000000000003,1.801154094253338,1.6728054396357483,-0.0038932425176653727,-3.3150036529150384e-06
1.6542990683361284e-07,3.3000000000000003,1.8010565150803681,1.6835596259981755,-0.003564401040241222,-3.315003027637431e-06
1.6545875633220565e-07,3.3000000000000003,1.8009672493306255,1.693397591205663,-0.0032635757722716376,-3.3150035960716195e-06
1.6548762510540245e-07,3.3000000000000003,1.8008854732898805,1.7024101166591679,-0.0029879907985693455,-3.315003027637431e-06
1.655164779604354e-07,3.3000000000000003,1.8008106504064278,1.7106563356928213,-0.002735837936577886,-3.3150036529150384e-06
1.6554534554143235e-07,3.3000000000000003,1.8007421164776092,1.7182094499621339,-0.0025048788317193547,-3.31500308448085e-06
1.6557420131409537e-07,3.3000000000000003,1.800679400988287,1.7251213148394196,-0.0022935278487929527,-3.3150036529150384e-06
1.6560306841772704e-07,3.3000000000000003,1.8006219637985186,1.7314514591268164,-0.0020999647162610806,-3.315002970794012e-06
1.6563192685225338e-07,3.3000000000000003,1.800569397396493,1.7372447945588152,-0.0019228161232801107,-3.3150036529150384e-06
1.6566079409846828e-07,3.3000000000000003,1.800521259538323,1.7425500608722138,-0.0017605917045012168,-3.315003027637431e-06
1.6568965509044818e-07,3.3000000000000003,1.8004772003549305,1.747405817036,-0.001612112409285164,-3.3150035960716195e-06
1.65718523043151e-07,3.3000000000000003,1.8004368558043307,1.7518521839927623,-0.0014761514142149052,-3.315003027637431e-06
1.6574738662162579e-07,3.3000000000000003,1.800399927385969,1.755922059620265,-0.0013517027698454571,-3.3150036529150384e-06
1.6577625582296605e-07,3.3000000000000003,1.800366114174569,1.759648608686511,-0.0012377523621398513,-3.315003027637431e-06
1.6580512213221378e-07,3.3000000000000003,1.8003351626565367,1.7630597709436742,-0.0011334458531536615,-3.3150035960716195e-06
1.6583399313249636e-07,3.3000000000000003,1.8003068232603094,1.766183051647539,-0.001037942187251761,-3.315003027637431e-06
1.6586286243509707e-07,3.3000000000000003,1.8002808814102946,1.7690420991425857,-0.000950518241770689,-3.3150036529150384e-06
1.658917358088735e-07,3.3000000000000003,1.8002571296028562,1.7716597823733573,-0.00087047473199402,-3.31500308448085e-06
1.6592060848307808e-07,3.3000000000000003,1.8002353866639331,1.7740560684569342,-0.0007972011035274781,-3.3150036529150384e-06
1.659494848652926e-07,3.3000000000000003,1.800215479736559,1.776250008032014,-0.0007301148241549576,-3.315003027637431e-06
1.6597836141034293e-07,3.3000000000000003,1.800197256134065,1.7782584285856233,-0.0006687013448283748,-3.3150036529150384e-06
1.6600724151027778e-07,3.3000000000000003,1.800180571646876,1.7800972234855894,-0.00061247468366622,-3.31500308448085e-06
1.6603612256184244e-07,3.3000000000000003,1.8001652977701124,1.7817805551716894,-0.0005610017725744716,-3.3150036529150384e-06
1.660650071989383e-07,3.3000000000000003,1.8001513140627787,1.7833216975700406,-0.0005138767250404281,-3.315003027637431e-06
1.660938935362027e-07,3.3000000000000003,1.8001385124845843,1.7847325575520137,-0.00047073545286300644,-3.3150036529150384e-06
1.6612278366273098e-07,3.3000000000000003,1.8001267923547035,1.7860242314260917,-0.0004312386531091192,-3.315003027637431e-06
1.6615167624452092e-07,3.3000000000000003,1.8001160629113437,1.787206721716115,-0.00039508046868516383,-3.3150035960716195e-06
1.6618057297333105e-07,3.3000000000000003,1.8001062399392669,1.7882893101220725,-0.00036197708374490726,-3.315003027637431e-06
1.662094729564532e-07,3.3000000000000003,1.8000972472332426,1.7892803948545744,-0.00033167169603150757,-3.3150036529150384e-06
1.662383776035066e-07,3.3000000000000003,1.8000890143173456,1.7901877434021767,-0.00030392679672835835,-3.315003027637431e-06
1.6626728638213354e-07,3.3000000000000003,1.800081477234912,1.7910184040468509,-0.0002785268581011885,-3.3150036529150384e-06
1.6629620051146653e-07,3.3000000000000003,1.8000745769869642,1.7917788794147658,-0.0002552730447052877,-3.31500308448085e-06
1.663251197567345e-07,3.3000000000000003,1.800068259916605,1.792475082843406,-0.00023398453836543731,-3.3150036529150384e-06
1.6635404520271498e-07,3.3000000000000003,1.8000624766188602,1.7931124591873884,-0.00021449484829589533,-3.315003027637431e-06
1.6638297692856805e-07,3.3000000000000003,1.8000571820800262,1.7936959695742254,-0.00019665226585277161,-3.3150036529150384e-06
1.6641191591490184e-07,3.3000000000000003,1.800052334928978,1.794230173355991,-0.00018031738607402614,-3.315003027637431e-06
1.6644086248092133e-07,3.3000000000000003,1.8000478974145824,1.7947192311937277,-0.00016536297700731623,-3.3150036529150384e-06
1.6646981764157365e-07,3.3000000000000003,1.8000438348753096,1.795166963004322,-0.0001516722332865124,-3.315002970794012e-06
1.6649878191466894e-07,3.3000000000000003,1.8000401156613455,1.7955768570788673,-0.00013913849536975075,-3.3150036529150384e-06
1.665277563682147e-07,3.3000000000000003,1.8000367107318689,1.7959521138095342,-0.0001276638962367762,-3.315003027637431e-06
1.6655674175199076e-07,3.3000000000000003,1.8000335935510738,1.7962956579131113,-0.00011715900568495414,-3.3150036529150384e-06
1.6658573923407966e-07,3.3000000000000003,1.8000307397856374,1.7966101709513205,-0.00010754182692724684,-3.31500308448085e-06
1.6661474979198658e-07,3.3000000000000003,1.8000281271896073,1.7968981047505053,-9.873738995384915e-05,-3.3150035960716195e-06
1.6664377477849688e-07,3.3000000000000003,1.8000257353721574,1.7971617066506256,-9.067697004018451e-05,-3.315003027637431e-06
1.6667326648837523e-07,3.3000000000000003,1.8000235131400835,1.7974066184725292,-8.318805710875273e-05,-3.3150036529150384e-06
1.667038228463654e-07,3.3000000000000003,1.8000214126343683,1.797638114938986,-7.610935706142437e-05,-3.315003027637431e-06
1.6673522791358985e-07,3.3000000000000003,1.8000194489299048,1.7978545344960606,-6.949168232542167e-05,-3.3150036529150384e-06
1.6676774225332214e-07,3.3000000000000003,1.8000176051400538,1.7980577383419638,-6.32781157218749e-05,-3.31500308448085e-06
1.668012029802731e-07,3.3000000000000003,1.8000158897626373,1.7982467897658028,-5.749730371483287e-05,-3.3150036529150384e-06
1.6683587742611017e-07,3.3000000000000003,1.8000142880178387,1.7984233179009066,-5.209942513275519e-05,-3.315003027637431e-06
1.668716626828434e-07,3.3000000000000003,1.800012803798653,1.7985868934206706,-4.709761520741222e-05,-3.3150036529150384e-06
1.669088069554604e-07,3.3000000000000003,1.8000114257614868,1.7987387667496002,-4.245363301496002e-05,-3.315003027637431e-06
1.66947251766044e-07,3.3000000000000003,1.8000101551565608,1.7988787998913045,-3.817169637807056e-05,-3.3150035960716195e-06
1.6698723726660568e-07,3.3000000000000003,1.8000089829693338,1.7990079864853457,-3.4221430946336494e-05,-3.315003027637431e-06
1.6702875092702348e-07,3.3000000000000003,1.8000079085745644,1.7991263953758045,-3.0600722443399305e-05,-3.3150036529150384e-06
1.6707203633297757e-07,3.3000000000000003,1.8000069245503691,1.7992348445470683,-2.7284565822731678e-05,-3.315003027637431e-06
1.6711712967997305e-07,3.3000000000000003,1.800006029008579,1.7993335420604035,-2.4266592656119206e-05,-3.3150036529150384e-06
1.6716429080209377e-07,3.3000000000000003,1.8000052156231126,1.7994231851643876,-2.152548610889981e-05,-3.315003027637431e-06
1.672136113803151e-07,3.3000000000000003,1.8000044816721885,1.7995040737786632,-1.90520752298203e-05,-3.3150036529150384e-06
1.6726538378121824e-07,3.3000000000000003,1.8000038215805265,1.799576822401062,-1.6827568068238743e-05,-3.31500308448085e-06
1.673197680517846e-07,3.3000000000000003,1.8000032320880026,1.7996417902630468,-1.484098099179683e-05,-3.3150036529150384e-06
1.673771113488028e-07,3.3000000000000003,1.800002708139535,1.7996995345635594,-1.3075275967910685e-05,-3.315003027637431e-06
1.6743766393565881e-07,3.3000000000000003,1.800002246144826,1.7997504509217515,-1.1518355731522016e-05,-3.3150036529150384e-06
1.6750186073527614e-07,3.3000000000000003,1.8000018414157304,1.7997950560797207,-1.0154418407337468e-05,-3.315003027637431e-06
1.675700793512057e-07,3.3000000000000003,1.8000014901773909,1.7998337659632972,-8.970747736514125e-06,-3.3150036529150384e-06
1.6764289476938806e-07,3.3000000000000003,1.800001188013924,1.7998670674124924,-7.952457007071054e-06,-3.315003027637431e-06
1.6772087549173724e-07,3.3000000000000003,1.8000009310736784,1.7998953846919878,-7.086571337183815e-06,-3.3150036529150384e-06
1.67804825360359e-07,3.3000000000000003,1.800000715158237,1.7999191807626997,-6.3589351860746445e-06,-3.31500308448085e-06
1.6789561871150527e-07,3.3000000000000003,1.8000005364236313,1.7999388790379613,-5.756599969338953e-06,-3.3150035960716195e-06
1.679944485988503e-07,3.3000000000000003,1.8000003908693505,1.7999549205777712,-5.266082730290439e-06,-3.31500308448085e-06
1.6809444859885032e-07,3.3000000000000003,1.8000002824251342,1.7999668721750006,-4.900627293065292e-06,-3.3150036529150384e-06
1.6819444859885032e-07,3.3000000000000003,1.8000002027438493,1.7999756538617087,-4.632100910569725e-06,-3.315003027637431e-06
1.6829444859885033e-07,3.3000000000000003,1.8000001441960096,1.7999821063901877,-4.434795509016433e-06,-3.3150036529150384e-06
1.6839444859885034e-07,3.3000000000000003,1.800000101177049,1.7999868475208038,-4.289821236421393e-06,-3.315003027637431e-06
1.6849444859885035e-07,3.3000000000000003,1.800000069567717,1.7999903311659562,-4.183298341653908e-06,-3.3150036529150384e-06
1.6859444859885035e-07,3.3000000000000003,1.8000000463423087,1.7999928908472869,-4.105028417234207e-06,-3.315003027637431e-06
1.6869444859885036e-07,3.3000000000000003,1.8000000292767737,1.7999947716268268,-4.047517943360408e-06,-3.3150036529150384e-06
1.6879444859885037e-07,3.3000000000000003,1.800000016737666,1.7999961535690348,-4.005260921245369e-06,-3.315003027637431e-06
1.6889444859885038e-07,3.3000000000000003,1.8000000075241644,1.7999971689800554,-3.974211684098219e-06,-3.3150036529150384e-06
1.6899444859885038e-07,3.3000000000000003,1.8000000007544605,1.7999979150745962,-3.951397609303449e-06,-3.315003027637431e-06
1.690944485988504e-07,3.3000000000000003,1.7999999957801855,1.799998463283208,-3.934634486538845e-06,-3.3150036529150384e-06
1.691944485988504e-07,3.3000000000000003,1.7999999921253118,1.7999988660909816,-3.922317432981308e-06,-3.315003027637431e-06
1.692944485988504e-07,3.3000000000000003,1.7999999894397498,1.799999162062442,-3.913267217484618e-06,-3.3150036529150384e-06
1.693944485988504e-07,3.3000000000000003,1.7999999874665333,1.7999993795336784,-3.906617383607508e-06,-3.315003027637431e-06
1.6949444859885042e-07,3.3000000000000003,1.7999999860166231,1.799999539325231,-3.901731277235324e-06,-3.3150036529150384e-06
1.6959444859885043e-07,3.3000000000000003,1.799999984951312,1.7999996567354248,-3.898141109355615e-06,-3.315003027637431e-06
1.6969444859885044e-07,3.3000000000000003,1.7999999841685177,1.7999997430050274,-3.89550315713398e-06,-3.3150036529150384e-06
1.6979444859885044e-07,3.3000000000000003,1.7999999835933729,1.7999998063934268,-3.893564867333899e-06,-3.315003027637431e-06
1.6989444859885045e-07,3.3000000000000003,1.7999999831707474,1.799999852969383,-3.892140667483386e-06,-3.3150036529150384e-06
1.6999444859885046e-07,3.3000000000000003,1.7999999828602362,1.7999998871920433,-3.891094207433336e-06,-3.315003027637431e-06
1.7009444859885047e-07,3.3000000000000003,1.7999999826320634,1.7999999123378605,-3.890325298416717e-06,-3.3150036529150384e-06
1.7019444859885047e-07,3.3000000000000003,1.799999982464424,1.799999930814277,-3.8897603268612215e-06,-3.315003027637431e-06
1.7029444859885048e-07,3.3000000000000003,1.7999999823412345,1.7999999443902113,-3.889345201768673e-06,-3.3150036529150384e-06
1.703944485988505e-07,3.3000000000000003,1.7999999822507295,1.799999954365414,-3.889040180240877e-06,-3.315003027637431e-06
1.704944485988505e-07,3.3000000000000003,1.7999999821842199,1.7999999616949034,-3.888816058960408e-06,-3.3150036529150384e-06
1.705944485988505e-07,3.3000000000000003,1.7999999821353578,1.7999999670803992,-3.888651381423941e-06,-3.315003027637431e-06
1.706944485988505e-07,3.3000000000000003,1.7999999820994492,1.7999999710375054,-3.888530380933456e-06,-3.3150036529150384e-06
1.7079444859885052e-07,3.3000000000000003,1.7999999820730703,1.799999973945072,-3.888441473464992e-06,-3.315003027637431e-06
1.7089444859885053e-07,3.3000000000000003,1.799999982053683,1.7999999760814678,-3.8883761466895394e-06,-3.3150036529150384e-06
1.7099444859885053e-07,3.3000000000000003,1.7999999820394417,1.7999999776512294,-3.888328146572346e-06,-3.315003027637431e-06
1.7109444859885054e-07,3.3000000000000003,1.7999999820289745,1.7999999788046448,-3.888292877402546e-06,-3.3150036529150384e-06
1.7119444859885055e-07,3.3000000000000003,1.7999999820212857,1.7999999796521409,-3.888266962694416e-06,-3.315003027637431e-06
1.7129444859885056e-07,3.3000000000000003,1.7999999820156343,1.799999980274856,-3.888247921279313e-06,-3.3150036529150384e-06
1.7139444859885056e-07,3.3000000000000003,1.7999999820114838,1.7999999807324092,-3.8882339302757486e-06,-3.315003027637431e-06
1.7149444859885057e-07,3.3000000000000003,1.7999999820084323,1.7999999810686063,-3.888223649984661e-06,-3.3150036529150384e-06
1.7159444859885058e-07,3.3000000000000003,1.7999999820061918,1.7999999813156335,-3.888216096439001e-06,-3.315003027637431e-06
1.7169444859885059e-07,3.3000000000000003,1.7999999820045443,1.7999999814971426,-3.888210546217596e-06,-3.3150036529150384e-06
1.717944485988506e-07,3.3000000000000003,1.7999999820033346,1.7999999816305103,-3.8882064681216175e-06,-3.315003027637431e-06
1.718944485988506e-07,3.3000000000000003,1.799999982002445,1.7999999817285048,-3.8882034716238625e-06,-3.3150036529150384e-06
1.719944485988506e-07,3.3000000000000003,1.799999982001792,1.7999999818005077,-3.888201269942378e-06,-3.315003027637431e-06
1.7209444859885062e-07,3.3000000000000003,1.7999999820013117,1.7999999818534134,-3.888199652178227e-06,-3.3150036529150384e-06
1.7219444859885062e-07,3.3000000000000003,1.799999982000959,1.7999999818922872,-3.888198463503911e-06,-3.315003027637431e-06
1.7229444859885063e-07,3.3000000000000003,1.7999999820007,1.7999999819208508,-3.888197590081015e-06,-3.3150036529150384e-06
1.7239444859885064e-07,3.3000000000000003,1.7999999820005095,1.7999999819418382,-3.888196948312471e-06,-3.315003027637431e-06
1.7249444859885065e-07,3.3000000000000003,1.7999999820003696,1.7999999819572592,-3.888196476792887e-06,-3.3150036529150384e-06
1.7259444859885065e-07,3.3000000000000003,1.7999999820002668,1.7999999819685906,-3.888196130287835e-06,-3.315003027637431e-06
1.7269444859885066e-07,3.3000000000000003,1.799999982000191,1.7999999819769166,-3.888195875704602e-06,-3.3150036529150384e-06
1.7279444859885067e-07,3.3000000000000003,1.7999999820001358,1.799999981983034,-3.8881956886578735e-06,-3.315003027637431e-06
1.7289444859885068e-07,3.3000000000000003,1.799999982000095,1.7999999819875292,-3.888195551191224e-06,-3.3150036529150384e-06
1.7299444859885068e-07,3.3000000000000003,1.799999982000065,1.7999999819908319,-3.888195450202393e-06,-3.315003027637431e-06
1.730944485988507e-07,3.3000000000000003,1.7999999820000425,1.7999999819932582,-3.8881953760155495e-06,-3.3150036529150384e-06
1.731944485988507e-07,3.3000000000000003,1.7999999820000268,1.7999999819950407,-3.888195321499291e-06,-3.315003027637431e-06
1.732944485988507e-07,3.3000000000000003,1.7999999820000148,1.7999999819963508,-3.8881952814338465e-06,-3.3150036529150384e-06
1.7339444859885071e-07,3.3000000000000003,1.799999982000006,1.7999999819973134,-3.88819525200636e-06,-3.315003027637431e-06
1.7349444859885072e-07,3.3000000000000003,1.7999999819999994,1.7999999819980206,-3.8881952303733545e-06,-3.3150036529150384e-06
1.7359444859885073e-07,3.3000000000000003,1.799999981999995,1.7999999819985404,-3.8881952145008016e-06,-3.315003027637431e-06
1.7369444859885074e-07,3.3000000000000003,1.7999999819999914,1.7999999819989225,-3.8881952028048215e-06,-3.3150036529150384e-06
1.7379444859885074e-07,3.3000000000000003,1.799999981999989,1.7999999819992034,-3.888195194222343e-06,-3.315003027637431e-06
1.7389444859885075e-07,3.3000000000000003,1.799999981999987,1.7999999819994095,-3.888195187915214e-06,-3.3150036529150384e-06
1.7399444859885076e-07,3.3000000000000003,1.7999999819999857,1.7999999819995611,-3.8881951832730355e-06,-3.315003027637431e-06
1.7409444859885077e-07,3.3000000000000003,1.7999999819999846,1.7999999819996724,-3.888195179869002e-06,-3.3150036529150384e-06
1.7419444859885077e-07,3.3000000000000003,1.7999999819999837,1.799999981999754,-3.888195177373784e-06,-3.315003027637431e-06
1.7429444859885078e-07,3.3000000000000003,1.7999999819999832,1.799999981999814,-3.888195175537228e-06,-3.3150036529150384e-06
1.743944485988508e-07,3.3000000000000003,1.7999999819999828,1.7999999819998582,-3.888195174195615e-06,-3.315003027637431e-06
1.744944485988508e-07,3.3000000000000003,1.7999999819999826,1.7999999819998904,-3.888195173206675e-06,-3.3150036529150384e-06
1.745944485988508e-07,3.3000000000000003,1.7999999819999823,1.7999999819999142,-3.8881951724824e-06,-3.315003027637431e-06
1.746944485988508e-07,3.3000000000000003,1.7999999819999823,1.7999999819999322,-3.888195171929729e-06,-3.3150036529150384e-06
1.7479444859885082e-07,3.3000000000000003,1.7999999819999821,1.7999999819999453,-3.888195171519327e-06,-3.315003027637431e-06
1.7489444859885083e-07,3.3000000000000003,1.7999999819999823,1.799999981999955,-3.888195171227852e-06,-3.3150036529150384e-06
1.7499444859885083e-07,3.3000000000000003,1.7999999819999821,1.799999981999962,-3.888195171014921e-06,-3.315003027637431e-06
1.7509444859885084e-07,3.3000000000000003,1.7999999819999821,1.7999999819999668,-3.8881951708821166e-06,-3.3150036529150384e-06
1.7519444859885085e-07,3.3000000000000003,1.7999999819999821,1.7999999819999704,-3.888195170765715e-06,-3.315003027637431e-06
1.7529444859885086e-07,3.3000000000000003,1.7999999819999821,1.7999999819999732,-3.888195170688114e-06,-3.3150036529150384e-06
1.7539444859885086e-07,3.3000000000000003,1.799999981999982,1.7999999819999752,-3.888195170613982e-06,-3.315003027637431e-06
1.7549444859885087e-07,3.3000000000000003,1.799999981999982,1.799999981999977,-3.8881951705657184e-06,-3.3150036529150384e-06
1.7559444859885088e-07,3.3000000000000003,1.799999981999982,1.7999999819999781,-3.8881951705269175e-06,-3.315003027637431e-06
1.7569444859885089e-07,3.3000000000000003,1.7999999819999817,1.7999999819999788,-3.888195170513984e-06,-3.3150036529150384e-06
1.757944485988509e-07,3.3000000000000003,1.7999999819999821,1.79999998199998,-3.888195170484648e-06,-3.315003027637431e-06
1.758944485988509e-07,3.3000000000000003,1.799999981999982,1.7999999819999803,-3.8881951704587805e-06,-3.3150036529150384e-06
1.759944485988509e-07,3.3000000000000003,1.7999999819999821,1.7999999819999803,-3.888195170471714e-06,-3.315003027637431e-06
1.7609444859885092e-07,3.3000000000000003,1.799999981999982,1.7999999819999803,-3.8881951704587805e-06,-3.3150036529150384e-06
1.7619444859885092e-07,3.3000000000000003,1.799999981999982,1.7999999819999803,-3.88819517046225e-06,-3.315003027637431e-06
1.7629444859885093e-07,3.3000000000000003,1.799999981999982,1.7999999819999803,-3.88819517046225e-06,-3.3150036529150384e-06
1.7639444859885094e-07,3.3000000000000003,1.799999981999982,1.7999999819999803,-3.88819517046225e-06,-3.315003027637431e-06
1.7649444859885095e-07,3.3000000000000003,1.799999981999982,1.7999999819999803,-3.88819517046225e-06,-3.3150036529150384e-06
1.7659444859885095e-07,3.3000000000000003,1.799999981999982,1.7999999819999803,-3.88819517046225e-06,-3.315003027637431e-06
1.7669444859885096e-07,3.3000000000000003,1.799999981999982,1.7999999819999803,-3.88819517046225e-06,-3.3150036529150384e-06
1.7679444859885097e-07,3.3000000000000003,1.799999981999982,1.7999999819999803,-3.88819517046225e-06,-3.315003027637431e-06
1.7689444859885098e-07,3.3000000000000003,1.799999981999982,1.7999999819999803,-3.88819517046225e-06,-3.3150036529150384e-06
1.7699444859885098e-07,3.3000000000000003,1.799999981999982,1.7999999819999803,-3.88819517046225e-06,-3.315003027637431e-06
1.77094448598851e-07,3.3000000000000003,1.799999981999982,1.7999999819999803,-3.88819517046225e-06,-3.3150036529150384e-06
1.77194448598851e-07,3.3000000000000003,1.799999981999982,1.7999999819999803,-3.88819517046225e-06,-3.315003027637431e-06
1.77294448598851e-07,3.3000000000000003,1.799999981999982,1.7999999819999803,-3.88819517046225e-06,-3.3150036529150384e-06
1.7739444859885101e-07,3.3000000000000003,1.799999981999982,1.7999999819999803,-3.88819517046225e-06,-3.315003027637431e-06
1.7749444859885102e-07,3.3000000000000003,1.799999981999982,1.7999999819999803,-3.88819517046225e-06,-3.3150036529150384e-06
1.7759444859885103e-07,3.3000000000000003,1.799999981999982,1.7999999819999803,-3.88819517046225e-06,-3.315003027637431e-06
1.7769444859885104e-07,3.3000000000000003,1.799999981999982,1.7999999819999803,-3.88819517046225e-06,-3.3150036529150384e-06
1.7779444859885104e-07,3.3000000000000003,1.799999981999982,1.7999999819999803,-3.88819517046225e-06,-3.315003027637431e-06
1.7789444859885105e-07,3.3000000000000003,1.799999981999982,1.7999999819999803,-3.88819517046225e-06,-3.3150036529150384e-06
1.7799444859885106e-07,3.3000000000000003,1.799999981999982,1.7999999819999803,-3.88819517046225e-06,-3.315003027637431e-06
1.7809444859885107e-07,3.3000000000000003,1.799999981999982,1.7999999819999803,-3.88819517046225e-06,-3.3150036529150384e-06
1.7819444859885107e-07,3.3000000000000003,1.799999981999982,1.7999999819999803,-3.88819517046225e-06,-3.315003027637431e-06
1.7829444859885108e-07,3.3000000000000003,1.799999981999982,1.7999999819999803,-3.88819517046225e-06,-3.3150036529150384e-06
1.783944485988511e-07,3.3000000000000003,1.799999981999982,1.7999999819999803,-3.88819517046225e-06,-3.315003027637431e-06
1.784944485988511e-07,3.3000000000000003,1.799999981999982,1.7999999819999803,-3.88819517046225e-06,-3.3150036529150384e-06
1.785944485988511e-07,3.3000000000000003,1.799999981999982,1.7999999819999803,-3.88819517046225e-06,-3.315003027637431e-06
1.786944485988511e-07,3.3000000000000003,1.799999981999982,1.7999999819999803,-3.88819517046225e-06,-3.3150036529150384e-06
1.7879444859885112e-07,3.3000000000000003,1.799999981999982,1.7999999819999803,-3.88819517046225e-06,-3.315003027637431e-06
1.7889444859885113e-07,3.3000000000000003,1.799999981999982,1.7999999819999803,-3.88819517046225e-06,-3.3150036529150384e-06
1.7899444859885113e-07,3.3000000000000003,1.799999981999982,1.7999999819999803,-3.88819517046225e-06,-3.315003027637431e-06
1.7909444859885114e-07,3.3000000000000003,1.799999981999982,1.7999999819999803,-3.88819517046225e-06,-3.3150036529150384e-06
1.7919444859885115e-07,3.3000000000000003,1.799999981999982,1.7999999819999803,-3.88819517046225e-06,-3.315003027637431e-06
1.7929444859885116e-07,3.3000000000000003,1.799999981999982,1.7999999819999803,-3.88819517046225e-06,-3.3150036529150384e-06
1.7939444859885116e-07,3.3000000000000003,1.799999981999982,1.7999999819999803,-3.88819517046225e-06,-3.315003027637431e-06
1.7949444859885117e-07,3.3000000000000003,1.799999981999982,1.7999999819999803,-3.88819517046225e-06,-3.3150036529150384e-06
1.7959444859885118e-07,3.3000000000000003,1.799999981999982,1.7999999819999803,-3.88819517046225e-06,-3.315003027637431e-06
1.7969444859885119e-07,3.3000000000000003,1.799999981999982,1.7999999819999803,-3.88819517046225e-06,-3.3150036529150384e-06
1.797944485988512e-07,3.3000000000000003,1.799999981999982,1.7999999819999803,-3.88819517046225e-06,-3.315003027637431e-06
1.798944485988512e-07,3.3000000000000003,1.799999981999982,1.7999999819999803,-3.88819517046225e-06,-3.3150036529150384e-06
1.799944485988512e-07,3.3000000000000003,1.799999981999982,1.7999999819999803,-3.88819517046225e-06,-3.315003027637431e-06
1.8e-07,3.3000000000000003,1.7999999819999255,1.7999999819999797,-3.888180620686528e-06,-3.3150036529150384e-06
1.800000622056046e-07,3.2998973607524564,1.7999999820008759,1.7999999819999797,-3.888246094058894e-06,0.007421685097028785
1.800001866168138e-07,3.299692082257248,1.7999999820008492,1.7999999819999797,-3.888246093237591e-06,0.007421685312010595
1.8000043543923218e-07,3.299281525266919,1.7999999819996606,1.7999999819999795,-3.88801327403741e-06,0.007421685712472481
1.8000093308406894e-07,3.298460411286261,1.7999999819999157,1.7999999819999795,-3.888013272396907e-06,0.007421686549321294
1.8000192837374246e-07,3.296818183324945,1.7999999820006074,1.7999999819999806,-3.88818788554437e-06,0.007421688186980191
1.8000391895308951e-07,3.293533727402313,1.7999999820000796,1.7999999819999826,-3.888158779900728e-06,0.007421691498336713
1.8000790011178361e-07,3.2869648155570492,1.7999999819997978,1.799999981999982,-3.888187888333e-06,0.007421698085124717
1.800158624291718e-07,3.273826991866521,1.7999999820002168,1.7999999819999835,-3.888180606087466e-06,0.007421711294682609
1.800317870639482e-07,3.247551344485465,1.799999981999986,1.7999999819999892,-3.888206055309675e-06,0.007421737677873352
1.80063636333501e-07,3.1950000497233533,1.799999981999902,1.7999999819999852,-3.888195154427949e-06,0.007421790480009349
1.801273348726066e-07,3.0898974601991296,1.799999982000077,1.7999999819999855,-3.8881951479397566e-06,0.007421896048469989
1.802273348726066e-07,2.9248974601991176,1.7999999819998542,1.79999998199998,-3.888195166599361e-06,0.007422061810643754
1.803273348726066e-07,2.759897460199105,1.7999999820000903,1.7999999819999777,-3.888195173804617e-06,0.007422227548829596
1.8042733487260662e-07,2.5948974601990926,1.7999999819998898,1.7999999819999806,-3.888195167661223e-06,0.0074223933108896745
1.8052733487260663e-07,2.42989746019908,1.79999998200006,1.7999999819999786,-3.8881951728812465e-06,0.00742255904913236
1.8062733487260663e-07,2.2648974601990677,1.7999999819999155,1.7999999819999806,-3.888195168432224e-06,0.007422724811249282
1.8072733487260664e-07,2.099897460199055,1.799999982000038,1.799999981999979,-3.8881951722048856e-06,0.0074228905494635455
1.8082733487260665e-07,1.934897460199043,1.7999999819999342,1.7999999819999801,-3.888195169017413e-06,0.007423056311580467
1.8092733487260666e-07,1.7698974601990305,1.7999999820000225,1.7999999819999795,-4.656504548735606e-06,0.007423222049823153
1.8102733487260666e-07,1.6048974601990182,1.7999999819999475,1.7999999819999808,-0.0011377049959433562,0.007423387811940074
1.8112733487260667e-07,1.4398974601990058,1.799999982000011,1.7999999819999801,-0.004421864598488766,0.007423553550097495
1.8122733487260668e-07,1.2748974601989933,1.799999981999957,1.7999999819999812,-0.009857135312120248,0.007423719312257049
1.8132733487260669e-07,1.1098974601989808,1.7999999820000028,1.7999999819999806,-0.01744351713684448,0.007423885050457102
1.814273348726067e-07,0.9448974601989688,1.799999981999964,1.7999999819999808,-0.02718101007271264,0.007424050812602445
1.8145671544847494e-07,0.8964195100164027,1.7999999820000603,1.7999999819999837,-0.029956101669377688,0.007424099498962278
1.814866414587077e-07,0.8470415931323307,1.7999999819999544,1.7999999819999863,-0.026655314064784004,0.007424149113390399
1.8150262357827192e-07,0.820671095851381,1.7999999820002868,1.7999999819999928,-0.02497142820030658,0.007424175591765447
1.8152249585133132e-07,0.787881845303334,1.7999999819996466,1.7999999819999912,-0.022954307601465825,0.007424208542090582
1.8156224039745014e-07,0.7223033442073272,1.7999999820002544,1.7999999819999868,-0.0191749131961588,0.007424274406702125
1.8164172948968778e-07,0.5911463420152261,1.7999999819996795,1.7999999819999832,-0.0126355116206962,0.007424406172049203
1.8174172948968778e-07,0.42614634201521406,1.7999999820002401,1.7999999819999775,-0.006339225411548742,0.0074245719101782015
1.818417294896878e-07,0.2611463420152016,1.7999999819997627,1.7999999819999837,-0.0021940503134883996,0.007424737672383941
1.819417294896878e-07,0.09614634201518957,1.7999999820001678,1.7999999819999788,-0.0001999863265448151,0.007424903410507611
1.8200000000000004e-07,0.0,1.799999981999862,1.7999999819999846,-3.8881951600680105e-06,0.007425000006017708
1.8200000136542864e-07,0.0,1.799999981999867,1.7999999819999843,-3.883123817556985e-06,-2.8258697056355106e-23
1.8200000409628584e-07,0.0,1.7999999819998673,1.7999999819999843,-3.883123817560124e-06,0.0
1.8200000955800023e-07,0.0,1.7999999819994361,1.7999999819999843,-3.8980249831643366e-06,0.0
1.82000020481429e-07,0.0,1.799999981999104,1.7999999819999841,-3.886849115739848e-06,0.0
1.8200004232828655e-07,0.0,1.7999999820005352,1.7999999819999837,-3.886849101182886e-06,0.0
1.8200008602200164e-07,0.0,1.7999999819996544,1.7999999819999848,-3.888711755258433e-06,0.0
1.8200017340943183e-07,0.0,1.7999999820002353,1.7999999819999855,-3.888711749368785e-06,0.0
1.8200034818429222e-07,0.0,1.7999999819994017,1.799999981999985,-3.888711758151614e-06,0.0
1.8200069773401297e-07,0.0,1.7999999820006425,1.7999999819999848,-3.888129668756845e-06,0.0
1.820013968334545e-07,0.0,1.799999982000277,1.7999999819999855,-3.888187876801389e-06,0.0
1.8200279503233754e-07,0.0,1.799999981999383,1.7999999819999837,-3.888216991872314e-06,0.0
1.820055914301036e-07,0.0,1.7999999820003887,1.7999999819999823,-3.888173328566976e-06,0.0
1.8201118422563574e-07,0.0,1.799999982000197,1.799999981999987,-3.888195141012263e-06,0.0
1.8202236981670004e-07,0.0,1.7999999819995138,1.7999999819999823,-3.888180610247658e-06,0.0
1.820447409988286e-07,0.0,1.7999999820001684,1.7999999819999728,-3.888209738935058e-06,0.0
1.8208948336308574e-07,0.0,1.7999999819998953,1.7999999819999803,-3.888196076956404e-06,0.0
1.8217896809160004e-07,0.0,1.7999999820001302,1.7999999819999872,-3.888195592417492e-06,0.0
1.8227896809160005e-07,0.0,1.7999999819997874,1.7999999819999797,-3.888195164576274e-06,0.0
1.8237896809160006e-07,0.0,1.799999982000147,1.7999999819999761,-3.8881951755920475e-06,0.0
1.8247896809160007e-07,0.0,1.7999999819998416,1.7999999819999808,-3.888195166187994e-06,0.0
1.8257896809160007e-07,0.0,1.7999999820001011,1.7999999819999781,-3.888195174129864e-06,0.0
1.8267896809160008e-07,0.0,1.7999999819998809,1.7999999819999808,-3.88819516739276e-06,0.0
1.827789680916001e-07,0.0,1.7999999820000678,1.799999981999979,-3.888195173115322e-06,0.0
1.828789680916001e-07,0.0,1.799999981999909,1.7999999819999812,-3.8881951682265395e-06,0.0
1.829789680916001e-07,0.0,1.7999999820000436,1.7999999819999797,-3.888195172352841e-06,0.0
1.830789680916001e-07,0.0,1.7999999819999295,1.7999999819999812,-3.888195168849586e-06,0.0
1.8317896809160012e-07,0.0,1.7999999820000265,1.7999999819999803,-3.888195171805508e-06,0.0
1.8327896809160013e-07,0.0,1.7999999819999442,1.7999999819999812,-3.88819516929534e-06,0.0
1.8337896809160013e-07,0.0,1.799999982000014,1.7999999819999806,-3.8881951714260015e-06,0.0
1.8347896809160014e-07,0.0,1.7999999819999546,1.7999999819999815,-3.888195169585256e-06,0.0
1.8357896809160015e-07,0.0,1.799999982000005,1.7999999819999808,-3.888195171141136e-06,0.0
1.8367896809160016e-07,0.0,1.7999999819999621,1.7999999819999812,-3.888195169832265e-06,0.0
1.8377896809160017e-07,0.0,1.7999999819999986,1.7999999819999808,-3.888195170951855e-06,0.0
1.8387896809160017e-07,0.0,1.7999999819999677,1.7999999819999815,-3.888195169996623e-06,0.0
1.8397896809160018e-07,0.0,1.7999999819999941,1.7999999819999812,-3.888195170802956e-06,0.0
1.840789680916002e-07,0.0,1.7999999819999717,1.7999999819999817,-3.888195170110192e-06,0.0
1.841789680916002e-07,0.0,1.7999999819999906,1.7999999819999812,-3.888195170695381e-06,0.0
1.842789680916002e-07,0.0,1.7999999819999746,1.7999999819999815,-3.888195170198838e-06,0.0
1.843789680916002e-07,0.0,1.7999999819999881,1.7999999819999812,-3.888195170629133e-06,0.0
1.8447896809160022e-07,0.0,1.7999999819999766,1.7999999819999812,-3.8881951702685556e-06,0.0
1.8457896809160023e-07,0.0,1.7999999819999863,1.7999999819999812,-3.888195170572349e-06,0.0
1.8467896809160023e-07,0.0,1.7999999819999783,1.7999999819999815,-3.8881951703029425e-06,0.0
1.8477896809160024e-07,0.0,1.799999981999985,1.799999981999982,-3.888195170518091e-06,0.0
1.8487896809160025e-07,0.0,1.7999999819999792,1.799999981999982,-3.888195170334804e-06,0.0
1.8497896809160026e-07,0.0,1.7999999819999841,1.7999999819999817,-3.888195170489698e-06,0.0
1.8507896809160026e-07,0.0,1.7999999819999801,1.7999999819999817,-3.88819517037266e-06,0.0
1.8517896809160027e-07,0.0,1.7999999819999835,1.7999999819999817,-3.888195170480234e-06,0.0
1.8527896809160028e-07,0.0,1.7999999819999806,1.7999999819999817,-3.888195170382124e-06,0.0
1.8537896809160029e-07,0.0,1.7999999819999832,1.7999999819999815,-3.8881951704613055e-06,0.0
1.854789680916003e-07,0.0,1.7999999819999808,1.7999999819999817,-3.888195170391588e-06,0.0
1.854827628269433e-07,0.0,1.7999999820002064,1.7999999819999828,-3.888187887899157e-06,0.0
1.8549035229762928e-07,0.0,1.799999981999556,1.7999999819999803,-3.888180626217463e-06,0.0
1.854907332860755e-07,0.0,1.7999999820012045,1.7999999819999806,-3.888013260869e-06,0.0
1.854914952629679e-07,0.0,1.7999999820002972,1.7999999819999817,-3.888129679589731e-06,0.0
1.8549301921675268e-07,0.0,1.799999982000396,1.7999999819999821,-3.888187880686243e-06,0.0
1.8549606712432227e-07,0.0,1.7999999819997916,1.7999999819999835,-3.888158779614972e-06,0.0
1.85496220128078e-07,0.0,1.7999999819996308,1.799999981999983,-3.888711754442212e-06,0.0
1.854965261355895e-07,0.0,1.7999999819998893,1.7999999819999821,-3.888246091197331e-06,0.0
1.8549713815061244e-07,0.0,1.7999999820004926,1.7999999819999815,-3.888129668444406e-06,0.0
1.8549836218065836e-07,0.0,1.799999981999591,1.7999999819999806,-3.888187884565927e-06,0.0
1.85498423626482e-07,0.0,1.7999999820002621,1.799999981999981,-3.887780424135385e-06,0.0
1.8549854651812927e-07,0.0,1.7999999819998596,1.799999981999982,-3.888246089426861e-06,0.0
1.8549879230142382e-07,0.0,1.7999999820000765,1.7999999819999823,-3.888013256604132e-06,0.0
1.854992838680129e-07,0.0,1.799999981999942,1.7999999819999823,-3.888013257847737e-06,0.0
1.8550026700119106e-07,0.0,1.7999999820002979,1.799999981999983,-3.888187875843503e-06,0.0
1.8550031635408722e-07,0.0,1.7999999819999675,1.799999981999983,-3.88871174808978e-06,0.0
1.8550041505987952e-07,0.0,1.799999981999749,1.7999999819999828,-3.888711750439531e-06,0.0
1.8550042001487115e-07,0.0,1.7999999819999175,1.7999999819999826,-3.898024974475692e-06,0.0
1.8550042992485442e-07,0.0,1.7999999819984989,1.7999999819999815,-3.8905744084196015e-06,0.0
1.8550044974482098e-07,0.0,1.7999999819991022,1.7999999819999808,-3.8868491122040105e-06,0.0
1.855004893847541e-07,0.0,1.7999999820006818,1.7999999819999808,-3.888711741283813e-06,0.0
1.8550049137466302e-07,0.0,1.7999999819995491,1.7999999819999808,-3.838420333794775e-06,0.0
1.8550049535448086e-07,0.0,1.7999999820000154,1.799999981999981,-3.883123812627656e-06,0.0
1.8550050331411657e-07,0.0,1.7999999819998078,1.799999981999981,-3.883123814749613e-06,0.0
1.8550051923338795e-07,0.0,1.7999999819992527,1.799999981999981,-3.88312382048713e-06,0.0
1.8550052003252908e-07,0.0,1.7999999819993684,1.7999999819999808,-3.898024980503262e-06,0.0
1.855005216308113e-07,0.0,1.7999999819993446,1.7999999819999806,-3.868222658371897e-06,0.0
1.8550052482737573e-07,0.0,1.799999982000396,1.79999998199998,-3.898024970039102e-06,0.0
1.8550053122050463e-07,0.0,1.7999999819999484,1.79999998199998,-3.8905743939992814e-06,0.0
1.8550053154143715e-07,0.0,1.7999999819992516,1.79999998199998,-3.838420336927469e-06,0.0
1.8550053218330223e-07,0.0,1.799999981999592,1.7999999819999797,-3.83842033345815e-06,0.0
1.8550053346703238e-07,0.0,1.7999999819996557,1.7999999819999786,-3.898024977589354e-06,0.0
1.8550053603449266e-07,0.0,1.7999999819992076,1.799999981999978,-3.8682226597815825e-06,0.0
1.8550054116941322e-07,0.0,1.7999999819991728,1.7999999819999777,-3.898024982563826e-06,0.0
1.855005414271842e-07,0.0,1.7999999819993333,1.7999999819999775,-3.838420336156205e-06,0.0
1.855005415533387e-07,0.0,1.7999999819988808,1.799999981999977,-4.076838919873237e-06,0.0
1.855005415947363e-07,0.0,1.799999982000134,1.7999999819999766,-1.6926531160798344e-06,0.0
1.8550054167753156e-07,0.0,1.7999999820001,1.7999999819999764,-2.6463274328329163e-06,0.0
1.8550054170546994e-07,0.0,1.3366766669683863,1.799999962387091,1.0734865441008878e-07,0.0
1.8550054173837507e-07,0.0,1.3366658568038523,1.7999999161874218,1.0734865441008878e-07,0.0
1.8550054175608288e-07,0.0,1.3366600393758423,1.7999998913247341,2.0146972872225888e-06,0.0
1.855005417780977e-07,0.0,1.3366528070328274,1.7999998604143612,-3.7073486112149112e-06,0.0
1.8550054182212734e-07,0.0,1.3366383424607937,1.7999997985921738,-2.7536742948086612e-06,0.0
1.8550054191018663e-07,0.0,1.3366094137839966,1.7999996749420348,-2.7536742948086612e-06,0.0
1.855005420863052e-07,0.0,1.3365515582840537,1.7999994276186975,-2.2768371366055362e-06,0.0
1.8550054243854233e-07,0.0,1.336435854707232,1.7999989328797912,-2.157627847054755e-06,0.0
1.855005431430166e-07,0.0,1.3362044772459325,1.799997943033093,-2.0980232022793643e-06,0.0
1.8550054455196513e-07,0.0,1.3357418410584618,1.7999959618644787,-2.1278255246670597e-06,0.0
1.855005473698622e-07,0.0,1.3348170434279867,1.7999919936289455,-2.0980232022793643e-06,0.0
1.855005530056563e-07,0.0,1.3329693455180807,1.7999840335851698,-2.105473782876288e-06,0.0
1.8550056427724457e-07,0.0,1.3292815261409034,1.7999680193705831,-2.0868473313839786e-06,0.0
1.855005868204211e-07,0.0,1.321936089757134,1.7999356157396829,-2.0887099765332096e-06,0.0
1.8550063190677415e-07,0.0,1.3073652043405566,1.7998693180582765,-2.089641299107825e-06,0.0
1.8550072207948024e-07,0.0,1.2786968859667651,1.79973084310287,-2.0891756378205173e-06,0.0
1.8550087225064412e-07,0.0,1.2323218846194357,1.7994832437738324,-2.088244315245902e-06,0.0
1.8550103345100436e-07,0.0,1.1843869900012065,1.7991945561729736,-2.0887099765332096e-06,0.0
1.8550123237584528e-07,0.0,1.1277600239103798,1.7988069979762125,-2.088011484602248e-06,0.0
1.8550143651676187e-07,0.0,1.072423710709029,1.7983749002707916,-2.088244315245902e-06,0.0
1.8550167449449974e-07,0.0,1.011281328338172,1.7978295348392608,-2.088244315245902e-06,0.0
1.8550191866138665e-07,0.0,0.9521159609335054,1.7972259031867202,-2.088244315245902e-06,0.0
1.8550219355817867e-07,0.0,0.889567371072281,1.7964961610246595,-2.088244315245902e-06,0.0
1.8550247586644521e-07,0.0,0.8295348468759856,1.795694966353268,-2.088011484602248e-06,0.0
1.8550278672255546e-07,0.0,0.7680201013427934,1.7947563239214064,-2.088244315245902e-06,0.0
1.8550310672531434e-07,0.0,0.7093653402987043,1.79373274969942,-2.088244315245902e-06,0.0
1.8550345397689675e-07,0.0,0.6506650908144571,1.7925614260506286,-2.088011484602248e-06,0.0
1.855038124091296e-07,0.0,0.5950510156927246,1.7912916326438686,-2.088011484602248e-06,0.0
1.8550419754924678e-07,0.0,0.5404484137068484,1.7898644803685362,-2.088011484602248e-06,0.0
1.8550459617039075e-07,0.0,0.4890657715928562,1.7883251532127438,-2.088011484602248e-06,0.0
1.8550502168746265e-07,0.0,0.4394367957473545,1.7866189319314834,-2.088011484602248e-06,0.0
1.8550546330580172e-07,0.0,0.3930787218581631,1.7847862896255202,-2.088011484602248e-06,0.0
1.8550593276067054e-07,0.0,0.3489580947101492,1.7827765064011714,-2.088011484602248e-06,0.0
1.855064213671657e-07,0.0,0.3080824705758754,1.7806248900686914,-2.088127899924075e-06,0.0
1.8550693958482065e-07,0.0,0.2697182801297704,1.7782841886037786,-2.088127899924075e-06,0.0
1.8550748060487432e-07,0.0,0.23450253421023262,1.7757841451664234,-2.088011484602248e-06,0.0
1.8550805399933953e-07,0.0,0.20190422202831226,1.7730801059228267,-2.088127899924075e-06,0.0
1.8550865469644744e-07,0.0,0.1722947499721132,1.770195779655024,-2.088011484602248e-06,0.0
1.8550929177697874e-07,0.0,0.14527656914840326,1.7670878765545406,-2.088011484602248e-06,0.0
1.8550996187671562e-07,0.0,0.12103367174943375,1.7637733693280218,-2.088011484602248e-06,0.0
1.855106740274225e-07,0.0,0.09925442393361003,1.7602086300116788,-2.088127899924075e-06,0.0
1.8551142668615615e-07,0.0,0.07999311678232007,1.7564027269455176,-2.088127899924075e-06,0.0
1.8551222938619084e-07,0.0,0.06299245266067947,1.7523092894670578,-2.0881861075849883e-06,0.0
1.8551308273097655e-07,0.0,0.04821932897240704,1.747927461003664,-2.0881861075849883e-06,0.0
1.855139975248269e-07,0.0,0.035450740301162256,1.7432045439974002,-2.0881861075849883e-06,0.0
1.855149771925565e-07,0.0,0.024597088085253144,1.7381261796847005,-2.0881861075849883e-06,0.0
1.8551603501110733e-07,0.0,0.015457774192443112,1.7326276085238448,-2.088127899924075e-06,0.0
1.8551717854261358e-07,0.0,0.007909305527660303,1.7266744268945728,-2.0881861075849883e-06,0.0
1.855184256169191e-07,0.0,0.0017673156897449467,1.7201798572779852,-2.088244315245902e-06,0.0
1.855197905435264e-07,0.0,-0.0031088269313530527,1.7130768655883928,-2.0881861075849883e-06,0.0
1.8552129992954736e-07,0.0,-0.006889853783047434,1.705236492456839,-2.0881861075849883e-06,0.0
1.8552298108149529e-07,0.0,-0.009721107710076195,1.696529203704207,-2.0881570037545316e-06,0.0
1.8552487737096135e-07,0.0,-0.011756060762598091,1.6867467831844005,-2.0881861075849883e-06,0.0
1.8552704119477343e-07,0.0,-0.013132599855862992,1.6756415247561487,-2.0881861075849883e-06,0.0
1.855295545417479e-07,0.0,-0.013985649510452818,1.6628250362706267,-2.0881861075849883e-06,0.0
1.8553253079912785e-07,0.0,-0.014434913173396676,1.6477678191080933,-2.0881570037545316e-06,0.0
1.8553615454726005e-07,0.0,-0.01458656682243713,1.6296139213890406,-2.0881861075849883e-06,0.0
1.855407215379085e-07,0.0,-0.014525160113993171,1.6070160249012786,-2.0882006595002167e-06,0.0
1.8554677527523729e-07,0.0,-0.014306594078482723,1.5775417579432638,-2.088178831627374e-06,0.0
1.8555540639757793e-07,0.0,-0.01394272169092196,1.5364492419011753,-2.088178831627374e-06,0.0
1.855693754280325e-07,0.0,-0.013359367603403666,1.4721928825374975,-2.088207935457831e-06,0.0
1.8559731348894166e-07,0.0,-0.012264919614762348,1.3515769049419317,-2.088195202532006e-06,0.0
1.8562625446028302e-07,0.0,-0.011225475030994359,1.2370362765514538,-2.0881933835426025e-06,0.0
1.8565683618498746e-07,0.0,-0.010222662004373748,1.126524625272674,-2.0881933835426025e-06,0.0
1.856848677754191e-07,0.0,-0.009382422512577591,1.0339327786204315,-2.088191564553199e-06,0.0
1.857144368402653e-07,0.0,-0.008570798171522263,0.9444918308661405,-2.0881933835426025e-06,0.0
1.8574261093542863e-07,0.0,-0.007862905508835404,0.8664833580737021,-2.0881933835426025e-06,0.0
1.857720521998819e-07,0.0,-0.0071855358713829275,0.7918377295416037,-2.0881933835426025e-06,0.0
1.858004142730687e-07,0.0,-0.0065882640534648575,0.7260192096651711,-2.0881933835426025e-06,0.0
1.8582971082144895e-07,0.0,-0.0060233705769802805,0.6637685118097808,-2.088191564553199e-06,0.0
1.858581905353761e-07,0.0,-0.005520710216625956,0.6083759620984959,-2.0881933835426025e-06,0.0
1.858873768335467e-07,0.0,-0.005049056249435101,0.5564002090836578,-2.0881933835426025e-06,0.0
1.8591594818352756e-07,0.0,-0.004626405268637677,0.509824569239695,-2.0881933835426025e-06,0.0
1.8594505273173632e-07,0.0,-0.0042322147669312735,0.4663852192620983,-2.088195202532006e-06,0.0
1.8597369343434907e-07,0.0,-0.003877116889069323,0.42725384409091893,-2.0881933835426025e-06,0.0
1.8600273640817189e-07,0.0,-0.0035474382643465446,0.3909236346101694,-2.0881933835426025e-06,0.0
1.8603142953542075e-07,0.0,-0.00324927367535552,0.3580662396251742,-2.0881933835426025e-06,0.0
1.8606042618548917e-07,0.0,-0.002973403722302036,0.32766568586288747,-2.0881933835426025e-06,0.0
1.8608915895217624e-07,0.0,-0.002723156401699111,0.30008871804874665,-2.0881933835426025e-06,0.0
1.8611812072624675e-07,0.0,-0.002492221161972312,0.27463991877854904,-2.0881933835426025e-06,0.0
1.8614688344628785e-07,0.0,-0.0022822616342877402,0.2515026193281171,-2.088191564553199e-06,0.0
1.8617581894856077e-07,0.0,-0.002088884275039882,0.23019265565171018,-2.088191564553199e-06,0.0
1.8620460429428337e-07,0.0,-0.001912771649249746,0.21078524595036455,-2.088191564553199e-06,0.0
1.862335199990057e-07,0.0,-0.0017508075846657926,0.1929369914331364,-2.0881933835426025e-06,0.0
1.8626232243029979e-07,0.0,-0.0016031140910264137,0.17666133753155563,-2.0881933835426025e-06,0.0
1.8629122321205276e-07,0.0,-0.0014674373912144688,0.16170992053299504,-2.088195202532006e-06,0.0
1.8632003854238224e-07,0.0,-0.0013435951580312796,0.14806264821923149,-2.0881933835426025e-06,0.0
1.8634892807315768e-07,0.0,-0.0012299247753156009,0.1355363021758438,-2.0881933835426025e-06,0.0
1.8637775314011625e-07,0.0,-0.0011260934795742285,0.12409421225623304,-2.0881933835426025e-06,0.0
1.86406634187027e-07,0.0,-0.0010308508944373283,0.11359858841068754,-2.088191564553199e-06,0.0
1.8643546660253947e-07,0.0,-0.0009438043358637054,0.10400615731036984,-2.0881933835426025e-06,0.0
1.8646434125138417e-07,0.0,-0.0008639963138583252,0.09521140465231627,-2.0881933835426025e-06,0.0
1.8649317921252847e-07,0.0,-0.0007910257603176667,0.08717013319163427,-2.0881933835426025e-06,0.0
1.8652204903587073e-07,0.0,-0.0007241473887891436,0.07980021321394608,-2.0881933835426025e-06,0.0
1.8655089118173895e-07,0.0,-0.0006629795585390428,0.07305958834761234,-2.088191564553199e-06,0.0
1.8657975736538154e-07,0.0,-0.000606933798981229,0.06688340980756581,-2.088195202532006e-06,0.0
1.8660860266885127e-07,0.0,-0.0005556614794675609,0.06123325889560871,-2.0881933835426025e-06,0.0
1.8663746610706216e-07,0.0,-0.0005086922591808209,0.05605730459209789,-2.0881933835426025e-06,0.0
1.8666631379300917e-07,0.0,-0.0004657157511666747,0.05132134261002651,-2.0881933835426025e-06,0.0
1.8669517516025714e-07,0.0,-0.0004263522117552709,0.046983525631727974,-2.088191564553199e-06,0.0
1.8672402464377406e-07,0.0,-0.000390329995099952,0.04301391859585982,-2.0881933835426025e-06,0.0
1.8675288444878623e-07,0.0,-0.0003573399715199301,0.03937845576554063,-2.088191564553199e-06,0.0
1.8678173528852875e-07,0.0,-0.00032714719409207365,0.03605124625879606,-2.088191564553199e-06,0.0
1.8681059391503934e-07,0.0,-0.0002994983541706076,0.03300437575285409,-2.0881933835426025e-06,0.0
1.8683944577800362e-07,0.0,-0.00027419193723922803,0.03021563757874066,-2.0881933835426025e-06,0.0
1.868683035154749e-07,0.0,-0.0002510192937384507,0.027662038793850395,-2.0881933835426025e-06,0.0
1.8689715615041147e-07,0.0,-0.00022980862061419525,0.025324646898311324,-2.088191564553199e-06,0.0
1.869260132171994e-07,0.0,-0.00021038735404649333,0.02318444555673909,-2.088191564553199e-06,0.0
1.8695486643454613e-07,0.0,-0.0001926096621342042,0.021225364260553516,-2.088195202532006e-06,0.0
1.869837229953726e-07,0.0,-0.00017633237555665985,0.019431625914550894,-2.0881933835426025e-06,0.0
1.8701257665211143e-07,0.0,-0.00016143210561322168,0.01778963322515472,-2.088191564553199e-06,0.0
1.870414328312392e-07,0.0,-0.0001477897819210845,0.016286264772523176,-2.0881933835426025e-06,0.0
1.870702868194701e-07,0.0,-0.00013530125354353938,0.014910043242640125,-2.0881933835426025e-06,0.0
1.8709914271064165e-07,0.0,-0.00012386730830340524,0.013650035567181458,-2.088191564553199e-06,0.0
1.871279969489598e-07,0.0,-0.00011340018929234397,0.012496571035302795,-2.088195202532006e-06,0.0
1.871568526228945e-07,0.0,-0.00010381711321762177,0.011440527022930726,-2.088191564553199e-06,0.0
1.8718570704988568e-07,0.0,-9.504423440379534e-05,0.010473765821159092,-2.088191564553199e-06,0.0
1.872145625599341e-07,0.0,-8.701240324006768e-05,0.009588667222051322,-2.088191564553199e-06,0.0
1.8724341712926446e-07,0.0,-7.965954154148759e-05,0.008778390280696763,-2.0881933835426025e-06,0.0
1.8727227251567503e-07,0.0,-7.292784059538915e-05,0.008036564543134953,-2.0881933835426025e-06,0.0
1.8730112719238998e-07,0.0,-6.676515324044459e-05,0.007357443451891597,-2.088191564553199e-06,0.0
1.8732998248552583e-07,0.0,-6.112312160048579e-05,0.006735698024373801,-2.0881933835426025e-06,0.0
1.873588372432542e-07,0.0,-5.595796521565593e-05,0.006166503704025413,-2.0881933835426025e-06,0.0
1.8738769246602215e-07,0.0,-5.122921290188208e-05,0.005645400612699059,-2.0881933835426025e-06,0.0
1.8741654728486876e-07,0.0,-4.690012390947906e-05,0.005168339961835847,-2.088191564553199e-06,0.0
1.8744540245455017e-07,0.0,-4.293681541857019e-05,0.0047315879034791584,-2.0881933835426025e-06,0.0
1.8747425731950528e-07,0.0,-3.9308464152925916e-05,0.004331747747876145,-2.088191564553199e-06,0.0
1.875031124491374e-07,0.0,-3.598669547383687e-05,0.003965692642322054,-2.088191564553199e-06,0.0
1.875319673488778e-07,0.0,-3.2945656646116046e-05,0.003630573645001903,-2.0881933835426025e-06,0.0
1.8756082244829606e-07,0.0,-3.0161580926851472e-05,0.0033237716880500545,-2.088191564553199e-06,0.0
1.8758967737427947e-07,0.0,-2.7612788452533893e-05,0.0030428976753327577,-2.0881933835426025e-06,0.0
1.8761853245090351e-07,0.0,-2.5279369011688386e-05,0.0027857575243358107,-2.0881933835426025e-06,0.0
1.8764738739668516e-07,0.0,-2.3143144521691535e-05,0.0025503480311663967,-2.0881933835426025e-06,0.0
1.8767624245611297e-07,0.0,-2.1187433579314852e-05,0.0023348309242866446,-2.088195202532006e-06,0.0
1.8770509741683077e-07,0.0,-1.9396995815228975e-05,0.002137526732443069,-2.088191564553199e-06,0.0
1.877339524632854e-07,0.0,-1.7757853796534306e-05,0.0019568951585332063,-2.088191564553199e-06,0.0
1.8776280743527128e-07,0.0,-1.6257231089265433e-05,0.0017915282541604688,-2.0881933835426025e-06,0.0
1.8779166247193868e-07,0.0,-1.4883415154924865e-05,0.001640135310990942,-2.0881933835426025e-06,0.0
1.8782051745242546e-07,0.0,-1.3625695764902397e-05,0.0015015360740943218,-2.0881933835426025e-06,0.0
1.8784937248170923e-07,0.0,-1.2474257782144409e-05,0.0013746489266026117,-2.088191564553199e-06,0.0
1.8787822746860924e-07,0.0,-1.142012342755652e-05,0.001258484527538987,-2.0881933835426025e-06,0.0
1.8790708249232262e-07,0.0,-1.0455067280850261e-05,0.0011521364450036346,-2.0881933835426025e-06,0.0
1.8793593748406089e-07,0.0,-9.571564024572673e-06,0.0010547753976292136,-2.088191564553199e-06,0.0
1.8796479250357188e-07,0.0,-8.762720279088001e-06,0.0009656417428704926,-2.088195202532006e-06,0.0
1.8799364749896022e-07,0.0,-8.022228359675696e-06,0.0008840403810940326,-2.0881933835426025e-06,0.0
1.880230113700611e-07,0.0,-7.332869752491022e-06,0.0008080738517850506,-2.0881933835426025e-06,0.0
1.8805340042360842e-07,0.0,-6.681725757410238e-06,0.0007363185289811631,-2.0881933835426025e-06,0.0
1.8808465591666244e-07,0.0,-6.072256960057984e-06,0.0006691557652548822,-2.0881933835426025e-06,0.0
1.8811698376962486e-07,0.0,-5.500272217509962e-06,0.0006061237014556726,-2.0881933835426025e-06,0.0
1.881502707652866e-07,0.0,-4.9675389980116565e-06,0.0005474171105591838,-2.088191564553199e-06,0.0
1.8818473753326154e-07,0.0,-4.47020510631836e-06,0.0004926114850609912,-2.0881933835426025e-06,0.0
1.8822032161918813e-07,0.0,-4.008903154267622e-06,0.00044177653806032287,-2.088191564553199e-06,0.0
1.882572315915212e-07,0.0,-3.5806139182123346e-06,0.00039457955456836247,-2.0881933835426025e-06,0.0
1.8829544233937023e-07,0.0,-3.1853436871246684e-06,0.00035102122762238554,-2.0881933835426025e-06,0.0
1.8833516015477515e-07,0.0,-2.82063315576762e-06,0.00031083054460092523,-2.0881933835426025e-06,0.0
1.8837639975970177e-07,0.0,-2.4860406663457884e-06,0.00027395883532040484,-2.0881933835426025e-06,0.0
1.8841937535406787e-07,0.0,-2.1794900175638946e-06,0.00024017730477514973,-2.088191564553199e-06,0.0
1.884641450464798e-07,0.0,-1.900239023158754e-06,0.00020940416488845635,-2.0881924740479008e-06,0.0
1.8851094247304692e-07,0.0,-1.646476423032533e-06,0.00018143981687140226,-2.0881933835426025e-06,0.0
1.8855987656302792e-07,0.0,-1.4172617271802551e-06,0.0001561806198018351,-2.0881942930373043e-06,0.0
1.8861121540417014e-07,0.0,-1.2109668285694226e-06,0.00013344715814896267,-2.0881933835426025e-06,0.0
1.8866513171065707e-07,0.0,-1.0265244232891087e-06,0.00011312181624349115,-2.0881933835426025e-06,0.0
1.8872194895971163e-07,0.0,-8.624344644571213e-07,9.503929063644819e-05,-2.0881924740479008e-06,0.0
1.887819252145387e-07,0.0,-7.175531665510389e-07,7.907353747264164e-05,-2.0881942930373043e-06,0.0
1.8884547058922005e-07,0.0,-5.904724934920196e-07,6.506939278816785e-05,-2.0881924740479008e-06,0.0
1.8891296438973605e-07,0.0,-4.800081766827629e-07,5.2896351539414437e-05,-2.0881933835426025e-06,0.0
1.8898495300421723e-07,0.0,-3.848219871731587e-07,4.240694242809507e-05,-2.0881924740479008e-06,0.0
1.8906199828606274e-07,0.0,-3.0371594370042427e-07,3.3469149290597436e-05,-2.0881933835426025e-06,0.0
1.8914486682477936e-07,0.0,-2.3540990033636133e-07,2.5941901511144023e-05,-2.0881942930373043e-06,0.0
1.8923441250064083e-07,0.0,-1.787137065224976e-07,1.969404586074892e-05,-2.0881938382899534e-06,0.0
1.893317740064696e-07,0.0,-1.3240221048174426e-07,1.4590572016163043e-05,-2.0881938382899534e-06,0.0
1.894317740064696e-07,0.0,-9.728527350072982e-08,1.0720725764017178e-05,-2.0881933835426025e-06,0.0
1.8953177400646962e-07,0.0,-7.14823748461171e-08,7.877275872388072e-06,-2.0881933835426025e-06,0.0
1.8963177400646963e-07,0.0,-5.252315925908192e-08,5.787992019903684e-06,-2.0881933835426025e-06,0.0
1.8973177400646963e-07,0.0,-3.859248191589028e-08,4.252847325037585e-06,-2.0881933835426025e-06,0.0
1.8983177400646964e-07,0.0,-2.8356627465658266e-08,3.1248678830038053e-06,-2.0881933835426025e-06,0.0
1.8993177400646965e-07,0.0,-2.0835620859472887e-08,2.2960615653284435e-06,-2.0881933835426025e-06,0.0
1.9003177400646966e-07,0.0,-1.5309405080902822e-08,1.6870789131445923e-06,-2.0881933835426025e-06,0.0
1.9013177400646966e-07,0.0,-1.1248903284993345e-08,1.2396162638478709e-06,-2.0881933835426025e-06,0.0
1.9023177400646967e-07,0.0,-8.265365273604374e-09,9.108337906565101e-07,-2.0881933835426025e-06,0.0
1.9033177400646968e-07,0.0,-6.0731487661721266e-09,6.692540412679842e-07,-2.0881933835426025e-06,0.0
1.9043177400646969e-07,0.0,-4.46237216567699e-09,4.91748303969587e-07,-2.0881933835426025e-06,0.0
1.905317740064697e-07,0.0,-3.278820610473605e-09,3.6132227755967597e-07,-2.0881933835426025e-06,0.0
1.906317740064697e-07,0.0,-2.4091815286858265e-09,2.6548904634145074e-07,-2.0881933835426025e-06,0.0
1.907317740064697e-07,0.0,-1.770196155172075e-09,1.9507358971424548e-07,-2.0881933835426025e-06,0.0
1.9083177400646972e-07,0.0,-1.3006883833682395e-09,1.43334370771215e-07,-2.0881933835426025e-06,0.0
1.9093177400646972e-07,0.0,-9.557077986444831e-10,1.0531790528115671e-07,-2.0881933835426025e-06,0.0
1.9103177400646973e-07,0.0,-7.022261504519263e-10,7.738451784544488e-08,-2.0881933835426025e-06,0.0
1.9113177400646974e-07,0.0,-5.159752458625934e-10,5.685988138660219e-08,-2.0881933835426025e-06,0.0
1.9123177400646975e-07,0.0,-3.7912352619121915e-10,4.1778978551699795e-08,-2.0881933835426025e-06,0.0
1.9133177400646975e-07,0.0,-2.7856888341874484e-10,3.069797203683011e-08,-2.0881933835426025e-06,0.0
1.9143177400646976e-07,0.0,-2.046842716112829e-10,2.255597240147612e-08,-2.0881933835426025e-06,0.0
1.9153177400646977e-07,0.0,-1.503960188621663e-10,1.657346909970958e-08,-2.0881933835426025e-06,0.0
1.9163177400646978e-07,0.0,-1.1050659785201523e-10,1.217770057127098e-08,-2.0881933835426025e-06,0.0
1.9173177400646978e-07,0.0,-8.119701745578247e-11,8.947818366290747e-09,-2.0881933835426025e-06,0.0
1.918317740064698e-07,0.0,-5.966119464232596e-11,6.5745953472539574e-09,-2.0881933835426025e-06,0.0
1.919317740064698e-07,0.0,-4.3837301636006914e-11,4.83082045372945e-09,-2.0881933835426025e-06,0.0
1.920317740064698e-07,0.0,-3.221036766434987e-11,3.549545640997968e-09,-2.0881933835426025e-06,0.0
1.9213177400646981e-07,0.0,-2.3667236493911367e-11,2.6081023665039937e-09,-2.0881933835426025e-06,0.0
1.9223177400646982e-07,0.0,-1.7389993467152526e-11,1.9163573713764867e-09,-2.0881933835426025e-06,0.0
1.9233177400646983e-07,0.0,-1.2777658805500081e-11,1.4080833720310097e-09,-2.0881933835426025e-06,0.0
1.9243177400646984e-07,0.0,-9.388650137089782e-12,1.0346184966356668e-09,-2.0881933835426025e-06,0.0
1.9253177400646984e-07,0.0,-6.898505644788434e-12,7.602074243918231e-10,-2.0881933835426025e-06,0.0
1.9263177400646985e-07,0.0,-5.0688202708743656e-12,5.585781908787561e-10,-2.0881933835426025e-06,0.0
1.9273177400646986e-07,0.0,-3.724420948748988e-12,4.1042692469755387e-10,-2.0881933835426025e-06,0.0
1.9283177400646987e-07,0.0,-2.7365956301776366e-12,3.01569705490444e-10,-2.0881933835426025e-06,0.0
1.9293177400646987e-07,0.0,-2.010770465044514e-12,2.2158460324358737e-10,-2.0881933835426025e-06,0.0
1.9303177400646988e-07,0.0,-1.4774553531002123e-12,1.6281388846657166e-10,-2.0881933835426025e-06,0.0
1.931317740064699e-07,0.0,-1.0855910002476045e-12,1.196308854025597e-10,-2.0881933835426025e-06,0.0
1.932317740064699e-07,0.0,-7.976605298688286e-13,8.790127720055496e-11,-2.0881933835426025e-06,0.0
1.933317740064699e-07,0.0,-5.860976378488259e-13,6.458728870465658e-11,-2.0881933835426025e-06,0.0
1.934317740064699e-07,0.0,-4.3064740980187746e-13,4.745685153926661e-11,-2.0881933835426025e-06,0.0
1.9353177400646992e-07,0.0,-3.164271268034412e-13,3.486990711622206e-11,-2.0881933835426025e-06,0.0
1.9363177400646993e-07,0.0,-2.3250140206830986e-13,2.5621388331838393e-11,-2.0881933835426025e-06,0.0
1.9373177400646993e-07,0.0,-1.7083523309287347e-13,1.8825847108307082e-11,-2.0881933835426025e-06,0.0
1.9383177400646994e-07,0.0,-1.2552473493010023e-13,1.383268208401272e-11,-2.0881933835426025e-06,0.0
1.9393177400646995e-07,0.0,-9.22319055282493e-14,1.0163850398685904e-11,-2.0881933835426025e-06,0.0
1.9403177400646996e-07,0.0,-6.776930779383318e-14,7.468100134120917e-12,-2.0881933835426025e-06,0.0
1.9413177400646996e-07,0.0,-4.979490614064592e-14,5.487341649624033e-12,-2.0881933835426025e-06,0.0
1.9423177400646997e-07,0.0,-3.6587841284118506e-14,4.031938222430238e-12,-2.0881933835426025e-06,0.0
1.9433177400646998e-07,0.0,-2.688367613523405e-14,2.9625503326565763e-12,-2.0881933835426025e-06,0.0
1.9443177400646999e-07,0.0,-1.9753339283078737e-14,2.176795374665595e-12,-2.0881933835426025e-06,0.0
1.9453177400647e-07,0.0,-1.451417621921639e-14,1.5994456029769789e-12,-2.0881933835426025e-06,0.0
1.9463177400647e-07,0.0,-1.0664592365593215e-14,1.175225869485036e-12,-2.0881933835426025e-06,0.0
1.9473177400647e-07,0.0,-7.836030692488958e-15,8.635216113234367e-13,-2.0881933835426025e-06,0.0
1.9483177400647002e-07,0.0,-5.757686267332493e-15,6.344904350593979e-13,-2.0881933835426025e-06,0.0
1.9493177400647002e-07,0.0,-4.230579544184992e-15,4.662050224369881e-13,-2.0881933835426025e-06,0.0
1.9503177400647003e-07,0.0,-3.108506168500085e-15,3.425538210440063e-13,-2.0881933835426025e-06,0.0
1.9513177400647004e-07,0.0,-2.284039455952959e-15,2.516985331871029e-13,-2.0881933835426025e-06,0.0
1.9523177400647005e-07,0.0,-1.6782454185476414e-15,1.8494072381227303e-13,-2.0881933835426025e-06,0.0
1.9533177400647005e-07,0.0,-1.2331256703425922e-15,1.3588903713945244e-13,-2.0881933835426025e-06,0.0
1.9543177400647006e-07,0.0,-9.060646922339755e-16,9.984729179188908e-14,-2.0881933835426025e-06,0.0
1.9553177400647007e-07,0.0,-6.657498472274382e-16,7.336487098619966e-14,-2.0881933835426025e-06,0.0
1.9563177400647008e-07,0.0,-4.891735245854562e-16,5.3906362388276996e-14,-2.0881933835426025e-06,0.0
1.9573177400647008e-07,0.0,-3.5943040498208446e-16,3.9608819137471514e-14,-2.0881933835426025e-06,0.0
1.958317740064701e-07,0.0,-2.640989536457117e-16,2.9103402343580614e-14,-2.0881933835426025e-06,0.0
1.959317740064701e-07,0.0,-1.940521902697324e-16,2.1384329207912625e-14,-2.0881933835426025e-06,0.0
1.960317740064701e-07,0.0,-1.425838762951637e-16,1.571257993391391e-14,-2.0881933835426025e-06,0.0
1.9613177400647011e-07,0.0,-1.0476646390170475e-16,1.1545144380226445e-14,-2.0881933835426025e-06,0.0
1.9623177400647012e-07,0.0,-7.697933482338248e-17,8.483034569808291e-15,-2.0881933835426025e-06,0.0
1.9633177400647013e-07,0.0,-5.656216476251693e-17,6.233085801492176e-15,-2.0881933835426025e-06,0.0
1.9643177400647014e-07,0.0,-4.156022506726874e-17,4.579889223490316e-15,-2.0881933835426025e-06,0.0
1.9653177400647014e-07,0.0,-3.053723838251564e-17,3.3651687089599974e-15,-2.0881933835426025e-06,0.0
1.9663177400647015e-07,0.0,-2.243787000214693e-17,2.472627587077805e-15,-2.0881933835426025e-06,0.0
1.9673177400647016e-07,0.0,-1.6486690917156786e-17,1.816814464041632e-15,-2.0881933835426025e-06,0.0
1.9683177400647017e-07,0.0,-1.2113938493098751e-17,1.334942153845116e-15,-2.0881933835426025e-06,0.0
1.9693177400647017e-07,0.0,-8.900967860906014e-18,9.808764677866635e-16,-2.0881933835426025e-06,0.0
1.9703177400647018e-07,0.0,-6.5401709608328584e-18,7.207193527346809e-16,-2.0881933835426025e-06,0.0
1.971317740064702e-07,0.0,-4.8055264249918115e-18,5.295635102537351e-16,-2.0881933835426025e-06,0.0
1.972317740064702e-07,0.0,-3.5309603247477444e-18,3.8910778561462843e-16,-2.0881933835426025e-06,0.0
1.973317740064702e-07,0.0,-2.5944464223494192e-18,2.859050253545818e-16,-2.0881933835426025e-06,0.0
1.974317740064702e-07,0.0,-1.906323380391755e-18,2.1007465423459425e-16,-2.0881933835426025e-06,0.0
1.9753177400647022e-07,0.0,-1.40071069087473e-18,1.543567144266396e-16,-2.0881933835426025e-06,0.0
1.9763177400647023e-07,0.0,-1.0292012643005408e-18,1.1341680116236925e-16,-2.0881933835426025e-06,0.0
1.9773177400647023e-07,0.0,-7.562270019369385e-19,8.333534976881974e-17,-2.0881933835426025e-06,0.0
1.9783177400647024e-07,0.0,-5.556534915603717e-19,6.123237871209118e-17,-2.0881933835426025e-06,0.0
1.9793177400647025e-07,0.0,-4.08277942214628e-19,4.4991761757096765e-17,-2.0881933835426025e-06,0.0
1.9803177400647026e-07,0.0,-2.999906950774962e-19,3.305863121084865e-17,-2.0881933835426025e-06,0.0
1.9813177400647026e-07,0.0,-2.2042439332557104e-19,2.4290515748993332e-17,-2.0881933835426025e-06,0.0
1.9823177400647027e-07,0.0,-1.619613994835303e-19,1.7847960842309674e-17,-2.0881933835426025e-06,0.0
1.9833177400647028e-07,0.0,-1.1900450197457655e-19,1.3114159844141582e-17,-2.0881933835426025e-06,0.0
1.9843177400647029e-07,0.0,-8.744102849992822e-20,9.635901262726095e-18,-2.0881933835426025e-06,0.0
1.985317740064703e-07,0.0,-6.424911181319948e-20,7.080178543546445e-18,-2.0881933835426025e-06,0.0
1.986317740064703e-07,0.0,-4.7208368708171755e-20,5.20230820570246e-18,-2.0881933835426025e-06,0.0
1.987317740064703e-07,0.0,-3.468732948269069e-20,3.8225039807556464e-18,-2.0881933835426025e-06,0.0
1.9883177400647032e-07,0.0,-2.5487235381547058e-20,2.808664174653604e-18,-2.0881933835426025e-06,0.0
1.9893177400647032e-07,0.0,-1.8727275648228893e-20,2.063724324609263e-18,-2.0881933835426025e-06,0.0
1.9903177400647033e-07,0.0,-1.376025448234866e-20,1.5163643010106963e-18,-2.0881933835426025e-06,0.0
1.9913177400647034e-07,0.0,-1.011063286235548e-20,1.1141801576730518e-18,-2.0881933835426025e-06,0.0
1.9923177400647035e-07,0.0,-7.428997318790996e-21,8.186670069457821e-19,-2.0881933835426025e-06,0.0
1.9933177400647035e-07,0.0,-5.458610150435847e-21,6.0153258308252e-19,-2.0881933835426025e-06,0.0
1.9943177400647036e-07,0.0,-4.0108270666235736e-21,4.419885563217173e-19,-2.0881933835426025e-06,0.0
1.9953177400647037e-07,0.0,-2.9470385489939806e-21,3.2476026970868404e-19,-2.0881933835426025e-06,0.0
1.9963177400647038e-07,0.0,-2.1653977047071996e-21,2.386243518572275e-19,-2.0881933835426025e-06,0.0
1.9973177400647038e-07,0.0,-1.591070983245497e-21,1.7533419759375275e-19,-2.0881933835426025e-06,0.0
1.998317740064704e-07,0.0,-1.1690723971549433e-21,1.2883044251902824e-19,-2.0881933835426025e-06,0.0
1.999317740064704e-07,0.0,-8.590002592439902e-22,9.466084282238934e-20,-2.0881933835426025e-06,0.0
2.0000000000000004e-07,8.735027268559972e-14,-6.967216645093615e-22,7.677793162526812e-20,-2.0881933835426025e-06,-1.1522858080249559e-14
2.00000001564541e-07,2.5814926571713324e-06,-6.967183313755804e-22,7.677756431712532e-20,-2.0980232022793643e-06,-0.007425000049281985
2.0000000469362287e-07,7.74447770946318e-06,-6.9671166513308075e-22,7.677682970435419e-20,-2.0980232022793643e-06,-0.007424999803227832
2.0000001095178665e-07,1.807044798874742e-05,-6.966983328634934e-22,7.677536049989827e-20,-2.0831220410855167e-06,-0.007425000316081977
2.0000002346811418e-07,3.872238837261535e-05,-6.966716690750679e-22,7.677242217532983e-20,-2.0868473313839786e-06,-0.007424999708726282
2.0000004850076925e-07,8.002626922770149e-05,-6.96618344556667e-22,7.67665458635506e-20,-2.0887099765332096e-06,-0.007425000409724568
2.0000009856607937e-07,0.00016263403093787378,-6.965117077660267e-22,7.675479458929382e-20,-2.087778653958594e-06,-0.007424999833201322
2.0000019869669963e-07,0.00032784955435821836,-6.962984831427525e-22,7.67312974369541e-20,-2.0887099765332096e-06,-0.007425000658674637
2.0000039895794014e-07,0.0006582806011989074,-6.95872229662572e-22,7.668432470871149e-20,-2.088244315245902e-06,-0.007425000331101453
2.0000079948042118e-07,0.0013191426949676359,-6.9502050518062225e-22,7.659046549195186e-20,-2.088127899924075e-06,-0.007425001656437752
2.0000160052538327e-07,0.002640866882417743,-6.933201813903386e-22,7.640309148988499e-20,-2.0881861075849883e-06,-0.007425002321720553
2.0000320261530743e-07,0.005284315257230606,-6.89931996620438e-22,7.602971700355669e-20,-2.0881570037545316e-06,-0.007425005639148052
2.0000640679515577e-07,0.010571212007031034,-6.832051761671575e-22,7.528842862270698e-20,-2.0881861075849883e-06,-0.0074250102886128655
2.0001281515485244e-07,0.021145005506544537,-6.6994733439986575e-22,7.382742931639964e-20,-2.088178831627374e-06,-0.0074250215718278945
2.0002563187424577e-07,0.04229259250548419,-6.441960486510053e-22,7.098966705201452e-20,-1.2974554437050756e-05,-0.007425042154156181
2.0005126531303244e-07,0.0845877665035382,-5.9560694888697e-22,6.563520389970902e-20,-0.0001391210481926919,-0.00742508530309216
2.0010253219060576e-07,0.16917811449947154,-5.090238154102533e-22,5.609384170530445e-20,-0.0008154452856103944,-0.00742516961652484
2.0020253219060577e-07,0.334178114499484,-3.7401581826573165e-22,4.121611498895115e-20,-0.0037616271953311298,-0.007425336028198615
2.0030253219060577e-07,0.49917811449949634,-2.7481588900340985e-22,3.028439634616541e-20,-0.008858920216141541,-0.007425501116856026
2.0040253219060578e-07,0.6641781144995087,-2.0192668099495486e-22,2.2252089074806296e-20,-0.01610732434807005,-0.007425667528522695
2.005025321906058e-07,0.8291781144995212,-1.483698219275056e-22,1.635018451526221e-20,-0.025506839591088237,-0.007425832617187211
2.005103940130956e-07,0.8421501216077427,-1.4484539076660412e-22,1.596179623809484e-20,-0.02633701886938411,-0.007425846309715212
2.005261176580752e-07,0.8680941358240986,-1.3804474228566206e-22,1.5212372561193458e-20,-0.02803726440637888,-0.007425871710083243
2.0052902565331486e-07,0.8728923279694975,-1.36822671827623e-22,1.5077701795782503e-20,-0.028357542158516935,-0.007425877191508334
2.0053484164379422e-07,0.8824887122604699,-1.344108437995413e-22,1.4811921108228594e-20,-0.029003555006710258,-0.00742588617036688
2.0053660881679302e-07,0.885404547708502,-1.3368648980465378e-22,1.4732098127261157e-20,-0.029201285525147114,-0.007425889760455107
2.0054014316279066e-07,0.8912362186045663,-1.322494612008788e-22,1.4573739220290353e-20,-0.029598762033828052,-0.007425894957648893
2.005415205027058e-07,0.8935088294645382,-1.3169364557066337e-22,1.45124889741554e-20,-0.02975438686956977,-0.007425897901725875
2.0054427518253607e-07,0.8980540511844823,-1.3058900753012604e-22,1.439075912672084e-20,-0.030066860649554883,-0.007425901806456636
2.0054549107344846e-07,0.9000602711899272,-1.3010438462868225e-22,1.4337354237786786e-20,-0.030196975857478492,-0.007425904482886381
2.0054682697591616e-07,0.9022645102616847,-1.2957400131427935e-22,1.427890660373956e-20,-0.030044715078645368,-0.007425906036402807
2.0054763403733777e-07,0.9035961616073315,-1.292546283134923e-22,1.424371206469034e-20,-0.02995313713364567,-0.0074259080343352935
2.005486756964551e-07,0.9053148991509242,-1.2884358280057897e-22,1.4198415319749872e-20,-0.02983497960772752,-0.007425909101002048
2.0055075901468973e-07,0.9087523742380226,-1.280254070741445e-22,1.4108253291371237e-20,-0.02959954214432514,-0.007425913213609192
2.00554925651159e-07,0.9156273244123065,-1.2640459289829754e-22,1.3929641424761126e-20,-0.02913123478305124,-0.007425919460501973
2.0056325892409754e-07,0.9293772247609619,-1.232241363242496e-22,1.3579158751406712e-20,-0.028205823536296748,-0.007425933932339035
2.0057992546997465e-07,0.9568770254581852,-1.1710031020659057e-22,1.2904320124018964e-20,-0.02639981524808377,-0.0074259608976916525
2.0061325856172883e-07,1.0118766268525443,-1.0574352231849774e-22,1.1652815100423607e-20,-0.02296705527078302,-0.007426016806761027
2.0067992474523723e-07,1.1218758296414375,-8.618138795955122e-23,9.497090289515706e-21,-0.016818561981779112,-0.007426126646677744
2.0077992474523723e-07,1.2868758296414498,-6.332356437107287e-23,6.97818429854702e-21,-0.009388342603102728,-0.0074262930562554175
2.0087992474523724e-07,1.4518758296414622,-4.652830384379527e-23,5.12736581626953e-21,-0.004109234335544443,-0.0074264581470231406
2.0097992474523725e-07,1.6168758296414745,-3.418763741553363e-23,3.7674385039276356e-21,-0.0009812371790758334,-0.007426624556558181
2.0107992474523726e-07,1.7818758296414872,-2.5120076501859942e-23,2.7682036721154425e-21,-2.0881933835426025e-06,-0.007426789647354326
2.0117992474523726e-07,1.9468758296414994,-1.8457497831405708e-23,2.0339951301991062e-21,-2.0881933835426025e-06,-0.007426956056917788
2.0127992474523727e-07,2.111875829641512,-1.3562029804004378e-23,1.4945201580894188e-21,-2.0881933835426025e-06,-0.0074271211476855115
2.0137992474523728e-07,2.276875829641524,-9.964983015806145e-24,1.0981297200632806e-21,-2.0881933835426025e-06,-0.007427287557220552
2.0147992474523729e-07,2.441875829641537,-7.321978195054184e-24,8.0687361462414615e-22,-2.0881933835426025e-06,-0.007427452648016697
2.015799247452373e-07,2.6068758296415493,-5.379975520643821e-24,5.928671431815159e-22,-2.0881933835426025e-06,-0.007427619057523316
2.016799247452373e-07,2.7718758296415613,-3.95304872969851e-24,4.356214444165981e-22,-2.0881933835426025e-06,-0.007427784148319461
2.017799247452373e-07,2.936875829641574,-2.9045846397142904e-24,3.20081902021518e-22,-2.0881933835426025e-06,-0.007427950557882923
2.0187992474523732e-07,3.1018758296415863,-2.1342038781169686e-24,2.351868240529828e-22,-2.0881933835426025e-06,-0.007428115648622224
2.0197992474523732e-07,3.2668758296415987,-1.5681506164648283e-24,1.7280840265817392e-22,-2.0881933835426025e-06,-0.007428282058185687
2.0199999999999998e-07,3.299999999999986,-1.4747545092895224e-24,1.6251625857032168e-22,-2.088207935457831e-06,-0.0074283146736320305
2.0200012030101904e-07,3.3000000000000003,-1.4742122105405088e-24,1.6245649786887844e-22,-2.088244315245902e-06,-3.315003823445295e-06
2.0200036090305715e-07,3.3000000000000003,-1.4731280118682706e-24,1.6233702041656612e-22,-2.088244315245902e-06,-3.3150028002637555e-06
2.0200084210713336e-07,3.3000000000000003,-1.4709620057453176e-24,1.6209832902151895e-22,-2.088127899924075e-06,-3.315003823445295e-06
2.0200180451528576e-07,3.3000000000000003,-1.4666395408076916e-24,1.6162199833390783e-22,-2.0881861075849883e-06,-3.3150028571071743e-06
2.0200372933159057e-07,3.3000000000000003,-1.4580326600961164e-24,1.6067352993312778e-22,-2.0881861075849883e-06,-3.315003823445295e-06
2.0200757896420018e-07,3.3000000000000003,-1.4409699821575083e-24,1.5879324235826235e-22,-2.0882006595002167e-06,-3.3150028002637555e-06
2.0201527822941943e-07,3.3000000000000003,-1.4074401713338042e-24,1.550982955916283e-22,-2.088178831627374e-06,-3.315003880288714e-06
2.0203067675985794e-07,3.3000000000000003,-1.342694238319864e-24,1.479633678970998e-22,-2.088204297479024e-06,-3.3150028002637555e-06
2.0206147382073492e-07,3.3000000000000003,-1.2219369137388642e-24,1.3465604897563702e-22,-2.0881933835426025e-06,-3.315003880288714e-06
2.021230679424889e-07,3.3000000000000003,-1.011601681055389e-24,1.114773471334928e-22,-2.0881933835426025e-06,-3.3150028571071743e-06
2.022230679424889e-07,3.3000000000000003,-7.432953411973753e-25,8.191029564806668e-23,-2.0881933835426025e-06,-3.315003880288714e-06
2.023230679424889e-07,3.3000000000000003,-5.4615168656975445e-25,6.018529060544818e-23,-2.0881933835426025e-06,-3.3150028571071743e-06
2.0242306794248892e-07,3.3000000000000003,-4.012962926187513e-25,4.4222392027805426e-23,-2.0881933835426025e-06,-3.315003880288714e-06
2.0252306794248893e-07,3.3000000000000003,-2.948607839715767e-25,3.2493320826200007e-23,-2.0881933835426025e-06,-3.3150028571071743e-06
2.0262306794248893e-07,3.3000000000000003,-2.166550838461298e-25,2.387514220511872e-23,-2.0881933835426025e-06,-3.315003880288714e-06
2.0272306794248894e-07,3.3000000000000003,-1.5919182172703312e-25,1.7542756505669952e-23,-2.0881933835426025e-06,-3.3150028571071743e-06
2.0282306794248895e-07,3.3000000000000003,-1.1696949665311113e-25,1.288990462018047e-23,-2.0881933835426025e-06,-3.315003880288714e-06
2.0292306794248896e-07,3.3000000000000003,-8.594576655271144e-26,9.47112508023747e-24,-2.0881933835426025e-06,-3.3150028571071743e-06
2.0302306794248896e-07,3.3000000000000003,-6.315043664980294e-26,6.959105821858857e-24,-2.0881933835426025e-06,-3.315003880288714e-06
2.0312306794248897e-07,3.3000000000000003,-4.6401094655469663e-26,5.113347509355833e-24,-2.0881933835426025e-06,-3.3150028571071743e-06
2.0322306794248898e-07,3.3000000000000003,-3.409416782298329e-26,3.757138261830816e-24,-2.0881933835426025e-06,-3.315003880288714e-06
2.0332306794248899e-07,3.3000000000000003,-2.505139777775111e-26,2.760635355348925e-24,-2.0881933835426025e-06,-3.3150028571071743e-06
2.03423067942489e-07,3.3000000000000003,-1.8407034712806868e-26,2.0284341522978187e-24,-2.0881933835426025e-06,-3.315003880288714e-06
2.03523067942489e-07,3.3000000000000003,-1.3524950979687306e-26,1.490434114102012e-24,-2.0881933835426025e-06,-3.3150028571071743e-06
2.03623067942489e-07,3.3000000000000003,-9.937738579737704e-27,1.095127414396295e-24,-2.0881933835426025e-06,-3.315003880288714e-06
2.0372306794248902e-07,3.3000000000000003,-7.301959779880314e-27,8.046676081920571e-25,-2.0881933835426025e-06,-3.3150028571071743e-06
2.0382306794248902e-07,3.3000000000000003,-5.3652665744423026e-27,5.912462341475257e-25,-2.0881933835426025e-06,-3.315003880288714e-06
2.0392306794248903e-07,3.3000000000000003,-3.9422410260161845e-27,4.344304478454848e-25,-2.0881933835426025e-06,-3.3150028571071743e-06
2.0402306794248904e-07,3.3000000000000003,-2.896643455033692e-27,3.1920679255969273e-25,-2.0881933835426025e-06,-3.315003880288714e-06
2.0412306794248905e-07,3.3000000000000003,-2.128368927753323e-27,2.3454381920414377e-25,-2.0881933835426025e-06,-3.3150028571071743e-06
2.0422306794248905e-07,3.3000000000000003,-1.5638632655384535e-27,1.723359414934096e-25,-2.0881933835426025e-06,-3.315003880288714e-06
2.0432306794248906e-07,3.3000000000000003,-1.1490810081701857e-27,1.2662741159070852e-25,-2.0881933835426025e-06,-3.3150028571071743e-06
2.0442306794248907e-07,3.3000000000000003,-8.443111315793458e-28,9.304212010108134e-26,-2.0881933835426025e-06,-3.315003880288714e-06
2.0452306794248908e-07,3.3000000000000003,-6.203751361521141e-28,6.836462977609525e-26,-2.0881933835426025e-06,-3.3150028571071743e-06
2.0452686267783083e-07,3.3000000000000003,-1.8750425654865545e-15,-1.0719112267285298e-17,-2.088186107640246e-06,-3.315003823445295e-06
2.045274143344486e-07,3.3000000000000003,-7.314039308447923e-15,-1.8374185655256706e-17,-2.0881279000618037e-06,-3.3150028571071743e-06
2.0452851764768418e-07,3.3000000000000003,2.1678602968148235e-15,-2.6898817984876653e-17,-2.0881861076514982e-06,-3.315003823445295e-06
2.0453072427415531e-07,3.3000000000000003,1.2517254070374786e-15,-1.5324696984533513e-17,-2.088186107623385e-06,-3.3150028002637555e-06
2.045308350459314e-07,3.3000000000000003,-9.208877792283152e-15,-1.6654843361154892e-17,-2.0882443153985816e-06,-3.315003823445295e-06
2.045310565894836e-07,3.3000000000000003,1.5642312148205712e-15,-1.920893282024893e-17,-2.0880114846502324e-06,-3.3150028002637555e-06
2.045310677108821e-07,3.3000000000000003,-9.451002603342622e-15,-1.9341211249293767e-17,-2.0831220412496433e-06,-3.3150043918794836e-06
2.0453108995367908e-07,3.3000000000000003,1.5960786014816095e-15,-1.960468147478819e-17,-2.0868473314329405e-06,-3.315003027637431e-06
2.0453113443927304e-07,3.3000000000000003,1.5789302766111103e-15,-1.9388050004185393e-17,-2.088709976581645e-06,-3.3150039371321327e-06
2.045311366724322e-07,3.3000000000000003,-9.487313730199001e-15,-1.9414678053320742e-17,-2.038418557668737e-06,-3.315006665616238e-06
2.0453114113875056e-07,3.3000000000000003,1.5853578469267888e-15,-1.9467890114975337e-17,-2.0831220411341495e-06,-3.3150039371321327e-06
2.0453115007138728e-07,3.3000000000000003,1.5819228717734796e-15,-1.9424496812581064e-17,-2.083122041134044e-06,-3.315003027637431e-06
2.045311679366607e-07,3.3000000000000003,1.5750752247842848e-15,-1.933799206009602e-17,-2.083122041133834e-06,-3.315004164505808e-06
2.0453116883349034e-07,3.3000000000000003,-9.499092251814724e-15,-1.9348708230862756e-17,-2.0384185576686488e-06,-3.315010303595045e-06
2.0453117062714963e-07,3.3000000000000003,1.577661593951307e-15,-1.9370133456160195e-17,-2.0384185575523702e-06,-3.315006665616238e-06
2.045311742144682e-07,3.3000000000000003,1.5762879250636802e-15,-1.935278022420262e-17,-2.068220879940023e-06,-3.3150048466268345e-06
2.0453118138910533e-07,3.3000000000000003,1.5735441738745004e-15,-1.9318119084801432e-17,-2.075671460536863e-06,-3.3150048466268345e-06
2.045311957383796e-07,3.3000000000000003,1.5680709866484752e-15,-1.924897770992884e-17,-2.083122041133619e-06,-3.315003027637431e-06
2.0453119645870748e-07,3.3000000000000003,-9.506264889212801e-15,-1.9257600918626196e-17,-2.038418557668429e-06,-3.315003027637431e-06
2.0453119789936325e-07,3.3000000000000003,1.5701523572013773e-15,-1.9274842736322325e-17,-2.0980232023275304e-06,-3.315003027637431e-06
2.0453119801548164e-07,3.3000000000000003,-9.507422381650911e-15,-1.9276232602983886e-17,-2.276837136770065e-06,-3.3150175795526593e-06
2.0453119824771846e-07,3.3000000000000003,1.5704880078264525e-15,-1.9279012216733168e-17,-2.03841855755215e-06,-3.3150175795526593e-06
2.0453119871219208e-07,3.3000000000000003,1.570310891516076e-15,-1.927677475252146e-17,-2.0384185575521445e-06,-3.315003027637431e-06
2.045311996411393e-07,3.3000000000000003,1.5699567188055267e-15,-1.9272300581331722e-17,-2.0980232023275245e-06,-3.315010303595045e-06
2.0453119973437645e-07,3.3000000000000003,-9.50896849587412e-15,-1.9273416861577024e-17,-2.2768371367700724e-06,-3.3150175795526593e-06
2.0453119992085073e-07,3.3000000000000003,1.5702262024715647e-15,-1.927564934498243e-17,-2.038418557552142e-06,-3.3150175795526593e-06
2.045311999626206e-07,3.3000000000000003,-9.508748596266741e-15,-1.9276149230785773e-17,-1.7999999785669541e-06,-3.3150175795526593e-06
2.045312000461603e-07,3.3000000000000003,1.570346938593712e-15,-1.927714898692042e-17,-1.7999999784505833e-06,-3.3150175795526593e-06
2.0453120007411756e-07,3.3000000000000003,-9.508641172672942e-15,-1.9277483611038385e-17,-1.7999999785669575e-06,-3.3151339948744862e-06
2.0453120013003206e-07,3.3000000000000003,1.570427737983583e-15,-1.9278152852344032e-17,-1.7999999784505858e-06,-3.3150175795526593e-06
2.045312001529043e-07,3.3000000000000003,0.4531269575559762,1.570307280022573e-08,-0.013729557880333114,-3.3151339948744862e-06
2.0453120017850243e-07,3.3000000000000003,0.4531354952380385,5.085251030836209e-08,-0.013731722889897078,-3.3151339948744862e-06
2.0453120019349433e-07,3.3000000000000003,0.4531404954217353,7.143856292991212e-08,-0.013737595837675858,-3.31536682551814e-06
2.0453120021261623e-07,3.3000000000000003,0.4531468730383425,9.769602968880831e-08,-0.013730158914960282,-3.3151339948744862e-06
2.0453120025086e-07,3.3000000000000003,0.45315962818261846,1.502120672924591e-07,-0.013732451204471915,-3.3150175795526593e-06
2.0453120032734759e-07,3.3000000000000003,0.4531851381125821,2.5524855879069056e-07,-0.01373417474956484,-3.3150175795526593e-06
2.0453120048032274e-07,3.3000000000000003,0.4532361565407461,4.653392065307867e-07,-0.013736668121484802,-3.3150175795526593e-06
2.0453120078627305e-07,3.3000000000000003,0.4533381876672734,8.855911576247475e-07,-0.013739747340932926,-3.315003027637431e-06
2.0453120139817368e-07,3.3000000000000003,0.45354222700533003,1.7263776553830089e-06,-0.013746024286127622,-3.315010303595045e-06
2.0453120262197493e-07,3.3000000000000003,0.45395021403749475,3.4090808181410117e-06,-0.013758456155800574,-3.315006665616238e-06
2.045312050695774e-07,3.3000000000000003,0.454765821663349,6.779006092879806e-06,-0.013783070235066999,-3.3150048466268345e-06
2.0453120996478234e-07,3.3000000000000003,0.45639557225806215,1.3536918690572455e-05,-0.013832298164726054,-3.315002118142729e-06
2.0453121975519223e-07,3.3000000000000003,0.4596492235787478,2.712488223744822e-05,-0.013930485156480953,-3.3150039371321327e-06
2.0453123933601203e-07,3.3000000000000003,0.46613319664533864,5.4588486369122724e-05,-0.014126143442342982,-3.3150032550111064e-06
2.0453127849765163e-07,3.3000000000000003,0.47900838066343343,0.00011065942945483966,-0.014514618014802735,-3.3150039371321327e-06
2.0453135682093082e-07,3.3000000000000003,0.5043921022264543,0.00022732106405256498,-0.015280312812551633,-3.3150028002637555e-06
2.0453150589424278e-07,3.3000000000000003,0.5513849872827483,0.00046563149841410305,-0.016697166028385498,-3.315003880288714e-06
2.0453164370595548e-07,3.3000000000000003,0.5933281846433498,0.0007044097368593761,-0.017960977782397417,-3.3150028002637555e-06
2.0453178242189364e-07,3.3000000000000003,0.6341419579466216,0.0009620438409651831,-0.019189992976999512,-3.315003880288714e-06
2.0453193196326957e-07,3.3000000000000003,0.6766168697534115,0.0012585296151901898,-0.020468169574147,-3.3150028002637555e-06
2.045320967335277e-07,3.3000000000000003,0.7216529917606581,0.0016068949928919306,-0.021822388587980492,-3.315003823445295e-06
2.0453227802218583e-07,3.3000000000000003,0.7691513945824532,0.002015393851764072,-0.02324940333881546,-3.3150028002637555e-06
2.045324757480377e-07,3.3000000000000003,0.818610631402862,0.002489713280546876,-0.02473384376855861,-3.315003823445295e-06
2.045326908340154e-07,3.3000000000000003,0.8697643734583117,0.003038132714659707,-0.026267389547237483,-3.315002913950593e-06
2.045329238824119e-07,3.3000000000000003,0.9222350928065256,0.0036685260874434987,-0.027838360754148243,-3.315003880288714e-06
2.0453317624008376e-07,3.3000000000000003,0.9757795702114022,0.00439116947451829,-0.029439076168407536,-3.3150028002637555e-06
2.0453344888122744e-07,3.3000000000000003,1.0300314173885592,0.005215786671683582,-0.031058137156552926,-3.3150039371321327e-06
2.0453374343314588e-07,3.3000000000000003,1.084716692984848,0.0061545048107562745,-0.03268687540118808,-3.3150028002637555e-06
2.0453406127418915e-07,3.3000000000000003,1.139469206249318,0.007219181871512969,-0.03431383474681832,-3.315003880288714e-06
2.0453440441960584e-07,3.3000000000000003,1.1939920666777413,0.008424255457826005,-0.03592957954727856,-3.3150028571071743e-06
2.0453477476596975e-07,3.3000000000000003,1.247921668889157,0.009784271232527435,-0.03752265101488819,-3.315003823445295e-06
2.045351747643927e-07,3.3000000000000003,1.300934160570114,0.011316238113855067,-0.039082719930481534,-3.3150028002637555e-06
2.0453558984365976e-07,3.3000000000000003,1.3507230978211837,0.0129686135879067,-0.040541453526083064,-3.315003823445295e-06
2.045360303497288e-07,3.3000000000000003,1.398312015991194,0.014784887929991426,-0.041928550928017415,-3.3150028002637555e-06
2.0453648880560848e-07,3.3000000000000003,1.4426801108747747,0.016736430976571227,-0.04321394523538378,-3.315003823445295e-06
2.0453697480181074e-07,3.3000000000000003,1.4845815500595017,0.01886572724405856,-0.04441920358894346,-3.3150028002637555e-06
2.0453748206413493e-07,3.3000000000000003,1.5233098539166399,0.02114677746877956,-0.045523704548531045,-3.315003880288714e-06
2.045380191182422e-07,3.3000000000000003,1.5593940420685992,0.023618803604563414,-0.04654229111333116,-3.3150028002637555e-06
2.04538581254933e-07,3.3000000000000003,1.5924079387827252,0.026260779955417663,-0.047462685350381194,-3.315003880288714e-06
2.0453917651903308e-07,3.3000000000000003,1.62274955632007,0.02911063937183853,-0.04829579903859521,-3.3150028571071743e-06
2.0453980172301292e-07,3.3000000000000003,1.6501930018124595,0.03215299459214476,-0.04903525357643001,-3.315003823445295e-06
2.04540464772699e-07,3.3000000000000003,1.6750502296280285,0.03542571192632081,-0.049689354625283906,-3.3150028002637555e-06
2.0454116405343072e-07,3.3000000000000003,1.6972356892616685,0.038919933271505995,-0.05025577797102103,-3.315003880288714e-06
2.0454190777812458e-07,3.3000000000000003,1.7170073714082712,0.04267534607586084,-0.05074113917974716,-3.3150028002637555e-06
2.0454269612866636e-07,3.3000000000000003,1.7343762943522556,0.046691176433952014,-0.05114579577619042,-3.315003880288714e-06
2.0454353822312058e-07,3.3000000000000003,1.7495669632332234,0.05101168288846352,-0.05147520994467155,-3.3150028571071743e-06
2.0454443651605482e-07,3.3000000000000003,1.762654606994469,0.05564682415635763,-0.051731359355079186,-3.315003823445295e-06
2.0454540192440367e-07,3.3000000000000003,1.773842498065978,0.06064968810640122,-0.051918795665490715,-3.3150028571071743e-06
2.0454644009611264e-07,3.3000000000000003,1.7832462225666592,0.06604565379792023,-0.05204025230590845,-3.315003880288714e-06
2.0454756522523463e-07,3.3000000000000003,1.7910543351850248,0.07190374283545432,-0.052099351795894505,-3.3150028002637555e-06
2.045487879274816e-07,3.3000000000000003,1.7974050506704657,0.07827343281145903,-0.05209878310384602,-3.315003880288714e-06
2.045501283668864e-07,3.3000000000000003,1.8024746951264077,0.0852525600526744,-0.0520409251751802,-3.3150028002637555e-06
2.045516057937042e-07,3.3000000000000003,1.8064107799473896,0.09293227086397819,-0.05192748578300704,-3.315003880288714e-06
2.0455325270834862e-07,3.3000000000000003,1.8093780843333902,0.10146974375336913,-0.05175869573631043,-3.3150028571071743e-06
2.045551043897896e-07,3.3000000000000003,1.811520052674468,0.11103226474526826,-0.05153383264645529,-3.315003823445295e-06
2.0455721697598602e-07,3.3000000000000003,1.8129843923760478,0.12188834534182388,-0.05124923590182671,-3.3150028571071743e-06
2.045596619205437e-07,3.3000000000000003,1.8139035415239049,0.13437469532467267,-0.05089871558355558,-3.315003823445295e-06
2.0456255279009986e-07,3.3000000000000003,1.8144026786991105,0.14902573519690582,-0.05046987056096467,-3.3150028571071743e-06
2.0456605566106342e-07,3.3000000000000003,1.814589643010141,0.1666109733322466,-0.049942650343572086,-3.315003823445295e-06
2.045704529996242e-07,3.3000000000000003,1.814553350339935,0.18842514968533308,-0.049280514896858967,-3.3150028571071743e-06
2.0457623514219965e-07,3.3000000000000003,1.8143546002590127,0.21666841396134648,-0.048418635453362745,-3.315003823445295e-06
2.045843958694499e-07,3.3000000000000003,1.8140124068605115,0.2556916141964445,-0.04722574439495899,-3.3150028571071743e-06
2.0459731970756056e-07,3.3000000000000003,1.8134693981640626,0.3155378423437112,-0.04539576699975731,-3.315003823445295e-06
2.046171536309093e-07,3.3000000000000003,1.8126765425712967,0.4029179977644781,-0.042723856785873565,-3.3150028571071743e-06
2.046354813275053e-07,3.3000000000000003,1.8119854831544,0.47907969438626985,-0.04039498469973215,-3.315003823445295e-06
2.0465788092834239e-07,3.3000000000000003,1.8111917372631186,0.5665582561839827,-0.03772006549114391,-3.3150028571071743e-06
2.0467907885968102e-07,3.3000000000000003,1.810489072045461,0.6439989128146423,-0.035352085334865814,-3.315003880288714e-06
2.047041356650825e-07,3.3000000000000003,1.8097150635679933,0.7293022616823923,-0.03274367978554101,-3.3150028571071743e-06
2.047284940171511e-07,3.3000000000000003,1.809017436450362,0.8061876501772917,-0.030392678627539443,-3.315003880288714e-06
2.047563577848805e-07,3.3000000000000003,1.8082805261558506,0.887402422632665,-0.02790929355217555,-3.3150028571071743e-06
2.0478389684777122e-07,3.3000000000000003,1.8076114035905775,0.961146324242624,-0.025654352756542455,-3.315003880288714e-06
2.0481389749421002e-07,3.3000000000000003,1.8069437849768015,1.0347244729134346,-0.023404480351201903,-3.3150028571071743e-06
2.048420445695679e-07,3.3000000000000003,1.8063708028420913,1.097872750547251,-0.021473532516165548,-3.315003880288714e-06
2.0487162492529318e-07,3.3000000000000003,1.805819490468427,1.1586328062406894,-0.019615611718513434,-3.3150028002637555e-06
2.0489986700954223e-07,3.3000000000000003,1.8053377279716707,1.21172778049602,-0.01799207375945643,-3.315003880288714e-06
2.0492925917273184e-07,3.3000000000000003,1.8048786272518837,1.262325203550096,-0.01644490591326514,-3.3150028571071743e-06
2.0495765758288999e-07,3.3000000000000003,1.804472610720637,1.307072225971182,-0.01507663159779419,-3.315003823445295e-06
2.0498692016904317e-07,3.3000000000000003,1.804089542238295,1.349290147316164,-0.013785692130833253,-3.3150028002637555e-06
2.0501543026009635e-07,3.3000000000000003,1.8037479133401548,1.3869410180676334,-0.012634403919254978,-3.315003823445295e-06
2.0504459213333807e-07,3.3000000000000003,1.803427970846997,1.422201833434103,-0.011556198817486383,-3.3150028571071743e-06
2.0507318678043907e-07,3.3000000000000003,1.803140793796301,1.4538515740984213,-0.010588413146771787,-3.315003823445295e-06
2.0510227345518898e-07,3.3000000000000003,1.802873340057792,1.4833276113784497,-0.009687094969723982,-3.3150028002637555e-06
2.051309323655945e-07,3.3000000000000003,1.8026321084952635,1.5099137066238608,-0.008874145427619098,-3.315003823445295e-06
2.0515996259488192e-07,3.3000000000000003,1.8024083879889647,1.5345699107586495,-0.008120208095426119,-3.3150028571071743e-06
2.051886702224846e-07,3.3000000000000003,1.8022058620193973,1.5568902682917756,-0.007437696271567352,-3.315003880288714e-06
2.0521765809553813e-07,3.3000000000000003,1.8020186327519774,1.5775247783547923,-0.00680673428642901,-3.3150028002637555e-06
2.0524640269549008e-07,3.3000000000000003,1.8018486723854772,1.5962560854761778,-0.006233968433195356,-3.315003823445295e-06
2.052753588283252e-07,3.3000000000000003,1.801691924957345,1.613531196541083,-0.005705730142124102,-3.3150028002637555e-06
2.0530413153396742e-07,3.3000000000000003,1.8015493383463401,1.6292456460438618,-0.005225213753707543,-3.315003823445295e-06
2.053330639389915e-07,3.3000000000000003,1.8014180740491073,1.643712265063642,-0.004782853520068087,-3.3150028571071743e-06
2.0536185807495233e-07,3.3000000000000003,1.8012984806603691,1.6568926348566022,-0.004379824213157856,-3.315003880288714e-06
2.0539077281876074e-07,3.3000000000000003,1.8011885337951914,1.6690098628028673,-0.00400930365800699,-3.3150028002637555e-06
2.054195833778809e-07,3.3000000000000003,1.8010882436978117,1.680062819694292,-0.003671326374447247,-3.315003823445295e-06
2.0544848507080175e-07,3.3000000000000003,1.8009961379099626,1.6902137851208492,-0.0033609301831185987,-3.3150028571071743e-06
2.054773083155664e-07,3.3000000000000003,1.8009120467445665,1.6994814601134756,-0.0030775432475788457,-3.315003823445295e-06
2.055062004826152e-07,3.3000000000000003,1.800834877875097,1.7079862299598787,-0.0028174844195746947,-3.3150028002637555e-06
2.055350336454189e-07,3.3000000000000003,1.8007643763549255,1.7157561920785573,-0.002579894543709572,-3.315003880288714e-06
2.0556391900476366e-07,3.3000000000000003,1.8006997163216647,1.7228823649682126,-0.0023619904492407856,-3.3150028002637555e-06
2.0559276006101362e-07,3.3000000000000003,1.800640612821793,1.7293961529707416,-0.0021628118615659047,-3.315003880288714e-06
2.0562164073239853e-07,3.3000000000000003,1.800586430354571,1.7353675947759055,-0.001980217130632692,-3.3150028002637555e-06
2.056504882354046e-07,3.3000000000000003,1.80053688502081,1.7408279787291567,-0.001813249528751021,-3.315003823445295e-06
2.056793659038413e-07,3.3000000000000003,1.8004914800344771,1.7458320555994364,-0.0016602348798636039,-3.3150028571071743e-06
2.057082188535391e-07,3.3000000000000003,1.8004499489480248,1.7504091906098966,-0.001520275259614741,-3.315003880288714e-06
2.0573709489257733e-07,3.3000000000000003,1.800411898055461,1.7546027738669436,-0.0013920438873207782,-3.3150028571071743e-06
2.057659526469487e-07,3.3000000000000003,1.8003770860141866,1.7584394038438744,-0.0012747274240836805,-3.315003823445295e-06
2.0579482821882777e-07,3.3000000000000003,1.8003451971789661,1.7619538677069837,-0.00116726216072129,-3.3150028002637555e-06
2.0582369042527988e-07,3.3000000000000003,1.800316017882193,1.7651697137132611,-0.0010689280332803574,-3.315003880288714e-06
2.0585256655022892e-07,3.3000000000000003,1.8002892926269451,1.7681151001856095,-0.0009788640148249768,-3.3150028571071743e-06
2.0588143310631934e-07,3.3000000000000003,1.8002648351305512,1.7708105572976374,-0.0008964423337270802,-3.315003880288714e-06
2.0591031072746277e-07,3.3000000000000003,1.8002424369814174,1.7732790540163095,-0.0008209606486572883,-3.3150028002637555e-06
2.0593918174680226e-07,3.3000000000000003,1.800221937492528,1.7755382996766074,-0.0007518774418340584,-3.315003880288714e-06
2.0596806178768616e-07,3.3000000000000003,1.80020316561261,1.7776071458055873,-0.0006886162713098841,-3.3150028571071743e-06
2.0599693758047983e-07,3.3000000000000003,1.8001859837852043,1.779500752529145,-0.0006307135689143909,-3.315003880288714e-06
2.0602582098242902e-07,3.3000000000000003,1.8001702509354112,1.7812346675515671,-0.0005776939225179035,-3.3150028002637555e-06
2.0605470206050682e-07,3.3000000000000003,1.800155849949552,1.7828217981073502,-0.0005291626474903543,-3.315003880288714e-06
2.0608358983617652e-07,3.3000000000000003,1.800142664040949,1.784275015200055,-0.000484726183311962,-3.3150028571071743e-06
2.0611247689787712e-07,3.3000000000000003,1.8001305939011112,1.7856052634835464,-0.00044404985176462787,-3.315003823445295e-06
2.061413701676969e-07,3.3000000000000003,1.8001195425575127,1.7868232304883902,-0.0004068068604556737,-3.3150028571071743e-06
2.0617026413911754e-07,3.3000000000000003,1.8001094260551571,1.7879381687049876,-0.0003727142849156423,-3.315003823445295e-06
2.0619916415715102e-07,3.3000000000000003,1.800100163695427,1.788958972033552,-0.0003415001620574472,-3.3150028002637555e-06
2.062280661992308e-07,3.3000000000000003,1.8000916846493782,1.789893446428158,-0.00031292580872907777,-3.315003823445295e-06
2.0625697442746497e-07,3.3000000000000003,1.8000839216511682,1.7907490053509456,-0.0002867645288126373,-3.3150028002637555e-06
2.0628588595794874e-07,3.3000000000000003,1.8000768150445035,1.791532223438616,-0.00026281529032283403,-3.315003880288714e-06
2.0631480409503967e-07,3.3000000000000003,1.800070308682421,1.7922492885939996,-0.0002408888742421768,-3.3150028571071743e-06
2.0634372685648774e-07,3.3000000000000003,1.8000643523799555,1.7929057318837085,-0.00022081615153819482,-3.315003823445295e-06
2.0637265689737681e-07,3.3000000000000003,1.800058899230204,1.7935067226707446,-0.0002024390589133723,-3.3150028002637555e-06
2.0640159296600937e-07,3.3000000000000003,1.800053907049878,1.794056910161892,-0.00018561542569369108,-3.315003823445295e-06
2.0643053729626763e-07,3.3000000000000003,1.8000493366178807,1.7945606167948274,-0.00017021308762723064,-3.3150028571071743e-06
2.06459489175195e-07,3.3000000000000003,1.8000451525093235,1.7950217467742642,-0.0001561126583659179,-3.315003880288714e-06
2.0648845059857487e-07,3.3000000000000003,1.800041321905776,1.7954439170308305,-0.00014320353758438768,-3.3150028571071743e-06
2.0651742130381657e-07,3.3000000000000003,1.8000378150740208,1.7958304044759459,-0.00013138552201905535,-3.315003880288714e-06
2.065464031355947e-07,3.3000000000000003,1.8000346045431312,1.796184236571423,-0.00012056604711425236,-3.3150028571071743e-06
2.0657539628503325e-07,3.3000000000000003,1.8000316653611674,1.7965081634087714,-0.00011066101330084536,-3.315003880288714e-06
2.0660440250306625e-07,3.3000000000000003,1.8000289745318077,1.7968047193405048,-0.00010159292871422317,-3.3150028002637555e-06
2.06633422361423e-07,3.3000000000000003,1.800026511122069,1.7970762113270493,-9.329124575713331e-05,-3.315003823445295e-06
2.066624826746031e-07,3.3000000000000003,1.8000242540127331,1.7973249670258677,-8.568479478991632e-05,-3.3150028571071743e-06
2.066928390619667e-07,3.3000000000000003,1.8000221009231834,1.7975622587287272,-7.842888981697816e-05,-3.315003823445295e-06
2.067238113692328e-07,3.3000000000000003,1.8000201008162506,1.7977826901802019,-7.168853759415095e-05,-3.3150028571071743e-06
2.0675608652581526e-07,3.3000000000000003,1.8000182086419518,1.797991226461825,-6.531191402973497e-05,-3.315003880288714e-06
2.0678909571524668e-07,3.3000000000000003,1.80001645731334,1.798184240161524,-5.9409943478184494e-05,-3.3150028571071743e-06
2.068234673447424e-07,3.3000000000000003,1.8000148121849369,1.7983655494591733,-5.386586651538319e-05,-3.315003823445295e-06
2.0685876516405848e-07,3.3000000000000003,1.8000132934697497,1.798532926869011,-4.874780245352129e-05,-3.3150028571071743e-06
2.0689553747701332e-07,3.3000000000000003,1.8000118763681705,1.7986891054308372,-4.397217303851602e-05,-3.315003880288714e-06
2.0693344594708622e-07,3.3000000000000003,1.8000105731474585,1.7988327332075122,-3.958032328146471e-05,-3.3150028571071743e-06
2.0697298062737678e-07,3.3000000000000003,1.8000093657721086,1.7989657978293856,-3.551147732587718e-05,-3.315003823445295e-06
2.0701389242584717e-07,3.3000000000000003,1.800008260967555,1.7990875582040442,-3.178828716565431e-05,-3.3150028571071743e-06
2.070566336136998e-07,3.3000000000000003,1.8000072453255247,1.7991994919445964,-2.8365579420847735e-05,-3.315003880288714e-06
2.0710103853668196e-07,3.3000000000000003,1.800006321800584,1.7993012735221294,-2.525330082278412e-05,-3.3150028002637555e-06
2.0714754142287416e-07,3.3000000000000003,1.8000054801433631,1.799394032407474,-2.2416919912391796e-05,-3.315003880288714e-06
2.071960594660965e-07,3.3000000000000003,1.800004720776869,1.799477722093216,-1.9857856084504186e-05,-3.3150028002637555e-06
2.0724703029650918e-07,3.3000000000000003,1.8000040355938567,1.799553236016461,-1.7548792474142757e-05,-3.315003880288714e-06
2.0730046015993968e-07,3.3000000000000003,1.800003423340969,1.7996207123159387,-1.548550147416461e-05,-3.3150028002637555e-06
2.0735681619581492e-07,3.3000000000000003,1.8000028773541075,1.7996808854431254,-1.3645528688890898e-05,-3.315003880288714e-06
2.0741620920287186e-07,3.3000000000000003,1.8000023952970434,1.7997340128776274,-1.2020998186671059e-05,-3.3150028002637555e-06
2.0747917049290172e-07,3.3000000000000003,1.8000019714794617,1.7997807217720856,-1.0592732823783235e-05,-3.315003880288714e-06
2.075459456423975e-07,3.3000000000000003,1.800001602887891,1.7998213441734363,-9.350582052582967e-06,-3.3150028571071743e-06
2.076171818740006e-07,3.3000000000000003,1.8000012844936366,1.7998564343682968,-8.2775941956619e-06,-3.315003880288714e-06
2.076933143258109e-07,3.3000000000000003,1.8000010128902586,1.7998863677213075,-7.36229225246957e-06,-3.3150028002637555e-06
2.0777518951610863e-07,3.3000000000000003,1.8000007835123237,1.7999116474582926,-6.5892885164843606e-06,-3.315003823445295e-06
2.078635332695478e-07,3.3000000000000003,1.800000592758484,1.7999326703841572,-5.946449990558038e-06,-3.3150028002637555e-06
2.079595388490161e-07,3.3000000000000003,1.800000436410142,1.7999499015314573,-5.419555119698326e-06,-3.315003880288714e-06
2.080595388490161e-07,3.3000000000000003,1.800000315887233,1.7999631843254649,-5.013394345752724e-06,-3.3150028571071743e-06
2.0815953884901611e-07,3.3000000000000003,1.800000227330778,1.7999729441369225,-4.714958865897079e-06,-3.315003880288714e-06
2.0825953884901612e-07,3.3000000000000003,1.8000001622618138,1.799980115363073,-4.495677130704021e-06,-3.3150028571071743e-06
2.0835953884901613e-07,3.3000000000000003,1.8000001144512414,1.7999853845718763,-4.3345552836314525e-06,-3.315003880288714e-06
2.0845953884901614e-07,3.3000000000000003,1.8000000793212392,1.7999892562335509,-4.216167621937821e-06,-3.3150028571071743e-06
2.0855953884901614e-07,3.3000000000000003,1.8000000535088876,1.7999921010181594,-4.1291798094380475e-06,-3.315003880288714e-06
2.0865953884901615e-07,3.3000000000000003,1.8000000345425897,1.7999941912833117,-4.065263685928177e-06,-3.3150028571071743e-06
2.0875953884901616e-07,3.3000000000000003,1.800000020606816,1.799995727149467,-4.018299977159971e-06,-3.315003880288714e-06
2.0885953884901617e-07,3.3000000000000003,1.8000000103671197,1.799996855659335,-3.983792404363889e-06,-3.3150028571071743e-06
2.0895953884901617e-07,3.3000000000000003,1.800000002843368,1.7999976848556263,-3.9584372440273135e-06,-3.315003880288714e-06
2.0905953884901618e-07,3.3000000000000003,1.7999999973150655,1.799998294124992,-3.939807006131439e-06,-3.3150028571071743e-06
2.091595388490162e-07,3.3000000000000003,1.7999999932530872,1.799998741798435,-3.926118049931556e-06,-3.315003880288714e-06
2.092595388490162e-07,3.3000000000000003,1.7999999902684147,1.7999990707358866,-3.916059800755141e-06,-3.3150028571071743e-06
2.093595388490162e-07,3.3000000000000003,1.7999999880754052,1.799999312429577,-3.9086692925004e-06,-3.315003880288714e-06
2.094595388490162e-07,3.3000000000000003,1.7999999864640106,1.799999490019085,-3.903238960490296e-06,-3.3150028571071743e-06
2.0955953884901622e-07,3.3000000000000003,1.7999999852800344,1.7999996205066997,-3.899248911094644e-06,-3.315003880288714e-06
2.0965953884901623e-07,3.3000000000000003,1.7999999844100576,1.7999997163852115,-3.8963171378629894e-06,-3.3150028571071743e-06
2.0975953884901623e-07,3.3000000000000003,1.7999999837708454,1.7999997868339586,-3.8941629566369635e-06,-3.315003880288714e-06
2.0985953884901624e-07,3.3000000000000003,1.7999999833011524,1.7999998385976532,-3.892580126248825e-06,-3.3150028571071743e-06
2.0995953884901625e-07,3.3000000000000003,1.7999999829560513,1.799999876632113,-3.891417108890023e-06,-3.315003880288714e-06
2.1005953884901626e-07,3.3000000000000003,1.7999999827024677,1.7999999045787303,-3.890562557103004e-06,-3.3150028571071743e-06
2.1015953884901626e-07,3.3000000000000003,1.7999999825161535,1.7999999251130931,-3.889934657601015e-06,-3.315003880288714e-06
2.1025953884901627e-07,3.3000000000000003,1.7999999823792456,1.799999940201147,-3.889473294987225e-06,-3.3150028571071743e-06
2.1035953884901628e-07,3.3000000000000003,1.7999999822786574,1.7999999512874107,-3.889134299376956e-06,-3.315003880288714e-06
2.1045953884901629e-07,3.3000000000000003,1.7999999822047412,1.7999999594332756,-3.888885215045336e-06,-3.3150028571071743e-06
2.105595388490163e-07,3.3000000000000003,1.799999982150436,1.7999999654186212,-3.888702195268731e-06,-3.315003880288714e-06
2.106595388490163e-07,3.3000000000000003,1.7999999821105288,1.7999999698164793,-3.888567717473863e-06,-3.3150028571071743e-06
2.107595388490163e-07,3.3000000000000003,1.7999999820812107,1.7999999730478977,-3.88846890724272e-06,-3.315003880288714e-06
2.1085953884901632e-07,3.3000000000000003,1.7999999820596646,1.7999999754222502,-3.888396304225203e-06,-3.3150028571071743e-06
2.1095953884901632e-07,3.3000000000000003,1.7999999820438364,1.7999999771668556,-3.888342957746562e-06,-3.315003880288714e-06
2.1105953884901633e-07,3.3000000000000003,1.799999982032204,1.7999999784487413,-3.888303760224474e-06,-3.3150028571071743e-06
2.1115953884901634e-07,3.3000000000000003,1.7999999820236585,1.7999999793906336,-3.888274959071908e-06,-3.315003880288714e-06
2.1125953884901635e-07,3.3000000000000003,1.799999982017378,1.7999999800827082,-3.888253796783167e-06,-3.3150028571071743e-06
2.1135953884901635e-07,3.3000000000000003,1.7999999820127648,1.799999980591225,-3.888238247383348e-06,-3.315003880288714e-06
2.1145953884901636e-07,3.3000000000000003,1.799999982009374,1.7999999809648684,-3.8882268220978285e-06,-3.3150028571071743e-06
2.1155953884901637e-07,3.3000000000000003,1.7999999820068835,1.7999999812394107,-3.888218427175317e-06,-3.315003880288714e-06
2.1165953884901638e-07,3.3000000000000003,1.7999999820050523,1.799999981441136,-3.888212258790259e-06,-3.3150028571071743e-06
2.1175953884901638e-07,3.3000000000000003,1.799999982003708,1.799999981589358,-3.888207726482866e-06,-3.315003880288714e-06
2.118595388490164e-07,3.3000000000000003,1.7999999820027193,1.799999981698267,-3.88820439624605e-06,-3.3150028571071743e-06
2.119595388490164e-07,3.3000000000000003,1.7999999820019936,1.7999999817782906,-3.88820194930102e-06,-3.315003880288714e-06
2.120595388490164e-07,3.3000000000000003,1.7999999820014598,1.7999999818370895,-3.8882001513499395e-06,-3.3150028571071743e-06
2.1215953884901641e-07,3.3000000000000003,1.799999982001068,1.7999999818802932,-3.888198830248622e-06,-3.315003880288714e-06
2.1225953884901642e-07,3.3000000000000003,1.7999999820007795,1.7999999819120382,-3.88819785955133e-06,-3.3150028571071743e-06
2.1235953884901643e-07,3.3000000000000003,1.799999982000568,1.7999999819353636,-3.888197146307563e-06,-3.315003880288714e-06
2.1245953884901644e-07,3.3000000000000003,1.7999999820004127,1.7999999819525019,-3.888196622257483e-06,-3.3150028571071743e-06
2.1255953884901644e-07,3.3000000000000003,1.7999999820002985,1.799999981965095,-3.888196237189796e-06,-3.315003880288714e-06
2.1265953884901645e-07,3.3000000000000003,1.7999999820002144,1.7999999819743477,-3.88819595426202e-06,-3.3150028571071743e-06
2.1275953884901646e-07,3.3000000000000003,1.7999999820001529,1.7999999819811463,-3.8881957463841615e-06,-3.315003880288714e-06
2.1285953884901647e-07,3.3000000000000003,1.7999999820001074,1.7999999819861419,-3.888195593617503e-06,-3.3150028571071743e-06
2.1295953884901647e-07,3.3000000000000003,1.7999999820000745,1.7999999819898125,-3.888195481362022e-06,-3.315003880288714e-06
2.1305953884901648e-07,3.3000000000000003,1.7999999820000494,1.7999999819925094,-3.888195398903104e-06,-3.3150028571071743e-06
2.131595388490165e-07,3.3000000000000003,1.7999999820000316,1.799999981994491,-3.888195338325453e-06,-3.315003880288714e-06
2.132595388490165e-07,3.3000000000000003,1.7999999820000183,1.7999999819959465,-3.888195293811832e-06,-3.3150028571071743e-06
2.133595388490165e-07,3.3000000000000003,1.799999982000009,1.7999999819970163,-3.888195261100184e-06,-3.315003880288714e-06
2.134595388490165e-07,3.3000000000000003,1.7999999820000017,1.7999999819978028,-3.888195237055554e-06,-3.3150028571071743e-06
2.1355953884901652e-07,3.3000000000000003,1.7999999819999963,1.7999999819983805,-3.888195219375783e-06,-3.315003880288714e-06
2.1365953884901653e-07,3.3000000000000003,1.7999999819999923,1.7999999819988048,-3.888195206396862e-06,-3.3150028571071743e-06
2.1375953884901653e-07,3.3000000000000003,1.7999999819999897,1.7999999819991164,-3.888195196879702e-06,-3.315003880288714e-06
2.1385953884901654e-07,3.3000000000000003,1.7999999819999875,1.7999999819993453,-3.8881951898811045e-06,-3.3150028571071743e-06
2.1395953884901655e-07,3.3000000000000003,1.7999999819999861,1.7999999819995136,-3.88819518473452e-06,-3.315003880288714e-06
2.1405953884901656e-07,3.3000000000000003,1.7999999819999848,1.7999999819996373,-3.8881951809588855e-06,-3.3150028571071743e-06
2.1415953884901656e-07,3.3000000000000003,1.7999999819999841,1.7999999819997288,-3.888195178146324e-06,-3.315003880288714e-06
2.1425953884901657e-07,3.3000000000000003,1.7999999819999832,1.7999999819997958,-3.888195176096838e-06,-3.3150028571071743e-06
2.1435953884901658e-07,3.3000000000000003,1.799999981999983,1.7999999819998445,-3.88819517462242e-06,-3.315003880288714e-06
2.144595388490166e-07,3.3000000000000003,1.7999999819999826,1.7999999819998806,-3.888195173513609e-06,-3.3150028571071743e-06
2.145595388490166e-07,3.3000000000000003,1.7999999819999823,1.7999999819999073,-3.888195172702269e-06,-3.315003880288714e-06
2.146595388490166e-07,3.3000000000000003,1.7999999819999823,1.7999999819999266,-3.888195172097865e-06,-3.3150028571071743e-06
2.147595388490166e-07,3.3000000000000003,1.7999999819999823,1.799999981999941,-3.888195171671059e-06,-3.315003880288714e-06
2.1485953884901662e-07,3.3000000000000003,1.7999999819999823,1.7999999819999517,-3.888195171334789e-06,-3.3150028571071743e-06
2.1495953884901662e-07,3.3000000000000003,1.7999999819999821,1.7999999819999597,-3.888195171092521e-06,-3.315003880288714e-06
2.1505953884901663e-07,3.3000000000000003,1.7999999819999821,1.7999999819999655,-3.8881951709209175e-06,-3.3150028571071743e-06
2.1515953884901664e-07,3.3000000000000003,1.7999999819999821,1.7999999819999695,-3.888195170791582e-06,-3.315003880288714e-06
2.1525953884901665e-07,3.3000000000000003,1.7999999819999821,1.7999999819999726,-3.888195170701048e-06,-3.3150028571071743e-06
2.1535953884901665e-07,3.3000000000000003,1.799999981999982,1.7999999819999748,-3.888195170626916e-06,-3.315003880288714e-06
2.1545953884901666e-07,3.3000000000000003,1.799999981999982,1.7999999819999766,-3.888195170578652e-06,-3.3150028571071743e-06
2.1555953884901667e-07,3.3000000000000003,1.799999981999982,1.799999981999978,-3.888195170539851e-06,-3.315003880288714e-06
2.1565953884901668e-07,3.3000000000000003,1.799999981999982,1.7999999819999788,-3.8881951705269175e-06,-3.3150028571071743e-06
2.1575953884901668e-07,3.3000000000000003,1.799999981999982,1.7999999819999797,-3.888195170501051e-06,-3.315003880288714e-06
2.158595388490167e-07,3.3000000000000003,1.799999981999982,1.79999998199998,-3.888195170475183e-06,-3.3150028571071743e-06
2.159595388490167e-07,3.3000000000000003,1.7999999819999821,1.7999999819999803,-3.888195170471714e-06,-3.315003880288714e-06
2.160595388490167e-07,3.3000000000000003,1.799999981999982,1.7999999819999803,-3.8881951704587805e-06,-3.3150028571071743e-06
2.1615953884901671e-07,3.3000000000000003,1.799999981999982,1.7999999819999803,-3.88819517046225e-06,-3.315003880288714e-06
2.1625953884901672e-07,3.3000000000000003,1.799999981999982,1.7999999819999803,-3.88819517046225e-06,-3.3150028571071743e-06
2.1635953884901673e-07,3.3000000000000003,1.799999981999982,1.7999999819999803,-3.88819517046225e-06,-3.315003880288714e-06
2.1645953884901674e-07,3.3000000000000003,1.799999981999982,1.7999999819999803,-3.88819517046225e-06,-3.3150028571071743e-06
2.1655953884901674e-07,3.3000000000000003,1.799999981999982,1.7999999819999803,-3.88819517046225e-06,-3.315003880288714e-06
2.1665953884901675e-07,3.3000000000000003,1.799999981999982,1.7999999819999803,-3.88819517046225e-06,-3.3150028571071743e-06
2.1675953884901676e-07,3.3000000000000003,1.799999981999982,1.7999999819999803,-3.88819517046225e-06,-3.315003880288714e-06
2.1685953884901677e-07,3.3000000000000003,1.799999981999982,1.7999999819999803,-3.88819517046225e-06,-3.3150028571071743e-06
2.1695953884901677e-07,3.3000000000000003,1.799999981999982,1.7999999819999803,-3.88819517046225e-06,-3.315003880288714e-06
2.1705953884901678e-07,3.3000000000000003,1.799999981999982,1.7999999819999803,-3.88819517046225e-06,-3.3150028571071743e-06
2.171595388490168e-07,3.3000000000000003,1.799999981999982,1.7999999819999803,-3.88819517046225e-06,-3.315003880288714e-06
2.172595388490168e-07,3.3000000000000003,1.799999981999982,1.7999999819999803,-3.88819517046225e-06,-3.3150028571071743e-06
2.173595388490168e-07,3.3000000000000003,1.799999981999982,1.7999999819999803,-3.88819517046225e-06,-3.315003880288714e-06
2.174595388490168e-07,3.3000000000000003,1.799999981999982,1.7999999819999803,-3.88819517046225e-06,-3.3150028571071743e-06
2.1755953884901682e-07,3.3000000000000003,1.799999981999982,1.7999999819999803,-3.88819517046225e-06,-3.315003880288714e-06
2.1765953884901683e-07,3.3000000000000003,1.799999981999982,1.7999999819999803,-3.88819517046225e-06,-3.3150028571071743e-06
2.1775953884901683e-07,3.3000000000000003,1.799999981999982,1.7999999819999803,-3.88819517046225e-06,-3.315003880288714e-06
2.1785953884901684e-07,3.3000000000000003,1.799999981999982,1.7999999819999803,-3.88819517046225e-06,-3.3150028571071743e-06
2.1795953884901685e-07,3.3000000000000003,1.799999981999982,1.7999999819999803,-3.88819517046225e-06,-3.315003880288714e-06
2.1805953884901686e-07,3.3000000000000003,1.799999981999982,1.7999999819999803,-3.88819517046225e-06,-3.3150028571071743e-06
2.1815953884901686e-07,3.3000000000000003,1.799999981999982,1.7999999819999803,-3.88819517046225e-06,-3.315003880288714e-06
2.1825953884901687e-07,3.3000000000000003,1.799999981999982,1.7999999819999803,-3.88819517046225e-06,-3.3150028571071743e-06
2.1835953884901688e-07,3.3000000000000003,1.799999981999982,1.7999999819999803,-3.88819517046225e-06,-3.315003880288714e-06
2.184595388490169e-07,3.3000000000000003,1.799999981999982,1.7999999819999803,-3.88819517046225e-06,-3.3150028571071743e-06
2.185595388490169e-07,3.3000000000000003,1.799999981999982,1.7999999819999803,-3.88819517046225e-06,-3.315003880288714e-06
2.186595388490169e-07,3.3000000000000003,1.799999981999982,1.7999999819999803,-3.88819517046225e-06,-3.3150028571071743e-06
2.187595388490169e-07,3.3000000000000003,1.799999981999982,1.7999999819999803,-3.88819517046225e-06,-3.315003880288714e-06
2.1885953884901692e-07,3.3000000000000003,1.799999981999982,1.7999999819999803,-3.88819517046225e-06,-3.3150028571071743e-06
2.1895953884901692e-07,3.3000000000000003,1.799999981999982,1.7999999819999803,-3.88819517046225e-06,-3.315003880288714e-06
2.1905953884901693e-07,3.3000000000000003,1.799999981999982,1.7999999819999803,-3.88819517046225e-06,-3.3150028571071743e-06
2.1915953884901694e-07,3.3000000000000003,1.799999981999982,1.7999999819999803,-3.88819517046225e-06,-3.315003880288714e-06
2.1925953884901695e-07,3.3000000000000003,1.799999981999982,1.7999999819999803,-3.88819517046225e-06,-3.3150028571071743e-06
2.1935953884901696e-07,3.3000000000000003,1.799999981999982,1.7999999819999803,-3.88819517046225e-06,-3.315003880288714e-06
2.1945953884901696e-07,3.3000000000000003,1.799999981999982,1.7999999819999803,-3.88819517046225e-06,-3.3150028571071743e-06
2.1955953884901697e-07,3.3000000000000003,1.799999981999982,1.7999999819999803,-3.88819517046225e-06,-3.315003880288714e-06
2.1965953884901698e-07,3.3000000000000003,1.799999981999982,1.7999999819999803,-3.88819517046225e-06,-3.3150028571071743e-06
2.1975953884901699e-07,3.3000000000000003,1.799999981999982,1.7999999819999803,-3.88819517046225e-06,-3.315003880288714e-06
2.19859538849017e-07,3.3000000000000003,1.799999981999982,1.7999999819999803,-3.88819517046225e-06,-3.3150028571071743e-06
2.19959538849017e-07,3.3000000000000003,1.799999981999982,1.7999999819999803,-3.88819517046225e-06,-3.315003880288714e-06
2.1999999999999998e-07,3.3000000000000003,1.79999998200004,1.799999981999984,-3.888195158131198e-06,-3.3150028571071743e-06
2.2000020184460392e-07,3.2996669564035224,1.7999999819999855,1.799999981999984,-3.8880132597391716e-06,0.007421685330996297
2.200006055338118e-07,3.299000869210534,1.7999999819999852,1.799999981999984,-3.888013259729456e-06,0.007421686000895988
2.200014129122275e-07,3.2976686948246443,1.7999999819994035,1.7999999819999832,-3.888129683306643e-06,0.007421687337398453
2.2000302766905897e-07,3.2950043460526905,1.7999999819998866,1.799999981999981,-3.888158787652531e-06,0.00742169001654247
2.200062571827219e-07,3.28967564850887,1.7999999819996277,1.7999999819999772,-3.88818790138493e-06,0.007421695366645054
2.2001271621004773e-07,3.279018253421229,1.7999999819999533,1.799999981999974,-3.888173358507343e-06,0.007421706075263046
2.2002563426469942e-07,3.257703463245947,1.7999999820001877,1.799999981999977,-3.888202448499066e-06,0.007421727484086205
2.2005147037400277e-07,3.215073882895471,1.7999999819999208,1.7999999819999823,-3.888193337610623e-06,0.007421770310315878
2.2010314259260948e-07,3.129814722194344,1.7999999820000552,1.7999999819999828,-3.888194242714656e-06,0.0074218559543624
2.202031425926095e-07,2.9648147221943315,1.799999981999882,1.7999999819999792,-3.888195167469417e-06,0.007422021707327531
2.203031425926095e-07,2.799814722194319,1.799999982000067,1.7999999819999777,-3.888195173112797e-06,0.007422187454665163
2.204031425926095e-07,2.6348147221943066,1.7999999819999097,1.79999998199998,-3.888195168284268e-06,0.007422353207573451
2.2050314259260951e-07,2.469814722194294,1.7999999820000432,1.7999999819999786,-3.888195172372713e-06,0.007422518954967927
2.2060314259260952e-07,2.3048147221942816,1.79999998199993,1.7999999819999806,-3.888195168868514e-06,0.00742268470796148
2.2070314259260953e-07,2.139814722194269,1.7999999820000259,1.79999998199998,-3.88819517182538e-06,0.007422850455270691
2.2080314259260954e-07,1.9748147221942571,1.7999999819999446,1.7999999819999815,-3.8881951693013346e-06,0.007423016208292665
2.2090314259260954e-07,1.8098147221942444,1.7999999820000137,1.799999981999981,-3.888195171416538e-06,0.007423181955630298
2.2100314259260955e-07,1.6448147221942322,1.799999981999955,1.7999999819999817,-0.0006663419749088787,0.007423347708623851
2.2110314259260956e-07,1.4798147221942197,1.7999999820000046,1.7999999819999806,-0.003430098754383143,0.0074235134559614835
2.2120314259260957e-07,1.3148147221942075,1.7999999819999626,1.7999999819999806,-0.008344966644972675,0.007423679208955036
2.2130314259260957e-07,1.1498147221941948,1.7999999819999983,1.7999999819999801,-0.015410945646682684,0.007423844956292669
2.2140314259260958e-07,0.9848147221941828,1.799999981999968,1.799999981999981,-0.024628035759480325,0.007424010709286222
2.2143252130816293e-07,0.9363398415312081,1.7999999819999444,1.7999999819999786,-0.027744715013508583,0.0074240594016998784
2.214526375316407e-07,0.9031480727928303,1.7999999820002985,1.7999999819999872,-0.029985858582158912,0.007424092747243094
2.2146652007961118e-07,0.880241868641582,1.7999999819997548,1.7999999819999892,-0.02885344882718508,0.007424115754702143
2.2148141233828983e-07,0.8556696418218204,1.799999981999965,1.7999999819999837,-0.02721818704140782,0.007424140441571581
2.2149037741211387e-07,0.8408772700121014,1.7999999820002408,1.7999999819999872,-0.026256770932685594,0.007424155298281221
2.215034955681722e-07,0.8192323125159131,1.7999999819994799,1.7999999819999828,-0.024881135514438966,0.007424177044484281
2.2152973188028887e-07,0.7759423975233619,1.7999999820004713,1.7999999819999826,-0.02224091745811665,0.007424220528434944
2.215822045045222e-07,0.689362567538347,1.7999999819995482,1.7999999819999866,-0.017404692747282773,0.007424307504649619
2.2168220450452222e-07,0.5243625675383345,1.7999999820003516,1.7999999819999766,-0.009827957969265225,0.007424473252065411
2.2178220450452222e-07,0.3593625675383221,1.7999999819996684,1.7999999819999855,-0.004402334301383102,0.00742463900498791
2.2188220450452223e-07,0.1943625675383096,1.7999999820002484,1.7999999819999781,-0.0011278217446862929,0.007424804752382386
2.2198220450452224e-07,0.029362567538297135,1.7999999819997556,1.7999999819999841,-4.4202990462164686e-06,0.00742497050531421
2.22e-07,0.0,1.7999999820000758,1.7999999819999803,-3.8882060859153185e-06,0.0074249999986118875
2.220000005559174e-07,0.0,1.7999999820008348,1.79999998199998,-3.89802498297752e-06,-4.684029811589569e-24
2.2200000166775218e-07,0.0,1.7999999820008343,1.7999999819999797,-3.898024982968041e-06,0.0
2.2200000389142178e-07,0.0,1.7999999820004857,1.799999981999979,-3.868222664124922e-06,0.0
2.2200000833876096e-07,0.0,1.7999999819993298,1.7999999819999783,-3.883123837104315e-06,0.0
2.220000172334393e-07,0.0,1.7999999820008743,1.7999999819999788,-3.8831238213458055e-06,0.0
2.2200003502279598e-07,0.0,1.7999999819997807,1.7999999819999795,-3.886849122726628e-06,0.0
2.2200007060150935e-07,0.0,1.7999999820003894,1.7999999819999795,-3.8868491164935115e-06,0.0
2.220001417589361e-07,0.0,1.7999999820002182,1.7999999819999797,-3.8877804405774025e-06,0.0
2.220002840737896e-07,0.0,1.7999999820000336,1.7999999819999795,-3.888711764834476e-06,0.0
2.2200056870349657e-07,0.0,1.7999999819996526,1.7999999819999792,-3.888246107828192e-06,0.0
2.2200113796291055e-07,0.0,1.7999999820002117,1.799999981999979,-3.888013271765245e-06,0.0
2.2200227648173847e-07,0.0,1.799999982000412,1.7999999819999797,-3.8881878889497065e-06,0.0
2.2200455351939436e-07,0.0,1.79999998199981,1.7999999819999792,-3.888158788320533e-06,0.0
2.220091075947061e-07,0.0,1.7999999820004395,1.7999999819999806,-3.888187879226429e-06,0.0
2.220182157453296e-07,0.0,1.7999999819996342,1.799999981999982,-3.8881806064898955e-06,0.0
2.220364320465766e-07,0.0,1.7999999820003014,1.7999999819999808,-3.888206068111905e-06,0.0
2.220728646490706e-07,0.0,1.7999999819997534,1.799999981999986,-3.888195143215346e-06,0.0
2.2214572985405856e-07,0.0,1.7999999820001338,1.7999999819999764,-3.888195167346833e-06,0.0
2.2224572985405857e-07,0.0,1.7999999819998385,1.7999999819999783,-3.888195166167485e-06,0.0
2.2234572985405858e-07,0.0,1.7999999820001038,1.7999999819999761,-3.888195174286647e-06,0.0
2.2244572985405858e-07,0.0,1.7999999819998784,1.7999999819999797,-3.888195167352379e-06,0.0
2.225457298540586e-07,0.0,1.7999999820000696,1.799999981999978,-3.888195173197974e-06,0.0
2.226457298540586e-07,0.0,1.7999999819999073,1.7999999819999806,-3.888195168192153e-06,0.0
2.227457298540586e-07,0.0,1.7999999820000452,1.799999981999979,-3.888195172413095e-06,0.0
2.2284572985405861e-07,0.0,1.7999999819999282,1.7999999819999806,-3.888195168837597e-06,0.0
2.2294572985405862e-07,0.0,1.7999999820000276,1.7999999819999797,-3.888195171856298e-06,0.0
2.2304572985405863e-07,0.0,1.799999981999943,1.799999981999981,-3.888195169279882e-06,0.0
2.2314572985405864e-07,0.0,1.799999982000015,1.7999999819999801,-3.888195171463858e-06,0.0
2.2324572985405864e-07,0.0,1.799999981999954,1.7999999819999812,-3.888195169595664e-06,0.0
2.2334572985405865e-07,0.0,1.7999999820000057,1.7999999819999808,-3.888195171172998e-06,0.0
2.2344572985405866e-07,0.0,1.7999999819999617,1.7999999819999817,-3.888195169809868e-06,0.0
2.2354572985405867e-07,0.0,1.799999981999999,1.799999981999981,-3.88819517095438e-06,0.0
2.2364572985405867e-07,0.0,1.7999999819999675,1.799999981999981,-3.888195170000093e-06,0.0
2.2374572985405868e-07,0.0,1.7999999819999941,1.7999999819999803,-3.888195170838287e-06,0.0
2.238457298540587e-07,0.0,1.7999999819999717,1.7999999819999808,-3.888195170136059e-06,0.0
2.239457298540587e-07,0.0,1.7999999819999908,1.7999999819999808,-3.888195170721249e-06,0.0
2.240457298540587e-07,0.0,1.7999999819999746,1.799999981999981,-3.888195170211771e-06,0.0
2.241457298540587e-07,0.0,1.7999999819999881,1.7999999819999803,-3.888195170655001e-06,0.0
2.2424572985405872e-07,0.0,1.7999999819999766,1.7999999819999801,-3.888195170307356e-06,0.0
2.2434572985405873e-07,0.0,1.7999999819999866,1.7999999819999806,-3.888195170594747e-06,0.0
2.2444572985405873e-07,0.0,1.799999981999978,1.7999999819999808,-3.888195170328809e-06,0.0
2.2454572985405874e-07,0.0,1.7999999819999852,1.7999999819999808,-3.888195170543957e-06,0.0
2.2464572985405875e-07,0.0,1.799999981999979,1.799999981999981,-3.888195170357202e-06,0.0
2.2474572985405876e-07,0.0,1.7999999819999843,1.7999999819999806,-3.8881951705250295e-06,0.0
2.2484572985405876e-07,0.0,1.79999998199998,1.7999999819999806,-3.888195170392532e-06,0.0
2.2494572985405877e-07,0.0,1.7999999819999837,1.7999999819999806,-3.88819517050957e-06,0.0
2.2504572985405878e-07,0.0,1.7999999819999803,1.7999999819999806,-3.888195170411461e-06,0.0
2.251457298540588e-07,0.0,1.799999981999983,1.7999999819999803,-3.888195170487173e-06,0.0
2.252457298540588e-07,0.0,1.7999999819999808,1.7999999819999801,-3.888195170433858e-06,0.0
2.253457298540588e-07,0.0,1.7999999819999828,1.7999999819999803,-3.888195170487173e-06,0.0
2.254457298540588e-07,0.0,1.799999981999981,1.7999999819999801,-3.888195170439853e-06,0.0
2.254495245894018e-07,0.0,1.7999999820002066,1.7999999819999817,-3.8881878879321844e-06,0.0
2.254571140600878e-07,0.0,1.7999999819995562,1.7999999819999795,-3.888180626234418e-06,0.0
2.254722930014598e-07,0.0,1.7999999820002832,1.7999999819999775,-3.888206094102358e-06,0.0
2.255026508842038e-07,0.0,1.799999981999752,1.7999999819999803,-3.888195174694547e-06,0.0
2.2550417483834432e-07,0.0,1.799999981999872,1.7999999819999792,-3.888217003929514e-06,0.0
2.255072227466254e-07,0.0,1.7999999820005275,1.7999999819999808,-3.888173334859062e-06,0.0
2.2551331856318753e-07,0.0,1.799999981999825,1.7999999819999841,-3.888195158059668e-06,0.0
2.2551362457077924e-07,0.0,1.7999999819999255,1.7999999819999843,-3.888013258415629e-06,0.0
2.255142365859627e-07,0.0,1.7999999820008803,1.7999999819999861,-3.8880132461041705e-06,0.0
2.255154606163296e-07,0.0,1.79999998200023,1.799999981999988,-3.888187868706151e-06,0.0
2.255179086770634e-07,0.0,1.7999999819999697,1.7999999819999886,-3.888158764655806e-06,0.0
2.255180315687443e-07,0.0,1.799999981999859,1.7999999819999886,-3.888711738645479e-06,0.0
2.2551827735210608e-07,0.0,1.7999999819991823,1.7999999819999886,-3.888246085386093e-06,0.0
2.2551828969033342e-07,0.0,1.7999999820001793,1.7999999819999888,-3.890574381701271e-06,0.0
2.2551831436678808e-07,0.0,1.799999981999155,1.7999999819999886,-3.888711747069362e-06,0.0
2.255183637196974e-07,0.0,1.7999999820000547,1.7999999819999886,-3.888711738078877e-06,0.0
2.2551846242551603e-07,0.0,1.7999999819995214,1.7999999819999888,-3.8891774050012215e-06,0.0
2.2551865983715332e-07,0.0,1.799999982000696,1.7999999819999886,-3.88847890084412e-06,0.0
2.2551866974713924e-07,0.0,1.7999999819998094,1.7999999819999883,-3.8831238050546734e-06,0.0
2.2551867102020583e-07,0.0,1.7999999819998975,1.7999999819999881,-3.957629610120026e-06,0.0
2.2551867356633901e-07,0.0,1.799999981999758,1.7999999819999875,-3.898024966774505e-06,0.0
2.2551867865860535e-07,0.0,1.7999999819992007,1.7999999819999872,-3.912926133673431e-06,0.0
2.255186789142351e-07,0.0,1.7999999819990122,1.7999999819999872,-3.838420329631974e-06,0.0
2.255186794254946e-07,0.0,1.7999999819984833,1.7999999819999872,-3.838420335026335e-06,0.0
2.255186794949238e-07,0.0,1.3366698516103004,1.7999999332596306,-8.463256619961612e-07,0.0
2.2551867954906044e-07,0.0,1.3366520664988537,1.7999998572486893,-1.7999999784024112e-06,0.0
2.255186795754947e-07,0.0,1.336643382326842,1.7999998201324037,-3.7073486112149112e-06,0.0
2.25518679610978e-07,0.0,1.3366317254606603,1.799999770309313,-1.7999999784024112e-06,0.0
2.2551867968194458e-07,0.0,1.3366084120307076,1.7999996706593868,-1.7999999784024112e-06,0.0
2.2551867982387776e-07,0.0,1.3365617863752732,1.799999471344558,-2.2768371366055362e-06,0.0
2.2551868010774415e-07,0.0,1.3364685398858036,1.799999072654997,-2.0384185575039737e-06,0.0
2.255186806754769e-07,0.0,1.3362820661912693,1.7999982750362886,-2.0384185575039737e-06,0.0
2.255186818109424e-07,0.0,1.335909195921876,1.799996678840694,-2.0980232022793643e-06,0.0
2.2551868408187342e-07,0.0,1.3351637637629412,1.7999934826181345,-2.068220879891669e-06,0.0
2.2551868862373548e-07,0.0,1.3336741321133192,1.7999870748582694,-2.0980232022793643e-06,0.0
2.2551869770745956e-07,0.0,1.3306997926893387,1.7999741981653479,-2.0905726216824405e-06,0.0
2.255187158749077e-07,0.0,1.324770755172808,1.79994820077133,-2.0868473313839786e-06,0.0
2.2551875220980405e-07,0.0,1.3129908141170556,1.7998952354002684,-2.0887099765332096e-06,0.0
2.2551882487959672e-07,0.0,1.289740051234872,1.7997854654944259,-2.0887099765332096e-06,0.0
2.2551897021918208e-07,0.0,1.244448202054407,1.7995509076367393,-2.0887099765332096e-06,0.0
2.2551912053089106e-07,0.0,1.199258406013122,1.7992878320537182,-2.0887099765332096e-06,0.0
2.255193187111772e-07,0.0,1.14213945742809,1.7989104486199217,-2.088011484602248e-06,0.0
2.2551951341683791e-07,0.0,1.0886374191805532,1.79850727784777,-2.088244315245902e-06,0.0
2.2551975033853227e-07,0.0,1.026851917449424,1.7979756422278852,-2.088244315245902e-06,0.0
2.25519985908779e-07,0.0,0.968845649402981,1.797404676075694,-2.088011484602248e-06,0.0
2.255202593764704e-07,0.0,0.9055363400244766,1.796692120866224,-2.088011484602248e-06,0.0
2.255205337501597e-07,0.0,0.8461068449463485,1.795926794649418,-2.088011484602248e-06,0.0
2.2552084267010646e-07,0.0,0.7837629396440291,1.7950088971105584,-2.088244315245902e-06,0.0
2.2552115516543525e-07,0.0,0.7252827334361385,1.7940240693633627,-2.088244315245902e-06,0.0
2.2552149989892262e-07,0.0,0.6657117956559578,1.792877095798825,-2.088127899924075e-06,0.0
2.2552185104970483e-07,0.0,0.6099504007344733,1.7916486726936762,-2.088244315245902e-06,0.0
2.255222330336378e-07,0.0,0.5544542679142819,1.79024951559897,-2.088011484602248e-06,0.0
2.2552262440670069e-07,0.0,0.5026924083041847,1.7887540809518931,-2.088011484602248e-06,0.0
2.255230460617296e-07,0.0,0.45216416121526887,1.7870796140040417,-2.088011484602248e-06,0.0
2.255234802685776e-07,0.0,0.4052698545868265,1.7852934850012812,-2.088127899924075e-06,0.0
2.255239450608368e-07,0.0,0.3602609692685486,1.783319468522837,-2.088011484602248e-06,0.0
2.255244258781829e-07,0.0,0.3187534746886591,1.7812173333678474,-2.088011484602248e-06,0.0
2.2552493849632675e-07,0.0,0.27952831214928225,1.7789168798933486,-2.088127899924075e-06,0.0
2.2552547110077918e-07,0.0,0.24363458112318734,1.7764699466091303,-2.088127899924075e-06,0.0
2.2552603776252892e-07,0.0,0.2102177894324752,1.7738114195294825,-2.088011484602248e-06,0.0
2.2552662911045723e-07,0.0,0.17992345933196482,1.77098490628042,-2.088127899924075e-06,0.0
2.255272580419522e-07,0.0,0.15214281510356822,1.767929016151027,-2.087895069280421e-06,0.0
2.2552791745783163e-07,0.0,0.1272385903539082,1.7646786690779381,-2.088011484602248e-06,0.0
2.2552861963070272e-07,0.0,0.10476425079397424,1.761174347510352,-2.088011484602248e-06,0.0
2.2552935971913691e-07,0.0,0.08488800101330102,1.757441427205601,-2.088127899924075e-06,0.0
2.2553014999968074e-07,0.0,0.0672684916424866,1.7534197318263292,-2.088127899924075e-06,0.0
2.2553098808996341e-07,0.0,0.05194324079487985,1.7491234633082275,-2.088244315245902e-06,0.0
2.2553188708505137e-07,0.0,0.0386382907581152,1.7444881491765891,-2.088244315245902e-06,0.0
2.255328476005422e-07,0.0,0.027306295355612565,1.7395137597719472,-2.0881861075849883e-06,0.0
2.2553388474863682e-07,0.0,0.01771665737182277,1.7341259063000025,-2.088244315245902e-06,0.0
2.2553500327856253e-07,0.0,0.009769921162520534,1.7283045615525432,-2.088127899924075e-06,0.0
2.2553622230912886e-07,0.0,0.0032645101247842897,1.7219559499538617,-2.0881861075849883e-06,0.0
2.2553755303521077e-07,0.0,-0.0019276306646415595,1.7150288192641308,-2.0881861075849883e-06,0.0
2.2553902228381604e-07,0.0,-0.00598655770302259,1.7073924320515297,-2.0881861075849883e-06,0.0
2.2554065362504865e-07,0.0,-0.009053244434287728,1.6989357371370597,-2.0881570037545316e-06,0.0
2.2554248900749386e-07,0.0,-0.011286532097097316,1.6894564540854975,-2.0881570037545316e-06,0.0
2.25544574524859e-07,0.0,-0.012823581403275934,1.6787371989144615,-2.0881861075849883e-06,0.0
2.255469865424411e-07,0.0,-0.013803604594533503,1.666414788838648,-2.088127899924075e-06,0.0
2.2554982480768054e-07,0.0,-0.01434871103303238,1.652023106012754,-2.08817155566976e-06,0.0
2.2555325483790823e-07,0.0,-0.014570183889324378,1.6347911892411835,-2.0881861075849883e-06,0.0
2.2555753119197534e-07,0.0,-0.014558429652108433,1.613555364601948,-2.0882006595002167e-06,0.0
2.255631171369259e-07,0.0,-0.014378174683504935,1.5862289144274668,-2.088178831627374e-06,0.0
2.2557089911518415e-07,0.0,-0.01405529282097187,1.5489274188999969,-2.088178831627374e-06,0.0
2.255829784627512e-07,0.0,-0.013546082589185937,1.4927532899945084,-2.08817155566976e-06,0.0
2.2560683847080191e-07,0.0,-0.012592433757301291,1.387676409641055,-2.0882061164684274e-06,0.0
2.2563815810048343e-07,0.0,-0.011441637380105603,1.2608526410412884,-2.0881933835426025e-06,0.0
2.2566685155686357e-07,0.0,-0.010479913468125645,1.1548759617191333,-2.0881933835426025e-06,0.0
2.2569674736452626e-07,0.0,-0.009563782760505195,1.053917061889135,-2.0881933835426025e-06,0.0
2.2572476822116578e-07,0.0,-0.008777989144256013,0.9673248177901738,-2.088191564553199e-06,0.0
2.25754271955654e-07,0.0,-0.008020255670104774,0.8838227317956752,-2.088191564553199e-06,0.0
2.2578254656356058e-07,0.0,-0.007355569431227548,0.8105754737277937,-2.0881933835426025e-06,0.0
2.2581192026243067e-07,0.0,-0.006723296998779256,0.7408995516333134,-2.088191564553199e-06,0.0
2.2584033948292792e-07,0.0,-0.00616336811603915,0.6791961546900332,-2.0881933835426025e-06,0.0
2.258695816487611e-07,0.0,-0.005635845147598008,0.6210636582837178,-2.0881933835426025e-06,0.0
2.2589810595795992e-07,0.0,-0.005164818794944134,0.5691571320471984,-2.0881933835426025e-06,0.0
2.2592725228122497e-07,0.0,-0.00472414845086051,0.5205957432320347,-2.0881933835426025e-06,0.0
2.2595585751058103e-07,0.0,-0.004328245887661374,0.4769677459275996,-2.0881933835426025e-06,0.0
2.2598493194244802e-07,0.0,-0.003959825262069837,0.43636820815691507,-2.088191564553199e-06,0.0
2.260135982499147e-07,0.0,-0.003627297282034149,0.3997240091283846,-2.0881933835426025e-06,0.0
2.2604261856558198e-07,0.0,-0.003319091697870287,0.36576010455516167,-2.0881933835426025e-06,0.0
2.2607133105924384e-07,0.0,-0.0030399394199177674,0.33499784424589824,-2.0881933835426025e-06,0.0
2.2610031065310682e-07,0.0,-0.002781987745736979,0.30657186443219725,-2.0881933835426025e-06,0.0
2.2612905805657915e-07,0.0,-0.0025477361080866157,0.2807576024944083,-2.088191564553199e-06,0.0
2.2615800698345827e-07,0.0,-0.002331769034461133,0.25695827803273646,-2.088191564553199e-06,0.0
2.261867807608636e-07,0.0,-0.002135254611315734,0.23530261368763736,-2.0881933835426025e-06,0.0
2.26215706582618e-07,0.0,-0.0019543912074759455,0.21537167358327777,-2.0881933835426025e-06,0.0
2.2624450027889127e-07,0.0,-0.0017895718297073285,0.19720876687798422,-2.0881933835426025e-06,0.0
2.2627340868705995e-07,0.0,-0.0016380763368260842,0.1805141369814918,-2.0881933835426025e-06,0.0
2.2630221742310942e-07,0.0,-0.0014998635809995685,0.16528324953079548,-2.088195202532006e-06,0.0
2.263311127039615e-07,0.0,-0.0013729484426899803,0.15129734658046942,-2.0881933835426025e-06,0.0
2.2635993279353637e-07,0.0,-0.0012570621366510778,0.13852680832905745,-2.0881933835426025e-06,0.0
2.2638881817646447e-07,0.0,-0.0011507272147579211,0.12680882167081595,-2.0881933835426025e-06,0.0
2.2641764683549437e-07,0.0,-0.0010535702496133259,0.11610223534170996,-2.0881933835426025e-06,0.0
2.264465247544056e-07,0.0,-0.0009644707675588142,0.10628357442315266,-2.088191564553199e-06,0.0
2.2647535988076003e-07,0.0,-0.0008830221102278176,0.09730802563098409,-2.0881933835426025e-06,0.0
2.265042321704736e-07,0.0,-0.0008083596712171663,0.08908031032817237,-2.088191564553199e-06,0.0
2.265330721772499e-07,0.0,-0.0007400833843356194,0.08155634167910013,-2.088195202532006e-06,0.0
2.2656194022121206e-07,0.0,-0.000677515700278389,0.07466145452575701,-2.088191564553199e-06,0.0
2.265907839106408e-07,0.0,-0.0006202838574317354,0.06835457096518568,-2.088191564553199e-06,0.0
2.2661964875210892e-07,0.0,-0.000567849764421839,0.06257639394395992,-2.0881933835426025e-06,0.0
2.2664849522023905e-07,0.0,-0.0005198773158630862,0.0572898850334238,-2.0881933835426025e-06,0.0
2.266773576460156e-07,0.0,-0.00047593435281715143,0.05244742081327984,-2.0881933835426025e-06,0.0
2.2670620621070063e-07,0.0,-0.00043572420042298416,0.048016308053498845,-2.088191564553199e-06,0.0
2.2673506681422098e-07,0.0,-0.00039889656037077695,0.04395794428139999,-2.0881933835426025e-06,0.0
2.267639169607295e-07,0.0,-0.00036519331176024326,0.04024388486922257,-2.0881933835426025e-06,0.0
2.2679277618961226e-07,0.0,-0.00033432838779436666,0.03684260558349752,-2.088191564553199e-06,0.0
2.2682162752955953e-07,0.0,-0.0003060794623385663,0.03372960633867046,-2.088191564553199e-06,0.0
2.2685048572145047e-07,0.0,-0.00028021153455393176,0.030878990311361324,-2.0881933835426025e-06,0.0
2.2687933796179652e-07,0.0,-0.0002565344803828716,0.028269806048074227,-2.0881933835426025e-06,0.0
2.2690819537139576e-07,0.0,-0.00023485434845402068,0.025880680329727204,-2.088191564553199e-06,0.0
2.2693704829104643e-07,0.0,-0.00021500939621198564,0.02369378931189051,-2.0881933835426025e-06,0.0
2.2696590511048943e-07,0.0,-0.00019683897028273145,0.021691429176654564,-2.0881933835426025e-06,0.0
2.269947585426353e-07,0.0,-0.00018020599566190862,0.019858494415483912,-2.0881933835426025e-06,0.0
2.2702361491686434e-07,0.0,-0.00016497702720969025,0.018180279526731923,-2.0881933835426025e-06,0.0
2.2705246873565512e-07,0.0,-0.0001510362210762165,0.01664401865077553,-2.0881933835426025e-06,0.0
2.2708132477401262e-07,0.0,-0.00013827249367334284,0.01523747050335767,-2.0881933835426025e-06,0.0
2.2711017888450024e-07,0.0,-0.0001265881475285789,0.013949868934879761,-2.0881933835426025e-06,0.0
2.2713903466947353e-07,0.0,-0.00011589056116343458,0.012771007164427549,-2.088191564553199e-06,0.0
2.2716788900002592e-07,0.0,-0.00010609746864936519,0.011691819580873364,-2.088191564553199e-06,0.0
2.2719674459384314e-07,0.0,-9.713154525848326e-05,0.010703785087714473,-2.0881933835426025e-06,0.0
2.2722559909041817e-07,0.0,-8.89235994077511e-05,0.0097992788517254,-2.088195202532006e-06,0.0
2.2725445454002489e-07,0.0,-8.140901518729434e-05,0.008971180273600296,-2.0881933835426025e-06,0.0
2.272833091618514e-07,0.0,-7.452964798881635e-05,0.008213081884082922,-2.0881933835426025e-06,0.0
2.2731216450266355e-07,0.0,-6.823146282673712e-05,0.0075190290896163196,-2.088195202532006e-06,0.0
2.2734101921898275e-07,0.0,-6.246563015582888e-05,0.006883640930217407,-2.088191564553199e-06,0.0
2.2736987447771816e-07,0.0,-5.718693846954808e-05,0.0063019351496334955,-2.0881933835426025e-06,0.0
2.2739872926532498e-07,0.0,-5.235440103419981e-05,0.005769395056721673,-2.0881933835426025e-06,0.0
2.2742758446214085e-07,0.0,-4.793017329792989e-05,0.005281850225206023,-2.088191564553199e-06,0.0
2.274564393035282e-07,0.0,-4.3879864321571045e-05,0.004835510812951554,-2.0881933835426025e-06,0.0
2.2748529445363097e-07,0.0,-4.017178614745241e-05,0.00442688484331012,-2.0881933835426025e-06,0.0
2.2751414933559156e-07,0.0,-3.6777090198026386e-05,0.004052793236055864,-2.088191564553199e-06,0.0
2.2754300445045308e-07,0.0,-3.366923724400845e-05,0.003710311398506987,-2.088191564553199e-06,0.0
2.2757185936302243e-07,0.0,-3.0824032925866916e-05,0.003396773139943248,-2.088191564553199e-06,0.0
2.2760071445129756e-07,0.0,-2.821924617595694e-05,0.003109728622157832,-2.0881933835426025e-06,0.0
2.2762956938695936e-07,0.0,-2.5834589165963487e-05,0.0028469421497009833,-2.0881933835426025e-06,0.0
2.2765842445517705e-07,0.0,-2.3651437113454395e-05,0.0026063612928659387,-2.0881933835426025e-06,0.0
2.2768727940826022e-07,0.0,-2.1652779971060332e-05,0.0023861115639116927,-2.088191564553199e-06,0.0
2.2771613446134609e-07,0.0,-1.9823012638946916e-05,0.0021844732986971787,-2.0881933835426025e-06,0.0
2.2774498942757227e-07,0.0,-1.8147874553768686e-05,0.001999874999470226,-2.0881897455637954e-06,0.0
2.277738444692424e-07,0.0,-1.661428969915947e-05,0.0018308757041970603,-2.0881933835426025e-06,0.0
2.2780269944538396e-07,0.0,-1.5210303377827397e-05,0.0016761580189210783,-2.088191564553199e-06,0.0
2.2783155447844187e-07,0.0,-1.3924958134933983e-05,0.0015345144446650071,-2.0881933835426025e-06,0.0
2.2786040946206376e-07,0.0,-1.2748232800615366e-05,0.0014048406599815966,-2.0881933835426025e-06,0.0
2.2788926448862442e-07,0.0,-1.1670944830427616e-05,0.001286124758985709,-2.0881933835426025e-06,0.0
2.279181194778896e-07,0.0,-1.0684694179131898e-05,0.0011774410663090158,-2.0881933835426025e-06,0.0
2.2794697449954865e-07,0.0,-9.781785453531914e-06,0.0010779415584311635,-2.0881897455637954e-06,0.0
2.2797582949307126e-07,0.0,-8.955177687166907e-06,0.000986850328908726,-2.0881933835426025e-06,0.0
2.2800468451103242e-07,0.0,-8.198421626110476e-06,0.0009034566773424153,-2.0881933835426025e-06,0.0
2.2803373111640246e-07,0.0,-7.501210731612107e-06,0.000826624834961434,-2.0881933835426025e-06,0.0
2.2806397598621924e-07,0.0,-6.838139056654672e-06,0.0007535550954899292,-2.0881933835426025e-06,0.0
2.2809491383901296e-07,0.0,-6.220455684116231e-06,0.0006854870949829911,-2.0881933835426025e-06,0.0
2.2812706891142876e-07,0.0,-5.637496070350528e-06,0.0006212456129395101,-2.0881933835426025e-06,0.0
2.281600251268213e-07,0.0,-5.096637607102826e-06,0.0005616436294844086,-2.0881933835426025e-06,0.0
2.2819427260523013e-07,0.0,-4.589463696327828e-06,0.000505753645148252,-2.0881933835426025e-06,0.0
2.282295000955804e-07,0.0,-4.120358450785231e-06,0.00045405878413854535,-2.0881933835426025e-06,0.0
2.2826614033261326e-07,0.0,-3.6832082147793606e-06,0.0004058853285962145,-2.0881933835426025e-06,0.0
2.2830395933454232e-07,0.0,-3.2805530841842085e-06,0.0003615131941792414,-2.088191564553199e-06,0.0
2.2834334996577346e-07,0.0,-2.9078598381805713e-06,0.00032044282514244113,-2.0881933835426025e-06,0.0
2.283841505585448e-07,0.0,-2.5663766513485572e-06,0.0002828117688961438,-2.0881933835426025e-06,0.0
2.2842673110459842e-07,0.0,-2.2526510590561414e-06,0.00024823956779013596,-2.0881933835426025e-06,0.0
2.2847099931756486e-07,0.0,-1.9670542131613064e-06,0.00021676712233424382,-2.0881942930373043e-06,0.0
2.2851731903328194e-07,0.0,-1.706873113787605e-06,0.00018809546304825918,-2.0881924740479008e-06,0.0
2.2856566925342381e-07,0.0,-1.4718903708094593e-06,0.00016220063378890348,-2.0881933835426025e-06,0.0
2.2861642664294298e-07,0.0,-1.2598955557787713e-06,0.00013883904787200985,-2.0881924740479008e-06,0.0
2.28669649565919e-07,0.0,-1.0702829479283153e-06,0.00011794395556236771,-2.0881942930373043e-06,0.0
2.28725751233822e-07,0.0,-9.011826854775755e-07,9.930930023252486e-05,-2.0881933835426025e-06,0.0
2.2878488626649115e-07,0.0,-7.517393638674438e-07,8.284081727927995e-05,-2.0881933835426025e-06,0.0
2.288475371274703e-07,0.0,-6.203145091819753e-07,6.835794875297115e-05,-2.0881933835426025e-06,0.0
2.2891398554733957e-07,0.0,-5.058990500914299e-07,5.5749496148206664e-05,-2.0881933835426025e-06,0.0
2.2898483254671337e-07,0.0,-4.0701409526425074e-07,4.485248733341334e-05,-2.0881942930373043e-06,0.0
2.290605418283708e-07,0.0,-3.2256398852922445e-07,3.554618225277679e-05,-2.0881942930373043e-06,0.0
2.2914191357277165e-07,0.0,-2.511843469898726e-07,2.768022747320862e-05,-2.0881924740479008e-06,0.0
2.292296929389249e-07,0.0,-1.917411185384004e-07,2.1129651750629124e-05,-2.0881933835426025e-06,0.0
2.293250218587363e-07,0.0,-1.4295908051384484e-07,1.5753927007814637e-05,-2.0881933835426025e-06,0.0
2.294250218587363e-07,0.0,-1.0504215297171232e-07,1.1575525001352159e-05,-2.0881933835426025e-06,0.0
2.295250218587363e-07,0.0,-7.718190310994803e-08,8.505357362038213e-06,-2.0881933835426025e-06,0.0
2.296250218587363e-07,0.0,-5.671100600246521e-08,6.249487936618626e-06,-2.0881933835426025e-06,0.0
2.2972502185873632e-07,0.0,-4.166958927171217e-08,4.591941032867122e-06,-2.0881933835426025e-06,0.0
2.2982502185873633e-07,0.0,-3.0617595991939886e-08,3.3740240261568725e-06,-2.0881933835426025e-06,0.0
2.2992502185873633e-07,0.0,-2.2496914433419574e-08,2.4791342152701483e-06,-2.0881933835426025e-06,0.0
2.3002502185873634e-07,0.0,-1.6530075031380662e-08,1.8215953442168456e-06,-2.0881933835426025e-06,0.0
2.3012502185873635e-07,0.0,-1.2145815878442458e-08,1.3384550048295413e-06,-2.0881933835426025e-06,0.0
2.3022502185873636e-07,0.0,-8.924390426178855e-09,9.834576079922121e-07,-2.0881933835426025e-06,0.0
2.3032502185873636e-07,0.0,-6.557381181744616e-09,7.226158990984818e-07,-2.0881933835426025e-06,0.0
2.3042502185873637e-07,0.0,-4.818171988190905e-09,5.309570370765213e-07,-2.0881933835426025e-06,0.0
2.3052502185873638e-07,0.0,-3.5402519182756526e-09,3.901317083844805e-07,-2.0881933835426025e-06,0.0
2.306250218587364e-07,0.0,-2.6012736107664137e-09,2.8665737387158536e-07,-2.0881933835426025e-06,0.0
2.307250218587364e-07,0.0,-1.9113398012828704e-09,2.1062745793010905e-07,-2.0881933835426025e-06,0.0
2.308250218587364e-07,0.0,-1.4043966082271876e-09,1.547628984209343e-07,-2.0881933835426025e-06,0.0
2.309250218587364e-07,0.0,-1.0319095703638205e-09,1.1371525328666328e-07,-2.0881933835426025e-06,0.0
2.3102502185873642e-07,0.0,-7.582169845715945e-10,8.355464366452352e-08,-2.0881933835426025e-06,0.0
2.3112502185873642e-07,0.0,-5.571156738811942e-10,6.139350945564196e-08,-2.0881933835426025e-06,0.0
2.3122502185873643e-07,0.0,-4.093523099709748e-10,4.511015591680827e-08,-2.0881933835426025e-06,0.0
2.3132502185873644e-07,0.0,-3.0078010999988827e-10,3.314562377817835e-08,-2.0881933835426025e-06,0.0
2.3142502185873645e-07,0.0,-2.2100443156564812e-10,2.43544353442412e-08,-2.0881933835426025e-06,0.0
2.3152502185873645e-07,0.0,-1.623875952748047e-10,1.7894927092225032e-08,-2.0881933835426025e-06,0.0
2.3162502185873646e-07,0.0,-1.1931765763131905e-10,1.3148669271520272e-08,-2.0881933835426025e-06,0.0
2.3172502185873647e-07,0.0,-8.767112658848896e-11,9.661257781091277e-09,-2.0881933835426025e-06,0.0
2.3182502185873648e-07,0.0,-6.441818076582155e-11,7.098809771941689e-09,-2.0881933835426025e-06,0.0
2.3192502185873648e-07,0.0,-4.733259596755142e-11,5.215997887650009e-09,-2.0881933835426025e-06,0.0
2.320250218587365e-07,0.0,-3.477860775650796e-11,3.8325627588310504e-09,-2.0881933835426025e-06,0.0
2.321250218587365e-07,0.0,-2.5554304229930404e-11,2.8160550707193994e-09,-2.0881933835426025e-06,0.0
2.322250218587365e-07,0.0,-1.8776555672704252e-11,2.0691549389639473e-09,-2.0881933835426025e-06,0.0
2.3232502185873651e-07,0.0,-1.3796464177072718e-11,1.5203545576774115e-09,-2.0881933835426025e-06,0.0
2.3242502185873652e-07,0.0,-1.0137238540413176e-11,1.1171120816152658e-09,-2.0881933835426025e-06,0.0
2.3252502185873653e-07,0.0,-7.448546517875467e-12,8.208212989456843e-10,-2.0881933835426025e-06,0.0
2.3262502185873654e-07,0.0,-5.472974224715843e-12,6.031154938622685e-10,-2.0881933835426025e-06,0.0
2.3272502185873654e-07,0.0,-4.021381458077071e-12,4.431516328876196e-10,-2.0881933835426025e-06,0.0
2.3282502185873655e-07,0.0,-2.9547935313106806e-12,3.256148643659581e-10,-2.0881933835426025e-06,0.0
2.3292502185873656e-07,0.0,-2.1710959034028627e-12,2.392522830282436e-10,-2.0881933835426025e-06,0.0
2.3302502185873657e-07,0.0,-1.5952577984577473e-12,1.7579558306003986e-10,-2.0881933835426025e-06,0.0
2.3312502185873657e-07,0.0,-1.1721487928649211e-12,1.2916945507169744e-10,-2.0881933835426025e-06,0.0
2.3322502185873658e-07,0.0,-8.612606656261557e-13,9.490993933460714e-11,-2.0881933835426025e-06,0.0
2.333250218587366e-07,0.0,-6.32829158051604e-13,6.97370487434371e-11,-2.0881933835426025e-06,0.0
2.334250218587366e-07,0.0,-4.649843648350907e-13,5.12407446632054e-11,-2.0881933835426025e-06,0.0
2.335250218587366e-07,0.0,-3.416569173745403e-13,3.765020116207114e-11,-2.0881933835426025e-06,0.0
2.336250218587366e-07,0.0,-2.51039514718226e-13,2.76642671151981e-11,-2.0881933835426025e-06,0.0
2.3372502185873662e-07,0.0,-1.8445649620034934e-13,2.0326894715025102e-11,-2.0881933835426025e-06,0.0
2.3382502185873663e-07,0.0,-1.3553324093752577e-13,1.493560798250035e-11,-2.0881933835426025e-06,0.0
2.3392502185873664e-07,0.0,-9.95858630672322e-14,1.0974248104999628e-11,-2.0881933835426025e-06,0.0
2.3402502185873664e-07,0.0,-7.317278086755469e-14,8.06355667685041e-12,-2.0881933835426025e-06,0.0
2.3412502185873665e-07,0.0,-5.3765220129377616e-14,5.924865709127018e-12,-2.0881933835426025e-06,0.0
2.3422502185873666e-07,0.0,-3.9505111978921715e-14,4.35341811039513e-12,-2.0881933835426025e-06,0.0
2.3432502185873667e-07,0.0,-2.902720131547999e-14,3.1987643559103053e-12,-2.0881933835426025e-06,0.0
2.3442502185873667e-07,0.0,-2.1328338953988673e-14,2.350358533266873e-12,-2.0881933835426025e-06,0.0
2.3452502185873668e-07,0.0,-1.567143990354538e-14,1.7269747378206514e-12,-2.0881933835426025e-06,0.0
2.346250218587367e-07,0.0,-1.1514915912927401e-14,1.2689305494709441e-12,-2.0881933835426025e-06,0.0
2.347250218587367e-07,0.0,-8.460823555167248e-15,9.323730707327884e-13,-2.0881933835426025e-06,0.0
2.348250218587367e-07,0.0,-6.21676581472961e-15,6.850804745702259e-13,-2.0881933835426025e-06,0.0
2.349250218587367e-07,0.0,-4.567897759528017e-15,5.033771044761852e-13,-2.0881933835426025e-06,0.0
2.3502502185873672e-07,0.0,-3.356357744358453e-15,3.698667802056251e-13,-2.0881933835426025e-06,0.0
2.3512502185873673e-07,0.0,-2.46615353723688e-15,2.7176729708814534e-13,-2.0881933835426025e-06,0.0
2.3522502185873673e-07,0.0,-1.812057530506295e-15,1.9968666481919348e-13,-2.0881933835426025e-06,0.0
2.3532502185873674e-07,0.0,-1.331446890504713e-15,1.4672392349558848e-13,-2.0881933835426025e-06,0.0
2.3542502185873675e-07,0.0,-9.783082569508383e-16,1.0780844952997896e-13,-2.0881933835426025e-06,0.0
2.3552502185873676e-07,0.0,-7.188323009973861e-16,7.921449694867551e-14,-2.0881933835426025e-06,0.0
2.3562502185873676e-07,0.0,-5.281769644647897e-16,5.820449653251588e-14,-2.0881933835426025e-06,0.0
2.3572502185873677e-07,0.0,-3.8808898835369166e-16,4.2766962451219793e-14,-2.0881933835426025e-06,0.0
2.3582502185873678e-07,0.0,-2.851564462610877e-16,3.1423913722660003e-14,-2.0881933835426025e-06,0.0
2.3592502185873679e-07,0.0,-2.095246173616456e-16,2.308937312937806e-14,-2.0881933835426025e-06,0.0
2.360250218587368e-07,0.0,-1.5395256582012265e-16,1.6965396360702018e-14,-2.0881933835426025e-06,0.0
2.361250218587368e-07,0.0,-1.1311984254046236e-16,1.2465677264680354e-14,-2.0881933835426025e-06,0.0
2.362250218587368e-07,0.0,-8.311715498542014e-17,9.159415221668962e-15,-2.0881933835426025e-06,0.0
2.3632502185873682e-07,0.0,-6.107205409708111e-17,6.730070530561013e-15,-2.0881933835426025e-06,0.0
2.3642502185873682e-07,0.0,-4.487396116083647e-17,4.9450590731425995e-15,-2.0881933835426025e-06,0.0
2.3652502185873683e-07,0.0,-3.297207372211854e-17,3.633484838778368e-15,-2.0881933835426025e-06,0.0
2.3662502185873684e-07,0.0,-2.4226916730768227e-17,2.6697784350928916e-15,-2.0881933835426025e-06,0.0
2.3672502185873685e-07,0.0,-1.780122938509232e-17,1.9616751434742535e-15,-2.0881933835426025e-06,0.0
2.3682502185873685e-07,0.0,-1.307982357814696e-17,1.4413815461174446e-15,-2.0881933835426025e-06,0.0
2.3692502185873686e-07,0.0,-9.61067143350777e-18,1.059085021479741e-15,-2.0881933835426025e-06,0.0
2.3702502185873687e-07,0.0,-7.061640864493792e-18,7.781847115774402e-16,-2.0881933835426025e-06,0.0
2.3712502185873688e-07,0.0,-5.188686869508517e-18,5.717873759341658e-16,-2.0881933835426025e-06,0.0
2.3722502185873688e-07,0.0,-3.812495753115736e-18,4.201326477116714e-16,-2.0881933835426025e-06,0.0
2.373250218587369e-07,0.0,-2.8013101401239255e-18,3.0870118701212094e-16,-2.0881933835426025e-06,0.0
2.374250218587369e-07,0.0,-2.0583210336428255e-18,2.268246073808039e-16,-2.0881933835426025e-06,0.0
2.375250218587369e-07,0.0,-1.5123939184768183e-18,1.6666409031320818e-16,-2.0881933835426025e-06,0.0
2.376250218587369e-07,0.0,-1.1112630081685566e-18,1.224599011614895e-16,-2.0881933835426025e-06,0.0
2.3772502185873692e-07,0.0,-8.165234253671867e-19,8.99799552724744e-17,-2.0881933835426025e-06,0.0
2.3782502185873693e-07,0.0,-5.999576652811397e-19,6.611464058358004e-17,-2.0881933835426025e-06,0.0
2.3792502185873694e-07,0.0,-4.408312482504119e-19,4.857910504664693e-17,-2.0881933835426025e-06,0.0
2.3802502185873694e-07,0.0,-3.2391000217858874e-19,3.5694506185630765e-17,-2.0881933835426025e-06,0.0
2.3812502185873695e-07,0.0,-2.3799952501214527e-19,2.6227279620044947e-17,-2.0881933835426025e-06,0.0
2.3822502185873696e-07,0.0,-1.7487515678305217e-19,1.9271038314533753e-17,-2.0881933835426025e-06,0.0
2.3832502185873697e-07,0.0,-1.284930987560262e-19,1.41597955665592e-17,-2.0881933835426025e-06,0.0
2.3842502185873697e-07,0.0,-9.441301826503147e-20,1.0404203823119798e-17,-2.0881933835426025e-06,0.0
2.38525021858737e-07,0.0,-6.937188685811514e-20,7.644704803203646e-18,-2.0881933835426025e-06,0.0
2.38625021858737e-07,0.0,-5.0972467289342727e-20,5.617105597867495e-18,-2.0881933835426025e-06,0.0
2.38725021858737e-07,0.0,-3.7453050894623315e-20,4.1272849776149994e-18,-2.0881933835426025e-06,0.0
2.38825021858737e-07,0.0,-2.751943051286707e-20,3.0326083412153287e-18,-2.0881933835426025e-06,0.0
2.38925021858737e-07,0.0,-2.022045296287557e-20,2.2282719509644856e-18,-2.0881933835426025e-06,0.0
2.39025021858737e-07,0.0,-1.4857414694200475e-20,1.6372690865452682e-18,-2.0881933835426025e-06,0.0
2.39125021858737e-07,0.0,-1.0916779550576869e-20,1.2030174592643054e-18,-2.0881933835426025e-06,0.0
2.3922502185873703e-07,0.0,-8.021342681840044e-21,8.839420591641699e-19,-2.0881933835426025e-06,0.0
2.3932502185873704e-07,0.0,-5.893837740643731e-21,6.494947830127456e-19,-2.0881933835426025e-06,0.0
2.3942502185873705e-07,0.0,-4.33062844872428e-21,4.772297787739484e-19,-2.0881933835426025e-06,0.0
2.3952502185873706e-07,0.0,-3.182011732943068e-21,3.506544895990057e-19,-2.0881933835426025e-06,0.0
2.3962502185873706e-07,0.0,-2.3380555082788827e-21,2.576506676991065e-19,-2.0881933835426025e-06,0.0
2.3972502185873707e-07,0.0,-1.717929482876091e-21,1.893141781741896e-19,-2.0881933835426025e-06,0.0
2.398250218587371e-07,0.0,-1.2622888979091073e-21,1.3910252360456265e-19,-2.0881933835426025e-06,0.0
2.399250218587371e-07,0.0,-9.274891325577184e-22,1.0220846765198472e-19,-2.0881933835426025e-06,0.0
2.4e-07,0.0,-7.367178655552218e-22,8.118528324463107e-20,-2.0881933835426025e-06,0.0
2.4000000169958567e-07,2.804316389471028e-06,-7.3671403618447805e-22,8.118486132723944e-20,-2.0831220410855167e-06,-0.0074249998962013985
2.400000050987571e-07,8.412949255763356e-06,-7.367063774993275e-22,8.11840174968416e-20,-2.0831220410855167e-06,-0.007425000133113202
2.4000001189709997e-07,1.9630214988348016e-05,-7.366910603182112e-22,8.118232986235797e-20,-2.0831220410855167e-06,-0.007424999913103804
2.400000254937857e-07,4.206474645351733e-05,-7.36660426934517e-22,8.117895469863619e-20,-2.0831220410855167e-06,-0.007425000166917992
2.4000005268715713e-07,8.69338092965057e-05,-7.365991640689689e-22,8.117220479215279e-20,-2.0868473313839786e-06,-0.007424999951803712
2.400001070739e-07,0.00017667193506983267,-7.364766538313056e-22,8.115870666285203e-20,-2.087778653958594e-06,-0.007425000316592052
2.400002158473858e-07,0.0003561481866164866,-7.3623169528931655e-22,8.113171713751448e-20,-2.088244315245902e-06,-0.007425000222242149
2.400004333943573e-07,0.0007151006896224443,-7.357420257472359e-22,8.10777650086997e-20,-2.088011484602248e-06,-0.007425000853855196
2.4000086848830036e-07,0.0014330056956343596,-7.347636752079466e-22,8.096996834901682e-20,-2.088011484602248e-06,-0.007425001303995843
2.4000173867618644e-07,0.0028688157076581905,-7.328109160271308e-22,8.075480470655831e-20,-2.088127899924075e-06,-0.007425003017362541
2.400034790519586e-07,0.005740435731705852,-7.289210761849027e-22,8.032619042742184e-20,-2.0881570037545316e-06,-0.007425005631010451
2.400069598035029e-07,0.011483675779801174,-7.212035003277483e-22,7.947576855037018e-20,-2.0881861075849883e-06,-0.007425011671391646
2.400139213065915e-07,0.02297015587599182,-7.0601274054309e-22,7.780179309366854e-20,-2.08817155566976e-06,-0.007425022939067993
2.400278443127687e-07,0.04594311606837311,-6.76581571116671e-22,7.45585152402765e-20,-1.8289073921096133e-05,-0.007425046287504067
2.4005569032512314e-07,0.09188903645322304,-6.213247882760439e-22,6.846927998368009e-20,-0.00017520314000307735,-0.0074250921713137075
2.4011138234983205e-07,0.1837808772229229,-5.238185956080832e-22,5.772420982300579e-20,-0.0009894230187228459,-0.007425184751937763
2.4021138234983206e-07,0.3487808772229353,-3.848865942174118e-22,4.241406181829038e-20,-0.004125981687792546,-0.007425350231088146
2.4031138234983207e-07,0.5137808772229477,-2.828034139878525e-22,3.116461265450273e-20,-0.00941365146707085,-0.007425516252261843
2.404113823498321e-07,0.6787808772229601,-2.0779568370413182e-22,2.289884628520043e-20,-0.01685243235746725,-0.0074256817314051204
2.405113823498321e-07,0.8437808772229725,-1.5268219110984691e-22,1.6825402805566898e-20,-0.02644232435898175,-0.0074258477525859234
2.4051924417246125e-07,0.8567528845611,-1.4905532352682335e-22,1.6425726011925883e-20,-0.027287470742436426,-0.0074258605125834265
2.405349678177196e-07,0.8826968992373551,-1.4205701404566131e-22,1.5654520314705137e-20,-0.029017650473036838,-0.007425886845538798
2.4053787581298744e-07,0.8874950914293116,-1.407994240811092e-22,1.551593534087641e-20,-0.029343464386585083,-0.007425891394518658
2.4054369180352315e-07,0.8970914758132248,-1.3831749622090843e-22,1.524242973250113e-20,-0.030000549528608644,-0.00742590130556664
2.4054545897653074e-07,0.900007311275757,-1.375720888665193e-22,1.5160286695445765e-20,-0.03020063421507757,-0.007425903963749647
2.405476038944205e-07,0.9035464257938226,-1.3667273953561163e-22,1.5061179428806386e-20,-0.029956645202162235,-0.0074259077898943815
2.405487026666021e-07,0.9053593998934809,-1.3621431285723624e-22,1.5010661333683666e-20,-0.0298319655219359,-0.007425909340270209
2.4055005274107113e-07,0.9075870227674065,-1.3565314311584271e-22,1.494882107063682e-20,-0.02967909768659638,-0.007425911848727651
2.405527528900092e-07,0.9120422685152577,-1.345377250231951e-22,1.4825903273809837e-20,-0.02937497542407641,-0.007425916053549031
2.4055815318788536e-07,0.9209527600108727,-1.323342910053609e-22,1.458308736762498e-20,-0.028771043945766905,-0.007425925275072132
2.4056895378363767e-07,0.9387737430021901,-1.2803480592719727e-22,1.4109289034213727e-20,-0.027582000941634988,-0.007425942906621685
2.4059055497514224e-07,0.9744157089847376,-1.198482023122885e-22,1.320713468818346e-20,-0.025279194968845786,-0.007425978981061121
2.4063375735815145e-07,1.0456996409499202,-1.0499671093619789e-22,1.1570517341068058e-20,-0.020974702905022014,-0.0074260503186565074
2.4072016212416985e-07,1.188267504880285,-8.049275279721178e-23,8.870209207188046e-21,-0.013570198554589297,-0.007426193805116554
2.4082016212416986e-07,1.3532675048802973,-5.914372156033906e-23,6.5175704060388824e-21,-0.007005529904034802,-0.007426359284863793
2.4092016212416986e-07,1.5182675048803096,-4.345707754357877e-23,4.788920194041291e-21,-0.0025919723655078997,-0.00742652530544774
2.4102016212416987e-07,1.683267504880322,-3.193099011707148e-23,3.518758555127707e-21,-0.0003295259380990956,-0.0074266907851665565
2.411201621241699e-07,1.8482675048803345,-2.346195803970485e-23,2.5854809158629446e-21,-2.0881933835426025e-06,-0.007426856805807347
2.412201621241699e-07,2.013267504880347,-1.7239160860317842e-23,1.899735790780588e-21,-2.0881933835426025e-06,-0.007427022285497742
2.413201621241699e-07,2.1782675048803597,-1.266683141554698e-23,1.3958703205388715e-21,-2.0881933835426025e-06,-0.007427188306081689
2.414201621241699e-07,2.3432675048803717,-9.307217410995088e-24,1.0256447034462022e-21,-2.0881933835426025e-06,-0.007427353785857349
2.415201621241699e-07,2.508267504880384,-6.838671258313358e-24,7.536137435038714e-22,-2.0881933835426025e-06,-0.007427519806441296
2.416201621241699e-07,2.6732675048803967,-5.0248557129558496e-24,5.537333469276854e-22,-2.0881933835426025e-06,-0.007427685286131691
2.417201621241699e-07,2.8382675048804087,-3.692117076878291e-24,4.068670750006846e-22,-2.0881933835426025e-06,-0.007427851306772482
2.4182016212416993e-07,3.0032675048804216,-2.712859689534911e-24,2.9895403200492374e-22,-2.0881933835426025e-06,-0.007428016786491298
2.4192016212416994e-07,3.1682675048804336,-1.9933299897702093e-24,2.196626828352984e-22,-2.0881933835426025e-06,-0.007428182807018402
2.4199999999999997e-07,3.299999999999986,-1.5596396329025743e-24,1.7187050201286332e-22,-2.0881933835426025e-06,-0.00742831486815021
2.4200035935150327e-07,3.3000000000000003,-1.5579277420545504e-24,1.7168185360116456e-22,-2.0881861075849883e-06,-3.315003482384782e-06
2.420010780545099e-07,3.3000000000000003,-1.5545077183661755e-24,1.713049709061116e-22,-2.0881861075849883e-06,-3.3150031413242687e-06
2.420025154605232e-07,3.3000000000000003,-1.5476901696018165e-24,1.7055368483738936e-22,-2.088215211415445e-06,-3.3150035392282007e-06
2.420053902725498e-07,3.3000000000000003,-1.534144574249075e-24,1.6906097573708293e-22,-2.0881861075849883e-06,-3.3150031413242687e-06
2.420111398966029e-07,3.3000000000000003,-1.5074074926309902e-24,1.6611457995233372e-22,-2.0882006595002167e-06,-3.315003482384782e-06
2.4202263914470916e-07,3.3000000000000003,-1.455319175226141e-24,1.6037450700694936e-22,-2.088178831627374e-06,-3.3150031981676875e-06
2.4204563764092164e-07,3.3000000000000003,-1.3564505515448331e-24,1.49479297865727e-22,-2.088207935457831e-06,-3.3150035392282007e-06
2.4209163463334667e-07,3.3000000000000003,-1.178201555579216e-24,1.2983646257631614e-22,-2.0881942930373043e-06,-3.3150031413242687e-06
2.421836286181967e-07,3.3000000000000003,-8.876414156598959e-25,9.781706780116447e-23,-2.0881938382899534e-06,-3.3150035392282007e-06
2.4228362861819673e-07,3.3000000000000003,-6.522129621465959e-25,7.187312175114664e-23,-2.0881933835426025e-06,-3.3150031981676875e-06
2.4238362861819674e-07,3.3000000000000003,-4.792270172248842e-25,5.2810268661453883e-23,-2.0881933835426025e-06,-3.3150035392282007e-06
2.4248362861819674e-07,3.3000000000000003,-3.521220021178626e-25,3.8803441511157743e-23,-2.0881933835426025e-06,-3.3150031981676875e-06
2.4258362861819675e-07,3.3000000000000003,-2.5872895291563654e-25,2.8511634408874973e-23,-2.0881933835426025e-06,-3.3150035392282007e-06
2.4268362861819676e-07,3.3000000000000003,-1.9010647069541601e-25,2.0949515429748518e-23,-2.0881933835426025e-06,-3.3150031981676875e-06
2.4278362861819677e-07,3.3000000000000003,-1.396846769292395e-25,1.5393091481443026e-23,-2.0881933835426025e-06,-3.3150035392282007e-06
2.4288362861819677e-07,3.3000000000000003,-1.0263621694440467e-25,1.1310393605553592e-23,-2.0881933835426025e-06,-3.3150031981676875e-06
2.429836286181968e-07,3.3000000000000003,-7.541409165439749e-26,8.310546563487012e-24,-2.0881933835426025e-06,-3.3150035392282007e-06
2.430836286181968e-07,3.3000000000000003,-5.541206982657925e-26,6.106346657111354e-24,-2.0881933835426025e-06,-3.3150031981676875e-06
2.431836286181968e-07,3.3000000000000003,-4.071516894396995e-26,4.486765005401714e-24,-2.0881933835426025e-06,-3.3150035392282007e-06
2.432836286181968e-07,3.3000000000000003,-2.9916315837409553e-26,3.2967437559826605e-24,-2.0881933835426025e-06,-3.3150031981676875e-06
2.433836286181968e-07,3.3000000000000003,-2.1981634277754209e-26,2.4223509320247023e-24,-2.0881933835426025e-06,-3.3150035392282007e-06
2.434836286181968e-07,3.3000000000000003,-1.615146223710199e-26,1.779872647739931e-24,-2.0881933835426025e-06,-3.3150031981676875e-06
2.435836286181968e-07,3.3000000000000003,-1.186762226593926e-26,1.3077983872158645e-24,-2.0881933835426025e-06,-3.3150035392282007e-06
2.4368362861819683e-07,3.3000000000000003,-8.719981892634118e-27,9.609320216118771e-25,-2.0881933835426025e-06,-3.3150031981676875e-06
2.4378362861819684e-07,3.3000000000000003,-6.407187767178324e-27,7.060647567587762e-25,-2.0881933835426025e-06,-3.3150035392282007e-06
2.4388362861819685e-07,3.3000000000000003,-4.7078142580303766e-27,5.187957415557811e-25,-2.0881933835426025e-06,-3.3150031981676875e-06
2.4398362861819686e-07,3.3000000000000003,-3.4591642844667135e-27,3.811959439697205e-25,-2.0881933835426025e-06,-3.3150035392282007e-06
2.4408362861819686e-07,3.3000000000000003,-2.5416927880132684e-27,2.8009163541552033e-25,-2.0881933835426025e-06,-3.3150031981676875e-06
2.4418362861819687e-07,3.3000000000000003,-1.8675615545756944e-27,2.0580314526109534e-25,-2.0881933835426025e-06,-3.3150035392282007e-06
2.442836286181969e-07,3.3000000000000003,-1.3722296323860456e-27,1.5121813450989106e-25,-2.0881933835426025e-06,-3.3150031981676875e-06
2.443836286181969e-07,3.3000000000000003,-1.008274216923113e-27,1.111106643955369e-25,-2.0881933835426025e-06,-3.3150035392282007e-06
2.444836286181969e-07,3.3000000000000003,-7.408504178312873e-28,8.164086789213844e-26,-2.0881933835426025e-06,-3.3150031981676875e-06
2.4448742335353864e-07,3.3000000000000003,-1.8750425654865545e-15,-1.0719112267285298e-17,-2.088186107640246e-06,-3.315003482384782e-06
2.4449501282422215e-07,3.3000000000000003,1.3481939252436162e-15,-1.6464855435433872e-17,-2.0881715557111147e-06,-3.3150031981676875e-06
2.445101917655892e-07,3.3000000000000003,-3.9973048908802103e-16,5.598197962794067e-18,-2.0882006594879335e-06,-3.315003482384782e-06
2.4451095374253796e-07,3.3000000000000003,-7.722729993437408e-15,-3.7812963765379445e-18,-2.0881279000196486e-06,-3.3150031981676875e-06
2.445124776964355e-07,3.3000000000000003,1.5018296989786908e-15,-1.8094834828393917e-17,-2.0881861076310483e-06,-3.3150035392282007e-06
2.445155256042306e-07,3.3000000000000003,6.905416941740671e-16,-7.850554505162865e-18,-2.0881570037756956e-06,-3.3150031413242687e-06
2.4452162141982084e-07,3.3000000000000003,1.0313418605089735e-16,-4.43492707376778e-19,-2.0881933835457412e-06,-3.3150035392282007e-06
2.4452192742736367e-07,3.3000000000000003,-9.287706240026673e-15,-4.6996860396276075e-18,-2.0882443153617327e-06,-3.3150031413242687e-06
2.445225394424494e-07,3.3000000000000003,1.0558179428349058e-15,-1.2317642416557999e-17,-2.088011484634617e-06,-3.3150035392282007e-06
2.4452376347262073e-07,3.3000000000000003,7.826068646095103e-16,-8.868823771148254e-18,-2.0881861076089734e-06,-3.3150031981676875e-06
2.445262115329635e-07,3.3000000000000003,4.239797234490309e-16,-4.3443639873700985e-18,-2.0881570037675115e-06,-3.315003482384782e-06
2.4452633442462473e-07,3.3000000000000003,-9.947077116472506e-15,-6.115662210636676e-18,-2.0887099766609773e-06,-3.3150031413242687e-06
2.445265802079472e-07,3.3000000000000003,8.377864810376584e-16,-9.502236658956466e-18,-2.088244315271578e-06,-3.315003482384782e-06
2.445270717745921e-07,3.3000000000000003,7.43417016866446e-16,-8.311292060525535e-18,-2.0880114846250285e-06,-3.3150031413242687e-06
2.4452805490788196e-07,3.3000000000000003,5.848672039417576e-16,-6.310904176032815e-18,-2.0881861076029035e-06,-3.315003482384782e-06
2.445300211744617e-07,3.3000000000000003,3.594340361284437e-16,-3.468514911696257e-18,-2.088157003765529e-06,-3.3150031413242687e-06
2.4453006004117087e-07,3.3000000000000003,0.4595740597370435,2.7062241683780183e-05,-0.013928213012746578,-3.3150037097584573e-06
2.445300677620033e-07,3.3000000000000003,0.46213457690189036,3.7843842902677564e-05,-0.014005484012483721,-3.315003027637431e-06
2.4453006933333247e-07,3.3000000000000003,0.4626550961316743,4.004539833923537e-05,-0.014021168777450842,-3.315006665616238e-06
2.4453007245523773e-07,3.3000000000000003,0.46368866628767236,4.442675249424715e-05,-0.014052372251628907,-3.3150048466268345e-06
2.4453007869904824e-07,3.3000000000000003,0.46575343957677195,5.3218647498318286e-05,-0.01411467678290691,-3.315003027637431e-06
2.4453009118666927e-07,3.3000000000000003,0.4698735361197417,7.091895793950134e-05,-0.014238995940340345,-3.315003482384782e-06
2.445301161619113e-07,3.3000000000000003,0.4780760729876959,0.00010678385601518911,-0.014486482776360941,-3.3150037097584573e-06
2.445301661123953e-07,3.3000000000000003,0.4943316654165537,0.00018035642329116317,-0.01497686420151927,-3.3150032550111064e-06
2.445302660133633e-07,3.3000000000000003,0.526253949261755,0.00033475949949525615,-0.015939559643107788,-3.315003482384782e-06
2.445304035157421e-07,3.3000000000000003,0.5689361929342192,0.0005627410772525206,-0.017226095581811308,-3.3150031413242687e-06
2.445305536664539e-07,3.3000000000000003,0.6139337657416377,0.0008315280708302544,-0.018581557865687874,-3.315003482384782e-06
2.4453069991526767e-07,3.3000000000000003,0.6562004432246314,0.001112545196566071,-0.0198538933361711,-3.3150031413242687e-06
2.4453085751912777e-07,3.3000000000000003,0.7000873888234301,0.0014358096923074786,-0.02117404830607507,-3.3150035960716195e-06
2.4453103000444995e-07,3.3000000000000003,0.7462184351313352,0.0018129402443006469,-0.02256057719846696,-3.3150031413242687e-06
2.4453122019160553e-07,3.3000000000000003,0.7948779184535125,0.002255853728509079,-0.024021734034910047,-3.315003482384782e-06
2.4453142652138707e-07,3.3000000000000003,0.8451693102230783,0.0027669964903029153,-0.02553027625486647,-3.3150031413242687e-06
2.445316512970058e-07,3.3000000000000003,0.8971440031470207,0.0033582885180048804,-0.027087400751210015,-3.315003482384782e-06
2.445318939775684e-07,3.3000000000000003,0.9501416514568314,0.004034813002813817,-0.028672942582509485,-3.3150031413242687e-06
2.44532157127007e-07,3.3000000000000003,1.0041633141440798,0.004810489696920942,-0.030286511331277886,-3.3150035960716195e-06
2.4453244076836136e-07,3.3000000000000003,1.0586263996849992,0.005692479684323698,-0.031910235356639484,-3.3150031981676875e-06
2.4453274758999174e-07,3.3000000000000003,1.1134376445164902,0.006696472158496217,-0.03354081296663816,-3.315003482384782e-06
2.445330781973626e-07,3.3000000000000003,1.1680702384731567,0.007832048047847739,-0.0351619893589013,-3.3150031413242687e-06
2.445334355567984e-07,3.3000000000000003,1.2223601995648787,0.009117178209394148,-0.036768250414003396,-3.3150035392282007e-06
2.4453382096101666e-07,3.3000000000000003,1.2758282876291955,0.010564491819105695,-0.03834469098682739,-3.3150031981676875e-06
2.445342289502249e-07,3.3000000000000003,1.327195159027462,0.012159543809759171,-0.03985297930546872,-3.3150035392282007e-06
2.4453465695305514e-07,3.3000000000000003,1.3758428260932043,0.013895538141534278,-0.041274593793620376,-3.3150031981676875e-06
2.4453510686009666e-07,3.3000000000000003,1.4217722499587886,0.015782378169831066,-0.04260926347572499,-3.3150035392282007e-06
2.4453557931909213e-07,3.3000000000000003,1.4648563964825723,0.017824704990888108,-0.04385299806605453,-3.3150031413242687e-06
2.4453607637195975e-07,3.3000000000000003,1.5051126461700242,0.020032908618184547,-0.04500600929863959,-3.315003482384782e-06
2.4453659878526957e-07,3.3000000000000003,1.5424599701804955,0.02241157367115714,-0.046065703210872375,-3.3150031413242687e-06
2.4453714880438253e-07,3.3000000000000003,1.5769439503304166,0.024971679856408725,-0.047033127815034596,-3.315003482384782e-06
2.445377277813393e-07,3.3000000000000003,1.6085578435491663,0.027719899438381254,-0.047907876811916876,-3.3150031413242687e-06
2.445383384431354e-07,3.3000000000000003,1.637382360122989,0.030669165655806057,-0.04869200413209029,-3.3150035392282007e-06
2.4453898286662715e-07,3.3000000000000003,1.6634668458485335,0.03382913618643859,-0.049386712495240036,-3.3150031981676875e-06
2.445396644645911e-07,3.3000000000000003,1.6869200163846365,0.03721579192185613,-0.049994812038124836,-3.3150035392282007e-06
2.4454038627909785e-07,3.3000000000000003,1.707833253292766,0.040843122376539163,-0.05051864835667399,-3.3150031413242687e-06
2.445411527497735e-07,3.3000000000000003,1.7263375018449256,0.04473191089974519,-0.05096155970547806,-3.315003482384782e-06
2.4454196828655096e-07,3.3000000000000003,1.7425545611480557,0.04890258768329228,-0.05132661775886067,-3.3150031413242687e-06
2.4454283889739744e-07,3.3000000000000003,1.7566315955675234,0.05338346355636104,-0.05161742463556662,-3.315003482384782e-06
2.44543771035317e-07,3.3000000000000003,1.7687108935705236,0.05820481166367204,-0.05183737447408832,-3.3150031981676875e-06
2.445447731853131e-07,3.3000000000000003,1.7789499119299907,0.06340695564892464,-0.051990017328126435,-3.3150035392282007e-06
2.4454585502846894e-07,3.3000000000000003,1.7875029203760087,0.06903583483200793,-0.052078635858770296,-3.3150031981676875e-06
2.445470291479218e-07,3.3000000000000003,1.794531920509472,0.07515165823643558,-0.05210631496810849,-3.3150035392282007e-06
2.4454831065869206e-07,3.3000000000000003,1.8001957106675364,0.08182667755096486,-0.052075677265942824,-3.3150031413242687e-06
2.445497193538092e-07,3.3000000000000003,1.8046551859721895,0.08915587991808314,-0.051988720299263394,-3.3150035392282007e-06
2.445512808427737e-07,3.3000000000000003,1.8080679487195828,0.09726214902659622,-0.051846496217436915,-3.3150031413242687e-06
2.4455302888206975e-07,3.3000000000000003,1.8105869214145602,0.10630715473779768,-0.05164874016019002,-3.315003482384782e-06
2.4455500859831476e-07,3.3000000000000003,1.812358681092822,0.11650608998611109,-0.05139337297524945,-3.3150031413242687e-06
2.4455728319333686e-07,3.3000000000000003,1.8135228033652098,0.12815896583031178,-0.05107553315117465,-3.315003482384782e-06
2.445599435179983e-07,3.3000000000000003,1.8142087091240853,0.14169388614965994,-0.05068616973039105,-3.3150031981676875e-06
2.445631267529812e-07,3.3000000000000003,1.8145328009512731,0.15775135938844903,-0.0502094009644287,-3.3150035392282007e-06
2.44567050491603e-07,3.3000000000000003,1.8145940048017573,0.17733462483289458,-0.04961782338702517,-3.3150031981676875e-06
2.4457208619904265e-07,3.3000000000000003,1.8144676846132786,0.2021286053435897,-0.048862662633459265,-3.315003482384782e-06
2.4457893070918185e-07,3.3000000000000003,1.8141954100090796,0.23522399479326303,-0.04785152102620641,-3.3150031413242687e-06
2.445890995019151e-07,3.3000000000000003,1.8137637075118611,0.28313442655463644,-0.046386607427918884,-3.315003482384782e-06
2.4460699977556034e-07,3.3000000000000003,1.8130300219948992,0.36394901671697405,-0.043915446846945656,-3.3150031413242687e-06
2.446249148279889e-07,3.3000000000000003,1.8123354037962127,0.44051949565558446,-0.04157407957606512,-3.3150035392282007e-06
2.4464643892556514e-07,3.3000000000000003,1.811549340159484,0.5271448693237448,-0.03892524735655369,-3.3150031413242687e-06
2.4466717058348964e-07,3.3000000000000003,1.810839708129163,0.6053562405503653,-0.036533701093645864,-3.315003482384782e-06
2.4469129322959e-07,3.3000000000000003,1.8100685744856215,0.6903414412069208,-0.033935023525559944,-3.3150031413242687e-06
2.4471512296325955e-07,3.3000000000000003,1.8093607068582764,0.7683560811288634,-0.03154949228767343,-3.315003482384782e-06
2.4474208170090175e-07,3.3000000000000003,1.808619604385287,0.8500325471480172,-0.029051989456533027,-3.3150031413242687e-06
2.447690468936042e-07,3.3000000000000003,1.807937023283705,0.9252598862607766,-0.026751688163215808,-3.315003482384782e-06
2.447989287167173e-07,3.3000000000000003,1.8072434797428822,1.001695122031489,-0.024414451732955436,-3.3150031413242687e-06
2.4482714768924265e-07,3.3000000000000003,1.80664430452863,1.067730188854052,-0.0223952316762536,-3.315003482384782e-06
2.44856734706146e-07,3.3000000000000003,1.8060691999786709,1.1311123468148925,-0.020457132240845312,-3.3150031413242687e-06
2.448849948247362e-07,3.3000000000000003,1.805566458113886,1.1865194710294278,-0.018762893368476252,-3.3150035392282007e-06
2.449143692320232e-07,3.3000000000000003,1.8050879609809867,1.2392545605582364,-0.01715035996263695,-3.3150031413242687e-06
2.4494277901022214e-07,3.3000000000000003,1.8046643606208976,1.2859394994313431,-0.015722828048939954,-3.315003482384782e-06
2.4497203031999386e-07,3.3000000000000003,1.8042650166107104,1.3299511413919354,-0.01437704019225132,-3.3150031413242687e-06
2.4500054990165425e-07,3.3000000000000003,1.8039086155061967,1.3692300564785707,-0.013175969650090717,-3.315003482384782e-06
2.4502970332990626e-07,3.3000000000000003,1.803575047152223,1.4059925750512243,-0.012051845468426112,-3.3150031413242687e-06
2.4505830503927506e-07,3.3000000000000003,1.8032754780342053,1.439008044133194,-0.011042298558539452,-3.315003482384782e-06
2.450873853100685e-07,3.3000000000000003,1.8029966141426037,1.4697415924558968,-0.010102528210824068,-3.3150031981676875e-06
2.4511604953980237e-07,3.3000000000000003,1.8027449884227802,1.4974732264237878,-0.009254550396483454,-3.315003482384782e-06
2.451450749288869e-07,3.3000000000000003,1.8025117108087074,1.5231827178941972,-0.008468405645533769,-3.3150031413242687e-06
2.4517378654976995e-07,3.3000000000000003,1.802300468145248,1.5464637410205129,-0.007756518592176095,-3.3150035392282007e-06
2.452027707456972e-07,3.3000000000000003,1.8021052326777065,1.567980613240975,-0.007098575736053102,-3.3150031981676875e-06
2.4523151832704374e-07,3.3000000000000003,1.801927963416732,1.5875174325154113,-0.006501178940159368,-3.315003482384782e-06
2.4526047165077857e-07,3.3000000000000003,1.8017645082189087,1.6055318059538524,-0.005950335482849028,-3.3150031413242687e-06
2.4528924656570383e-07,3.3000000000000003,1.801615793796959,1.621921600554374,-0.005449168394090893,-3.3150035392282007e-06
2.4531817680684566e-07,3.3000000000000003,1.801478909077523,1.6370076454918514,-0.0049878673566694474,-3.3150031981676875e-06
2.4534697256037554e-07,3.3000000000000003,1.8013541785157567,1.650754182370007,-0.004567525796202058,-3.315003482384782e-06
2.453758856164865e-07,3.3000000000000003,1.8012395219943984,1.6633904608235706,-0.004181133710808127,-3.3150031413242687e-06
2.4540469733601935e-07,3.3000000000000003,1.8011349254739772,1.6749180280032043,-0.0038286437989454533,-3.315003482384782e-06
2.454335976892795e-07,3.3000000000000003,1.8010388730051237,1.6855039565251075,-0.0035049473092484754,-3.3150031981676875e-06
2.454624217374273e-07,3.3000000000000003,1.800951171987411,1.6951694728645585,-0.0032093951767523357,-3.3150035392282007e-06
2.4549131281420693e-07,3.3000000000000003,1.80087069567891,1.7040387550213711,-0.002938190296081338,-3.3150031413242687e-06
2.4552014649655225e-07,3.3000000000000003,1.8007971683100956,1.7121421955380955,-0.0026904033187742818,-3.315003482384782e-06
2.455490309381625e-07,3.3000000000000003,1.800729736460288,1.7195738498598143,-0.002463158217654014,-3.3150031413242687e-06
2.455778722827292e-07,3.3000000000000003,1.8006680967007545,1.7263671587131293,-0.0022554324404589175,-3.315003482384782e-06
2.456067521484594e-07,3.3000000000000003,1.800611591245776,1.7325946166036716,-0.0020650092486717395,-3.3150031981676875e-06
2.4563559974485186e-07,3.3000000000000003,1.8005599200669122,1.7382892897009636,-0.0018908775558926726,-3.315003482384782e-06
2.456644766697591e-07,3.3000000000000003,1.8005125682128738,1.7435079305468006,-0.0017313019685710241,-3.3150031981676875e-06
2.456933295418207e-07,3.3000000000000003,1.8004692553083257,1.748281439472532,-0.0015853376273437404,-3.315003482384782e-06
2.457222048595484e-07,3.3000000000000003,1.8004295727465498,1.7526548487142886,-0.0014516075330539891,-3.3150031413242687e-06
2.4575106237858225e-07,3.3000000000000003,1.8003932672581602,1.7566560713963633,-0.001329258159976876,-3.315003482384782e-06
2.457799372109031e-07,3.3000000000000003,1.800360010911896,1.7603212482957125,-0.0012171843920462154,-3.3150031413242687e-06
2.458087990325953e-07,3.3000000000000003,1.8003295798748085,1.7636750485599877,-0.0011146318997286942,-3.3150035392282007e-06
2.458376743682388e-07,3.3000000000000003,1.8003017084920154,1.7667467494674296,-0.0010207054370343584,-3.3150031981676875e-06
2.4586654038145283e-07,3.3000000000000003,1.8002762018538199,1.7695578324198455,-0.0009347481511826883,-3.3150035392282007e-06
2.45895417134845e-07,3.3000000000000003,1.800252843113376,1.7721321957209581,-0.000856029278070657,-3.3150031413242687e-06
2.459242874422025e-07,3.3000000000000003,1.8002314642945283,1.7744883522227206,-0.0007839827318578179,-3.3150035392282007e-06
2.4595316650326886e-07,3.3000000000000003,1.8002118873220103,1.7766459275222728,-0.0007180084009865355,-3.3150031413242687e-06
2.459820413980373e-07,3.3000000000000003,1.800193968493358,1.7786207589825402,-0.0006576220106657492,-3.3150035392282007e-06
2.4601092367388393e-07,3.3000000000000003,1.8001775608749835,1.780429040208948,-0.0006023283928941598,-3.3150031981676875e-06
2.4603980364560557e-07,3.3000000000000003,1.8001625421806215,1.7820842482917736,-0.0005517154434362917,-3.315003482384782e-06
2.460686901040241e-07,3.3000000000000003,1.8001487907318527,1.7835997934530767,-0.0005053731100172066,-3.3150031981676875e-06
2.460975758269988e-07,3.3000000000000003,1.8001362028661945,1.7849871003173863,-0.00046295204315382354,-3.3150035392282007e-06
2.4612646753774643e-07,3.3000000000000003,1.8001246775313038,1.7862573057467124,-0.00042411170726120584,-3.3150031413242687e-06
2.461553598974933e-07,3.3000000000000003,1.8001141271021623,1.7874200670265563,-0.0003885567964284397,-3.3150035392282007e-06
2.461842580781819e-07,3.3000000000000003,1.800104467475843,1.7884846529964495,-0.0003560038899284542,-3.3150031413242687e-06
2.462131581749454e-07,3.3000000000000003,1.8000956247426594,1.7894592093551516,-0.00032620390859823843,-3.3150035392282007e-06
2.462420642254781e-07,3.3000000000000003,1.8000875287834848,1.790351463819568,-0.0002989205524966256,-3.3150031981676875e-06
2.462709734232574e-07,3.3000000000000003,1.8000801173575034,1.7911682759607082,-0.00027394407339705295,-3.315003482384782e-06
2.4629988898233894e-07,3.3000000000000003,1.8000733319298257,1.7919160969986316,-0.00025107720764727665,-3.3150031981676875e-06
2.4632880893358317e-07,3.3000000000000003,1.8000671201512797,1.7926006961713097,-0.00023014353442643516,-3.315003482384782e-06
2.463577359145403e-07,3.3000000000000003,1.8000614331058744,1.7932274646263917,-0.00021097821054643569,-3.3150031981676875e-06
2.463866686373311e-07,3.3000000000000003,1.8000562268013331,1.793801250695064,-0.00019343297824863268,-3.3150035392282007e-06
2.4641560930065044e-07,3.3000000000000003,1.8000514603364333,1.7943265620748927,-0.00017737001212898016,-3.3150031413242687e-06
2.4644455720110695e-07,3.3000000000000003,1.8000470967608613,1.7948074710861934,-0.00016266477608092928,-3.3150035392282007e-06
2.4647351424826715e-07,3.3000000000000003,1.8000431018570826,1.795247748888938,-0.00014920196459741497,-3.3150031413242687e-06
2.4650248019119613e-07,3.3000000000000003,1.8000394446087005,1.7956508136673959,-0.00013687705102712798,-3.315003482384782e-06
2.4653145682473757e-07,3.3000000000000003,1.8000360963703892,1.796019822524907,-0.00012559349751447318,-3.3150031413242687e-06
2.4656044428717437e-07,3.3000000000000003,1.8000330311196555,1.796357643361008,-0.00011526361485521531,-3.315003482384782e-06
2.465894442909713e-07,3.3000000000000003,1.8000302248737334,1.7966669193197817,-0.00010580657735509096,-3.3150031981676875e-06
2.466184573867397e-07,3.3000000000000003,1.8000276557998693,1.7969500565731695,-9.714880546251873e-05,-3.3150035392282007e-06
2.4664748530969985e-07,3.3000000000000003,1.800025303813476,1.7972092686417636,-8.922262144590347e-05,-3.3150031413242687e-06
2.4667722557049927e-07,3.3000000000000003,1.8000231012068226,1.7974520176072413,-8.179984068491794e-05,-3.315003482384782e-06
2.467078963654839e-07,3.3000000000000003,1.8000210300891384,1.7976802751711356,-7.482018160184654e-05,-3.3150031981676875e-06
2.4673955081309166e-07,3.3000000000000003,1.8000190868298709,1.7978944415016536,-6.827140602821196e-05,-3.315003482384782e-06
2.467722022475333e-07,3.3000000000000003,1.800017270068631,1.7980946664756234,-6.214892740265377e-05,-3.3150031981676875e-06
2.4680592316345036e-07,3.3000000000000003,1.8000155748632378,1.7982814948403891,-5.643609023221055e-05,-3.3150035392282007e-06
2.468407714099125e-07,3.3000000000000003,1.8000139973531522,1.798455351971349,-5.111988559120664e-05,-3.3150031413242687e-06
2.4687683776844535e-07,3.3000000000000003,1.800012532465221,1.7986167970574112,-4.618322009282405e-05,-3.315003482384782e-06
2.46914195893832e-07,3.3000000000000003,1.8000111762433149,1.7987662660992718,-4.161275617316199e-05,-3.3150031981676875e-06
2.469529501323668e-07,3.3000000000000003,1.8000099238983256,1.7989042868086407,-3.739235937723461e-05,-3.315003482384782e-06
2.469931953449365e-07,3.3000000000000003,1.8000087713488049,1.7990313091905175,-3.350826936011775e-05,-3.3150031413242687e-06
2.4703505653832404e-07,3.3000000000000003,1.8000077139590493,1.799147843915685,-2.9944870844086055e-05,-3.315003482384782e-06
2.4707865604670916e-07,3.3000000000000003,1.8000067475648238,1.7992543500845004,-2.6688123750173607e-05,-3.3150031413242687e-06
2.4712414749403854e-07,3.3000000000000003,1.8000058676495032,1.7993513254232256,-2.3722813982642568e-05,-3.3150035392282007e-06
2.471716891283759e-07,3.3000000000000003,1.8000050700138455,1.7994392327497193,-2.1034784007797365e-05,-3.3150031413242687e-06
2.472214745968287e-07,3.3000000000000003,1.8000043502328686,1.7995185596934151,-1.860912494219852e-05,-3.3150035392282007e-06
2.4727371141902607e-07,3.3000000000000003,1.8000037040996093,1.7995897699349253,-1.6431658422669355e-05,-3.3150031981676875e-06
2.473286496900759e-07,3.3000000000000003,1.8000031272740382,1.7996533418077891,-1.4487757913089162e-05,-3.3150035392282007e-06
2.473865663369973e-07,3.3000000000000003,1.8000026155652857,1.79970973716568,-1.2763300799150244e-05,-3.3150031413242687e-06
2.474477936979328e-07,3.3000000000000003,1.8000021647111042,1.7997594257109226,-1.124392462981518e-05,-3.315003482384782e-06
2.475127102556304e-07,3.3000000000000003,1.800001770559227,1.7998028651568887,-9.915633402458324e-06,-3.3150031981676875e-06
2.4758177135307167e-07,3.3000000000000003,1.8000014289317492,1.7998405158526571,-8.764350544908291e-06,-3.3150035392282007e-06
2.4765550986786027e-07,3.3000000000000003,1.8000011357358798,1.799872828948697,-7.776279869827093e-06,-3.3150031981676875e-06
2.477345737290326e-07,3.3000000000000003,1.8000008868878488,1.799900254434095,-6.937664350680734e-06,-3.315003482384782e-06
2.478197415349371e-07,3.3000000000000003,1.8000006783818483,1.7999232338656321,-6.234999353307542e-06,-3.3150031413242687e-06
2.479119774238424e-07,3.3000000000000003,1.8000005062490554,1.799942204578114,-5.6549134188259605e-06,-3.315003482384782e-06
2.480119774238424e-07,3.3000000000000003,1.8000003672030431,1.7999575288275709,-5.18632814567638e-06,-3.3150031981676875e-06
2.481119774238424e-07,3.3000000000000003,1.8000002650360019,1.799968788641242,-4.842025597670763e-06,-3.3150035392282007e-06
2.482119774238424e-07,3.3000000000000003,1.8000001899666396,1.7999770620254736,-4.589042080386826e-06,-3.3150031981676875e-06
2.483119774238424e-07,3.3000000000000003,1.8000001348078396,1.7999831410680436,-4.403157135221008e-06,-3.3150035392282007e-06
2.4841197742384243e-07,3.3000000000000003,1.8000000942787646,1.7999876077720591,-4.266574273754713e-06,-3.3150031981676875e-06
2.4851197742384244e-07,3.3000000000000003,1.8000000644991678,1.7999908897765082,-4.166217151712045e-06,-3.3150035392282007e-06
2.4861197742384245e-07,3.3000000000000003,1.8000000426179925,1.7999933012981062,-4.092477651831874e-06,-3.3150031981676875e-06
2.4871197742384246e-07,3.3000000000000003,1.8000000265403335,1.7999950732141738,-4.038296007660434e-06,-3.3150035392282007e-06
2.4881197742384246e-07,3.3000000000000003,1.800000014726942,1.799996375166664,-3.998484908528959e-06,-3.3150031981676875e-06
2.4891197742384247e-07,3.3000000000000003,1.8000000060467998,1.7999973318035603,-3.969232868386742e-06,-3.3150035392282007e-06
2.490119774238425e-07,3.3000000000000003,1.7999999996688876,1.799998034712582,-3.9477393185401445e-06,-3.3150031981676875e-06
2.491119774238425e-07,3.3000000000000003,1.7999999949825793,1.799998551189727,-3.931946481959131e-06,-3.3150035392282007e-06
2.492119774238425e-07,3.3000000000000003,1.7999999915392189,1.7999989306821407,-3.920342364124563e-06,-3.3150031981676875e-06
2.493119774238425e-07,3.3000000000000003,1.799999989009135,1.7999992095221502,-3.911815995137149e-06,-3.3150035392282007e-06
2.494119774238425e-07,3.3000000000000003,1.7999999871501053,1.7999994144056948,-3.905551066794602e-06,-3.3150031981676875e-06
2.495119774238425e-07,3.3000000000000003,1.799999985784142,1.7999995649481757,-3.900947779239126e-06,-3.3150035392282007e-06
2.496119774238425e-07,3.3000000000000003,1.7999999847804737,1.7999996755624208,-3.897565417219081e-06,-3.3150031981676875e-06
2.4971197742384253e-07,3.3000000000000003,1.799999984043006,1.799999756838557,-3.8950801557543035e-06,-3.3150035392282007e-06
2.4981197742384254e-07,3.3000000000000003,1.7999999835011373,1.7999998165579025,-3.893254057816252e-06,-3.3150031981676875e-06
2.4991197742384255e-07,3.3000000000000003,1.799999983102987,1.7999998604379446,-3.891912294006653e-06,-3.3150035392282007e-06
2.5001197742384255e-07,3.3000000000000003,1.799999982810438,1.7999998926797254,-3.890926404957823e-06,-3.3150031981676875e-06
2.5011197742384256e-07,3.3000000000000003,1.7999999825954813,1.7999999163700495,-3.890202002272191e-06,-3.3150035392282007e-06
2.5021197742384257e-07,3.3000000000000003,1.7999999824375377,1.799999933777012,-3.889669732229987e-06,-3.3150031981676875e-06
2.503119774238426e-07,3.3000000000000003,1.7999999823214852,1.7999999465671435,-3.889278635636645e-06,-3.3150035392282007e-06
2.504119774238426e-07,3.3000000000000003,1.7999999822362134,1.799999955964961,-3.888991269201531e-06,-3.3150031981676875e-06
2.505119774238426e-07,3.3000000000000003,1.7999999821735577,1.7999999628702041,-3.888780120692965e-06,-3.3150035392282007e-06
2.506119774238426e-07,3.3000000000000003,1.7999999821275205,1.7999999679439767,-3.888624974910193e-06,-3.3150031981676875e-06
2.507119774238426e-07,3.3000000000000003,1.7999999820936934,1.799999971672037,-3.888510978289941e-06,-3.3150035392282007e-06
2.508119774238426e-07,3.3000000000000003,1.7999999820688384,1.7999999744113078,-3.888427216872103e-06,-3.3150031981676875e-06
2.509119774238426e-07,3.3000000000000003,1.7999999820505757,1.7999999764240444,-3.888365671408036e-06,-3.3150035392282007e-06
2.5101197742384263e-07,3.3000000000000003,1.7999999820371566,1.7999999779029447,-3.8883204496099955e-06,-3.3150031981676875e-06
2.5111197742384264e-07,3.3000000000000003,1.799999982027297,1.7999999789895977,-3.888287221937192e-06,-3.3150035392282007e-06
2.5121197742384264e-07,3.3000000000000003,1.7999999820200523,1.7999999797880388,-3.888262807195568e-06,-3.3150031981676875e-06
2.5131197742384265e-07,3.3000000000000003,1.7999999820147288,1.7999999803747102,-3.888244867950206e-06,-3.3150035392282007e-06
2.5141197742384266e-07,3.3000000000000003,1.7999999820108175,1.7999999808057792,-3.888231686732009e-06,-3.3150031981676875e-06
2.5151197742384267e-07,3.3000000000000003,1.7999999820079435,1.7999999811225167,-3.888222001538476e-06,-3.3150035392282007e-06
2.5161197742384267e-07,3.3000000000000003,1.7999999820058319,1.799999981355246,-3.888214885139271e-06,-3.3150031981676875e-06
2.517119774238427e-07,3.3000000000000003,1.79999998200428,1.7999999815262484,-3.888209656227208e-06,-3.3150035392282007e-06
2.518119774238427e-07,3.3000000000000003,1.7999999820031403,1.799999981651896,-3.888205814178555e-06,-3.3150031981676875e-06
2.519119774238427e-07,3.3000000000000003,1.7999999820023025,1.7999999817442178,-3.888202991159662e-06,-3.3150035392282007e-06
2.520119774238427e-07,3.3000000000000003,1.799999982001687,1.7999999818120538,-3.888200916869002e-06,-3.3150031981676875e-06
2.521119774238427e-07,3.3000000000000003,1.799999982001235,1.7999999818618975,-3.8881993927518745e-06,-3.3150035392282007e-06
2.522119774238427e-07,3.3000000000000003,1.7999999820009025,1.7999999818985215,-3.88819827287902e-06,-3.3150031981676875e-06
2.523119774238427e-07,3.3000000000000003,1.7999999820006582,1.7999999819254313,-3.888197450021672e-06,-3.3150035392282007e-06
2.5241197742384273e-07,3.3000000000000003,1.799999982000479,1.799999981945204,-3.8881968454094835e-06,-3.3150031981676875e-06
2.5251197742384274e-07,3.3000000000000003,1.7999999820003472,1.7999999819597325,-3.888196401151499e-06,-3.3150035392282007e-06
2.5261197742384275e-07,3.3000000000000003,1.7999999820002501,1.7999999819704071,-3.8881960747507755e-06,-3.3150031981676875e-06
2.5271197742384276e-07,3.3000000000000003,1.799999982000179,1.7999999819782513,-3.8881958348984786e-06,-3.3150035392282007e-06
2.5281197742384276e-07,3.3000000000000003,1.799999982000127,1.7999999819840147,-3.888195658658789e-06,-3.3150031981676875e-06
2.5291197742384277e-07,3.3000000000000003,1.7999999820000885,1.7999999819882495,-3.8881955291607496e-06,-3.3150035392282007e-06
2.530119774238428e-07,3.3000000000000003,1.7999999820000598,1.799999981991361,-3.888195434009973e-06,-3.3150031981676875e-06
2.531119774238428e-07,3.3000000000000003,1.7999999820000394,1.7999999819936472,-3.888195364125567e-06,-3.3150035392282007e-06
2.532119774238428e-07,3.3000000000000003,1.799999982000024,1.799999981995327,-3.888195312758141e-06,-3.3150031981676875e-06
2.533119774238428e-07,3.3000000000000003,1.7999999820000128,1.7999999819965615,-3.888195274997382e-06,-3.3150035392282007e-06
2.534119774238428e-07,3.3000000000000003,1.7999999820000046,1.7999999819974686,-3.888195247267653e-06,-3.3150031981676875e-06
2.535119774238428e-07,3.3000000000000003,1.7999999819999986,1.7999999819981352,-3.8881952268822565e-06,-3.3150035392282007e-06
2.536119774238428e-07,3.3000000000000003,1.7999999819999941,1.7999999819986252,-3.888195211898645e-06,-3.3150031981676875e-06
2.5371197742384283e-07,3.3000000000000003,1.7999999819999908,1.799999981998985,-3.8881952009010735e-06,-3.3150035392282007e-06
2.5381197742384284e-07,3.3000000000000003,1.7999999819999886,1.7999999819992496,-3.8881951928031285e-06,-3.3150031981676875e-06
2.5391197742384285e-07,3.3000000000000003,1.7999999819999868,1.799999981999444,-3.8881951868616066e-06,-3.3150035392282007e-06
2.5401197742384285e-07,3.3000000000000003,1.7999999819999855,1.7999999819995869,-3.888195182503965e-06,-3.3150031981676875e-06
2.5411197742384286e-07,3.3000000000000003,1.7999999819999843,1.7999999819996915,-3.888195179293935e-06,-3.3150035392282007e-06
2.5421197742384287e-07,3.3000000000000003,1.7999999819999837,1.799999981999768,-3.888195176956442e-06,-3.3150031981676875e-06
2.543119774238429e-07,3.3000000000000003,1.7999999819999832,1.7999999819998243,-3.8881951752138905e-06,-3.3150035392282007e-06
2.544119774238429e-07,3.3000000000000003,1.7999999819999826,1.7999999819998653,-3.888195173966281e-06,-3.3150031981676875e-06
2.545119774238429e-07,3.3000000000000003,1.7999999819999826,1.7999999819998955,-3.8881951730480035e-06,-3.3150035392282007e-06
2.546119774238429e-07,3.3000000000000003,1.7999999819999826,1.7999999819999182,-3.888195172365998e-06,-3.3150031981676875e-06
2.547119774238429e-07,3.3000000000000003,1.7999999819999823,1.799999981999935,-3.8881951718521285e-06,-3.3150035392282007e-06
2.548119774238429e-07,3.3000000000000003,1.7999999819999821,1.7999999819999473,-3.8881951714675925e-06,-3.3150031981676875e-06
2.549119774238429e-07,3.3000000000000003,1.7999999819999821,1.7999999819999561,-3.888195171205454e-06,-3.3150035392282007e-06
2.5501197742384293e-07,3.3000000000000003,1.7999999819999821,1.7999999819999626,-3.8881951709985175e-06,-3.3150031981676875e-06
2.5511197742384294e-07,3.3000000000000003,1.7999999819999821,1.7999999819999675,-3.88819517085625e-06,-3.3150035392282007e-06
2.5521197742384294e-07,3.3000000000000003,1.799999981999982,1.7999999819999708,-3.888195170756251e-06,-3.3150031981676875e-06
2.5531197742384295e-07,3.3000000000000003,1.7999999819999821,1.7999999819999735,-3.88819517067865e-06,-3.3150035392282007e-06
2.5541197742384296e-07,3.3000000000000003,1.799999981999982,1.7999999819999755,-3.888195170613982e-06,-3.3150031981676875e-06
2.5551197742384297e-07,3.3000000000000003,1.7999999819999821,1.799999981999977,-3.888195170562249e-06,-3.3150035392282007e-06
2.55611977423843e-07,3.3000000000000003,1.799999981999982,1.7999999819999781,-3.8881951705363814e-06,-3.3150031981676875e-06
2.55711977423843e-07,3.3000000000000003,1.799999981999982,1.7999999819999788,-3.8881951705269175e-06,-3.3150035392282007e-06
2.55811977423843e-07,3.3000000000000003,1.7999999819999821,1.79999998199998,-3.888195170484648e-06,-3.3150031981676875e-06
2.55911977423843e-07,3.3000000000000003,1.799999981999982,1.7999999819999803,-3.8881951704587805e-06,-3.3150035392282007e-06
2.56011977423843e-07,3.3000000000000003,1.799999981999982,1.7999999819999803,-3.88819517046225e-06,-3.3150031981676875e-06
2.56111977423843e-07,3.3000000000000003,1.799999981999982,1.7999999819999803,-3.88819517046225e-06,-3.3150035392282007e-06
2.56211977423843e-07,3.3000000000000003,1.799999981999982,1.7999999819999803,-3.88819517046225e-06,-3.3150031981676875e-06
2.56311977423843e-07,3.3000000000000003,1.799999981999982,1.7999999819999803,-3.88819517046225e-06,-3.3150035392282007e-06
2.5641197742384303e-07,3.3000000000000003,1.799999981999982,1.7999999819999803,-3.88819517046225e-06,-3.3150031981676875e-06
2.5651197742384304e-07,3.3000000000000003,1.799999981999982,1.7999999819999803,-3.88819517046225e-06,-3.3150035392282007e-06
2.5661197742384305e-07,3.3000000000000003,1.799999981999982,1.7999999819999803,-3.88819517046225e-06,-3.3150031981676875e-06
2.5671197742384306e-07,3.3000000000000003,1.799999981999982,1.7999999819999803,-3.88819517046225e-06,-3.3150035392282007e-06
2.5681197742384306e-07,3.3000000000000003,1.799999981999982,1.7999999819999803,-3.88819517046225e-06,-3.3150031981676875e-06
2.5691197742384307e-07,3.3000000000000003,1.799999981999982,1.7999999819999803,-3.88819517046225e-06,-3.3150035392282007e-06
2.570119774238431e-07,3.3000000000000003,1.799999981999982,1.7999999819999803,-3.88819517046225e-06,-3.3150031981676875e-06
2.571119774238431e-07,3.3000000000000003,1.799999981999982,1.7999999819999803,-3.88819517046225e-06,-3.3150035392282007e-06
2.572119774238431e-07,3.3000000000000003,1.799999981999982,1.7999999819999803,-3.88819517046225e-06,-3.3150031981676875e-06
2.573119774238431e-07,3.3000000000000003,1.799999981999982,1.7999999819999803,-3.88819517046225e-06,-3.3150035392282007e-06
2.574119774238431e-07,3.3000000000000003,1.799999981999982,1.7999999819999803,-3.88819517046225e-06,-3.3150031981676875e-06
2.575119774238431e-07,3.3000000000000003,1.799999981999982,1.7999999819999803,-3.88819517046225e-06,-3.3150035392282007e-06
2.576119774238431e-07,3.3000000000000003,1.799999981999982,1.7999999819999803,-3.88819517046225e-06,-3.3150031981676875e-06
2.5771197742384313e-07,3.3000000000000003,1.799999981999982,1.7999999819999803,-3.88819517046225e-06,-3.3150035392282007e-06
2.5781197742384314e-07,3.3000000000000003,1.799999981999982,1.7999999819999803,-3.88819517046225e-06,-3.3150031981676875e-06
2.5791197742384315e-07,3.3000000000000003,1.799999981999982,1.7999999819999803,-3.88819517046225e-06,-3.3150035392282007e-06
2.5801197742384315e-07,3.3000000000000003,1.799999981999982,1.7999999819999803,-3.88819517046225e-06,-3.3150031981676875e-06
2.5811197742384316e-07,3.3000000000000003,1.799999981999982,1.7999999819999803,-3.88819517046225e-06,-3.3150035392282007e-06
2.5821197742384317e-07,3.3000000000000003,1.799999981999982,1.7999999819999803,-3.88819517046225e-06,-3.3150031981676875e-06
2.583119774238432e-07,3.3000000000000003,1.799999981999982,1.7999999819999803,-3.88819517046225e-06,-3.3150035392282007e-06
2.584119774238432e-07,3.3000000000000003,1.799999981999982,1.7999999819999803,-3.88819517046225e-06,-3.3150031981676875e-06
2.585119774238432e-07,3.3000000000000003,1.799999981999982,1.7999999819999803,-3.88819517046225e-06,-3.3150035392282007e-06
2.586119774238432e-07,3.3000000000000003,1.799999981999982,1.7999999819999803,-3.88819517046225e-06,-3.3150031981676875e-06
2.587119774238432e-07,3.3000000000000003,1.799999981999982,1.7999999819999803,-3.88819517046225e-06,-3.3150035392282007e-06
2.588119774238432e-07,3.3000000000000003,1.799999981999982,1.7999999819999803,-3.88819517046225e-06,-3.3150031981676875e-06
2.589119774238432e-07,3.3000000000000003,1.799999981999982,1.7999999819999803,-3.88819517046225e-06,-3.3150035392282007e-06
2.5901197742384323e-07,3.3000000000000003,1.799999981999982,1.7999999819999803,-3.88819517046225e-06,-3.3150031981676875e-06
2.5911197742384324e-07,3.3000000000000003,1.799999981999982,1.7999999819999803,-3.88819517046225e-06,-3.3150035392282007e-06
2.5921197742384324e-07,3.3000000000000003,1.799999981999982,1.7999999819999803,-3.88819517046225e-06,-3.3150031981676875e-06
2.5931197742384325e-07,3.3000000000000003,1.799999981999982,1.7999999819999803,-3.88819517046225e-06,-3.3150035392282007e-06
2.5941197742384326e-07,3.3000000000000003,1.799999981999982,1.7999999819999803,-3.88819517046225e-06,-3.3150031981676875e-06
2.5951197742384327e-07,3.3000000000000003,1.799999981999982,1.7999999819999803,-3.88819517046225e-06,-3.3150035392282007e-06
2.596119774238433e-07,3.3000000000000003,1.799999981999982,1.7999999819999803,-3.88819517046225e-06,-3.3150031981676875e-06
2.597119774238433e-07,3.3000000000000003,1.799999981999982,1.7999999819999803,-3.88819517046225e-06,-3.3150035392282007e-06
2.598119774238433e-07,3.3000000000000003,1.799999981999982,1.7999999819999803,-3.88819517046225e-06,-3.3150031981676875e-06
2.599119774238433e-07,3.3000000000000003,1.799999981999982,1.7999999819999803,-3.88819517046225e-06,-3.3150035392282007e-06
2.6e-07,3.299999999999973,1.7999999820000507,1.7999999819999886,-3.8881946849049675e-06,-3.315003027637431e-06
2.600003920903046e-07,3.299353050997366,1.7999999819998451,1.7999999819999883,-3.8881878663233575e-06,0.007421685646249898
2.600011762709139e-07,3.2980591529920646,1.7999999819998684,1.799999981999988,-3.888187867069616e-06,0.007421686946997852
2.600027446321324e-07,3.295471356981549,1.7999999819997354,1.7999999819999872,-3.888187871250044e-06,0.007421689545139998
2.6000588135456937e-07,3.2902957649605176,1.7999999819999413,1.7999999819999861,-3.888202425586133e-06,0.007421694745687546
2.600121547994434e-07,3.279944580918368,1.7999999819999746,1.7999999819999857,-3.888180598887282e-06,0.007421705142633073
2.6002470168919146e-07,3.259242212834069,1.7999999819998547,1.7999999819999835,-3.8882060744109085e-06,0.007421725940446322
2.600497954686875e-07,3.217837476665558,1.7999999820002077,1.7999999819999872,-3.888195144539407e-06,0.007421767532036938
2.600999830276797e-07,3.135028004328448,1.799999981999686,1.799999981999982,-3.8881951675258044e-06,0.0074218507194814265
2.601999830276797e-07,2.9700280043284355,1.7999999820002446,1.7999999819999772,-3.888195178518634e-06,0.007422016468240145
2.602999830276797e-07,2.8050280043284235,1.799999981999759,1.7999999819999837,-3.8881951636131585e-06,0.007422182219727347
2.6039998302767973e-07,2.640028004328411,1.799999982000171,1.7999999819999788,-3.888195176254531e-06,0.007422347968486065
2.6049998302767974e-07,2.4750280043283985,1.7999999819998211,1.7999999819999837,-3.88819516550028e-06,0.007422513720115376
2.6059998302767975e-07,2.310028004328386,1.7999999820001182,1.7999999819999801,-3.888195174590132e-06,0.007422679468874094
2.6069998302767976e-07,2.145028004328374,1.799999981999866,1.7999999819999832,-3.888195166856471e-06,0.007422845220446561
2.6079998302767976e-07,1.9800280043283613,1.7999999820000803,1.7999999819999803,-3.8881951734430944e-06,0.0074230109691768575
2.6089998302767977e-07,1.8150280043283489,1.7999999819998984,1.7999999819999823,-3.888195167868487e-06,0.007423176720749325
2.609999830276798e-07,1.6500280043283366,1.7999999820000527,1.7999999819999801,-0.0006140758721558989,0.007423342469508043
2.610999830276798e-07,1.4850280043283242,1.7999999819999217,1.7999999819999821,-0.003309866899359273,0.00742350822108051
2.611999830276798e-07,1.320028004328312,1.7999999820000327,1.7999999819999808,-0.008156769037659774,0.0074236739698392284
2.612999830276798e-07,1.1550280043282992,1.7999999819999386,1.7999999819999821,-0.015154782287100479,0.0074238397214401175
2.613999830276798e-07,0.9900280043282867,1.7999999820000188,1.7999999819999815,-0.0243039066476362,0.007424005470170414
2.6142936158335073e-07,0.9415533874712594,1.7999999820000614,1.7999999819999866,-0.02740060107692148,0.007424054166591532
2.6144947767194384e-07,0.9083618412926415,1.7999999820000139,1.7999999819999901,-0.02962805658898107,0.007424087507644117
2.614633601011199e-07,0.8854558331521734,1.799999981999728,1.7999999819999857,-0.02920656941766213,0.0074241105191674706
2.614782522388708e-07,0.8608838058631454,1.7999999819999508,1.7999999819999795,-0.027561197838536847,0.007424135201546278
2.6148721722669795e-07,0.8460915759483543,1.7999999820000425,1.7999999819999803,-0.026593696720678777,0.007424150062377066
2.615003352639105e-07,0.8244468145476755,1.7999999820000392,1.7999999819999828,-0.02520915606301748,0.007424171804217394
2.6152657133833555e-07,0.7811572917463181,1.7999999819998667,1.7999999819999806,-0.022551125541155292,0.00742421529187709
2.6157904348718573e-07,0.694578246143517,1.799999982000172,1.7999999819999855,-0.01767926784314036,0.007424302263217442
2.6167904348718574e-07,0.5295782461435041,1.7999999819997858,1.7999999819999832,-0.010034536069964009,0.007424468014711749
2.6177904348718574e-07,0.3645782461434921,1.7999999820001482,1.7999999819999786,-0.004540915407000376,0.007424633763548627
2.6187904348718575e-07,0.19957824614347963,1.7999999819998407,1.7999999819999826,-0.001198405855105828,0.0074247995150322765
2.6197904348718576e-07,0.03457824614346716,1.7999999820001018,1.7999999819999795,-7.007414346844852e-06,0.0074249652638846975
2.62e-07,0.0,1.799999981999958,1.7999999819999828,-3.888209717463116e-06,0.0074250000006501095
2.6200000061913856e-07,0.0,1.799999982000456,1.799999981999983,-3.898024979205914e-06,-5.809999181462951e-24
2.6200000185741577e-07,0.0,1.7999999820004564,1.7999999819999835,-3.898024979196577e-06,0.0
2.6200000433397017e-07,0.0,1.7999999819998562,1.7999999819999841,-3.868222662921203e-06,0.0
2.620000092870789e-07,0.0,1.7999999819999177,1.7999999819999852,-3.883123823491785e-06,0.0
2.620000191932964e-07,0.0,1.7999999820000245,1.7999999819999857,-3.883123822406914e-06,0.0
2.620000390057315e-07,0.0,1.7999999820001702,1.799999981999987,-3.88684911119758e-06,0.0
2.6200007863060153e-07,0.0,1.7999999820000918,1.7999999819999875,-3.886849111940007e-06,0.0
2.6200015788034165e-07,0.0,1.7999999820002222,1.7999999819999868,-3.8877804330472135e-06,0.0
2.6200031637982193e-07,0.0,1.7999999819999561,1.7999999819999863,-3.888246096874215e-06,0.0
2.6200063337878245e-07,0.0,1.7999999820002344,1.7999999819999868,-3.88801326303681e-06,0.0
2.6200126737670354e-07,0.0,1.7999999820000159,1.7999999819999872,-3.8880132643562965e-06,0.0
2.6200253537254566e-07,0.0,1.799999982000918,1.79999998199999,-3.8881878719872e-06,0.0
2.6200507136422995e-07,0.0,1.799999981999225,1.7999999819999912,-3.888158783150153e-06,0.0
2.620101433475985e-07,0.0,1.7999999819995194,1.7999999819999823,-3.888187914907771e-06,0.0
2.6202028731433556e-07,0.0,1.7999999820002806,1.7999999819999792,-3.88818063949867e-06,0.0
2.6204057524780976e-07,0.0,1.7999999820000196,1.7999999819999888,-3.888206073869234e-06,0.0
2.6208115111475816e-07,0.0,1.7999999819999883,1.79999998199999,-3.8881951512811355e-06,0.0
2.6216230284865496e-07,0.0,1.7999999819999464,1.7999999819999855,-3.8881951635839935e-06,0.0
2.6226230284865497e-07,0.0,1.7999999820000014,1.7999999819999823,-3.8881951709818284e-06,0.0
2.62362302848655e-07,0.0,1.799999981999965,1.7999999819999821,-3.8881951698950445e-06,0.0
2.62462302848655e-07,0.0,1.7999999819999961,1.7999999819999817,-3.888195170846806e-06,0.0
2.62562302848655e-07,0.0,1.7999999819999697,1.7999999819999815,-3.888195170066341e-06,0.0
2.62662302848655e-07,0.0,1.7999999819999921,1.7999999819999812,-3.888195170746171e-06,0.0
2.62762302848655e-07,0.0,1.799999981999973,1.7999999819999815,-3.888195170164451e-06,0.0
2.62862302848655e-07,0.0,1.7999999819999892,1.7999999819999815,-3.888195170654056e-06,0.0
2.62962302848655e-07,0.0,1.7999999819999755,1.7999999819999817,-3.88819517022723e-06,0.0
2.6306230284865503e-07,0.0,1.7999999819999872,1.7999999819999812,-3.8881951706007415e-06,0.0
2.6316230284865504e-07,0.0,1.7999999819999775,1.7999999819999815,-3.888195170284015e-06,0.0
2.6326230284865504e-07,0.0,1.7999999819999857,1.7999999819999815,-3.888195170540488e-06,0.0
2.6336230284865505e-07,0.0,1.7999999819999786,1.7999999819999817,-3.888195170328809e-06,0.0
2.6346230284865506e-07,0.0,1.7999999819999846,1.7999999819999812,-3.888195170512095e-06,0.0
2.6356230284865507e-07,0.0,1.7999999819999797,1.7999999819999812,-3.888195170363196e-06,0.0
2.636623028486551e-07,0.0,1.799999981999984,1.7999999819999812,-3.8881951704931675e-06,0.0
2.637623028486551e-07,0.0,1.7999999819999803,1.7999999819999815,-3.888195170369191e-06,0.0
2.638623028486551e-07,0.0,1.7999999819999835,1.799999981999982,-3.888195170457836e-06,0.0
2.639623028486551e-07,0.0,1.7999999819999808,1.799999981999982,-3.888195170365721e-06,0.0
2.640623028486551e-07,0.0,1.799999981999983,1.7999999819999817,-3.888195170444903e-06,0.0
2.641623028486551e-07,0.0,1.799999981999981,1.7999999819999815,-3.888195170404522e-06,0.0
2.642623028486551e-07,0.0,1.7999999819999828,1.7999999819999817,-3.888195170438908e-06,0.0
2.6436230284865513e-07,0.0,1.7999999819999812,1.7999999819999815,-3.888195170401053e-06,0.0
2.6446230284865513e-07,0.0,1.7999999819999826,1.7999999819999817,-3.888195170442378e-06,0.0
2.6456230284865514e-07,0.0,1.7999999819999815,1.7999999819999815,-3.888195170413986e-06,0.0
2.6466230284865515e-07,0.0,1.7999999819999823,1.7999999819999817,-3.888195170425975e-06,0.0
2.6476230284865516e-07,0.0,1.7999999819999815,1.7999999819999815,-3.888195170413986e-06,0.0
2.6486230284865516e-07,0.0,1.7999999819999823,1.7999999819999817,-3.888195170425975e-06,0.0
2.6496230284865517e-07,0.0,1.7999999819999815,1.7999999819999815,-3.888195170413986e-06,0.0
2.650623028486552e-07,0.0,1.7999999819999821,1.7999999819999817,-3.888195170429444e-06,0.0
2.651623028486552e-07,0.0,1.7999999819999817,1.7999999819999817,-3.888195170407047e-06,0.0
2.652623028486552e-07,0.0,1.7999999819999821,1.7999999819999817,-3.888195170432914e-06,0.0
2.653623028486552e-07,0.0,1.7999999819999817,1.7999999819999817,-3.888195170407047e-06,0.0
2.654623028486552e-07,0.0,1.799999981999982,1.7999999819999817,-3.88819517042345e-06,0.0
2.6546609758399823e-07,0.0,1.799999982000207,1.799999981999983,-3.888187887896646e-06,0.0
2.654736870546842e-07,0.0,1.7999999819995565,1.799999981999982,-3.888180626173524e-06,0.0
2.654888659960562e-07,0.0,1.7999999820002832,1.79999998199998,-3.8882060940260604e-06,0.0
2.6548962797300543e-07,0.0,1.7999999820011146,1.7999999819999815,-3.888187890191576e-06,0.0
2.6549115192690394e-07,0.0,1.799999982000264,1.7999999819999843,-3.888216991914846e-06,0.0
2.6549419983470096e-07,0.0,1.7999999819996877,1.7999999819999837,-3.888187894150758e-06,0.0
2.6550029565029493e-07,0.0,1.799999981999862,1.7999999819999795,-3.888202456916348e-06,0.0
2.655124872814829e-07,0.0,1.799999982000298,1.7999999819999826,-3.888180612628023e-06,0.0
2.6551309929660533e-07,0.0,1.799999981999674,1.7999999819999826,-3.888246102587524e-06,0.0
2.655143233268503e-07,0.0,1.7999999819992487,1.7999999819999803,-3.888246113291525e-06,0.0
2.655143847726839e-07,0.0,1.7999999820005368,1.7999999819999803,-3.8877804389270986e-06,0.0
2.6551450766435117e-07,0.0,1.799999981999976,1.7999999819999803,-3.8887117668821774e-06,0.0
2.655147534476857e-07,0.0,1.7999999819999122,1.7999999819999803,-3.88824610634355e-06,0.0
2.655152450143547e-07,0.0,1.79999998199995,1.7999999819999812,-3.888129690886116e-06,0.0
2.6551526969080667e-07,0.0,1.7999999820002746,1.7999999819999815,-3.886849119004037e-06,0.0
2.6551531904371063e-07,0.0,1.7999999819996944,1.7999999819999821,-3.8877804474928785e-06,0.0
2.6551541774951855e-07,0.0,1.7999999819999972,1.7999999819999826,-3.888246105826838e-06,0.0
2.65515422704511e-07,0.0,1.7999999820006884,1.7999999819999823,-3.883123824598657e-06,0.0
2.6551543261449584e-07,0.0,1.7999999820001966,1.7999999819999812,-3.88312382956983e-06,0.0
2.655154524344655e-07,0.0,1.7999999820001258,1.7999999819999808,-3.886849120557888e-06,0.0
2.655154534294201e-07,0.0,1.336517840934933,1.7999992832984626,-2.0384185575039737e-06,0.0
2.6551545371941635e-07,0.0,1.3364225840348583,1.799998875960217,-2.0384185575039737e-06,0.0
2.655154538159245e-07,0.0,1.3363908848905501,1.799998740383259,-2.2768371366055362e-06,0.0
2.65515453997651e-07,0.0,1.3363311968494047,1.799998485064358,-1.7999999784024112e-06,0.0
2.65515454361104e-07,0.0,1.3362118286688465,1.7999979743283736,-1.9192092679531925e-06,0.0
2.6551545508801005e-07,0.0,1.3359731239138635,1.7999969524637212,-1.978813912728583e-06,0.0
2.6551545654182214e-07,0.0,1.335495840799619,1.7999949071640335,-2.068220879891669e-06,0.0
2.6551545944944627e-07,0.0,1.3345417799370343,1.7999908102859457,-2.068220879891669e-06,0.0
2.6551546526469454e-07,0.0,1.3326356778829607,1.7999825914374392,-2.0905726216824405e-06,0.0
2.655154768951911e-07,0.0,1.3288315382257796,1.7999660535510131,-2.0793967507870548e-06,0.0
2.655155001561843e-07,0.0,1.321255403157343,1.799932578455221,-2.0849846862347476e-06,0.0
2.655155466781706e-07,0.0,1.306230807313981,1.7998640423770744,-2.087778653958594e-06,0.0
2.6551563972214315e-07,0.0,1.276685181961796,1.7997207167692875,-2.088244315245902e-06,0.0
2.6551579017256754e-07,0.0,1.230297673896201,1.7994717419234534,-2.0887099765332096e-06,0.0
2.655159534500726e-07,0.0,1.1818358304103875,1.7991782094307711,-2.088244315245902e-06,0.0
2.6551615224804786e-07,0.0,1.1253643958061998,1.798789418603512,-2.088011484602248e-06,0.0
2.655163582109866e-07,0.0,1.0696631481751508,1.7983518678960952,-2.088244315245902e-06,0.0
2.6551659614220423e-07,0.0,1.0086874241708221,1.7978046960359946,-2.088244315245902e-06,0.0
2.655168419513746e-07,0.0,0.9492860081155148,1.7971950050224317,-2.088244315245902e-06,0.0
2.655171169002899e-07,0.0,0.8869088139387135,1.7964628647820122,-2.088244315245902e-06,0.0
2.6551740071095107e-07,0.0,0.8267446035687385,1.7956550946855734,-2.088011484602248e-06,0.0
2.6551771173582405e-07,0.0,0.765400786920457,1.7947134324170304,-2.088244315245902e-06,0.0
2.655180331438866e-07,0.0,0.7066949149580288,1.7936828323204899,-2.088011484602248e-06,0.0
2.6551838068829533e-07,0.0,0.6481634665492588,1.7925078519178113,-2.088011484602248e-06,0.0
2.6551874046664e-07,0.0,0.592558737158872,1.7912306299206775,-2.088011484602248e-06,0.0
2.6551912602902736e-07,0.0,0.5381219200133386,1.789799171638992,-2.088127899924075e-06,0.0
2.655195259733069e-07,0.0,0.48679217828969495,1.788252031366278,-2.088011484602248e-06,0.0
2.6551995205011015e-07,0.0,0.43732487873810333,1.7865408321631973,-2.088011484602248e-06,0.0
2.655203950051444e-07,0.0,0.39104931018434913,1.7846999737141918,-2.088127899924075e-06,0.0
2.65520865170438e-07,0.0,0.34708480939300346,1.7826844959545252,-2.088011484602248e-06,0.0
2.655213551663364e-07,0.0,0.3063099685869164,1.7805241976456694,-2.088011484602248e-06,0.0
2.6552187426600697e-07,0.0,0.2680946607840864,1.7781770046641905,-2.088011484602248e-06,0.0
2.655224167729158e-07,0.0,0.23298892544564181,1.7756676955802237,-2.088011484602248e-06,0.0
2.6552299125264585e-07,0.0,0.20053047423640813,1.7729562343535106,-2.088011484602248e-06,0.0
2.655235935885724e-07,0.0,0.17103313616230736,1.7700618692312398,-2.088011484602248e-06,0.0
2.6552423200462746e-07,0.0,0.1441440961532142,1.766945402528435,-2.088011484602248e-06,0.0
2.65524903965675e-07,0.0,0.12001000134552826,1.763619794915669,-2.088127899924075e-06,0.0
2.6552561777187344e-07,0.0,0.09834768594203992,1.7600450241303414,-2.088127899924075e-06,0.0
2.655263726108955e-07,0.0,0.07918778317618592,1.7562265267380404,-2.088127899924075e-06,0.0
2.655271773911517e-07,0.0,0.0622906567477716,1.7521210875914914,-2.0881861075849883e-06,0.0
2.6552803337438717e-07,0.0,0.047608636604979396,1.7477245160600934,-2.0881861075849883e-06,0.0
2.655289508347742e-07,0.0,0.034929363251420036,1.742986843258105,-2.088127899924075e-06,0.0
2.655299338108985e-07,0.0,0.024154587973540396,1.737890568600266,-2.088127899924075e-06,0.0
2.655309951412034e-07,0.0,0.015089929225424733,1.7323732280881854,-2.0881861075849883e-06,0.0
2.6553214299245507e-07,0.0,0.00760701149802099,1.7263973168950761,-2.0881861075849883e-06,0.0
2.655333948604279e-07,0.0,0.0015249874625542419,1.7198778480351924,-2.0881861075849883e-06,0.0
2.655347657066141e-07,0.0,-0.003299312825932487,1.712744469943857,-2.0881861075849883e-06,0.0
2.655362820017865e-07,0.0,-0.0070347447546807145,1.7048690451624118,-2.088215211415445e-06,0.0
2.655379718033841e-07,0.0,-0.00982756282753595,1.6961183060505478,-2.088127899924075e-06,0.0
2.655398786502859e-07,0.0,-0.011830213989311335,1.686283426763589,-2.0881570037545316e-06,0.0
2.65542056156573e-07,0.0,-0.01318076190963549,1.6751108227195515,-2.0881570037545316e-06,0.0
2.655445872358626e-07,0.0,-0.014013353307808538,1.6622080210978347,-2.0881570037545316e-06,0.0
2.655475878480364e-07,0.0,-0.014447281652493425,1.6470335515877088,-2.0881570037545316e-06,0.0
2.655512459783024e-07,0.0,-0.014587826252040397,1.6287163786020662,-2.0881861075849883e-06,0.0
2.6555586516072073e-07,0.0,-0.01451849970426784,1.6058745408224593,-2.0881861075849883e-06,0.0
2.6556200401278334e-07,0.0,-0.014293635904642684,1.576010908261538,-2.088178831627374e-06,0.0
2.6557079332053863e-07,0.0,-0.013922504418043744,1.5342158469266445,-2.088178831627374e-06,0.0
2.655851316309926e-07,0.0,-0.01332487042699933,1.4683930887284182,-2.088204297479024e-06,0.0
2.656138082519005e-07,0.0,-0.012205624981737438,1.345041678708192,-2.0881933835426025e-06,0.0
2.6564238196254087e-07,0.0,-0.011183768604183936,1.232440828545704,-2.088191564553199e-06,0.0
2.6567012948305226e-07,0.0,-0.010273514121558148,1.1321282302835687,-2.0881933835426025e-06,0.0
2.6569960446693586e-07,0.0,-0.009387486672316118,1.0344909962451905,-2.088191564553199e-06,0.0
2.6572798518204425e-07,0.0,-0.008606705238283609,0.9484486722411593,-2.088195202532006e-06,0.0
2.657573243057106e-07,0.0,-0.007867713215775287,0.8670132091356579,-2.0881933835426025e-06,0.0
2.65785778881509e-07,0.0,-0.0072116982014066985,0.7947207643470787,-2.0881933835426025e-06,0.0
2.658149840296123e-07,0.0,-0.006595194274414786,0.7267829265124909,-2.088195202532006e-06,0.0
2.658435366754676e-07,0.0,-0.006043465132689941,0.6659829013483044,-2.088191564553199e-06,0.0
2.658726575274506e-07,0.0,-0.005528258018869924,0.6092077256861284,-2.0881933835426025e-06,0.0
2.65901284464533e-07,0.0,-0.005064631416537694,0.5581165723322955,-2.088191564553199e-06,0.0
2.659303397279547e-07,0.0,-0.004633801508045422,0.5106396277122411,-2.0881933835426025e-06,0.0
2.6595902232395504e-07,0.0,-0.0042444643977564795,0.467735113829299,-2.088191564553199e-06,0.0
2.659880282451717e-07,0.0,-0.003883990341948831,0.42801129114657416,-2.088191564553199e-06,0.0
2.6601675304303803e-07,0.0,-0.003557193193373025,0.39199861639580835,-2.088191564553199e-06,0.0
2.6604572181674916e-07,0.0,-0.003255458254644651,0.35874777331090013,-2.0881933835426025e-06,0.0
2.6607447851146326e-07,0.0,-0.0029812541395899056,0.3285307927907963,-2.0881933835426025e-06,0.0
2.661034192922673e-07,0.0,-0.002728606603976333,0.30068932413961513,-2.088191564553199e-06,0.0
2.6613220008522475e-07,0.0,-0.002498594212721452,0.27534222165341915,-2.088191564553199e-06,0.0
2.6616111977009507e-07,0.0,-0.0022869976939736292,0.2520245276956687,-2.088195202532006e-06,0.0
2.6618991876308314e-07,0.0,-0.0020940946821288576,0.2307668365411612,-2.0881933835426025e-06,0.0
2.6621882254598725e-07,0.0,-0.0019168470905312808,0.2112343549176359,-2.088191564553199e-06,0.0
2.6624763528045784e-07,0.0,-0.001755091541400579,0.19340907855880246,-2.0881933835426025e-06,0.0
2.662765270743345e-07,0.0,-0.001606596741196428,0.17704512159439995,-2.0881933835426025e-06,0.0
2.6630535018187383e-07,0.0,-0.0014709753082702798,0.16209979494154775,-2.0881933835426025e-06,0.0
2.663342329354776e-07,0.0,-0.0013465563124046896,0.1483889640415222,-2.088191564553199e-06,0.0
2.66363063872185e-07,0.0,-0.001232856711896062,0.13585939823019247,-2.0881933835426025e-06,0.0
2.663919398082118e-07,0.0,-0.0011286019924014634,0.1243706474981063,-2.088195202532006e-06,0.0
2.664207766533929e-07,0.0,-0.0010332871647582436,0.11386706261080189,-2.088195202532006e-06,0.0
2.6644964744758703e-07,0.0,-0.0009459236526952896,0.10423970359902612,-2.088191564553199e-06,0.0
2.664784887513692e-07,0.0,-0.0008660248912684493,0.09543495156046983,-2.088195202532006e-06,0.0
2.665073556673113e-07,0.0,-0.0007928126760790743,0.08736704926284561,-2.0881933835426025e-06,0.0
2.665362003353915e-07,0.0,-0.0007258391654142898,0.079986645061223,-2.0881933835426025e-06,0.0
2.66565064325989e-07,0.0,-0.0006644839594308037,0.0732253716035896,-2.0881933835426025e-06,0.0
2.6659391153252724e-07,0.0,-0.0006083463926446391,0.06703907601208199,-2.0881933835426025e-06,0.0
2.6662277331646383e-07,0.0,-0.0005569266193955877,0.061372675867290664,-2.0881933835426025e-06,0.0
2.666516224382725e-07,0.0,-0.0005098728223512707,0.056187401301935946,-2.0881933835426025e-06,0.0
2.666804825576183e-07,0.0,-0.0004667787939445828,0.051438488707138394,-2.088191564553199e-06,0.0
2.667093331244624e-07,0.0,-0.0004273395437054803,0.047092328482303276,-2.088191564553199e-06,0.0
2.667381919880982e-07,0.0,-0.00039122266472309383,0.04311228976637819,-2.0881933835426025e-06,0.0
2.6676704364517236e-07,0.0,-0.000358166135153755,0.03946949805216413,-2.0881933835426025e-06,0.0
2.6679590156152703e-07,0.0,-0.00032789644334063015,0.036133812668212015,-2.088195202532006e-06,0.0
2.668247540411301e-07,0.0,-0.00030018993395775767,0.03308058705366202,-2.0881933835426025e-06,0.0
2.6685361124286706e-07,0.0,-0.00027482058608578375,0.03028491396192456,-2.0881933835426025e-06,0.0
2.668824643430234e-07,0.0,-0.00025159838849949024,0.02772585437354976,-2.088195202532006e-06,0.0
2.669113210056554e-07,0.0,-0.00023033594058054178,0.025382756954907302,-2.0881933835426025e-06,0.0
2.669401745739817e-07,0.0,-0.00021087237009671418,0.02323789377020511,-2.0881933835426025e-06,0.0
2.669690308299118e-07,0.0,-0.0001930518971935173,0.02127409805780854,-2.0881933835426025e-06,0.0
2.6699788475144157e-07,0.0,-0.00017673866682484465,0.01947639874716326,-2.0881933835426025e-06,0.0
2.6702674070055317e-07,0.0,-0.00016180292845184701,0.017830497477443894,-2.0881933835426025e-06,0.0
2.670555948885505e-07,0.0,-0.0001481301708627829,0.016323775244205658,-2.088191564553199e-06,0.0
2.670844506061958e-07,0.0,-0.00013561216040214913,0.0149443048225235,-2.088191564553199e-06,0.0
2.6711330499522346e-07,0.0,-0.00012415251263441326,0.013681464757943568,-2.0881933835426025e-06,0.0
2.671421605382476e-07,0.0,-0.00011366083875544356,0.012525294307738254,-2.0881933835426025e-06,0.0
2.6717101507893786e-07,0.0,-0.0001040560973356215,0.01146686279913344,-2.088191564553199e-06,0.0
2.671998704902256e-07,0.0,-9.526273631806485e-05,0.010497844481962035,-2.088191564553199e-06,0.0
2.6722872514533346e-07,0.0,-8.721266881746792e-05,0.009610736259412375,-2.088191564553199e-06,0.0
2.6725758045723737e-07,0.0,-7.984270230782997e-05,0.00879857438745767,-2.0881933835426025e-06,0.0
2.672864351986647e-07,0.0,-7.309566763954246e-05,0.008055058891264651,-2.0881933835426025e-06,0.0
2.673152904355914e-07,0.0,-6.691868338744369e-05,0.007374362298325707,-2.0881933835426025e-06,0.0
2.673441452421403e-07,0.0,-6.126376891622633e-05,0.006751197197549063,-2.0881933835426025e-06,0.0
2.6737300042250323e-07,0.0,-5.60866546279237e-05,0.006180685129929775,-2.0881933835426025e-06,0.0
2.6740185527818074e-07,0.0,-5.134708510805402e-05,0.005658389994874881,-2.0881933835426025e-06,0.0
2.6743071041587125e-07,0.0,-4.7007989486514445e-05,0.005180226624936485,-2.0881933835426025e-06,0.0
2.674595653086125e-07,0.0,-4.303560229873038e-05,0.004742474104578421,-2.0881933835426025e-06,0.0
2.6748842041411e-07,0.0,-3.939887406813984e-05,0.0043417108170266,-2.0881933835426025e-06,0.0
2.6751727533481314e-07,0.0,-3.606948837163649e-05,0.003974816324876959,-2.0881933835426025e-06,0.0
2.6754613041602365e-07,0.0,-3.302143480961306e-05,0.003638924311864495,-2.0881933835426025e-06,0.0
2.6757498535782164e-07,0.0,-3.0230970048593552e-05,0.00333141828982738,-2.088191564553199e-06,0.0
2.676038404207093e-07,0.0,-2.7676302265365116e-05,0.003049896824793344,-2.0881933835426025e-06,0.0
2.6763269537842187e-07,0.0,-2.5337524818909344e-05,0.0027921662277128785,-2.0881933835426025e-06,0.0
2.6766155042748674e-07,0.0,-2.3196378552026175e-05,0.002556214360364895,-2.0881933835426025e-06,0.0
2.6769040539720543e-07,0.0,-2.1236174905744915e-05,0.002340202162657951,-2.088191564553199e-06,0.0
2.6771926043584205e-07,0.0,-1.9441613629178288e-05,0.0021424435644607025,-2.0881933835426025e-06,0.0
2.6774811541461844e-07,0.0,-1.779870487524563e-05,0.0019613969006393125,-2.088191564553199e-06,0.0
2.677769704453878e-07,0.0,-1.6294627123805214e-05,0.0017956492543542888,-2.088191564553199e-06,0.0
2.678058254309975e-07,0.0,-1.4917653374286413e-05,0.0016439083235677246,-2.088191564553199e-06,0.0
2.6783468045583165e-07,0.0,-1.3657038836261896e-05,0.0015049900446749444,-2.0881933835426025e-06,0.0
2.6786353544659646e-07,0.0,-1.2502953686070719e-05,0.0013778111823635106,-2.088191564553199e-06,0.0
2.67892390466953e-07,0.0,-1.1446393217277265e-05,0.00126137942829133,-2.0881933835426025e-06,0.0
2.6792124546160696e-07,0.0,-1.047911807813793e-05,0.0011547868153307813,-2.088191564553199e-06,0.0
2.679501004785855e-07,0.0,-9.59358167243738e-06,0.0010572017172170581,-2.0881933835426025e-06,0.0
2.6797895547617346e-07,0.0,-8.782877918461498e-06,0.000967863091652499,-2.0881933835426025e-06,0.0
2.680078104906035e-07,0.0,-8.040682112693056e-06,0.0008860739635498087,-2.0881933835426025e-06,0.0
2.6803714062893203e-07,0.0,-7.350497435116538e-06,0.000810016402229843,-2.088195202532006e-06,0.0
2.6806751441353835e-07,0.0,-6.698101536658381e-06,0.0007381231211063759,-2.0881933835426025e-06,0.0
2.680987361326148e-07,0.0,-6.0877691482138376e-06,0.0006708651906309541,-2.0881933835426025e-06,0.0
2.6813104567395525e-07,0.0,-5.514632742980878e-06,0.0006077062149218912,-2.0881933835426025e-06,0.0
2.681642975013937e-07,0.0,-4.9810456328839295e-06,0.0005489055262593916,-2.0881933835426025e-06,0.0
2.6819874100730155e-07,0.0,-4.482679233102992e-06,0.0004939861195517105,-2.088195202532006e-06,0.0
2.6823428717520596e-07,0.0,-4.02055753787053e-06,0.0004430608377910556,-2.0881933835426025e-06,0.0
2.68271168511339e-07,0.0,-3.5913386726883764e-06,0.0003957614102335064,-2.0881933835426025e-06,0.0
2.6830933759286994e-07,0.0,-3.1952929874994477e-06,0.00035211762913340595,-2.0881933835426025e-06,0.0
2.6834902064644176e-07,0.0,-2.8297451799387114e-06,0.000311834679232797,-2.088191564553199e-06,0.0
2.6839021353981877e-07,0.0,-2.4944294789523706e-06,0.00027488327286580056,-2.0881933835426025e-06,0.0
2.684331471293695e-07,0.0,-2.1871265343075484e-06,0.0002410188401777631,-2.0881933835426025e-06,0.0
2.684778634361016e-07,0.0,-1.9072098741992058e-06,0.00021017234469263913,-2.0881933835426025e-06,0.0
2.685246100263837e-07,0.0,-1.6527745891254828e-06,0.00018213386756441718,-2.0881924740479008e-06,0.0
2.6857348191888845e-07,0.0,-1.422955215945854e-06,0.00015680803574572854,-2.0881942930373043e-06,0.0
2.6862475882742316e-07,0.0,-1.216063279020423e-06,0.0001340087811540382,-2.0881933835426025e-06,0.0
2.686786012100139e-07,0.0,-1.0310792687533688e-06,0.0001136237549991055,-2.0881933835426025e-06,0.0
2.6873534216042264e-07,0.0,-8.664648803214509e-07,9.548343785053254e-05,-2.0881933835426025e-06,0.0
2.6879522863934854e-07,0.0,-7.211061127616664e-07,7.946506807750182e-05,-2.0881933835426025e-06,0.0
2.6885867852041853e-07,0.0,-5.935711493655347e-07,6.54108611179831e-05,-2.0881924740479008e-06,0.0
2.689260606178287e-07,0.0,-4.826937572546247e-07,5.319229944387402e-05,-2.0881933835426025e-06,0.0
2.689979271807663e-07,0.0,-3.871212322152574e-07,4.2660316599481015e-05,-2.0881933835426025e-06,0.0
2.690748294827847e-07,0.0,-3.0566607935357837e-07,3.36840520069843e-05,-2.0881933835426025e-06,0.0
2.6915753770766847e-07,0.0,-2.3703950956676534e-07,2.61214825826964e-05,-2.0881924740479008e-06,0.0
2.69246893976027e-07,0.0,-1.8005708023637906e-07,1.9842084106079242e-05,-2.0881929287952516e-06,0.0
2.6934403728140587e-07,0.0,-1.3348851305865247e-07,1.4710281316493442e-05,-2.0881929287952516e-06,0.0
2.694440372814059e-07,0.0,-9.808345687623448e-08,1.080868465821426e-05,-2.0881933835426025e-06,0.0
2.695440372814059e-07,0.0,-7.206885665574313e-08,7.941905496377351e-06,-2.0881933835426025e-06,0.0
2.696440372814059e-07,0.0,-5.2954088946995415e-08,5.835479978172424e-06,-2.0881933835426025e-06,0.0
2.697440372814059e-07,0.0,-3.890911645246716e-08,4.287740088469223e-06,-2.0881933835426025e-06,0.0
2.698440372814059e-07,0.0,-2.858928126630473e-08,3.15050606548801e-06,-2.0881933835426025e-06,0.0
2.699440372814059e-07,0.0,-2.1006568070636276e-08,2.314899752288936e-06,-2.0881933835426025e-06,0.0
2.700440372814059e-07,0.0,-1.5435012094002475e-08,1.7009206621912373e-06,-2.0881933835426025e-06,0.0
2.7014403728140593e-07,0.0,-1.1341195646151376e-08,1.249786776385628e-06,-2.0881933835426025e-06,0.0
2.7024403728140594e-07,0.0,-8.33317900239743e-09,9.183067859356534e-07,-2.0881933835426025e-06,0.0
2.7034403728140595e-07,0.0,-6.122976311589361e-09,6.74744979727062e-07,-2.0881933835426025e-06,0.0
2.7044403728140596e-07,0.0,-4.498983989326581e-09,4.957828850224515e-07,-2.0881933835426025e-06,0.0
2.7054403728140596e-07,0.0,-3.3057219081672685e-09,3.6428676976687284e-07,-2.0881933835426025e-06,0.0
2.7064403728140597e-07,0.0,-2.428947815760267e-09,2.676672685487578e-07,-2.0881933835426025e-06,0.0
2.70744037281406e-07,0.0,-1.7847198450622158e-09,1.966740837121344e-07,-2.0881933835426025e-06,0.0
2.70844037281406e-07,0.0,-1.311359966090538e-09,1.4451036697063154e-07,-2.0881933835426025e-06,0.0
2.70944037281406e-07,0.0,-9.635489656556882e-10,1.0618199290839344e-07,-2.0881933835426025e-06,0.0
2.71044037281406e-07,0.0,-7.079876107285461e-10,7.801942417244985e-08,-2.0881933835426025e-06,0.0
2.71144037281406e-07,0.0,-5.202085984448569e-10,5.7326391994282315e-08,-2.0881933835426025e-06,0.0
2.71244037281406e-07,0.0,-3.8223406990155746e-10,4.212175690784664e-08,-2.0881933835426025e-06,0.0
2.71344037281406e-07,0.0,-2.808544200055288e-10,3.0949835551846584e-08,-2.0881933835426025e-06,0.0
2.7144403728140603e-07,0.0,-2.0636361707387942e-10,2.2741034349113347e-08,-2.0881933835426025e-06,0.0
2.7154403728140604e-07,0.0,-1.516299528160262e-10,1.6709447208571683e-08,-2.0881933835426025e-06,0.0
2.7164403728140605e-07,0.0,-1.1141325644453685e-10,1.2277613310360637e-08,-2.0881933835426025e-06,0.0
2.7174403728140605e-07,0.0,-8.186320368595313e-11,9.021231326038037e-09,-2.0881933835426025e-06,0.0
2.7184403728140606e-07,0.0,-6.015068880634288e-11,6.628537043857986e-09,-2.0881933835426025e-06,0.0
2.7194403728140607e-07,0.0,-4.419696763915645e-11,4.870455235415686e-09,-2.0881933835426025e-06,0.0
2.720440372814061e-07,0.0,-3.2474639727211e-11,3.5786681198633517e-09,-2.0881933835426025e-06,0.0
2.721440372814061e-07,0.0,-2.386141588098576e-11,2.629500712582443e-09,-2.0881933835426025e-06,0.0
2.722440372814061e-07,0.0,-1.7532670802908778e-11,1.9320802504970763e-09,-2.0881933835426025e-06,0.0
2.723440372814061e-07,0.0,-1.2882493941559031e-11,1.4196360839525204e-09,-2.0881933835426025e-06,0.0
2.724440372814061e-07,0.0,-9.465679929462612e-12,1.0431070916135645e-09,-2.0881933835426025e-06,0.0
2.725440372814061e-07,0.0,-6.955104884913726e-12,7.664445958186294e-10,-2.0881933835426025e-06,0.0
2.726440372814061e-07,0.0,-5.11040773729929e-12,5.631610821002779e-10,-2.0881933835426025e-06,0.0
2.7274403728140613e-07,0.0,-3.754978203738899e-12,4.137942991869101e-10,-2.0881933835426025e-06,0.0
2.7284403728140614e-07,0.0,-2.7590482074124707e-12,3.040439538204663e-10,-2.0881933835426025e-06,0.0
2.7294403728140614e-07,0.0,-2.027267962732951e-12,2.234026085821665e-10,-2.0881933835426025e-06,0.0
2.7304403728140615e-07,0.0,-1.4895772318157891e-12,1.6414970564020838e-10,-2.0881933835426025e-06,0.0
2.7314403728140616e-07,0.0,-1.0944978025869502e-12,1.2061240480931108e-10,-2.0881933835426025e-06,0.0
2.7324403728140617e-07,0.0,-8.042049876345038e-13,8.862246896604218e-11,-2.0881933835426025e-06,0.0
2.733440372814062e-07,0.0,-5.909063142617447e-13,6.51171993299921e-11,-2.0881933835426025e-06,0.0
2.734440372814062e-07,0.0,-4.341806845022493e-13,4.7846214374893634e-11,-2.0881933835426025e-06,0.0
2.735440372814062e-07,0.0,-3.190232738830111e-13,3.5155999544870915e-11,-2.0881933835426025e-06,0.0
2.736440372814062e-07,0.0,-2.3440897493868263e-13,2.5831600684533606e-11,-2.0881933835426025e-06,0.0
2.737440372814062e-07,0.0,-1.7223686196000877e-13,1.8980304999538088e-11,-2.0881933835426025e-06,0.0
2.738440372814062e-07,0.0,-1.2655461076925034e-13,1.3946173226932103e-11,-2.0881933835426025e-06,0.0
2.739440372814062e-07,0.0,-9.298862825098793e-14,1.0247240372605195e-11,-2.0881933835426025e-06,0.0
2.740440372814062e-07,0.0,-6.832532547319525e-14,7.529372649061168e-12,-2.0881933835426025e-06,0.0
2.7414403728140623e-07,0.0,-5.020345172264179e-14,5.532362902308776e-12,-2.0881933835426025e-06,0.0
2.7424403728140624e-07,0.0,-3.6888028594737644e-14,4.0650185227120745e-12,-2.0881933835426025e-06,0.0
2.7434403728140625e-07,0.0,-2.7104245028418344e-14,2.98685677020585e-12,-2.0881933835426025e-06,0.0
2.7444403728140626e-07,0.0,-1.9915406829276763e-14,2.194655034380929e-12,-2.0881933835426025e-06,0.0
2.7454403728140626e-07,0.0,-1.4633258738057e-14,1.6125683588112982e-12,-2.0881933835426025e-06,0.0
2.7464403728140627e-07,0.0,-1.0752090698796466e-14,1.1848680868297917e-12,-2.0881933835426025e-06,0.0
2.747440372814063e-07,0.0,-7.900321926917591e-15,8.706064307396211e-13,-2.0881933835426025e-06,0.0
2.748440372814063e-07,0.0,-5.8049255722683966e-15,6.396961532424595e-13,-2.0881933835426025e-06,0.0
2.749440372814063e-07,0.0,-4.265289616775114e-15,4.700300319695697e-13,-2.0881933835426025e-06,0.0
2.750440372814063e-07,0.0,-3.134010104617521e-15,3.4536432622476275e-13,-2.0881933835426025e-06,0.0
2.751440372814063e-07,0.0,-2.30277901149059e-15,2.5376361022928465e-13,-2.0881933835426025e-06,0.0
2.752440372814063e-07,0.0,-1.6920146885773777e-15,1.8645808205051658e-13,-2.0881933835426025e-06,0.0
2.753440372814063e-07,0.0,-1.2432429338023501e-15,1.3700394761322538e-13,-2.0881933835426025e-06,0.0
2.7544403728140633e-07,0.0,-9.134985562343283e-16,1.0066649541368757e-13,-2.0881933835426025e-06,0.0
2.7554403728140634e-07,0.0,-6.712120377560491e-16,7.396679785824473e-14,-2.0881933835426025e-06,0.0
2.7564403728140635e-07,0.0,-4.931869786087087e-16,5.434864065655339e-14,-2.0881933835426025e-06,0.0
2.7574403728140635e-07,0.0,-3.6237937696417333e-16,3.993379227909554e-14,-2.0881933835426025e-06,0.0
2.7584403728140636e-07,0.0,-2.6626576924876446e-16,2.934218310746343e-14,-2.0881933835426025e-06,0.0
2.7594403728140637e-07,0.0,-1.9564430539924825e-16,2.155977833251936e-14,-2.0881933835426025e-06,0.0
2.760440372814064e-07,0.0,-1.4375371393692916e-16,1.5841494821417398e-14,-2.0881933835426025e-06,0.0
2.761440372814064e-07,0.0,-1.0562602810502601e-16,1.163986727077571e-14,-2.0881933835426025e-06,0.0
2.762440372814064e-07,0.0,-7.76109160259026e-17,8.552634180554345e-15,-2.0881933835426025e-06,0.0
2.763440372814064e-07,0.0,-5.702623339087207e-17,6.2842255607483615e-15,-2.0881933835426025e-06,0.0
2.764440372814064e-07,0.0,-4.1901208089893044e-17,4.617465223514481e-15,-2.0881933835426025e-06,0.0
2.765440372814064e-07,0.0,-3.078778361939165e-17,3.3927784552594467e-15,-2.0881933835426025e-06,0.0
2.766440372814064e-07,0.0,-2.262196257110233e-17,2.492914421481895e-15,-2.0881933835426025e-06,0.0
2.7674403728140643e-07,0.0,-1.6621957387742028e-17,1.831720636886811e-15,-2.0881933835426025e-06,0.0
2.7684403728140644e-07,0.0,-1.2213327804663305e-17,1.3458947738649648e-15,-2.0881933835426025e-06,0.0
2.7694403728140644e-07,0.0,-8.973996676278298e-18,9.889241327845866e-16,-2.0881933835426025e-06,0.0
2.7704403728140645e-07,0.0,-6.5938300137402016e-18,7.266325416978512e-16,-2.0881933835426025e-06,0.0
2.7714403728140646e-07,0.0,-4.844953855301138e-18,5.339083486367008e-16,-2.0881933835426025e-06,0.0
2.7724403728140647e-07,0.0,-3.559930170694661e-18,3.923002458341485e-16,-2.0881933835426025e-06,0.0
2.773440372814065e-07,0.0,-2.6157328532235354e-18,2.882507517956992e-16,-2.0881933835426025e-06,0.0
2.774440372814065e-07,0.0,-1.9219638282560717e-18,2.1179822544400468e-16,-2.0881933835426025e-06,0.0
2.775440372814065e-07,0.0,-1.412203003632274e-18,1.5562314416507076e-16,-2.0881933835426025e-06,0.0
2.776440372814065e-07,0.0,-1.0376453365330445e-18,1.143473367084514e-16,-2.0881933835426025e-06,0.0
2.777440372814065e-07,0.0,-7.624315807623498e-19,8.401908008553058e-17,-2.0881933835426025e-06,0.0
2.778440372814065e-07,0.0,-5.602123317589525e-19,6.173476375874344e-17,-2.0881933835426025e-06,0.0
2.779440372814065e-07,0.0,-4.116277319819535e-19,4.5360899603318733e-17,-2.0881933835426025e-06,0.0
2.7804403728140653e-07,0.0,-3.024519486828822e-19,3.332986290762106e-17,-2.0881933835426025e-06,0.0
2.7814403728140653e-07,0.0,-2.222329132452428e-19,2.44898088711513e-17,-2.0881933835426025e-06,0.0
2.7824403728140654e-07,0.0,-1.632901938701962e-19,1.799439560149103e-17,-2.0881933835426025e-06,0.0
2.7834403728140655e-07,0.0,-1.1998090632774641e-19,1.3221755824756816e-17,-2.0881933835426025e-06,0.0
2.7844403728140656e-07,0.0,-8.81584236503054e-20,9.714959643244751e-18,-2.0881933835426025e-06,0.0
2.7854403728140656e-07,0.0,-6.477626520263575e-20,7.138268330699691e-18,-2.0881933835426025e-06,0.0
2.7864403728140657e-07,0.0,-4.75956781335896e-20,5.244990882708164e-18,-2.0881933835426025e-06,0.0
2.787440372814066e-07,0.0,-3.497193641804197e-20,3.853865964291326e-18,-2.0881933835426025e-06,0.0
2.788440372814066e-07,0.0,-2.5696336489702026e-20,2.8317080430425887e-18,-2.0881933835426025e-06,0.0
2.789440372814066e-07,0.0,-1.8880933771483767e-20,2.080656285628592e-18,-2.0881933835426025e-06,0.0
2.790440372814066e-07,0.0,-1.3873143785166665e-20,1.5288054107846656e-18,-2.0881933835426025e-06,0.0
2.791440372814066e-07,0.0,-1.0193592655485743e-20,1.1233215215728258e-18,-2.0881933835426025e-06,0.0
2.792440372814066e-07,0.0,-7.489943547212657e-21,8.253838137638321e-19,-2.0881933835426025e-06,0.0
2.793440372814066e-07,0.0,-5.5034003068458476e-21,6.064678964767633e-19,-2.0881933835426025e-06,0.0
2.7944403728140663e-07,0.0,-4.043730231011724e-21,4.45614880227897e-19,-2.0881933835426025e-06,0.0
2.7954403728140664e-07,0.0,-2.9712210493125026e-21,3.2742478657840776e-19,-2.0881933835426025e-06,0.0
2.7964403728140665e-07,0.0,-2.183161028126042e-21,2.4058216088969008e-19,-2.0881933835426025e-06,0.0
2.7974403728140665e-07,0.0,-1.6041274226326607e-21,1.7677273849098752e-19,-2.0881933835426025e-06,0.0
2.7984403728140666e-07,0.0,-1.1786620985713739e-21,1.29887440266885e-19,-2.0881933835426025e-06,0.0
2.7994403728140667e-07,0.0,-8.660497034362174e-22,9.543749390691424e-20,-2.0881933835426025e-06,0.0
2.7999999999999997e-07,0.0,-7.295268705007056e-22,8.039316861929535e-20,-2.0881933835426025e-06,0.0
2.800000013192721e-07,2.1767989311692216e-06,-7.295239279451545e-22,8.039284430874893e-20,-2.0980232022793643e-06,-0.007424999663909074
2.8000000395781636e-07,6.53039696820821e-06,-7.29518042904786e-22,8.039219569027265e-20,-2.0980232022793643e-06,-0.007425000264181092
2.8000000923490495e-07,1.523759312963646e-05,-7.295062729055486e-22,8.039089846901945e-20,-2.112924363473212e-06,-0.007424999826003911
2.8000001978908206e-07,3.265198536514269e-05,-7.294827335164835e-22,8.038830408930901e-20,-2.0905726216824405e-06,-0.007425000215934121
2.800000408974363e-07,6.748076983615515e-05,-7.294356569541959e-22,8.038311558106164e-20,-2.0905726216824405e-06,-0.007424999878484621
2.8000008311414473e-07,0.00013713833877818004,-7.293415128639852e-22,8.03727395691802e-20,-2.0905726216824405e-06,-0.007425000320895544
2.800001675475617e-07,0.00027645347674958015,-7.291532607411241e-22,8.035199156322155e-20,-2.0887099765332096e-06,-0.0074250000977184
2.8000033641439554e-07,0.00055508375260503,-7.287769007387657e-22,8.031051161733677e-20,-2.0891756378205173e-06,-0.00742500073608577
2.800006741480633e-07,0.0011123443044032803,-7.280247576180207e-22,8.022761594824315e-20,-2.0884771458895557e-06,-0.007425000939737525
2.8000134961539875e-07,0.0022268654079124297,-7.265227781546391e-22,8.006208116950874e-20,-2.088244315245902e-06,-0.00742500241430466
2.8000270055006973e-07,0.00445590761501808,-7.23528037401448e-22,7.973203520595247e-20,-2.088244315245902e-06,-0.007425004299084992
2.800054024194116e-07,0.00891399202914203,-7.175753245266929e-22,7.907601660077641e-20,-2.0881861075849883e-06,-0.0074250091315445355
2.800108061580954e-07,0.017830160857389928,-7.058158446964443e-22,7.778010579726466e-20,-2.0882006595002167e-06,-0.0074250177341461665
2.8002161363546303e-07,0.03566249851397308,-6.828698909399178e-22,7.525147915997013e-20,-6.015078696464116e-06,-0.007425036001737162
2.800432285901983e-07,0.07132717382713938,-6.3917993696614065e-22,7.043689776618788e-20,-8.436048605631186e-05,-0.007425071474383316
2.8008645849966874e-07,0.14265652445338461,-5.599259498098429e-22,6.170319832615558e-20,-0.000542555022803981,-0.007425143482192809
2.8017291831860964e-07,0.2853152257058751,-4.291778177665303e-22,4.729490444286372e-20,-0.0026649592345222572,-0.007425286435317702
2.8027291831860965e-07,0.45031522570588756,-3.153473173230039e-22,3.475091312433517e-20,-0.0071252249634596865,-0.007425452539656874
2.8037291831860966e-07,0.6153152257058999,-2.317079864222167e-22,2.5533955025333126e-20,-0.01373660180445313,-0.00742561793565244
2.8047291831860966e-07,0.7803152257059124,-1.7025225719127716e-22,1.8761603670822626e-20,-0.022499089756564672,-0.007425784039980954
2.8048078014176944e-07,0.7932872339195517,-1.662080209277267e-22,1.8315933621430163e-20,-0.023279187139792157,-0.007425796716788113
2.80496503788089e-07,0.8192312503468302,-1.5840437305698912e-22,1.745598056489381e-20,-0.024879268911661256,-0.007425823132933829
2.805279510807282e-07,0.8711192832014748,-1.4387103500696418e-22,1.5854423348228066e-20,-0.02823898011868664,-0.007425874902722285
2.8053206886090853e-07,0.8779136204990489,-1.42070837258579e-22,1.5656043617743178e-20,-0.028694659778011555,-0.00742588208210293
2.8054030442126923e-07,0.8915022950941971,-1.3853759697700355e-22,1.5266684583925743e-20,-0.029616961438392764,-0.0074258953784038795
2.8054240771183764e-07,0.8949727245320752,-1.3764945604051356e-22,1.51688124695002e-20,-0.029854848090764108,-0.007425899218816312
2.8054390107461504e-07,0.8974367731147822,-1.3702232447218223e-22,1.5099703288632776e-20,-0.030024328360838126,-0.007425901340070595
2.8054490570167347e-07,0.8990944077611869,-1.3660204426116751e-22,1.5053388890536113e-20,-0.030138612362918593,-0.0074259033586372425
2.8054573692687443e-07,0.9004659293427778,-1.3625528057080473e-22,1.5015175928841127e-20,-0.03016881178444919,-0.0074259043837230365
2.805466037433453e-07,0.9018961765196833,-1.3589460675739457e-22,1.4975430087521254e-20,-0.030070210619186355,-0.007425906172514374
2.80547189768139e-07,0.9028631174293235,-1.3565130874387172e-22,1.4948618924961318e-20,-0.030003534090013773,-0.007425906791553416
2.8054801208251556e-07,0.9042199361506479,-1.3531064532824664e-22,1.4911078206564422e-20,-0.029910252353715805,-0.0074259085069599
2.8054965671126874e-07,0.9069335735933841,-1.3463188181968283e-22,1.4836279244992803e-20,-0.029723768846281473,-0.007425910880996867
2.805529459687751e-07,0.9123608484788565,-1.3328454396155899e-22,1.4687804155512486e-20,-0.02935327471044502,-0.0074259166848804625
2.805595244837877e-07,0.9232153982497139,-1.3063011757647284e-22,1.4395289406760014e-20,-0.02861868653997135,-0.0074259272367385165
2.80572681513813e-07,0.9449244977914288,-1.254782937222519e-22,1.3827564316021624e-20,-0.02717743823922092,-0.007425949396576925
2.8059899557386357e-07,0.9883426968748584,-1.1577239573556586e-22,1.275798546955896e-20,-0.024406653576562576,-0.007425992660117231
2.8065162369396475e-07,1.0751790950418052,-9.852902355142132e-23,1.085778559571461e-20,-0.019311932275826393,-0.007426080243376987
2.8075162369396476e-07,1.2401790950418177,-7.239624602251098e-23,7.977983429793138e-21,-0.011272925838653691,-0.007426245641440232
2.8085162369396476e-07,1.40517909504183,-5.319464508257836e-23,5.861988988912694e-21,-0.005385030512599087,-0.007426411743722383
2.8095162369396477e-07,1.5701790950418424,-3.908587006820968e-23,4.307218134573722e-21,-0.0016482462976625811,-0.0074265771417856286
2.810516236939648e-07,1.7351790950418549,-2.8719154655831504e-23,3.1648179643274735e-21,-6.257319384417315e-05,-0.007426743243996725
2.811516236939648e-07,1.9001790950418673,-2.110199524038793e-23,2.325415717149688e-21,-2.0881933835426025e-06,-0.007426908642145236
2.812516236939648e-07,2.0651790950418794,-1.55051291885711e-23,1.708647485738064e-21,-2.0881933835426025e-06,-0.007427074744384754
2.813516236939648e-07,2.2301790950418923,-1.1392715637345711e-23,1.2554642204351635e-21,-2.0881933835426025e-06,-0.007427240142476421
2.814516236939648e-07,2.3951790950419043,-8.371034385772278e-24,9.22478405843921e-22,-2.0881933835426025e-06,-0.007427406244687518
2.815516236939648e-07,2.5601790950419168,-6.1507913405745625e-24,6.778101640788961e-22,-2.0881933835426025e-06,-0.007427571642836028
2.816516236939648e-07,2.7251790950419292,-4.5194216594746516e-24,4.980350928739171e-22,-2.0881933835426025e-06,-0.007427737745047125
2.8175162369396483e-07,2.8901790950419413,-3.32073891068361e-24,3.6594162625312855e-22,-2.0881933835426025e-06,-0.007427903143138792
2.8185162369396484e-07,3.055179095041954,-2.4399818702027733e-24,2.6888320871534645e-22,-2.0881933835426025e-06,-0.007428069245406732
2.8195162369396485e-07,3.2201790950419666,-1.7928273456758507e-24,1.9756752099869222e-22,-2.0881933835426025e-06,-0.007428234643384712
2.82e-07,3.299999999999986,-1.5458874170811644e-24,1.7035502357355532e-22,-2.0881942930373043e-06,-0.007428315179367928
2.8200023350522414e-07,3.3000000000000003,-1.5447844214913951e-24,1.7023347472233136e-22,-2.088127899924075e-06,-3.3150035960716195e-06
2.820007005156724e-07,3.3000000000000003,-1.5425800042940118e-24,1.699905504708675e-22,-2.088127899924075e-06,-3.315003027637431e-06
2.8200163453656896e-07,3.3000000000000003,-1.5381806003228336e-24,1.695057411898086e-22,-2.0881861075849883e-06,-3.3150035960716195e-06
2.820035025783621e-07,3.3000000000000003,-1.5294193797885816e-24,1.6854026471707961e-22,-2.0881570037545316e-06,-3.31500308448085e-06
2.8200723866194837e-07,3.3000000000000003,-1.5120462209355483e-24,1.6662576250091598e-22,-2.0881861075849883e-06,-3.3150035960716195e-06
2.8201471082912086e-07,3.3000000000000003,-1.4778886012581968e-24,1.628616319173502e-22,-2.088178831627374e-06,-3.3150031413242687e-06
2.820296551634659e-07,3.3000000000000003,-1.4118624022857114e-24,1.5558562037984838e-22,-2.088204297479024e-06,-3.3150035960716195e-06
2.8205954383215593e-07,3.3000000000000003,-1.2884660121053728e-24,1.4198747945070864e-22,-2.0881933835426025e-06,-3.315003027637431e-06
2.82119321169536e-07,3.3000000000000003,-1.0726729798448853e-24,1.1820733434338502e-22,-2.0881933835426025e-06,-3.3150035960716195e-06
2.82219321169536e-07,3.3000000000000003,-7.881687461358933e-25,8.685529349960202e-23,-2.0881933835426025e-06,-3.31500308448085e-06
2.82319321169536e-07,3.3000000000000003,-5.79123352650991e-25,6.381873046039269e-23,-2.0881933835426025e-06,-3.3150035960716195e-06
2.82419321169536e-07,3.3000000000000003,-4.255229089324675e-25,4.6892137410080994e-23,-2.0881933835426025e-06,-3.31500308448085e-06
2.82519321169536e-07,3.3000000000000003,-3.1266179337732145e-25,3.4454971683439956e-23,-2.0881933835426025e-06,-3.3150035960716195e-06
2.82619321169536e-07,3.3000000000000003,-2.2973474514697606e-25,2.5316505906413082e-23,-2.0881933835426025e-06,-3.31500308448085e-06
2.8271932116953603e-07,3.3000000000000003,-1.6880237446898223e-25,1.860182841530228e-23,-2.0881933835426025e-06,-3.3150035960716195e-06
2.8281932116953604e-07,3.3000000000000003,-1.2403104984441793e-25,1.3668079697549916e-23,-2.0881933835426025e-06,-3.31500308448085e-06
2.8291932116953605e-07,3.3000000000000003,-9.113438939429561e-26,1.004290537724221e-23,-2.0881933835426025e-06,-3.3150035960716195e-06
2.8301932116953605e-07,3.3000000000000003,-6.696288502492641e-26,7.379233268175941e-24,-2.0881933835426025e-06,-3.31500308448085e-06
2.8311932116953606e-07,3.3000000000000003,-4.9202370265221895e-26,5.4220448745388325e-24,-2.0881933835426025e-06,-3.3150035960716195e-06
2.8321932116953607e-07,3.3000000000000003,-3.6152463245985413e-26,3.983960061040296e-24,-2.0881933835426025e-06,-3.31500308448085e-06
2.833193211695361e-07,3.3000000000000003,-2.656377308067697e-26,2.9272973823024993e-24,-2.0881933835426025e-06,-3.3150035960716195e-06
2.834193211695361e-07,3.3000000000000003,-1.9518283871217857e-26,2.150892537360803e-24,-2.0881933835426025e-06,-3.31500308448085e-06
2.835193211695361e-07,3.3000000000000003,-1.4341464374136606e-26,1.580412955391466e-24,-2.0881933835426025e-06,-3.3150035960716195e-06
2.836193211695361e-07,3.3000000000000003,-1.0537688751255742e-26,1.1612412364561597e-24,-2.0881933835426025e-06,-3.31500308448085e-06
2.837193211695361e-07,3.3000000000000003,-7.742785626499205e-27,8.532461118127286e-25,-2.0881933835426025e-06,-3.3150035960716195e-06
2.838193211695361e-07,3.3000000000000003,-5.689172519007874e-27,6.269402984218123e-25,-2.0881933835426025e-06,-3.31500308448085e-06
2.839193211695361e-07,3.3000000000000003,-4.1802376447726036e-27,4.606574027629432e-25,-2.0881933835426025e-06,-3.3150035960716195e-06
2.8401932116953613e-07,3.3000000000000003,-3.0715164126642473e-27,3.384775922914532e-25,-2.0881933835426025e-06,-3.31500308448085e-06
2.8411932116953614e-07,3.3000000000000003,-2.256860464659167e-27,2.4870343946773875e-25,-2.0881933835426025e-06,-3.3150035960716195e-06
2.8421932116953614e-07,3.3000000000000003,-1.658275090400833e-27,1.8274001650845748e-25,-2.0881933835426025e-06,-3.31500308448085e-06
2.8431932116953615e-07,3.3000000000000003,-1.2184520569810774e-27,1.3427202174999735e-25,-2.0881933835426025e-06,-3.3150035960716195e-06
2.8441932116953616e-07,3.3000000000000003,-8.952829501756774e-28,9.865915615695112e-26,-2.0881933835426025e-06,-3.31500308448085e-06
2.8451932116953617e-07,3.3000000000000003,-6.578277383161722e-28,7.24918636566361e-26,-2.0881933835426025e-06,-3.3150035960716195e-06
2.845231159048779e-07,3.3000000000000003,-1.8750425654865545e-15,-1.0719112267285298e-17,-2.088186107640246e-06,-3.31500308448085e-06
2.845307053755614e-07,3.3000000000000003,1.3481939252434533e-15,-1.6464855417450682e-17,-2.0881715557111147e-06,-3.3150035960716195e-06
2.845308553947674e-07,3.3000000000000003,-8.90638945439487e-15,-1.8175226082175e-17,-2.0887099766879464e-06,-3.3150031413242687e-06
2.8453088486306045e-07,3.3000000000000003,-9.388260648291929e-15,-1.8990463265123592e-17,-2.088709976695703e-06,-3.3150035960716195e-06
2.845309437996466e-07,3.3000000000000003,1.6069269313445626e-15,-1.9681887156877023e-17,-2.0877786540078867e-06,-3.3150031413242687e-06
2.845309467582398e-07,3.3000000000000003,-9.454658167815465e-15,-1.9716891506967288e-17,-2.083122041251116e-06,-3.3150048466268345e-06
2.8453095267542633e-07,3.3000000000000003,1.6153728707420982e-15,-1.9786823544834423e-17,-2.098023202328916e-06,-3.315003027637431e-06
2.8453096450979935e-07,3.3000000000000003,1.610737526730442e-15,-1.9728268044564512e-17,-2.0831220411349262e-06,-3.3150039371321327e-06
2.845309651038802e-07,3.3000000000000003,-9.465054363312238e-15,-1.9735304232205896e-17,-2.0384185576697465e-06,-3.315010303595045e-06
2.8453096629204185e-07,3.3000000000000003,1.6124362309788426e-15,-1.974937351140991e-17,-2.098023202328826e-06,-3.315006665616238e-06
2.845309686683652e-07,3.3000000000000003,1.6115060867642304e-15,-1.9737623567136718e-17,-2.0682208799411023e-06,-3.3150048466268345e-06
2.8453097342101185e-07,3.3000000000000003,1.6096474075475828e-15,-1.9714144014538422e-17,-2.0831220411348928e-06,-3.3150039371321327e-06
2.8453098292630516e-07,3.3000000000000003,1.605936476676815e-15,-1.9667266135926103e-17,-2.083122041134779e-06,-3.315003482384782e-06
2.8453098340346714e-07,3.3000000000000003,-9.469966294523402e-15,-1.9672922443960213e-17,-2.0384185576695958e-06,-3.315003027637431e-06
2.8453098435779105e-07,3.3000000000000003,1.6073026242084529e-15,-1.9684233060120556e-17,-2.0980232023286684e-06,-3.315010303595045e-06
2.845309844522934e-07,3.3000000000000003,-9.471622223031306e-15,-1.9685353620380398e-17,-1.7999999785680917e-06,-3.3150175795526593e-06
2.845309845098169e-07,3.3000000000000003,-9.471489980778375e-15,-1.968700128818034e-17,-8.463256621618457e-07,-3.3150175795526593e-06
2.8453098453653633e-07,3.3000000000000003,-9.471428549283509e-15,-1.9687766535326658e-17,1.0734865424440234e-07,-3.3151339948744862e-06
2.845309845557208e-07,3.3000000000000003,-9.471384437488267e-15,-1.9688315982035195e-17,2.014697287056901e-06,-3.3151339948744862e-06
2.845309845707299e-07,3.3000000000000003,-9.471349930345614e-15,-1.9688745857685855e-17,-1.7999999785681002e-06,-3.3151339948744862e-06
2.8453098458383127e-07,3.3000000000000003,0.45312532813019624,8.994803523290469e-09,-0.013733323402708806,-3.31536682551814e-06
2.845309845972789e-07,3.3000000000000003,0.45312981330825974,2.7459973157463366e-08,-0.013729644064750107,-3.3149011642308324e-06
2.845309846069751e-07,3.3000000000000003,0.45313304724837605,4.077404105290363e-08,-0.013733556359976591,-3.31536682551814e-06
2.8453098462027396e-07,3.3000000000000003,0.4531374827552945,5.903514182450349e-08,-0.013733690220350255,-3.31536682551814e-06
2.845309846468716e-07,3.3000000000000003,0.453146353726201,9.555787740370673e-08,-0.013733957939765293,-3.3151339948744862e-06
2.8453098470006684e-07,3.3000000000000003,0.4531640954943272,1.6860548468845282e-07,-0.013734493373286347,-3.3150175795526593e-06
2.845309848064574e-07,3.3000000000000003,0.45319957833805297,3.147092436219506e-07,-0.013736041056228368,-3.3150175795526593e-06
2.845309850192385e-07,3.3000000000000003,0.4532705412542174,6.06950937814477e-07,-0.013737944244199446,-3.3150175795526593e-06
2.845309854448007e-07,3.3000000000000003,0.4534124560021041,1.1915710224574226e-06,-0.013742227117252275,-3.315003027637431e-06
2.8453098629592515e-07,3.3000000000000003,0.4536962411649468,2.361357904428301e-06,-0.01375085110799918,-3.315010303595045e-06
2.84530987998174e-07,3.3000000000000003,0.45426363420902727,4.703117940480753e-06,-0.013767944639242555,-3.315006665616238e-06
2.845309914026717e-07,3.3000000000000003,0.45539771153502584,9.395378474158744e-06,-0.013802184464353436,-3.3150048466268345e-06
2.8453099821166706e-07,3.3000000000000003,0.4576630340915611,1.8814824407503706e-05,-0.01387054742999067,-3.315003027637431e-06
2.8453101182965785e-07,3.3000000000000003,0.4621823743716769,3.779312044940435e-05,-0.014006930280204702,-3.3150039371321327e-06
2.8453103906563937e-07,3.3000000000000003,0.47117602331373903,7.630497575148769e-05,-0.014278307064363246,-3.3150032550111064e-06
2.845310935376024e-07,3.3000000000000003,0.4889846852325874,0.0001555310516139701,-0.014815581435988703,-3.3150035960716195e-06
2.845312024815285e-07,3.3000000000000003,0.5238992128497748,0.0003226453760262592,-0.01586856873417102,-3.315003027637431e-06
2.845313516086759e-07,3.3000000000000003,0.5702096417926085,0.0005696579000243743,-0.01726447661390361,-3.3150036529150384e-06
2.8453149573782646e-07,3.3000000000000003,0.6133897924824468,0.0008278242078471262,-0.01856518598749722,-3.3150031413242687e-06
2.845316467228825e-07,3.3000000000000003,0.6570201745153792,0.0011180047062482076,-0.019878568592697956,-3.3150036529150384e-06
2.8453179966378683e-07,3.3000000000000003,0.6996023925010856,0.0014317821540373817,-0.021159473009438132,-3.31500308448085e-06
2.845319764870751e-07,3.3000000000000003,0.7468895961404021,0.0018184469324069948,-0.022580749212673615,-3.3150035960716195e-06
2.845321628539378e-07,3.3000000000000003,0.7945635201274657,0.0022525637198993224,-0.02401230619574073,-3.315003027637431e-06
2.8453237290362877e-07,3.3000000000000003,0.8457546491962629,0.0027730072122972814,-0.025547832241766235,-3.3150035960716195e-06
2.845325944153061e-07,3.3000000000000003,0.8969636467124888,0.0033558478786598115,-0.02708200941594384,-3.315003027637431e-06
2.8453284026095036e-07,3.3000000000000003,0.9506428477042187,0.004041313710500116,-0.028687933857631975,-3.3150037097584573e-06
2.8453310065107086e-07,3.3000000000000003,1.0040845919669106,0.0048090215494010465,-0.030284170221350246,-3.3150031413242687e-06
2.8453338699997827e-07,3.3000000000000003,1.0590552952635193,0.005699580224947633,-0.031923017453374496,-3.3150035960716195e-06
2.845336914923073e-07,3.3000000000000003,1.1134345630254447,0.006696144003471279,-0.033540729529121564,-3.31500308448085e-06
2.845340244293068e-07,3.3000000000000003,1.1684372968027672,0.007839901553194162,-0.03517287472065266,-3.3150035960716195e-06
2.845343798235689e-07,3.3000000000000003,1.2224105554100948,0.00911818458605981,-0.03676974613559681,-3.31500308448085e-06
2.8453476725061365e-07,3.3000000000000003,1.2761420128985197,0.01057330249984395,-0.03835393113658363,-3.3150035960716195e-06
2.845351735255367e-07,3.3000000000000003,1.3272735549223316,0.012161886927437686,-0.039855284129916374,-3.31500308448085e-06
2.8453560325464935e-07,3.3000000000000003,1.3760997963642534,0.013905093731822771,-0.04128209158153302,-3.3150035960716195e-06
2.8453605173249636e-07,3.3000000000000003,1.4218641681729476,0.01578616794659248,-0.04261193424276783,-3.31500308448085e-06
2.845365256723662e-07,3.3000000000000003,1.4650658732194575,0.01783510247328217,-0.04385903109664656,-3.3150035960716195e-06
2.8453702153360865e-07,3.3000000000000003,1.5052071618746592,0.02003822877698523,-0.04500871252133197,-3.31500308448085e-06
2.845375452303843e-07,3.3000000000000003,1.5426293239200928,0.022422933877456794,-0.04607049106310863,-3.3150036529150384e-06
2.8453809425749553e-07,3.3000000000000003,1.5770336939736551,0.024978623021176257,-0.04703563689378363,-3.315003027637431e-06
2.8453867436130565e-07,3.3000000000000003,1.608693132505956,0.027732372143681027,-0.04791159865179672,-3.3150035960716195e-06
2.845392842010069e-07,3.3000000000000003,1.637462738464154,0.03067784768233274,-0.04869417671167102,-3.315003027637431e-06
2.845399296307934e-07,3.3000000000000003,1.6635731947125203,0.03384291328347703,-0.0493895176902421,-3.3150035960716195e-06
2.845406105536365e-07,3.3000000000000003,1.6869885472885906,0.03722636984230217,-0.04999656825767677,-3.31500308448085e-06
2.845413332868676e-07,3.3000000000000003,1.707915085826632,0.04085845344142731,-0.05052066375093512,-3.3150036529150384e-06
2.845420992132376e-07,3.3000000000000003,1.7263932748915822,0.04474460752382921,-0.05096286510739082,-3.31500308448085e-06
2.8454291561327686e-07,3.3000000000000003,1.7426157868291512,0.048919806770227364,-0.051327951469689444,-3.3150036529150384e-06
2.845437858017645e-07,3.3000000000000003,1.756674838602668,0.053398603912884195,-0.05161827621690906,-3.315003027637431e-06
2.8454471878171325e-07,3.3000000000000003,1.768755037426847,0.05822438175770575,-0.051838119235936134,-3.3150035960716195e-06
2.8454572063146304e-07,3.3000000000000003,1.778981645931163,0.06342502521314863,-0.051990431375512215,-3.31500308448085e-06
2.8454680333656747e-07,3.3000000000000003,1.7875332050484893,0.06905842419385595,-0.05207886908033294,-3.3150035960716195e-06
2.845479772912727e-07,3.3000000000000003,1.7945536857029223,0.07517340317513298,-0.05210631554548252,-3.31500308448085e-06
2.845492597408054e-07,3.3000000000000003,1.8002150994255166,0.08185329821849824,-0.052075458136555855,-3.3150035960716195e-06
2.84550668442901e-07,3.3000000000000003,1.8046688225105407,0.08918249375905746,-0.05198832703220729,-3.31500308448085e-06
2.84552231042479e-07,3.3000000000000003,1.8080791609562654,0.09729444782587902,-0.05184585724192168,-3.3150035960716195e-06
2.8455397934563844e-07,3.3000000000000003,1.810594391446686,0.10634069395156326,-0.05164795022152325,-3.31500308448085e-06
2.845559605112421e-07,3.3000000000000003,1.8123641502972812,0.11654691151073007,-0.05139230166920613,-3.3150035960716195e-06
2.845582358197236e-07,3.3000000000000003,1.8135260102930075,0.1282031792049655,-0.05107429053476425,-3.31500308448085e-06
2.8456089830874783e-07,3.3000000000000003,1.8142105428993642,0.14174873186464107,-0.050684563309777254,-3.3150035392282007e-06
2.84564083216319e-07,3.3000000000000003,1.8145334334509384,0.1578140868265005,-0.05020751928575581,-3.31500308448085e-06
2.8456801086278156e-07,3.3000000000000003,1.8145938487920545,0.17741600146569644,-0.04961535270075852,-3.3150035960716195e-06
2.8457305088463e-07,3.3000000000000003,1.8144669566099,0.2022298234298138,-0.04885957337186692,-3.31500308448085e-06
2.845799049721881e-07,3.3000000000000003,1.8141941328358497,0.23536894547282897,-0.047847089870613986,-3.3150035960716195e-06
2.8459008952613366e-07,3.3000000000000003,1.8137617670621387,0.28334805352711306,-0.046380075079852444,-3.31500308448085e-06
2.846080396074397e-07,3.3000000000000003,1.8130262017503092,0.36437009222463546,-0.043902571217976215,-3.3150036529150384e-06
2.846259386536246e-07,3.3000000000000003,1.812332390675742,0.4408515490965658,-0.041563926040893796,-3.315003027637431e-06
2.8464749389340097e-07,3.3000000000000003,1.8115454186080677,0.5275770703114105,-0.03891203151806564,-3.3150035960716195e-06
2.846682119984003e-07,3.3000000000000003,1.8108364769716938,0.6057123421572306,-0.036522812215131095,-3.31500308448085e-06
2.8469236275030044e-07,3.3000000000000003,1.8100647070348006,0.6907676738828864,-0.03392199018632593,-3.3150035960716195e-06
2.847161824250292e-07,3.3000000000000003,1.8093573994844963,0.7687205855104872,-0.031538346475405425,-3.315003027637431e-06
2.847431659498289e-07,3.3000000000000003,1.8086159046963164,0.8504402896737342,-0.029039521506940284,-3.3150035960716195e-06
2.847701238409841e-07,3.3000000000000003,1.8079337940013316,0.9256157848150226,-0.026740805498256418,-3.31500308448085e-06
2.8480002790074193e-07,3.3000000000000003,1.8072400393028638,1.0020742925106472,-0.024402857459223035,-3.3150035960716195e-06
2.8482823146669925e-07,3.3000000000000003,1.8066414621344606,1.0680434486260606,-0.022385652821724278,-3.31500308448085e-06
2.8485783188366627e-07,3.3000000000000003,1.8060663545281526,1.1314259435337868,-0.020447543079553914,-3.3150035960716195e-06
2.848860805231869e-07,3.3000000000000003,1.805564044029239,1.1867855269407217,-0.01875475791345377,-3.31500308448085e-06
2.8491546539087384e-07,3.3000000000000003,1.8050855914137138,1.2395157102408965,-0.01714237452841397,-3.3150036529150384e-06
2.849438665557238e-07,3.3000000000000003,1.8046623113581752,1.2861653483470157,-0.01571592203965642,-3.31500308448085e-06
2.849731256901373e-07,3.3000000000000003,1.8042630405927689,1.3301689180294827,-0.014370381018931653,-3.3150035960716195e-06
2.850016387178104e-07,3.3000000000000003,1.8039068830571445,1.3694209894597629,-0.013170131303809077,-3.3150031413242687e-06
2.850307980178228e-07,3.3000000000000003,1.803573398264487,1.4061742986896193,-0.012046288727241068,-3.3150035960716195e-06
2.850593947640154e-07,3.3000000000000003,1.8032740170967851,1.4391690538548172,-0.011037375201993967,-3.31500308448085e-06
2.8508847944993904e-07,3.3000000000000003,1.8029952370661373,1.4698933598814885,-0.01009788746692775,-3.3150035960716195e-06
2.85117139923803e-07,3.3000000000000003,1.8027437585500008,1.4976087704809178,-0.009250405728900802,-3.31500308448085e-06
2.8514616863554285e-07,3.3000000000000003,1.8025105598964208,1.5233095598132138,-0.008464527071891935,-3.3150035960716195e-06
2.8517487741613957e-07,3.3000000000000003,1.8022994340361986,1.5465777099994966,-0.007753033647240134,-3.31500308448085e-06
2.8520386411409325e-07,3.3000000000000003,1.8021042701997227,1.5680866878049122,-0.007095332190178908,-3.3150035960716195e-06
2.852326095494445e-07,3.3000000000000003,1.801927094652638,1.5876131788610615,-0.006498251206891267,-3.31500308448085e-06
2.852615647580654e-07,3.3000000000000003,1.801763702923843,1.605620557406681,-0.005947621639411381,-3.3150035960716195e-06
2.8529033805236955e-07,3.3000000000000003,1.8016150643916597,1.622001988243947,-0.005446710299544125,-3.31500308448085e-06
2.8531926971414196e-07,3.3000000000000003,1.8014782350294245,1.6370819321827292,-0.004985595820286065,-3.3150036529150384e-06
2.853480642449857e-07,3.3000000000000003,1.8013535663870561,1.6508216450099797,-0.0045654629220144545,-3.315003027637431e-06
2.8537697837210854e-07,3.3000000000000003,1.8012389576274825,1.6634526596265367,-0.004179231797808553,-3.3150035960716195e-06
2.854057891686993e-07,3.3000000000000003,1.801134411938065,1.674974624735216,-0.0038269131860249983,-3.315003027637431e-06
2.8543469033087473e-07,3.3000000000000003,1.8010384003568995,1.6855560469970614,-0.003503354486925232,-3.3150035960716195e-06
2.854635136830843e-07,3.3000000000000003,1.8009507412666508,1.6952169425511758,-0.0032079436524301095,-3.315003027637431e-06
2.8549240537030135e-07,3.3000000000000003,1.8008702997715114,1.7040823878807123,-0.002936856092466601,-3.3150035960716195e-06
2.855212385284934e-07,3.3000000000000003,1.8007968071152067,1.712182002798373,-0.0026891860925075195,-3.31500308448085e-06
2.8555012343123007e-07,3.3000000000000003,1.8007294047871232,1.719610403504241,-0.0024620404804222276,-3.3150035960716195e-06
2.855789643812201e-07,3.3000000000000003,1.8006677938501217,1.7264005358281083,-0.002254411833335985,-3.315003027637431e-06
2.8560784459681676e-07,3.3000000000000003,1.8006113133535644,1.7326252430862024,-0.0020640727521776497,-3.3150035960716195e-06
2.856366918957117e-07,3.3000000000000003,1.8005596661618126,1.7383172725152227,-0.0018900218974927396,-3.315003027637431e-06
2.8566556908679934e-07,3.3000000000000003,1.8005123353623067,1.7435335930090876,-0.00173051726187293,-3.3150035960716195e-06
2.856944217353017e-07,3.3000000000000003,1.800469042453969,1.7483048980806781,-0.001584620311921668,-3.31500308448085e-06
2.8572329725598695e-07,3.3000000000000003,1.8004293776253533,1.7526763530485996,-0.0014509499753809062,-3.3150036529150384e-06
2.857521546076124e-07,3.3000000000000003,1.8003930888274258,1.756675736139568,-0.0013286568497234746,-3.31500308448085e-06
2.8578102959642463e-07,3.3000000000000003,1.8003598473981386,1.7603392691965223,-0.0012166333471968457,-3.3150035960716195e-06
2.858098912923268e-07,3.3000000000000003,1.8003294303076571,1.7636915322715196,-0.0011141278590462958,-3.31500308448085e-06
2.858387667487813e-07,3.3000000000000003,1.8003015714618913,1.766761851589692,-0.0010202436444056411,-3.3150036529150384e-06
2.8586763267102976e-07,3.3000000000000003,1.800276076483641,1.7695716493943996,-0.00093432565762818,-3.31500308448085e-06
2.8589650951725616e-07,3.3000000000000003,1.80025272827413,1.7721448521752834,-0.0008556422690940059,-3.3150035960716195e-06
2.8592537975988785e-07,3.3000000000000003,1.800231359210145,1.7744999335465015,-0.0007836285981887948,-3.31500308448085e-06
2.859542588925134e-07,3.3000000000000003,1.8002117910786177,1.7766565345055723,-0.0007176840625114405,-3.3150036529150384e-06
2.8598313374538413e-07,3.3000000000000003,1.8001938804130164,1.7786304662905077,-0.000657325180644274,-3.31500308448085e-06
2.860120160777671e-07,3.3000000000000003,1.800177480214027,1.7804379298491835,-0.0006020565655191901,-3.3150035960716195e-06
2.8604089602229804e-07,3.3000000000000003,1.8001624683551654,1.7820923846008458,-0.000551466653205855,-3.31500308448085e-06
2.860697825268785e-07,3.3000000000000003,1.8001487231304234,1.7836072438060142,-0.0005051452930997686,-3.3150036529150384e-06
2.8609866823698927e-07,3.3000000000000003,1.8001361409879633,1.7849939198467526,-0.0004627435156318611,-3.31500308448085e-06
2.8612755999224676e-07,3.3000000000000003,1.8001246208727086,1.7862635501645905,-0.00042392076363703397,-3.3150035960716195e-06
2.861564523374371e-07,3.3000000000000003,1.8001140752412652,1.7874257825464404,-0.00038838202725141423,-3.31500308448085e-06
2.861853505668683e-07,3.3000000000000003,1.8001044199888898,1.7884898865544858,-0.00035584385821543465,-3.3150035960716195e-06
2.862142506638612e-07,3.3000000000000003,1.8000955812742883,1.789463999998195,-0.00032605742030457216,-3.315003027637431e-06
2.862431567477967e-07,3.3000000000000003,1.800087488985301,1.7903558499316032,-0.0002987864358252077,-3.3150035960716195e-06
2.8627206596892883e-07,3.3000000000000003,1.8000800809235686,1.7911722913903838,-0.0002738212914268519,-3.315003027637431e-06
2.8630098154929417e-07,3.3000000000000003,1.8000732985754726,1.7919197729503809,-0.0002509648025695116,-3.3150035960716195e-06
2.863299015358372e-07,3.3000000000000003,1.8000670896145754,1.792604061617939,-0.0002300406258231111,-3.31500308448085e-06
2.8635882855211054e-07,3.3000000000000003,1.8000614051493498,1.7932305457299011,-0.00021088399473959512,-3.3150035960716195e-06
2.8638776129910945e-07,3.3000000000000003,1.800056201208619,1.793804071218647,-0.00019334673595159006,-3.31500308448085e-06
2.864167020188819e-07,3.3000000000000003,1.8000514369044114,1.7943291445540834,-0.00017729104511470282,-3.3150035960716195e-06
2.864456499404738e-07,3.3000000000000003,1.8000470753118747,1.7948098349969288,-0.00016259249419411099,-3.315003027637431e-06
2.8647460704251865e-07,3.3000000000000003,1.8000430822190965,1.795249913160245,-0.00014913578547944698,-3.3150035960716195e-06
2.865035730481347e-07,3.3000000000000003,1.8000394266290212,1.7956527952090677,-0.00013681645944425703,-3.31500308448085e-06
2.865325497242741e-07,3.3000000000000003,1.8000360799112998,1.7960216364602204,-0.00012553803283851437,-3.3150035960716195e-06
2.865615372494405e-07,3.3000000000000003,1.8000330160516504,1.7963593040360872,-0.00011521283472835447,-3.31500308448085e-06
2.8659053731036903e-07,3.3000000000000003,1.800030211079619,1.7966684395678363,-0.00010576008934617567,-3.3150035960716195e-06
2.8661955048663617e-07,3.3000000000000003,1.8000276431701747,1.7969514484309321,-9.710624527222766e-05,-3.31500308448085e-06
2.866485785098148e-07,3.3000000000000003,1.8000252922503328,1.7972105430625354,-8.918365042835673e-05,-3.3150036529150384e-06
2.8667832546706284e-07,3.3000000000000003,1.8000230901747865,1.7974532334299238,-8.176266508062398e-05,-3.315003027637431e-06
2.867089993945487e-07,3.3000000000000003,1.8000210198435764,1.7976814043328944,-7.47856559362621e-05,-3.3150035960716195e-06
2.867406606121596e-07,3.3000000000000003,1.8000190771340772,1.797895510081923,-6.823873281072888e-05,-3.31500308448085e-06
2.8677331574386023e-07,3.3000000000000003,1.8000172610990057,1.7980956550232037,-6.21186995839951e-05,-3.3150036529150384e-06
2.8680704373611735e-07,3.3000000000000003,1.8000155664349164,1.7982824237186015,-5.640768698361984e-05,-3.31500308448085e-06
2.868418966923003e-07,3.3000000000000003,1.8000139895750604,1.7984562091720546,-5.10936777796705e-05,-3.3150035960716195e-06
2.868779706931854e-07,3.3000000000000003,1.800012525206635,1.79861759706688,-4.615875739814651e-05,-3.31500308448085e-06
2.869153345740894e-07,3.3000000000000003,1.8000111695707919,1.7987670014292276,-4.1590273085849784e-05,-3.3150035960716195e-06
2.869540972846416e-07,3.3000000000000003,1.800009917714911,1.7989049683417668,-3.7371519439260836e-05,-3.31500308448085e-06
2.86994349469854e-07,3.3000000000000003,1.8000087656933417,1.7990319324328872,-3.348921182030047e-05,-3.3150035392282007e-06
2.870362201785449e-07,3.3000000000000003,1.8000077087586872,1.7991484170591308,-2.992734528601186e-05,-3.31500308448085e-06
2.8707982818495966e-07,3.3000000000000003,1.8000067428378814,1.7992548710410767,-2.667219575610433e-05,-3.3150035960716195e-06
2.871253304243261e-07,3.3000000000000003,1.800005863342405,1.7993518001195583,-2.370829777893803e-05,-3.315003027637431e-06
2.8717288244315887e-07,3.3000000000000003,1.8000050661278681,1.7994396610012542,-2.1021688926535598e-05,-3.3150035960716195e-06
2.872226805484997e-07,3.3000000000000003,1.8000043467271858,1.7995189460583656,-1.8597311614577094e-05,-3.315003027637431e-06
2.8727493000238376e-07,3.3000000000000003,1.800003700967945,1.7995901150833153,-1.6421104476112458e-05,-3.3150035960716195e-06
2.8732988330603493e-07,3.3000000000000003,1.8000031244820363,1.7996536495006972,-1.4478348385289012e-05,-3.31500308448085e-06
2.8738781565089987e-07,3.3000000000000003,1.8000026131004077,1.7997100088290292,-1.2754993900174381e-05,-3.3150036529150384e-06
2.8744906130922947e-07,3.3000000000000003,1.8000021625450515,1.7997596644317884,-1.1236625019195308e-05,-3.31500308448085e-06
2.875139975369797e-07,3.3000000000000003,1.8000017686757492,1.7998030727314875,-9.909286190560026e-06,-3.3150035960716195e-06
2.875830816034563e-07,3.3000000000000003,1.8000014273054967,1.7998406950931058,-8.758869707827048e-06,-3.31500308448085e-06
2.8765684529297156e-07,3.3000000000000003,1.8000011343490567,1.7998729817717882,-7.771607758326064e-06,-3.3150035960716195e-06
2.877359388027008e-07,3.3000000000000003,1.8000008857172702,1.799900383458864,-6.933719042149358e-06,-3.31500308448085e-06
2.878211398126033e-07,3.3000000000000003,1.8000006774088957,1.7999233410763609,-6.231721997362876e-06,-3.3150035960716195e-06
2.879134152611466e-07,3.3000000000000003,1.800000505452259,1.7999422924088786,-5.65222730513253e-06,-3.315003027637431e-06
2.880134152611466e-07,3.3000000000000003,1.8000003666173983,1.7999575933630756,-5.184354776940097e-06,-3.3150035960716195e-06
2.881134152611466e-07,3.3000000000000003,1.8000002646058066,1.799968836060056,-4.840575627272757e-06,-3.31500308448085e-06
2.882134152611466e-07,3.3000000000000003,1.8000001896504432,1.7999770968674424,-4.587976681111961e-06,-3.3150035960716195e-06
2.8831341526114663e-07,3.3000000000000003,1.8000001345755938,1.7999831666689097,-4.402374313413538e-06,-3.31500308448085e-06
2.8841341526114664e-07,3.3000000000000003,1.800000094108044,1.7999876265828334,-4.265999076788351e-06,-3.3150035960716195e-06
2.8851341526114664e-07,3.3000000000000003,1.8000000643737897,1.7999909035981188,-4.165794515537398e-06,-3.31500308448085e-06
2.8861341526114665e-07,3.3000000000000003,1.8000000425258151,1.7999933114538242,-4.092167109458691e-06,-3.3150035960716195e-06
2.8871341526114666e-07,3.3000000000000003,1.8000000264726492,1.7999950806762997,-4.0380678315327755e-06,-3.31500308448085e-06
2.8881341526114667e-07,3.3000000000000003,1.8000000146771713,1.7999963806496182,-3.998317250164419e-06,-3.3150035960716195e-06
2.889134152611467e-07,3.3000000000000003,1.800000006010262,1.7999973358322752,-3.9691096788855285e-06,-3.31500308448085e-06
2.890134152611467e-07,3.3000000000000003,1.7999999996420133,1.799998037672765,-3.947648801640145e-06,-3.3150035960716195e-06
2.891134152611467e-07,3.3000000000000003,1.7999999949628562,1.7999985533647829,-3.9318799734691805e-06,-3.31500308448085e-06
2.892134152611467e-07,3.3000000000000003,1.7999999915247071,1.7999989322803083,-3.92029349505755e-06,-3.3150035960716195e-06
2.893134152611467e-07,3.3000000000000003,1.7999999889984892,1.7999992106964369,-3.91178008809622e-06,-3.31500308448085e-06
2.894134152611467e-07,3.3000000000000003,1.7999999871422685,1.7999994152685266,-3.905524682878185e-06,-3.3150035960716195e-06
2.895134152611467e-07,3.3000000000000003,1.7999999857783961,1.7999995655821592,-3.900928393502535e-06,-3.31500308448085e-06
2.8961341526114673e-07,3.3000000000000003,1.7999999847762416,1.7999996760282537,-3.897551172825941e-06,-3.3150035960716195e-06
2.8971341526114673e-07,3.3000000000000003,1.7999999840399048,1.7999997571808377,-3.895069689644861e-06,-3.31500308448085e-06
2.8981341526114674e-07,3.3000000000000003,1.7999999834988512,1.799999816809401,-3.893246367382787e-06,-3.3150035960716195e-06
2.8991341526114675e-07,3.3000000000000003,1.7999999831013136,1.7999998606227376,-3.891906643504926e-06,-3.31500308448085e-06
2.9001341526114676e-07,3.3000000000000003,1.7999999828092033,1.799999892815506,-3.8909222529614266e-06,-3.3150035960716195e-06
2.9011341526114676e-07,3.3000000000000003,1.7999999825945785,1.7999999164698173,-3.890198951647764e-06,-3.31500308448085e-06
2.9021341526114677e-07,3.3000000000000003,1.7999999824368706,1.7999999338503192,-3.8896674905944086e-06,-3.3150035960716195e-06
2.903134152611468e-07,3.3000000000000003,1.7999999823209982,1.7999999466210075,-3.8892769886251325e-06,-3.31500308448085e-06
2.904134152611468e-07,3.3000000000000003,1.7999999822358528,1.7999999560045388,-3.888990058959821e-06,-3.3150035960716195e-06
2.905134152611468e-07,3.3000000000000003,1.799999982173295,1.7999999628992849,-3.888779231506978e-06,-3.31500308448085e-06
2.906134152611468e-07,3.3000000000000003,1.7999999821273254,1.799999967965344,-3.888624321494879e-06,-3.3150035960716195e-06
2.907134152611468e-07,3.3000000000000003,1.7999999820935522,1.799999971687737,-3.8885104982386675e-06,-3.31500308448085e-06
2.908134152611468e-07,3.3000000000000003,1.799999982068733,1.7999999744228432,-3.888426864109131e-06,-3.3150035960716195e-06
2.909134152611468e-07,3.3000000000000003,1.7999999820504993,1.79999997643252,-3.888365412262751e-06,-3.31500308448085e-06
2.9101341526114683e-07,3.3000000000000003,1.7999999820370998,1.799999977909172,-3.888320259173111e-06,-3.3150035960716195e-06
2.9111341526114684e-07,3.3000000000000003,1.799999982027256,1.7999999789941734,-3.888287082026112e-06,-3.31500308448085e-06
2.9121341526114685e-07,3.3000000000000003,1.7999999820200214,1.7999999797914006,-3.888262704399518e-06,-3.3150035960716195e-06
2.9131341526114685e-07,3.3000000000000003,1.799999982014707,1.79999998037718,-3.888244792447616e-06,-3.31500308448085e-06
2.9141341526114686e-07,3.3000000000000003,1.7999999820108008,1.7999999808075942,-3.888231631223341e-06,-3.3150035960716195e-06
2.9151341526114687e-07,3.3000000000000003,1.7999999820079318,1.7999999811238503,-3.8882219607806174e-06,-3.31500308448085e-06
2.916134152611469e-07,3.3000000000000003,1.7999999820058228,1.799999981356226,-3.888214855178986e-06,-3.3150035960716195e-06
2.917134152611469e-07,3.3000000000000003,1.7999999820042738,1.7999999815269687,-3.888209634219131e-06,-3.31500308448085e-06
2.918134152611469e-07,3.3000000000000003,1.7999999820031352,1.799999981652425,-3.888205797999067e-06,-3.3150035960716195e-06
2.919134152611469e-07,3.3000000000000003,1.7999999820022992,1.7999999817446068,-3.888202979282614e-06,-3.31500308448085e-06
2.920134152611469e-07,3.3000000000000003,1.7999999820016843,1.7999999818123396,-3.888200908124383e-06,-3.3150035960716195e-06
2.921134152611469e-07,3.3000000000000003,1.7999999820012331,1.799999981862107,-3.88819938635768e-06,-3.31500308448085e-06
2.922134152611469e-07,3.3000000000000003,1.799999982000901,1.7999999818986747,-3.8881982681851076e-06,-3.3150035960716195e-06
2.9231341526114693e-07,3.3000000000000003,1.7999999820006571,1.799999981925544,-3.888197446582309e-06,-3.31500308448085e-06
2.9241341526114694e-07,3.3000000000000003,1.7999999820004782,1.7999999819452868,-3.8881968428814586e-06,-3.3150035960716195e-06
2.9251341526114694e-07,3.3000000000000003,1.7999999820003467,1.7999999819597934,-3.888196399296015e-06,-3.31500308448085e-06
2.9261341526114695e-07,3.3000000000000003,1.7999999820002497,1.7999999819704524,-3.888196073357428e-06,-3.3150035960716195e-06
2.9271341526114696e-07,3.3000000000000003,1.7999999820001786,1.7999999819782841,-3.8881958338896666e-06,-3.31500308448085e-06
2.9281341526114697e-07,3.3000000000000003,1.7999999820001265,1.7999999819840387,-3.888195657925049e-06,-3.3150035960716195e-06
2.92913415261147e-07,3.3000000000000003,1.7999999820000883,1.7999999819882668,-3.888195528633946e-06,-3.31500308448085e-06
2.93013415261147e-07,3.3000000000000003,1.79999998200006,1.799999981991374,-3.888195433634901e-06,-3.3150035960716195e-06
2.93113415261147e-07,3.3000000000000003,1.7999999820000394,1.799999981993657,-3.888195363828097e-06,-3.31500308448085e-06
2.93213415261147e-07,3.3000000000000003,1.7999999820000239,1.7999999819953343,-3.888195312528808e-06,-3.3150035960716195e-06
2.93313415261147e-07,3.3000000000000003,1.799999982000013,1.7999999819965669,-3.888195274825777e-06,-3.31500308448085e-06
2.93413415261147e-07,3.3000000000000003,1.7999999820000046,1.7999999819974726,-3.888195247147782e-06,-3.3150035960716195e-06
2.93513415261147e-07,3.3000000000000003,1.7999999819999986,1.799999981998138,-3.888195226791722e-06,-3.31500308448085e-06
2.9361341526114703e-07,3.3000000000000003,1.7999999819999941,1.7999999819986274,-3.888195211833978e-06,-3.3150035960716195e-06
2.9371341526114703e-07,3.3000000000000003,1.7999999819999908,1.7999999819989865,-3.888195200849339e-06,-3.31500308448085e-06
2.9381341526114704e-07,3.3000000000000003,1.7999999819999886,1.79999998199925,-3.888195192790195e-06,-3.3150035960716195e-06
2.9391341526114705e-07,3.3000000000000003,1.7999999819999868,1.799999981999444,-3.8881951868616066e-06,-3.31500308448085e-06
2.9401341526114706e-07,3.3000000000000003,1.7999999819999852,1.7999999819995869,-3.888195182491032e-06,-3.3150035960716195e-06
2.9411341526114706e-07,3.3000000000000003,1.7999999819999843,1.7999999819996915,-3.888195179293935e-06,-3.31500308448085e-06
2.9421341526114707e-07,3.3000000000000003,1.7999999819999837,1.799999981999768,-3.888195176956442e-06,-3.3150035960716195e-06
2.943134152611471e-07,3.3000000000000003,1.7999999819999832,1.7999999819998243,-3.8881951752138905e-06,-3.31500308448085e-06
2.944134152611471e-07,3.3000000000000003,1.7999999819999826,1.7999999819998653,-3.888195173966281e-06,-3.3150035960716195e-06
2.945134152611471e-07,3.3000000000000003,1.7999999819999826,1.7999999819998957,-3.8881951730480035e-06,-3.31500308448085e-06
2.946134152611471e-07,3.3000000000000003,1.7999999819999826,1.7999999819999182,-3.888195172365998e-06,-3.3150035960716195e-06
2.947134152611471e-07,3.3000000000000003,1.7999999819999823,1.799999981999935,-3.8881951718521285e-06,-3.31500308448085e-06
2.948134152611471e-07,3.3000000000000003,1.7999999819999821,1.7999999819999473,-3.8881951714675925e-06,-3.3150035960716195e-06
2.949134152611471e-07,3.3000000000000003,1.7999999819999821,1.7999999819999561,-3.888195171205454e-06,-3.31500308448085e-06
2.9501341526114713e-07,3.3000000000000003,1.7999999819999821,1.7999999819999626,-3.8881951709985175e-06,-3.3150035960716195e-06
2.9511341526114714e-07,3.3000000000000003,1.7999999819999821,1.7999999819999675,-3.88819517085625e-06,-3.31500308448085e-06
2.9521341526114715e-07,3.3000000000000003,1.799999981999982,1.7999999819999708,-3.888195170756251e-06,-3.3150035960716195e-06
2.9531341526114716e-07,3.3000000000000003,1.7999999819999821,1.7999999819999737,-3.888195170665717e-06,-3.31500308448085e-06
2.9541341526114716e-07,3.3000000000000003,1.799999981999982,1.7999999819999761,-3.888195170588116e-06,-3.3150035960716195e-06
2.9551341526114717e-07,3.3000000000000003,1.799999981999982,1.7999999819999775,-3.888195170552785e-06,-3.31500308448085e-06
2.956134152611472e-07,3.3000000000000003,1.799999981999982,1.7999999819999781,-3.8881951705269175e-06,-3.3150035960716195e-06
2.957134152611472e-07,3.3000000000000003,1.799999981999982,1.7999999819999788,-3.8881951705269175e-06,-3.31500308448085e-06
2.958134152611472e-07,3.3000000000000003,1.7999999819999821,1.79999998199998,-3.888195170484648e-06,-3.3150035960716195e-06
2.959134152611472e-07,3.3000000000000003,1.799999981999982,1.7999999819999803,-3.8881951704587805e-06,-3.31500308448085e-06
2.960134152611472e-07,3.3000000000000003,1.799999981999982,1.7999999819999803,-3.88819517046225e-06,-3.3150035960716195e-06
2.961134152611472e-07,3.3000000000000003,1.799999981999982,1.7999999819999803,-3.88819517046225e-06,-3.31500308448085e-06
2.962134152611472e-07,3.3000000000000003,1.799999981999982,1.7999999819999803,-3.88819517046225e-06,-3.3150035960716195e-06
2.9631341526114723e-07,3.3000000000000003,1.799999981999982,1.7999999819999803,-3.88819517046225e-06,-3.31500308448085e-06
2.9641341526114724e-07,3.3000000000000003,1.799999981999982,1.7999999819999803,-3.88819517046225e-06,-3.3150035960716195e-06
2.9651341526114725e-07,3.3000000000000003,1.799999981999982,1.7999999819999803,-3.88819517046225e-06,-3.31500308448085e-06
2.9661341526114725e-07,3.3000000000000003,1.799999981999982,1.7999999819999803,-3.88819517046225e-06,-3.3150035960716195e-06
2.9671341526114726e-07,3.3000000000000003,1.799999981999982,1.7999999819999803,-3.88819517046225e-06,-3.31500308448085e-06
2.9681341526114727e-07,3.3000000000000003,1.799999981999982,1.7999999819999803,-3.88819517046225e-06,-3.3150035960716195e-06
2.969134152611473e-07,3.3000000000000003,1.799999981999982,1.7999999819999803,-3.88819517046225e-06,-3.31500308448085e-06
2.970134152611473e-07,3.3000000000000003,1.799999981999982,1.7999999819999803,-3.88819517046225e-06,-3.3150035960716195e-06
2.971134152611473e-07,3.3000000000000003,1.799999981999982,1.7999999819999803,-3.88819517046225e-06,-3.31500308448085e-06
2.972134152611473e-07,3.3000000000000003,1.799999981999982,1.7999999819999803,-3.88819517046225e-06,-3.3150035960716195e-06
2.973134152611473e-07,3.3000000000000003,1.799999981999982,1.7999999819999803,-3.88819517046225e-06,-3.31500308448085e-06
2.974134152611473e-07,3.3000000000000003,1.799999981999982,1.7999999819999803,-3.88819517046225e-06,-3.3150035960716195e-06
2.975134152611473e-07,3.3000000000000003,1.799999981999982,1.7999999819999803,-3.88819517046225e-06,-3.31500308448085e-06
2.9761341526114733e-07,3.3000000000000003,1.799999981999982,1.7999999819999803,-3.88819517046225e-06,-3.3150035960716195e-06
2.9771341526114734e-07,3.3000000000000003,1.799999981999982,1.7999999819999803,-3.88819517046225e-06,-3.31500308448085e-06
2.9781341526114734e-07,3.3000000000000003,1.799999981999982,1.7999999819999803,-3.88819517046225e-06,-3.3150035960716195e-06
2.9791341526114735e-07,3.3000000000000003,1.799999981999982,1.7999999819999803,-3.88819517046225e-06,-3.31500308448085e-06
2.9801341526114736e-07,3.3000000000000003,1.799999981999982,1.7999999819999803,-3.88819517046225e-06,-3.3150035960716195e-06
2.9811341526114737e-07,3.3000000000000003,1.799999981999982,1.7999999819999803,-3.88819517046225e-06,-3.31500308448085e-06
2.9821341526114737e-07,3.3000000000000003,1.799999981999982,1.7999999819999803,-3.88819517046225e-06,-3.3150035960716195e-06
2.983134152611474e-07,3.3000000000000003,1.799999981999982,1.7999999819999803,-3.88819517046225e-06,-3.31500308448085e-06
2.984134152611474e-07,3.3000000000000003,1.799999981999982,1.7999999819999803,-3.88819517046225e-06,-3.3150035960716195e-06
2.985134152611474e-07,3.3000000000000003,1.799999981999982,1.7999999819999803,-3.88819517046225e-06,-3.31500308448085e-06
2.986134152611474e-07,3.3000000000000003,1.799999981999982,1.7999999819999803,-3.88819517046225e-06,-3.3150035960716195e-06
2.987134152611474e-07,3.3000000000000003,1.799999981999982,1.7999999819999803,-3.88819517046225e-06,-3.31500308448085e-06
2.988134152611474e-07,3.3000000000000003,1.799999981999982,1.7999999819999803,-3.88819517046225e-06,-3.3150035960716195e-06
2.989134152611474e-07,3.3000000000000003,1.799999981999982,1.7999999819999803,-3.88819517046225e-06,-3.31500308448085e-06
2.9901341526114743e-07,3.3000000000000003,1.799999981999982,1.7999999819999803,-3.88819517046225e-06,-3.3150035960716195e-06
2.9911341526114744e-07,3.3000000000000003,1.799999981999982,1.7999999819999803,-3.88819517046225e-06,-3.31500308448085e-06
2.9921341526114745e-07,3.3000000000000003,1.799999981999982,1.7999999819999803,-3.88819517046225e-06,-3.3150035960716195e-06
2.9931341526114746e-07,3.3000000000000003,1.799999981999982,1.7999999819999803,-3.88819517046225e-06,-3.31500308448085e-06
2.9941341526114746e-07,3.3000000000000003,1.799999981999982,1.7999999819999803,-3.88819517046225e-06,-3.3150035960716195e-06
2.9951341526114747e-07,3.3000000000000003,1.799999981999982,1.7999999819999803,-3.88819517046225e-06,-3.31500308448085e-06
2.996134152611475e-07,3.3000000000000003,1.799999981999982,1.7999999819999803,-3.88819517046225e-06,-3.3150035960716195e-06
2.997134152611475e-07,3.3000000000000003,1.799999981999982,1.7999999819999803,-3.88819517046225e-06,-3.31500308448085e-06
2.998134152611475e-07,3.3000000000000003,1.799999981999982,1.7999999819999803,-3.88819517046225e-06,-3.3150035960716195e-06
2.999134152611475e-07,3.3000000000000003,1.799999981999982,1.7999999819999803,-3.88819517046225e-06,-3.31500308448085e-06
3.0000000000000004e-07,3.299999999999973,1.799999982000027,1.7999999819999857,-3.888196060224002e-06,-3.3150035392282007e-06
3.0000038633895544e-07,3.299362540723566,1.7999999820008297,1.7999999819999868,-3.888187863305418e-06,0.007421685636870734
3.0000115901686623e-07,3.298087622170751,1.7999999820006838,1.7999999819999888,-3.888187858809122e-06,0.007421686917552961
3.000027043726879e-07,3.2955377850650347,1.7999999819988972,1.7999999819999877,-3.888158776160889e-06,0.007421689479485849
3.0000579508433117e-07,3.290438110853602,1.799999981999665,1.799999981999981,-3.888187893824281e-06,0.007421694601816853
3.000119765076177e-07,3.2802387624308236,1.7999999820004495,1.7999999819999821,-3.888180605197941e-06,0.007421704848013633
3.000243393541908e-07,3.2598400655851796,1.7999999819999324,1.7999999819999897,-3.888206050507272e-06,0.0074217253390429505
3.0004906504733706e-07,3.219042671893892,1.799999981999702,1.7999999819999775,-3.888195179697509e-06,0.007421766322295298
3.0009851643362953e-07,3.1374478845113165,1.799999982000312,1.799999981999982,-3.888196070514551e-06,0.007421848287663124
3.001974192062144e-07,2.9742583097462525,1.7999999819996542,1.7999999819999821,-3.888194711754144e-06,0.007422012219535645
3.002974192062144e-07,2.80925830974624,1.7999999820002714,1.7999999819999768,-3.88819517933096e-06,0.007422177969317545
3.0039741920621443e-07,2.6442583097462276,1.799999981999736,1.7999999819999835,-3.888195162927334e-06,0.007422343719838409
3.0049741920621444e-07,2.479258309746215,1.7999999820001906,1.7999999819999781,-3.888195176842245e-06,0.007422509469677152
3.0059741920621445e-07,2.3142583097462026,1.7999999819998047,1.7999999819999826,-3.888195165023609e-06,0.0074226752201695945
3.0069741920621445e-07,2.1492583097461906,1.7999999820001322,1.7999999819999783,-3.888195175081626e-06,0.007422840970065181
3.0079741920621446e-07,1.9842583097461781,1.7999999819998542,1.7999999819999821,-3.888195166534694e-06,0.007423006720529202
3.0089741920621447e-07,1.8192583097461659,1.7999999820000903,1.7999999819999797,-3.888195173752883e-06,0.007423172470339523
3.009974192062145e-07,1.6542583097461534,1.79999998199989,1.7999999819999821,-0.0005732429093976494,0.007423338220831965
3.010974192062145e-07,1.489258309746141,1.79999998200006,1.79999998199998,-0.003213883288217269,0.007423503970642287
3.011974192062145e-07,1.3242583097461285,1.7999999819999155,1.7999999819999817,-0.008005634778116905,0.007423669721163151
3.012974192062145e-07,1.1592583097461162,1.799999982000038,1.79999998199998,-0.014948497379142849,0.007423835471001894
3.013974192062145e-07,0.9942583097461037,1.799999981999934,1.7999999819999812,-0.024042471091251502,0.007424001221508547
3.014267974854885e-07,0.9457841489439764,1.799999982000119,1.7999999819999848,-0.027122933203430975,0.0074240499157127715
3.014469133409001e-07,0.9125929875148335,1.7999999819998338,1.7999999819999841,-0.02933926716463571,0.007424083258115388
3.014607955647111e-07,0.8896873182266876,1.7999999819999781,1.799999981999981,-0.0294947296663541,0.007424106267606589
3.0147568749340897e-07,0.865115635875239,1.7999999819999766,1.799999981999981,-0.027841165564283874,0.0074241309512927955
3.0148465233256976e-07,0.850323651259929,1.7999999819999912,1.799999981999981,-0.026868734383797607,0.007424145810219329
3.014977701643286e-07,0.8286792288578848,1.7999999820000583,1.7999999819999821,-0.025476977542931184,0.007424167553381267
3.015240058278462e-07,0.7853903840537959,1.7999999819997659,1.7999999819999768,-0.02280451113793608,0.00742421103868196
3.015764771548815e-07,0.6988126944455306,1.7999999820002213,1.7999999819999792,-0.01790376776232492,0.007424298010349162
3.0167647715488153e-07,0.5338126944455182,1.7999999819997672,1.7999999819999828,-0.010203831328891511,0.007424463760187905
3.0177647715488153e-07,0.36881269444550613,1.7999999820001642,1.7999999819999781,-0.0046550060065677626,0.007424629510680347
3.0187647715488154e-07,0.20381269444549366,1.7999999819998271,1.7999999819999823,-0.0012572917953396132,0.007424795260508432
3.0197647715488155e-07,0.03881269444548119,1.7999999820001131,1.7999999819999783,-1.0688695248677668e-05,0.007424961011007536
3.0200000000000003e-07,0.0,1.7999999819999843,1.799999981999983,-3.88820789304315e-06,0.007424999999827852
3.0200000067046594e-07,0.0,1.7999999819999788,1.7999999819999828,-3.95762962369195e-06,-6.813255297190884e-24
3.020000020113978e-07,0.0,1.7999999819999786,1.7999999819999823,-3.957629623691996e-06,0.0
3.0200000469326157e-07,0.0,1.7999999819994008,1.7999999819999817,-3.898024984808626e-06,0.0
3.02000010056989e-07,0.0,1.7999999819999948,1.799999981999982,-3.898024978773147e-06,0.0
3.0200002078444393e-07,0.0,1.7999999819999521,1.799999981999982,-3.8905743986108185e-06,0.0
3.0200004223935375e-07,0.0,1.79999998199936,1.799999981999982,-3.890574404717614e-06,0.0
3.020000851491734e-07,0.0,1.7999999819998131,1.7999999819999817,-3.888711755116802e-06,0.0
3.020001709688127e-07,0.0,1.7999999820005979,1.7999999819999808,-3.88871174692797e-06,0.0
3.020003426080913e-07,0.0,1.799999982000282,1.799999981999981,-3.8887117493581474e-06,0.0
3.0200068588664855e-07,0.0,1.799999982000222,1.7999999819999803,-3.888246087762136e-06,0.0
3.02001372443763e-07,0.0,1.799999981999192,1.7999999819999788,-3.888129684828047e-06,0.0
3.020027455579919e-07,0.0,1.7999999819992023,1.7999999819999755,-3.88824611082178e-06,0.0
3.0200549178644965e-07,0.0,1.7999999820008656,1.7999999819999752,-3.888187884771005e-06,0.0
3.0201098424336523e-07,0.0,1.7999999819995638,1.79999998199998,-3.8882024371919365e-06,0.0
3.020219691571964e-07,0.0,1.7999999820003276,1.7999999819999792,-3.888187881485959e-06,0.0
3.0204393898485867e-07,0.0,1.799999981999865,1.799999981999987,-3.888209688979366e-06,0.0
3.0208787864018327e-07,0.0,1.7999999819999246,1.799999981999976,-3.888196993747697e-06,0.0
3.021757579508325e-07,0.0,1.799999982000108,1.799999981999986,-3.888196052387026e-06,0.0
3.022757579508325e-07,0.0,1.7999999819998171,1.7999999819999795,-3.888195165493649e-06,0.0
3.023757579508325e-07,0.0,1.799999982000122,1.799999981999977,-3.8881951748106384e-06,0.0
3.024757579508325e-07,0.0,1.799999981999863,1.7999999819999808,-3.888195166845426e-06,0.0
3.025757579508325e-07,0.0,1.7999999820000827,1.7999999819999783,-3.888195173567071e-06,0.0
3.026757579508325e-07,0.0,1.7999999819998962,1.7999999819999806,-3.888195167844509e-06,0.0
3.027757579508325e-07,0.0,1.7999999820000545,1.7999999819999788,-3.888195172707424e-06,0.0
3.0287575795083253e-07,0.0,1.7999999819999202,1.7999999819999808,-3.888195168581123e-06,0.0
3.0297575795083254e-07,0.0,1.799999982000034,1.7999999819999795,-3.888195172071445e-06,0.0
3.0307575795083255e-07,0.0,1.7999999819999375,1.7999999819999812,-3.888195169089656e-06,0.0
3.0317575795083255e-07,0.0,1.7999999820000196,1.7999999819999803,-3.88819517159036e-06,0.0
3.0327575795083256e-07,0.0,1.79999998199995,1.799999981999981,-3.888195169469162e-06,0.0
3.0337575795083257e-07,0.0,1.7999999820000092,1.7999999819999801,-3.888195171293505e-06,0.0
3.034757579508326e-07,0.0,1.7999999819999588,1.7999999819999812,-3.888195169741095e-06,0.0
3.035757579508326e-07,0.0,1.7999999820000014,1.799999981999981,-3.888195171024098e-06,0.0
3.036757579508326e-07,0.0,1.7999999819999652,1.7999999819999812,-3.8881951699338446e-06,0.0
3.037757579508326e-07,0.0,1.7999999819999961,1.7999999819999808,-3.888195170872674e-06,0.0
3.038757579508326e-07,0.0,1.79999998199997,1.7999999819999815,-3.888195170062871e-06,0.0
3.039757579508326e-07,0.0,1.7999999819999921,1.7999999819999815,-3.888195170742702e-06,0.0
3.040757579508326e-07,0.0,1.7999999819999732,1.799999981999982,-3.888195170148048e-06,0.0
3.0417575795083263e-07,0.0,1.799999981999989,1.7999999819999815,-3.8881951706445924e-06,0.0
3.0427575795083264e-07,0.0,1.7999999819999757,1.7999999819999817,-3.88819517022376e-06,0.0
3.0437575795083264e-07,0.0,1.799999981999987,1.7999999819999812,-3.8881951706007415e-06,0.0
3.0447575795083265e-07,0.0,1.7999999819999777,1.7999999819999815,-3.888195170296947e-06,0.0
3.0457575795083266e-07,0.0,1.7999999819999857,1.7999999819999815,-3.888195170549952e-06,0.0
3.0467575795083267e-07,0.0,1.7999999819999788,1.7999999819999817,-3.88819517032534e-06,0.0
3.0477575795083267e-07,0.0,1.7999999819999846,1.7999999819999812,-3.88819517052156e-06,0.0
3.048757579508327e-07,0.0,1.7999999819999797,1.7999999819999812,-3.888195170363196e-06,0.0
3.049757579508327e-07,0.0,1.7999999819999837,1.7999999819999812,-3.888195170483704e-06,0.0
3.050757579508327e-07,0.0,1.7999999819999803,1.7999999819999815,-3.88819517037266e-06,0.0
3.051757579508327e-07,0.0,1.7999999819999832,1.799999981999982,-3.888195170435439e-06,0.0
3.052757579508327e-07,0.0,1.7999999819999808,1.799999981999982,-3.888195170365721e-06,0.0
3.053757579508327e-07,0.0,1.799999981999983,1.7999999819999817,-3.888195170444903e-06,0.0
3.054757579508327e-07,0.0,1.799999981999981,1.7999999819999812,-3.8881951704174555e-06,0.0
3.0547955268617575e-07,0.0,1.7999999820002068,1.7999999819999828,-3.888202439824237e-06,0.0
3.0548714215686174e-07,0.0,1.7999999819995565,1.7999999819999812,-3.888180626197231e-06,0.0
3.055023210982337e-07,0.0,1.7999999820002832,1.7999999819999786,-3.888206094062478e-06,0.0
3.0550308307518295e-07,0.0,1.7999999820011143,1.7999999819999801,-3.8881878902332816e-06,0.0
3.0550460702908146e-07,0.0,1.7999999820002641,1.7999999819999832,-3.88821699195448e-06,0.0
3.055076549368785e-07,0.0,1.799999981999688,1.7999999819999826,-3.88817334226978e-06,0.0
3.055078079406456e-07,0.0,1.7999999819999652,1.7999999819999823,-3.8882460992563595e-06,0.0
3.0550811394817993e-07,0.0,1.7999999820009247,1.7999999819999821,-3.888013257412103e-06,0.0
3.0550872596324854e-07,0.0,1.7999999820004948,1.7999999819999837,-3.88801325733958e-06,0.0
3.0550994999338575e-07,0.0,1.7999999819998012,1.7999999819999846,-3.888187885365421e-06,0.0
3.0551239805366023e-07,0.0,1.7999999819999284,1.799999981999983,-3.888158783112917e-06,0.0
3.0551252094531807e-07,0.0,1.7999999819999377,1.7999999819999832,-3.888711755854535e-06,0.0
3.0551276672863374e-07,0.0,1.799999982000711,1.7999999819999835,-3.888246085839536e-06,0.0
3.0551277158697227e-07,0.0,1.7999999819992114,1.7999999819999832,-3.898024988167334e-06,0.0
3.055127725412964e-07,0.0,1.7999999819996455,1.799999981999983,-3.898024983745603e-06,0.0
3.055127726855267e-07,0.0,1.799999981999915,1.7999999819999832,-3.600001757117669e-06,0.0
3.055127729739874e-07,0.0,1.7999999820002586,1.799999981999983,-3.600001753616695e-06,0.0
3.0551277355090873e-07,0.0,1.7999999819994363,1.799999981999983,-3.719211051550438e-06,0.0
3.0551277362466233e-07,0.0,1.336669141279979,1.799999930223748,-1.7999999784024112e-06,0.0
3.0551277368109246e-07,0.0,1.3366506027256675,1.7999998509924569,-1.7999999784024112e-06,0.0
3.05512773708234e-07,0.0,1.3366416862203832,1.799999812882998,-1.7999999784024112e-06,0.0
3.055127737450446e-07,0.0,1.3366295933269423,1.7999997611959815,1.0734865441008878e-07,0.0
3.055127738186658e-07,0.0,1.336605407866596,1.799999657817918,-8.463256619961612e-07,0.0
3.0551277396590824e-07,0.0,1.3365570382417704,1.7999994510456745,-1.7999999784024112e-06,0.0
3.055127742603931e-07,0.0,1.3364603041818837,1.799999037436721,-1.7999999784024112e-06,0.0
3.055127748493628e-07,0.0,1.3362668568146385,1.7999982099609677,-1.9192092679531925e-06,0.0
3.0551277602730225e-07,0.0,1.3358800450782298,1.7999965539782723,-2.0384185575039737e-06,0.0
3.055127783831811e-07,0.0,1.335106753477217,1.7999932378896248,-2.0384185575039737e-06,0.0
3.055127830949388e-07,0.0,1.3335614968174314,1.7999865892312916,-2.068220879891669e-06,0.0
3.055127925184542e-07,0.0,1.330476282086411,1.7999732260862384,-2.075671460488593e-06,0.0
3.0551281136548505e-07,0.0,1.324326986490394,1.7999462372467587,-2.0831220410855167e-06,0.0
3.055128490595467e-07,0.0,1.3121124493789682,1.7998912154524536,-2.0849846862347476e-06,0.0
3.0551292444767e-07,0.0,1.2880157796659917,1.7997770435630225,-2.0868473313839786e-06,0.0
3.0551307460122803e-07,0.0,1.2413123777557533,1.7995336167753633,-2.088244315245902e-06,0.0
3.0551322515298896e-07,0.0,1.1961643052352344,1.7992687082595544,-2.088244315245902e-06,0.0
3.0551342632373676e-07,0.0,1.1383515707761018,1.798883546630378,-2.088244315245902e-06,0.0
3.055136210549146e-07,0.0,1.08501768638358,1.798478153953276,-2.088011484602248e-06,0.0
3.055138606475496e-07,0.0,1.0227600118376179,1.7979377497862838,-2.0884771458895557e-06,0.0
3.05514096355433e-07,0.0,0.9649485238546219,1.7973636250810525,-2.088244315245902e-06,0.0
3.0551437221244996e-07,0.0,0.9013566387262861,1.7966415066572883,-2.088244315245902e-06,0.0
3.055146468454899e-07,0.0,0.8421425772782126,1.7958721120416294,-2.088011484602248e-06,0.0
3.055149579512748e-07,0.0,0.7796622431792628,1.7949439744727504,-2.088244315245902e-06,0.0
3.055152708584603e-07,0.0,0.7214080295716715,1.7939541315469352,-2.088244315245902e-06,0.0
3.055156176461797e-07,0.0,0.661809642560125,1.7927963162350438,-2.088127899924075e-06,0.0
3.055159693774021e-07,0.0,0.6062795720871343,1.7915619160336211,-2.088011484602248e-06,0.0
3.0551635334487534e-07,0.0,0.5508352155891524,1.7901513600408716,-2.088127899924075e-06,0.0
3.0551674548139614e-07,0.0,0.4993060324250702,1.7886489667479073,-2.088127899924075e-06,0.0
3.055171691064061e-07,0.0,0.4488846982581819,1.7869625407590637,-2.088127899924075e-06,0.0
3.055176042782554e-07,0.0,0.402220693134155,1.7851684290424168,-2.088127899924075e-06,0.0
3.0551807108431624e-07,0.0,0.3573545056054911,1.7831818332496687,-2.088127899924075e-06,0.0
3.055185530948181e-07,0.0,0.31607125178146556,1.781070607764148,-2.088011484602248e-06,0.0
3.055190678326191e-07,0.0,0.27700916072664794,1.778756824677517,-2.088244315245902e-06,0.0
3.0551960189731413e-07,0.0,0.24133002157316333,1.7762995467388811,-2.088011484602248e-06,0.0
3.0552017085668524e-07,0.0,0.20808454358738943,1.7736267206961076,-2.088127899924075e-06,0.0
3.0552076398875306e-07,0.0,0.17799181503156253,1.7707883692073751,-2.088011484602248e-06,0.0
3.055213954854827e-07,0.0,0.1503813276907995,1.7677168723557672,-2.088011484602248e-06,0.0
3.055220570924239e-07,0.0,0.12566277096751272,1.7644528188806485,-2.088127899924075e-06,0.0
3.0552276221657204e-07,0.0,0.1033503107906919,1.760931075454691,-2.088011484602248e-06,0.0
3.0552350502569306e-07,0.0,0.0836413691460788,1.757182003699215,-2.088127899924075e-06,0.0
3.0552429880890066e-07,0.0,0.06617024245860316,1.753140311327441,-2.0881861075849883e-06,0.0
3.055251403347876e-07,0.0,0.05099210712165582,1.7488245553571926,-2.0881861075849883e-06,0.0
3.0552604362731075e-07,0.0,0.037818413908059206,1.7441655100089521,-2.088127899924075e-06,0.0
3.055270085822727e-07,0.0,0.026612142423811283,1.73916689439892,-2.0881861075849883e-06,0.0
3.0552805120086204e-07,0.0,0.01713434313138685,1.7337497481084934,-2.0881861075849883e-06,0.0
3.055291756448387e-07,0.0,0.009291390526840396,1.7278971515197905,-2.088244315245902e-06,0.0
3.055304019435354e-07,0.0,0.0028772488652434335,1.7215106637599007,-2.0881861075849883e-06,0.0
3.0553174087042013e-07,0.0,-0.002232934555556976,1.714541330876242,-2.0881861075849883e-06,0.0
3.0553322033052035e-07,0.0,-0.0062213878292091025,1.706852960915016,-2.0881861075849883e-06,0.0
3.0553486372695985e-07,0.0,-0.009227138804832336,1.6983355930375115,-2.088127899924075e-06,0.0
3.0553671441620437e-07,0.0,-0.011409721149123475,1.6887800008944434,-2.0881570037545316e-06,0.0
3.05538818944138e-07,0.0,-0.012905146135212767,1.6779669942064699,-2.0881570037545316e-06,0.0
3.055412561203831e-07,0.0,-0.013852402596753997,1.665521715235962,-2.0881570037545316e-06,0.0
3.0554412783338403e-07,0.0,-0.014372527512626824,1.6509685906485585,-2.0881570037545316e-06,0.0
3.0554760533230333e-07,0.0,-0.014575801123356009,1.6335103486131142,-2.0882006595002167e-06,0.0
3.0555195158102497e-07,0.0,-0.014551096001743825,1.6119464769185825,-2.0881861075849883e-06,0.0
3.055576500197046e-07,0.0,-0.014361005089200895,1.5841021722523512,-2.0881861075849883e-06,0.0
3.0556563185072763e-07,0.0,-0.014028107641617323,1.5459055213255943,-2.088178831627374e-06,0.0
3.055781446380979e-07,0.0,-0.013501700784289423,1.487866998433754,-2.088204297479024e-06,0.0
3.0560317021283836e-07,0.0,-0.012506517194210023,1.378206385867917,-2.0881933835426025e-06,0.0
3.0563372302196613e-07,0.0,-0.011390280312633875,1.2551944069688379,-2.088195202532006e-06,0.0
3.056630126217885e-07,0.0,-0.010413851651369637,1.1475953396427971,-2.088195202532006e-06,0.0
3.0569229837545064e-07,0.0,-0.009521267784295724,1.0492323552375395,-2.0881933835426025e-06,0.0
3.0572080006103286e-07,0.0,-0.00872610922579961,0.9616074973048935,-2.0881933835426025e-06,0.0
3.0574986970659446e-07,0.0,-0.007983462441133569,0.8797682813111183,-2.088191564553199e-06,0.0
3.0577850949073475e-07,0.0,-0.0073136403214304774,0.8059548679240112,-2.088191564553199e-06,0.0
3.058075550440167e-07,0.0,-0.006691695681969858,0.7374171600375138,-2.088191564553199e-06,0.0
3.0583625025735036e-07,0.0,-0.006129214400201097,0.6754324338917955,-2.0881933835426025e-06,0.0
3.058652460233676e-07,0.0,-0.005608847113437842,0.6180885173381535,-2.088191564553199e-06,0.0
3.0589397930990636e-07,0.0,-0.005136787504911842,0.56606810965823,-2.0881933835426025e-06,0.0
3.0592294037430434e-07,0.0,-0.004701176403479717,0.5180642534604453,-2.0881933835426025e-06,0.0
3.0595170365785655e-07,0.0,-0.0043051138679010845,0.4744186218772695,-2.088191564553199e-06,0.0
3.0598063866004e-07,0.0,-0.0039403451258746575,0.43422152054548674,-2.0881933835426025e-06,0.0
3.0600942444088213e-07,0.0,-0.0036081320796337874,0.3976120251601614,-2.088191564553199e-06,0.0
3.060383397588391e-07,0.0,-0.003302617182223942,0.3639446321298226,-2.0881933835426025e-06,0.0
3.060671425218341e-07,0.0,-0.0030240140602158278,0.33324288765163884,-2.088191564553199e-06,0.0
3.0609604301104416e-07,0.0,-0.00276808451137845,0.30503974402728196,-2.0881933835426025e-06,0.0
3.0612485859379433e-07,0.0,-0.0025344741044791255,0.27929614482182963,-2.0881933835426025e-06,0.0
3.061537479035703e-07,0.0,-0.0023200549560416658,0.25566740003392424,-2.0881933835426025e-06,0.0
3.061825731616715e-07,0.0,-0.002124192698709089,0.23408360356458485,-2.0881933835426025e-06,0.0
3.062114540417397e-07,0.0,-0.0019445340042900194,0.21428542108702311,-2.0881933835426025e-06,0.0
3.062402866017404e-07,0.0,-0.0017803339181321942,0.19619075959280977,-2.0881933835426025e-06,0.0
3.062691611246925e-07,0.0,-0.0016297896477323404,0.17960095333333378,-2.088191564553199e-06,0.0
3.0629799919495843e-07,0.0,-0.0014921419727459812,0.16443233713951108,-2.088191564553199e-06,0.0
3.063268689233235e-07,0.0,-0.0013659871547981727,0.15053022062529314,-2.088191564553199e-06,0.0
3.063557111515641e-07,0.0,-0.0012506036013076956,0.1378150851276649,-2.0881933835426025e-06,0.0
3.0638457726355806e-07,0.0,-0.0011448826009933307,0.12616475192536353,-2.0881933835426025e-06,0.0
3.064134226291925e-07,0.0,-0.0010481654503124382,0.11550663264620488,-2.0881933835426025e-06,0.0
3.0644228601335466e-07,0.0,-0.0009595657768466112,0.10574305006216525,-2.0881933835426025e-06,0.0
3.0647113374620955e-07,0.0,-0.0008784974103065104,0.09680940887967049,-2.0881933835426025e-06,0.0
3.064999950726852e-07,0.0,-0.000804244562815876,0.08862683009349115,-2.088195202532006e-06,0.0
3.065288445915949e-07,0.0,-0.0007362943912742887,0.0811387989815203,-2.0881933835426025e-06,0.0
3.0655770436584957e-07,0.0,-0.0006740641121742402,0.07428109346816701,-2.0881933835426025e-06,0.0
3.0658655523229544e-07,0.0,-0.0006171102660491699,0.06800484482808025,-2.0881933835426025e-06,0.0
3.0661541383560326e-07,0.0,-0.0005649552418604682,0.06225742087144732,-2.088191564553199e-06,0.0
3.0664426571871445e-07,0.0,-0.0005172187442781918,0.05699691348840447,-2.088191564553199e-06,0.0
3.0667312343868157e-07,0.0,-0.00047350732544140843,0.05217996517501631,-2.0881933835426025e-06,0.0
3.06701976088818e-07,0.0,-0.00043349679868165744,0.04777085093162411,-2.088195202532006e-06,0.0
3.0673083314240106e-07,0.0,-0.0003968617361188099,0.043733708978370554,-2.088191564553199e-06,0.0
3.0675968637121505e-07,0.0,-0.0003633269811710179,0.04003821737494157,-2.088191564553199e-06,0.0
3.0678854292207955e-07,0.0,-0.0003326225223554598,0.03665462116506099,-2.0881933835426025e-06,0.0
3.0681739658746973e-07,0.0,-0.00030451556366457047,0.0335572664952067,-2.088191564553199e-06,0.0
3.0684625275908216e-07,0.0,-0.00027878153240244155,0.030721405711389017,-2.0881933835426025e-06,0.0
3.0687510675384e-07,0.0,-0.00025522393736735063,0.028125385708119968,-2.088191564553199e-06,0.0
3.069039626393418e-07,0.0,-0.00023365565253450135,0.02574858541170844,-2.088191564553199e-06,0.0
3.0693281688258436e-07,0.0,-0.00021391112142332247,0.023572760687523984,-2.0881933835426025e-06,0.0
3.069616725522416e-07,0.0,-0.00019583420046244632,0.02158070469275696,-2.088191564553199e-06,0.0
3.069905269829476e-07,0.0,-0.00017928558080947132,0.01975706575247184,-2.088191564553199e-06,0.0
3.070193824897692e-07,0.0,-0.00016413483158247543,0.01808747053278789,-2.088191564553199e-06,0.0
3.0704823706190254e-07,0.0,-0.00015026484542085474,0.016559013936653072,-2.0881933835426025e-06,0.0
3.070770924458785e-07,0.0,-0.00013756658102253013,0.0151596797373932,-2.0881933835426025e-06,0.0
3.07105947124708e-07,0.0,-0.00012594166683456697,0.013878627502514292,-2.088195202532006e-06,0.0
3.0713480241600734e-07,0.0,-0.00011529888701203585,0.012705805350314986,-2.0881933835426025e-06,0.0
3.0716365717533083e-07,0.0,-0.00010555565403647664,0.011632112230821102,-2.0881933835426025e-06,0.0
3.0719251239671317e-07,0.0,-9.663562775646855e-05,0.010649135546738586,-2.088191564553199e-06,0.0
3.072213672167632e-07,0.0,-8.846950094311519e-05,0.00974923772078826,-2.0881933835426025e-06,0.0
3.0725022238539916e-07,0.0,-8.099336052214357e-05,0.008925375605360714,-2.0881933835426025e-06,0.0
3.0727907725126255e-07,0.0,-7.414906226311567e-05,0.008171141772818037,-2.0881933835426025e-06,0.0
3.0730793238010575e-07,0.0,-6.788308287499146e-05,0.007480638017771866,-2.088191564553199e-06,0.0
3.0733678728053153e-07,0.0,-6.214665465491887e-05,0.006848490195193334,-2.088191564553199e-06,0.0
3.073656423793545e-07,0.0,-5.689494603975821e-05,0.0062697579181524386,-2.0881933835426025e-06,0.0
3.073944973058548e-07,0.0,-5.20870610309379e-05,0.005739934494424445,-2.0881933835426025e-06,0.0
3.0742335238202993e-07,0.0,-4.768544258432631e-05,0.0052548811807420414,-2.0881933835426025e-06,0.0
3.0745220732820137e-07,0.0,-4.3655800407099955e-05,0.004810819226095391,-2.0881933835426025e-06,0.0
3.0748106238729055e-07,0.0,-3.9966667950855444e-05,0.004404281052870877,-2.088191564553199e-06,0.0
3.075099173483024e-07,0.0,-3.65892965464985e-05,0.0040320985906504665,-2.0881933835426025e-06,0.0
3.075387723945015e-07,0.0,-3.3497320166936794e-05,0.0036913663334307146,-2.0881933835426025e-06,0.0
3.075676273667093e-07,0.0,-3.066663802362584e-05,0.0033794284019073553,-2.0881933835426025e-06,0.0
3.0759648240318395e-07,0.0,-2.8075156395008968e-05,0.003093850093257399,-2.0881933835426025e-06,0.0
3.0762533738383815e-07,0.0,-2.570267209590739e-05,0.0028324050396038958,-2.0881933835426025e-06,0.0
3.0765419241297646e-07,0.0,-2.3530670513205045e-05,0.0025930529517770883,-2.0881933835426025e-06,0.0
3.076830474000028e-07,0.0,-2.1542216473560538e-05,0.0023739275930641326,-2.0881933835426025e-06,0.0
3.077119024236065e-07,0.0,-1.9721794086917864e-05,0.002173319130142078,-2.0881933835426025e-06,0.0
3.0774075741544004e-07,0.0,-1.805520803037211e-05,0.001989663254680155,-2.0881933835426025e-06,0.0
3.077696124348683e-07,0.0,-1.6529455080150013e-05,0.001821527026303766,-2.0881933835426025e-06,0.0
3.077984674303285e-07,0.0,-1.5132636791025382e-05,0.0016675992499714223,-2.088195202532006e-06,0.0
3.078273224466067e-07,0.0,-1.3853855467895421e-05,0.0015266790121581356,-2.0881933835426025e-06,0.0
3.0785617744480295e-07,0.0,-1.2683138081509111e-05,0.0013976672964589785,-2.088195202532006e-06,0.0
3.078850324587047e-07,0.0,-1.1611351383527997e-05,0.00127955762936221,-2.088191564553199e-06,0.0
3.079138874589651e-07,0.0,-1.0630136305390724e-05,0.0011714288510826293,-2.0881933835426025e-06,0.0
3.0794274247107397e-07,0.0,-9.731838270736973e-06,0.0010724374360683577,-2.088191564553199e-06,0.0
3.079715974728916e-07,0.0,-8.909451054346384e-06,0.0009818113063216115,-2.088191564553199e-06,0.0
3.0800045248364793e-07,0.0,-8.156559296168784e-06,0.0008988434965081918,-2.0881933835426025e-06,0.0
3.0802957353895534e-07,0.0,-7.461206335355611e-06,0.0008222163962925556,-2.0881933835426025e-06,0.0
3.0805985231770794e-07,0.0,-6.8009641408161735e-06,0.0007494584623237582,-2.0881933835426025e-06,0.0
3.0809086470044057e-07,0.0,-6.185225818296674e-06,0.0006816048041021414,-2.088191564553199e-06,0.0
3.081230603902375e-07,0.0,-5.604869969483083e-06,0.0006176502539754534,-2.0881933835426025e-06,0.0
3.081560942189891e-07,0.0,-5.065936147108156e-06,0.0005582603637410951,-2.0881933835426025e-06,0.0
3.081903932177476e-07,0.0,-4.561096797818207e-06,0.0005026276454081135,-2.0881933835426025e-06,0.0
3.082257043639285e-07,0.0,-4.093840627821818e-06,0.0004511365504063994,-2.0881933835426025e-06,0.0
3.0826240793728423e-07,0.0,-3.6587929037345133e-06,0.00040319478927078426,-2.0881933835426025e-06,0.0
3.0830031881657223e-07,0.0,-3.257888412733771e-06,0.0003590155733326109,-2.0881933835426025e-06,0.0
3.0833978622917984e-07,0.0,-2.887089638545605e-06,0.0003181539729212168,-2.0881933835426025e-06,0.0
3.0838068974685105e-07,0.0,-2.547240646207236e-06,0.00028070300303718057,-2.0881933835426025e-06,0.0
3.084233629431313e-07,0.0,-2.235218284105202e-06,0.0002463184959481707,-2.0881933835426025e-06,0.0
3.0846774867071864e-07,0.0,-1.9511271366991008e-06,0.0002150119767421085,-2.0881924740479008e-06,0.0
3.085141803479192e-07,0.0,-1.6924702470830176e-06,0.00018650828362624778,-2.0881933835426025e-06,0.0
3.085626673095319e-07,0.0,-1.45885684641111e-06,0.0001607643543215216,-2.0881933835426025e-06,0.0
3.0861356087100017e-07,0.0,-1.2482162283681677e-06,0.00013755199936222497,-2.0881933835426025e-06,0.0
3.086669460668413e-07,0.0,-1.0598318087477302e-06,0.00011679225198958113,-2.0881933835426025e-06,0.0
3.087232151723013e-07,0.0,-8.919226132652189e-07,9.828885087593348e-05,-2.0881933835426025e-06,0.0
3.0878254690380397e-07,0.0,-7.435638280735408e-07,8.193988259449677e-05,-2.0881933835426025e-06,0.0
3.088454068542639e-07,0.0,-6.13172478835901e-07,6.757090518525559e-05,-2.0881924740479008e-06,0.0
3.089120994463456e-07,0.0,-4.996972127834764e-07,5.506606077700427e-05,-2.0881933835426025e-06,0.0
3.089832129612067e-07,0.0,-4.0169309442674345e-07,4.4266119132756224e-05,-2.0881933835426025e-06,0.0
3.0905923387570254e-07,0.0,-3.1803968085838447e-07,3.5047608727077315e-05,-2.0881942930373043e-06,0.0
3.091409545135109e-07,0.0,-2.47392972672387e-07,2.726242236389723e-05,-2.0881924740479008e-06,0.0
3.092291451809444e-07,0.0,-1.8860524889166718e-07,2.078408250564148e-05,-2.0881924740479008e-06,0.0
3.0932494695047045e-07,0.0,-1.404134237310554e-07,1.5473398544696423e-05,-2.0881933835426025e-06,0.0
3.0942494695047046e-07,0.0,-1.0317167878942861e-07,1.1369400887865717e-05,-2.0881933835426025e-06,0.0
3.0952494695047047e-07,0.0,-7.580753336408181e-08,8.353903389459801e-06,-2.0881933835426025e-06,0.0
3.096249469504705e-07,0.0,-5.570115929252849e-08,6.138203985305034e-06,-2.0881933835426025e-06,0.0
3.097249469504705e-07,0.0,-4.0927583432154255e-08,4.510172838813619e-06,-2.0881933835426025e-06,0.0
3.098249469504705e-07,0.0,-3.007239179333538e-08,3.3139431476487854e-06,-2.0881933835426025e-06,0.0
3.099249469504705e-07,0.0,-2.2096314327379874e-08,2.43498854219901e-06,-2.0881933835426025e-06,0.0
3.100249469504705e-07,0.0,-1.6235725784847093e-08,1.789158394237135e-06,-2.0881933835426025e-06,0.0
3.101249469504705e-07,0.0,-1.1929536657443754e-08,1.314621282274429e-06,-2.0881933835426025e-06,0.0
3.102249469504705e-07,0.0,-8.765474777405654e-09,9.659452854344673e-07,-2.0881933835426025e-06,0.0
3.1032494695047053e-07,0.0,-6.440614608969872e-09,7.097483564535053e-07,-2.0881933835426025e-06,0.0
3.1042494695047054e-07,0.0,-4.732375324115431e-09,5.215023429219134e-07,-2.0881933835426025e-06,0.0
3.1052494695047055e-07,0.0,-3.4772110378152277e-09,3.831846755264191e-07,-2.0881933835426025e-06,0.0
3.1062494695047055e-07,0.0,-2.554953014755196e-09,2.8155289722307587e-07,-2.0881933835426025e-06,0.0
3.1072494695047056e-07,0.0,-1.8773047815447403e-09,2.0687683771749008e-07,-2.0881933835426025e-06,0.0
3.1082494695047057e-07,0.0,-1.3793886707040835e-09,1.5200705233759146e-07,-2.0881933835426025e-06,0.0
3.109249469504706e-07,0.0,-1.0135344689999225e-09,1.116903381514221e-07,-2.0881933835426025e-06,0.0
3.110249469504706e-07,0.0,-7.44715497262521e-10,8.20667952212765e-08,-2.0881933835426025e-06,0.0
3.111249469504706e-07,0.0,-5.471951757381781e-10,6.03002819165984e-08,-2.0881933835426025e-06,0.0
3.112249469504706e-07,0.0,-4.0206301794509374e-10,4.430688428148259e-08,-2.0881933835426025e-06,0.0
3.113249469504706e-07,0.0,-2.954241513333366e-10,3.255540326408211e-08,-2.0881933835426025e-06,0.0
3.114249469504706e-07,0.0,-2.170690297075915e-10,2.3920758565502478e-08,-2.0881933835426025e-06,0.0
3.115249469504706e-07,0.0,-1.5949597704943383e-10,1.7576274073691684e-08,-2.0881933835426025e-06,0.0
3.1162494695047063e-07,0.0,-1.1719298108780012e-10,1.2914532349281077e-08,-2.0881933835426025e-06,0.0
3.1172494695047064e-07,0.0,-8.610997638540512e-11,9.489220815592213e-09,-2.0881933835426025e-06,0.0
3.1182494695047064e-07,0.0,-6.327109323114033e-11,6.9724020391710315e-09,-2.0881933835426025e-06,0.0
3.1192494695047065e-07,0.0,-4.648974958666113e-11,5.12311718112368e-09,-2.0881933835426025e-06,0.0
3.1202494695047066e-07,0.0,-3.415930887240075e-11,3.7643167310307285e-09,-2.0881933835426025e-06,0.0
3.1212494695047067e-07,0.0,-2.5099261518344025e-11,2.765909884655438e-09,-2.0881933835426025e-06,0.0
3.1222494695047067e-07,0.0,-1.844220358851807e-11,2.0323097222320513e-09,-2.0881933835426025e-06,0.0
3.123249469504707e-07,0.0,-1.3550792042747294e-11,1.4932817695879235e-09,-2.0881933835426025e-06,0.0
3.124249469504707e-07,0.0,-9.9567258362739e-12,1.0972197883964934e-09,-2.0881933835426025e-06,0.0
3.125249469504707e-07,0.0,-7.315911061859652e-12,8.062050234371352e-10,-2.0881933835426025e-06,0.0
3.126249469504707e-07,0.0,-5.375517567757855e-12,5.923758819234654e-10,-2.0881933835426025e-06,0.0
3.127249469504707e-07,0.0,-3.949773156911943e-12,4.352604800061495e-10,-2.0881933835426025e-06,0.0
3.128249469504707e-07,0.0,-2.9021778440269074e-12,3.1981667592546023e-10,-2.0881933835426025e-06,0.0
3.129249469504707e-07,0.0,-2.1324354354869327e-12,2.349919436714557e-10,-2.0881933835426025e-06,0.0
3.1302494695047073e-07,0.0,-1.5668512161146319e-12,1.7266521025112503e-10,-2.0881933835426025e-06,0.0
3.1312494695047074e-07,0.0,-1.1512764672595208e-12,1.2686934864775336e-10,-2.0881933835426025e-06,0.0
3.1322494695047075e-07,0.0,-8.459242904304856e-13,9.321988837759587e-11,-2.0881933835426025e-06,0.0
3.1332494695047076e-07,0.0,-6.215604383730126e-13,6.84952487086491e-11,-2.0881933835426025e-06,0.0
3.1342494695047076e-07,0.0,-4.567044386662243e-13,5.0328306301499424e-11,-2.0881933835426025e-06,0.0
3.1352494695047077e-07,0.0,-3.3557307001767656e-13,3.697976812890958e-11,-2.0881933835426025e-06,0.0
3.136249469504708e-07,0.0,-2.4656928126155556e-13,2.717165252244925e-11,-2.0881933835426025e-06,0.0
3.137249469504708e-07,0.0,-1.8117189957990649e-13,1.996493591379925e-11,-2.0881933835426025e-06,0.0
3.138249469504708e-07,0.0,-1.3311981516478063e-13,1.4669651237175146e-11,-2.0881933835426025e-06,0.0
3.139249469504708e-07,0.0,-9.781254853583712e-14,1.0778830863747395e-11,-2.0881933835426025e-06,0.0
3.140249469504708e-07,0.0,-7.18698010481865e-14,7.919969800973867e-12,-2.0881933835426025e-06,0.0
3.141249469504708e-07,0.0,-5.2807828772895955e-14,5.819362270477969e-12,-2.0881933835426025e-06,0.0
3.142249469504708e-07,0.0,-3.8801648695663984e-14,4.275897268053692e-12,-2.0881933835426025e-06,0.0
3.1432494695047083e-07,0.0,-2.851031714854287e-14,3.1418043072705887e-12,-2.0881933835426025e-06,0.0
3.1442494695047084e-07,0.0,-2.0948547504604585e-14,2.3085059547450185e-12,-2.0881933835426025e-06,0.0
3.1452494695047085e-07,0.0,-1.5392380312901983e-14,1.696222686678236e-12,-2.0881933835426025e-06,0.0
3.1462494695047085e-07,0.0,-1.1309871030403052e-14,1.2463348413230022e-12,-2.0881933835426025e-06,0.0
3.1472494695047086e-07,0.0,-8.310162615381807e-15,9.15770404968819e-13,-2.0881933835426025e-06,0.0
3.1482494695047087e-07,0.0,-6.106064522210193e-15,6.728813211431308e-13,-2.0881933835426025e-06,0.0
3.149249469504709e-07,0.0,-4.486557718777907e-15,4.944135231790189e-13,-2.0881933835426025e-06,0.0
3.150249469504709e-07,0.0,-3.2965914326954193e-15,3.63280602717241e-13,-2.0881933835426025e-06,0.0
3.151249469504709e-07,0.0,-2.4222390221587386e-15,2.6692796641601256e-13,-2.0881933835426025e-06,0.0
3.152249469504709e-07,0.0,-1.7797904087628787e-15,1.9613086611825636e-13,-2.0881933835426025e-06,0.0
3.153249469504709e-07,0.0,-1.3077379696431743e-15,1.4411122656366174e-13,-2.0881933835426025e-06,0.0
3.154249469504709e-07,0.0,-9.608876207260875e-16,1.0588871620607058e-13,-2.0881933835426025e-06,0.0
3.155249469504709e-07,0.0,-7.060321389155579e-16,7.780393302557282e-14,-2.0881933835426025e-06,0.0
3.1562494695047093e-07,0.0,-5.187717692975454e-16,5.716805539934141e-14,-2.0881933835426025e-06,0.0
3.1572494695047094e-07,0.0,-3.8117833462035947e-16,4.200541580689393e-14,-2.0881933835426025e-06,0.0
3.1582494695047094e-07,0.0,-2.8007869254049553e-16,3.0864351512032246e-14,-2.0881933835426025e-06,0.0
3.1592494695047095e-07,0.0,-2.0579363863998348e-16,2.26782231758158e-14,-2.0881933835426025e-06,0.0
3.1602494695047096e-07,0.0,-1.5121114641882093e-16,1.666329539467232e-14,-2.0881933835426025e-06,0.0
3.1612494695047097e-07,0.0,-1.1110553221236998e-16,1.2243702306780757e-14,-2.0881933835426025e-06,0.0
3.1622494695047097e-07,0.0,-8.1637094826817e-17,8.996314511964873e-15,-2.0881933835426025e-06,0.0
3.16324946950471e-07,0.0,-5.998455239849474e-17,6.610228897339204e-15,-2.0881933835426025e-06,0.0
3.16424946950471e-07,0.0,-4.407489396169019e-17,4.857002944570967e-15,-2.0881933835426025e-06,0.0
3.16524946950471e-07,0.0,-3.238494483118483e-17,3.568783769842702e-15,-2.0881933835426025e-06,0.0
3.16624946950471e-07,0.0,-2.3795509614032642e-17,2.622237981141304e-15,-2.0881933835426025e-06,0.0
3.16724946950471e-07,0.0,-1.7484245719981672e-17,1.9267438077706956e-15,-2.0881933835426025e-06,0.0
3.16824946950471e-07,0.0,-1.2846911830356121e-17,1.415715021837573e-15,-2.0881933835426025e-06,0.0
3.16924946950471e-07,0.0,-9.439535892259742e-18,1.0402260098115513e-15,-2.0881933835426025e-06,0.0
3.1702494695047103e-07,0.0,-6.935894452946514e-18,7.643276611315104e-16,-2.0881933835426025e-06,0.0
3.1712494695047104e-07,0.0,-5.0962929463658254e-18,5.616056203864666e-16,-2.0881933835426025e-06,0.0
3.1722494695047105e-07,0.0,-3.744606667110728e-18,4.1265139138825463e-16,-2.0881933835426025e-06,0.0
3.1732494695047106e-07,0.0,-2.751427845391766e-18,3.032041785870688e-16,-2.0881933835426025e-06,0.0
3.1742494695047106e-07,0.0,-2.0216684553434687e-18,2.2278556628774337e-16,-2.0881933835426025e-06,0.0
3.1752494695047107e-07,0.0,-1.485463121787929e-18,1.6369632100450412e-16,-2.0881933835426025e-06,0.0
3.176249469504711e-07,0.0,-1.0914746676941515e-18,1.202792710310185e-16,-2.0881933835426025e-06,0.0
3.177249469504711e-07,0.0,-8.019838520934522e-19,8.837769200709418e-17,-2.0881933835426025e-06,0.0
3.178249469504711e-07,0.0,-5.892741399285413e-19,6.493734437469806e-17,-2.0881933835426025e-06,0.0
3.179249469504711e-07,0.0,-4.329815367333632e-19,4.771406221337461e-17,-2.0881933835426025e-06,0.0
3.180249469504711e-07,0.0,-3.1814206815376364e-19,3.5058897998685605e-17,-2.0881933835426025e-06,0.0
3.181249469504711e-07,0.0,-2.33761581450695e-19,2.5760253308294058e-17,-2.0881933835426025e-06,0.0
3.182249469504711e-07,0.0,-1.7176109923868572e-19,1.8927881032336488e-17,-2.0881933835426025e-06,0.0
3.1832494695047113e-07,0.0,-1.2620509943754723e-19,1.390765362926422e-17,-2.0881933835426025e-06,0.0
3.1842494695047114e-07,0.0,-9.273176225948295e-20,1.0218937297655603e-17,-2.0881933835426025e-06,0.0
3.1852494695047115e-07,0.0,-6.813663472120432e-20,7.508576377617195e-18,-2.0881933835426025e-06,0.0
3.1862494695047115e-07,0.0,-5.006476753854589e-20,5.5170824095258584e-18,-2.0881933835426025e-06,0.0
3.1872494695047116e-07,0.0,-3.6786161198958015e-20,4.053790863764118e-18,-2.0881933835426025e-06,0.0
3.1882494695047117e-07,0.0,-2.702936728298658e-20,2.9786070142890934e-18,-2.0881933835426025e-06,0.0
3.189249469504712e-07,0.0,-1.986041306521367e-20,2.188593355219831e-18,-2.0881933835426025e-06,0.0
3.190249469504712e-07,0.0,-1.4592830399002013e-20,1.6081144139166888e-18,-2.0881933835426025e-06,0.0
3.191249469504712e-07,0.0,-1.0722402541731776e-20,1.1815954585516736e-18,-2.0881933835426025e-06,0.0
3.192249469504712e-07,0.0,-7.878493181364709e-21,8.682017989692468e-19,-2.0881933835426025e-06,0.0
3.193249469504712e-07,0.0,-5.78889895813032e-21,6.379293002747745e-19,-2.0881933835426025e-06,0.0
3.194249469504712e-07,0.0,-4.2535031232563326e-21,4.687317999285987e-19,-2.0881933835426025e-06,0.0
3.195249469504712e-07,0.0,-3.1253587255655312e-21,3.4441042338833293e-19,-2.0881933835426025e-06,0.0
3.1962494695047123e-07,0.0,-2.2964146077838924e-21,2.530627102159625e-19,-2.0881933835426025e-06,0.0
3.1972494695047124e-07,0.0,-1.6873447738695964e-21,1.8594308129312324e-19,-2.0881933835426025e-06,0.0
3.1982494695047124e-07,0.0,-1.2398061375730104e-21,1.3662554004342728e-19,-2.0881933835426025e-06,0.0
3.1992494695047125e-07,0.0,-9.109779443247958e-22,1.0038845265280197e-19,-2.0881933835426025e-06,0.0
3.2e-07,0.0,-7.234276601168962e-22,7.972111965873939e-20,-2.0881924740479008e-06,0.0
3.200000017010839e-07,2.8067884021880303e-06,-7.2342389797708075e-22,7.972070498536809e-20,-2.0980232022793643e-06,-0.007424999913892073
3.200000051032517e-07,8.420365293914364e-06,-7.234163737497135e-22,7.971987564293933e-20,-2.0980232022793643e-06,-0.007425000150605156
3.200000119075873e-07,1.9647519077367034e-05,-7.234013255335822e-22,7.971821698396485e-20,-2.0831220410855167e-06,-0.007424999930809377
3.200000255162585e-07,4.210182655692209e-05,-7.23371230018768e-22,7.97148997695453e-20,-2.0868473313839786e-06,-0.007425000126671255
3.200000527336009e-07,8.701044151603221e-05,-7.233110426774203e-22,7.970826575480203e-20,-2.0887099765332096e-06,-0.007424999998478577
3.200001071682857e-07,0.00017682767143425244,-7.231906827633024e-22,7.969499938152663e-20,-2.087778653958594e-06,-0.007425000262009651
3.200002160376554e-07,0.00035646213135804325,-7.229500220267394e-22,7.966847325844253e-20,-2.0887099765332096e-06,-0.007425000276376478
3.200004337763946e-07,0.0007157310511182745,-7.224689369552155e-22,7.961544749512204e-20,-2.088244315245902e-06,-0.007425000799752751
3.200008692538732e-07,0.0014342688907260871,-7.215077126089188e-22,7.950950181178121e-20,-2.088127899924075e-06,-0.007425001360888972
3.200017402088302e-07,0.0028713445698543625,-7.195890477262151e-22,7.929803311461757e-20,-2.0881861075849883e-06,-0.007425002964264571
3.200034821187443e-07,0.005745495928110913,-7.157668474021422e-22,7.887678078559095e-20,-2.0881570037545316e-06,-0.00742500569171789
3.200069659385725e-07,0.011493798644624015,-7.081827997761447e-22,7.804097175270544e-20,-2.0881861075849883e-06,-0.00742501162592224
3.200139335782289e-07,0.022990404077650215,-6.932538458716439e-22,7.639578332148083e-20,-2.088178831627374e-06,-0.007425023015031673
3.200278688575417e-07,0.04598361494378997,-6.643296698576855e-22,7.320836825473811e-20,-1.8353942294879744e-05,-0.007425046272604874
3.2005573941616727e-07,0.09197003667598212,-6.100276146061103e-22,6.722434519044898e-20,-0.00017562705957629987,-0.00742509230825128
3.2011148053341846e-07,0.18394288014045382,-5.142165679166763e-22,5.666607676148402e-20,-0.00099144762322112,-0.007425184859108924
3.2021148053341847e-07,0.3489428801404662,-3.7783129632762354e-22,4.163657657895608e-20,-0.004130118329442212,-0.007425350449402401
3.203114805334185e-07,0.5139428801404786,-2.7761939469786507e-22,3.059333923041166e-20,-0.00941990014675298,-0.00742551635944011
3.204114805334185e-07,0.6789428801404911,-2.0398661166216959e-22,2.247909127420332e-20,-0.016860793075181846,-0.007425681949740692
3.205114805334185e-07,0.8439428801405033,-1.4988340160601212e-22,1.651697909503558e-20,-0.02645279711472881,-0.00742584785976419
3.2051934235595756e-07,0.8569148873299608,-1.4632301484350642e-22,1.6124628715824538e-20,-0.027298109533120396,-0.0074258607309047875
3.2053506600103564e-07,0.8828589017087881,-1.394529902197444e-22,1.5367559872534588e-20,-0.02902862133262829,-0.007425886952660221
3.205379739962853e-07,0.8876570938706961,-1.3821845294871031e-22,1.5231515277961104e-20,-0.0293544966619379,-0.007425891612953706
3.2054378998678456e-07,0.8972534781945124,-1.3578202092375202e-22,1.4963023257649476e-20,-0.030011704635398928,-0.007425901412673852
3.205455571597865e-07,0.9001693136476981,-1.3505027751206022e-22,1.4882385971366932e-20,-0.03018944404652757,-0.007425904182142062
3.205477020776675e-07,0.9037084281513509,-1.3416741400994938e-22,1.478509542413938e-20,-0.029945500394148894,-0.0074259078968026415
3.2054880084984624e-07,0.9055214022462923,-1.3371739067705838e-22,1.4735503368043043e-20,-0.02982084386243855,-0.007425909558577359
3.205501509243122e-07,0.9077490251151515,-1.3316650764726866e-22,1.4674796688830535e-20,-0.029668004483255572,-0.007425911955706965
3.2055285107324417e-07,0.9122042708528701,-1.3207153610296175e-22,1.4554132078204034e-20,-0.029363939278482576,-0.007425916271827759
3.205582513711081e-07,0.9211147623283946,-1.2990849287690308e-22,1.4315767191012172e-20,-0.028760121886563184,-0.007425925382349874
3.20569051966836e-07,0.9389357452793562,-1.2568782096206481e-22,1.3850653977977605e-20,-0.02757130698967103,-0.007425943124758305
3.2059065315829174e-07,0.9745777111813668,-1.1765128464895307e-22,1.2965036876793613e-20,-0.025268957249181767,-0.0074259790884099175
3.2063385554120327e-07,1.045861642985388,-1.0307203354684502e-22,1.1358420096203291e-20,-0.020965377643165084,-0.007426050536793127
3.2072026030702633e-07,1.1884295065934303,-7.901725347071178e-23,8.707610870613158e-21,-0.013562698200132672,-0.00742619391245114
3.2082026030702634e-07,1.3534295065934427,-5.805956779124832e-23,6.398097901864698e-21,-0.007000141572831353,-0.007426359502971991
3.2092026030702634e-07,1.518429506593455,-4.266047304915091e-23,4.701135290737092e-21,-0.002588696056648132,-0.007426525412824958
3.2102026030702635e-07,1.6834295065934675,-3.1345668423188183e-23,3.4542567745599174e-21,-0.0003283616515545873,-0.007426691003331598
3.2112026030702636e-07,1.84842950659348,-2.3031880770847136e-23,2.5380868932028277e-21,-2.0881933835426025e-06,-0.007426856913127722
3.2122026030702637e-07,2.013429506593492,-1.6923152656409768e-23,1.8649120484879695e-21,-2.0881933835426025e-06,-0.007427022503691205
3.2132026030702637e-07,2.1784295065935044,-1.2434637825776978e-23,1.3702828527697946e-21,-2.0881933835426025e-06,-0.0074271884134304855
3.214202603070264e-07,2.3434295065935173,-9.13660834937853e-24,1.0068437801757488e-21,-2.0881933835426025e-06,-0.007427354003965547
3.215202603070264e-07,2.5084295065935294,-6.713312707573318e-24,7.397993747272682e-22,-2.0881933835426025e-06,-0.007427519913790093
3.216202603070264e-07,2.673429506593542,-4.932745914710935e-24,5.435829526118968e-22,-2.0881933835426025e-06,-0.007427685504296733
3.217202603070264e-07,2.8384295065935543,-3.624437489947426e-24,3.9940886200288994e-22,-2.0881933835426025e-06,-0.007427851414092856
3.218202603070264e-07,3.0034295065935668,-2.6631307076605786e-24,2.9347395513402303e-22,-2.0881933835426025e-06,-0.007428017004599496
3.219202603070264e-07,3.1684295065935792,-1.956790587710403e-24,2.1563608255988907e-22,-2.0881933835426025e-06,-0.00742818291439562
3.22e-07,3.299999999999986,-1.5315168092617748e-24,1.6877139904374797e-22,-2.0881933835426025e-06,-0.0074283149235157
3.220003589587719e-07,3.3000000000000003,-1.5298376217297145e-24,1.6858635450010115e-22,-2.0881861075849883e-06,-3.315003482384782e-06
3.220010768763157e-07,3.3000000000000003,-1.526482928858962e-24,1.6821667118633707e-22,-2.0881861075849883e-06,-3.3150031413242687e-06
3.220025127114033e-07,3.3000000000000003,-1.5197955878861878e-24,1.6747973386704852e-22,-2.088215211415445e-06,-3.315003482384782e-06
3.2200538438157844e-07,3.3000000000000003,-1.506508603191006e-24,1.6601552336517493e-22,-2.08817155566976e-06,-3.3150031413242687e-06
3.2201112772192874e-07,3.3000000000000003,-1.4802816059774937e-24,1.6312533829782277e-22,-2.0881933835426025e-06,-3.3150035392282007e-06
3.2202261440262936e-07,3.3000000000000003,-1.4291855584665897e-24,1.5749461235877692e-22,-2.088175193648567e-06,-3.3150031413242687e-06
3.2204558776403064e-07,3.3000000000000003,-1.3321948607736951e-24,1.4680634851156311e-22,-2.088207935457831e-06,-3.315003482384782e-06
3.2209153448683314e-07,3.3000000000000003,-1.1573120313759581e-24,1.2753446092421377e-22,-2.0881933835426025e-06,-3.3150031981676875e-06
3.2218342793243815e-07,3.3000000000000003,-8.721770203310168e-25,9.611290914013315e-23,-2.0881938382899534e-06,-3.315003482384782e-06
3.2228342793243816e-07,3.3000000000000003,-6.408501765585838e-25,7.062095578787584e-23,-2.0881933835426025e-06,-3.3150031981676875e-06
3.2238342793243816e-07,3.3000000000000003,-4.708779745642558e-25,5.189021371855026e-23,-2.0881933835426025e-06,-3.3150035392282007e-06
3.2248342793243817e-07,3.3000000000000003,-3.4598736965408917e-25,3.8127412036797774e-23,-2.0881933835426025e-06,-3.3150031981676875e-06
3.225834279324382e-07,3.3000000000000003,-2.5422140432635582e-25,2.80149077147483e-23,-2.0881933835426025e-06,-3.3150035392282007e-06
3.226834279324382e-07,3.3000000000000003,-1.867944557696686e-25,2.0584535176644002e-23,-2.0881933835426025e-06,-3.3150031981676875e-06
3.227834279324382e-07,3.3000000000000003,-1.3725110518806876e-25,1.5124914661611664e-23,-2.0881933835426025e-06,-3.3150035392282007e-06
3.228834279324382e-07,3.3000000000000003,-1.0084809957418848e-25,1.1113345118455664e-23,-2.0881933835426025e-06,-3.3150031981676875e-06
3.229834279324382e-07,3.3000000000000003,-7.410023528610086e-26,8.165761095854136e-24,-2.0881933835426025e-06,-3.3150035392282007e-06
3.230834279324382e-07,3.3000000000000003,-5.444668657760645e-26,5.999962528278874e-24,-2.0881933835426025e-06,-3.3150031981676875e-06
3.231834279324382e-07,3.3000000000000003,-4.0005833555449213e-26,4.408597057661662e-24,-2.0881933835426025e-06,-3.3150035392282007e-06
3.2328342793243823e-07,3.3000000000000003,-2.939511693127565e-26,3.2393082332129696e-24,-2.0881933835426025e-06,-3.3150031981676875e-06
3.2338342793243824e-07,3.3000000000000003,-2.1598672558688304e-26,2.3801489890135076e-24,-2.0881933835426025e-06,-3.3150035392282007e-06
3.2348342793243825e-07,3.3000000000000003,-1.5870073161785312e-26,1.748863893783574e-24,-2.0881933835426025e-06,-3.3150031981676875e-06
3.2358342793243825e-07,3.3000000000000003,-1.1660865799754477e-26,1.2850140613455881e-24,-2.0881933835426025e-06,-3.3150035392282007e-06
3.2368342793243826e-07,3.3000000000000003,-8.56806328579223e-27,9.441907650591769e-25,-2.0881933835426025e-06,-3.3150031981676875e-06
3.2378342793243827e-07,3.3000000000000003,-6.295562416180876e-27,6.9376377087229175e-25,-2.0881933835426025e-06,-3.3150035392282007e-06
3.238834279324383e-07,3.3000000000000003,-4.625795213478911e-27,5.097573367441016e-25,-2.0881933835426025e-06,-3.3150031981676875e-06
3.239834279324383e-07,3.3000000000000003,-3.398899088338719e-27,3.7455478835067763e-25,-2.0881933835426025e-06,-3.3150035392282007e-06
3.240834279324383e-07,3.3000000000000003,-2.4974116837499518e-27,2.752119084199612e-25,-2.0881933835426025e-06,-3.3150031981676875e-06
3.241834279324383e-07,3.3000000000000003,-1.83502509370983e-27,2.0221766452293718e-25,-2.0881933835426025e-06,-3.3150035392282007e-06
3.242834279324383e-07,3.3000000000000003,-1.3483227921456055e-27,1.485836280845516e-25,-2.0881933835426025e-06,-3.3150031981676875e-06
3.243834279324383e-07,3.3000000000000003,-9.907081696238468e-28,1.0917490609364728e-25,-2.0881933835426025e-06,-3.3150035392282007e-06
3.244834279324383e-07,3.3000000000000003,-7.279433998202062e-28,8.021852928355008e-26,-2.0881933835426025e-06,-3.3150031981676875e-06
3.2448722266778007e-07,3.3000000000000003,-1.8750425654865545e-15,-1.0719112267285298e-17,-2.088186107640246e-06,-3.315003482384782e-06
3.244948121384636e-07,3.3000000000000003,1.3481939252435912e-15,-1.646485543263813e-17,-2.0881715557111147e-06,-3.3150031981676875e-06
3.2450999107983064e-07,3.3000000000000003,-3.9973048908804534e-16,5.598197965463014e-18,-2.0882006594879335e-06,-3.315003482384782e-06
3.245107530567794e-07,3.3000000000000003,-7.722729993437408e-15,-3.7812963765379445e-18,-2.0881279000196486e-06,-3.3150031981676875e-06
3.2451227701067694e-07,3.3000000000000003,1.5018296989787397e-15,-1.809483483371319e-17,-2.0881861076310483e-06,-3.3150035392282007e-06
3.2451532491847205e-07,3.3000000000000003,6.905416941741152e-16,-7.850554510432774e-18,-2.0881570037756956e-06,-3.3150031413242687e-06
3.2452142073406227e-07,3.3000000000000003,1.0313418605094436e-16,-4.434927125493623e-19,-2.0881933835457412e-06,-3.3150035392282007e-06
3.245217267416051e-07,3.3000000000000003,-9.287706240026673e-15,-4.6996860396276075e-18,-2.0882443153617327e-06,-3.3150031413242687e-06
3.245223387566908e-07,3.3000000000000003,1.0558179428348096e-15,-1.231764240622734e-17,-2.088011484634617e-06,-3.3150035392282007e-06
3.2452356278686216e-07,3.3000000000000003,7.826068646094163e-16,-8.868823760856193e-18,-2.0881861076089734e-06,-3.3150031981676875e-06
3.2452601084720493e-07,3.3000000000000003,4.23979723448938e-16,-4.344363977154803e-18,-2.0881570037675115e-06,-3.315003482384782e-06
3.2452613373886616e-07,3.3000000000000003,-9.947077116472506e-15,-6.115662210636676e-18,-2.0887099766609773e-06,-3.3150031413242687e-06
3.245263795221886e-07,3.3000000000000003,8.377864810378416e-16,-9.502236679375547e-18,-2.088244315271578e-06,-3.315003482384782e-06
3.245268710888335e-07,3.3000000000000003,7.434170168666322e-16,-8.311292080913946e-18,-2.0880114846250285e-06,-3.3150031413242687e-06
3.245278542221234e-07,3.3000000000000003,5.848672039419423e-16,-6.310904196360023e-18,-2.0881861076029035e-06,-3.315003482384782e-06
3.245298204887031e-07,3.3000000000000003,3.594340361286276e-16,-3.468514931901611e-18,-2.088157003765529e-06,-3.3150031413242687e-06
3.245299191945075e-07,3.3000000000000003,-1.0144053476013503e-14,-4.930727791094269e-18,-2.0887099766593633e-06,-3.3150035960716195e-06
3.2453011660611624e-07,3.3000000000000003,7.028714353643858e-16,-7.751147492993645e-18,-2.0882443152674364e-06,-3.3150031413242687e-06
3.2453012651610076e-07,3.3000000000000003,-1.031675780728112e-14,-7.89528878828962e-18,-2.090572621820201e-06,-3.315003482384782e-06
3.2453014633606975e-07,3.3000000000000003,7.374763100780966e-16,-8.182519231429599e-18,-2.090572621705037e-06,-3.315003482384782e-06
3.2453018597600773e-07,3.3000000000000003,7.304117048330112e-16,-8.093379586732152e-18,-2.0887099765555894e-06,-3.315003482384782e-06
3.245302652558837e-07,3.3000000000000003,7.164845485523656e-16,-7.917653665154547e-18,-2.0887099765551617e-06,-3.3150031413242687e-06
3.245304238156356e-07,3.3000000000000003,6.894193716216101e-16,-7.576174158590068e-18,-2.088709976554331e-06,-3.315003482384782e-06
3.2453042694984736e-07,3.3000000000000003,-1.0371300262212787e-14,-7.622076550780502e-18,-2.098023202416819e-06,-3.315003027637431e-06
3.245304276201702e-07,3.3000000000000003,-1.0380239269457783e-14,-7.643136461562719e-18,-2.038418557641592e-06,-3.3150175795526593e-06
3.245304289608158e-07,3.3000000000000003,6.963663408377501e-16,-7.66277585641701e-18,-2.0980232023006994e-06,-3.315006665616238e-06
3.245304290728299e-07,3.3000000000000003,-1.03811886378725e-14,-7.664416456524524e-18,-2.2768371367432346e-06,-3.3150175795526593e-06
3.24530429296858e-07,3.3000000000000003,6.967612705710195e-16,-7.667697521015362e-18,-2.0384185575253206e-06,-3.3150175795526593e-06
3.245304293426413e-07,3.3000000000000003,-1.0382199959683205e-14,-7.668368344884355e-18,-2.7536742949463833e-06,-3.3151339948744862e-06
3.2453042943420786e-07,3.3000000000000003,6.969227118546954e-16,-7.669709969945231e-18,-2.7536742948300132e-06,-3.3150757872135728e-06
3.2453042961734093e-07,3.3000000000000003,6.968917209552976e-16,-7.669318965990712e-18,-2.2768371366268874e-06,-3.315046683383116e-06
3.2453042965873485e-07,3.3000000000000003,-1.0382074663485793e-14,-7.669925438267499e-18,-1.7999999785401373e-06,-3.3150175795526593e-06
3.2453042968739665e-07,3.3000000000000003,-1.0382002428630664e-14,-7.670826468407245e-18,-1.7999999785401394e-06,-3.3150175795526593e-06
3.2453042970584937e-07,3.3000000000000003,0.4531262205402636,1.266880709109499e-08,-0.013733350335010597,-3.3151339948744862e-06
3.245304297259174e-07,3.3000000000000003,0.4531329137754372,4.0224561344422086e-08,-0.013729737634592993,-3.3149011642308324e-06
3.2453042973788166e-07,3.3000000000000003,0.4531369041744677,5.665312323949102e-08,-0.013729858061928533,-3.31536682551814e-06
3.2453042975490126e-07,3.3000000000000003,0.4531425806308873,8.00235533422767e-08,-0.013733844070514686,-3.3151339948744862e-06
3.245304297889404e-07,3.3000000000000003,0.4531539334731994,1.2676528820859163e-07,-0.013734186690975881,-3.3150175795526593e-06
3.2453042985701865e-07,3.3000000000000003,0.45317663887428145,2.2025225654722278e-07,-0.013734871923193549,-3.3150175795526593e-06
3.245304299931752e-07,3.3000000000000003,0.4532220485413747,4.0724018735222497e-07,-0.013736719189978357,-3.3150175795526593e-06
3.245304302654883e-07,3.3000000000000003,0.4533128633364107,7.812720231031613e-07,-0.013739221491413737,-3.3150175795526593e-06
3.245304308101145e-07,3.3000000000000003,0.4534944747733,1.5295595722123165e-06,-0.013744702374514731,-3.315003027637431e-06
3.245304318993669e-07,3.3000000000000003,0.45385762504326976,3.0270300292288416e-06,-0.013755721518053037,-3.315010303595045e-06
3.2453043407787176e-07,3.3000000000000003,0.454583635265957,6.025551165764816e-06,-0.013777601887238882,-3.3150048466268345e-06
3.245304384348814e-07,3.3000000000000003,0.45603449521501643,1.203690463314877e-05,-0.013821416431197288,-3.3150039371321327e-06
3.245304471489007e-07,3.3000000000000003,0.45893157930764916,2.4116778872511907e-05,-0.01390883624796097,-3.315003482384782e-06
3.2453046457693934e-07,3.3000000000000003,0.46470725358640635,4.850457827218243e-05,-0.01408311970681528,-3.3150037097584573e-06
3.245304994330166e-07,3.3000000000000003,0.47618501915110134,9.81874580087397e-05,-0.014429438583142957,-3.3150032550111064e-06
3.245305691451711e-07,3.3000000000000003,0.4988493294980459,0.00020114333398768425,-0.0151131377243629,-3.3150035392282007e-06
3.2453070856948003e-07,3.3000000000000003,0.5430374869829636,0.00042110938286084315,-0.016445552281343905,-3.3150032550111064e-06
3.24530849990216e-07,3.3000000000000003,0.5863443856190835,0.0006628741069329854,-0.01775060011189141,-3.315003482384782e-06
3.245310045572762e-07,3.3000000000000003,0.6319946553327195,0.0009478227785102856,-0.019125352460447484,-3.3150031413242687e-06
3.245311461123359e-07,3.3000000000000003,0.6723129164228865,0.0012271007553154216,-0.0203386943660256,-3.315003482384782e-06
3.245313164378431e-07,3.3000000000000003,0.7190121718234933,0.0015854327328259303,-0.021743011937737085,-3.3150031413242687e-06
3.245314897791851e-07,3.3000000000000003,0.7645812882756748,0.0019741464587998882,-0.023112160619825232,-3.315003482384782e-06
3.24531692438106e-07,3.3000000000000003,0.8154657970499543,0.002457953175078172,-0.024639505040468693,-3.3150031413242687e-06
3.245319006659959e-07,3.3000000000000003,0.8651852851875665,0.002986475518489898,-0.026130190319933157,-3.3150035392282007e-06
3.24532137588645e-07,3.3000000000000003,0.9187617367414308,0.0036244924369384056,-0.02773443865254947,-3.3150031413242687e-06
3.2453238372625846e-07,3.3000000000000003,0.9712281574205348,0.004326372126560323,-0.029303113573261298,-3.3150035392282007e-06
3.245326592447686e-07,3.3000000000000003,1.0263307744705108,0.00515629911047347,-0.030947795414821216,-3.3150032550111064e-06
3.2453294806576036e-07,3.3000000000000003,1.0802410441408563,0.006073236740979386,-0.03255370787177601,-3.315003482384782e-06
3.24533267877498e-07,3.3000000000000003,1.1356573752396408,0.007140576727790341,-0.03420070264559994,-3.3150031981676875e-06
3.245336056081024e-07,3.3000000000000003,1.1896565947003928,0.008322557513688371,-0.03580127902894351,-3.315003482384782e-06
3.24533977060692e-07,3.3000000000000003,1.2441173030125168,0.009682169202402802,-0.03741045728057961,-3.3150031981676875e-06
3.2453437187914194e-07,3.3000000000000003,1.2968256258853486,0.011189700337807515,-0.038962049248936564,-3.3150035392282007e-06
3.2453478847914495e-07,3.3000000000000003,1.3471867601891585,0.01284346299255625,-0.040438080569173196,-3.3150031981676875e-06
3.245352245411825e-07,3.3000000000000003,1.3946782525207957,0.014636857113376756,-0.04182291891561504,-3.3150035392282007e-06
3.245356838657611e-07,3.3000000000000003,1.4395127798185385,0.016587571437810936,-0.04312247323419591,-3.3150031413242687e-06
3.245361656270134e-07,3.3000000000000003,1.4814221810101418,0.01869392905126825,-0.04432866809576818,-3.315003482384782e-06
3.245366731556098e-07,3.3000000000000003,1.520539238269653,0.020971883189905744,-0.045445043554669,-3.3150031413242687e-06
3.245372061001678e-07,3.3000000000000003,1.5567036204992983,0.02342088463088864,-0.04646675792479053,-3.3150035392282007e-06
3.2453776791711626e-07,3.3000000000000003,1.5900462609295392,0.026057399293721972,-0.04739728004346968,-3.3150031413242687e-06
3.245383590534881e-07,3.3000000000000003,1.6205105116912797,0.02888376166281564,-0.04823482216083582,-3.315003482384782e-06
3.2453898331748344e-07,3.3000000000000003,1.648233680128574,0.03191800856109307,-0.04898299913800402,-3.3150031413242687e-06
3.245396420618215e-07,3.3000000000000003,1.6732341500487484,0.035166200658357946,-0.04964218395607771,-3.315003482384782e-06
3.2454033970692335e-07,3.3000000000000003,1.6956578214905869,0.03864922189262642,-0.05021616553516305,-3.3150031981676875e-06
3.2454107875453093e-07,3.3000000000000003,1.7155775858766347,0.0423782858033071,-0.05070681291670702,-3.315003482384782e-06
3.2454186463556287e-07,3.3000000000000003,1.733148189835628,0.04637909705774528,-0.051118036268730786,-3.3150031413242687e-06
3.2454270142316556e-07,3.3000000000000003,1.7484806779660373,0.05067027003745822,-0.051452636908771304,-3.3150035392282007e-06
3.245435961782395e-07,3.3000000000000003,1.7617368561447966,0.055285392132794264,-0.0517145003493595,-3.3150031413242687e-06
3.245445552788607e-07,3.3000000000000003,1.7730528069230374,0.06025418740434194,-0.05190684971095391,-3.3150035392282007e-06
3.245455884504379e-07,3.3000000000000003,1.7825943889876736,0.06562318845638833,-0.05203330104317927,-3.3150031413242687e-06
3.2454670569444636e-07,3.3000000000000003,1.7905120917978468,0.07143970226525044,-0.05209698135488744,-3.315003482384782e-06
3.2454792125495036e-07,3.3000000000000003,1.7969720433199847,0.07777216888062309,-0.05210085105202737,-3.3150031981676875e-06
3.2454925126248075e-07,3.3000000000000003,1.8021302814489226,0.08469754350735367,-0.05204730667767735,-3.315003482384782e-06
3.2455071809617465e-07,3.3000000000000003,1.806148837753981,0.09232342996282239,-0.051937997632258724,-3.3150031413242687e-06
3.245523502046571e-07,3.3000000000000003,1.8091830343527666,0.10078621469967616,-0.05177349793738411,-3.315003482384782e-06
3.245541854456088e-07,3.3000000000000003,1.8113833848075245,0.11026693950136505,-0.051552882704191394,-3.3150031981676875e-06
3.245562751922522e-07,3.3000000000000003,1.8128937720473275,0.12101013727162908,-0.05127310210640857,-3.315003482384782e-06
3.245586923797245e-07,3.3000000000000003,1.8138501037234243,0.13336113244624498,-0.050927810229465666,-3.3150031413242687e-06
3.2456154358154146e-07,3.3000000000000003,1.8143769459995016,0.14782037838854364,-0.05050561670578443,-3.315003482384782e-06
3.245649929424779e-07,3.3000000000000003,1.8145842641671284,0.1651507520952767,-0.04998673648587053,-3.3150031981676875e-06
3.2456930773691493e-07,3.3000000000000003,1.814562376347236,0.18657709810180084,-0.04933678996987876,-3.315003482384782e-06
3.2457496037557144e-07,3.3000000000000003,1.814374599128867,0.21422479680601975,-0.0484932905117043,-3.3150031413242687e-06
3.2458288319894315e-07,3.3000000000000003,1.8140440376049471,0.25218245993188215,-0.04733304094200124,-3.315003482384782e-06
3.245952903281579e-07,3.3000000000000003,1.8135214027166673,0.3098111654250176,-0.04557087861509452,-3.3150031981676875e-06
3.2461326499620707e-07,3.3000000000000003,1.8127980435926434,0.3895256225009384,-0.04313336830998476,-3.315003482384782e-06
3.2463226402864737e-07,3.3000000000000003,1.8120755475805685,0.46915441207354436,-0.040698480145504125,-3.3150031981676875e-06
3.246535652518486e-07,3.3000000000000003,1.8113138057169271,0.5531047965980989,-0.038131445247142313,-3.3150035392282007e-06
3.246753337578241e-07,3.3000000000000003,1.810584976719703,0.6334294150989628,-0.03567527944621821,-3.3150031981676875e-06
3.2469939541461576e-07,3.3000000000000003,1.8098338100682485,0.7162151572199614,-0.03314385721711636,-3.3150035392282007e-06
3.247241883718128e-07,3.3000000000000003,1.8091155176755802,0.7953781680798124,-0.030723210934778727,-3.3150031981676875e-06
3.2475117872148586e-07,3.3000000000000003,1.8083930167372586,0.8750048332252333,-0.028288386997668957,-3.315003482384782e-06
3.247790472706177e-07,3.3000000000000003,1.80770702169726,0.9506082770543834,-0.0259765851320102,-3.3150031413242687e-06
3.248086502328368e-07,3.3000000000000003,1.807039589036069,1.0241659157342995,-0.023727339880263206,-3.3150035392282007e-06
3.248371478222912e-07,3.3000000000000003,1.8064517697631568,1.0889494012885035,-0.02174639066132432,-3.3150031981676875e-06
3.248664250805622e-07,3.3000000000000003,1.805898926457201,1.1498781756874252,-0.019883310782273466,-3.3150035392282007e-06
3.248949190972426e-07,3.3000000000000003,1.8054064136009131,1.204157948431035,-0.01822354405944464,-3.3150031413242687e-06
3.249240808751296e-07,3.3000000000000003,1.8049448945141495,1.2550218976517082,-0.016668226378355272,-3.3150035392282007e-06
3.2495267115167126e-07,3.3000000000000003,1.804530699058644,1.3006703191035296,-0.015272389088187633,-3.3150031413242687e-06
3.2498176138062524e-07,3.3000000000000003,1.8041448437226097,1.3431953786329511,-0.013972057946980698,-3.3150035392282007e-06
3.250104169610295e-07,3.3000000000000003,1.8037969023442182,1.381541947233616,-0.012799496692415507,-3.3150031413242687e-06
3.2503944924884914e-07,3.3000000000000003,1.803474156983123,1.4171116660655376,-0.011711845941380793,-3.315003482384782e-06
3.250681539878628e-07,3.3000000000000003,1.8031820372820886,1.4493061355633448,-0.010727403548717174,-3.3150031413242687e-06
3.250971431687708e-07,3.3000000000000003,1.8029119411701424,1.4790733884768719,-0.009817180582706489,-3.315003482384782e-06
3.2512588533734496e-07,3.3000000000000003,1.8026667885370469,1.5060916242919413,-0.008991017051201389,-3.3150031981676875e-06
3.25154842165367e-07,3.3000000000000003,1.802440669182451,1.531012205169767,-0.008228995607762283,-3.315003482384782e-06
3.2518361271457407e-07,3.3000000000000003,1.8022349977513468,1.553679223523129,-0.007535883588599529,-3.3150031413242687e-06
3.252125452905789e-07,3.3000000000000003,1.8020456420650903,1.5745480858930425,-0.006897755581214234,-3.3150035392282007e-06
3.2524133741679977e-07,3.3000000000000003,1.8018731348841233,1.5935600771128065,-0.006316406970470849,-3.3150031413242687e-06
3.2527025186985753e-07,3.3000000000000003,1.801714532251605,1.61103964993739,-0.00578191664651049,-3.315003482384782e-06
3.2529906045616463e-07,3.3000000000000003,1.8015698678512826,1.626983092352223,-0.005294398113497716,-3.3150031413242687e-06
3.253279614304518e-07,3.3000000000000003,1.8014370026303888,1.6416261488455959,-0.004846642777172127,-3.315003482384782e-06
3.2535678264196926e-07,3.3000000000000003,1.8013157037722958,1.6549944782544823,-0.004437866041707953,-3.3150031981676875e-06
3.2538567367146875e-07,3.3000000000000003,1.8012043860893532,1.6672627837502676,-0.004062725832257758,-3.315003482384782e-06
3.2541450465049354e-07,3.3000000000000003,1.8011026893855158,1.678470762593739,-0.003720008291572349,-3.3150031413242687e-06
3.2544338844058524e-07,3.3000000000000003,1.8010094163426393,1.6887503709788598,-0.003405678456253968,-3.3150035392282007e-06
3.254722270746614e-07,3.3000000000000003,1.8009241606948552,1.698146383463295,-0.0031183672172614284,-3.3150031413242687e-06
3.255011057148566e-07,3.3000000000000003,1.8008460019367436,1.7067602487112157,-0.0028549724722428988,-3.315003482384782e-06
3.2552995046476545e-07,3.3000000000000003,1.8007745335657102,1.7146367674144218,-0.002614124305812881,-3.3150031413242687e-06
3.255588255908495e-07,3.3000000000000003,1.8007090365646299,1.721855182325894,-0.0023933996405266097,-3.3150035392282007e-06
3.2558767535833716e-07,3.3000000000000003,1.8006491284995445,1.7284576413837318,-0.0021915096677993613,-3.3150031981676875e-06
3.2561654827522647e-07,3.3000000000000003,1.8005942399219859,1.7345069034750662,-0.002006535348411159,-3.315003482384782e-06
3.25645402311436e-07,3.3000000000000003,1.8005440239175263,1.7400412019807914,-0.0018373075857592738,-3.3150031413242687e-06
3.256742740873065e-07,3.3000000000000003,1.800498024197789,1.7451108243077782,-0.0016822886917376185,-3.315003482384782e-06
3.2570313191969523e-07,3.3000000000000003,1.8004559333156542,1.7497496543536064,-0.0015404425590501264,-3.3150031413242687e-06
3.257320034618718e-07,3.3000000000000003,1.800417382112937,1.753998376693652,-0.0014105251385642683,-3.3150035392282007e-06
3.257608648443083e-07,3.3000000000000003,1.8003821023530096,1.757886553881546,-0.0012916324721420063,-3.3150031413242687e-06
3.257897369625852e-07,3.3000000000000003,1.800349793024985,1.7614473601612572,-0.0011827501487241359,-3.315003482384782e-06
3.25818601839317e-07,3.3000000000000003,1.8003202226451456,1.7647063074364313,-0.0010830980671684208,-3.3150031981676875e-06
3.2584747528374335e-07,3.3000000000000003,1.8002931442252963,1.767690616052984,-0.000991843887527992,-3.315003482384782e-06
3.258763437761671e-07,3.3000000000000003,1.80026835953435,1.770422133315143,-0.000908319561079914,-3.3150031413242687e-06
3.2590521928641784e-07,3.3000000000000003,1.8002456649210146,1.7729233032335059,-0.0008318387950033659,-3.3150035392282007e-06
3.2593409167134044e-07,3.3000000000000003,1.8002248915705685,1.7752127312111996,-0.0007618326751710501,-3.3150031981676875e-06
3.2596297001541993e-07,3.3000000000000003,1.8002058709191746,1.7773089943229012,-0.0006977331482415586,-3.3150035392282007e-06
3.259918467246382e-07,3.3000000000000003,1.8001884597940392,1.7792278719700465,-0.0006390577116573226,-3.3150031413242687e-06
3.260207287220739e-07,3.3000000000000003,1.8001725182548913,1.7809847866064832,-0.00058533478129745,-3.315003482384782e-06
3.2604961035180285e-07,3.3000000000000003,1.8001579252370876,1.7825930809834356,-0.0005361563589925262,-3.3150031981676875e-06
3.260784969224312e-07,3.3000000000000003,1.800144564299787,1.7840655879530996,-0.0004911300471816775,-3.3150035392282007e-06
3.2610738423782995e-07,3.3000000000000003,1.8001323333052637,1.7854135640018363,-0.00044991163972674813,-3.3150031413242687e-06
3.261362764209808e-07,3.3000000000000003,1.8001211351904784,1.7866477066438213,-0.00041217402983937686,-3.315003482384782e-06
3.2616517038850687e-07,3.3000000000000003,1.8001108839302284,1.7877774964966746,-0.0003776273192055644,-3.3150031413242687e-06
3.261940693754478e-07,3.3000000000000003,1.8001014985099355,1.78881186233133,-0.00034599848207758887,-3.315003482384782e-06
3.2622297118248874e-07,3.3000000000000003,1.8000929065565856,1.7897587802275359,-0.0003170436331846341,-3.3150031413242687e-06
3.2625187837921865e-07,3.3000000000000003,1.8000850403873987,1.7906257095608125,-0.00029053467074126945,-3.3150035392282007e-06
3.262807894630246e-07,3.3000000000000003,1.800077839171784,1.7914193545325021,-0.00026626659359216764,-3.3150031413242687e-06
3.2630970651380993e-07,3.3000000000000003,1.8000712463221002,1.792145951491797,-0.0002440487158049852,-3.315003482384782e-06
3.2633862860288215e-07,3.3000000000000003,1.8000652107403843,1.7928111320857263,-0.00022370882383307525,-3.3150031981676875e-06
3.2636755747959144e-07,3.3000000000000003,1.8000596850874417,1.7934201134440801,-0.00020508739740909143,-3.3150035392282007e-06
3.2639649264599597e-07,3.3000000000000003,1.8000546264710968,1.793977622869546,-0.00018803987410261267,-3.3150031413242687e-06
3.264254356543844e-07,3.3000000000000003,1.8000499952667122,1.7944880271949604,-0.00017243273219140717,-3.315003482384782e-06
3.264543863932721e-07,3.3000000000000003,1.80004575548036,1.7949552934414061,-0.0001581446663446314,-3.3150031413242687e-06
3.264833463090828e-07,3.3000000000000003,1.8000418739362338,1.7953830778280109,-0.00014506387670162432,-3.315003482384782e-06
3.2651231559411273e-07,3.3000000000000003,1.800038320442938,1.7957747078301225,-0.0001330886175257329,-3.3150031413242687e-06
3.265412956828695e-07,3.3000000000000003,1.800035067213811,1.7961332457168484,-0.00012212524530812386,-3.315003482384782e-06
3.2657028708100264e-07,3.3000000000000003,1.8000320889270958,1.7964614822911258,-0.00011208842832657424,-3.3150031413242687e-06
3.265992912568215e-07,3.3000000000000003,1.8000293623079937,1.7967619825336874,-0.00010289973284100344,-3.3150035392282007e-06
3.2662830902627143e-07,3.3000000000000003,1.800026866122755,1.7970370867772485,-9.448759614646086e-05,-3.3150031413242687e-06
3.2665734194229284e-07,3.3000000000000003,1.800024580874155,1.7972889436535389,-8.678631738706743e-05,-3.315003482384782e-06
3.2668751313780305e-07,3.3000000000000003,1.8000224115151306,1.797528028448405,-7.947558326282265e-05,-3.3150031981676875e-06
3.267183810682341e-07,3.3000000000000003,1.8000203898499294,1.7977508358397212,-7.266258133325657e-05,-3.315003482384782e-06
3.2675046801813173e-07,3.3000000000000003,1.800018481160979,1.7979611921939997,-6.623030354530193e-05,-3.3150031981676875e-06
3.267833559192395e-07,3.3000000000000003,1.8000167098650466,1.7981564064238496,-6.026104343144464e-05,-3.3150035392282007e-06
3.2681752808253245e-07,3.3000000000000003,1.8000150487311617,1.7983394797709464,-5.466302720324128e-05,-3.3150031981676875e-06
3.2685267667362324e-07,3.3000000000000003,1.8000135119820706,1.7985088446569537,-4.948419004858469e-05,-3.3150035392282007e-06
3.2688923070567553e-07,3.3000000000000003,1.8000120797156973,1.7986666945222771,-4.4657455535261486e-05,-3.3150031413242687e-06
3.269269589597947e-07,3.3000000000000003,1.8000107601725504,1.7988121211755237,-4.0210599791007384e-05,-3.3150035392282007e-06
3.269662505587113e-07,3.3000000000000003,1.800009538603539,1.798946750117414,-3.609391461862196e-05,-3.3150031981676875e-06
3.2700694586534114e-07,3.3000000000000003,1.800008419055784,1.7990701353399121,-3.232104526589203e-05,-3.3150035392282007e-06
3.2704941133524695e-07,3.3000000000000003,1.800007390289458,1.799183515476254,-2.8854105996174262e-05,-3.3150031413242687e-06
3.270935561526789e-07,3.3000000000000003,1.8000064535013103,1.79928675880105,-2.5697131948073376e-05,-3.3150035392282007e-06
3.27139740517446e-07,3.3000000000000003,1.800005599856496,1.7993808388506616,-2.2820351556074472e-05,-3.3150031981676875e-06
3.2718794424751564e-07,3.3000000000000003,1.8000048286374501,1.7994658347968513,-2.022134578310736e-05,-3.3150035392282007e-06
3.2723854028271197e-07,3.3000000000000003,1.8000041326416356,1.7995425403867091,-1.787584340887698e-05,-3.3150031981676875e-06
3.2729158680142705e-07,3.3000000000000003,1.8000035098912888,1.7996111736222093,-1.5777176540606693e-05,-3.315003482384782e-06
3.2734749288544635e-07,3.3000000000000003,1.800002954289661,1.799672406384877,-1.3904801310502672e-05,-3.3150031981676875e-06
3.2740641185720464e-07,3.3000000000000003,1.8000024630468214,1.799726546202213,-1.2249313216486077e-05,-3.315003482384782e-06
3.2746882103853917e-07,3.3000000000000003,1.80000203081876,1.7997741819669109,-1.0792707875970823e-05,-3.3150031981676875e-06
3.275349992928064e-07,3.3000000000000003,1.8000016543150479,1.7998156764098647,-9.523891856602689e-06,-3.3150035392282007e-06
3.2760554063617434e-07,3.3000000000000003,1.800001328711132,1.7998515611605868,-8.426607127411547e-06,-3.3150031981676875e-06
3.276809033364413e-07,3.3000000000000003,1.8000010504333972,1.7998822301111237,-7.4888111413342916e-06,-3.315003482384782e-06
3.277618774682935e-07,3.3000000000000003,1.8000008150297102,1.7999081739092255,-6.695502691977132e-06,-3.3150031981676875e-06
3.2784919795297227e-07,3.3000000000000003,1.8000006188012596,1.7999298002404336,-6.034212763735688e-06,-3.3150035392282007e-06
3.2794399050985494e-07,3.3000000000000003,1.8000004575847577,1.7999475678544143,-5.490914726537212e-06,-3.3150031981676875e-06
3.2804399050985495e-07,3.3000000000000003,1.800000331446077,1.79996146960731,-5.065826997655094e-06,-3.3150035392282007e-06
3.2814399050985496e-07,3.3000000000000003,1.800000238762681,1.7999716842118016,-4.753484847764764e-06,-3.3150031981676875e-06
3.2824399050985497e-07,3.3000000000000003,1.8000001706618851,1.799979189606665,-4.523984911200978e-06,-3.3150035392282007e-06
3.28343990509855e-07,3.3000000000000003,1.8000001206231653,1.7999847043529438,-4.3553550127227475e-06,-3.3150031981676875e-06
3.28443990509855e-07,3.3000000000000003,1.8000000838563635,1.7999887564284227,-4.231450664415237e-06,-3.3150035392282007e-06
3.28543990509855e-07,3.3000000000000003,1.8000000568410175,1.7999917337758615,-4.140409340901702e-06,-3.3150031981676875e-06
3.28643990509855e-07,3.3000000000000003,1.8000000369910678,1.7999939214443301,-4.073514823505201e-06,-3.3150035392282007e-06
3.28743990509855e-07,3.3000000000000003,1.8000000224057797,1.799995528879618,-4.024362670276669e-06,-3.3150031981676875e-06
3.28843990509855e-07,3.3000000000000003,1.8000000116890364,1.7999967099764045,-3.988247098040544e-06,-3.3150035392282007e-06
3.28943990509855e-07,3.3000000000000003,1.8000000038145971,1.799997577812039,-3.961710421266699e-06,-3.3150031981676875e-06
3.2904399050985503e-07,3.3000000000000003,1.799999998028762,1.7999982154724705,-3.942212043768509e-06,-3.3150035392282007e-06
3.2914399050985503e-07,3.3000000000000003,1.7999999937774354,1.7999986840068458,-3.9278852000557125e-06,-3.3150031981676875e-06
3.2924399050985504e-07,3.3000000000000003,1.7999999906537372,1.7999990282723033,-3.917358252826928e-06,-3.3150035392282007e-06
3.2934399050985505e-07,3.3000000000000003,1.7999999883584894,1.7999992812285688,-3.909623356193754e-06,-3.3150031981676875e-06
3.2944399050985506e-07,3.3000000000000003,1.7999999866720464,1.7999994670934893,-3.903939979845233e-06,-3.3150035392282007e-06
3.2954399050985506e-07,3.3000000000000003,1.7999999854328645,1.7999996036616386,-3.89976399887032e-06,-3.3150031981676875e-06
3.2964399050985507e-07,3.3000000000000003,1.7999999845223769,1.7999997040079496,-3.896695610126692e-06,-3.3150035392282007e-06
3.297439905098551e-07,3.3000000000000003,1.7999999838533536,1.7999997777395065,-3.894441046426818e-06,-3.3150031981676875e-06
3.298439905098551e-07,3.3000000000000003,1.7999999833617948,1.799999831915314,-3.89278445906606e-06,-3.3150035392282007e-06
3.299439905098551e-07,3.3000000000000003,1.7999999830005948,1.7999998717221248,-3.891567246257569e-06,-3.3150031981676875e-06
3.300439905098551e-07,3.3000000000000003,1.7999999827352098,1.7999999009710135,-3.8906728740770405e-06,-3.3150035392282007e-06
3.301439905098551e-07,3.3000000000000003,1.7999999825402004,1.7999999224622478,-3.89001571497328e-06,-3.3150031981676875e-06
3.302439905098551e-07,3.3000000000000003,1.7999999823969235,1.799999938253383,-3.889532853850366e-06,-3.3150035392282007e-06
3.303439905098551e-07,3.3000000000000003,1.799999982291639,1.799999949856251,-3.889178061255315e-06,-3.3150031981676875e-06
3.3044399050985513e-07,3.3000000000000003,1.7999999822142865,1.7999999583817012,-3.8889173701790436e-06,-3.3150035392282007e-06
3.3054399050985514e-07,3.3000000000000003,1.7999999821574435,1.7999999646459546,-3.888725821751363e-06,-3.3150031981676875e-06
3.3064399050985515e-07,3.3000000000000003,1.7999999821156827,1.799999969248746,-3.88858507770779e-06,-3.3150035392282007e-06
3.3074399050985515e-07,3.3000000000000003,1.7999999820849935,1.799999972630744,-3.888481662915803e-06,-3.3150031981676875e-06
3.3084399050985516e-07,3.3000000000000003,1.799999982062448,1.7999999751157383,-3.888405676829727e-06,-3.3150035392282007e-06
3.3094399050985517e-07,3.3000000000000003,1.7999999820458783,1.7999999769416393,-3.888349844373708e-06,-3.3150031981676875e-06
3.310439905098552e-07,3.3000000000000003,1.799999982033707,1.799999978283258,-3.888308820389443e-06,-3.3150035392282007e-06
3.311439905098552e-07,3.3000000000000003,1.7999999820247605,1.7999999792690409,-3.888278677102852e-06,-3.3150031981676875e-06
3.312439905098552e-07,3.3000000000000003,1.7999999820181898,1.7999999799933655,-3.8882565287467844e-06,-3.3150035392282007e-06
3.313439905098552e-07,3.3000000000000003,1.7999999820133596,1.799999980525578,-3.888240254716041e-06,-3.3150031981676875e-06
3.314439905098552e-07,3.3000000000000003,1.799999982009812,1.7999999809166325,-3.88822829708755e-06,-3.3150035392282007e-06
3.315439905098552e-07,3.3000000000000003,1.7999999820072041,1.799999981203968,-3.888219510900629e-06,-3.3150031981676875e-06
3.316439905098552e-07,3.3000000000000003,1.7999999820052892,1.7999999814150935,-3.888213055132681e-06,-3.3150035392282007e-06
3.3174399050985523e-07,3.3000000000000003,1.7999999820038812,1.7999999815702226,-3.888208311585667e-06,-3.3150031981676875e-06
3.3184399050985524e-07,3.3000000000000003,1.7999999820028474,1.7999999816842067,-3.88820482619896e-06,-3.3150035392282007e-06
3.3194399050985524e-07,3.3000000000000003,1.799999982002087,1.799999981767959,-3.888202265199113e-06,-3.3150031981676875e-06
3.3204399050985525e-07,3.3000000000000003,1.7999999820015287,1.7999999818294978,-3.888200383479363e-06,-3.3150035392282007e-06
3.3214399050985526e-07,3.3000000000000003,1.7999999820011183,1.7999999818747145,-3.888199000827857e-06,-3.3150031981676875e-06
3.3224399050985527e-07,3.3000000000000003,1.799999982000817,1.7999999819079386,-3.8881979849081275e-06,-3.3150035392282007e-06
3.323439905098553e-07,3.3000000000000003,1.7999999820005954,1.799999981932351,-3.888197238432847e-06,-3.3150031981676875e-06
3.324439905098553e-07,3.3000000000000003,1.7999999820004329,1.799999981950288,-3.888196689946664e-06,-3.3150035392282007e-06
3.325439905098553e-07,3.3000000000000003,1.7999999820003132,1.799999981963468,-3.888196286927602e-06,-3.3150031981676875e-06
3.326439905098553e-07,3.3000000000000003,1.7999999820002255,1.7999999819731523,-3.88819599081397e-06,-3.3150035392282007e-06
3.327439905098553e-07,3.3000000000000003,1.7999999820001609,1.799999981980268,-3.8881957732284195e-06,-3.3150031981676875e-06
3.328439905098553e-07,3.3000000000000003,1.7999999820001134,1.7999999819854966,-3.8881956133492854e-06,-3.3150035392282007e-06
3.329439905098553e-07,3.3000000000000003,1.7999999820000785,1.7999999819893384,-3.888195495870564e-06,-3.3150031981676875e-06
3.3304399050985533e-07,3.3000000000000003,1.7999999820000527,1.7999999819921613,-3.888195409548002e-06,-3.3150035392282007e-06
3.3314399050985533e-07,3.3000000000000003,1.799999982000034,1.7999999819942352,-3.888195346129397e-06,-3.3150031981676875e-06
3.3324399050985534e-07,3.3000000000000003,1.79999998200002,1.799999981995759,-3.888195299546418e-06,-3.3150035392282007e-06
3.3334399050985535e-07,3.3000000000000003,1.7999999820000099,1.7999999819968786,-3.88819526528969e-06,-3.3150031981676875e-06
3.3344399050985536e-07,3.3000000000000003,1.7999999820000023,1.7999999819977015,-3.88819524013625e-06,-3.3150035392282007e-06
3.3354399050985536e-07,3.3000000000000003,1.799999981999997,1.7999999819983061,-3.888195221654602e-06,-3.3150031981676875e-06
3.3364399050985537e-07,3.3000000000000003,1.799999981999993,1.7999999819987502,-3.888195208071277e-06,-3.3150035392282007e-06
3.337439905098554e-07,3.3000000000000003,1.79999998199999,1.7999999819990764,-3.888195198091981e-06,-3.3150031981676875e-06
3.338439905098554e-07,3.3000000000000003,1.7999999819999877,1.7999999819993162,-3.8881951907536425e-06,-3.3150035392282007e-06
3.339439905098554e-07,3.3000000000000003,1.7999999819999863,1.7999999819994925,-3.888195185374256e-06,-3.3150031981676875e-06
3.340439905098554e-07,3.3000000000000003,1.799999981999985,1.7999999819996224,-3.888195181417552e-06,-3.3150035392282007e-06
3.341439905098554e-07,3.3000000000000003,1.7999999819999841,1.7999999819997177,-3.888195178492059e-06,-3.3150031981676875e-06
3.342439905098554e-07,3.3000000000000003,1.7999999819999832,1.7999999819997874,-3.888195176368441e-06,-3.3150035392282007e-06
3.343439905098554e-07,3.3000000000000003,1.7999999819999832,1.799999981999839,-3.888195174787086e-06,-3.3150031981676875e-06
3.3444399050985543e-07,3.3000000000000003,1.7999999819999826,1.7999999819998767,-3.888195173630011e-06,-3.3150035392282007e-06
3.3454399050985544e-07,3.3000000000000003,1.7999999819999826,1.7999999819999037,-3.888195172802267e-06,-3.3150031981676875e-06
3.3464399050985545e-07,3.3000000000000003,1.7999999819999823,1.799999981999924,-3.8881951721849295e-06,-3.3150035392282007e-06
3.3474399050985545e-07,3.3000000000000003,1.7999999819999823,1.7999999819999393,-3.888195171722793e-06,-3.3150031981676875e-06
3.3484399050985546e-07,3.3000000000000003,1.7999999819999821,1.7999999819999501,-3.8881951713899924e-06,-3.3150035392282007e-06
3.3494399050985547e-07,3.3000000000000003,1.7999999819999821,1.7999999819999581,-3.888195171153719e-06,-3.3150031981676875e-06
3.350439905098555e-07,3.3000000000000003,1.7999999819999821,1.7999999819999646,-3.888195170946784e-06,-3.3150035392282007e-06
3.351439905098555e-07,3.3000000000000003,1.7999999819999821,1.7999999819999695,-3.888195170791582e-06,-3.3150031981676875e-06
3.352439905098555e-07,3.3000000000000003,1.7999999819999821,1.799999981999973,-3.888195170688114e-06,-3.3150035392282007e-06
3.353439905098555e-07,3.3000000000000003,1.799999981999982,1.7999999819999755,-3.888195170613982e-06,-3.3150031981676875e-06
3.354439905098555e-07,3.3000000000000003,1.799999981999982,1.7999999819999768,-3.888195170578652e-06,-3.3150035392282007e-06
3.355439905098555e-07,3.3000000000000003,1.799999981999982,1.7999999819999777,-3.888195170552785e-06,-3.3150031981676875e-06
3.356439905098555e-07,3.3000000000000003,1.799999981999982,1.7999999819999786,-3.8881951705269175e-06,-3.3150035392282007e-06
3.3574399050985553e-07,3.3000000000000003,1.799999981999982,1.7999999819999795,-3.888195170501051e-06,-3.3150031981676875e-06
3.3584399050985554e-07,3.3000000000000003,1.799999981999982,1.7999999819999801,-3.88819517046225e-06,-3.3150035392282007e-06
3.3594399050985555e-07,3.3000000000000003,1.799999981999982,1.7999999819999806,-3.88819517046225e-06,-3.3150031981676875e-06
3.3604399050985555e-07,3.3000000000000003,1.799999981999982,1.7999999819999806,-3.88819517046225e-06,-3.3150035392282007e-06
3.3614399050985556e-07,3.3000000000000003,1.799999981999982,1.7999999819999806,-3.88819517046225e-06,-3.3150031981676875e-06
3.3624399050985557e-07,3.3000000000000003,1.799999981999982,1.7999999819999806,-3.88819517046225e-06,-3.3150035392282007e-06
3.363439905098556e-07,3.3000000000000003,1.799999981999982,1.7999999819999806,-3.88819517046225e-06,-3.3150031981676875e-06
3.364439905098556e-07,3.3000000000000003,1.799999981999982,1.7999999819999806,-3.88819517046225e-06,-3.3150035392282007e-06
3.365439905098556e-07,3.3000000000000003,1.799999981999982,1.7999999819999806,-3.88819517046225e-06,-3.3150031981676875e-06
3.366439905098556e-07,3.3000000000000003,1.799999981999982,1.7999999819999806,-3.88819517046225e-06,-3.3150035392282007e-06
3.367439905098556e-07,3.3000000000000003,1.799999981999982,1.7999999819999806,-3.88819517046225e-06,-3.3150031981676875e-06
3.368439905098556e-07,3.3000000000000003,1.799999981999982,1.7999999819999806,-3.88819517046225e-06,-3.3150035392282007e-06
3.369439905098556e-07,3.3000000000000003,1.799999981999982,1.7999999819999806,-3.88819517046225e-06,-3.3150031981676875e-06
3.3704399050985563e-07,3.3000000000000003,1.799999981999982,1.7999999819999806,-3.88819517046225e-06,-3.3150035392282007e-06
3.3714399050985564e-07,3.3000000000000003,1.799999981999982,1.7999999819999806,-3.88819517046225e-06,-3.3150031981676875e-06
3.3724399050985564e-07,3.3000000000000003,1.799999981999982,1.7999999819999806,-3.88819517046225e-06,-3.3150035392282007e-06
3.3734399050985565e-07,3.3000000000000003,1.799999981999982,1.7999999819999806,-3.88819517046225e-06,-3.3150031981676875e-06
3.3744399050985566e-07,3.3000000000000003,1.799999981999982,1.7999999819999806,-3.88819517046225e-06,-3.3150035392282007e-06
3.3754399050985567e-07,3.3000000000000003,1.799999981999982,1.7999999819999806,-3.88819517046225e-06,-3.3150031981676875e-06
3.3764399050985567e-07,3.3000000000000003,1.799999981999982,1.7999999819999806,-3.88819517046225e-06,-3.3150035392282007e-06
3.377439905098557e-07,3.3000000000000003,1.799999981999982,1.7999999819999806,-3.88819517046225e-06,-3.3150031981676875e-06
3.378439905098557e-07,3.3000000000000003,1.799999981999982,1.7999999819999806,-3.88819517046225e-06,-3.3150035392282007e-06
3.379439905098557e-07,3.3000000000000003,1.799999981999982,1.7999999819999806,-3.88819517046225e-06,-3.3150031981676875e-06
3.380439905098557e-07,3.3000000000000003,1.799999981999982,1.7999999819999806,-3.88819517046225e-06,-3.3150035392282007e-06
3.381439905098557e-07,3.3000000000000003,1.799999981999982,1.7999999819999806,-3.88819517046225e-06,-3.3150031981676875e-06
3.382439905098557e-07,3.3000000000000003,1.799999981999982,1.7999999819999806,-3.88819517046225e-06,-3.3150035392282007e-06
3.383439905098557e-07,3.3000000000000003,1.799999981999982,1.7999999819999806,-3.88819517046225e-06,-3.3150031981676875e-06
3.3844399050985573e-07,3.3000000000000003,1.799999981999982,1.7999999819999806,-3.88819517046225e-06,-3.3150035392282007e-06
3.3854399050985574e-07,3.3000000000000003,1.799999981999982,1.7999999819999806,-3.88819517046225e-06,-3.3150031981676875e-06
3.3864399050985575e-07,3.3000000000000003,1.799999981999982,1.7999999819999806,-3.88819517046225e-06,-3.3150035392282007e-06
3.3874399050985576e-07,3.3000000000000003,1.799999981999982,1.7999999819999806,-3.88819517046225e-06,-3.3150031981676875e-06
3.3884399050985576e-07,3.3000000000000003,1.799999981999982,1.7999999819999806,-3.88819517046225e-06,-3.3150035392282007e-06
3.3894399050985577e-07,3.3000000000000003,1.799999981999982,1.7999999819999806,-3.88819517046225e-06,-3.3150031981676875e-06
3.390439905098558e-07,3.3000000000000003,1.799999981999982,1.7999999819999806,-3.88819517046225e-06,-3.3150035392282007e-06
3.391439905098558e-07,3.3000000000000003,1.799999981999982,1.7999999819999806,-3.88819517046225e-06,-3.3150031981676875e-06
3.392439905098558e-07,3.3000000000000003,1.799999981999982,1.7999999819999806,-3.88819517046225e-06,-3.3150035392282007e-06
3.393439905098558e-07,3.3000000000000003,1.799999981999982,1.7999999819999806,-3.88819517046225e-06,-3.3150031981676875e-06
3.394439905098558e-07,3.3000000000000003,1.799999981999982,1.7999999819999806,-3.88819517046225e-06,-3.3150035392282007e-06
3.395439905098558e-07,3.3000000000000003,1.799999981999982,1.7999999819999806,-3.88819517046225e-06,-3.3150031981676875e-06
3.396439905098558e-07,3.3000000000000003,1.799999981999982,1.7999999819999806,-3.88819517046225e-06,-3.3150035392282007e-06
3.3974399050985583e-07,3.3000000000000003,1.799999981999982,1.7999999819999806,-3.88819517046225e-06,-3.3150031981676875e-06
3.3984399050985584e-07,3.3000000000000003,1.799999981999982,1.7999999819999806,-3.88819517046225e-06,-3.3150035392282007e-06
3.3994399050985585e-07,3.3000000000000003,1.799999981999982,1.7999999819999806,-3.88819517046225e-06,-3.3150031981676875e-06
3.4000000000000003e-07,3.299999999999973,1.799999982000009,1.7999999819999826,-3.8881951626860886e-06,-3.315003425541363e-06
3.400002640379606e-07,3.299564337365015,1.7999999819997068,1.7999999819999823,-3.8881296828716435e-06,0.0074216854344513195
3.4000079211388177e-07,3.2986930120951,1.7999999819997403,1.7999999819999815,-3.888129683893328e-06,0.00742168630966944
3.400018482657241e-07,3.2969503615552695,1.7999999819999482,1.7999999819999808,-3.888187890893068e-06,0.0074216880604467406
3.400039605694087e-07,3.2934650604756963,1.7999999820000983,1.7999999819999803,-3.888187888486138e-06,0.007421691561035004
3.400081851767779e-07,3.286494458316462,1.7999999819996721,1.7999999819999777,-3.888202448838525e-06,0.007421698563973678
3.400166343915164e-07,3.2725532539979927,1.7999999820003798,1.7999999819999792,-3.888180610044536e-06,0.007421712568032035
3.4003353282099326e-07,3.2446708453611426,1.7999999819999053,1.7999999819999872,-3.888206053633886e-06,0.007421740577683522
3.4006732967994707e-07,3.188906028087354,1.7999999820001407,1.799999981999991,-3.888195123490106e-06,0.007421796595508567
3.4013492339785464e-07,3.0773763935398653,1.799999981999742,1.7999999819999815,-3.888195155118627e-06,0.007421908632750274
3.4023492339785465e-07,2.912376393539853,1.7999999820001706,1.7999999819999748,-3.888195176357998e-06,0.0074220743824184865
3.4033492339785465e-07,2.7473763935398403,1.7999999819998218,1.7999999819999801,-3.888195165622676e-06,0.007422240133053037
3.4043492339785466e-07,2.5823763935398283,1.7999999820001178,1.7999999819999775,-3.8881951746617385e-06,0.00742240588272125
3.4053492339785467e-07,2.417376393539816,1.7999999819998664,1.7999999819999808,-3.888195166953e-06,0.007422571633355801
3.406349233978547e-07,2.2523763935398033,1.79999998200008,1.7999999819999786,-3.888195173481895e-06,0.007422737383024014
3.407349233978547e-07,2.087376393539791,1.7999999819998986,1.7999999819999808,-3.888195167907288e-06,0.007422903133715408
3.408349233978547e-07,1.9223763935397784,1.7999999820000527,1.799999981999979,-3.88819517265064e-06,0.007423068883355199
3.409349233978547e-07,1.757376393539766,1.799999981999922,1.7999999819999808,-1.5213034105468636e-05,0.007423234634046594
3.410349233978547e-07,1.5923763935397537,1.7999999820000327,1.79999998199998,-0.001311499135303123,0.007423400383686385
3.411349233978547e-07,1.4273763935397412,1.7999999819999388,1.7999999819999815,-0.004758896347612567,0.0074235661343493575
3.412349233978547e-07,1.262376393539729,1.7999999820000185,1.7999999819999806,-0.010357404671017053,0.00742373188401757
3.4133492339785473e-07,1.0973763935397165,1.7999999819999508,1.7999999819999812,-0.018107024105535104,0.007423897634694754
3.4143492339785474e-07,0.932376393539704,1.7999999820000083,1.7999999819999803,-0.028007754651175082,0.007424063384348756
3.414643046838225e-07,0.883897271692903,1.799999982000046,1.7999999819999843,-0.02910078931163235,0.007424112084379431
3.414942318245794e-07,0.8345174894440204,1.7999999819999757,1.7999999819999875,-0.025848737571746456,0.007424161688177833
3.415102145400692e-07,0.8081460088858585,1.7999999819998989,1.7999999819999852,-0.02419088607556371,0.007424188180067404
3.415300875490154e-07,0.7753555441246469,1.7999999820000614,1.7999999819999846,-0.02220614299477952,0.0074242211190664875
3.415698335669078e-07,0.7097746146021366,1.7999999819999384,1.7999999819999857,-0.01849152250036715,0.007424286998713114
3.416493256026926e-07,0.5786127555572045,1.7999999819999473,1.7999999819999766,-0.012081744245620628,0.007424418756308171
3.417493256026926e-07,0.41361275555719157,1.7999999820000339,1.7999999819999801,-0.0059488588672902245,0.0074245845070706196
3.4184932560269263e-07,0.24861275555717954,1.7999999819999377,1.7999999819999815,-0.001967084600112878,0.007424750256639356
3.4194932560269264e-07,0.08361275555716707,1.7999999820000192,1.7999999819999803,-0.0001364214440306806,0.007424916007391147
3.42e-07,0.0,1.7999999820000434,1.7999999819999872,-3.888194236890082e-06,0.007424999999703058
3.420000012135043e-07,0.0,1.799999981999898,1.7999999819999875,-3.8682226442163255e-06,-2.2319987455552114e-23
3.420000036405129e-07,0.0,1.7999999819998977,1.7999999819999875,-3.868222644218371e-06,0.0
3.4200000849453007e-07,0.0,1.7999999820002117,1.7999999819999875,-3.883123802213344e-06,0.0
3.4200001820256436e-07,0.0,1.7999999820001096,1.7999999819999877,-3.883123803233394e-06,0.0
3.42000037618633e-07,0.0,1.7999999819995147,1.7999999819999883,-3.886849099625982e-06,0.0
3.4200007645077026e-07,0.0,1.7999999819998196,1.7999999819999883,-3.8868490966431614e-06,0.0
3.420001541150448e-07,0.0,1.799999981999994,1.7999999819999886,-3.887780417503582e-06,0.0
3.4200030944359383e-07,0.0,1.7999999819998203,1.7999999819999895,-3.888711741960879e-06,0.0
3.4200062010069193e-07,0.0,1.7999999820000243,1.7999999819999895,-3.888246078781334e-06,0.0
3.420012414148881e-07,0.0,1.7999999820001062,1.7999999819999895,-3.88801324678508e-06,0.0
3.420024840432804e-07,0.0,1.7999999819998853,1.799999981999989,-3.8881878718454406e-06,0.0
3.42004969300065e-07,0.0,1.7999999819998254,1.7999999819999875,-3.88815877178393e-06,0.0
3.420099398136343e-07,0.0,1.799999982000014,1.7999999819999857,-3.888187876778431e-06,0.0
3.420198808407728e-07,0.0,1.7999999820000168,1.799999981999987,-3.8881805974674564e-06,0.0
3.4203976289504986e-07,0.0,1.7999999819998884,1.7999999819999855,-3.888206070498582e-06,0.0
3.42079527003604e-07,0.0,1.7999999820000447,1.7999999819999835,-3.888195161160122e-06,0.0
3.421590552207122e-07,0.0,1.7999999819999366,1.799999981999985,-3.888195155544462e-06,0.0
3.4225905522071223e-07,0.0,1.799999981999996,1.7999999819999797,-3.88819517090201e-06,0.0
3.4235905522071224e-07,0.0,1.7999999819999701,1.7999999819999803,-3.888195170101672e-06,0.0
3.4245905522071225e-07,0.0,1.7999999819999917,1.7999999819999801,-3.888195170762575e-06,0.0
3.4255905522071225e-07,0.0,1.7999999819999735,1.7999999819999808,-3.888195170196313e-06,0.0
3.4265905522071226e-07,0.0,1.799999981999989,1.799999981999981,-3.888195170648062e-06,0.0
3.4275905522071227e-07,0.0,1.7999999819999757,1.7999999819999808,-3.888195170249628e-06,0.0
3.428590552207123e-07,0.0,1.799999981999987,1.7999999819999808,-3.888195170613675e-06,0.0
3.429590552207123e-07,0.0,1.7999999819999777,1.799999981999981,-3.8881951703098814e-06,0.0
3.430590552207123e-07,0.0,1.7999999819999855,1.7999999819999806,-3.8881951705758184e-06,0.0
3.431590552207123e-07,0.0,1.7999999819999788,1.7999999819999806,-3.8881951703512065e-06,0.0
3.432590552207123e-07,0.0,1.7999999819999846,1.7999999819999803,-3.888195170547427e-06,0.0
3.433590552207123e-07,0.0,1.7999999819999797,1.7999999819999801,-3.888195170401996e-06,0.0
3.434590552207123e-07,0.0,1.7999999819999837,1.7999999819999803,-3.88819517050957e-06,0.0
3.4355905522071233e-07,0.0,1.7999999819999801,1.7999999819999803,-3.8881951704149305e-06,0.0
3.4365905522071234e-07,0.0,1.7999999819999832,1.7999999819999801,-3.88819517050957e-06,0.0
3.4375905522071234e-07,0.0,1.7999999819999808,1.7999999819999803,-3.888195170430389e-06,0.0
3.4385905522071235e-07,0.0,1.7999999819999828,1.7999999819999801,-3.888195170500106e-06,0.0
3.4395905522071236e-07,0.0,1.799999981999981,1.7999999819999803,-3.888195170439853e-06,0.0
3.4405905522071237e-07,0.0,1.7999999819999828,1.7999999819999801,-3.888195170477709e-06,0.0
3.4415905522071237e-07,0.0,1.7999999819999812,1.7999999819999803,-3.888195170439853e-06,0.0
3.442590552207124e-07,0.0,1.7999999819999826,1.7999999819999801,-3.888195170481179e-06,0.0
3.443590552207124e-07,0.0,1.7999999819999815,1.7999999819999806,-3.888195170452786e-06,0.0
3.444590552207124e-07,0.0,1.7999999819999823,1.7999999819999806,-3.888195170464775e-06,0.0
3.445590552207124e-07,0.0,1.7999999819999817,1.7999999819999806,-3.888195170449317e-06,0.0
3.446590552207124e-07,0.0,1.7999999819999823,1.7999999819999806,-3.888195170468244e-06,0.0
3.447590552207124e-07,0.0,1.7999999819999817,1.7999999819999806,-3.888195170449317e-06,0.0
3.448590552207124e-07,0.0,1.7999999819999821,1.7999999819999806,-3.888195170471714e-06,0.0
3.4495905522071243e-07,0.0,1.799999981999982,1.7999999819999806,-3.8881951704587805e-06,0.0
3.4505905522071244e-07,0.0,1.7999999819999821,1.7999999819999806,-3.888195170471714e-06,0.0
3.4515905522071245e-07,0.0,1.799999981999982,1.7999999819999806,-3.8881951704587805e-06,0.0
3.4525905522071246e-07,0.0,1.7999999819999821,1.7999999819999806,-3.888195170471714e-06,0.0
3.4535905522071246e-07,0.0,1.799999981999982,1.7999999819999806,-3.8881951704587805e-06,0.0
3.4545905522071247e-07,0.0,1.799999981999982,1.7999999819999806,-3.88819517046225e-06,0.0
3.454628499560555e-07,0.0,1.799999982000207,1.7999999819999823,-3.888202439843934e-06,0.0
3.454704394267415e-07,0.0,1.7999999819995562,1.7999999819999808,-3.8881806262107114e-06,0.0
3.4548561836811347e-07,0.0,1.7999999820002834,1.7999999819999788,-3.888209732044749e-06,0.0
3.454863803450627e-07,0.0,1.7999999820011148,1.7999999819999806,-3.888187890227409e-06,0.0
3.454879042989612e-07,0.0,1.799999982000264,1.7999999819999832,-3.888216991953534e-06,0.0
3.454909522067582e-07,0.0,1.7999999819996872,1.799999981999982,-3.888187894196075e-06,0.0
3.454970480223522e-07,0.0,1.799999981999862,1.7999999819999777,-3.8882024569736685e-06,0.0
3.4549735402989534e-07,0.0,1.7999999820009525,1.7999999819999783,-3.88824610029473e-06,0.0
3.454979660449816e-07,0.0,1.7999999820002914,1.7999999819999803,-3.888129687799775e-06,0.0
3.4549919007515405e-07,0.0,1.7999999820004102,1.7999999819999823,-3.888187889729583e-06,0.0
3.4550163813549904e-07,0.0,1.799999981999961,1.799999981999984,-3.888158785490643e-06,0.0
3.4550653425618903e-07,0.0,1.7999999819997485,1.7999999819999817,-3.888202449625616e-06,0.0
3.4550678003951747e-07,0.0,1.7999999819996395,1.7999999819999812,-3.888246107192389e-06,0.0
3.455072716061743e-07,0.0,1.7999999820006685,1.799999981999981,-3.888129680529344e-06,0.0
3.45508254739488e-07,0.0,1.7999999820004284,1.7999999819999817,-3.888187885065772e-06,0.0
3.4550830409239093e-07,0.0,1.7999999820002504,1.799999981999982,-3.8877804330809475e-06,0.0
3.4550840279819684e-07,0.0,1.7999999820006782,1.7999999819999821,-3.888246089531053e-06,0.0
3.455084077531892e-07,0.0,1.7999999820006614,1.7999999819999817,-3.912926137894283e-06,0.0
3.455084176631738e-07,0.0,1.7999999820003734,1.7999999819999801,-3.89057439898909e-06,0.0
3.4550841816065113e-07,0.0,1.7999999820000296,1.7999999819999801,-3.838420338313673e-06,0.0
3.4550841915560573e-07,0.0,1.7999999819999164,1.7999999819999806,-3.898024984244479e-06,0.0
3.4550842114551493e-07,0.0,1.799999981999224,1.7999999819999812,-3.868222668925303e-06,0.0
3.4550842512533333e-07,0.0,1.7999999819991326,1.7999999819999815,-3.883123831084422e-06,0.0
3.4550842532511865e-07,0.0,1.7999999820005723,1.7999999819999815,-3.838420332823907e-06,0.0
3.4550842572468923e-07,0.0,1.7999999820009798,1.7999999819999812,-3.838420328667807e-06,0.0
3.4550842652383046e-07,0.0,1.7999999819993753,1.7999999819999808,-3.89802498979661e-06,0.0
3.4550842661063625e-07,0.0,1.7999999819999153,1.799999981999981,-4.076838918617061e-06,0.0
3.455084267842478e-07,0.0,1.7999999820000971,1.7999999819999808,-3.838420337666243e-06,0.0
3.4550842713147083e-07,0.0,1.7999999819999688,1.7999999819999808,-3.838420338974048e-06,0.0
3.4550842718868674e-07,0.0,1.7999999820002395,1.799999981999981,-3.6000017571072667e-06,0.0
3.455084273031186e-07,0.0,1.7999999820000865,1.7999999819999808,-4.076838916874905e-06,0.0
3.4550842753198236e-07,0.0,1.7999999819992116,1.7999999819999806,-3.838420346687114e-06,0.0
3.4550842757843333e-07,0.0,1.7999999819997894,1.7999999819999803,-3.6000017617015938e-06,0.0
3.4550842760992634e-07,0.0,1.3366760830744602,1.799999959891694,-1.7999999784024112e-06,0.0
3.4550842764685237e-07,0.0,1.3366639519545538,1.7999999080464328,-1.7999999784024112e-06,0.0
3.4550842766337994e-07,0.0,1.336658522275894,1.7999998848408107,-1.7999999784024112e-06,0.0
3.455084276885087e-07,0.0,1.3366502669516596,1.7999998495581047,-1.7999999784024112e-06,0.0
3.455084277387662e-07,0.0,1.3366337564540185,1.7999997789908126,-1.7999999784024112e-06,0.0
3.455084278392812e-07,0.0,1.3366007360632919,1.7999996378487202,-2.2768371366055362e-06,0.0
3.4550842804031124e-07,0.0,1.3365346977004466,1.799999355534492,-2.0384185575039737e-06,0.0
3.4550842844237126e-07,0.0,1.3364026306448704,1.7999987907858694,-2.0384185575039737e-06,0.0
3.455084292464913e-07,0.0,1.336138535217833,1.7999976608080204,-2.0980232022793643e-06,0.0
3.4550843085473136e-07,0.0,1.3356104990568858,1.7999953989303779,-2.068220879891669e-06,0.0
3.455084340712115e-07,0.0,1.3345550452022872,1.7999908674911342,-2.0980232022793643e-06,0.0
3.4550844050417183e-07,0.0,1.3324466089568787,1.7999817739073,-2.0905726216824405e-06,0.0
3.4550845337009244e-07,0.0,1.3282396030484174,1.7999634641617397,-2.0868473313839786e-06,0.0
3.4550847910193366e-07,0.0,1.3198649039111114,1.7999263563002579,-2.0887099765332096e-06,0.0
3.4550853056561614e-07,0.0,1.3032715358118487,1.7998502025169567,-2.0887099765332096e-06,0.0
3.455086334929811e-07,0.0,1.2706992914975395,1.7996902643645805,-2.0887099765332096e-06,0.0
3.455087836961836e-07,0.0,1.2246010867756467,1.7994390543012009,-2.088244315245902e-06,0.0
3.455089538141963e-07,0.0,1.1743806196862454,1.799129855223869,-2.0887099765332096e-06,0.0
3.455091512912732e-07,0.0,1.118624796560254,1.798739429916814,-2.088244315245902e-06,0.0
3.455093633180285e-07,0.0,1.061663132877092,1.7982842997731023,-2.088244315245902e-06,0.0
3.4550960032915854e-07,0.0,1.0013642246143737,1.797733790885233,-2.088244315245902e-06,0.0
3.455098515658916e-07,0.0,0.941123651734185,1.7971048042239162,-2.0884771458895557e-06,0.0
3.455101259953096e-07,0.0,0.8793870039330879,1.7963676029185105,-2.088244315245902e-06,0.0
3.455104147206613e-07,0.0,0.8187258340558393,1.795539138811144,-2.088011484602248e-06,0.0
3.455107256659549e-07,0.0,0.7579807071854161,1.7945905563054643,-2.088244315245902e-06,0.0
3.4551105161521245e-07,0.0,0.6990420306962094,1.793538082992842,-2.088011484602248e-06,0.0
3.4551139952564596e-07,0.0,0.6410719257658724,1.7923542500707472,-2.088244315245902e-06,0.0
3.4551176359536995e-07,0.0,0.5854326015980585,1.7910541328946623,-2.087895069280421e-06,0.0
3.4551214997067e-07,0.0,0.5315249857642981,1.7896118358263542,-2.088011484602248e-06,0.0
3.455125540740738e-07,0.0,0.4803037018761307,1.7880408385435316,-2.088127899924075e-06,0.0
3.455129814214996e-07,0.0,0.43133651324783767,1.7863167394364063,-2.088011484602248e-06,0.0
3.455134285201739e-07,0.0,0.385267286038792,1.7844510075428732,-2.088127899924075e-06,0.0
3.455139004415358e-07,0.0,0.34177446348311646,1.7824204373952273,-2.088127899924075e-06,0.0
3.455143946882668e-07,0.0,0.3012674978841608,1.7802340601955626,-2.088127899924075e-06,0.0
3.4551491608105567e-07,0.0,0.26349420412457564,1.7778693529488483,-2.088127899924075e-06,0.0
3.4551546308342236e-07,0.0,0.22868910000683731,1.7753324069794316,-2.088127899924075e-06,0.0
3.4551604047758107e-07,0.0,0.19664059297337153,1.7726006298117511,-2.088127899924075e-06,0.0
3.455166477181403e-07,0.0,0.16745425613690162,1.769676506797273,-2.088127899924075e-06,0.0
3.455172898000029e-07,0.0,0.14094018832661392,1.7665363194657546,-2.088011484602248e-06,0.0
3.455179672849627e-07,0.0,0.1171104163074066,1.7631779816659932,-2.088127899924075e-06,0.0
3.455186857054574e-07,0.0,0.09578525226453724,1.7595751491880558,-2.0881861075849883e-06,0.0
3.455194469725724e-07,0.0,0.07691037264452803,1.755719678201042,-2.088127899924075e-06,0.0
3.455202576156913e-07,0.0,0.060310184287424726,1.7515803876494058,-2.088244315245902e-06,0.0
3.455211213400939e-07,0.0,0.04588492628861014,1.747140679383992,-2.088127899924075e-06,0.0
3.455220463785628e-07,0.0,0.033460713787808315,1.7423610951274944,-2.0881861075849883e-06,0.0
3.455230390297512e-07,0.0,0.02290850611653931,1.737212537659965,-2.0881861075849883e-06,0.0
3.4552411040537045e-07,0.0,0.014056268813048663,1.7316415640950602,-2.088244315245902e-06,0.0
3.4552527086636355e-07,0.0,0.006758317416346584,1.725599384172752,-2.088127899924075e-06,0.0
3.455265365212512e-07,0.0,0.0008463323420430729,1.7190083844814663,-2.0881861075849883e-06,0.0
3.455279246398052e-07,0.0,-0.00383184591661322,1.7117864236103078,-2.0881861075849883e-06,0.0
3.455294609055415e-07,0.0,-0.00743845701928176,1.70380979086264,-2.0881570037545316e-06,0.0
3.4553117597065685e-07,0.0,-0.01012319988759191,1.6949322404395992,-2.0881570037545316e-06,0.0
3.45533113491109e-07,0.0,-0.012035011200136565,1.6849450988370058,-2.0881570037545316e-06,0.0
3.455353310707006e-07,0.0,-0.013312785245552456,1.673575405980116,-2.0881861075849883e-06,0.0
3.45537913989432e-07,0.0,-0.014088208144257607,1.6604205346095031,-2.0881861075849883e-06,0.0
3.45540986308839e-07,0.0,-0.014479470519321245,1.6449011814455987,-2.08817155566976e-06,0.0
3.455447458349261e-07,0.0,-0.014589185147503958,1.6261031353406274,-2.0882006595002167e-06,0.0
3.4554952020334214e-07,0.0,-0.014497819720700592,1.602537089893024,-2.0882006595002167e-06,0.0
3.455559138974281e-07,0.0,-0.01425508265376411,1.5715102340364286,-2.088178831627374e-06,0.0
3.45565184142828e-07,0.0,-0.013862415637614702,1.52758593387936,-2.088178831627374e-06,0.0
3.455806817634944e-07,0.0,-0.013220283416252948,1.4568712331722025,-2.0882006595002167e-06,0.0
3.4560819208875914e-07,0.0,-0.01215321358610926,1.3392642196175293,-2.088195202532006e-06,0.0
3.456377006974399e-07,0.0,-0.0111038690945621,1.2236370458564605,-2.088191564553199e-06,0.0
3.4566759203155065e-07,0.0,-0.010133356657693892,1.1166823808270292,-2.0881933835426025e-06,0.0
3.4569611250056234e-07,0.0,-0.009286526567507267,1.0233656567121134,-2.088195202532006e-06,0.0
3.4572523069934907e-07,0.0,-0.00849493155892646,0.9361311396357087,-2.0881933835426025e-06,0.0
3.4575378432624194e-07,0.0,-0.007784245079738679,0.8578152234926609,-2.0881933835426025e-06,0.0
3.457828828113225e-07,0.0,-0.007121128995803242,0.7847400798654638,-2.088191564553199e-06,0.0
3.458115314227023e-07,0.0,-0.006523480493958928,0.7188801833526977,-2.0881933835426025e-06,0.0
3.458405702421227e-07,0.0,-0.00596885382909784,0.6577608021042836,-2.088191564553199e-06,0.0
3.458692674358009e-07,0.0,-0.005467098776577944,0.6024680575422537,-2.0881933835426025e-06,0.0
3.4589826006420434e-07,0.0,-0.00500299300737926,0.5513240843525351,-2.088191564553199e-06,0.0
3.4592699608584577e-07,0.0,-0.0045818856681916695,0.5049185647984851,-2.088191564553199e-06,0.0
3.459559549020969e-07,0.0,-0.0041933604114534045,0.4621035112385529,-2.088191564553199e-06,0.0
3.459847201610404e-07,0.0,-0.0038400568595537135,0.42316987267487555,-2.0881933835426025e-06,0.0
3.4601365341604175e-07,0.0,-0.003514710840642943,0.38731710920319545,-2.088191564553199e-06,0.0
3.4604244069335444e-07,0.0,-0.0032183685336527913,0.35466052882613724,-2.0881933835426025e-06,0.0
3.460713546982227e-07,0.0,-0.002945868321484755,0.32463131597462175,-2.0881933835426025e-06,0.0
3.461001585952628e-07,0.0,-0.0026973505476649137,0.297244942612105,-2.088195202532006e-06,0.0
3.461290580938479e-07,0.0,-0.0024690748088567055,0.2720892170893376,-2.088195202532006e-06,0.0
3.461578745332591e-07,0.0,-0.0022606931664482122,0.24912579890607567,-2.0881933835426025e-06,0.0
3.4618676309579574e-07,0.0,-0.0020694409085586407,0.22805001890192478,-2.088191564553199e-06,0.0
3.4621558900080254e-07,0.0,-0.001894732081226968,0.20879730621941453,-2.088195202532006e-06,0.0
3.462444693172958e-07,0.0,-0.0017344835641018316,0.19113810304822956,-2.0881933835426025e-06,0.0
3.462733023656235e-07,0.0,-0.001588018153829119,0.17499778253875892,-2.0881933835426025e-06,0.0
3.463021764635024e-07,0.0,-0.0014537379150216876,0.16020025393800638,-2.088191564553199e-06,0.0
3.463310149023115e-07,0.0,-0.0013309575957113778,0.1466700033207466,-2.0881933835426025e-06,0.0
3.4635988431005635e-07,0.0,-0.0012184314887264621,0.13426975515098818,-2.0881933835426025e-06,0.0
3.4638872681640424e-07,0.0,-0.0011155108626384456,0.12292801998564058,-2.088195202532006e-06,0.0
3.464175926865539e-07,0.0,-0.0010212108159758722,0.1125362628003384,-2.0881933835426025e-06,0.0
3.4644643826203544e-07,0.0,-0.0009349405831467814,0.10302938190863922,-2.0881933835426025e-06,0.0
3.4647530146376834e-07,0.0,-0.0008559120968311663,0.09432053319096663,-2.088191564553199e-06,0.0
3.4650414935495604e-07,0.0,-0.0007836004721182868,0.08635187493284495,-2.088191564553199e-06,0.0
3.465330105438162e-07,0.0,-0.0007173688589590082,0.07905322698696335,-2.0881933835426025e-06,0.0
3.465618601821865e-07,0.0,-0.0006567585264839278,0.07237403773721336,-2.0881933835426025e-06,0.0
3.46590719852629e-07,0.0,-0.0006012506670108588,0.06625713517066739,-2.088191564553199e-06,0.0
3.466195708092045e-07,0.0,-0.0005504489111987742,0.0606588398399389,-2.0881933835426025e-06,0.0
3.4664842933419893e-07,0.0,-0.0005039278869292574,0.05553227622440221,-2.0881933835426025e-06,0.0
3.46677281285309e-07,0.0,-0.0004613478648788775,0.050840006541632184,-2.088195202532006e-06,0.0
3.467061389461971e-07,0.0,-0.000422358306913999,0.04654340189058102,-2.0881933835426025e-06,0.0
3.4673499164763523e-07,0.0,-0.000386669720464386,0.04261056052144137,-2.0881933835426025e-06,0.0
3.4676384865664964e-07,0.0,-0.00035399208941933616,0.039009522990840255,-2.0881933835426025e-06,0.0
3.467927019241677e-07,0.0,-0.0003240797745174904,0.035713220133369514,-2.0881933835426025e-06,0.0
3.4682155844140964e-07,0.0,-0.0002966920948211815,0.032695129185254426,-2.088191564553199e-06,0.0
3.468504121359992e-07,0.0,-0.00027162127136485517,0.02993235314238406,-2.0881933835426025e-06,0.0
3.468792682822467e-07,0.0,-0.00024866709352252387,0.027402829022931802,-2.088195202532006e-06,0.0
3.469081222990332e-07,0.0,-0.00022765421321919587,0.025087233669835864,-2.088191564553199e-06,0.0
3.469369781653997e-07,0.0,-0.0002084157834455636,0.022967180733631198,-2.0881933835426025e-06,0.0
3.469658324252614e-07,0.0,-0.00019080407944565794,0.021026391115383708,-2.088191564553199e-06,0.0
3.4699468808048277e-07,0.0,-0.0001746798658584877,0.01924952123765818,-2.088195202532006e-06,0.0
3.470235425237269e-07,0.0,-0.00015991884935914665,0.017622874118394763,-2.088191564553199e-06,0.0
3.4705239801965746e-07,0.0,-0.0001464047145551834,0.016133631934471693,-2.0881933835426025e-06,0.0
3.4708125260125003e-07,0.0,-0.00013403298344326876,0.014770281329555369,-2.0881933835426025e-06,0.0
3.471101079770094e-07,0.0,-0.00012270641006590123,0.013522105910446308,-2.0881933835426025e-06,0.0
3.4713896266297535e-07,0.0,-0.00011233723599317301,0.01237943479864431,-2.0881933835426025e-06,0.0
3.4716781794807585e-07,0.0,-0.00010284410911460225,0.011333303084705882,-2.0881933835426025e-06,0.0
3.471966727127833e-07,0.0,-9.415335484711119e-05,0.010375591913925498,-2.088191564553199e-06,0.0
3.4722552792948943e-07,0.0,-8.619688603549264e-05,0.009498798159741029,-2.088191564553199e-06,0.0
3.4725438275360103e-07,0.0,-7.891287688152847e-05,0.008696108689978421,-2.0881933835426025e-06,0.0
3.4728323791870936e-07,0.0,-7.22443224845843e-05,0.007961241629841595,-2.0881933835426025e-06,0.0
3.473120927876368e-07,0.0,-6.613935613047691e-05,0.0072884813268081295,-2.0881933835426025e-06,0.0
3.4734094791381835e-07,0.0,-6.0550238844356193e-05,0.006672567000505021,-2.0881933835426025e-06,0.0
3.4736980281655595e-07,0.0,-5.543346879235154e-05,0.006108704798640777,-2.0881933835426025e-06,0.0
3.473986579133709e-07,0.0,-5.0749058861693404e-05,0.005592488187168197,-2.088191564553199e-06,0.0
3.4742751284161544e-07,0.0,-4.646052938022559e-05,0.0051198971479763065,-2.0881933835426025e-06,0.0
3.474563679162756e-07,0.0,-4.253438133446838e-05,0.004687240128132134,-2.0881933835426025e-06,0.0
3.474852228637628e-07,0.0,-3.8940027686811235e-05,0.0042911464711098465,-2.0881933835426025e-06,0.0
3.475140779217091e-07,0.0,-3.564940162572576e-05,0.003928523246407382,-2.088191564553199e-06,0.0
3.4754293288371365e-07,0.0,-3.263685943060702e-05,0.003596544545374633,-2.0881933835426025e-06,0.0
3.475717879290504e-07,0.0,-2.987888359890982e-05,0.00329261876615364,-2.0881933835426025e-06,0.0
3.476006429020072e-07,0.0,-2.735397641389602e-05,0.0030143768849723936,-2.088191564553199e-06,0.0
3.4762949793783136e-07,0.0,-2.50424310217706e-05,0.0027596472291017368,-2.0881933835426025e-06,0.0
3.476583529190506e-07,0.0,-2.2926226406954013e-05,0.0025264439032584704,-2.088195202532006e-06,0.0
3.4768720794769815e-07,0.0,-2.0988848104638787e-05,0.0023129470323249124,-2.0881933835426025e-06,0.0
3.4771606293515074e-07,0.0,-1.9215190173035287e-05,0.0021174919588117006,-2.088191564553199e-06,0.0
3.477449179583842e-07,0.0,-1.7591412881240913e-05,0.0019385535602152828,-2.088195202532006e-06,0.0
3.4777377295053934e-07,0.0,-1.610485422402269e-05,0.0017747364980574044,-2.0881933835426025e-06,0.0
3.478026279696882e-07,0.0,-1.4743915675099788e-05,0.0016247626280183837,-2.0881933835426025e-06,0.0
3.4783148296539107e-07,0.0,-1.3497984025553185e-05,0.0014874623866268537,-2.0881933835426025e-06,0.0
3.478603379814585e-07,0.0,-1.2357338810215681e-05,0.001361764589749565,-2.088191564553199e-06,0.0
3.478891929798378e-07,0.0,-1.1313084269238805e-05,0.001246688934834448,-2.088191564553199e-06,0.0
3.4791804799358057e-07,0.0,-1.0357073770018195e-05,0.0011413376722967626,-2.0881933835426025e-06,0.0
3.4794690299397906e-07,0.0,-9.481851183136156e-06,0.0010448891452093112,-2.0881933835426025e-06,0.0
3.47975758005968e-07,0.0,-8.680588809438948e-06,0.0009565909489424153,-2.088191564553199e-06,0.0
3.480046130078898e-07,0.0,-7.947037234320035e-06,0.0008757544051613966,-2.0881933835426025e-06,0.0
3.480341154594178e-07,0.0,-7.261056099334375e-06,0.0008001600694221584,-2.088191564553199e-06,0.0
3.4806456724529556e-07,0.0,-6.615017225723312e-06,0.0007289673251594966,-2.0881933835426025e-06,0.0
3.480959615116827e-07,0.0,-6.009076893673397e-06,0.0006621933942703887,-2.088191564553199e-06,0.0
3.481283645946913e-07,0.0,-5.441788447310106e-06,0.0005996788569337286,-2.0881933835426025e-06,0.0
3.481617961052818e-07,0.0,-4.912542733019749e-06,0.0005413565851191261,-2.0881933835426025e-06,0.0
3.481963584564325e-07,0.0,-4.419419409215854e-06,0.0004870149593813752,-2.088191564553199e-06,0.0
3.4823209838906137e-07,0.0,-3.9614643667933774e-06,0.00043654883799044015,-2.0881933835426025e-06,0.0
3.482691260552884e-07,0.0,-3.5369660211280757e-06,0.00038976960627937153,-2.0881933835426025e-06,0.0
3.483075080994908e-07,0.0,-3.1448608091910764e-06,0.00034656006082044735,-2.0881933835426025e-06,0.0
3.483473688288687e-07,0.0,-2.783564212553262e-06,0.0003067455894965473,-2.088195202532006e-06,0.0
3.483888005321713e-07,0.0,-2.45192250119278e-06,0.00027019905258027026,-2.0881933835426025e-06,0.0
3.484319488814703e-07,0.0,-2.148438765194439e-06,0.00023675549231270466,-2.088195202532006e-06,0.0
3.4847693820185014e-07,0.0,-1.871902763999302e-06,0.00020628154156944378,-2.0881933835426025e-06,0.0
3.4852394479487617e-07,0.0,-1.6208818652490779e-06,0.00017861932590527917,-2.0881942930373043e-06,0.0
3.485731348790574e-07,0.0,-1.394132417806943e-06,0.00015363179638813677,-2.0881942930373043e-06,0.0
3.4862472867134456e-07,0.0,-1.1902701232634806e-06,0.00013116640491863795,-2.0881933835426025e-06,0.0
3.4867894939855105e-07,0.0,-1.0080347973566824e-06,0.00011108428063330652,-2.0881942930373043e-06,0.0
3.4873608092581697e-07,0.0,-8.460807083231238e-07,9.323712543291856e-05,-2.0881933835426025e-06,0.0
3.4879642711797545e-07,0.0,-7.031440580328913e-07,7.748567020996962e-05,-2.0881924740479008e-06,0.0
3.488603661186663e-07,0.0,-5.77912588675984e-07,6.368530565652018e-05,-2.0881933835426025e-06,0.0
3.489283205718589e-07,0.0,-4.6912950588753486e-07,5.169753447204647e-05,-2.0881933835426025e-06,0.0
3.490008127263793e-07,0.0,-3.755147831759922e-07,4.1381299202868945e-05,-2.0881933835426025e-06,0.0
3.4907844821549067e-07,0.0,-2.958283902837074e-07,3.259994993401313e-05,-2.0881924740479008e-06,0.0
3.491619788755616e-07,0.0,-2.288248745941184e-07,2.5216239213145962e-05,-2.0881933835426025e-06,0.0
3.492523073698442e-07,0.0,-1.7329130203200196e-07,1.9096503093651402e-05,-2.0881933835426025e-06,0.0
3.4935057134365455e-07,0.0,-1.2802307592457192e-07,1.4107996401367558e-05,-2.0881929287952516e-06,0.0
3.4945057134365456e-07,0.0,-9.406761345168511e-08,1.0366143310300273e-05,-2.0881933835426025e-06,0.0
3.4955057134365456e-07,0.0,-6.911813230983576e-08,7.61673905156842e-06,-2.0881933835426025e-06,0.0
3.4965057134365457e-07,0.0,-5.078598296183704e-08,5.596557180725194e-06,-2.0881933835426025e-06,0.0
3.497505713436546e-07,0.0,-3.7316055558719504e-08,4.112186601781648e-06,-2.0881933835426025e-06,0.0
3.498505713436546e-07,0.0,-2.7418746694627726e-08,3.0215144957531427e-06,-2.0881933835426025e-06,0.0
3.499505713436546e-07,0.0,-2.0146493487692003e-08,2.2201205178993782e-06,-2.0881933835426025e-06,0.0
3.500505713436546e-07,0.0,-1.4803054434705737e-08,1.6312796516202783e-06,-2.0881933835426025e-06,0.0
3.501505713436546e-07,0.0,-1.0876851633230037e-08,1.1986165977638977e-06,-2.0881933835426025e-06,0.0
3.502505713436546e-07,0.0,-7.991992596797412e-09,8.807084346378685e-07,-2.0881933835426025e-06,0.0
3.503505713436546e-07,0.0,-5.872282515245137e-09,6.471188103763185e-07,-2.0881933835426025e-06,0.0
3.5045057134365463e-07,0.0,-4.314781516814915e-09,4.7548398343096344e-07,-2.0881933835426025e-06,0.0
3.5055057134365464e-07,0.0,-3.170375316465068e-09,3.4937173031317284e-07,-2.0881933835426025e-06,0.0
3.5065057134365465e-07,0.0,-2.3294990970479715e-09,2.567081335974019e-07,-2.0881933835426025e-06,0.0
3.5075057134365465e-07,0.0,-1.7116478338965803e-09,1.8862163173875076e-07,-2.0881933835426025e-06,0.0
3.5085057134365466e-07,0.0,-1.2576687885588099e-09,1.3859366067296692e-07,-2.0881933835426025e-06,0.0
3.5095057134365467e-07,0.0,-9.240982580411804e-10,1.0183457009500192e-07,-2.0881933835426025e-06,0.0
3.510505713436547e-07,0.0,-6.790003841254844e-10,7.482506498550576e-08,-2.0881933835426025e-06,0.0
3.511505713436547e-07,0.0,-4.989096317612952e-10,5.497927025038755e-08,-2.0881933835426025e-06,0.0
3.512505713436547e-07,0.0,-3.665842118664051e-10,4.039716046822928e-08,-2.0881933835426025e-06,0.0
3.513505713436547e-07,0.0,-2.69355361833105e-10,2.968265250636638e-08,-2.0881933835426025e-06,0.0
3.514505713436547e-07,0.0,-1.9791444531050152e-10,2.180994529322475e-08,-2.0881933835426025e-06,0.0
3.515505713436547e-07,0.0,-1.4542174840772617e-10,1.60253101905711e-08,-2.0881933835426025e-06,0.0
3.516505713436547e-07,0.0,-1.0685164934729013e-10,1.1774929430189884e-08,-2.0881933835426025e-06,0.0
3.5175057134365473e-07,0.0,-7.85114681438651e-11,8.651873906785816e-09,-2.0881933835426025e-06,0.0
3.5185057134365474e-07,0.0,-5.76879315218052e-11,6.357144010307221e-09,-2.0881933835426025e-06,0.0
3.5195057134365474e-07,0.0,-4.238740558127454e-11,4.671043568502285e-09,-2.0881933835426025e-06,0.0
3.5205057134365475e-07,0.0,-3.1145026432432603e-11,3.432146256789353e-09,-2.0881933835426025e-06,0.0
3.5215057134365476e-07,0.0,-2.2884454900470862e-11,2.5218407311430885e-09,-2.0881933835426025e-06,0.0
3.5225057134365477e-07,0.0,-1.6814828437944003e-11,1.852974843560905e-09,-2.0881933835426025e-06,0.0
3.523505713436548e-07,0.0,-1.2355044355951445e-11,1.3615117435719963e-09,-2.0881933835426025e-06,0.0
3.524505713436548e-07,0.0,-9.078125395453293e-12,1.0003990255594442e-09,-2.0881933835426025e-06,0.0
3.525505713436548e-07,0.0,-6.670341142094076e-12,7.350639574467553e-10,-2.0881933835426025e-06,0.0
3.526505713436548e-07,0.0,-4.901171665238535e-12,5.401035064334865e-10,-2.0881933835426025e-06,0.0
3.527505713436548e-07,0.0,-3.6012376540175544e-12,3.9685226667214063e-10,-2.0881933835426025e-06,0.0
3.528505713436548e-07,0.0,-2.646084146876198e-12,2.9159544362672284e-10,-2.0881933835426025e-06,0.0
3.529505713436548e-07,0.0,-1.9442652728500137e-12,2.142558072223581e-10,-2.0881933835426025e-06,0.0
3.5305057134365483e-07,0.0,-1.4285892824480064e-12,1.5742890340656673e-10,-2.0881933835426025e-06,0.0
3.5315057134365483e-07,0.0,-1.0496856398697225e-12,1.1567415580979686e-10,-2.0881933835426025e-06,0.0
3.5325057134365484e-07,0.0,-7.712783209685842e-13,8.499398797026634e-11,-2.0881933835426025e-06,0.0
3.5335057134365485e-07,0.0,-5.667127618454165e-13,6.245109757245755e-11,-2.0881933835426025e-06,0.0
3.5345057134365486e-07,0.0,-4.164039697848065e-13,4.588724074659631e-11,-2.0881933835426025e-06,0.0
3.5355057134365486e-07,0.0,-3.059614633518209e-13,3.371660299313193e-11,-2.0881933835426025e-06,0.0
3.5365057134365487e-07,0.0,-2.248115386383907e-13,2.477397417888797e-11,-2.0881933835426025e-06,0.0
3.537505713436549e-07,0.0,-1.6518494616176378e-13,1.8203191962759537e-11,-2.0881933835426025e-06,0.0
3.538505713436549e-07,0.0,-1.2137306935902414e-13,1.3375173286306924e-11,-2.0881933835426025e-06,0.0
3.539505713436549e-07,0.0,-8.918138297174786e-14,9.827686309340522e-12,-2.0881933835426025e-06,0.0
3.540505713436549e-07,0.0,-6.552787305883256e-14,7.2210965889837266e-12,-2.0881933835426025e-06,0.0
3.541505713436549e-07,0.0,-4.81479653763399e-14,5.305850665772855e-12,-2.0881933835426025e-06,0.0
3.542505713436549e-07,0.0,-3.5377717400210346e-14,3.8985839533620295e-12,-2.0881933835426025e-06,0.0
3.543505713436549e-07,0.0,-2.5994512447877085e-14,2.8645655143393783e-12,-2.0881933835426025e-06,0.0
3.5445057134365493e-07,0.0,-1.910000783009925e-14,2.104798994739807e-12,-2.0881933835426025e-06,0.0
3.5455057134365494e-07,0.0,-1.403412734227163e-14,1.5465447678119143e-12,-2.0881933835426025e-06,0.0
3.5465057134365495e-07,0.0,-1.0311866506475134e-14,1.1363558823549964e-12,-2.0881933835426025e-06,0.0
3.5475057134365496e-07,0.0,-7.576858024880055e-15,8.349610811390294e-13,-2.0881933835426025e-06,0.0
3.5485057134365496e-07,0.0,-5.567253783502771e-15,6.135049924434449e-13,-2.0881933835426025e-06,0.0
3.5495057134365497e-07,0.0,-4.090655309236371e-15,4.5078553270928315e-13,-2.0881933835426025e-06,0.0
3.55050571343655e-07,0.0,-3.005693942431906e-15,3.3122403077898913e-13,-2.0881933835426025e-06,0.0
3.55150571343655e-07,0.0,-2.208496028524869e-15,2.433737345251819e-13,-2.0881933835426025e-06,0.0
3.55250571343655e-07,0.0,-1.622738324557871e-15,1.7882390512999154e-13,-2.0881933835426025e-06,0.0
3.55350571343655e-07,0.0,-1.1923406736542098e-15,1.3139457759601843e-13,-2.0881933835426025e-06,0.0
3.55450571343655e-07,0.0,-8.760970747486675e-16,9.654489431438162e-14,-2.0881933835426025e-06,0.0
3.55550571343655e-07,0.0,-6.437305131345631e-16,7.093836586482287e-14,-2.0881933835426025e-06,0.0
3.55650571343655e-07,0.0,-4.729943657500958e-16,5.212343736370044e-14,-2.0881933835426025e-06,0.0
3.5575057134365503e-07,0.0,-3.475424285693e-16,3.8298777952947764e-14,-2.0881933835426025e-06,0.0
3.5585057134365504e-07,0.0,-2.5536401908510638e-16,2.8140822380112243e-14,-2.0881933835426025e-06,0.0
3.5595057134365505e-07,0.0,-1.87634013206296e-16,2.067705359162331e-14,-2.0881933835426025e-06,0.0
3.5605057134365505e-07,0.0,-1.37867989554033e-16,1.519289448820134e-14,-2.0881933835426025e-06,0.0
3.5615057134365506e-07,0.0,-1.0130136638638201e-16,1.1163294707629882e-14,-2.0881933835426025e-06,0.0
3.5625057134365507e-07,0.0,-7.443328400216539e-17,8.202462593728785e-15,-2.0881933835426025e-06,0.0
3.563505713436551e-07,0.0,-5.469139975424566e-17,6.026929715937471e-15,-2.0881933835426025e-06,0.0
3.564505713436551e-07,0.0,-4.018564273146242e-17,4.428411758784754e-15,-2.0881933835426025e-06,0.0
3.565505713436551e-07,0.0,-2.952723453472015e-17,3.253867496306373e-15,-2.0881933835426025e-06,0.0
3.566505713436551e-07,0.0,-2.1695749493271267e-17,2.3908467099062754e-15,-2.0881933835426025e-06,0.0
3.567505713436551e-07,0.0,-1.5941401792289527e-17,1.7567242663407345e-15,-2.0881933835426025e-06,0.0
3.568505713436551e-07,0.0,-1.1713276554254902e-17,1.2907896333107327e-15,-2.0881933835426025e-06,0.0
3.569505713436551e-07,0.0,-8.606572699438702e-18,9.484344864850538e-16,-2.0881933835426025e-06,0.0
3.5705057134365513e-07,0.0,-6.3238584115204974e-18,6.968819333164923e-16,-2.0881933835426025e-06,0.0
3.5715057134365514e-07,0.0,-4.6465859411031505e-18,5.120484713447018e-16,-2.0881933835426025e-06,0.0
3.5725057134365514e-07,0.0,-3.4141757975743425e-18,3.7623824707784897e-16,-2.0881933835426025e-06,0.0
3.5735057134365515e-07,0.0,-2.5086363168914222e-18,2.7644886467387996e-16,-2.0881933835426025e-06,0.0
3.5745057134365516e-07,0.0,-1.8432728347122646e-18,2.0312654381870048e-16,-2.0881933835426025e-06,0.0
3.5755057134365517e-07,0.0,-1.3543828141580041e-18,1.4925144601787528e-16,-2.0881933835426025e-06,0.0
3.5765057134365517e-07,0.0,-9.95161046657629e-19,1.0966559918937968e-16,-2.0881933835426025e-06,0.0
3.577505713436552e-07,0.0,-7.312151164950771e-19,8.05790762233386e-17,-2.0881933835426025e-06,0.0
3.578505713436552e-07,0.0,-5.372755984517177e-19,5.920714949154597e-17,-2.0881933835426025e-06,0.0
3.579505713436552e-07,0.0,-3.9477431114252815e-19,4.3503682531981993e-17,-2.0881933835426025e-06,0.0
3.580505713436552e-07,0.0,-2.9006870015706554e-19,3.1965234101026266e-17,-2.0881933835426025e-06,0.0
3.581505713436552e-07,0.0,-2.131339350460912e-19,2.3487119517176837e-17,-2.0881933835426025e-06,0.0
3.582505713436552e-07,0.0,-1.5660464023757774e-19,1.7257648779066662e-17,-2.0881933835426025e-06,0.0
3.583505713436552e-07,0.0,-1.15068464100631e-19,1.268041579716251e-17,-2.0881933835426025e-06,0.0
3.5845057134365523e-07,0.0,-8.454898345137109e-20,9.317198817968162e-18,-2.0881933835426025e-06,0.0
3.5855057134365524e-07,0.0,-6.21240873140786e-20,6.846005303928453e-18,-2.0881933835426025e-06,0.0
3.5865057134365525e-07,0.0,-4.564699194973972e-20,5.030244555623094e-18,-2.0881933835426025e-06,0.0
3.5875057134365526e-07,0.0,-3.354005080025354e-20,3.696076640623597e-18,-2.0881933835426025e-06,0.0
3.5885057134365526e-07,0.0,-2.4644269475985304e-20,2.7157690614757762e-18,-2.0881933835426025e-06,0.0
3.5895057134365527e-07,0.0,-1.8107871200470412e-20,1.9954677109984062e-18,-2.0881933835426025e-06,0.0
3.590505713436553e-07,0.0,-1.330514924609293e-20,1.4662113369926985e-18,-2.0881933835426025e-06,0.0
3.591505713436553e-07,0.0,-9.776222085529657e-21,1.0773292257667748e-18,-2.0881933835426025e-06,0.0
3.592505713436553e-07,0.0,-7.183292869481922e-21,7.915900196498586e-19,-2.0881933835426025e-06,0.0
3.593505713436553e-07,0.0,-5.278064536864795e-21,5.816372042937975e-19,-2.0881933835426025e-06,0.0
3.594505713436553e-07,0.0,-3.878175200129781e-21,4.2737001372477247e-19,-2.0881933835426025e-06,0.0
3.595505713436553e-07,0.0,-2.8495632463022576e-21,3.1401899189635446e-19,-2.0881933835426025e-06,0.0
3.596505713436553e-07,0.0,-2.093781288368291e-21,2.307319750111729e-19,-2.0881933835426025e-06,0.0
3.5975057134365533e-07,0.0,-1.5384445980368623e-21,1.6953510976002146e-19,-2.0881933835426025e-06,0.0
3.5985057134365534e-07,0.0,-1.13040808318599e-21,1.24569442365118e-19,-2.0881933835426025e-06,0.0
3.5995057134365535e-07,0.0,-8.305874474458142e-22,9.152998443605644e-20,-2.0881933835426025e-06,0.0
3.6e-07,0.0,-7.138732694512378e-22,7.866787514818164e-20,-2.0881933835426025e-06,0.0
3.6000000118858913e-07,1.9611720751863654e-06,-7.138706744933149e-22,7.866758923320972e-20,-2.0980232022793643e-06,-0.007425000013618906
3.600000035657674e-07,5.883516225559096e-06,-7.138654846986172e-22,7.866701740534415e-20,-2.0980232022793643e-06,-0.007425000017559086
3.6000000832012395e-07,1.3728204526304558e-05,-7.138551052779556e-22,7.86658737620827e-20,-2.112924363473212e-06,-0.00742500002543944
3.6000001782883704e-07,2.941758112779548e-05,-7.138343467665442e-22,7.866358652543756e-20,-2.0905726216824405e-06,-0.007425000041200148
3.6000003684626317e-07,6.0796334243427056e-05,-7.137928315901474e-22,7.865901225165119e-20,-2.0905726216824405e-06,-0.007425000031383048
3.600000748811155e-07,0.00012355384056204048,-7.13709808564544e-22,7.864986450203594e-20,-2.0905726216824405e-06,-0.007425000156433676
3.600001509508201e-07,0.00024906885319926733,-7.135437917968232e-22,7.863157219417125e-20,-2.0887099765332096e-06,-0.007425000220511596
3.600003030902293e-07,0.0005000988783863708,-7.132118753267537e-22,7.8595000340194e-20,-2.0891756378205173e-06,-0.007425000529523461
3.600006073690478e-07,0.0010021589288479278,-7.125485101555385e-22,7.85219076495746e-20,-2.0884771458895557e-06,-0.0074250009796094085
3.600012159266847e-07,0.002006279029771042,-7.112236470800098e-22,7.837592610053742e-20,-2.088244315245902e-06,-0.007425002042551809
3.6000243304195855e-07,0.004014519231617271,-7.085813614954023e-22,7.808477643814684e-20,-2.088244315245902e-06,-0.007425004005666036
3.6000486727250624e-07,0.008030999635309727,-7.033263483922142e-22,7.750571577458395e-20,-2.0881861075849883e-06,-0.007425008094664953
3.6000973573360163e-07,0.01606396044269464,-6.929331551356295e-22,7.636042944583825e-20,-2.0882006595002167e-06,-0.007425016109891436
3.6001947265579234e-07,0.032129882057377115,-6.726045783298322e-22,7.412025542395083e-20,-3.725281715105666e-06,-0.00742503230303404
3.6003894650017383e-07,0.06426172528682943,-6.337109070408839e-22,6.983421608948694e-20,-6.085678936074146e-05,-0.007425064526829672
3.600778941889368e-07,0.12852541174573404,-5.6248107673159735e-22,6.198477094816e-20,-0.0004198499051142335,-0.007425129136825248
3.6015578956646275e-07,0.25705278466354325,-4.427623197626163e-22,4.8791900552027395e-20,-0.0021167567886664074,-0.00742525819440587
3.6025578956646276e-07,0.4220527846635556,-3.2532880565943557e-22,3.585086210078044e-20,-0.006208564027019747,-0.0074254239987041615
3.6035578956646276e-07,0.5870527846635681,-2.390420978306509e-22,2.634216537643162e-20,-0.012451482377372258,-0.007425589694740609
3.6045578956646277e-07,0.7520527846635804,-1.756411431062923e-22,1.9355453008826325e-20,-0.020845511838842867,-0.007425755499014031
3.604636513897753e-07,0.7650247931292253,-1.7146889959804998e-22,1.8895676434564197e-20,-0.021596641689114904,-0.007425768475911809
3.6047937503640025e-07,0.7909688100604276,-1.6341824765903318e-22,1.8008503803931336e-20,-0.023138788378446407,-0.007425794591924273
3.6051082232965025e-07,0.8428568439229196,-1.4842489463848222e-22,1.635625346738708e-20,-0.026382629432021076,-0.0074258466618601915
3.605149401098853e-07,0.8496511813107266,-1.4656771634253398e-22,1.6151594545004675e-20,-0.02682313680020343,-0.007425853541050742
3.605231756703554e-07,0.8632398560864277,-1.4292264057870618e-22,1.574991136867253e-20,-0.02771509384584192,-0.007425867137627051
3.605396467912956e-07,0.8904172056377428,-1.3590110326522657e-22,1.4976145995244752e-20,-0.029542777388627428,-0.007425894492342877
3.6054262328544593e-07,0.8953284209857957,-1.3466979889520846e-22,1.484045766330594e-20,-0.02987928373960358,-0.007425899372165645
3.6054459686618724e-07,0.8985848292089574,-1.338595360352986e-22,1.475116762376911e-20,-0.030103456875281154,-0.007425902697107745
3.6054576481816e-07,0.9005119499640067,-1.3338232687375356e-22,1.469857972048318e-20,-0.030165783552121184,-0.007425904579292819
3.6054706159922786e-07,0.9026516387259821,-1.328544725988632e-22,1.464041078369934e-20,-0.030018058090917066,-0.007425906782259517
3.605478112343307e-07,0.9038885366456562,-1.325502875104215e-22,1.460688993520531e-20,-0.029932943908960397,-0.007425907971665424
3.6054885036266027e-07,0.9056030983894601,-1.3212978390296618e-22,1.4560550919064193e-20,-0.029815195425896945,-0.007425909746913817
3.6055092861931943e-07,0.9090322218770679,-1.3129277237708833e-22,1.4468313207156308e-20,-0.029580406617355948,-0.007425913138732199
3.605550851326377e-07,0.915890468852196,-1.2963460592289269e-22,1.4285585162235736e-20,-0.029113384148871546,-0.007425920080848414
3.605633981592742e-07,0.9296069628024524,-1.263807043808654e-22,1.3927008937492005e-20,-0.02819048833603688,-0.007425933807027718
3.605800242125473e-07,0.9570399507030524,-1.2011488856668644e-22,1.3236523208101661e-20,-0.026389293432373506,-0.0074259614174678745
3.606132763190935e-07,1.0119059265042527,-1.0849266978968797e-22,1.195576800442207e-20,-0.02296529025312566,-0.007426016480138742
3.606797805321858e-07,1.121637878106566,-8.846621672248821e-23,9.748875803437296e-21,-0.01683083065714186,-0.007426126763718344
3.607797805321858e-07,1.2866378781065781,-6.500238974944307e-23,7.163188933260125e-21,-0.009397509094583256,-0.007426292461161665
3.608797805321858e-07,1.4516378781065906,-4.7761855651550195e-23,5.263301813270488e-21,-0.0041152986440522454,-0.007426458264035318
3.609797805321858e-07,1.616637878106603,-3.50940152211735e-23,3.8673203004528955e-21,-0.000984199304610911,-0.007426623961521273
3.610797805321858e-07,1.7816378781066153,-2.5786056415585223e-23,2.8415938961709803e-21,-2.0881933835426025e-06,-0.007426789764366504
3.6117978053218583e-07,1.946637878106628,-1.8946840402194744e-23,2.0879201212815405e-21,-2.0881933835426025e-06,-0.007426955461824036
3.6127978053218584e-07,2.1116378781066403,-1.3921584419138047e-23,1.5341426650467487e-21,-2.0881933835426025e-06,-0.007427121264726111
3.6137978053218584e-07,2.2766378781066527,-1.0229173235488058e-23,1.1272431798167322e-21,-2.0881933835426025e-06,-0.0074272869621268
3.6147978053218585e-07,2.4416378781066648,-7.516097444898446e-24,8.282653337228043e-22,-2.0881933835426025e-06,-0.007427452765028875
3.6157978053218586e-07,2.6066378781066772,-5.522608670388381e-24,6.085851529911075e-22,-2.0881933835426025e-06,-0.007427618462429564
3.6167978053218587e-07,2.7716378781066897,-4.057851398261084e-24,4.471705785107305e-22,-2.0881933835426025e-06,-0.00742778426536006
3.617797805321859e-07,2.936637878106702,-2.981590576688837e-24,3.285678681164658e-22,-2.0881933835426025e-06,-0.007427949962789171
3.618797805321859e-07,3.1016378781067147,-2.1907855893414163e-24,2.4142206385344444e-22,-2.0881933835426025e-06,-0.007428115765719667
3.619797805321859e-07,3.266637878106727,-1.6097252037187216e-24,1.7738987457713532e-22,-2.0881933835426025e-06,-0.007428281463091935
3.62e-07,3.299999999999986,-1.5131849344299255e-24,1.667512474243466e-22,-2.088204297479024e-06,-0.007428315029699206
3.6200012087787124e-07,3.3000000000000003,-1.5126258368511337e-24,1.6668963551133964e-22,-2.088011484602248e-06,-3.3150039371321327e-06
3.6200036263361376e-07,3.3000000000000003,-1.511508054851008e-24,1.6656645721455426e-22,-2.088011484602248e-06,-3.315002913950593e-06
3.620008461450988e-07,3.3000000000000003,-1.5092749679494531e-24,1.663203735945613e-22,-2.088011484602248e-06,-3.315003880288714e-06
3.6200181316806886e-07,3.3000000000000003,-1.5048186842630259e-24,1.658292962339327e-22,-2.0881861075849883e-06,-3.3150028002637555e-06
3.62003747214009e-07,3.3000000000000003,-1.4959455315557234e-24,1.6485148496394037e-22,-2.0881570037545316e-06,-3.315003880288714e-06
3.620076153058892e-07,3.3000000000000003,-1.4783557261873312e-24,1.6291310854979734e-22,-2.0881861075849883e-06,-3.3150028571071743e-06
3.620153514896496e-07,3.3000000000000003,-1.443792968522645e-24,1.591043322237964e-22,-2.088178831627374e-06,-3.315003823445295e-06
3.6203082385717044e-07,3.3000000000000003,-1.3770635910241123e-24,1.5175083121784253e-22,-2.088204297479024e-06,-3.3150028002637555e-06
3.620617685922121e-07,3.3000000000000003,-1.2526481696232016e-24,1.3804039421469563e-22,-2.0881933835426025e-06,-3.315003880288714e-06
3.621236580622954e-07,3.3000000000000003,-1.036081981294728e-24,1.1417504819393195e-22,-2.0881933835426025e-06,-3.3150028571071743e-06
3.622236580622954e-07,3.3000000000000003,-7.612827501350651e-25,8.389248752034066e-23,-2.0881933835426025e-06,-3.315003823445295e-06
3.623236580622954e-07,3.3000000000000003,-5.593683087974633e-25,6.164174724407566e-23,-2.0881933835426025e-06,-3.3150028571071743e-06
3.6242365806229543e-07,3.3000000000000003,-4.110074802455899e-25,4.5292553786550077e-23,-2.0881933835426025e-06,-3.315003823445295e-06
3.6252365806229544e-07,3.3000000000000003,-3.0199628073436736e-25,3.327964440048691e-23,-2.0881933835426025e-06,-3.3150028571071743e-06
3.6262365806229544e-07,3.3000000000000003,-2.2189803826221348e-25,2.445290977943817e-23,-2.0881933835426025e-06,-3.315003823445295e-06
3.6272365806229545e-07,3.3000000000000003,-1.6304419135480326e-25,1.796728322832062e-23,-2.0881933835426025e-06,-3.3150028571071743e-06
3.6282365806229546e-07,3.3000000000000003,-1.1980010523214746e-25,1.3201834445001123e-23,-2.0881933835426025e-06,-3.315003823445295e-06
3.6292365806229547e-07,3.3000000000000003,-8.802561498405525e-26,9.700321996288168e-24,-2.0881933835426025e-06,-3.3150028571071743e-06
3.630236580622955e-07,3.3000000000000003,-6.467864847311073e-26,7.127513015231126e-24,-2.0881933835426025e-06,-3.315003823445295e-06
3.631236580622955e-07,3.3000000000000003,-4.752398002611962e-26,5.237088191683562e-24,-2.0881933835426025e-06,-3.3150028571071743e-06
3.632236580622955e-07,3.3000000000000003,-3.491923116596779e-26,3.8480592976626114e-24,-2.0881933835426025e-06,-3.315003823445295e-06
3.633236580622955e-07,3.3000000000000003,-2.565763020152578e-26,2.8274414744135695e-24,-2.0881933835426025e-06,-3.3150028571071743e-06
3.634236580622955e-07,3.3000000000000003,-1.885247657469791e-26,2.0775213355183896e-24,-2.0881933835426025e-06,-3.315003823445295e-06
3.635236580622955e-07,3.3000000000000003,-1.3852248637347705e-26,1.526501941275123e-24,-2.0881933835426025e-06,-3.3150028571071743e-06
3.636236580622955e-07,3.3000000000000003,-1.0178227330101732e-26,1.1216289993649e-24,-2.0881933835426025e-06,-3.315003823445295e-06
3.637236580622955e-07,3.3000000000000003,-7.47866388297441e-27,8.241401980566268e-25,-2.0881933835426025e-06,-3.3150028571071743e-06
3.6382365806229553e-07,3.3000000000000003,-5.495103583488357e-27,6.055541239014011e-25,-2.0881933835426025e-06,-3.315003823445295e-06
3.6392365806229554e-07,3.3000000000000003,-4.037641464483611e-27,4.449434669473519e-25,-2.0881933835426025e-06,-3.3150028571071743e-06
3.6402365806229555e-07,3.3000000000000003,-2.966740908210161e-27,3.2693145164901003e-25,-2.0881933835426025e-06,-3.315003823445295e-06
3.6412365806229556e-07,3.3000000000000003,-2.179874487049153e-27,2.402196728735785e-25,-2.0881933835426025e-06,-3.3150028571071743e-06
3.6422365806229556e-07,3.3000000000000003,-1.601708044757859e-27,1.7650639283687266e-25,-2.0881933835426025e-06,-3.315003823445295e-06
3.6432365806229557e-07,3.3000000000000003,-1.1768882455474254e-27,1.2969173731528703e-25,-2.0881933835426025e-06,-3.3150028571071743e-06
3.644236580622956e-07,3.3000000000000003,-8.647430766683101e-28,9.5293697058341e-26,-2.0881933835426025e-06,-3.315003823445295e-06
3.645236580622956e-07,3.3000000000000003,-6.353879320739233e-28,7.001902269973251e-26,-2.0881933835426025e-06,-3.3150028571071743e-06
3.6452745279763734e-07,3.3000000000000003,-1.8750425654865545e-15,-1.0719112267285298e-17,-2.088186107640246e-06,-3.315003823445295e-06
3.645280044542551e-07,3.3000000000000003,-7.314039308447923e-15,-1.8374185655256706e-17,-2.0881279000618037e-06,-3.3150028571071743e-06
3.6452910776749066e-07,3.3000000000000003,2.1678602968148207e-15,-2.6898817984399238e-17,-2.0881861076514982e-06,-3.315003823445295e-06
3.6452916315337816e-07,3.3000000000000003,-8.60749751886575e-15,-2.7434693035860683e-17,-2.0887099767146864e-06,-3.315002913950593e-06
3.645292739251531e-07,3.3000000000000003,2.2959982583355683e-15,-2.848467080973948e-17,-2.088709976603651e-06,-3.315003823445295e-06
3.64529495468703e-07,3.3000000000000003,2.1757191060859573e-15,-2.6965027382329155e-17,-2.088244315312652e-06,-3.3150028571071743e-06
3.6452993855580283e-07,3.3000000000000003,1.9535812591568977e-15,-2.4158524489208957e-17,-2.0881278999840084e-06,-3.315003823445295e-06
3.645308247300025e-07,3.3000000000000003,1.5740406278140648e-15,-1.9363591642601894e-17,-2.088244315294188e-06,-3.3150028571071743e-06
3.645308692155963e-07,3.3000000000000003,-9.253622674883542e-15,-1.987863350260898e-17,-2.088709976696937e-06,-3.315003823445295e-06
3.645309581867838e-07,3.3000000000000003,1.6970959643373052e-15,-2.0891922742534014e-17,-2.0891756378725793e-06,-3.3150028571071743e-06
3.6453113612915896e-07,3.3000000000000003,1.6253181185174577e-15,-1.998514696087232e-17,-2.0889428072267227e-06,-3.315003823445295e-06
3.645311450617956e-07,3.3000000000000003,-9.402756169233845e-15,-2.008987008452536e-17,-2.083122041251562e-06,-3.315003027637431e-06
3.64531146209309e-07,3.3000000000000003,-9.437328168145573e-15,-2.012255813528451e-17,-2.0980232024458804e-06,-3.315006665616238e-06
3.6453114850433573e-07,3.3000000000000003,1.6385449918572609e-15,-2.0149539107003145e-17,-2.068220879941934e-06,-3.3150048466268345e-06
3.6453115309438917e-07,3.3000000000000003,1.6367197456478105e-15,-2.012648075959182e-17,-2.0980232023295735e-06,-3.3150048466268345e-06
3.64531153324808e-07,3.3000000000000003,-9.440748635229998e-15,-2.012919189828579e-17,-1.7999999785689866e-06,-3.315003027637431e-06
3.6453115378564577e-07,3.3000000000000003,1.63737444300061e-15,-2.013461371285978e-17,-1.9192092680034215e-06,-3.3149957516798167e-06
3.645311547073212e-07,3.3000000000000003,1.6370080351837126e-15,-2.0129984881279167e-17,-2.0384185575541918e-06,-3.315006665616238e-06
3.645311548001926e-07,3.3000000000000003,-9.441919041554356e-15,-2.0131077746088688e-17,-2.7536742949752552e-06,-3.3150175795526593e-06
3.6453115498593544e-07,3.3000000000000003,1.6372719328941446e-15,-2.013326340051672e-17,-2.2768371366557623e-06,-3.3150175795526593e-06
3.645311550276233e-07,3.3000000000000003,-9.441703630247663e-15,-2.0133753868486885e-17,-3.707348611381512e-06,-3.3150175795526593e-06
3.6453115511099896e-07,3.3000000000000003,1.6373903762450857e-15,-2.0134734789278764e-17,-2.7536742948588907e-06,-3.3150175795526593e-06
3.6453115513892876e-07,3.3000000000000003,-9.441598212210044e-15,-2.013506337695848e-17,1.073486542434848e-07,-3.3151339948744862e-06
3.6453115516006774e-07,3.3000000000000003,0.4531266685084365,1.4513073295203905e-08,-0.013735271202989171,-3.3151339948744862e-06
3.6453115518347454e-07,3.3000000000000003,0.45313447532161816,4.665347737578663e-08,-0.013733599458190717,-3.3151339948744862e-06
3.645311551959213e-07,3.3000000000000003,0.4531386266466805,6.374465777327823e-08,-0.013733724742155817,-3.31536682551814e-06
3.6453115521498676e-07,3.3000000000000003,0.4531449854451871,8.992450237041684e-08,-0.013737731343310395,-3.31536682551814e-06
3.6453115525311764e-07,3.3000000000000003,0.45315770295279173,1.4228528914303628e-07,-0.013736207799729304,-3.3151339948744862e-06
3.645311553293794e-07,3.3000000000000003,0.45318313761247825,2.4701125294959903e-07,-0.01373602172459025,-3.3150757872135728e-06
3.64531155481903e-07,3.3000000000000003,0.453234005507418,4.564807411916063e-07,-0.013737556879265802,-3.315046683383116e-06
3.645311557869501e-07,3.3000000000000003,0.4533357356020632,8.754899568599094e-07,-0.013740150176727504,-3.3150175795526593e-06
3.645311563970443e-07,3.3000000000000003,0.4535391730109249,1.7137893182865729e-06,-0.013746170537834666,-3.3150175795526593e-06
3.645311576172328e-07,3.3000000000000003,0.4539459567252329,3.3915115483585626e-06,-0.013758446883764068,-3.315010303595045e-06
3.6453116005760975e-07,3.3000000000000003,0.4547591598739046,6.751448332813854e-06,-0.013782928795716428,-3.315006665616238e-06
3.645311649383637e-07,3.3000000000000003,0.4563841101404441,1.3489277571618238e-05,-0.01383198206235462,-3.3150048466268345e-06
3.6453117469987153e-07,3.3000000000000003,0.4596281952335485,2.7036649856335048e-05,-0.013929858037146935,-3.315003482384782e-06
3.6453119422288723e-07,3.3000000000000003,0.4660931729414609,5.441738100960431e-05,-0.014124943198396385,-3.3150043918794836e-06
3.645312332689186e-07,3.3000000000000003,0.4789309097382515,0.00011031587766868753,-0.014512284469490423,-3.315002913950593e-06
3.6453131136098134e-07,3.3000000000000003,0.5042418722538184,0.00022660630133830947,-0.015275782829699212,-3.315003823445295e-06
3.645314604311611e-07,3.3000000000000003,0.5512391697497387,0.0004648452011340171,-0.0166927709966205,-3.3150028571071743e-06
3.645315981923169e-07,3.3000000000000003,0.5931720694417515,0.000703473180148914,-0.017956275243090788,-3.315003823445295e-06
3.645317368606293e-07,3.3000000000000003,0.6339772730890584,0.0009609518549717074,-0.019185034986893754,-3.3150028002637555e-06
3.645318864135933e-07,3.3000000000000003,0.6764613359993553,0.001257388549981728,-0.020463490852265554,-3.315003823445295e-06
3.6453205108683636e-07,3.3000000000000003,0.7214776089224205,0.0016054668893302876,-0.02181711752264473,-3.3150028571071743e-06
3.645322323518515e-07,3.3000000000000003,0.7689775626331652,0.0020138173887955893,-0.023244183534596407,-3.315003880288714e-06
3.645324299800343e-07,3.3000000000000003,0.8184211540216564,0.002487794780130402,-0.024728159743814485,-3.315002913950593e-06
3.645326450333439e-07,3.3000000000000003,0.8695770421623953,0.003036009456394359,-0.026261776995124324,-3.315003880288714e-06
3.645328779835297e-07,3.3000000000000003,0.9220366459311872,0.0036660026482892584,-0.027832423249025556,-3.3150028571071743e-06
3.645331302959071e-07,3.3000000000000003,0.9755836875679582,0.004388367618716686,-0.02943322503955455,-3.315003880288714e-06
3.645334028342259e-07,3.3000000000000003,1.0298283779836446,0.005212511596577141,-0.031052083721828303,-3.3150028002637555e-06
3.645336973264309e-07,3.3000000000000003,1.0845170778421198,0.006150862854447818,-0.0326809368530008,-3.3150039371321327e-06
3.6453401505665703e-07,3.3000000000000003,1.139266157429558,0.007214978639918751,-0.03430780868702944,-3.315002913950593e-06
3.645343581255356e-07,3.3000000000000003,1.1937937088842643,0.008419579400086644,-0.03592371043823522,-3.315003823445295e-06
3.645347283488711e-07,3.3000000000000003,1.2477233673600832,0.009778926497275246,-0.03751680364103518,-3.3150028571071743e-06
3.6453512831030275e-07,3.3000000000000003,1.300749692419938,0.01131052644535975,-0.03907730276650217,-3.315003823445295e-06
3.6453554328381283e-07,3.3000000000000003,1.350544388899789,0.012962260153960492,-0.04053623033739714,-3.3150028571071743e-06
3.6453598374058573e-07,3.3000000000000003,1.3981465362324963,0.014778110306377457,-0.041923741606917926,-3.315003880288714e-06
3.6453644208612405e-07,3.3000000000000003,1.442522100701652,0.01672896889196785,-0.04320938301409871,-3.3150028571071743e-06
3.6453692801946003e-07,3.3000000000000003,1.484436166004601,0.01885777769238735,-0.04441503887802849,-3.315003823445295e-06
3.6453743516587835e-07,3.3000000000000003,1.5231731344096162,0.021138102718000172,-0.0455198242676908,-3.3150028002637555e-06
3.645379721422993e-07,3.3000000000000003,1.5592692918494928,0.02360957310458377,-0.0465387903910092,-3.315003823445295e-06
3.645385341535139e-07,3.3000000000000003,1.592292357101546,0.02625077146409534,-0.04745948581437119,-3.3150028571071743e-06
3.6453912932195693e-07,3.3000000000000003,1.6226451329257443,0.029099993148894,-0.04829295743456328,-3.315003823445295e-06
3.6453975438595714e-07,3.3000000000000003,1.6500977218755761,0.03214149904031909,-0.04903271467683149,-3.3150028571071743e-06
3.6454041731753093e-07,3.3000000000000003,1.6749651666417493,0.03541347608216434,-0.049687147540720726,-3.315003823445295e-06
3.645411164372873e-07,3.3000000000000003,1.697159345053081,0.038906749005563554,-0.05025386395704293,-3.3150028571071743e-06
3.6454186001471977e-07,3.3000000000000003,1.716940191903196,0.04266128721315073,-0.050739529454331,-3.315003823445295e-06
3.645426481742006e-07,3.3000000000000003,1.73431711559855,0.04667602829724672,-0.05114446151404795,-3.3150028002637555e-06
3.6454349008208074e-07,3.3000000000000003,1.7495158125928767,0.05099547676000491,-0.05147415091073123,-3.315003823445295e-06
3.645443881404634e-07,3.3000000000000003,1.7626105351169974,0.055629324050016096,-0.0517305541640709,-3.3150028571071743e-06
3.645453533070113e-07,3.3000000000000003,1.7738052637914776,0.060630869170216664,-0.05191823758774353,-3.315003823445295e-06
3.645463911797941e-07,3.3000000000000003,1.7832150161775404,0.06602523525018898,-0.05203992537039265,-3.3150028571071743e-06
3.6454751598586573e-07,3.3000000000000003,1.7910287544585564,0.07188161802116852,-0.05209924698748266,-3.315003823445295e-06
3.6454873829022286e-07,3.3000000000000003,1.7973843819698807,0.078249235317709,-0.052098890016279875,-3.3150028002637555e-06
3.645500782802434e-07,3.3000000000000003,1.8024584528212928,0.08522605080556399,-0.052041236161991015,-3.315003823445295e-06
3.645515551450294e-07,3.3000000000000003,1.8063983175821272,0.09290290096592833,-0.051927998120048044,-3.3150028571071743e-06
3.645532013974314e-07,3.3000000000000003,1.809368900741902,0.10143704167933065,-0.051759408379272974,-3.315003823445295e-06
3.6455505223441454e-07,3.3000000000000003,1.8115135790792796,0.11099535300170964,-0.05153475497897795,-3.3150028571071743e-06
3.6455716377038923e-07,3.3000000000000003,1.8129801437586268,0.12184625520427993,-0.05125038263938815,-3.315003823445295e-06
3.6455960731921266e-07,3.3000000000000003,1.8139010323398281,0.1343257890424276,-0.05090012155370474,-3.3150028002637555e-06
3.645624963264948e-07,3.3000000000000003,1.814401492458397,0.14896784215236322,-0.05047158893319436,-3.315003823445295e-06
3.6456599654050514e-07,3.3000000000000003,1.8145894139573024,0.16654041547103124,-0.04994478153390688,-3.3150028002637555e-06
3.6457038993919836e-07,3.3000000000000003,1.814553802540626,0.18833611092193278,-0.04928322673016186,-3.315003823445295e-06
3.645761656821508e-07,3.3000000000000003,1.8143555767478214,0.21654994424437535,-0.04842225505085543,-3.3150028002637555e-06
3.645843148640476e-07,3.3000000000000003,1.8140139415590493,0.25552153042344095,-0.047230944956297156,-3.315003880288714e-06
3.6459721293983665e-07,3.3000000000000003,1.8134719451831611,0.3152573465997073,-0.04540434405573634,-3.3150028571071743e-06
3.646170600406857e-07,3.3000000000000003,1.8126784257182054,0.40271036850451286,-0.04273020564858888,-3.315003823445295e-06
3.646353702330704e-07,3.3000000000000003,1.8119879068339735,0.47881261466498876,-0.040403151468206354,-3.3150028002637555e-06
3.646577814875327e-07,3.3000000000000003,1.8111936006517155,0.5663528767032096,-0.03772634557995828,-3.315003823445295e-06
3.646789632308912e-07,3.3000000000000003,1.8104913384894907,0.6437491352652844,-0.035359723041223326,-3.3150028002637555e-06
3.647040287018473e-07,3.3000000000000003,1.8097169048209731,0.7290993339699209,-0.03274988490573863,-3.315003823445295e-06
3.647283725874776e-07,3.3000000000000003,1.8090195450599695,0.8059552623530479,-0.030399784580385208,-3.3150028571071743e-06
3.647562428821077e-07,3.3000000000000003,1.8082822968259242,0.8872072764242842,-0.027915260732051923,-3.315003823445295e-06
3.6478376891058236e-07,3.3000000000000003,1.8076133351661954,0.9609334460829329,-0.025660862144350125,-3.3150028571071743e-06
3.6481378057206487e-07,3.3000000000000003,1.8069453126932211,1.034556103208685,-0.023409628761229744,-3.315003823445295e-06
3.648419193298677e-07,3.3000000000000003,1.8063723668699312,1.09770037943782,-0.02147880327761912,-3.3150028002637555e-06
3.648715078129069e-07,3.3000000000000003,1.8058207741923231,1.1584913270848398,-0.019619937865885242,-3.315003823445295e-06
3.648997433302177e-07,3.3000000000000003,1.8053390128346354,1.2115861760412647,-0.017996403740051577,-3.3150028571071743e-06
3.6492914149874357e-07,3.3000000000000003,1.8048797118127624,1.2622056741801493,-0.01644856088196209,-3.315003823445295e-06
3.6495753492623107e-07,3.3000000000000003,1.8044736733112274,1.3069551180576298,-0.015080212523238667,-3.3150028571071743e-06
3.649868020268524e-07,3.3000000000000003,1.8040904572403627,1.3491893050449582,-0.013788775687325065,-3.315003823445295e-06
3.650153083394508e-07,3.3000000000000003,1.8037487953015936,1.3868438172771054,-0.012637376126525064,-3.3150028571071743e-06
3.650444736014609e-07,3.3000000000000003,1.8034287419184891,1.4221168537083988,-0.011558797327263058,-3.315003823445295e-06
3.650730653853674e-07,3.3000000000000003,1.8031415278291612,1.4537706764283507,-0.010590886833726101,-3.3150028571071743e-06
3.6510215460728285e-07,3.3000000000000003,1.802873989155728,1.4832560744237622,-0.009689282422905475,-3.315003823445295e-06
3.651308113501591e-07,3.3000000000000003,1.802632720580915,1.5098462487307063,-0.00887620815671816,-3.3150028002637555e-06
3.65159843496128e-07,3.3000000000000003,1.8024089339042835,1.5345097455920491,-0.00812204782565138,-3.315003823445295e-06
3.6518854948418895e-07,3.3000000000000003,1.8022063731091964,1.5568339410560559,-0.007439418645600899,-3.3150028571071743e-06
3.6521753880051157e-07,3.3000000000000003,1.8020190915347372,1.5774742160176292,-0.0068082803814770495,-3.315003880288714e-06
3.6524628216074147e-07,3.3000000000000003,1.801849099563767,1.5962090062082304,-0.00623540802656476,-3.3150028571071743e-06
3.6527523937997484e-07,3.3000000000000003,1.8016923102832658,1.6134887298529013,-0.005707028688384219,-3.315003880288714e-06
3.6530401114958556e-07,3.3000000000000003,1.8015496956433081,1.6292062683964217,-0.005226417841441636,-3.3150028002637555e-06
3.6533294437276627e-07,3.3000000000000003,1.8014183975193656,1.6436766154128941,-0.004783943616827025,-3.315003823445295e-06
3.653617378018618e-07,3.3000000000000003,1.8012987796646065,1.6568596816925185,-0.004380831856736889,-3.3150028571071743e-06
3.653906531612182e-07,3.3000000000000003,1.801188805239022,1.6689799469508484,-0.004010218423063292,-3.315003823445295e-06
3.6541946318700323e-07,3.3000000000000003,1.8010884940170955,1.6800352321218266,-0.0036721699453495754,-3.3150028571071743e-06
3.6544836534319285e-07,3.3000000000000003,1.8009963656279984,1.690188688303063,-0.00336169759352019,-3.315003823445295e-06
3.6547718818510283e-07,3.3000000000000003,1.8009122563664026,1.6994583577673457,-0.0030782496728437043,-3.3150028571071743e-06
3.6550608070151244e-07,3.3000000000000003,1.8008350688661268,1.707965180790484,-0.0028181280610391946,-3.315003823445295e-06
3.655349135594853e-07,3.3000000000000003,1.800764551933435,1.715736841678925,-0.0025804862401747368,-3.3150028571071743e-06
3.6556379918104854e-07,3.3000000000000003,1.8006998764844866,1.7228647133855706,-0.0023625302010906435,-3.315003880288714e-06
3.6559264000722797e-07,3.3000000000000003,1.8006407599085192,1.7293799425614689,-0.0021633075434797037,-3.3150028571071743e-06
3.656215208769283e-07,3.3000000000000003,1.800586564644895,1.7353527946694405,-0.0019806696901191927,-3.315003823445295e-06
3.6565036820305376e-07,3.3000000000000003,1.8005370082567635,1.740814396916804,-0.0018136648334066317,-3.3150028002637555e-06
3.6567924602191173e-07,3.3000000000000003,1.8004915926222222,1.745819647347493,-0.0016606142993502437,-3.315003880288714e-06
3.657080988372162e-07,3.3000000000000003,1.8004500522071398,1.7503978104190565,-0.0015206232430458777,-3.3150028571071743e-06
3.6573697498934716e-07,3.3000000000000003,1.8004119924401243,1.7545923717609977,-0.0013923619610594345,-3.315003823445295e-06
3.657658326407821e-07,3.3000000000000003,1.8003771725408746,1.7584298677354644,-0.001275019020994119,-3.3150028002637555e-06
3.657947082965e-07,3.3000000000000003,1.8003452763002574,1.7619451477700354,-0.0011675287989296732,-3.315003823445295e-06
3.6582357042451323e-07,3.3000000000000003,1.8003160903915758,1.7651617224563023,-0.0010691723880963573,-3.3150028571071743e-06
3.6585244661119207e-07,3.3000000000000003,1.800289358950209,1.7681077907328762,-0.0009790875195907402,-3.315003823445295e-06
3.6588131310656346e-07,3.3000000000000003,1.8002648958958611,1.7708038603338985,-0.0008966471134535184,-3.3150028571071743e-06
3.659101907738712e-07,3.3000000000000003,1.8002424925737697,1.7732729271828267,-0.0008211479931689211,-3.315003823445295e-06
3.6593906174566723e-07,3.3000000000000003,1.800221988417072,1.775532687300922,-0.0007520490570708351,-3.3150028002637555e-06
3.659679418167655e-07,3.3000000000000003,1.8002032122115739,1.7776020101698198,-0.0006887733087412655,-3.315003823445295e-06
3.6599681757287413e-07,3.3000000000000003,1.8001860264637894,1.7794960488739102,-0.0006308573991061417,-3.3150028002637555e-06
3.660257010000482e-07,3.3000000000000003,1.8001702899917282,1.7812303632027615,-0.0005778255409071032,-3.315003823445295e-06
3.660545820426423e-07,3.3000000000000003,1.8001558857192328,1.7828178559433336,-0.0005292831927523675,-3.3150028002637555e-06
3.660834698331444e-07,3.3000000000000003,1.800142696777922,1.7842714072447243,-0.00048483650733972057,-3.315003823445295e-06
3.6611235687341713e-07,3.3000000000000003,1.800130623877578,1.78560195979675,-0.00044415087369009795,-3.3150028571071743e-06
3.661412501450234e-07,3.3000000000000003,1.8001195699966361,1.7868202064055267,-0.0004068993344829187,-3.315003823445295e-06
3.6617014409782547e-07,3.3000000000000003,1.8001094511791087,1.7879353998137961,-0.00037279895205814134,-3.3150028571071743e-06
3.6619904411380593e-07,3.3000000000000003,1.8001001866935866,1.7889564374069338,-0.00034157766948138664,-3.315003823445295e-06
3.662279461367114e-07,3.3000000000000003,1.8000917057065156,1.7898911257300618,-0.0003129967691856353,-3.3150028571071743e-06
3.6625685436188474e-07,3.3000000000000003,1.8000839409263725,1.7907468810225093,-0.00028682948832454665,-3.315003823445295e-06
3.662857658720508e-07,3.3000000000000003,1.800076832692695,1.7915302784355716,-0.00026287476461558186,-3.3150028002637555e-06
3.6631468400067884e-07,3.3000000000000003,1.8000703248380128,1.7922475080963356,-0.000240943318277222,-3.315003823445295e-06
3.663436067388854e-07,3.3000000000000003,1.8000643671716432,1.7929041016796268,-0.00022086600172616775,-3.3150028002637555e-06
3.663725367724033e-07,3.3000000000000003,1.8000589127705537,1.7935052304230505,-0.0002024846906437757,-3.315003823445295e-06
3.664014728103444e-07,3.3000000000000003,1.80005391944734,1.7940555437965036,-0.00018565720821618156,-3.3150028571071743e-06
3.664304171361649e-07,3.3000000000000003,1.8000493479659558,1.794559366162125,-0.00017025133127640803,-3.315003823445295e-06
3.664593689763397e-07,3.3000000000000003,1.800045162900034,1.795020601574537,-0.0001561476762794989,-3.3150028571071743e-06
3.664883303887048e-07,3.3000000000000003,1.8000413314173966,1.79544286879391,-0.00014323558874809324,-3.315003823445295e-06
3.6651730105608865e-07,3.3000000000000003,1.8000378237826191,1.7958294446764147,-0.00013141487257380718,-3.3150028002637555e-06
3.665462828662135e-07,3.3000000000000003,1.8000346125155116,1.7961833579676827,-0.00012059291303366176,-3.315003823445295e-06
3.6657527598113335e-07,3.3000000000000003,1.8000316726597965,1.796507359022226,-0.00011068560977744761,-3.3150028571071743e-06
3.666042821624624e-07,3.3000000000000003,1.8000289812136172,1.7968039829101183,-0.00010161544545625917,-3.315003823445295e-06
3.6663330200270866e-07,3.3000000000000003,1.8000265172379852,1.7970755373066913,-9.331185596039688e-05,-3.3150028002637555e-06
3.6666235895491996e-07,3.3000000000000003,1.8000242598582874,1.797324322799032,-8.570449211597254e-05,-3.315003823445295e-06
3.666927138125074e-07,3.3000000000000003,1.8000221063536368,1.797561660218665,-7.844719105085874e-05,-3.3150028002637555e-06
3.667236827889369e-07,3.3000000000000003,1.8000201059615022,1.7977821231508948,-7.170587437560491e-05,-3.315003823445295e-06
3.6675595607969895e-07,3.3000000000000003,1.8000182134070533,1.7979907012701162,-6.532797514824328e-05,-3.3150028571071743e-06
3.667889618061973e-07,3.3000000000000003,1.8000164617958543,1.7981837461524486,-5.942504930491743e-05,-3.315003823445295e-06
3.6682333108558856e-07,3.3000000000000003,1.8000148163267071,1.7983650929979014,-5.387982418931571e-05,-3.3150028571071743e-06
3.668586251355087e-07,3.3000000000000003,1.8000132973412661,1.798532500189014,-4.8760851292016427e-05,-3.315003823445295e-06
3.668953946006179e-07,3.3000000000000003,1.800011879931484,1.7986887127191236,-4.3984185014208575e-05,-3.3150028571071743e-06
3.6693329892072647e-07,3.3000000000000003,1.8000105764550827,1.7988323686571561,-3.959147416991461e-05,-3.315003823445295e-06
3.669728301483528e-07,3.3000000000000003,1.800009368802287,1.79896546387525,-3.5521689032029174e-05,-3.3150028571071743e-06
3.6701373728293903e-07,3.3000000000000003,1.800008263759774,1.799087250500548,-3.1797696125945e-05,-3.315003823445295e-06
3.6705647427563995e-07,3.3000000000000003,1.8000072478685039,1.7991992116731534,-2.837414771658602e-05,-3.3150028002637555e-06
3.671008739362148e-07,3.3000000000000003,1.8000063241227873,1.7993010175876496,-2.5261125881680995e-05,-3.315003823445295e-06
3.671473717559671e-07,3.3000000000000003,1.8000054822429106,1.799393801011562,-2.2423995561167575e-05,-3.3150028002637555e-06
3.671958836088066e-07,3.3000000000000003,1.8000047226768972,1.7994775127117513,-1.986425944932985e-05,-3.315003823445295e-06
3.672468482724151e-07,3.3000000000000003,1.8000040372957649,1.7995530484304438,-1.755452755928272e-05,-3.3150028002637555e-06
3.6730027085379046e-07,3.3000000000000003,1.8000034248631283,1.7996205445571976,-1.549063214817943e-05,-3.315003823445295e-06
3.673566193011069e-07,3.3000000000000003,1.8000028787026081,1.7996807368370282,-1.365007186725249e-05,-3.3150028571071743e-06
3.6741600337298307e-07,3.3000000000000003,1.8000023964874017,1.7997338816827257,-1.202500985977346e-05,-3.315003823445295e-06
3.674789552774004e-07,3.3000000000000003,1.800001972518474,1.7997806072626419,-1.0596234304693015e-05,-3.3150028571071743e-06
3.6754571935076906e-07,3.3000000000000003,1.8000016037898945,1.7998212447619673,-9.35362096380183e-06,-3.315003823445295e-06
3.6761694353057485e-07,3.3000000000000003,1.8000012852671174,1.7998563491278434,-8.280200684824299e-06,-3.3150028571071743e-06
3.676930618573108e-07,3.3000000000000003,1.8000010135476339,1.7998862952780437,-7.364508301814133e-06,-3.315003880288714e-06
3.6777492126087495e-07,3.3000000000000003,1.8000007840626204,1.7999115867991275,-6.591144252040119e-06,-3.3150028571071743e-06
3.678632464400042e-07,3.3000000000000003,1.800000593213305,1.7999326202645118,-5.947982557247567e-06,-3.315003823445295e-06
3.679592304949141e-07,3.3000000000000003,1.8000004367790936,1.7999498608706124,-5.420799333403604e-06,-3.3150028571071743e-06
3.680592304949141e-07,3.3000000000000003,1.8000003161582667,1.799963154449051,-5.014307905045054e-06,-3.315003823445295e-06
3.681592304949141e-07,3.3000000000000003,1.80000022753001,1.7999729221846001,-4.715630125338868e-06,-3.3150028571071743e-06
3.682592304949141e-07,3.3000000000000003,1.8000001624081319,1.799980099233145,-4.496170350420505e-06,-3.315003823445295e-06
3.683592304949141e-07,3.3000000000000003,1.800000114558812,1.7999853727200732,-4.334917689001305e-06,-3.3150028571071743e-06
3.684592304949141e-07,3.3000000000000003,1.8000000794002278,1.7999892475251906,-4.216433905302759e-06,-3.315003823445295e-06
3.685592304949141e-07,3.3000000000000003,1.8000000535669693,1.799992094619508,-4.1293754680841216e-06,-3.3150028571071743e-06
3.6865923049491413e-07,3.3000000000000003,1.80000003458523,1.7999941865817688,-4.0654074490873235e-06,-3.315003823445295e-06
3.6875923049491414e-07,3.3000000000000003,1.8000000206381779,1.7999957236949093,-4.018405611134692e-06,-3.3150028571071743e-06
3.6885923049491415e-07,3.3000000000000003,1.8000000103901368,1.7999968531210269,-3.983870020328997e-06,-3.315003823445295e-06
3.6895923049491415e-07,3.3000000000000003,1.8000000028603031,1.7999976829905513,-3.9584942746577885e-06,-3.3150028571071743e-06
3.6905923049491416e-07,3.3000000000000003,1.7999999973274898,1.7999982927545894,-3.939848910003129e-06,-3.315003823445295e-06
3.6915923049491417e-07,3.3000000000000003,1.7999999932622328,1.799998740791503,-3.926148840157889e-06,-3.3150028571071743e-06
3.692592304949142e-07,3.3000000000000003,1.7999999902751207,1.7999990699960222,-3.916082424071409e-06,-3.315003823445295e-06
3.693592304949142e-07,3.3000000000000003,1.7999999880803443,1.7999993118859459,-3.90868591584498e-06,-3.3150028571071743e-06
3.694592304949142e-07,3.3000000000000003,1.7999999864676297,1.799999489619641,-3.903251174531944e-06,-3.315003823445295e-06
3.695592304949142e-07,3.3000000000000003,1.7999999852827018,1.7999996202132,-3.899257885880005e-06,-3.3150028571071743e-06
3.696592304949142e-07,3.3000000000000003,1.7999999844120107,1.799999716169557,-3.896323732017753e-06,-3.315003823445295e-06
3.697592304949142e-07,3.3000000000000003,1.7999999837722862,1.7999997866755018,-3.894167802031469e-06,-3.3150028571071743e-06
3.698592304949142e-07,3.3000000000000003,1.799999983302206,1.7999998384812237,-3.892583686347598e-06,-3.315003823445295e-06
3.6995923049491423e-07,3.3000000000000003,1.79999998295683,1.799999876546564,-3.8914197248862486e-06,-3.3150028571071743e-06
3.7005923049491424e-07,3.3000000000000003,1.7999999827030364,1.7999999045158714,-3.89056447914182e-06,-3.315003823445295e-06
3.7015923049491424e-07,3.3000000000000003,1.7999999825165738,1.7999999250669063,-3.88993606995666e-06,-3.3150028571071743e-06
3.7025923049491425e-07,3.3000000000000003,1.7999999823795518,1.7999999401672107,-3.889474332640902e-06,-3.315003823445295e-06
3.7035923049491426e-07,3.3000000000000003,1.7999999822788846,1.7999999512624758,-3.889135061873052e-06,-3.3150028571071743e-06
3.7045923049491427e-07,3.3000000000000003,1.7999999822049069,1.7999999594149545,-3.888885775237908e-06,-3.315003823445295e-06
3.705592304949143e-07,3.3000000000000003,1.799999982150559,1.799999965405159,-3.888702606924531e-06,-3.3150028571071743e-06
3.706592304949143e-07,3.3000000000000003,1.7999999821106178,1.7999999698065876,-3.88856801992743e-06,-3.315003823445295e-06
3.707592304949143e-07,3.3000000000000003,1.799999982081277,1.79999997304063,-3.88846912950231e-06,-3.3150028571071743e-06
3.708592304949143e-07,3.3000000000000003,1.7999999820597126,1.7999999754169103,-3.888396467511839e-06,-3.315003823445295e-06
3.709592304949143e-07,3.3000000000000003,1.7999999820438723,1.7999999771629318,-3.88834307774637e-06,-3.3150028571071743e-06
3.710592304949143e-07,3.3000000000000003,1.7999999820322297,1.7999999784458578,-3.8883038483706575e-06,-3.315003823445295e-06
3.711592304949143e-07,3.3000000000000003,1.799999982023678,1.7999999793885149,-3.888275023870927e-06,-3.3150028571071743e-06
3.7125923049491433e-07,3.3000000000000003,1.7999999820173918,1.7999999800811515,-3.888253844378428e-06,-3.315003823445295e-06
3.7135923049491433e-07,3.3000000000000003,1.7999999820127754,1.7999999805900808,-3.888238282377285e-06,-3.3150028571071743e-06
3.7145923049491434e-07,3.3000000000000003,1.799999982009381,1.7999999809640275,-3.888226847810878e-06,-3.315003823445295e-06
3.7155923049491435e-07,3.3000000000000003,1.799999982006889,1.7999999812387921,-3.888218446073362e-06,-3.3150028571071743e-06
3.7165923049491436e-07,3.3000000000000003,1.7999999820050565,1.7999999814406817,-3.888212272690927e-06,-3.315003823445295e-06
3.7175923049491436e-07,3.3000000000000003,1.7999999820037111,1.7999999815890244,-3.888207736688026e-06,-3.3150028571071743e-06
3.7185923049491437e-07,3.3000000000000003,1.7999999820027215,1.7999999816980221,-3.888204403719718e-06,-3.315003823445295e-06
3.719592304949144e-07,3.3000000000000003,1.7999999820019954,1.7999999817781105,-3.8882019547864e-06,-3.3150028571071743e-06
3.720592304949144e-07,3.3000000000000003,1.7999999820014607,1.799999981836957,-3.888200155387713e-06,-3.315003823445295e-06
3.721592304949144e-07,3.3000000000000003,1.799999982001069,1.7999999818801955,-3.8881988332482465e-06,-3.3150028571071743e-06
3.722592304949144e-07,3.3000000000000003,1.7999999820007802,1.7999999819119659,-3.888197861765482e-06,-3.315003823445295e-06
3.723592304949144e-07,3.3000000000000003,1.7999999820005685,1.79999998193531,-3.888197147946647e-06,-3.3150028571071743e-06
3.724592304949144e-07,3.3000000000000003,1.7999999820004131,1.799999981952463,-3.888196623427491e-06,-3.315003823445295e-06
3.725592304949144e-07,3.3000000000000003,1.799999982000299,1.7999999819650663,-3.8881962380623344e-06,-3.3150028571071743e-06
3.7265923049491443e-07,3.3000000000000003,1.7999999820002146,1.7999999819743266,-3.888195954908694e-06,-3.315003823445295e-06
3.7275923049491444e-07,3.3000000000000003,1.799999982000153,1.799999981981131,-3.888195746833365e-06,-3.3150028571071743e-06
3.7285923049491445e-07,3.3000000000000003,1.7999999820001074,1.79999998198613,-3.888195593953773e-06,-3.315003823445295e-06
3.7295923049491445e-07,3.3000000000000003,1.7999999820000743,1.7999999819898038,-3.888195481650029e-06,-3.3150028571071743e-06
3.7305923049491446e-07,3.3000000000000003,1.7999999820000496,1.799999981992503,-3.888195399093636e-06,-3.315003823445295e-06
3.7315923049491447e-07,3.3000000000000003,1.7999999820000316,1.799999981994486,-3.888195338458258e-06,-3.3150028571071743e-06
3.732592304949145e-07,3.3000000000000003,1.7999999820000183,1.799999981995943,-3.8881952939153e-06,-3.315003823445295e-06
3.733592304949145e-07,3.3000000000000003,1.7999999820000088,1.7999999819970138,-3.888195261164851e-06,-3.3150028571071743e-06
3.734592304949145e-07,3.3000000000000003,1.7999999820000017,1.7999999819978005,-3.888195237103819e-06,-3.315003823445295e-06
3.735592304949145e-07,3.3000000000000003,1.7999999819999961,1.7999999819983787,-3.888195219430986e-06,-3.3150028571071743e-06
3.736592304949145e-07,3.3000000000000003,1.7999999819999926,1.799999981998804,-3.888195206428723e-06,-3.315003823445295e-06
3.737592304949145e-07,3.3000000000000003,1.7999999819999897,1.7999999819991164,-3.888195196876233e-06,-3.3150028571071743e-06
3.738592304949145e-07,3.3000000000000003,1.7999999819999875,1.7999999819993455,-3.88819518986817e-06,-3.315003823445295e-06
3.7395923049491453e-07,3.3000000000000003,1.7999999819999861,1.7999999819995145,-3.888195184708653e-06,-3.3150028571071743e-06
3.7405923049491454e-07,3.3000000000000003,1.7999999819999848,1.7999999819996386,-3.888195180907151e-06,-3.315003823445295e-06
3.7415923049491454e-07,3.3000000000000003,1.799999981999984,1.7999999819997297,-3.88819517813339e-06,-3.3150028571071743e-06
3.7425923049491455e-07,3.3000000000000003,1.7999999819999835,1.7999999819997963,-3.888195176093368e-06,-3.315003823445295e-06
3.7435923049491456e-07,3.3000000000000003,1.799999981999983,1.7999999819998456,-3.888195174574155e-06,-3.3150028571071743e-06
3.7445923049491457e-07,3.3000000000000003,1.7999999819999826,1.7999999819998813,-3.888195173487742e-06,-3.315003823445295e-06
3.745592304949146e-07,3.3000000000000003,1.7999999819999828,1.7999999819999077,-3.8881951726858665e-06,-3.3150028571071743e-06
3.746592304949146e-07,3.3000000000000003,1.7999999819999823,1.799999981999927,-3.888195172081461e-06,-3.315003823445295e-06
3.747592304949146e-07,3.3000000000000003,1.7999999819999823,1.799999981999941,-3.888195171671059e-06,-3.3150028571071743e-06
3.748592304949146e-07,3.3000000000000003,1.7999999819999823,1.799999981999952,-3.888195171334789e-06,-3.315003823445295e-06
3.749592304949146e-07,3.3000000000000003,1.7999999819999821,1.7999999819999597,-3.888195171092521e-06,-3.3150028571071743e-06
3.750592304949146e-07,3.3000000000000003,1.7999999819999821,1.7999999819999655,-3.8881951709209175e-06,-3.315003823445295e-06
3.751592304949146e-07,3.3000000000000003,1.7999999819999821,1.7999999819999695,-3.888195170791582e-06,-3.3150028571071743e-06
3.7525923049491463e-07,3.3000000000000003,1.7999999819999821,1.7999999819999726,-3.888195170701048e-06,-3.315003823445295e-06
3.7535923049491463e-07,3.3000000000000003,1.799999981999982,1.7999999819999746,-3.88819517063985e-06,-3.3150028571071743e-06
3.7545923049491464e-07,3.3000000000000003,1.7999999819999821,1.7999999819999761,-3.888195170588116e-06,-3.315003823445295e-06
3.7555923049491465e-07,3.3000000000000003,1.799999981999982,1.7999999819999775,-3.888195170549316e-06,-3.3150028571071743e-06
3.7565923049491466e-07,3.3000000000000003,1.799999981999982,1.7999999819999786,-3.8881951705269175e-06,-3.315003823445295e-06
3.7575923049491466e-07,3.3000000000000003,1.799999981999982,1.7999999819999797,-3.888195170501051e-06,-3.3150028571071743e-06
3.7585923049491467e-07,3.3000000000000003,1.7999999819999821,1.7999999819999801,-3.888195170471714e-06,-3.315003823445295e-06
3.759592304949147e-07,3.3000000000000003,1.799999981999982,1.7999999819999808,-3.888195170445847e-06,-3.3150028571071743e-06
3.760592304949147e-07,3.3000000000000003,1.799999981999982,1.799999981999981,-3.888195170436383e-06,-3.315003823445295e-06
3.761592304949147e-07,3.3000000000000003,1.799999981999982,1.7999999819999806,-3.88819517046225e-06,-3.3150028571071743e-06
3.762592304949147e-07,3.3000000000000003,1.7999999819999821,1.7999999819999803,-3.888195170471714e-06,-3.315003823445295e-06
3.763592304949147e-07,3.3000000000000003,1.799999981999982,1.7999999819999801,-3.888195170471714e-06,-3.3150028571071743e-06
3.764592304949147e-07,3.3000000000000003,1.7999999819999821,1.7999999819999806,-3.888195170471714e-06,-3.315003823445295e-06
3.765592304949147e-07,3.3000000000000003,1.799999981999982,1.7999999819999808,-3.888195170445847e-06,-3.3150028571071743e-06
3.7665923049491473e-07,3.3000000000000003,1.799999981999982,1.799999981999981,-3.888195170436383e-06,-3.315003823445295e-06
3.7675923049491474e-07,3.3000000000000003,1.799999981999982,1.7999999819999806,-3.88819517046225e-06,-3.3150028571071743e-06
3.7685923049491475e-07,3.3000000000000003,1.7999999819999821,1.7999999819999803,-3.888195170471714e-06,-3.315003823445295e-06
3.7695923049491475e-07,3.3000000000000003,1.799999981999982,1.7999999819999801,-3.888195170471714e-06,-3.3150028571071743e-06
3.7705923049491476e-07,3.3000000000000003,1.7999999819999821,1.7999999819999806,-3.888195170471714e-06,-3.315003823445295e-06
3.7715923049491477e-07,3.3000000000000003,1.799999981999982,1.7999999819999808,-3.888195170445847e-06,-3.3150028571071743e-06
3.772592304949148e-07,3.3000000000000003,1.799999981999982,1.799999981999981,-3.888195170436383e-06,-3.315003823445295e-06
3.773592304949148e-07,3.3000000000000003,1.799999981999982,1.7999999819999806,-3.88819517046225e-06,-3.3150028571071743e-06
3.774592304949148e-07,3.3000000000000003,1.7999999819999821,1.7999999819999803,-3.888195170471714e-06,-3.315003823445295e-06
3.775592304949148e-07,3.3000000000000003,1.799999981999982,1.7999999819999801,-3.888195170471714e-06,-3.3150028571071743e-06
3.776592304949148e-07,3.3000000000000003,1.7999999819999821,1.7999999819999806,-3.888195170471714e-06,-3.315003823445295e-06
3.777592304949148e-07,3.3000000000000003,1.799999981999982,1.7999999819999808,-3.888195170445847e-06,-3.3150028571071743e-06
3.778592304949148e-07,3.3000000000000003,1.799999981999982,1.799999981999981,-3.888195170436383e-06,-3.315003823445295e-06
3.7795923049491483e-07,3.3000000000000003,1.799999981999982,1.7999999819999806,-3.88819517046225e-06,-3.3150028571071743e-06
3.7805923049491484e-07,3.3000000000000003,1.7999999819999821,1.7999999819999803,-3.888195170471714e-06,-3.315003823445295e-06
3.7815923049491484e-07,3.3000000000000003,1.799999981999982,1.7999999819999801,-3.888195170471714e-06,-3.3150028571071743e-06
3.7825923049491485e-07,3.3000000000000003,1.7999999819999821,1.7999999819999806,-3.888195170471714e-06,-3.315003823445295e-06
3.7835923049491486e-07,3.3000000000000003,1.799999981999982,1.7999999819999808,-3.888195170445847e-06,-3.3150028571071743e-06
3.7845923049491487e-07,3.3000000000000003,1.799999981999982,1.799999981999981,-3.888195170436383e-06,-3.315003823445295e-06
3.785592304949149e-07,3.3000000000000003,1.799999981999982,1.7999999819999806,-3.88819517046225e-06,-3.3150028571071743e-06
3.786592304949149e-07,3.3000000000000003,1.7999999819999821,1.7999999819999803,-3.888195170471714e-06,-3.315003823445295e-06
3.787592304949149e-07,3.3000000000000003,1.799999981999982,1.7999999819999801,-3.888195170471714e-06,-3.3150028571071743e-06
3.788592304949149e-07,3.3000000000000003,1.7999999819999821,1.7999999819999806,-3.888195170471714e-06,-3.315003823445295e-06
3.789592304949149e-07,3.3000000000000003,1.799999981999982,1.7999999819999808,-3.888195170445847e-06,-3.3150028571071743e-06
3.790592304949149e-07,3.3000000000000003,1.799999981999982,1.799999981999981,-3.888195170436383e-06,-3.315003823445295e-06
3.791592304949149e-07,3.3000000000000003,1.799999981999982,1.7999999819999806,-3.88819517046225e-06,-3.3150028571071743e-06
3.7925923049491493e-07,3.3000000000000003,1.7999999819999821,1.7999999819999803,-3.888195170471714e-06,-3.315003823445295e-06
3.7935923049491494e-07,3.3000000000000003,1.799999981999982,1.7999999819999801,-3.888195170471714e-06,-3.3150028571071743e-06
3.7945923049491494e-07,3.3000000000000003,1.7999999819999821,1.7999999819999806,-3.888195170471714e-06,-3.315003823445295e-06
3.7955923049491495e-07,3.3000000000000003,1.799999981999982,1.7999999819999808,-3.888195170445847e-06,-3.3150028571071743e-06
3.7965923049491496e-07,3.3000000000000003,1.799999981999982,1.799999981999981,-3.888195170436383e-06,-3.315003823445295e-06
3.7975923049491497e-07,3.3000000000000003,1.799999981999982,1.7999999819999806,-3.88819517046225e-06,-3.3150028571071743e-06
3.7985923049491497e-07,3.3000000000000003,1.7999999819999821,1.7999999819999803,-3.888195170471714e-06,-3.315003823445295e-06
3.79959230494915e-07,3.3000000000000003,1.799999981999982,1.7999999819999801,-3.888195170471714e-06,-3.3150028571071743e-06
3.8e-07,3.299999999999973,1.7999999820001238,1.7999999819999883,-3.888193321152249e-06,-3.315003766601876e-06
3.8000020307802037e-07,3.299664921266381,1.7999999819990231,1.799999981999988,-3.8878968390468855e-06,0.007421685334065842
3.8000060923406104e-07,3.2989947637992842,1.7999999819991146,1.7999999819999872,-3.887896841825652e-06,0.007421686005272932
3.800014215461424e-07,3.2976544488650035,1.7999999819996133,1.7999999819999863,-3.888129672407687e-06,0.007421687354622009
3.8000304617030513e-07,3.294973818996529,1.799999981999137,1.7999999819999837,-3.8881296871230086e-06,0.007421690044054685
3.8000629541863056e-07,3.2896125592595804,1.7999999820003263,1.7999999819999812,-3.888173338876994e-06,0.007421695432981323
3.8001279391528146e-07,3.278890039785596,1.7999999819998644,1.7999999819999832,-3.888173336221453e-06,0.0074217062010006885
3.800257909085832e-07,3.2574450008377136,1.799999982000128,1.7999999819999835,-3.888202435523364e-06,0.007421727746816487
3.800517848951867e-07,3.2145549229419492,1.7999999819997516,1.79999998199998,-3.888193355375973e-06,0.0074217708286141715
3.8010377286839374e-07,3.1287747671503334,1.799999982000268,1.7999999819999846,-3.888194245107938e-06,0.007421857002100296
3.8020377286839374e-07,2.9637747671503214,1.7999999819996937,1.7999999819999837,-3.888195161618463e-06,0.007422022748926338
3.8030377286839375e-07,2.798774767150309,1.7999999820002268,1.7999999819999777,-3.888195177958366e-06,0.007422188502346216
3.8040377286839376e-07,2.6337747671502965,1.799999981999774,1.7999999819999837,-3.888195164071846e-06,0.0074223542493427885
3.8050377286839377e-07,2.468774767150284,1.7999999820001582,1.7999999819999792,-3.88819517583023e-06,0.007422520002705824
3.8060377286839377e-07,2.3037747671502715,1.799999981999832,1.7999999819999835,-3.888195165828997e-06,0.007422685749588709
3.807037728683938e-07,2.138774767150259,1.7999999820001091,1.79999998199998,-3.88819517432167e-06,0.007422851503037009
3.808037728683938e-07,1.9737747671502468,1.799999981999874,1.7999999819999826,-3.888195167122408e-06,0.007423017249948316
3.809037728683938e-07,1.8087747671502346,1.7999999820000736,1.79999998199998,-3.888195173246875e-06,0.007423183003339773
3.810037728683938e-07,1.643774767150222,1.7999999819999042,1.7999999819999821,-0.0006770250246161952,0.00742334875025108
3.811037728683938e-07,1.4787747671502096,1.799999982000048,1.7999999819999803,-0.0034543397365127343,0.007423514503727802
3.812037728683938e-07,1.3137747671501971,1.7999999819999257,1.7999999819999815,-0.00838276555951923,0.007423680250610687
3.813037728683938e-07,1.1487747671501847,1.7999999820000294,1.7999999819999801,-0.01546230249362232,0.007423846004044776
3.8140377286839383e-07,0.9837747671501726,1.7999999819999415,1.7999999819999815,-0.024692950538866037,0.007424011750913451
3.8143315163740906e-07,0.93529979827504,1.7999999819999533,1.7999999819999786,-0.027813618787062656,0.007424060449537251
3.8145326790599e-07,0.902107955116501,1.7999999820001822,1.799999981999984,-0.030057495059686867,0.007424093789026642
3.8146715049368333e-07,0.8792016854224998,1.7999999820000157,1.7999999819999888,-0.028783258462474964,0.007424116802710046
3.8148204279279816e-07,0.8546293918830274,1.7999999819998809,1.799999981999987,-0.027150011828523682,0.007424141483440394
3.8149100789537816e-07,0.839836972626038,1.7999999819999641,1.799999981999985,-0.02618980849823417,0.0074241563463885996
3.8150412609117654e-07,0.8181919495587078,1.7999999819995678,1.7999999819999764,-0.02481594810309004,0.007424178086537836
3.815303624827733e-07,0.7749019034240479,1.799999982000388,1.799999981999977,-0.022179280782097698,0.007424221576684431
3.815828352659668e-07,0.6883218111548146,1.7999999819998038,1.7999999819999952,-0.017350160228690854,0.007424308547115288
3.816828352659668e-07,0.5233218111548021,1.7999999820000636,1.7999999819999786,-0.009786993829314965,0.007424474300577799
3.817828352659668e-07,0.3583218111547901,1.7999999819999124,1.799999981999981,-0.0043749385409784375,0.0074246400474464735
3.818828352659668e-07,0.1933218111547772,1.7999999820000407,1.7999999819999797,-0.0011139943637969926,0.007424805800901879
3.819828352659668e-07,0.028321811154765175,1.7999999819999317,1.7999999819999812,-4.161297697948261e-06,0.007424971547774106
3.82e-07,0.0,1.799999982000418,1.799999981999991,-3.888202406811465e-06,0.007425000001639535
3.82000000543302e-07,0.0,1.799999981999426,1.799999981999991,-3.898024959707073e-06,-4.4738498716259766e-24
3.82000001629906e-07,0.0,1.7999999819994261,1.799999981999991,-3.898024959713116e-06,0.0
3.82000003803114e-07,0.0,1.79999998199888,1.7999999819999908,-3.868222642911904e-06,0.0
3.8200000814953e-07,0.0,1.7999999819994605,1.799999981999991,-3.8980249594125485e-06,0.0
3.8200001684236194e-07,0.0,1.7999999819990966,1.799999981999991,-3.890574382589112e-06,0.0
3.820000342280259e-07,0.0,1.7999999819998478,1.7999999819999912,-3.886849084722268e-06,0.0
3.8200006899935376e-07,0.0,1.7999999820002481,1.7999999819999923,-3.8887117257685916e-06,0.0
3.820001385420095e-07,0.0,1.7999999819999286,1.7999999819999932,-3.888711728949081e-06,0.0
3.820002776273209e-07,0.0,1.7999999819989227,1.7999999819999937,-3.888711739978905e-06,0.0
3.8200055579794385e-07,0.0,1.7999999819990025,1.7999999819999934,-3.8882460807162025e-06,0.0
3.8200111213918966e-07,0.0,1.7999999819992256,1.7999999819999917,-3.888129667951804e-06,0.0
3.8200222482168133e-07,0.0,1.7999999819998747,1.7999999819999883,-3.8881878738016284e-06,0.0
3.820044501866647e-07,0.0,1.7999999820002475,1.799999981999988,-3.8881878682478545e-06,0.0
3.8200890091663137e-07,0.0,1.7999999819998793,1.799999981999989,-3.888202420320158e-06,0.0
3.820178023765647e-07,0.0,1.7999999819996788,1.7999999819999828,-3.888180612561947e-06,0.0
3.8203560529643135e-07,0.0,1.7999999820004682,1.7999999819999877,-3.888206054067941e-06,0.0
3.820712111361647e-07,0.0,1.7999999819993966,1.799999981999983,-3.888195168753278e-06,0.0
3.821424228156314e-07,0.0,1.7999999820004269,1.79999998199997,-3.888195208182369e-06,0.0
3.822424228156314e-07,0.0,1.7999999819996488,1.799999981999987,-3.888195160162274e-06,0.0
3.823424228156314e-07,0.0,1.7999999820002648,1.7999999819999786,-3.8881951790830066e-06,0.0
3.824424228156314e-07,0.0,1.7999999819997416,1.7999999819999846,-3.888195163069295e-06,0.0
3.825424228156314e-07,0.0,1.7999999820001857,1.7999999819999783,-3.888195176687352e-06,0.0
3.826424228156314e-07,0.0,1.799999981999809,1.7999999819999828,-3.8881951651371774e-06,0.0
3.827424228156314e-07,0.0,1.799999982000129,1.7999999819999788,-3.888195174961119e-06,0.0
3.8284242281563143e-07,0.0,1.7999999819998573,1.7999999819999826,-3.888195166610406e-06,0.0
3.8294242281563144e-07,0.0,1.7999999820000878,1.7999999819999797,-3.888195173683165e-06,0.0
3.8304242281563144e-07,0.0,1.799999981999892,1.799999981999982,-3.888195167679206e-06,0.0
3.8314242281563145e-07,0.0,1.799999982000058,1.7999999819999797,-3.888195172785662e-06,0.0
3.8324242281563146e-07,0.0,1.7999999819999173,1.7999999819999815,-3.888195168466611e-06,0.0
3.8334242281563147e-07,0.0,1.799999982000037,1.7999999819999803,-3.888195172137694e-06,0.0
3.8344242281563147e-07,0.0,1.7999999819999353,1.7999999819999815,-3.888195169007005e-06,0.0
3.835424228156315e-07,0.0,1.7999999820000214,1.7999999819999803,-3.888195171663547e-06,0.0
3.836424228156315e-07,0.0,1.7999999819999484,1.799999981999981,-3.8881951694183725e-06,0.0
3.837424228156315e-07,0.0,1.7999999820000103,1.7999999819999801,-3.888195171321897e-06,0.0
3.838424228156315e-07,0.0,1.7999999819999577,1.799999981999981,-3.888195169696299e-06,0.0
3.839424228156315e-07,0.0,1.7999999820000023,1.7999999819999801,-3.888195171078357e-06,0.0
3.840424228156315e-07,0.0,1.7999999819999644,1.7999999819999808,-3.888195169914917e-06,0.0
3.841424228156315e-07,0.0,1.7999999819999966,1.7999999819999806,-3.8881951709080044e-06,0.0
3.8424242281563153e-07,0.0,1.7999999819999695,1.7999999819999808,-3.888195170056878e-06,0.0
3.8434242281563154e-07,0.0,1.7999999819999926,1.7999999819999806,-3.8881951707651e-06,0.0
3.8444242281563155e-07,0.0,1.7999999819999728,1.7999999819999808,-3.888195170164451e-06,0.0
3.8454242281563156e-07,0.0,1.7999999819999895,1.7999999819999806,-3.888195170696326e-06,0.0
3.8464242281563156e-07,0.0,1.7999999819999755,1.7999999819999808,-3.888195170256567e-06,0.0
3.8474242281563157e-07,0.0,1.7999999819999875,1.799999981999981,-3.8881951706102054e-06,0.0
3.848424228156316e-07,0.0,1.7999999819999772,1.7999999819999808,-3.888195170313351e-06,0.0
3.849424228156316e-07,0.0,1.799999981999986,1.7999999819999808,-3.8881951705758184e-06,0.0
3.850424228156316e-07,0.0,1.7999999819999786,1.799999981999981,-3.8881951703512065e-06,0.0
3.851424228156316e-07,0.0,1.7999999819999848,1.7999999819999806,-3.888195170534493e-06,0.0
3.852424228156316e-07,0.0,1.7999999819999795,1.7999999819999803,-3.8881951703830685e-06,0.0
3.853424228156316e-07,0.0,1.7999999819999841,1.7999999819999801,-3.8881951705250295e-06,0.0
3.854424228156316e-07,0.0,1.7999999819999801,1.7999999819999806,-3.888195170398527e-06,0.0
3.8544621755097465e-07,0.0,1.7999999820002062,1.7999999819999823,-3.888202439832158e-06,0.0
3.8545380702166064e-07,0.0,1.7999999819995562,1.7999999819999806,-3.888180626227683e-06,0.0
3.854689859630326e-07,0.0,1.799999982000283,1.7999999819999781,-3.888206094105833e-06,0.0
3.8549934384577664e-07,0.0,1.7999999819997525,1.7999999819999817,-3.888195174680048e-06,0.0
3.855008677999172e-07,0.0,1.7999999819998722,1.7999999819999801,-3.8881587962532064e-06,0.0
3.8550391570819823e-07,0.0,1.7999999820005275,1.799999981999981,-3.888144231013065e-06,0.0
3.8551001152476037e-07,0.0,1.7999999819998247,1.7999999819999837,-3.8881878820900965e-06,0.0
3.855103175323521e-07,0.0,1.799999981999925,1.7999999819999837,-3.888246089055621e-06,0.0
3.8551092954753554e-07,0.0,1.799999982000879,1.799999981999985,-3.888129661435011e-06,0.0
3.8551215357790246e-07,0.0,1.79999998200023,1.7999999819999881,-3.888187868707988e-06,0.0
3.8551460163863624e-07,0.0,1.79999998199997,1.799999981999989,-3.88815876464912e-06,0.0
3.8551472453031716e-07,0.0,1.7999999819998591,1.7999999819999888,-3.8887117386385e-06,0.0
3.8551497031367895e-07,0.0,1.7999999819991819,1.7999999819999877,-3.888246085393248e-06,0.0
3.855154618804025e-07,0.0,1.79999998199875,1.799999981999986,-3.8881296794694425e-06,0.0
3.855164450138497e-07,0.0,1.799999982000278,1.7999999819999837,-3.888187876150319e-06,0.0
3.855184112807441e-07,0.0,1.7999999819998735,1.7999999819999841,-3.888187878428317e-06,0.0
3.855185099865643e-07,0.0,1.7999999820002783,1.7999999819999843,-3.8882460818680776e-06,0.0
3.855187073982047e-07,0.0,1.7999999820001384,1.799999981999985,-3.888013252203827e-06,0.0
3.855191022214855e-07,0.0,1.7999999819997896,1.7999999819999848,-3.8880132558344894e-06,0.0
3.8551912204145773e-07,0.0,1.7999999819988746,1.7999999819999848,-3.886849112077862e-06,0.0
3.8551916168140217e-07,0.0,1.79999998199966,1.7999999819999846,-3.888711749503012e-06,0.0
3.85519240961291e-07,0.0,1.799999982000095,1.7999999819999837,-3.88778042257388e-06,0.0
3.8551924494110997e-07,0.0,1.7999999819995403,1.799999981999984,-3.89802497655639e-06,0.0
3.855192529007479e-07,0.0,1.7999999820001715,1.799999981999984,-3.883123808936761e-06,0.0
3.855192688200239e-07,0.0,1.7999999820000265,1.799999981999984,-3.88684910069112e-06,0.0
3.8551930065857577e-07,0.0,1.7999999819997528,1.799999981999984,-3.888711748662707e-06,0.0
3.8551930225685844e-07,0.0,1.7999999819996242,1.7999999819999837,-3.8682226533373135e-06,0.0
3.8551930545342377e-07,0.0,1.799999982000376,1.7999999819999837,-3.8980249680604304e-06,0.0
3.855193118465545e-07,0.0,1.7999999819999581,1.7999999819999837,-3.890574391708693e-06,0.0
3.8551932463281594e-07,0.0,1.7999999819996535,1.7999999819999837,-3.886849104537911e-06,0.0
3.855193252746812e-07,0.0,1.799999981999167,1.799999981999984,-3.719211046072104e-06,0.0
3.8551932655841173e-07,0.0,1.799999982000121,1.7999999819999837,-3.838420325909308e-06,0.0
3.855193291258727e-07,0.0,1.7999999820001875,1.799999981999984,-3.838420325221412e-06,0.0
3.855193292814991e-07,0.0,1.7999999820003862,1.7999999819999841,-4.076838902296343e-06,0.0
3.855193295927518e-07,0.0,1.7999999819995294,1.7999999819999848,-3.838420331927455e-06,0.0
3.8551933021525715e-07,0.0,1.7999999820007924,1.799999981999985,-3.838420319051224e-06,0.0
3.855193314602679e-07,0.0,1.7999999819994266,1.7999999819999857,-3.89802497774792e-06,0.0
3.8551933156862246e-07,0.0,1.799999981999937,1.7999999819999855,-3.600001748670591e-06,0.0
3.8551933178533156e-07,0.0,1.799999981999183,1.7999999819999848,-3.600001756356331e-06,0.0
3.8551933183053215e-07,0.0,1.7999999820003596,1.7999999819999852,-2.646327427952829e-06,0.0
3.855193319209334e-07,0.0,1.7999999819993373,1.7999999819999857,-3.6000017547883578e-06,0.0
3.855193319501269e-07,0.0,1.7999999819990042,1.799999981999986,-1.692653125372683e-06,0.0
3.855193320085139e-07,0.0,1.799999982000412,1.7999999819999861,-2.6463274274225213e-06,0.0
3.855193320319754e-07,0.0,1.7999999819998267,1.7999999819999861,-3.6000017497961874e-06,0.0
3.855193320505993e-07,0.0,1.7999999820005372,1.7999999819999857,-3.600001742548475e-06,0.0
3.8551933206521734e-07,0.0,1.336678855010109,1.7999999717381063,-1.7999999784024112e-06,0.0
3.8551933208043397e-07,0.0,1.3366738559463618,1.7999999503737958,-1.7999999784024112e-06,0.0
3.855193320907341e-07,0.0,1.336670472085774,1.7999999359121457,-1.7999999784024112e-06,0.0
3.855193321051823e-07,0.0,1.336665725502619,1.7999999156263706,2.0146972872225888e-06,0.0
3.855193321340787e-07,0.0,1.3366562323868745,1.7999998750541992,1.0734865441008878e-07,0.0
3.855193321918714e-07,0.0,1.3366372463557088,1.7999997939073722,-8.463256619961612e-07,0.0
3.8551933230745696e-07,0.0,1.3365992750923412,1.799999631603785,-1.7999999784024112e-06,0.0
3.8551933253862797e-07,0.0,1.3365233357632162,1.799999306956883,-1.7999999784024112e-06,0.0
3.8551933300097005e-07,0.0,1.336371469893114,1.7999986575041789,-1.9192092679531925e-06,0.0
3.8551933392565416e-07,0.0,1.336067789304833,1.7999973579632653,-2.0384185575039737e-06,0.0
3.855193357750224e-07,0.0,1.335460632671581,1.7999947563401368,-2.0384185575039737e-06,0.0
3.855193394737589e-07,0.0,1.3342471371197022,1.7999895429344759,-2.068220879891669e-06,0.0
3.855193468712318e-07,0.0,1.3318234132107867,1.7999790755318918,-2.075671460488593e-06,0.0
3.8551936166617774e-07,0.0,1.3269890048733197,1.7999579787317475,-2.0831220410855167e-06,0.0
3.855193912560696e-07,0.0,1.3173721127426092,1.799915140100285,-2.0849846862347476e-06,0.0
3.855194504358533e-07,0.0,1.2983441745562563,1.7998269061131005,-2.0868473313839786e-06,0.0
3.8551956879542063e-07,0.0,1.261097101851717,1.7996403954610256,-2.087778653958594e-06,0.0
3.8551971902695297e-07,0.0,1.2153344203001164,1.7993848667068209,-2.0887099765332096e-06,0.0
3.8551989962236305e-07,0.0,1.162485011385414,1.7990508701883778,-2.088244315245902e-06,0.0
3.8552009577893907e-07,0.0,1.1076468596024303,1.798656305603252,-2.088244315245902e-06,0.0
3.8552031708426507e-07,0.0,1.0488323096800154,1.7981733401005593,-2.088244315245902e-06,0.0
3.855205533007e-07,0.0,0.9894455172324678,1.797615901019327,-2.088244315245902e-06,0.0
3.8552081283651466e-07,0.0,0.9280041500039029,1.7969563958860049,-2.088011484602248e-06,0.0
3.8552108701658713e-07,0.0,0.8671672829778295,1.7962094652153449,-2.088244315245902e-06,0.0
3.855213832769715e-07,0.0,0.8058267201020192,1.795348261539263,-2.088011484602248e-06,0.0
3.8552169459442007e-07,0.0,0.7459513564732055,1.7943869712025482,-2.088011484602248e-06,0.0
3.8552202753979294e-07,0.0,0.6867317830017876,1.7932998522554082,-2.088011484602248e-06,0.0
3.8552237646856297e-07,0.0,0.6295998065389791,1.792100241221744,-2.087778653958594e-06,0.0
3.855227471919381e-07,0.0,0.5739759830433651,1.790763790059124,-2.088244315245902e-06,0.0
3.8552313524931135e-07,0.0,0.5208755618705392,1.789302568948835,-2.088011484602248e-06,0.0
3.8552354584933007e-07,0.0,0.46988166149779753,1.7876936147586497,-2.088011484602248e-06,0.0
3.855239755740333e-07,0.0,0.4216895878113862,1.7859473244531303,-2.088127899924075e-06,0.0
3.8552442919674855e-07,0.0,0.3759908198868629,1.784041896799405,-2.088127899924075e-06,0.0
3.8552490424811414e-07,0.0,0.333237496018252,1.7819856447186817,-2.088127899924075e-06,0.0
3.8552540524158e-07,0.0,0.2931888577803561,1.7797575014865852,-2.088127899924075e-06,0.0
3.855259306125192e-07,0.0,0.2561140779808078,1.777363228668997,-2.088011484602248e-06,0.0
3.855264848054259e-07,0.0,0.22181152099242837,1.7747818489285763,-2.088011484602248e-06,0.0
3.8552706717428035e-07,0.0,0.1904142377623061,1.772015974470151,-2.088011484602248e-06,0.0
3.855276823169491e-07,0.0,0.16174073694185476,1.7690438056635143,-2.088127899924075e-06,0.0
3.855283305939298e-07,0.0,0.13582422770583796,1.7658639650274157,-2.088011484602248e-06,0.0
3.855290170380383e-07,0.0,0.11249176073832116,1.7624525452785431,-2.088127899924075e-06,0.0
3.8552974320965585e-07,0.0,0.09170474693739353,1.7588029179039049,-2.0880696922631614e-06,0.0
3.8553051496557325e-07,0.0,0.07329256281659827,1.7548872004939362,-2.088127899924075e-06,0.0
3.8553133542440333e-07,0.0,0.05716650981219287,1.750691523644445,-2.0881861075849883e-06,0.0
3.8553221185062126e-07,0.0,0.04315585234590061,1.7461811815670603,-2.0881861075849883e-06,0.0
3.855331495597445e-07,0.0,0.03113861801741132,1.7413317783589861,-2.088127899924075e-06,0.0
3.8553415817013486e-07,0.0,0.020944081121791296,1.7360971725709209,-2.0881861075849883e-06,0.0
3.855352463474496e-07,0.0,0.012430184502045184,1.7304367385647392,-2.0881861075849883e-06,0.0
3.8553642771936185e-07,0.0,0.0054280464571462295,1.72428489932961,-2.088127899924075e-06,0.0
3.855377164781763e-07,0.0,-0.0002139204965206778,1.7175742832555856,-2.0881861075849883e-06,0.0
3.855391334051717e-07,0.0,-0.004659692765202233,1.7102048615001122,-2.0881861075849883e-06,0.0
3.8554070325759765e-07,0.0,-0.008062671698282635,1.702058313231016,-2.0881861075849883e-06,0.0
3.855424607484703e-07,0.0,-0.010576729991701674,1.6929681819339433,-2.088127899924075e-06,0.0
3.855444501624115e-07,0.0,-0.01234600632925407,1.682723861292838,-2.0881570037545316e-06,0.0
3.855467356417018e-07,0.0,-0.013509995537379178,1.6710208198224106,-2.0881570037545316e-06,0.0
3.855494070864017e-07,0.0,-0.014196725089695704,1.6574362652608452,-2.088127899924075e-06,0.0
3.855526024906735e-07,0.0,-0.014522182132315337,1.6413261922799003,-2.0881861075849883e-06,0.0
3.855565378740794e-07,0.0,-0.014584623153444616,1.6216962064622764,-2.0881861075849883e-06,0.0
3.855615844139278e-07,0.0,-0.014459178534322019,1.5968641401800576,-2.0882006595002167e-06,0.0
3.855684333464018e-07,0.0,-0.014187519618484452,1.5637684455495793,-2.0881861075849883e-06,0.0
3.8557858816721325e-07,0.0,-0.013756830611512432,1.5159536039869776,-2.0881861075849883e-06,0.0
3.8559638690694113e-07,0.0,-0.01302755144261591,1.435633514367822,-2.088204297479024e-06,0.0
3.8562211133313696e-07,0.0,-0.012041740258187656,1.326979677539118,-2.088195202532006e-06,0.0
3.8565329256820086e-07,0.0,-0.010945766996322801,1.2062146666656408,-2.088191564553199e-06,0.0
3.8568161367076594e-07,0.0,-0.01003725011809651,1.1060914530909354,-2.088191564553199e-06,0.0
3.8571148440307245e-07,0.0,-0.009160473514561505,1.0094748402303657,-2.0881933835426025e-06,0.0
3.857394769254984e-07,0.0,-0.00840857304046794,0.9266144975977864,-2.0881933835426025e-06,0.0
3.8576903873075443e-07,0.0,-0.007681347087147931,0.846476007740827,-2.0881933835426025e-06,0.0
3.8579727893837497e-07,0.0,-0.007045498691238655,0.7764056964494866,-2.0881933835426025e-06,0.0
3.8582668560214704e-07,0.0,-0.00643922456930448,0.7095952844302548,-2.0881933835426025e-06,0.0
3.85855075599985e-07,0.0,-0.005903484742039992,0.6505572002048458,-2.0881897455637954e-06,0.0
3.8588434377115107e-07,0.0,-0.005397773730098258,0.5948285190440913,-2.0881933835426025e-06,0.0
3.859128461312732e-07,0.0,-0.004946978050030485,0.545151299120017,-2.088195202532006e-06,0.0
3.8594201225415395e-07,0.0,-0.004524619303346062,0.49860787763599007,-2.088191564553199e-06,0.0
3.8597060070639537e-07,0.0,-0.0041456513962819085,0.45684603205143687,-2.0881933835426025e-06,0.0
3.8599969007635576e-07,0.0,-0.0037925995126067064,0.4179401275798081,-2.0881933835426025e-06,0.0
3.8602834364629836e-07,0.0,-0.0034742500332471385,0.3828583744443295,-2.0881933835426025e-06,0.0
3.8605737523118204e-07,0.0,-0.003178938824660348,0.35031542009911376,-2.0881933835426025e-06,0.0
3.8608607807892266e-07,0.0,-0.002911660174440345,0.3208616173003211,-2.088195202532006e-06,0.0
3.861150661674291e-07,0.0,-0.002664524174558946,0.29362751389606645,-2.088191564553199e-06,0.0
3.8614380627537833e-07,0.0,-0.0024402178674675914,0.2689092151745063,-2.088195202532006e-06,0.0
3.861727616046799e-07,0.0,-0.0022333211118943644,0.24610942983678663,-2.088191564553199e-06,0.0
3.86201529868832e-07,0.0,-0.002045138127647593,0.2253718802650193,-2.088191564553199e-06,0.0
3.862304605164928e-07,0.0,-0.0018718802214325887,0.20627905743359862,-2.088195202532006e-06,0.0
3.8625925004852244e-07,0.0,-0.0017140410986782194,0.18888536676083606,-2.088195202532006e-06,0.0
3.862881620947745e-07,0.0,-0.001568922141686396,0.1728934238629816,-2.0881933835426025e-06,0.0
3.863169676865717e-07,0.0,-0.0014365581125842424,0.15830705937721462,-2.088191564553199e-06,0.0
3.8634586571044057e-07,0.0,-0.001314988691640683,0.14491024837408278,-2.088195202532006e-06,0.0
3.863746834264673e-07,0.0,-0.0012040033433339979,0.1326797900465123,-2.0881933835426025e-06,0.0
3.864035708778186e-07,0.0,-0.0011021496816893306,0.12145563314149675,-2.088191564553199e-06,0.0
3.864323977453855e-07,0.0,-0.0010090997012290434,0.11120163182044523,-2.088191564553199e-06,0.0
3.8646127722419354e-07,0.0,-0.0009237566383724615,0.1017969239983085,-2.088195202532006e-06,0.0
3.864901109985784e-07,0.0,-0.0008457497544840232,0.09320065469853689,-2.0881933835426025e-06,0.0
3.8651898446478346e-07,0.0,-0.000774236025644291,0.08531992365218431,-2.0881933835426025e-06,0.0
3.865478234513511e-07,0.0,-0.0007088441315765667,0.07811381178882769,-2.0881933835426025e-06,0.0
3.8657669238269476e-07,0.0,-0.0006489156933930196,0.07150976650935474,-2.0881933835426025e-06,0.0
3.866055353023134e-07,0.0,-0.0005941011826167572,0.06546927017544195,-2.0881933835426025e-06,0.0
3.866344008131323e-07,0.0,-0.0005438792590093394,0.05993487168984168,-2.088195202532006e-06,0.0
3.866632467004209e-07,0.0,-0.0004979327459740967,0.05487161855459514,-2.0881933835426025e-06,0.0
3.866921096311071e-07,0.0,-0.0004558439565934241,0.05023348214966507,-2.0881933835426025e-06,0.0
3.8672095775754777e-07,0.0,-0.00041733173706468306,0.04598947964778058,-2.0881933835426025e-06,0.0
3.8674981874194704e-07,0.0,-0.00038205819191765593,0.04210237535504307,-2.0881933835426025e-06,0.0
3.867786685578088e-07,0.0,-0.00034977799157763067,0.0385451342331293,-2.0881933835426025e-06,0.0
3.868075280740142e-07,0.0,-0.00032021563731499683,0.03528739663746611,-2.0881933835426025e-06,0.0
3.868363791645001e-07,0.0,-0.00029315938636741867,0.032305828758028225,-2.0881933835426025e-06,0.0
3.8686523757314135e-07,0.0,-0.0002683832046226776,0.029575521894447857,-2.088191564553199e-06,0.0
3.868940896252807e-07,0.0,-0.0002457057513748772,0.027076492508517045,-2.0881933835426025e-06,0.0
3.8692294719839393e-07,0.0,-0.00022494065965712683,0.02478820317386658,-2.0881933835426025e-06,0.0
3.869517999760529e-07,0.0,-0.00020593349356601238,0.022693635230729998,-2.088191564553199e-06,0.0
3.8698065691885037e-07,0.0,-0.0001885300001524537,0.020775790180715122,-2.0881933835426025e-06,0.0
3.8700951024387216e-07,0.0,-0.00017259919360102188,0.019020233536923014,-2.0881933835426025e-06,0.0
3.8703836671116013e-07,0.0,-0.0001580130207987619,0.01741285399290073,-2.0881933835426025e-06,0.0
3.870672204491328e-07,0.0,-0.0001446607194666146,0.015941445672300606,-2.0881933835426025e-06,0.0
3.870960765576943e-07,0.0,-0.00013243574271363091,0.014594267229728128,-2.0881933835426025e-06,0.0
3.8712493060721074e-07,0.0,-0.00012124463819960267,0.013361020324271824,-2.0881933835426025e-06,0.0
3.8715378644514656e-07,0.0,-0.0001109985978413767,0.012231918406837036,-2.0881933835426025e-06,0.0
3.871826407297002e-07,0.0,-0.00010161890490520548,0.011198286983492163,-2.0881933835426025e-06,0.0
3.872114963634733e-07,0.0,-9.303143777398546e-05,0.010251957936875307,-2.0881933835426025e-06,0.0
3.8724035082534553e-07,0.0,-8.516997400264398e-05,0.009385633629371554,-2.088195202532006e-06,0.0
3.872692063050956e-07,0.0,-7.797258672534084e-05,0.008592489791242297,-2.0881933835426025e-06,0.0
3.8729806090074154e-07,0.0,-7.138361634978218e-05,0.007866392799155778,-2.0881933835426025e-06,0.0
3.873269162642943e-07,0.0,-6.535128445524189e-05,0.007201636730410461,-2.0881933835426025e-06,0.0
3.8735577096086227e-07,0.0,-5.982884204580402e-05,0.006593069899186348,-2.0881933835426025e-06,0.0
3.873846262367536e-07,0.0,-5.477297067857056e-05,0.006035918662664463,-2.088191564553199e-06,0.0
3.8741348100945964e-07,0.0,-5.0144425989483725e-05,0.005525858336857332,-2.0881933835426025e-06,0.0
3.874423362192183e-07,0.0,-4.590695117929185e-05,0.005058893463989444,-2.088191564553199e-06,0.0
3.8747119104936407e-07,0.0,-4.2027614755752674e-05,0.004631395031323395,-2.088191564553199e-06,0.0
3.8750004620923096e-07,0.0,-3.847606021243669e-05,0.004240017786600126,-2.0881933835426025e-06,0.0
3.875289010827108e-07,0.0,-3.5224661618732985e-05,0.0038817173838947574,-2.0881933835426025e-06,0.0
3.8755775620493843e-07,0.0,-3.224799612284642e-05,0.0035536922540446722,-2.088191564553199e-06,0.0
3.875866111111104e-07,0.0,-2.9522893749064424e-05,0.003253389092251267,-2.0881933835426025e-06,0.0
3.876154662049423e-07,0.0,-2.7028059383124407e-05,0.002978461201302672,-2.0881933835426025e-06,0.0
3.876443211357778e-07,0.0,-2.4744063540452545e-05,0.0027267674742427555,-2.0881933835426025e-06,0.0
3.876731762081875e-07,0.0,-2.2653066068979004e-05,0.0024963419467377585,-2.0881933835426025e-06,0.0
3.877020311576296e-07,0.0,-2.073877618433142e-05,0.002285389392998201,-2.0881933835426025e-06,0.0
3.8773088621387807e-07,0.0,-1.8986246522805493e-05,0.0020922626306596965,-2.0881933835426025e-06,0.0
3.8775974117735736e-07,0.0,-1.7381819268265535e-05,0.0019154565840158997,-2.088195202532006e-06,0.0
3.877885962214134e-07,0.0,-1.5912969745012582e-05,0.0017535910481467443,-2.0881933835426025e-06,0.0
3.878174511954826e-07,0.0,-1.4568248380353482e-05,0.0016054042932480495,-2.0881933835426025e-06,0.0
3.878463062303405e-07,0.0,-1.3337159860520401e-05,0.0014697397477575083,-2.0881933835426025e-06,0.0
3.87875161212399e-07,0.0,-1.2210106340554136e-05,0.0013455397401498843,-2.0881933835426025e-06,0.0
3.8790401624031763e-07,0.0,-1.1178292639472681e-05,0.0012318350515487498,-2.0881933835426025e-06,0.0
3.8793287122840333e-07,0.0,-1.0233673491266901e-05,0.0011277391028514901,-2.0881933835426025e-06,0.0
3.879617262510868e-07,0.0,-9.368878182249904e-06,0.0010324396498473454,-2.088195202532006e-06,0.0
3.879905812437196e-07,0.0,-8.577163083240044e-06,0.0009451935523209083,-2.0881933835426025e-06,0.0
3.880194362624536e-07,0.0,-7.852351075798025e-06,0.0008653200988924312,-2.0881933835426025e-06,0.0
3.8804911604018166e-07,0.0,-7.170646004499397e-06,0.0007901969804760548,-2.0881933835426025e-06,0.0
3.880796478747043e-07,0.0,-6.531048897830578e-06,0.0007197141115559249,-2.088191564553199e-06,0.0
3.881112197394665e-07,0.0,-5.929571651619474e-06,0.0006534320076163393,-2.0881933835426025e-06,0.0
3.8814371886931634e-07,0.0,-5.3682081940519456e-06,0.0005915703972622566,-2.0881933835426025e-06,0.0
3.8817733532661383e-07,0.0,-4.843371522318263e-06,0.0005337339968893233,-2.088195202532006e-06,0.0
3.882120198019473e-07,0.0,-4.3555602573141344e-06,0.0004799777539504042,-2.0881933835426025e-06,0.0
3.8824795923009577e-07,0.0,-3.901834427409456e-06,0.000429977686936718,-2.088191564553199e-06,0.0
3.8828513738040973e-07,0.0,-3.4821180007287725e-06,0.0003837254172235221,-2.088195202532006e-06,0.0
3.8832373877399095e-07,0.0,-3.0940100474410827e-06,0.0003409563650912692,-2.0881933835426025e-06,0.0
3.883637823707469e-07,0.0,-2.737018801027357e-06,0.00030161633843341063,-2.0881933835426025e-06,0.0
3.8840546017969245e-07,0.0,-2.409101655479118e-06,0.00026548024440546127,-2.088191564553199e-06,0.0
3.8844882975610814e-07,0.0,-2.1094842612469582e-06,0.00023246275057420675,-2.088191564553199e-06,0.0
3.884941006252553e-07,0.0,-1.8363730627494196e-06,0.00020236620916746633,-2.088191564553199e-06,0.0
3.885413753079576e-07,0.0,-1.5888068840827944e-06,0.00017508469970134287,-2.0881933835426025e-06,0.0
3.885908938114481e-07,0.0,-1.365164988461457e-06,0.0001504396188372815,-2.0881933835426025e-06,0.0
3.886428146986197e-07,0.0,-1.1643660488790492e-06,0.00012831180557737094,-2.0881933835426025e-06,0.0
3.886974263389676e-07,0.0,-9.849105275581645e-07,0.00010853601257506036,-2.0881924740479008e-06,0.0
3.887549615363944e-07,0.0,-8.256439990402e-07,9.098502346659439e-05,-2.0881924740479008e-06,0.0
3.8881578331887277e-07,0.0,-6.851541678533316e-07,7.550320490770459e-05,-2.0881933835426025e-06,0.0
3.8888022858999255e-07,0.0,-5.622471834716132e-07,6.195899593731517e-05,-2.0881933835426025e-06,0.0
3.889487760957216e-07,0.0,-4.5557684933457485e-07,5.0204047235502885e-05,-2.0881933835426025e-06,0.0
3.890219169490783e-07,0.0,-3.639348645685262e-07,4.0105205429433274e-05,-2.0881924740479008e-06,0.0
3.8910031362620164e-07,0.0,-2.8602963853145953e-07,3.152013870889522e-05,-2.0881933835426025e-06,0.0
3.8918469901650946e-07,0.0,-2.206583333458637e-07,2.431629571693843e-05,-2.0881924740479008e-06,0.0
3.8927603938488143e-07,0.0,-1.665803168251306e-07,1.835696020684311e-05,-2.0881938382899534e-06,0.0
3.893754713806648e-07,0.0,-1.2261618602923521e-07,1.3512163324903124e-05,-2.08819201930055e-06,0.0
3.894754713806648e-07,0.0,-9.009478882624205e-08,9.928342584816049e-06,-2.0881933835426025e-06,0.0
3.895754713806648e-07,0.0,-6.619901692012501e-08,7.295055877529406e-06,-2.0881933835426025e-06,0.0
3.8967547138066483e-07,0.0,-4.864110231337878e-08,5.360193788806731e-06,-2.0881933835426025e-06,0.0
3.8977547138066483e-07,0.0,-3.574005996358332e-08,3.938513691452725e-06,-2.0881933835426025e-06,0.0
3.8987547138066484e-07,0.0,-2.6260751205311422e-08,2.8939047185482043e-06,-2.0881933835426025e-06,0.0
3.8997547138066485e-07,0.0,-1.9295632256011243e-08,2.126356584264292e-06,-2.0881933835426025e-06,0.0
3.9007547138066486e-07,0.0,-1.4177866476468081e-08,1.5623846543615205e-06,-2.0881933835426025e-06,0.0
3.9017547138066486e-07,0.0,-1.0417481798817267e-08,1.1479945679143724e-06,-2.0881933835426025e-06,0.0
3.9027547138066487e-07,0.0,-7.65446107207713e-09,8.435128470328408e-07,-2.0881933835426025e-06,0.0
3.903754713806649e-07,0.0,-5.62427421857923e-09,6.1978858001227e-07,-2.0881933835426025e-06,0.0
3.904754713806649e-07,0.0,-4.132552270907882e-09,4.55402529155161e-07,-2.0881933835426025e-06,0.0
3.905754713806649e-07,0.0,-3.0364785940265514e-09,3.3461646478999565e-07,-2.0881933835426025e-06,0.0
3.906754713806649e-07,0.0,-2.2311156998480878e-09,2.458663958592237e-07,-2.0881933835426025e-06,0.0
3.907754713806649e-07,0.0,-1.6393585898642979e-09,1.8065543980551844e-07,-2.0881933835426025e-06,0.0
3.908754713806649e-07,0.0,-1.2045527654067993e-09,1.3274033573100424e-07,-2.0881933835426025e-06,0.0
3.909754713806649e-07,0.0,-8.850701570720109e-10,9.753371804883487e-08,-2.0881933835426025e-06,0.0
3.9107547138066493e-07,0.0,-6.503236765123118e-10,7.166492463682777e-08,-2.0881933835426025e-06,0.0
3.9117547138066494e-07,0.0,-4.778388253689737e-10,5.265729150846766e-08,-2.0881933835426025e-06,0.0
3.9127547138066495e-07,0.0,-3.5110199932983256e-10,3.869103837141052e-08,-2.0881933835426025e-06,0.0
3.9137547138066495e-07,0.0,-2.579794846832062e-10,2.8429043867879718e-08,-2.0881933835426025e-06,0.0
3.9147547138066496e-07,0.0,-1.895557833517282e-10,2.0888830314748875e-08,-2.0881933835426025e-06,0.0
3.9157547138066497e-07,0.0,-1.392800479659227e-10,1.534850183306263e-08,-2.0881933835426025e-06,0.0
3.91675471380665e-07,0.0,-1.0233890741349382e-10,1.1277630435496222e-08,-2.0881933835426025e-06,0.0
3.91775471380665e-07,0.0,-7.51956373011572e-11,8.286473143955811e-09,-2.0881933835426025e-06,0.0
3.91875471380665e-07,0.0,-5.525155595576519e-11,6.088658212223106e-09,-2.0881933835426025e-06,0.0
3.91975471380665e-07,0.0,-4.0597228043054037e-11,4.473768053217181e-09,-2.0881933835426025e-06,0.0
3.92075471380665e-07,0.0,-2.982965631246129e-11,3.28719397548167e-09,-2.0881933835426025e-06,0.0
3.92175471380665e-07,0.0,-2.191795939140561e-11,2.415334032499142e-09,-2.0881933835426025e-06,0.0
3.92275471380665e-07,0.0,-1.6104675792899025e-11,1.7747168351066959e-09,-2.0881933835426025e-06,0.0
3.9237547138066503e-07,0.0,-1.1833244953892257e-11,1.3040100468224615e-09,-2.0881933835426025e-06,0.0
3.9247547138066504e-07,0.0,-8.694722449301247e-12,9.581484598424463e-10,-2.0881933835426025e-06,0.0
3.9257547138066504e-07,0.0,-6.38862786621359e-12,7.040194769476558e-10,-2.0881933835426025e-06,0.0
3.9267547138066505e-07,0.0,-4.694176985788791e-12,5.172929297440617e-10,-2.0881933835426025e-06,0.0
3.9277547138066506e-07,0.0,-3.4491440151752805e-12,3.8009172178497107e-10,-2.0881933835426025e-06,0.0
3.9287547138066507e-07,0.0,-2.534330187360848e-12,2.792802852359607e-10,-2.0881933835426025e-06,0.0
3.929754713806651e-07,0.0,-1.86215173062249e-12,2.0520698886886793e-10,-2.0881933835426025e-06,0.0
3.930754713806651e-07,0.0,-1.3682546521027e-12,1.5078009622143883e-10,-2.0881933835426025e-06,0.0
3.931754713806651e-07,0.0,-1.0053535174477057e-12,1.1078880666717198e-10,-2.0881933835426025e-06,0.0
3.932754713806651e-07,0.0,-7.387043733881387e-13,8.140437624280622e-11,-2.0881933835426025e-06,0.0
3.933754713806651e-07,0.0,-5.427783775165859e-13,5.98135558169487e-11,-2.0881933835426025e-06,0.0
3.934754713806651e-07,0.0,-3.9881768384924785e-13,4.3949252172835106e-11,-2.0881933835426025e-06,0.0
3.935754713806651e-07,0.0,-2.930395746209022e-13,3.2292625645974527e-11,-2.0881933835426025e-06,0.0
3.9367547138066513e-07,0.0,-2.1531691253323333e-13,2.3727677253987266e-11,-2.0881933835426025e-06,0.0
3.9377547138066513e-07,0.0,-1.582085725038633e-13,1.7434403570696255e-11,-2.0881933835426025e-06,0.0
3.9387547138066514e-07,0.0,-1.1624703392310674e-13,1.2810290051246322e-11,-2.0881933835426025e-06,0.0
3.9397547138066515e-07,0.0,-8.541492201401188e-14,9.412626622505562e-12,-2.0881933835426025e-06,0.0
3.9407547138066516e-07,0.0,-6.276038764075889e-14,6.9161228653126785e-12,-2.0881933835426025e-06,0.0
3.9417547138066516e-07,0.0,-4.611449801374569e-14,5.081764889486379e-12,-2.0881933835426025e-06,0.0
3.9427547138066517e-07,0.0,-3.3883585017158496e-14,3.733932276064844e-12,-2.0881933835426025e-06,0.0
3.943754713806652e-07,0.0,-2.489666766474003e-14,2.7435842754317394e-12,-2.0881933835426025e-06,0.0
3.944754713806652e-07,0.0,-1.8293343569332913e-14,2.0159055172610087e-12,-2.0881933835426025e-06,0.0
3.945754713806652e-07,0.0,-1.3441414034208461e-14,1.4812284393497508e-12,-2.0881933835426025e-06,0.0
3.946754713806652e-07,0.0,-9.87635808880421e-15,1.088363353715209e-12,-2.0881933835426025e-06,0.0
3.947754713806652e-07,0.0,-7.256859177372752e-15,7.996975741498673e-13,-2.0881933835426025e-06,0.0
3.948754713806652e-07,0.0,-5.332127980590985e-15,5.875943984317488e-13,-2.0881933835426025e-06,0.0
3.949754713806652e-07,0.0,-3.9178917472724005e-15,4.31747185722359e-13,-2.0881933835426025e-06,0.0
3.9507547138066523e-07,0.0,-2.8787523243080093e-15,3.1723520999653013e-13,-2.0881933835426025e-06,0.0
3.9517547138066524e-07,0.0,-2.1152230416271955e-15,2.330951579756096e-13,-2.0881933835426025e-06,0.0
3.9527547138066525e-07,0.0,-1.5542040580840568e-15,1.7127150757417136e-13,-2.0881933835426025e-06,0.0
3.9537547138066526e-07,0.0,-1.1419837003802026e-15,1.2584529666538093e-13,-2.0881933835426025e-06,0.0
3.9547547138066526e-07,0.0,-8.39096241151621e-16,9.246744491902648e-14,-2.0881933835426025e-06,0.0
3.9557547138066527e-07,0.0,-6.165433838605007e-16,6.794237525283368e-14,-2.0881933835426025e-06,0.0
3.956754713806653e-07,0.0,-4.53018056667347e-16,4.992207104938694e-14,-2.0881933835426025e-06,0.0
3.957754713806653e-07,0.0,-3.3286442176587326e-16,3.66812783418597e-14,-2.0881933835426025e-06,0.0
3.958754713806653e-07,0.0,-2.4457904785804537e-16,2.6952330953261895e-14,-2.0881933835426025e-06,0.0
3.959754713806653e-07,0.0,-1.797095324407067e-16,1.9803784836574714e-14,-2.0881933835426025e-06,0.0
3.960754713806653e-07,0.0,-1.3204531208475255e-16,1.4551242136880644e-14,-2.0881933835426025e-06,0.0
3.961754713806653e-07,0.0,-9.70230337784983e-17,1.0691827318508995e-14,-2.0881933835426025e-06,0.0
3.962754713806653e-07,0.0,-7.12896897940045e-17,7.856042139483932e-15,-2.0881933835426025e-06,0.0
3.9637547138066533e-07,0.0,-5.2381579043310896e-17,5.7723900937200936e-15,-2.0881933835426025e-06,0.0
3.9647547138066534e-07,0.0,-3.8488453652220523e-17,4.241383485807498e-15,-2.0881933835426025e-06,0.0
3.9657547138066535e-07,0.0,-2.828018991155941e-17,3.1164445890734475e-15,-2.0881933835426025e-06,0.0
3.9667547138066535e-07,0.0,-2.077945731111139e-17,2.2898723752090302e-15,-2.0881933835426025e-06,0.0
3.9677547138066536e-07,0.0,-1.5268137296682505e-17,1.6825312771793126e-15,-2.0881933835426025e-06,0.0
3.9687547138066537e-07,0.0,-1.1218581305809971e-17,1.2362747938949552e-15,-2.0881933835426025e-06,0.0
3.969754713806654e-07,0.0,-8.243085245729087e-18,9.083785762184488e-16,-2.0881933835426025e-06,0.0
3.970754713806654e-07,0.0,-6.056778327754782e-18,6.674500214802405e-16,-2.0881933835426025e-06,0.0
3.971754713806654e-07,0.0,-4.450343413214282e-18,4.904227629668916e-16,-2.0881933835426025e-06,0.0
3.972754713806654e-07,0.0,-3.2699824322805757e-18,3.6034830878540757e-16,-2.0881933835426025e-06,0.0
3.973754713806654e-07,0.0,-2.4026873263250336e-18,2.647734025578522e-16,-2.0881933835426025e-06,0.0
3.974754713806654e-07,0.0,-1.7654245470633525e-18,1.9454775558560314e-16,-2.0881933835426025e-06,0.0
3.975754713806654e-07,0.0,-1.2971822248993003e-18,1.4294800322465983e-16,-2.0881933835426025e-06,0.0
3.9767547138066543e-07,0.0,-9.531316779182728e-19,1.0503401370464174e-16,-2.0881933835426025e-06,0.0
3.9777547138066544e-07,0.0,-7.003332057662905e-19,7.717592261346171e-17,-2.0881933835426025e-06,0.0
3.9787547138066544e-07,0.0,-5.1458443877302335e-19,5.670661170932187e-17,-2.0881933835426025e-06,0.0
3.9797547138066545e-07,0.0,-3.781015396361814e-19,4.1666360472867555e-17,-2.0881933835426025e-06,0.0
3.9807547138066546e-07,0.0,-2.778180102801076e-19,3.061522356554501e-17,-2.0881933835426025e-06,0.0
3.9817547138066547e-07,0.0,-2.0413250729769803e-19,2.2495171243351877e-17,-2.0881933835426025e-06,0.0
3.9827547138066547e-07,0.0,-1.4999063645777083e-19,1.6528794186712503e-17,-2.0881933835426025e-06,0.0
3.983754713806655e-07,0.0,-1.102087025955994e-19,1.2144874750860082e-17,-2.0881933835426025e-06,0.0
3.984754713806655e-07,0.0,-8.097815995922183e-20,8.923698913455475e-18,-2.0881933835426025e-06,0.0
3.985754713806655e-07,0.0,-5.950036146731783e-20,6.55687307814791e-18,-2.0881933835426025e-06,0.0
3.986754713806655e-07,0.0,-4.371914569235801e-20,4.8177986487458696e-18,-2.0881933835426025e-06,0.0
3.987754713806655e-07,0.0,-3.2123533538487926e-20,3.5399775991771074e-18,-2.0881933835426025e-06,0.0
3.988754713806655e-07,0.0,-2.3603447384222686e-20,2.601072049272249e-18,-2.0881933835426025e-06,0.0
3.989754713806655e-07,0.0,-1.7343111167797754e-20,1.9111916996542866e-18,-2.0881933835426025e-06,0.0
3.9907547138066553e-07,0.0,-1.2743221173813529e-20,1.4042877875950522e-18,-2.0881933835426025e-06,0.0
3.9917547138066554e-07,0.0,-9.363337799710718e-21,1.031829612047206e-18,-2.0881933835426025e-06,0.0
3.9927547138066555e-07,0.0,-6.879914147005417e-21,7.581582336207417e-19,-2.0881933835426025e-06,0.0
3.9937547138066556e-07,0.0,-5.055153620212679e-21,5.570725053301231e-19,-2.0881933835426025e-06,0.0
3.9947547138066556e-07,0.0,-3.714384317230973e-21,4.0932059104095326e-19,-2.0881933835426025e-06,0.0
3.9957547138066557e-07,0.0,-2.729216577954934e-21,3.0075680380712527e-19,-2.0881933835426025e-06,0.0
3.996754713806656e-07,0.0,-2.0053523079584926e-21,2.2098730689920886e-19,-2.0881933835426025e-06,0.0
3.997754713806656e-07,0.0,-1.4734710663664567e-21,1.6237501253437426e-19,-2.0881933835426025e-06,0.0
3.998754713806656e-07,0.0,-1.0826661616588454e-21,1.1930841223216718e-19,-2.0881933835426025e-06,0.0
3.999754713806656e-07,0.0,-7.955091559051551e-22,8.766433331349636e-20,-2.0881933835426025e-06,0.0
4e-07,0.0,-7.380015192938294e-22,8.132685537734573e-20,-2.088198840510813e-06,0.0
