time,v(a),v(y),v(out),vdd#branch,va#branch
0.0,0.0,1.928835777071511e-116,1.928835777071511e-116,-2.0881943783024326e-06,0.0
1.0000000000000002e-12,0.0,-3.795312909439311e-113,7.785050454094742e-117,-2.0881570037545316e-06,0.0
2.0000000000000004e-12,0.0,-3.0487537238117023e-113,-1.4531568432609455e-117,-2.0881570037545316e-06,0.0
4.000000000000001e-12,0.0,-1.849339864724834e-113,-1.6290487825290286e-116,-2.0881570037545316e-06,0.0
8.000000000000001e-12,0.0,-6.334159449545924e-114,-3.1308644773287673e-116,-2.0881861075849883e-06,0.0
1.6000000000000003e-11,0.0,-6.559477592065076e-116,-3.8980723388202944e-116,-2.088178831627374e-06,0.0
3.2000000000000006e-11,0.0,2.1290576495544193e-116,-3.889932738493499e-116,-2.088204297479024e-06,0.0
6.400000000000001e-11,0.0,-1.2594353156773434e-116,-3.8481981772830563e-116,-2.0881933835426025e-06,0.0
1.2800000000000002e-10,0.0,9.785283343637321e-117,-3.7769809924258886e-116,-2.0881933835426025e-06,0.0
2.2800000000000004e-10,0.0,-8.265209835174103e-117,-3.661966524728903e-116,-2.0881933835426025e-06,0.0
3.2800000000000006e-10,0.0,7.058113261653051e-117,-3.5544557278318044e-116,-2.0881933835426025e-06,0.0
4.2800000000000007e-10,0.0,-5.9523765962190866e-117,-3.4467022185451333e-116,-2.0881933835426025e-06,0.0
5.28e-10,0.0,5.0921365271771466e-117,-3.345099525557283e-116,-2.0881933835426025e-06,0.0
6.28e-10,0.0,-4.285638038181568e-117,-3.244042079288417e-116,-2.0881933835426025e-06,0.0
7.28e-10,0.0,3.674826371312301e-117,-3.1481166614990164e-116,-2.0881933835426025e-06,0.0
8.279999999999999e-10,0.0,-3.084570869513319e-117,-3.0532620514515855e-116,-2.0881933835426025e-06,0.0
9.279999999999999e-10,0.0,2.6529978562308807e-117,-2.9627640394877817e-116,-2.0881933835426025e-06,0.0
1.028e-09,0.0,-2.2191315821313294e-117,-2.873675760287998e-116,-2.0881933835426025e-06,0.0
1.128e-09,0.0,1.916238188941164e-117,-2.7883464740005805e-116,-2.0881933835426025e-06,0.0
1.228e-09,0.0,-1.5955890755337533e-117,-2.704633670129806e-116,-2.0881933835426025e-06,0.0
1.3280000000000002e-09,0.0,1.3849637090672506e-117,-2.6242127029117025e-116,-2.0881933835426025e-06,0.0
1.4280000000000002e-09,0.0,-1.146385253374841e-117,-2.545521908114797e-116,-2.0881933835426025e-06,0.0
1.5280000000000003e-09,0.0,1.0018116658270512e-117,-2.4697519609883073e-116,-2.0881933835426025e-06,0.0
1.6280000000000004e-09,0.0,-8.228268025260068e-118,-2.3957608802673123e-116,-2.0881933835426025e-06,0.0
1.7280000000000004e-09,0.0,7.254356264939664e-118,-2.3243909900743068e-116,-2.0881933835426025e-06,0.0
1.8280000000000005e-09,0.0,-5.898176163093783e-118,-2.2548037694598736e-116,-2.0881933835426025e-06,0.0
1.9280000000000004e-09,0.0,5.2603336152005715e-118,-2.187591394632399e-116,-2.0881933835426025e-06,0.0
2.0280000000000004e-09,0.0,-4.220620619944156e-118,-2.1221349779276628e-116,-2.0881933835426025e-06,0.0
2.1280000000000005e-09,0.0,3.821234549746e-118,-2.0588472750149273e-116,-2.0881933835426025e-06,0.0
2.2280000000000006e-09,0.0,-3.0132839527801965e-118,-1.997268557761204e-116,-2.0881933835426025e-06,0.0
2.3280000000000006e-09,0.0,2.782219646143433e-118,-1.9376830880230545e-116,-2.0881933835426025e-06,0.0
2.4280000000000007e-09,0.0,-2.1447630159915823e-118,-1.8797466590327917e-116,-2.0881933835426025e-06,0.0
2.5280000000000008e-09,0.0,2.0316781500619215e-118,-1.8236516968028472e-116,-2.0881933835426025e-06,0.0
2.628000000000001e-09,0.0,-1.5203520049901654e-118,-1.7691380153840956e-116,-2.0881933835426025e-06,0.0
2.728000000000001e-09,0.0,1.489157810912417e-118,-1.7163325812224928e-116,-2.0881933835426025e-06,0.0
2.828000000000001e-09,0.0,-1.0717952584027492e-118,-1.6650364799095066e-116,-2.0881933835426025e-06,0.0
2.928000000000001e-09,0.0,1.0966649919203913e-118,-1.6153301865191457e-116,-2.0881933835426025e-06,0.0
3.028000000000001e-09,0.0,-7.499013599933652e-119,-1.5670596192153014e-116,-2.0881933835426025e-06,0.0
3.128000000000001e-09,0.0,8.12393989647683e-119,-1.5202723928760906e-116,-2.0881933835426025e-06,0.0
3.2280000000000013e-09,0.0,-5.192195914236856e-119,-1.4748473700442337e-116,-2.0881933835426025e-06,0.0
3.3280000000000013e-09,0.0,6.062072671685533e-119,-1.4308090921808617e-116,-2.0881933835426025e-06,0.0
3.4280000000000014e-09,0.0,-3.5420287387532224e-119,-1.3880607604152698e-116,-2.0881933835426025e-06,0.0
3.5280000000000015e-09,0.0,4.5637770246061486e-119,-1.3466108608762194e-116,-2.0881933835426025e-06,0.0
3.6280000000000015e-09,0.0,-2.3644213193017583e-119,-1.3063806955410295e-116,-2.0881933835426025e-06,0.0
3.728000000000001e-09,0.0,3.47240466375268e-119,-1.2673677198033206e-116,-2.0881933835426025e-06,0.0
3.828000000000001e-09,0.0,-1.526729103184143e-119,-1.2295068076366458e-116,-2.0881933835426025e-06,0.0
3.928000000000001e-09,0.0,2.6750053951474616e-119,-1.1927879734341794e-116,-2.0881933835426025e-06,0.0
4.028000000000001e-09,0.0,-9.333860990450815e-120,-1.1571563679690384e-116,-2.0881933835426025e-06,0.0
4.1280000000000015e-09,0.0,2.090127979349391e-119,-1.1225971220314509e-116,-2.0881933835426025e-06,0.0
4.2280000000000015e-09,0.0,-5.155491973148045e-120,-1.089063259003915e-116,-2.0881933835426025e-06,0.0
4.328000000000002e-09,0.0,1.6590271535629072e-119,-1.0565368411537053e-116,-2.0881933835426025e-06,0.0
4.428000000000002e-09,0.0,-2.2363420101466985e-120,-1.024977004209527e-116,-2.0881933835426025e-06,0.0
4.528000000000002e-09,0.0,1.3393257395281866e-119,-9.943640236131456e-117,-2.0881933835426025e-06,0.0
4.628000000000002e-09,0.0,-2.1936119564285325e-121,-9.646618529139479e-117,-2.0881933835426025e-06,0.0
4.728000000000002e-09,0.0,1.1004463229053419e-119,-9.358498795403476e-117,-2.0881933835426025e-06,0.0
4.828000000000002e-09,0.0,1.1524826145225443e-120,-9.078959175453468e-117,-2.0881933835426025e-06,0.0
4.928000000000002e-09,0.0,9.203184024053949e-120,-8.80779090653488e-117,-2.0881933835426025e-06,0.0
5.028000000000002e-09,0.0,2.064150155666412e-120,-8.544703605829665e-117,-2.0881933835426025e-06,0.0
5.128000000000002e-09,0.0,7.830048722417145e-120,-8.289490151941047e-117,-2.0881933835426025e-06,0.0
5.228000000000002e-09,0.0,2.648672665648403e-120,-8.041886285892239e-117,-2.0881933835426025e-06,0.0
5.328000000000002e-09,0.0,6.769911433978539e-120,-7.801689402968599e-117,-2.0881933835426025e-06,0.0
5.428000000000002e-09,0.0,3.0016686185488988e-120,-7.568657307655324e-117,-2.0881933835426025e-06,0.0
5.5280000000000024e-09,0.0,5.939518844430848e-120,-7.342593788210946e-117,-2.0881933835426025e-06,0.0
5.6280000000000025e-09,0.0,3.1918060346910715e-120,-7.123275595654216e-117,-2.0881933835426025e-06,0.0
5.7280000000000026e-09,0.0,5.278620243365738e-120,-6.910514078973821e-117,-2.0881933835426025e-06,0.0
5.828000000000003e-09,0.0,3.268342522965632e-120,-6.704102510007942e-117,-2.0881933835426025e-06,0.0
5.928000000000003e-09,0.0,4.7435589613163185e-120,-6.503860466403462e-117,-2.0881933835426025e-06,0.0
6.028000000000003e-09,0.0,3.266559081319655e-120,-6.309595823853469e-117,-2.0881933835426025e-06,0.0
6.128000000000003e-09,0.0,4.302652396118496e-120,-6.12113670655221e-117,-2.0881933835426025e-06,0.0
6.228000000000003e-09,0.0,3.2116758228716746e-120,-5.938304053696639e-117,-2.0881933835426025e-06,0.0
6.328000000000003e-09,0.0,3.932861258680833e-120,-5.7609346112417934e-117,-2.0881933835426025e-06,0.0
6.428000000000003e-09,0.0,3.121673560821334e-120,-5.5888611223268246e-117,-2.0881933835426025e-06,0.0
6.528000000000003e-09,0.0,3.61738810208825e-120,-5.421928864023593e-117,-2.0881933835426025e-06,0.0
6.628000000000003e-09,0.0,3.0093268095525872e-120,-5.259981335024209e-117,-2.0881933835426025e-06,0.0
6.728000000000003e-09,0.0,3.343945698526329e-120,-5.102872141851726e-117,-2.0881933835426025e-06,0.0
6.828000000000003e-09,0.0,2.8836684372742787e-120,-4.950454650839201e-117,-2.0881933835426025e-06,0.0
6.928000000000003e-09,0.0,3.1035082669060194e-120,-4.802590524296179e-117,-2.0881933835426025e-06,0.0
7.0280000000000034e-09,0.0,2.751044707719997e-120,-4.65914223173548e-117,-2.0881933835426025e-06,0.0
7.1280000000000035e-09,0.0,2.889410765984788e-120,-4.5199791732437694e-117,-2.0881933835426025e-06,0.0
7.2280000000000036e-09,0.0,2.6158751225128964e-120,-4.38497225335756e-117,-2.0881933835426025e-06,0.0
7.328000000000004e-09,0.0,2.696699100938119e-120,-4.2539982670748956e-117,-2.0881933835426025e-06,0.0
7.428000000000004e-09,0.0,2.481199526948667e-120,-4.1269359621080664e-117,-2.0881933835426025e-06,0.0
7.528000000000003e-09,0.0,2.521661216500496e-120,-4.0036691742728495e-117,-2.0881933835426025e-06,0.0
7.628000000000002e-09,0.0,2.3490719141588935e-120,-3.884083964098578e-117,-2.0881933835426025e-06,0.0
7.728000000000001e-09,0.0,2.3614886010441413e-120,-3.7680708523267525e-117,-2.0881933835426025e-06,0.0
7.828e-09,0.0,2.220843764889659e-120,-3.655522732371239e-117,-2.0881933835426025e-06,0.0
7.928e-09,0.0,2.2140318181351905e-120,-3.546336458635038e-117,-2.0881933835426025e-06,0.0
8.027999999999999e-09,0.0,2.0973677970335427e-120,-3.44041131957705e-117,-2.0881933835426025e-06,0.0
8.127999999999998e-09,0.0,2.0776238394915432e-120,-3.337650160908534e-117,-2.0881933835426025e-06,0.0
8.227999999999998e-09,0.0,1.9791443764631847e-120,-3.237958264042369e-117,-2.0881933835426025e-06,0.0
8.327999999999997e-09,0.0,1.950952274559021e-120,-3.1412441353149697e-117,-2.0881933835426025e-06,0.0
8.427999999999996e-09,0.0,1.866426625870365e-120,-3.0474186778592925e-117,-2.0881933835426025e-06,0.0
8.527999999999995e-09,0.0,1.8329668690269365e-120,-2.9563957413038683e-117,-2.0881933835426025e-06,0.0
8.627999999999995e-09,0.0,1.7592957889148478e-120,-2.8680915062999042e-117,-2.0881933835426025e-06,0.0
8.727999999999994e-09,0.0,1.722812448295875e-120,-2.7824248627053224e-117,-2.0881933835426025e-06,0.0
8.827999999999993e-09,0.0,1.6577151784372935e-120,-2.699316948480884e-117,-2.0881933835426025e-06,0.0
8.927999999999992e-09,0.0,1.619780223605791e-120,-2.618691405311275e-117,-2.0881933835426025e-06,0.0
9.027999999999992e-09,0.0,1.561568710521631e-120,-2.5404740297955042e-117,-2.0881933835426025e-06,0.0
9.12799999999999e-09,0.0,1.5232723547597616e-120,-2.464592941726008e-117,-2.0881933835426025e-06,0.0
9.22799999999999e-09,0.0,1.4706883490512262e-120,-2.3909783171863688e-117,-2.0881933835426025e-06,0.0
9.32799999999999e-09,0.0,1.4327760878710256e-120,-2.319562494816076e-117,-2.0881933835426025e-06,0.0
9.427999999999989e-09,0.0,1.384873576638587e-120,-2.2502797688564248e-117,-2.0881933835426025e-06,0.0
9.527999999999988e-09,0.0,1.3478448133715263e-120,-2.1830664516011587e-117,-2.0881933835426025e-06,0.0
9.627999999999987e-09,0.0,1.3039051366343109e-120,-2.117860710509334e-117,-2.0881933835426025e-06,0.0
9.727999999999986e-09,0.0,1.2680841296893537e-120,-2.0546025999080665e-117,-2.0881933835426025e-06,0.0
9.827999999999986e-09,0.0,1.2275546630677841e-120,-1.9932339306750987e-117,-2.0881933835426025e-06,0.0
9.927999999999985e-09,0.0,1.1931415315638578e-120,-1.9336982805624892e-117,-2.0881933835426025e-06,0.0
1.0027999999999984e-08,0.0,1.1555913628907956e-120,-1.875940888114439e-117,-2.0881933835426025e-06,0.0
1.0127999999999983e-08,0.0,1.122698726602768e-120,-1.8199086483186427e-117,-2.0881933835426025e-06,0.0
1.0227999999999982e-08,0.0,1.0877865888267251e-120,-1.7655500247074084e-117,-2.0881933835426025e-06,0.0
1.0327999999999982e-08,0.0,1.0564658609829925e-120,-1.7128150351273397e-117,-2.0881933835426025e-06,0.0
1.0427999999999981e-08,0.0,1.0239169061507092e-120,-1.6616551776195518e-117,-2.0881933835426025e-06,0.0
1.052799999999998e-08,0.0,9.941771351161174e-121,-1.6120234097198453e-117,-2.0881933835426025e-06,0.0
1.062799999999998e-08,0.0,9.637660874231781e-121,-1.5638740849039911e-117,-2.0881933835426025e-06,0.0
1.0727999999999979e-08,0.0,9.355874342513927e-121,-1.5171629278393694e-117,-2.0881933835426025e-06,0.0
1.0827999999999978e-08,0.0,9.071263472132677e-121,-1.4718469790414561e-117,-2.0881933835426025e-06,0.0
1.0927999999999977e-08,0.0,8.804697029340285e-121,-1.427884567785739e-117,-2.0881933835426025e-06,0.0
1.1027999999999976e-08,0.0,8.537990409739278e-121,-1.3852352632437188e-117,-2.0881933835426025e-06,0.0
1.1127999999999976e-08,0.0,8.286128672070421e-121,-1.3438598462527397e-117,-2.0881933835426025e-06,0.0
1.1227999999999975e-08,0.0,8.035949889351534e-121,-1.3037202656503278e-117,-2.0881933835426025e-06,0.0
1.1327999999999974e-08,0.0,7.798201625205133e-121,-1.2647796097331324e-117,-2.0881933835426025e-06,0.0
1.1427999999999973e-08,0.0,7.56334540302937e-121,-1.2270020668350864e-117,-2.0881933835426025e-06,0.0
1.1527999999999973e-08,0.0,7.3390776433158265e-121,-1.1903528970444176e-117,-2.0881933835426025e-06,0.0
1.1627999999999972e-08,0.0,7.118474602366391e-121,-1.1547983963083969e-117,-2.0881933835426025e-06,0.0
1.1727999999999971e-08,0.0,6.907036465380252e-121,-1.120305868790135e-117,-2.0881933835426025e-06,0.0
1.182799999999997e-08,0.0,6.69972698463927e-121,-1.0868435939554295e-117,-2.0881933835426025e-06,0.0
1.192799999999997e-08,0.0,6.500466132228569e-121,-1.0543807998177798e-117,-2.0881933835426025e-06,0.0
1.2027999999999969e-08,0.0,6.305580814049443e-121,-1.0228876325889712e-117,-2.0881933835426025e-06,0.0
1.2127999999999968e-08,0.0,6.117854638756964e-121,-9.923351309662368e-118,-2.0881933835426025e-06,0.0
1.2227999999999967e-08,0.0,5.934599574668207e-121,-9.626951980206577e-118,-2.0881933835426025e-06,0.0
1.2327999999999967e-08,0.0,5.757782628756564e-121,-9.339405766137672e-118,-2.0881933835426025e-06,0.0
1.2427999999999966e-08,0.0,5.585428163994474e-121,-9.060448232659046e-118,-2.0881933835426025e-06,0.0
1.2527999999999965e-08,0.0,5.418916917043819e-121,-8.78982284742921e-118,-2.0881933835426025e-06,0.0
1.2627999999999964e-08,0.0,5.256788973097157e-121,-8.527280736970277e-118,-2.0881933835426025e-06,0.0
1.2727999999999963e-08,0.0,5.100004679244824e-121,-8.272580464319639e-118,-2.0881933835426025e-06,0.0
1.2827999999999963e-08,0.0,4.947477954225805e-121,-8.025487801464822e-118,-2.0881933835426025e-06,0.0
1.2927999999999962e-08,0.0,4.799868189946525e-121,-7.785775518642826e-118,-2.0881933835426025e-06,0.0
1.3027999999999961e-08,0.0,4.656360744538654e-121,-7.55322317138581e-118,-2.0881933835426025e-06,0.0
1.312799999999996e-08,0.0,4.51740001930814e-121,-7.327616901183787e-118,-2.0881933835426025e-06,0.0
1.322799999999996e-08,0.0,4.382368891589242e-121,-7.108749235940824e-118,-2.0881933835426025e-06,0.0
1.3327999999999959e-08,0.0,4.251558619589021e-121,-6.896418901621529e-118,-2.0881933835426025e-06,0.0
1.3427999999999958e-08,0.0,4.124496209859018e-121,-6.690430635083134e-118,-2.0881933835426025e-06,0.0
1.3527999999999957e-08,0.0,4.001364248709801e-121,-6.490595006267839e-118,-2.0881933835426025e-06,0.0
1.3627999999999957e-08,0.0,3.881795286055775e-121,-6.2967282425055945e-118,-2.0881933835426025e-06,0.0
1.3727999999999956e-08,0.0,3.76589518941244e-121,-6.108652060781914e-118,-2.0881933835426025e-06,0.0
1.3827999999999955e-08,0.0,3.653374142749132e-121,-5.92619350270884e-118,-2.0881933835426025e-06,0.0
1.3927999999999954e-08,0.0,3.5442842310769396e-121,-5.7491847763835935e-118,-2.0881933835426025e-06,0.0
1.4027999999999954e-08,0.0,3.438393064237129e-121,-5.577463101308035e-118,-2.0881933835426025e-06,0.0
1.4127999999999953e-08,0.0,3.33571538751379e-121,-5.410870559351801e-118,-2.0881933835426025e-06,0.0
1.4227999999999952e-08,0.0,3.236061584618801e-121,-5.2492539489685825e-118,-2.0881933835426025e-06,0.0
1.4327999999999951e-08,0.0,3.139420828769538e-121,-5.092464644784246e-118,-2.0881933835426025e-06,0.0
1.442799999999995e-08,0.0,3.045635635389025e-121,-4.9403584605151016e-118,-2.0881933835426025e-06,0.0
1.452799999999995e-08,0.0,2.954678008519652e-121,-4.792795516713995e-118,-2.0881933835426025e-06,0.0
1.4627999999999949e-08,0.0,2.8664148481162208e-121,-4.649640111844076e-118,-2.0881933835426025e-06,0.0
1.4727999999999948e-08,0.0,2.7808069713439453e-121,-4.510760597732022e-118,-2.0881933835426025e-06,0.0
1.4827999999999948e-08,0.0,2.697740006643789e-121,-4.3760292582925885e-118,-2.0881933835426025e-06,0.0
1.4927999999999947e-08,0.0,2.6171678262695143e-121,-4.245322192256498e-118,-2.0881933835426025e-06,0.0
1.5027999999999948e-08,0.0,2.5389906425821414e-121,-4.118519199077666e-118,-2.0881933835426025e-06,0.0
1.512799999999995e-08,0.0,2.4631583746172963e-121,-3.995503668522853e-118,-2.0881933835426025e-06,0.0
1.522799999999995e-08,0.0,2.389582767515838e-121,-3.8761624733260205e-118,-2.0881933835426025e-06,0.0
1.532799999999995e-08,0.0,2.318211881497566e-121,-3.7603858652469003e-118,-2.0881933835426025e-06,0.0
1.542799999999995e-08,0.0,2.2489667352135653e-121,-3.6480673740661464e-118,-2.0881933835426025e-06,0.0
1.5527999999999952e-08,0.0,2.1817949813697806e-121,-3.539103709740044e-118,-2.0881933835426025e-06,0.0
1.5627999999999953e-08,0.0,2.1166252271540198e-121,-3.4333946673566324e-118,-2.0881933835426025e-06,0.0
1.5727999999999954e-08,0.0,2.053405708959606e-121,-3.3308430350335076e-118,-2.0881933835426025e-06,0.0
1.5827999999999955e-08,0.0,1.992071354803656e-121,-3.2313545044793177e-118,-2.0881933835426025e-06,0.0
1.5927999999999956e-08,0.0,1.9325716475679547e-121,-3.1348375843007956e-118,-2.0881933835426025e-06,0.0
1.6027999999999957e-08,0.0,1.874846872277557e-121,-3.041203515836297e-118,-2.0881933835426025e-06,0.0
1.6127999999999958e-08,0.0,1.8188481874386088e-121,-2.9503661915567106e-118,-2.0881933835426025e-06,0.0
1.622799999999996e-08,0.0,1.7645204932458845e-121,-2.8622420758582914e-118,-2.0881933835426025e-06,0.0
1.632799999999996e-08,0.0,1.711816887404928e-121,-2.7767501282598253e-118,-2.0881933835426025e-06,0.0
1.642799999999996e-08,0.0,1.660686306213507e-121,-2.693811728861121e-118,-2.0881933835426025e-06,0.0
1.652799999999996e-08,0.0,1.6110839335134105e-121,-2.6133506060557186e-118,-2.0881933835426025e-06,0.0
1.6627999999999962e-08,0.0,1.562962282570539e-121,-2.5352927663791882e-118,-2.0881933835426025e-06,0.0
1.6727999999999963e-08,0.0,1.5162786887614095e-121,-2.459566426472775e-118,-2.0881933835426025e-06,0.0
1.6827999999999964e-08,0.0,1.470988872088335e-121,-2.386101947062232e-118,-2.0881933835426025e-06,0.0
1.6927999999999965e-08,0.0,1.427052328472953e-121,-2.3148317689230536e-118,-2.0881933835426025e-06,0.0
1.7027999999999966e-08,0.0,1.3844276808135475e-121,-2.2456903507461083e-118,-2.0881933835426025e-06,0.0
1.7127999999999966e-08,0.0,1.3430765561892274e-121,-2.178614108869553e-118,-2.0881933835426025e-06,0.0
1.7227999999999967e-08,0.0,1.3029602265818536e-121,-2.113541358802063e-118,-2.0881933835426025e-06,0.0
1.7327999999999968e-08,0.0,1.2640423952759297e-121,-2.050412258500183e-118,-2.0881933835426025e-06,0.0
1.742799999999997e-08,0.0,1.2262867676334533e-121,-1.9891687533335673e-118,-2.0881933835426025e-06,0.0
1.752799999999997e-08,0.0,1.1896590517518843e-121,-1.9297545226994404e-118,-2.0881933835426025e-06,0.0
1.762799999999997e-08,0.0,1.15412520006515e-121,-1.8721149282270426e-118,-2.0881933835426025e-06,0.0
1.7727999999999972e-08,0.0,1.1196528441131036e-121,-1.8161969635330395e-118,-2.0881933835426025e-06,0.0
1.7827999999999973e-08,0.0,1.0862100200953977e-121,-1.7619492054743789e-118,-2.0881933835426025e-06,0.0
1.7927999999999974e-08,0.0,1.0537661961908809e-121,-1.7093217668599758e-118,-2.0881933835426025e-06,0.0
1.8027999999999975e-08,0.0,1.0222913473459875e-121,-1.6582662505724614e-118,-2.0881933835426025e-06,0.0
1.8127999999999975e-08,0.0,9.917566893164292e-122,-1.6087357050622888e-118,-2.0881933835426025e-06,0.0
1.8227999999999976e-08,0.0,9.621340055644704e-122,-1.5606845811694614e-118,-2.0881933835426025e-06,0.0
1.8327999999999977e-08,0.0,9.333961702916797e-122,-1.5140686902364054e-118,-2.0881933835426025e-06,0.0
1.8427999999999978e-08,0.0,9.055166574165589e-122,-1.4688451634707265e-118,-2.0881933835426025e-06,0.0
1.852799999999998e-08,0.0,8.78469911873425e-122,-1.4249724125228058e-118,-2.0881933835426025e-06,0.0
1.862799999999998e-08,0.0,8.52230990174153e-122,-1.3824100912400054e-118,-2.0881933835426025e-06,0.0
1.872799999999998e-08,0.0,8.267758226751471e-122,-1.3411190585639927e-118,-2.0881933835426025e-06,0.0
1.8827999999999982e-08,0.0,8.020809493080563e-122,-1.301061342535635e-118,-2.0881933835426025e-06,0.0
1.8927999999999983e-08,0.0,7.781237035732757e-122,-1.2622001053755735e-118,-2.0881933835426025e-06,0.0
1.9027999999999984e-08,0.0,7.54882017172037e-122,-1.224499609607337e-118,-2.0881933835426025e-06,0.0
1.9127999999999984e-08,0.0,7.323345478792103e-122,-1.1879251851927145e-118,-2.0881933835426025e-06,0.0
1.9227999999999985e-08,0.0,7.10460534125457e-122,-1.152443197648425e-118,-2.0881933835426025e-06,0.0
1.9327999999999986e-08,0.0,6.89239882698768e-122,-1.1180210171153855e-118,-2.0881933835426025e-06,0.0
1.9427999999999987e-08,0.0,6.68653059600195e-122,-1.0846269883516086e-118,-2.0881933835426025e-06,0.0
1.9527999999999988e-08,0.0,6.486811490539277e-122,-1.0522304016215807e-118,-2.0881933835426025e-06,0.0
1.962799999999999e-08,0.0,6.293057707624754e-122,-1.0208014644549692e-118,-2.0881933835426025e-06,0.0
1.972799999999999e-08,0.0,6.105091184846062e-122,-9.903112742490115e-119,-2.0881933835426025e-06,0.0
1.982799999999999e-08,0.0,5.92273896558021e-122,-9.607317916891154e-119,-2.0881933835426025e-06,0.0
1.992799999999999e-08,0.0,5.745833439833064e-122,-9.320358149634623e-119,-2.0881933835426025e-06,0.0
2.0027999999999992e-08,0.0,5.574211850596402e-122,-9.041969547477019e-119,-2.0881933835426025e-06,0.0
2.0127999999999993e-08,0.0,5.407716432411e-122,-8.771896099369005e-119,-2.0881933835426025e-06,0.0
2.0227999999999994e-08,0.0,5.246194021572813e-122,-8.50988944102286e-119,-2.0881933835426025e-06,0.0
2.0327999999999995e-08,0.0,5.089496123036873e-122,-8.255708626512559e-119,-2.0881933835426025e-06,0.0
2.0427999999999996e-08,0.0,4.937478597475345e-122,-8.009119906695464e-119,-2.0881933835426025e-06,0.0
2.0527999999999997e-08,0.0,4.790001678472144e-122,-7.769896514252677e-119,-2.0881933835426025e-06,0.0
2.0627999999999998e-08,0.0,4.646929716859107e-122,-7.537818455149683e-119,-2.0881933835426025e-06,0.0
2.0728e-08,0.0,4.508131163900534e-122,-7.312672306326101e-119,-2.0881933835426025e-06,0.0
2.0828e-08,0.0,4.37347835869198e-122,-7.094251019427973e-119,-2.0881933835426025e-06,0.0
2.0928e-08,0.0,4.242847488547637e-122,-6.882353730402557e-119,-2.0881933835426025e-06,0.0
2.1028e-08,0.0,4.1161184091008267e-122,-6.67678557478013e-119,-2.0881933835426025e-06,0.0
2.1128000000000002e-08,0.0,3.993174589885247e-122,-6.477357508473276e-119,-2.0881933835426025e-06,0.0
2.1228000000000003e-08,0.0,3.873902959567565e-122,-6.28388613392856e-119,-2.0881933835426025e-06,0.0
2.1328000000000004e-08,0.0,3.758193842383162e-122,-6.096193531470964e-119,-2.0881933835426025e-06,0.0
2.1428000000000005e-08,0.0,3.6459408229600607e-122,-5.914107095685783e-119,-2.0881933835426025e-06,0.0
2.1528000000000006e-08,0.0,3.53704067759148e-122,-5.737459376687693e-119,-2.0881933835426025e-06,0.0
2.1628000000000007e-08,0.0,3.431393254576447e-122,-5.566087926130864e-119,-2.0881933835426025e-06,0.0
2.1728000000000008e-08,0.0,3.3289014031148894e-122,-5.399835147818635e-119,-2.0881933835426025e-06,0.0
2.182800000000001e-08,0.0,3.2294708661422646e-122,-5.238548152775255e-119,-2.0881933835426025e-06,0.0
2.192800000000001e-08,0.0,3.133010208779681e-122,-5.082078618646517e-119,-2.0881933835426025e-06,0.0
2.202800000000001e-08,0.0,3.0394307214038827e-122,-4.9302826532999016e-119,-2.0881933835426025e-06,0.0
2.212800000000001e-08,0.0,2.948646348973296e-122,-4.7830206624988546e-119,-2.0881933835426025e-06,0.0
2.2228000000000012e-08,0.0,2.8605736026322527e-122,-4.640157221529462e-119,-2.0881933835426025e-06,0.0
2.2328000000000013e-08,0.0,2.775131490792951e-122,-4.501560950661518e-119,-2.0881933835426025e-06,0.0
2.2428000000000014e-08,0.0,2.6922414379816355e-122,-4.3671043943294026e-119,-2.0881933835426025e-06,0.0
2.2528000000000015e-08,0.0,2.6118272182434495e-122,-4.2366639039217164e-119,-2.0881933835426025e-06,0.0
2.2628000000000016e-08,0.0,2.5338148802358226e-122,-4.1101195240718374e-119,-2.0881933835426025e-06,0.0
2.2728000000000017e-08,0.0,2.458132683302139e-122,-3.987354882344864e-119,-2.0881933835426025e-06,0.0
2.2828000000000018e-08,0.0,2.3847110280345792e-122,-3.868257082219476e-119,-2.0881933835426025e-06,0.0
2.292800000000002e-08,0.0,2.313482395208432e-122,-3.752716599266311e-119,-2.0881933835426025e-06,0.0
2.302800000000002e-08,0.0,2.2443812811960804e-122,-3.6406271804273713e-119,-2.0881933835426025e-06,0.0
2.312800000000002e-08,0.0,2.1773441398451808e-122,-3.531885746303854e-119,-2.0881933835426025e-06,0.0
2.322800000000002e-08,0.0,2.1123093222438935e-122,-3.426392296362515e-119,-2.0881933835426025e-06,0.0
2.3328000000000022e-08,0.0,2.0492170215533382e-122,-3.324049816973428e-119,-2.0881933835426025e-06,0.0
2.3428000000000023e-08,0.0,1.988009216711605e-122,-3.224764192194545e-119,-2.0881933835426025e-06,0.0
2.3528000000000024e-08,0.0,1.928629620178774e-122,-3.128444117221024e-119,-2.0881933835426025e-06,0.0
2.3628000000000025e-08,0.0,1.871023625237069e-122,-3.0350010144197193e-119,-2.0881933835426025e-06,0.0
2.3728000000000026e-08,0.0,1.8151382565690187e-122,-2.9443489518716416e-119,-2.0881933835426025e-06,0.0
2.3828000000000026e-08,0.0,1.760922120865841e-122,-2.856404564347452e-119,-2.0881933835426025e-06,0.0
2.3928000000000027e-08,0.0,1.7083253601369574e-122,-2.771086976643334e-119,-2.0881933835426025e-06,0.0
2.4028000000000028e-08,0.0,1.657299605375092e-122,-2.6883177292067344e-119,-2.0881933835426025e-06,0.0
2.412800000000003e-08,0.0,1.6077979324863208e-122,-2.6080207059835804e-119,-2.0881933835426025e-06,0.0
2.422800000000003e-08,0.0,1.5597748187890514e-122,-2.530122064420619e-119,-2.0881933835426025e-06,0.0
2.432800000000003e-08,0.0,1.5131861014467834e-122,-2.4545501675585076e-119,-2.0881933835426025e-06,0.0
2.4428000000000032e-08,0.0,1.4679889366033515e-122,-2.3812355181532086e-119,-2.0881933835426025e-06,0.0
2.4528000000000033e-08,0.0,1.424141760197061e-122,-2.3101106947651016e-119,-2.0881933835426025e-06,0.0
2.4628000000000034e-08,0.0,1.381604249555907e-122,-2.2411102897570432e-119,-2.0881933835426025e-06,0.0
2.4728000000000035e-08,0.0,1.340337286470279e-122,-2.174170849144355e-119,-2.0881933835426025e-06,0.0
2.4828000000000035e-08,0.0,1.300302921088246e-122,-2.109230814241426e-119,-2.0881933835426025e-06,0.0
2.4928000000000036e-08,0.0,1.2614643371276596e-122,-2.0462304650512613e-119,-2.0881933835426025e-06,0.0
2.5028000000000037e-08,0.0,1.2237858179242334e-122,-1.985111865345925e-119,-2.0881933835426025e-06,0.0
2.5128000000000038e-08,0.0,1.1872327136669493e-122,-1.925818809387366e-119,-2.0881933835426025e-06,0.0
2.522800000000004e-08,0.0,1.1517714094643005e-122,-1.8682967702396368e-119,-2.0881933835426025e-06,0.0
2.532800000000004e-08,0.0,1.1173692944903937e-122,-1.812492849624962e-119,-2.0881933835426025e-06,0.0
2.542800000000004e-08,0.0,1.0839947319453299e-122,-1.7583557292775536e-119,-2.0881933835426025e-06,0.0
2.5528000000000042e-08,0.0,1.0516170300039754e-122,-1.7058356237504339e-119,-2.0881933835426025e-06,0.0
2.5628000000000043e-08,0.0,1.0202064135553737e-122,-1.6548842346318607e-119,-2.0881933835426025e-06,0.0
2.5728000000000044e-08,0.0,9.897339968509221e-123,-1.6054547061292625e-119,-2.0881933835426025e-06,0.0
2.5828000000000044e-08,0.0,9.601717569157749e-123,-1.5575015819798258e-119,-2.0881933835426025e-06,0.0
2.5928000000000045e-08,0.0,9.314925077990202e-123,-1.5109807636481194e-119,-2.0881933835426025e-06,0.0
2.6028000000000046e-08,0.0,9.036698755556659e-123,-1.4658494697723054e-119,-2.0881933835426025e-06,0.0
2.6128000000000047e-08,0.0,8.766782740074932e-123,-1.4220661968216463e-119,-2.0881933835426025e-06,0.0
2.6228000000000048e-08,0.0,8.504928812006368e-123,-1.3795906809291312e-119,-2.0881933835426025e-06,0.0
2.632800000000005e-08,0.0,8.250896165904394e-123,-1.3383838608641153e-119,-2.0881933835426025e-06,0.0
2.642800000000005e-08,0.0,8.004451188861103e-123,-1.2984078421109257e-119,-2.0881933835426025e-06,0.0
2.652800000000005e-08,0.0,7.765367245767052e-123,-1.2596258620203985e-119,-2.0881933835426025e-06,0.0
2.662800000000005e-08,0.0,7.533424470808952e-123,-1.2220022560023025e-119,-2.0881933835426025e-06,0.0
2.6728000000000052e-08,0.0,7.30840956535348e-123,-1.185502424727553e-119,-2.0881933835426025e-06,0.0
2.6828000000000053e-08,0.0,7.090115601724534e-123,-1.1500928023100635e-119,-2.0881933835426025e-06,0.0
2.6928000000000054e-08,0.0,6.87834183297177e-123,-1.1157408254389652e-119,-2.0881933835426025e-06,0.0
2.7028000000000055e-08,0.0,6.672893508205354e-123,-1.0824149034328156e-119,-2.0881933835426025e-06,0.0
2.7128000000000056e-08,0.0,6.473581693546085e-123,-1.0500843891882518e-119,-2.0881933835426025e-06,0.0
2.7228000000000057e-08,0.0,6.280223098339746e-123,-1.0187195509963763e-119,-2.0881933835426025e-06,0.0
2.7328000000000058e-08,0.0,6.092639906631339e-123,-9.882915452009552e-120,-2.0881933835426025e-06,0.0
2.742800000000006e-08,0.0,5.910659613617439e-123,-9.587723896732848e-120,-2.0881933835426025e-06,0.0
2.752800000000006e-08,0.0,5.7341148670273476e-123,-9.30134938079335e-120,-2.0881933835426025e-06,0.0
2.762800000000006e-08,0.0,5.562843313207083e-123,-9.02352854915504e-120,-2.0881933835426025e-06,0.0
2.772800000000006e-08,0.0,5.396687447829503e-123,-8.75400591290025e-120,-2.0881933835426025e-06,0.0
2.7828000000000062e-08,0.0,5.235494471039823e-123,-8.492533614277575e-120,-2.0881933835426025e-06,0.0
2.7928000000000063e-08,0.0,5.079116146945741e-123,-8.238871198767531e-120,-2.0881933835426025e-06,0.0
2.8028000000000064e-08,0.0,4.927408667292848e-123,-7.992785393956353e-120,-2.0881933835426025e-06,0.0
2.8128000000000065e-08,0.0,4.7802325192175846e-123,-7.754049895014575e-120,-2.0881933835426025e-06,0.0
2.8228000000000066e-08,0.0,4.637452356948009e-123,-7.522445156583153e-120,-2.0881933835426025e-06,0.0
2.8328000000000067e-08,0.0,4.498936877339183e-123,-7.297758190875684e-120,-2.0881933835426025e-06,0.0
2.8428000000000068e-08,0.0,4.364558699122267e-123,-7.079782371811092e-120,-2.0881933835426025e-06,0.0
2.852800000000007e-08,0.0,4.2341942457635286e-123,-6.868317244996658e-120,-2.0881933835426025e-06,0.0
2.862800000000007e-08,0.0,4.1077236318220164e-123,-6.663168343386644e-120,-2.0881933835426025e-06,0.0
2.872800000000007e-08,0.0,3.985030552698161e-123,-6.464147008446976e-120,-2.0881933835426025e-06,0.0
2.882800000000007e-08,0.0,3.8660021776822785e-123,-6.271070216661539e-120,-2.0881933835426025e-06,0.0
2.8928000000000072e-08,0.0,3.7505290461878375e-123,-6.083760411220541e-120,-2.0881933835426025e-06,0.0
2.9028000000000073e-08,0.0,3.638504967096412e-123,-5.9020453387361496e-120,-2.0881933835426025e-06,0.0
2.9128000000000074e-08,0.0,3.5298269210948856e-123,-5.725757890835248e-120,-2.0881933835426025e-06,0.0
2.9228000000000075e-08,0.0,3.424394965944323e-123,-5.554735950483644e-120,-2.0881933835426025e-06,0.0
2.9328000000000076e-08,0.0,3.322112144565527e-123,-5.388822242900393e-120,-2.0881933835426025e-06,0.0
2.9428000000000077e-08,0.0,3.222884395879406e-123,-5.227864190925151e-120,-2.0881933835426025e-06,0.0
2.9528000000000078e-08,0.0,3.126620468304977e-123,-5.071713774705534e-120,-2.0881933835426025e-06,0.0
2.962800000000008e-08,0.0,3.033231835843182e-123,-4.920227395575457e-120,-2.0881933835426025e-06,0.0
2.972800000000008e-08,0.0,2.9426326166668046e-123,-4.7732657439992875e-120,-2.0881933835426025e-06,0.0
2.982800000000008e-08,0.0,2.854739494142311e-123,-4.630693671460343e-120,-2.0881933835426025e-06,0.0
2.992800000000008e-08,0.0,2.7694716402104968e-123,-4.492380066175941e-120,-2.0881933835426025e-06,0.0
3.002800000000008e-08,0.0,2.6867506410537318e-123,-4.3581977325247007e-120,-2.0881933835426025e-06,0.0
3.012800000000008e-08,0.0,2.6065004249892545e-123,-4.228023274075218e-120,-2.0881933835426025e-06,0.0
3.0228000000000084e-08,0.0,2.5286471925074176e-123,-4.1017369801085334e-120,-2.0881933835426025e-06,0.0
3.0328000000000085e-08,0.0,2.4531193484086615e-123,-3.9792227155300566e-120,-2.0881933835426025e-06,0.0
3.0428000000000086e-08,0.0,2.379847435959806e-123,-3.860367814069691e-120,-2.0881933835426025e-06,0.0
3.0528000000000086e-08,0.0,2.308764073024115e-123,-3.745062974671954e-120,-2.0881933835426025e-06,0.0
3.062800000000009e-08,0.0,2.2398038900905364e-123,-3.633202160980806e-120,-2.0881933835426025e-06,0.0
3.072800000000009e-08,0.0,2.172903470165181e-123,-3.5246825038267486e-120,-2.0881933835426025e-06,0.0
3.082800000000009e-08,0.0,2.1080012904447484e-123,-3.419404206626539e-120,-2.0881933835426025e-06,0.0
3.092800000000009e-08,0.0,2.0450376657460715e-123,-3.317270453608491e-120,-2.0881933835426025e-06,0.0
3.102800000000009e-08,0.0,1.983954693612486e-123,-3.2181873207789946e-120,-2.0881933835426025e-06,0.0
3.112800000000009e-08,0.0,1.924696201070922e-123,-3.1220636895483584e-120,-2.0881933835426025e-06,0.0
3.122800000000009e-08,0.0,1.8672076929689705e-123,-3.0288111629365568e-120,-2.0881933835426025e-06,0.0
3.1328000000000094e-08,0.0,1.8114363018663444e-123,-2.9383439842818116e-120,-2.0881933835426025e-06,0.0
3.1428000000000095e-08,0.0,1.757330739410369e-123,-2.8505789583772613e-120,-2.0881933835426025e-06,0.0
3.1528000000000095e-08,0.0,1.704841249176512e-123,-2.765435374963186e-120,-2.0881933835426025e-06,0.0
3.1628000000000096e-08,0.0,1.6539195609066435e-123,-2.682834934504434e-120,-2.0881933835426025e-06,0.0
3.17280000000001e-08,0.0,1.604518846121872e-123,-2.6027016761847938e-120,-2.0881933835426025e-06,0.0
3.18280000000001e-08,0.0,1.5565936750569936e-123,-2.524961908052096e-120,-2.0881933835426025e-06,0.0
3.19280000000001e-08,0.0,1.510099974882683e-123,-2.4495441392497958e-120,-2.0881933835426025e-06,0.0
3.20280000000001e-08,0.0,1.4649949891753935e-123,-2.376379014272727e-120,-2.0881933835426025e-06,0.0
3.21280000000001e-08,0.0,1.4212372385979144e-123,-2.3053992491865604e-120,-2.0881933835426025e-06,0.0
3.22280000000001e-08,0.0,1.3787864827540224e-123,-2.2365395697523155e-120,-2.0881933835426025e-06,0.0
3.23280000000001e-08,0.0,1.337603683182961e-123,-2.1697366513990236e-120,-2.0881933835426025e-06,0.0
3.2428000000000103e-08,0.0,1.2976509674585183e-123,-2.104929060989342e-120,-2.0881933835426025e-06,0.0
3.2528000000000104e-08,0.0,1.2588915943614385e-123,-2.0420572003245586e-120,-2.0881933835426025e-06,0.0
3.2628000000000105e-08,0.0,1.2212899200915811e-123,-1.9810632513370432e-120,-2.0881933835426025e-06,0.0
3.2728000000000106e-08,0.0,1.1848113654881846e-123,-1.9218911229197355e-120,-2.0881933835426025e-06,0.0
3.282800000000011e-08,0.0,1.1494223842320857e-123,-1.864486399343778e-120,-2.0881933835426025e-06,0.0
3.292800000000011e-08,0.0,1.1150904319939526e-123,-1.8087962902168557e-120,-2.0881933835426025e-06,0.0
3.302800000000011e-08,0.0,1.0817839365076168e-123,-1.7547695819362257e-120,-2.0881933835426025e-06,0.0
3.312800000000011e-08,0.0,1.0494722685344928e-123,-1.7023565905917864e-120,-2.0881933835426025e-06,0.0
3.322800000000011e-08,0.0,1.018125713697258e-123,-1.6515091162758793e-120,-2.0881933835426025e-06,0.0
3.332800000000011e-08,0.0,9.877154451532976e-124,-1.602180398757811e-120,-2.0881933835426025e-06,0.0
3.342800000000011e-08,0.0,9.582134970852034e-124,-1.554325074482321e-120,-2.0881933835426025e-06,0.0
3.3528000000000113e-08,0.0,9.295927389835569e-124,-1.5078991348524599e-120,-2.0881933835426025e-06,0.0
3.3628000000000114e-08,0.0,9.018268506961114e-124,-1.4628598857585108e-120,-2.0881933835426025e-06,0.0
3.3728000000000115e-08,0.0,8.74890298224332e-124,-1.4191659083157356e-120,-2.0881933835426025e-06,0.0
3.3828000000000116e-08,0.0,8.48758310241288e-124,-1.3767770207748412e-120,-2.0881933835426025e-06,0.0
3.392800000000012e-08,0.0,8.234068553117437e-124,-1.3356542415701365e-120,-2.0881933835426025e-06,0.0
3.402800000000012e-08,0.0,7.988126197923439e-124,-1.2957597534713999e-120,-2.0881933835426025e-06,0.0
3.412800000000012e-08,0.0,7.749529863920554e-124,-1.2570568688064896e-120,-2.0881933835426025e-06,0.0
3.422800000000012e-08,0.0,7.51806013372772e-124,-1.2195099957227175e-120,-2.0881933835426025e-06,0.0
3.432800000000012e-08,0.0,7.293504143714748e-124,-1.1830846054559542e-120,-2.0881933835426025e-06,0.0
3.442800000000012e-08,0.0,7.075655388248878e-124,-1.1477472005773706e-120,-2.0881933835426025e-06,0.0
3.452800000000012e-08,0.0,6.864313529785283e-124,-1.1134652841886161e-120,-2.0881933835426025e-06,0.0
3.462800000000012e-08,0.0,6.659284214640702e-124,-1.0802073300370986e-120,-2.0881933835426025e-06,0.0
3.4728000000000124e-08,0.0,6.4603788942522e-124,-1.0479427535238884e-120,-2.0881933835426025e-06,0.0
3.4828000000000125e-08,0.0,6.267414651795206e-124,-1.0166418835775841e-120,-2.0881933835426025e-06,0.0
3.4928000000000126e-08,0.0,6.080214033958849e-124,-9.862759353682747e-121,-2.0881933835426025e-06,0.0
3.502800000000013e-08,0.0,5.898604887770751e-124,-9.568169838365033e-121,-2.0881933835426025e-06,0.0
3.512800000000013e-08,0.0,5.722420202265188e-124,-9.282379380128916e-121,-2.0881933835426025e-06,0.0
3.522800000000013e-08,0.0,5.5514979549130794e-124,-9.005125161048096e-121,-2.0881933835426025e-06,0.0
3.532800000000013e-08,0.0,5.385680962610893e-124,-8.736152213271776e-121,-2.0881933835426025e-06,0.0
3.542800000000013e-08,0.0,5.224816737140341e-124,-8.475213184551727e-121,-2.0881933835426025e-06,0.0
3.552800000000013e-08,0.0,5.068757344933777e-124,-8.22206811077284e-121,-2.0881933835426025e-06,0.0
3.562800000000013e-08,0.0,4.917359271031486e-124,-7.97648419527789e-121,-2.0881933835426025e-06,0.0
3.572800000000013e-08,0.0,4.7704832871058865e-124,-7.738235594783653e-121,-2.0881933835426025e-06,0.0
3.5828000000000134e-08,0.0,4.6279943234206936e-124,-7.507103211691447e-121,-2.0881933835426025e-06,0.0
3.5928000000000135e-08,0.0,4.489761344622799e-124,-7.282874492601135e-121,-2.0881933835426025e-06,0.0
3.6028000000000136e-08,0.0,4.35565722923481e-124,-7.0653432328432835e-121,-2.0881933835426025e-06,0.0
3.6128000000000137e-08,0.0,4.225558652758423e-124,-6.854309386849725e-121,-2.0881933835426025e-06,0.0
3.622800000000014e-08,0.0,4.099345974254455e-124,-6.649578884188139e-121,-2.0881933835426025e-06,0.0
3.632800000000014e-08,0.0,3.976903126328535e-124,-6.450963451091471e-121,-2.0881933835426025e-06,0.0
3.642800000000014e-08,0.0,3.8581175083853e-124,-6.258280437318074e-121,-2.0881933835426025e-06,0.0
3.652800000000014e-08,0.0,3.742879883084672e-124,-6.071352648183336e-121,-2.0881933835426025e-06,0.0
3.662800000000014e-08,0.0,3.631084275880461e-124,-5.890008181608327e-121,-2.0881933835426025e-06,0.0
3.672800000000014e-08,0.0,3.522627877569684e-124,-5.714080270035639e-121,-2.0881933835426025e-06,0.0
3.682800000000014e-08,0.0,3.417410949741674e-124,-5.543407127067004e-121,-2.0881933835426025e-06,0.0
3.6928000000000144e-08,0.0,3.315336733062424e-124,-5.37783179868168e-121,-2.0881933835426025e-06,0.0
3.7028000000000145e-08,0.0,3.2163113582877054e-124,-5.217202018898777e-121,-2.0881933835426025e-06,0.0
3.7128000000000146e-08,0.0,3.120243759944532e-124,-5.061370069750782e-121,-2.0881933835426025e-06,0.0
3.7228000000000146e-08,0.0,3.0270455925802433e-124,-4.910192645439528e-121,-2.0881933835426025e-06,0.0
3.732800000000015e-08,0.0,2.936631149524049e-124,-4.763530720549661e-121,-2.0881933835426025e-06,0.0
3.742800000000015e-08,0.0,2.848917284064781e-124,-4.621249422198426e-121,-2.0881933835426025e-06,0.0
3.752800000000015e-08,0.0,2.763823332991162e-124,-4.48321790600419e-121,-2.0881933835426025e-06,0.0
3.762800000000015e-08,0.0,2.681271042410741e-124,-4.349309235759657e-121,-2.0881933835426025e-06,0.0
3.772800000000015e-08,0.0,2.6011844957869483e-124,-4.219400266699098e-121,-2.0881933835426025e-06,0.0
3.782800000000015e-08,0.0,2.5234900441240976e-124,-4.093371532252262e-121,-2.0881933835426025e-06,0.0
3.792800000000015e-08,0.0,2.448116238239902e-124,-3.9711071341808166e-121,-2.0881933835426025e-06,0.0
3.8028000000000154e-08,0.0,2.3749937630580113e-124,-3.8524946359962965e-121,-2.0881933835426025e-06,0.0
3.8128000000000155e-08,0.0,2.304055373865656e-124,-3.737424959561528e-121,-2.0881933835426025e-06,0.0
3.8228000000000155e-08,0.0,2.235235834474002e-124,-3.625792284780463e-121,-2.0881933835426025e-06,0.0
3.8328000000000156e-08,0.0,2.1684718572250922e-124,-3.517493952284156e-121,-2.0881933835426025e-06,0.0
3.842800000000016e-08,0.0,2.103702044793425e-124,-3.412430369023406e-121,-2.0881933835426025e-06,0.0
3.852800000000016e-08,0.0,2.0408668337202213e-124,-3.3105049166812387e-121,-2.0881933835426025e-06,0.0
3.862800000000016e-08,0.0,1.979908439643089e-124,-3.2116238628210037e-121,-2.0881933835426025e-06,0.0
3.872800000000016e-08,0.0,1.92077080415037e-124,-3.1156962746883804e-121,-2.0881933835426025e-06,0.0
3.882800000000016e-08,0.0,1.8633995432347177e-124,-3.0226339355880203e-121,-2.0881933835426025e-06,0.0
3.892800000000016e-08,0.0,1.8077418972755738e-124,-2.932351263757923e-121,-2.0881933835426025e-06,0.0
3.902800000000016e-08,0.0,1.7537466825249553e-124,-2.844765233666943e-121,-2.0881933835426025e-06,0.0
3.9128000000000163e-08,0.0,1.701364244033828e-124,-2.759795299663057e-121,-2.0881933835426025e-06,0.0
3.9228000000000164e-08,0.0,1.6505464099922557e-124,-2.67736332190216e-121,-2.0881933835426025e-06,0.0
3.9328000000000165e-08,0.0,1.6012464474266726e-124,-2.597393494489299e-121,-2.0881933835426025e-06,0.0
3.9428000000000166e-08,0.0,1.5534190192257518e-124,-2.5198122757662364e-121,-2.0881933835426025e-06,0.0
3.952800000000017e-08,0.0,1.507020142446095e-124,-2.44454832068125e-121,-2.0881933835426025e-06,0.0
3.962800000000017e-08,0.0,1.4620071478653948e-124,-2.3715324151789705e-121,-2.0881933835426025e-06,0.0
3.972800000000017e-08,0.0,1.4183386407432616e-124,-2.300697412549919e-121,-2.0881933835426025e-06,0.0
3.982800000000017e-08,0.0,1.3759744627531354e-124,-2.231978171681214e-121,-2.0881933835426025e-06,0.0
3.992800000000017e-08,0.0,1.3348756550528838e-124,-2.165311497151658e-121,-2.0881933835426025e-06,0.0
4e-08,0.0,1.3060478198873339e-124,-2.1185496563124336e-121,-2.0881933835426025e-06,0.0
4.000000164002209e-08,2.7060364466719947e-06,1.3060471701155358e-124,-2.118548602794722e-121,-2.0831220410855167e-06,-0.007425000008845817
4.000000492006627e-08,8.118109340015983e-06,1.3060458705278347e-124,-2.1185464957603467e-121,-2.0831220410855167e-06,-0.007425000014282495
4.0000011480154616e-08,1.894225511578518e-05,1.3060432731110453e-124,-2.1185422816978824e-121,-2.0831220410855167e-06,-0.007425000010176026
4.0000024600331314e-08,4.059054666732357e-05,1.306038077609654e-124,-2.118533853598101e-121,-2.0831220410855167e-06,-0.007425000046902568
4.000005084068472e-08,8.388712978131913e-05,1.306027686356336e-124,-2.1185169974991246e-121,-2.0868473313839786e-06,-0.007425000079161142
4.0000103321391515e-08,0.0001704802959983915,1.3060069036177798e-124,-2.118483285703519e-121,-2.087778653958594e-06,-0.007425000175510416
4.000020828280512e-08,0.00034366662844345495,1.305965339166081e-124,-2.1184158637216535e-121,-2.088244315245902e-06,-0.00742500034105803
4.0000418205632324e-08,0.000690039293333582,1.3058822142406208e-124,-2.118281026195053e-121,-2.088011484602248e-06,-0.0074250006974317245
4.0000838051286736e-08,0.0013827846231138359,1.3057159802848786e-124,-2.1180113768883257e-121,-2.088011484602248e-06,-0.007425001384900626
4.0001677742595554e-08,0.002768275282663425,1.3053835758576323e-124,-2.1174721812443843e-121,-2.088127899924075e-06,-0.007425002784999857
4.00033571252132e-08,0.005539256601773522,1.3047190208285047e-124,-2.116394201703496e-121,-2.0881570037545316e-06,-0.007425005560329323
4.0006715890448475e-08,0.011081219239982797,1.3033909254598705e-124,-2.1142398885618923e-121,-2.0881861075849883e-06,-0.007425011135710813
4.001343342091903e-08,0.022165144516401347,1.3007387883359247e-124,-2.1099378376664843e-121,-2.08817155566976e-06,-0.007425022261808856
4.002686848186015e-08,0.04433299506924936,1.2954506873227704e-124,-2.1013599705969342e-121,-1.581523022764486e-05,-0.007425044538673653
4.0053738603742385e-08,0.08866869617493447,1.2849388501414627e-124,-2.084308643143718e-121,-0.00015876937405323588,-0.007425089067714552
4.010747884750685e-08,0.1773400983863047,1.264170034302088e-124,-2.050619396096726e-121,-0.0009106105738112547,-0.007425178150491263
4.020747884750685e-08,0.34234009838630625,1.2264106989749118e-124,-1.9893697039634917e-121,-0.003963200570666459,-0.007425343892421665
4.0307478847506854e-08,0.5073400983863077,1.189779192473236e-124,-1.9299494711602323e-121,-0.009166901677701844,-0.007425509650822448
4.0407478847506855e-08,0.6723400983863091,1.1542418278190289e-124,-1.8723040537969381e-121,-0.016521713895855328,-0.007425675392752851
4.0507478847506856e-08,0.8373400983863106,1.1197659242285027e-124,-1.8163804401350596e-121,-0.02602763722512691,-0.007425841151146528
4.051534057791147e-08,0.8503119535539193,1.1170997914351917e-124,-1.812055686763055e-121,-0.026866172211271078,-0.007425854173746416
4.053106403872069e-08,0.8762556638891367,1.1117865471762959e-124,-1.803437034654234e-121,-0.028583128251455037,-0.007425880243630445
4.0533972015335864e-08,0.8810538253041745,1.1108066633044522e-124,-1.8018475579064618e-121,-0.02890649811052981,-0.007425885055383219
4.053978796856621e-08,0.8906501481342504,1.1088494853094854e-124,-1.798672805261998e-121,-0.029558695073603758,-0.007425894703558811
4.05415551357721e-08,0.8935659740239681,1.108255483709446e-124,-1.797709270949858e-121,-0.029758305268956065,-0.0074258976244010455
4.054508947018388e-08,0.8993976258034032,1.1070684348560763e-124,-1.7957837503832911e-121,-0.03015954100186491,-0.007425903490812402
4.054646680780324e-08,0.9016702328753434,1.106606183800227e-124,-1.7950339295875034e-121,-0.03008586803008484,-0.007425905765529706
4.05480269038628e-08,0.9042443913736159,1.1060828299339528e-124,-1.794184993480505e-121,-0.029908382058749794,-0.0074259083595649145
4.0548921782081216e-08,0.9057209404340052,1.1057827434843132e-124,-1.7936982210730412e-121,-0.02980714294454856,-0.007425909834651634
4.055005546130055e-08,0.9075915111459097,1.1054026949466335e-124,-1.7930817415756226e-121,-0.029678848124149226,-0.007425911721966827
4.055232281973922e-08,0.9113326525697081,1.1046429896592823e-124,-1.7918494181085494e-121,-0.029423341163152372,-0.007425915471856115
4.0556857536616556e-08,0.9188149354173156,1.1031251449006245e-124,-1.7893873111023218e-121,-0.028915368508506845,-0.007425922996446843
4.0565926970371225e-08,0.9337795011125197,1.100095707916578e-124,-1.7844732393634658e-121,-0.027912693561688684,-0.007425938020716671
4.058406583788056e-08,0.9637086325029279,1.0940617583308403e-124,-1.7746855259059648e-121,-0.025960425394487174,-0.0074259680942390105
4.0620343572899246e-08,1.0235668952837553,1.0820928750095737e-124,-1.7552707133248279e-121,-0.02226821560202552,-0.007426028216329428
4.0692899042936606e-08,1.143283420845399,1.0585457851458045e-124,-1.717074807800353e-121,-0.015733102505066654,-0.007426148485464523
4.079289904293661e-08,1.3082834208454006,1.0269282145847797e-124,-1.6657877169107943e-121,-0.008581974685768046,-0.007426314227302555
4.089289904293661e-08,1.4732834208454022,9.962550252521843e-125,-1.6160325136710717e-121,-0.003581957977615957,-0.007426479985781498
4.099289904293661e-08,1.6382834208454038,9.664980095428722e-125,-1.5677634423221627e-121,-0.0007330523805535449,-0.007426645727662162
4.109289904293661e-08,1.8032834208454052,9.376298023835468e-125,-1.52093611377804e-121,-2.0881933835426025e-06,-0.007426811486112683
4.119289904293661e-08,1.9682834208454068,9.096238560628535e-125,-1.475507464804689e-121,-2.0881933835426025e-06,-0.007426977227964926
4.129289904293661e-08,2.133283420845408,8.824544158211798e-125,-1.4314357184184022e-121,-2.0881933835426025e-06,-0.007427142986443869
4.139289904293661e-08,2.2982834208454093,8.560964961634497e-125,-1.3886803454669283e-121,-2.0881933835426025e-06,-0.00742730872826769
4.1492899042936614e-08,2.4632834208454106,8.305258578841688e-125,-1.3472020273581538e-121,-2.0881933835426025e-06,-0.0074274744867466325
4.1592899042936614e-08,2.6282834208454124,8.057189857746201e-125,-1.3069626199020351e-121,-2.0881933835426025e-06,-0.007427640228627297
4.1692899042936615e-08,2.793283420845414,7.816530669998256e-125,-1.2679251182325306e-121,-2.0881933835426025e-06,-0.007427805987049396
4.1792899042936616e-08,2.958283420845415,7.583059701178557e-125,-1.2300536227772743e-121,-2.0881933835426025e-06,-0.007427971728986904
4.189289904293662e-08,3.123283420845417,7.356562247282204e-125,-1.1933133062437017e-121,-2.0881933835426025e-06,-0.007428137487409003
4.199289904293662e-08,3.2882834208454184,7.136830017273476e-125,-1.1576703815912566e-121,-2.0881933835426025e-06,-0.007428303229289668
4.2e-08,3.2999999999999967,7.121480007480621e-125,-1.1551804453517333e-121,-2.088178831627374e-06,-0.007428315007416586
4.200006840382825e-08,3.3000000000000003,7.121332302398593e-125,-1.155156486006729e-121,-2.0887099765332096e-06,-3.3150035960716195e-06
4.200020521148476e-08,3.3000000000000003,7.121036898469014e-125,-1.1551085683105919e-121,-2.0887099765332096e-06,-3.3150031413242687e-06
4.200047882679777e-08,3.3000000000000003,7.120446127218007e-125,-1.1550127388812964e-121,-2.088244315245902e-06,-3.3150035960716195e-06
4.20010260574238e-08,3.3000000000000003,7.119264731792255e-125,-1.154821103872148e-121,-2.088011484602248e-06,-3.3150031413242687e-06
4.2002120518675854e-08,3.3000000000000003,7.116902528918857e-125,-1.154437929231839e-121,-2.0881861075849883e-06,-3.3150035392282007e-06
4.200430944117997e-08,3.3000000000000003,7.112180474209835e-125,-1.1536719613049655e-121,-2.0881570037545316e-06,-3.3150031413242687e-06
4.20086872861882e-08,3.3000000000000003,7.102745760883426e-125,-1.1521415496014787e-121,-2.0881861075849883e-06,-3.3150035392282007e-06
4.201744297620465e-08,3.3000000000000003,7.083913856386916e-125,-1.149086812692885e-121,-2.088178831627374e-06,-3.31500308448085e-06
4.203495435623756e-08,3.3000000000000003,7.046399639303101e-125,-1.1430016042886806e-121,-2.088204297479024e-06,-3.3150035960716195e-06
4.206997711630337e-08,3.3000000000000003,6.971965622302447e-125,-1.1309276083183641e-121,-2.0881933835426025e-06,-3.31500308448085e-06
4.214002263643499e-08,3.3000000000000003,6.825444026484525e-125,-1.1071602338219223e-121,-2.0881933835426025e-06,-3.3150035392282007e-06
4.2240022636434993e-08,3.3000000000000003,6.621575699633355e-125,-1.074090604424662e-121,-2.0881933835426025e-06,-3.3150031413242687e-06
4.2340022636434994e-08,3.3000000000000003,6.423796690122933e-125,-1.0420087276173742e-121,-2.0881933835426025e-06,-3.3150035960716195e-06
4.2440022636434995e-08,3.3000000000000003,6.231925116908596e-125,-1.010885100342517e-121,-2.0881933835426025e-06,-3.3150031413242687e-06
4.2540022636434996e-08,3.3000000000000003,6.045784531513775e-125,-9.806911007656532e-122,-2.0881933835426025e-06,-3.3150035960716195e-06
4.2640022636435e-08,3.3000000000000003,5.865203755792618e-125,-9.513989619543096e-122,-2.0881933835426025e-06,-3.3150031413242687e-06
4.2740022636435e-08,3.3000000000000003,5.690016724485247e-125,-9.229817463430164e-122,-2.0881933835426025e-06,-3.3150035960716195e-06
4.2840022636435e-08,3.3000000000000003,5.520062332525149e-125,-8.954133209610503e-122,-2.0881933835426025e-06,-3.3150031413242687e-06
4.2940022636435e-08,3.3000000000000003,5.355184286862393e-125,-8.686683334000948e-122,-2.0881933835426025e-06,-3.3150035960716195e-06
4.3040022636435e-08,3.3000000000000003,5.195230962755161e-125,-8.427221884997198e-122,-2.0881933835426025e-06,-3.3150031413242687e-06
4.3140022636435e-08,3.3000000000000003,5.040055264311433e-125,-8.175510257292402e-122,-2.0881933835426025e-06,-3.3150035960716195e-06
4.3240022636435e-08,3.3000000000000003,4.889514489236669e-125,-7.931316972451532e-122,-2.0881933835426025e-06,-3.3150031413242687e-06
4.3340022636435003e-08,3.3000000000000003,4.743470197585621e-125,-7.694417466039743e-122,-2.0881933835426025e-06,-3.3150035960716195e-06
4.3440022636435004e-08,3.3000000000000003,4.6017880844660387e-125,-7.464593881108975e-122,-2.0881933835426025e-06,-3.3150031413242687e-06
4.3540022636435005e-08,3.3000000000000003,4.4643378565132397e-125,-7.241634867852873e-122,-2.0881933835426025e-06,-3.3150035960716195e-06
4.3640022636435006e-08,3.3000000000000003,4.3309931120865954e-125,-7.025335389245795e-122,-2.0881933835426025e-06,-3.3150031413242687e-06
4.374002263643501e-08,3.3000000000000003,4.2016312250136133e-125,-6.815496532487158e-122,-2.0881933835426025e-06,-3.3150035960716195e-06
4.384002263643501e-08,3.3000000000000003,4.0761332318325244e-125,-6.611925326077739e-122,-2.0881933835426025e-06,-3.3150031413242687e-06
4.394002263643501e-08,3.3000000000000003,3.954383722381925e-125,-6.414434562359684e-122,-2.0881933835426025e-06,-3.3150035960716195e-06
4.404002263643501e-08,3.3000000000000003,3.836270733675768e-125,-6.222842625357065e-122,-2.0881933835426025e-06,-3.3150031413242687e-06
4.414002263643501e-08,3.3000000000000003,3.7216856469330105e-125,-6.036973323758639e-122,-2.0881933835426025e-06,-3.3150035960716195e-06
4.424002263643501e-08,3.3000000000000003,3.61052308769618e-125,-5.856655728889211e-122,-2.0881933835426025e-06,-3.3150031413242687e-06
4.434002263643501e-08,3.3000000000000003,3.502680828921653e-125,-5.68172401752063e-122,-2.0881933835426025e-06,-3.3150035960716195e-06
4.444002263643501e-08,3.3000000000000003,3.3980596969746376e-125,-5.512017319377841e-122,-2.0881933835426025e-06,-3.3150031413242687e-06
4.4540022636435014e-08,3.3000000000000003,3.2965634804236657e-125,-5.347379569199736e-122,-2.0881933835426025e-06,-3.3150035960716195e-06
4.4640022636435015e-08,3.3000000000000003,3.198098841564846e-125,-5.187659363218819e-122,-2.0881933835426025e-06,-3.3150031413242687e-06
4.4740022636435016e-08,3.3000000000000003,3.1025752305862003e-125,-5.032709819927629e-122,-2.0881933835426025e-06,-3.3150035960716195e-06
4.474381737153479e-08,3.3000000000000003,-1.8696999271875925e-15,-1.0743846870392988e-18,-2.0881861076400887e-06,-3.3150031413242687e-06
4.475140684173433e-08,3.3000000000000003,1.35002872216288e-15,-1.6688104032072282e-18,-2.088171555710722e-06,-3.3150035392282007e-06
4.4766585782133425e-08,3.3000000000000003,-4.0544378688734404e-16,5.062569851974068e-19,-2.088204297466722e-06,-3.3150031413242687e-06
4.479694366293161e-08,3.3000000000000003,2.335333263445058e-16,-2.854913852402226e-19,-2.088191564553199e-06,-3.3150035392282007e-06
4.4798467616937706e-08,3.3000000000000003,-4.892740683733426e-15,-1.3609548880227113e-18,-2.08818610768141e-06,-3.3150031413242687e-06
4.480151552494989e-08,3.3000000000000003,2.131792713143879e-15,-2.634173020890842e-18,-2.088157003819213e-06,-3.3150035392282007e-06
4.480166852872775e-08,3.3000000000000003,-8.133466705552232e-15,-2.7731747020458528e-18,-2.088709976710306e-06,-3.31500308448085e-06
4.4801974536283483e-08,3.3000000000000003,2.4566716892749605e-15,-3.0360964866268453e-18,-2.0882443153204407e-06,-3.3150036529150384e-06
4.4802586551394945e-08,3.3000000000000003,2.1141647408092987e-15,-2.6117211052714624e-18,-2.0881278999882215e-06,-3.3150031413242687e-06
4.480261727431102e-08,3.3000000000000003,-8.79493585803921e-15,-2.6428022172389868e-18,-2.088709976712971e-06,-3.3150037097584573e-06
4.4802678720143174e-08,3.3000000000000003,2.1889523978645872e-15,-2.704267308385984e-18,-2.08777865402501e-06,-3.3150031413242687e-06
4.4802801611807484e-08,3.3000000000000003,2.1240569275981073e-15,-2.6238600846537475e-18,-2.0887099765976565e-06,-3.3150035392282007e-06
4.4803047395136105e-08,3.3000000000000003,1.9999535108765395e-15,-2.4700926571551207e-18,-2.0882443153065833e-06,-3.3150031981676875e-06
4.4803059733361764e-08,3.3000000000000003,-9.010026150825771e-15,-2.483190641694905e-18,-2.079396750963817e-06,-3.3150039371321327e-06
4.480308440981308e-08,3.3000000000000003,2.031612690371094e-15,-2.5092680951816754e-18,-2.0849846862963896e-06,-3.3150032550111064e-06
4.480313376271573e-08,3.3000000000000003,2.0072076910170765e-15,-2.4790296563863003e-18,-2.0868473314448803e-06,-3.3150035960716195e-06
4.480313624021187e-08,3.3000000000000003,-9.057713621296683e-15,-2.4816750468301436e-18,-2.0682208800688836e-06,-3.3150048466268345e-06
4.480314119520416e-08,3.3000000000000003,2.013617684237468e-15,-2.486961009419837e-18,-2.0980232023404604e-06,-3.315003027637431e-06
4.480315110518873e-08,3.3000000000000003,2.0087371774412587e-15,-2.4809139327243116e-18,-2.0905726217433883e-06,-3.315003027637431e-06
4.480317092515788e-08,3.3000000000000003,1.9990116082888414e-15,-2.4688636961003564e-18,-2.0868473314446317e-06,-3.3150039371321327e-06
4.4803171920112474e-08,3.3000000000000003,-9.073828526401328e-15,-2.4699295717301773e-18,-2.098023202456361e-06,-3.315006665616238e-06
4.480317216704384e-08,3.3000000000000003,0.4531642072979828,1.6954614056138834e-08,-0.013734739775572944,-3.3150321314678877e-06
4.4803172268947495e-08,3.3000000000000003,0.4531980994748317,3.0948799778894004e-08,-0.013736004839509267,-3.3150175795526593e-06
4.480317232045045e-08,3.3000000000000003,0.4532152285367537,3.802197554312864e-08,-0.013736046867630147,-3.3150175795526593e-06
4.480317238996321e-08,3.3000000000000003,0.4532383470296748,4.7568958485577096e-08,-0.013738654510472195,-3.3150175795526593e-06
4.480317252898874e-08,3.3000000000000003,0.45328458282618594,6.666438467875664e-08,-0.013739578225637983,-3.315046683383116e-06
4.48031728070398e-08,3.3000000000000003,0.4533770496610635,1.0486107804737766e-07,-0.013741663930187362,-3.315003027637431e-06
4.480317336314191e-08,3.3000000000000003,0.45356196430021056,1.812778267068166e-07,-0.013747026854782525,-3.315010303595045e-06
4.480317447534613e-08,3.3000000000000003,0.4539317174705751,3.342047556624544e-07,-0.013758108022626383,-3.315003027637431e-06
4.4803176699754575e-08,3.3000000000000003,0.4546709194837999,6.404322117446101e-07,-0.01378043993855757,-3.3150048466268345e-06
4.480318114857146e-08,3.3000000000000003,0.4561481070320825,1.2543804902149062e-06,-0.013825200971462248,-3.315003027637431e-06
4.480319004620524e-08,3.3000000000000003,0.4590976228893274,2.488242311489542e-06,-0.013914530898471165,-3.315003482384782e-06
4.4803207841472795e-08,3.3000000000000003,0.4649772708686139,4.9797615659476075e-06,-0.014092624977847195,-3.3150032550111064e-06
4.48032434320079e-08,3.3000000000000003,0.47665945557974837,1.0057461534011332e-05,-0.014446488387650657,-3.3150037097584573e-06
4.480331461307812e-08,3.3000000000000003,0.4997187363675667,2.058738021682328e-05,-0.015144957511672441,-3.3150031413242687e-06
4.480345697521855e-08,3.3000000000000003,0.5446432728711763,4.311291696109447e-05,-0.016505668969581534,-3.3150036529150384e-06
4.48035973990501e-08,3.3000000000000003,0.5874365028104139,6.71970820464883e-05,-0.017801745551962022,-3.315003027637431e-06
4.480375362654105e-08,3.3000000000000003,0.6333363269007238,9.6089925422834e-05,-0.019191819671445298,-3.3150035960716195e-06
4.4803894439607606e-08,3.3000000000000003,0.6732171703179589,0.00012396095853208278,-0.02039952584781052,-3.3150032550111064e-06
4.4804067287463885e-08,3.3000000000000003,0.7203160604616126,0.00016044884822458336,-0.021825706115559958,-3.3150035960716195e-06
4.480424065610926e-08,3.3000000000000003,0.7655813118499085,0.00019947091122433144,-0.02319624294572338,-3.3150031413242687e-06
4.4804445889470186e-08,3.3000000000000003,0.8167251359703595,0.00024866032013706355,-0.02474461612076786,-3.3150035960716195e-06
4.4804654569627604e-08,3.3000000000000003,0.8661390271775794,0.0003018520591471413,-0.026240444772144933,-3.3150031413242687e-06
4.480489421126009e-08,3.3000000000000003,0.9198359071527348,0.00036667535336524446,-0.027865712075069507,-3.3150035960716195e-06
4.480514135259865e-08,3.3000000000000003,0.9719859730682046,0.00043748575493287955,-0.02944392301753285,-3.3150031413242687e-06
4.480541990271007e-08,3.3000000000000003,1.0270783116402935,0.0005218149012869245,-0.03111088795209892,-3.3150035960716195e-06
4.4805710399696866e-08,3.3000000000000003,1.0806395042114036,0.0006145354419175414,-0.03273119800872512,-3.315003027637431e-06
4.480603374809212e-08,3.3000000000000003,1.135916026228098,0.0007230637999756542,-0.0344030109017359,-3.3150035960716195e-06
4.480637400421865e-08,3.3000000000000003,1.1895126736646449,0.0008428681248286975,-0.036023574662911055,-3.3150031413242687e-06
4.480674975782281e-08,3.3000000000000003,1.2437040810589195,0.000981293053638328,-0.03766159790357967,-3.3150035960716195e-06
4.4807145984675254e-08,3.3000000000000003,1.295659382334175,0.0011336151761949474,-0.03923143722240698,-3.31500308448085e-06
4.480756558518392e-08,3.3000000000000003,1.3454143567293169,0.0013013688373766617,-0.0407341301463804,-3.3150035960716195e-06
4.4808003476912396e-08,3.3000000000000003,1.3921267646420914,0.0014828123894185482,-0.04214420596549947,-3.31500308448085e-06
4.4808466496062115e-08,3.3000000000000003,1.4363264581351862,0.001681018918471585,-0.04347762867449386,-3.3150035392282007e-06
4.480895110729545e-08,3.3000000000000003,1.4774840553715385,0.00189470565640679,-0.04471839427625255,-3.3150031413242687e-06
4.4809463223471366e-08,3.3000000000000003,1.515947145623631,0.002126664009597985,-0.04587695188783595,-3.3150035392282007e-06
4.481000026413971e-08,3.3000000000000003,1.5513858183475349,0.00237588590241536,-0.04694333432143643,-3.31500308448085e-06
4.481056795124309e-08,3.3000000000000003,1.5840753527781148,0.002645145068394234,-0.04792579959476569,-3.3150035960716195e-06
4.481116487378663e-08,3.3000000000000003,1.6138484165865439,0.0029338696973011456,-0.04881929419151585,-3.31500308448085e-06
4.48117968507278e-08,3.3000000000000003,1.6409365466619346,0.0032449369975879115,-0.049630747540767114,-3.3150035960716195e-06
4.481246370829969e-08,3.3000000000000003,1.66528775454795,0.003578305267109765,-0.05035858533012928,-3.3150031413242687e-06
4.481317170994882e-08,3.3000000000000003,1.687108389306199,0.003937120579912977,-0.0510089650829675,-3.3150035960716195e-06
4.481392214876369e-08,3.3000000000000003,1.7064280300970278,0.004322036255203174,-0.05158276406797245,-3.3150031413242687e-06
4.4814722227447926e-08,3.3000000000000003,1.7234394593548572,0.00473672052033297,-0.05208571274588801,-3.3150035960716195e-06
4.481557514992115e-08,3.3000000000000003,1.738228204528982,0.005182792273358215,-0.05252035406018105,-3.3150031413242687e-06
4.4816489808201426e-08,3.3000000000000003,1.7509796202245977,0.005664839387357938,-0.05289216591775455,-3.3150035960716195e-06
4.481747213583619e-08,3.3000000000000003,1.7618157575011673,0.006185911304768693,-0.053204754433798296,-3.31500308448085e-06
4.481853395909389e-08,3.3000000000000003,1.7709169717011815,0.0067521840024360215,-0.05346339806777651,-3.3150035392282007e-06
4.481968547331252e-08,3.3000000000000003,1.778426999753002,0.007368980870284539,-0.05367229142951401,-3.31500308448085e-06
4.482094369072466e-08,3.3000000000000003,1.7845210762232226,0.008045279175945537,-0.05383647261945202,-3.3150035392282007e-06
4.482232608239909e-08,3.3000000000000003,1.7893530289285535,0.00879031257390748,-0.05396032352015306,-3.31500308448085e-06
4.48238593164089e-08,3.3000000000000003,1.793090989796445,0.009618267171973257,-0.05404850923720601,-3.3150035392282007e-06
4.482557456640777e-08,3.3000000000000003,1.79588931214213,0.010545753857093377,-0.05410520399614089,-3.31500308448085e-06
4.482751807019676e-08,3.3000000000000003,1.797905369926113,0.011597499021574188,-0.05413442763581968,-3.3150035960716195e-06
4.4829750080411205e-08,3.3000000000000003,1.7992852087683773,0.012805756263981654,-0.0541396284580626,-3.31500308448085e-06
4.483236178464488e-08,3.3000000000000003,1.8001696766924447,0.01421941229672851,-0.054123593310130697,-3.3150035960716195e-06
4.48354860219154e-08,3.3000000000000003,1.8006867640347144,0.01590968494057757,-0.05408804278659731,-3.3150031413242687e-06
4.483933884603093e-08,3.3000000000000003,1.8009516441466848,0.01799239108881288,-0.05403295739948443,-3.3150035392282007e-06
4.484428075670579e-08,3.3000000000000003,1.8010612780862776,0.02066054362830827,-0.053955426642454965,-3.3150031413242687e-06
4.485098923370115e-08,3.3000000000000003,1.8010913091227174,0.02427622551967198,-0.053846770593272295,-3.3150035392282007e-06
4.4860878951472673e-08,3.3000000000000003,1.8010917237781443,0.02959316801333703,-0.05368566369674276,-3.31500308448085e-06
4.4877528603296115e-08,3.3000000000000003,1.801085779718075,0.038508491093142444,-0.053415322284151474,-3.3150035392282007e-06
4.491082790694299e-08,3.3000000000000003,1.8010750553134653,0.056204788242026446,-0.052878745848186116,-3.3150031413242687e-06
4.497742651423675e-08,3.3000000000000003,1.8010534391596196,0.0910667071117886,-0.05182166900764532,-3.3150035960716195e-06
4.507742651423675e-08,3.3000000000000003,1.801022073262427,0.1421106190251986,-0.050273933285056735,-3.3150031413242687e-06
4.517742651423675e-08,3.3000000000000003,1.8009914598141137,0.19162990701066343,-0.04877242108978331,-3.3150035960716195e-06
4.527742651423675e-08,3.3000000000000003,1.8009619175156786,0.23967010944810324,-0.04731576212885084,-3.3150031413242687e-06
4.537742651423675e-08,3.3000000000000003,1.8009331243592288,0.286275405313457,-0.04590260788727572,-3.3150035960716195e-06
4.5477426514236754e-08,3.3000000000000003,1.8009053044927834,0.3314886533466675,-0.04453166640795111,-3.3150031413242687e-06
4.5577426514236755e-08,3.3000000000000003,1.8008782192893957,0.3753514327062025,-0.04320167048501973,-3.3150035960716195e-06
4.5677426514236756e-08,3.3000000000000003,1.8008520249368645,0.4179040801511856,-0.04191140252556735,-3.3150031413242687e-06
4.5777426514236757e-08,3.3000000000000003,1.8008265434072876,0.45918572803240626,-0.04065967130581919,-3.3150035960716195e-06
4.587742651423676e-08,3.3000000000000003,1.8008018821221647,0.4992343395169532,-0.039445329682076986,-3.3150031413242687e-06
4.597742651423676e-08,3.3000000000000003,1.8007779071704615,0.5380867441476803,-0.03826725754954351,-3.3150035960716195e-06
4.607742651423676e-08,3.3000000000000003,1.8007546910563694,0.5757786711615828,-0.037124374401236636,-3.3150031413242687e-06
4.617742651423676e-08,3.3000000000000003,1.8007321320567597,0.6123447828151644,-0.036015626783126364,-3.3150035960716195e-06
4.627742651423676e-08,3.3000000000000003,1.8007102777465873,0.647818705862523,-0.034939997144377156,-3.3150031413242687e-06
4.637742651423676e-08,3.3000000000000003,1.800689049952838,0.6822330628173647,-0.033896494555010204,-3.3150035960716195e-06
4.647742651423676e-08,3.3000000000000003,1.800668478520613,0.7156195016657039,-0.03288416088957317,-3.3150031413242687e-06
4.6577426514236764e-08,3.3000000000000003,1.8006485025684038,0.7480087252143249,-0.03190206391502659,-3.3150035960716195e-06
4.6677426514236765e-08,3.3000000000000003,1.8006291393968592,0.7794305191178564,-0.03094930156005503,-3.3150031413242687e-06
4.6777426514236766e-08,3.3000000000000003,1.8006103408775047,0.8099137794467915,-0.030024996727671963,-3.3150035960716195e-06
4.6877426514236766e-08,3.3000000000000003,1.8005921154976732,0.8394865391106962,-0.029128300192969702,-3.3150031413242687e-06
4.697742651423677e-08,3.3000000000000003,1.8005744245873305,0.8681759937653771,-0.028258386673308364,-3.3150035960716195e-06
4.707742651423677e-08,3.3000000000000003,1.8005572705017385,0.8960085267140088,-0.027414456746026286,-3.3150031413242687e-06
4.717742651423677e-08,3.3000000000000003,1.800540621634398,0.9230097332618912,-0.026595733838007004,-3.3150035960716195e-06
4.727742651423677e-08,3.3000000000000003,1.8005244761319938,0.9492044441759601,-0.025801465445604722,-3.3150031413242687e-06
4.737742651423677e-08,3.3000000000000003,1.8005088077075848,0.9746167485862238,-0.025030920798582566,-3.3150035960716195e-06
4.747742651423677e-08,3.3000000000000003,1.8004936116760628,0.9992700160819136,-0.02428339158559224,-3.3150031413242687e-06
4.757742651423677e-08,3.3000000000000003,1.800478865797207,1.0231869182507116,-0.02355819011485681,-3.3150035960716195e-06
4.7677426514236774e-08,3.3000000000000003,1.8004645635366283,1.0463894494870165,-0.022854649691558076,-3.3150031413242687e-06
4.7777426514236774e-08,3.3000000000000003,1.800450685769167,1.0688989472531625,-0.02217212314635886,-3.3150035960716195e-06
4.7877426514236775e-08,3.3000000000000003,1.8004372248095049,1.090736111672153,-0.021509982969908404,-3.3150031413242687e-06
4.7977426514236776e-08,3.3000000000000003,1.8004241639631091,1.1119210245889934,-0.020867620115537364,-3.3150035960716195e-06
4.807742651423678e-08,3.3000000000000003,1.8004114948874377,1.1324731680169424,-0.02024444396639493,-3.3150031413242687e-06
4.817742651423678e-08,3.3000000000000003,1.8003992028134563,1.152411442071674,-0.01963988134414183,-3.3150035960716195e-06
4.827742651423678e-08,3.3000000000000003,1.8003872790878694,1.1717541823367186,-0.019053376362805047,-3.3150031413242687e-06
4.837742651423678e-08,3.3000000000000003,1.800375710492193,1.19051917673831,-0.01848438959374345,-3.3150035960716195e-06
4.847742651423678e-08,3.3000000000000003,1.8003644883030732,1.2087236818923195,-0.01793239784485067,-3.3150031413242687e-06
4.857742651423678e-08,3.3000000000000003,1.800353600572276,1.2263844389832257,-0.017396893445426477,-3.3150035960716195e-06
4.867742651423678e-08,3.3000000000000003,1.8003430386712178,1.24351768915154,-0.016877383978216896,-3.3150031413242687e-06
4.8777426514236783e-08,3.3000000000000003,1.80033279171056,1.2601391884362971,-0.016373391657502814,-3.3150035960716195e-06
4.8877426514236784e-08,3.3000000000000003,1.8003228512670322,1.2762642222587601,-0.015884453033441426,-3.3150031413242687e-06
4.8977426514236785e-08,3.3000000000000003,1.8003132073491737,1.291907619484114,-0.015410118443700146,-3.3150035960716195e-06
4.9077426514236786e-08,3.3000000000000003,1.8003038518108496,1.3070837660541408,-0.014949951703788511,-3.3150031413242687e-06
4.917742651423679e-08,3.3000000000000003,1.800294775434319,1.321806618220363,-0.014503529617659031,-3.3150035960716195e-06
4.927742651423679e-08,3.3000000000000003,1.8002859703949028,1.336089715375415,-0.014070441663567062,-3.3150031413242687e-06
4.937742651423679e-08,3.3000000000000003,1.800277428151511,1.349946192506693,-0.013650289552762073,-3.3150035960716195e-06
4.947742651423679e-08,3.3000000000000003,1.8002691412258134,1.3633887922733197,-0.01324268691743503,-3.3150031413242687e-06
4.957742651423679e-08,3.3000000000000003,1.800261101676315,1.376429876726387,-0.012847258909317727,-3.3150035960716195e-06
4.967742651423679e-08,3.3000000000000003,1.8002533023823075,1.3890814386757278,-0.012463641894144228,-3.3150031413242687e-06
4.977742651423679e-08,3.3000000000000003,1.8002457359396997,1.4013551127200645,-0.012091483083943089,-3.3150035960716195e-06
4.987742651423679e-08,3.3000000000000003,1.800238395587233,1.4132621859452406,-0.011730440240916575,-3.3150031413242687e-06
4.9977426514236794e-08,3.3000000000000003,1.8002312744071531,1.4248136083050005,-0.01138018133864873,-3.3150035960716195e-06
5.0077426514236795e-08,3.3000000000000003,1.8002243659930264,1.4360200026899288,-0.011040384277223494,-3.3150031413242687e-06
5.0177426514236796e-08,3.3000000000000003,1.8002176638707692,1.4468916746971525,-0.010710736569628005,-3.3150035960716195e-06
5.02774265142368e-08,3.3000000000000003,1.8002111619798342,1.4574386221069482,-0.010390935069164576,-3.3150031413242687e-06
5.03774265142368e-08,3.3000000000000003,1.8002048542535487,1.4676705440773883,-0.010080685678107578,-3.3150035960716195e-06
5.04774265142368e-08,3.3000000000000003,1.8001987349655273,1.477596850063423,-0.00977970308792597,-3.3150031413242687e-06
5.05774265142368e-08,3.3000000000000003,1.8001927984251977,1.4872266684703468,-0.009487710507830243,-3.3150035960716195e-06
5.06774265142368e-08,3.3000000000000003,1.8001870392269086,1.4965688550481293,-0.009204439417947654,-3.3150031413242687e-06
5.07774265142368e-08,3.3000000000000003,1.800181452028757,1.5056320010355835,-0.008929629315826955,-3.3150035960716195e-06
5.08774265142368e-08,3.3000000000000003,1.8001760317314563,1.5144244410607934,-0.00866302748245178,-3.3150031413242687e-06
5.09774265142368e-08,3.3000000000000003,1.8001707733174253,1.5229542608059776,-0.008404388745095913,-3.3150035960716195e-06
5.1077426514236804e-08,3.3000000000000003,1.8001656719789683,1.5312293044430594,-0.008153475255887343,-3.3150031413242687e-06
5.1177426514236805e-08,3.3000000000000003,1.800160723000975,1.539257181847445,-0.007910056269654134,-3.3150035960716195e-06
5.1277426514236806e-08,3.3000000000000003,1.8001559218525351,1.5470452755960817,-0.007673907934638542,-3.3150031413242687e-06
5.137742651423681e-08,3.3000000000000003,1.800151264101209,1.554600747756703,-0.0074448130841642075,-3.3150035960716195e-06
5.147742651423681e-08,3.3000000000000003,1.8001467454782838,1.5619305464741076,-0.007222561039029536,-3.3150031413242687e-06
5.157742651423681e-08,3.3000000000000003,1.8001423618159127,1.5690414123598688,-0.007006947411975189,-3.3150035960716195e-06
5.167742651423681e-08,3.3000000000000003,1.800138109093379,1.5759398846910562,-0.006797773921246063,-3.3150031413242687e-06
5.177742651423681e-08,3.3000000000000003,1.800133983390814,1.5826323074239232,-0.00659484820695575,-3.3150035960716195e-06
5.187742651423681e-08,3.3000000000000003,1.8001299809217912,1.5891248350278748,-0.006397983655287384,-3.3150031413242687e-06
5.197742651423681e-08,3.3000000000000003,1.800126097999074,1.5954234381452645,-0.00620699922594669,-3.3150035960716195e-06
5.207742651423681e-08,3.3000000000000003,1.800122331057381,1.6015339090820697,-0.006021719286467665,-3.3150031413242687e-06
5.2177426514236814e-08,3.3000000000000003,1.8001186766278716,1.607461867134624,-0.005841973450023422,-3.3150035960716195e-06
5.2277426514236815e-08,3.3000000000000003,1.8001151313538588,1.6132127637571987,-0.005667596419308812,-3.3150031413242687e-06
5.2377426514236816e-08,3.3000000000000003,1.8001116919716544,1.6187918875752751,-0.005498427834042735,-3.3150035960716195e-06
5.2477426514236817e-08,3.3000000000000003,1.8001083553212256,1.6242043692490413,-0.005334312123912322,-3.3150031413242687e-06
5.257742651423682e-08,3.3000000000000003,1.8001051183316792,1.6294551861916506,-0.005175098365155443,-3.3150035960716195e-06
5.267742651423682e-08,3.3000000000000003,1.800101978028306,1.6345491671465264,-0.0050206401420681826,-3.3150031413242687e-06
5.277742651423682e-08,3.3000000000000003,1.8000989315214573,1.63949099662797,-0.004870795412103745,-3.3150035960716195e-06
5.287742651423682e-08,3.3000000000000003,1.8000959760110167,1.6442852192291129,-0.004725426375463886,-3.3150031413242687e-06
5.297742651423682e-08,3.3000000000000003,1.8000931087777658,1.6489362438012112,-0.004584399348192116,-3.3150035960716195e-06
5.307742651423682e-08,3.3000000000000003,1.8000903271860342,1.6534483475080977,-0.004447584639391806,-3.3150031413242687e-06
5.317742651423682e-08,3.3000000000000003,1.8000876286768968,1.6578256797595419,-0.004314856431827166,-3.3150035960716195e-06
5.3277426514236824e-08,3.3000000000000003,1.8000850107695425,1.6620722660271148,-0.004186092666332684,-3.3150031413242687e-06
5.3377426514236825e-08,3.3000000000000003,1.8000824710558307,1.6661920115460873,-0.004061174929469215,-3.3150035960716195e-06
5.3477426514236826e-08,3.3000000000000003,1.8000800072007634,1.6701887049067503,-0.0039399883447104765,-3.3150031413242687e-06
5.3577426514236826e-08,3.3000000000000003,1.8000776169380535,1.6740660215384717,-0.0038224214667313926,-3.3150035960716195e-06
5.367742651423683e-08,3.3000000000000003,1.800075298069984,1.6778275270896827,-0.0037083661789797683,-3.3150031413242687e-06
5.377742651423683e-08,3.3000000000000003,1.8000730484636864,1.6814766807069115,-0.003597717594224655,-3.3150035960716195e-06
5.387742651423683e-08,3.3000000000000003,1.8000708660508629,1.6850168382158774,-0.0034903739580486163,-3.3150031413242687e-06
5.397742651423683e-08,3.3000000000000003,1.8000687488239788,1.6884512552075654,-0.003386236555368602,-3.3150035960716195e-06
5.407742651423683e-08,3.3000000000000003,1.8000666948365094,1.6917830900321236,-0.0032852096196168096,-3.3150031413242687e-06
5.417742651423683e-08,3.3000000000000003,1.8000647021991345,1.695015406703339,-0.0031872002446365955,-3.3150035960716195e-06
5.427742651423683e-08,3.3000000000000003,1.800062769079762,1.6981511777163576,-0.003092118299297666,-3.3150031413242687e-06
5.4377426514236834e-08,3.3000000000000003,1.8000608937003442,1.7011932867812445,-0.0029998763445645824,-3.3150035960716195e-06
5.4477426514236834e-08,3.3000000000000003,1.8000590743365195,1.704144531474892,-0.002910389553124841,-3.3150031413242687e-06
5.4577426514236835e-08,3.3000000000000003,1.8000573093149392,1.7070076258137235,-0.0028235756313473434,-3.3150035960716195e-06
5.4677426514236836e-08,3.3000000000000003,1.8000555970126533,1.7097852027495468,-0.0027393547436317203,-3.3150031413242687e-06
5.477742651423684e-08,3.3000000000000003,1.8000539358548333,1.7124798165908666,-0.0026576494389663275,-3.3150035960716195e-06
5.487742651423684e-08,3.3000000000000003,1.8000523243139896,1.7150939453518685,-0.0025783845797231132,-3.3150031413242687e-06
5.497742651423684e-08,3.3000000000000003,1.8000507609080023,1.7176299930312455,-0.0025014872725425906,-3.3150035960716195e-06
5.507742651423684e-08,3.3000000000000003,1.8000492441992364,1.7200902918229588,-0.0024268868013144003,-3.3150031413242687e-06
5.517742651423684e-08,3.3000000000000003,1.8000477727928141,1.7224771042609615,-0.002354514562133144,-3.3150035960716195e-06
5.527742651423684e-08,3.3000000000000003,1.8000463453356772,1.7247926252998658,-0.0022843040002195826,-3.3150031413242687e-06
5.537742651423684e-08,3.3000000000000003,1.8000449605150495,1.7270389843334633,-0.0022161905487067244,-3.3150035960716195e-06
5.5477426514236843e-08,3.3000000000000003,1.8000436170574776,1.7292182471529502,-0.0021501115692705674,-3.3150031413242687e-06
5.5577426514236844e-08,3.3000000000000003,1.80004231372745,1.7313324178466676,-0.0020860062945204203,-3.3150035960716195e-06
5.5677426514236845e-08,3.3000000000000003,1.8000410493264394,1.733383440643094,-0.002023815772121557,-3.3150031413242687e-06
5.5777426514236846e-08,3.3000000000000003,1.800039822691648,1.7353732016987944,-0.0019634828105770078,-3.3150035960716195e-06
5.587742651423685e-08,3.3000000000000003,1.800038632695069,1.737303530832961,-0.0019049519266371466,-3.3150031413242687e-06
5.597742651423685e-08,3.3000000000000003,1.8000374782423365,1.7391762032101479,-0.0018481692942730055,-3.3150035960716195e-06
5.607742651423685e-08,3.3000000000000003,1.8000363582718637,1.7409929409727436,-0.0017930826951556638,-3.3150031413242687e-06
5.617742651423685e-08,3.3000000000000003,1.800035271753506,1.7427554148246824,-0.0017396414707268274,-3.3150035960716195e-06
5.627742651423685e-08,3.3000000000000003,1.8000342176883937,1.7444652455678553,-0.001687796475482295,-3.3150031413242687e-06
5.637742651423685e-08,3.3000000000000003,1.800033195106878,1.7461240055926255,-0.0016375000318449905,-3.3150035960716195e-06
5.647742651423685e-08,3.3000000000000003,1.8000322030688403,1.747733220323827,-0.001588705886330553,-3.3150031413242687e-06
5.657742651423685e-08,3.3000000000000003,1.8000312406617591,1.7492943696235728,-0.0015413691669794595,-3.3150035960716195e-06
5.6677426514236854e-08,3.3000000000000003,1.8000303070007804,1.750808889152161,-0.0014954463421195255,-3.3150031413242687e-06
5.6777426514236855e-08,3.3000000000000003,1.8000294012271296,1.7522781716883344,-0.001450895180309977,-3.3150035960716195e-06
5.6877426514236856e-08,3.3000000000000003,1.8000285225079804,1.7537035684101028,-0.001407674711524679,-3.3150031413242687e-06
5.697742651423686e-08,3.3000000000000003,1.8000276700351292,1.7550863901373106,-0.0013657451894582909,-3.3150035960716195e-06
5.707742651423686e-08,3.3000000000000003,1.800026843024727,1.7564279085370904,-0.001325068054989385,-3.3150031413242687e-06
5.717742651423686e-08,3.3000000000000003,1.8000260407161552,1.75772935729331,-0.0012856059007085763,-3.3150035960716195e-06
5.727742651423686e-08,3.3000000000000003,1.80002526237167,1.758991933241089,-0.0012473224365282677,-3.3150031413242687e-06
5.737742651423686e-08,3.3000000000000003,1.80002450727543,1.7602167974674312,-0.0012101824563009865,-3.3150035960716195e-06
5.747742651423686e-08,3.3000000000000003,1.8000237747330878,1.761405076378979,-0.001174151805450555,-3.3150031413242687e-06
5.757742651423686e-08,3.3000000000000003,1.8000230640709398,1.7625578627378764,-0.0011391973495567065,-3.3150035960716195e-06
5.767742651423686e-08,3.3000000000000003,1.800022374635487,1.7636762166666926,-0.00110528694388942,-3.3150031413242687e-06
5.7777426514236864e-08,3.3000000000000003,1.8000217057926802,1.7647611666233316,-0.0010723894038434374,-3.3150035960716195e-06
5.7877426514236865e-08,3.3000000000000003,1.8000210569274668,1.7658137103468168,-0.00104047447626431,-3.3150031413242687e-06
5.7977426514236866e-08,3.3000000000000003,1.8000204274431162,1.7668348157748313,-0.0010095128116237577,-3.3150035960716195e-06
5.807742651423687e-08,3.3000000000000003,1.800019816760763,1.7678254219338496,-0.000979475937032107,-3.3150031413242687e-06
5.817742651423687e-08,3.3000000000000003,1.800019224318796,1.7687864398026836,-0.0009503362300517819,-3.3150035960716195e-06
5.827742651423687e-08,3.3000000000000003,1.8000186495724102,1.7697187531502336,-0.000922066893297151,-3.3150031413242687e-06
5.837742651423687e-08,3.3000000000000003,1.8000180919930455,1.770623219348219,-0.0008946419297895772,-3.3150035960716195e-06
5.847742651423687e-08,3.3000000000000003,1.8000175510679537,1.7715006701596308,-0.000868036119051555,-3.3150031413242687e-06
5.857742651423687e-08,3.3000000000000003,1.8000170262996804,1.7723519125036369,-0.000842224993912262,-3.3150035960716195e-06
5.867742651423687e-08,3.3000000000000003,1.8000165172056481,1.7731777291976383,-0.0008171848180082157,-3.3150031413242687e-06
5.877742651423687e-08,3.3000000000000003,1.8000160233176783,1.773978879677162,-0.0007928925639539116,-3.3150035960716195e-06
5.8877426514236874e-08,3.3000000000000003,1.8000155441815884,1.7747561006942516,-0.0007693258921662956,-3.3150031413242687e-06
5.8977426514236875e-08,3.3000000000000003,1.8000150793567513,1.7755101069949961,-0.0007464631303202154,-3.3150035960716195e-06
5.9077426514236876e-08,3.3000000000000003,1.8000146284157106,1.7762415919768246,-0.0007242832534187036,-3.3150031413242687e-06
5.9177426514236877e-08,3.3000000000000003,1.8000141909437697,1.7769512283261657,-0.0007027658644574997,-3.3150035960716195e-06
5.927742651423688e-08,3.3000000000000003,1.8000137665386235,1.7776396686370621,-0.0006818911756681836,-3.3150031413242687e-06
5.937742651423688e-08,3.3000000000000003,1.8000133548099804,1.7783075460113082,-0.0006616399903204112,-3.3150035960716195e-06
5.947742651423688e-08,3.3000000000000003,1.8000129553792086,1.7789554746406608,-0.0006419936850687317,-3.3150031413242687e-06
5.957742651423688e-08,3.3000000000000003,1.8000125678789838,1.7795840503716591,-0.000622934192825986,-3.3150035960716195e-06
5.967742651423687e-08,3.3000000000000003,1.8000121919529546,1.7801938512535793,-0.000604443986148557,-3.3150031413242687e-06
5.977742651423687e-08,3.3000000000000003,1.8000118272554115,1.7807854380700157,-0.0005865060611178382,-3.3150035960716195e-06
5.987742651423686e-08,3.3000000000000003,1.8000114734509745,1.781359354854589,-0.000569103921703105,-3.3150031413242687e-06
5.997742651423686e-08,3.3000000000000003,1.8000111302142765,1.7819161293912478,-0.0005522215645915019,-3.3150035960716195e-06
6.000000000000001e-08,3.299999999999995,1.8000110541688883,1.782039485179156,-0.0005484812168178956,-3.31500308448085e-06
6.000013029394305e-08,3.2997850149939687,1.8000110537307303,1.7820401947228166,-0.0005484597422654996,0.0074216852123072385
6.000039088182916e-08,3.299355044981894,1.80001105285597,1.7820416137540755,-0.0005484167148095186,0.007421685644999343
6.000091205760137e-08,3.298495104957745,1.8000110511075627,1.7820444514802471,-0.0005483305536689595,0.0074216865080529715
6.00019544091458e-08,3.2967752249094473,1.8000110476093074,1.782050125587471,-0.0005481585632322233,0.007421688236547652
6.000403911223464e-08,3.293335464812852,1.8000110406163858,1.7820614684235636,-0.0005478145999248606,0.0074216916912064335
6.000820851841232e-08,3.2864559446196826,1.8000110266444356,1.7820841325993158,-0.0005471274124331791,0.007421698602740889
6.001654733076769e-08,3.2726969042333227,1.800010998753726,1.7821293751008016,-0.0005457555750829659,0.007421712423592908
6.003322495547843e-08,3.2451788234606025,1.8000109431837916,1.7822195177863087,-0.0005430223199868916,0.0074217400674569944
6.00665802048999e-08,3.190142661915162,1.8000108328807594,1.7823984424993051,-0.0005375970054613699,0.007421795353138805
6.013329070374286e-08,3.0800703388242807,1.8000106155899505,1.782750917411956,-0.0005269093626968898,0.007421905926605632
6.023329070374286e-08,2.9150703388242905,1.8000102979760357,1.7832661275424344,-0.0005112873095341778,0.007422071676046471
6.033329070374285e-08,2.7500703388242997,1.8000099898499538,1.7837659489266304,-0.0004961318695206402,0.007422237426965239
6.043329070374285e-08,2.585070338824309,1.8000096909263201,1.7842508412090636,-0.00048142910540149977,0.007422403176406078
6.053329070374284e-08,2.4200703388243188,1.8000094009319894,1.7847212503051861,-0.00046716549630990145,0.007422568927296425
6.063329070374284e-08,2.255070338824328,1.800009119598791,1.7851776088114615,-0.00045332792513541164,0.007422734676737264
6.073329070374283e-08,2.0900703388243373,1.8000088466692692,1.7856203364031802,-0.0004399036666430928,0.007422900427656032
6.083329070374282e-08,1.9250703388243469,1.8000085818913594,1.7860498402204086,-0.00042688037561655124,0.0074230661770400275
6.093329070374282e-08,1.7600703388243564,1.80000832502248,1.7864665152423944,-0.000422253769742513,0.0074232319279587955
6.103329070374281e-08,1.5950703388243659,1.800008075825634,1.786870744650803,-0.001671161878798952,0.007423397677399635
6.113329070374281e-08,1.4300703388243752,1.800007834072268,1.7872629001820912,-0.00507154719963073,0.007423563428261559
6.12332907037428e-08,1.2650703388243847,1.800007599539683,1.7876433424693716,-0.010623398797133485,0.007423729177702398
6.13332907037428e-08,1.1000703388243944,1.800007372012378,1.7880124213740483,-0.018326706062969957,0.0074238949286069555
6.143329070374279e-08,0.9350703388244037,1.8000071512810094,1.7883704763075603,-0.028181458705601056,0.007424060678047795
6.14626498882795e-08,0.8866276843388259,1.8000070877414982,1.7884735458036292,-0.029635731029654964,0.007424109341656049
6.149254185311951e-08,0.837305942352816,1.8000070236272612,1.7885775472786647,-0.02637359461393951,0.007424158886934151
6.150850602389965e-08,0.8109650605655854,1.8000069896239608,1.7886327053285656,-0.02471015891143401,0.007424185348284595
6.152835613500443e-08,0.7782123772427036,1.8000069475722078,1.7887009184711127,-0.022718290112792142,0.007424218249155956
6.156805635721398e-08,0.7127070105969393,1.8000068642236233,1.788836120422442,-0.018988868328383784,0.007424284053058727
6.16474568016331e-08,0.5816962773053893,1.8000067005013443,1.7891016998048657,-0.012547285868342759,0.007424415658711325
6.17474568016331e-08,0.4166962773053986,1.8000064998269458,1.7894272192185756,-0.00636433019689493,0.007424581409587461
6.184745680163309e-08,0.2516962773054079,1.8000063051471007,1.7897430157340521,-0.002332780451519058,0.0074247471590318526
6.194745680163308e-08,0.08669627730541762,1.8000061162815595,1.7900493797633144,-0.00045262782634530164,0.007424912909913317
6.2e-08,8.881784197001252e-15,1.8000060193228888,1.7902066598347417,-0.0003008384887213024,0.0074249999996420235
6.200000125088081e-08,0.0,1.8000060193202423,1.7902066635492344,-0.00030081840359150804,3.19519081605064e-11
6.200000375264244e-08,0.0,1.8000060193156593,1.7902066709782176,-0.00030081817833207286,-3.1951908160530114e-11
6.200000875616569e-08,0.0,1.8000060193067406,1.7902066858361658,-0.00030084753013357124,3.1951908160530114e-11
6.20000187632122e-08,0.0,1.800006019288803,1.7902067155519947,-0.00030083917851424615,-3.1951908160530114e-11
6.200003877730523e-08,0.0,1.8000060192525078,1.7902067749833825,-0.00030083365115889083,3.1951908160530114e-11
6.200007880549127e-08,0.0,1.8000060191782723,1.7902068938450766,-0.00030083190972363946,-3.1951908160530114e-11
6.200015886186336e-08,0.0,1.8000060190314244,1.790207131564138,-0.0003008237703554784,3.1951908160530114e-11
6.200031897460755e-08,0.0,1.800006018739096,1.7902076069849486,-0.00030081028609759395,-3.1951908160530114e-11
6.200063920009592e-08,0.0,1.8000060181523108,1.790208557757332,-0.00030078099139683925,3.1951908160530114e-11
6.200127965107265e-08,0.0,1.8000060169806023,1.7902104590251715,-0.00030072322528315116,-3.1951908160530114e-11
6.200256055302611e-08,0.0,1.8000060146379633,1.7902142604534113,-0.0003006080176648007,3.1951908160530114e-11
6.200512235693304e-08,0.0,1.8000060099523987,1.790221858882284,-0.0003003775911986366,-3.1951908160530114e-11
6.20102459647469e-08,0.0,1.800006000595835,1.7902370380467876,-0.0002999173620388208,3.1951908160530114e-11
6.202049318037463e-08,0.0,1.800005981923428,1.7902673257400499,-0.0002989989800540014,-3.1951908160530114e-11
6.204098761163009e-08,0.0,1.8000059447546721,1.7903276196775695,-0.00029717079009135164,3.1951908160530114e-11
6.208197647414099e-08,0.0,1.800005871103222,1.7904470904475667,-0.0002935482208931355,-3.1951908160530114e-11
6.21639541991628e-08,0.0,1.8000057265151006,1.7906816321350365,-0.00028643651548565193,3.1951908160530114e-11
6.226395419916279e-08,0.0,1.8000055549325444,1.7909599607496274,-0.00027799711540203357,-3.1951908160530114e-11
6.236395419916278e-08,0.0,1.8000053884756348,1.7912299760019998,-0.00026980979071187844,3.1951908160530114e-11
6.246395419916278e-08,0.0,1.8000052269900344,1.7914919262029205,-0.00026186701217095244,-3.1951908160530114e-11
6.256395419916277e-08,0.0,1.800005070328312,1.7917460522463908,-0.000254161475493298,3.1951908160530114e-11
6.266395419916277e-08,0.0,1.8000049183454867,1.7919925878311824,-0.0002466860945044515,-3.1951908160530114e-11
6.276395419916276e-08,0.0,1.8000047709025677,1.792231759675745,-0.00023943399473635307,3.1951908160530114e-11
6.286395419916276e-08,0.0,1.8000046278633044,1.7924637877267067,-0.00023239850701074194,-3.1951908160530114e-11
6.296395419916275e-08,0.0,1.8000044890967164,1.792688885361134,-0.00022557316138665593,3.1951908160530114e-11
6.306395419916274e-08,0.0,1.8000043544747149,1.7929072595827635,-0.00021895168114200947,-3.1951908160530114e-11
6.316395419916274e-08,0.0,1.8000042238739034,1.7931191112123626,-0.00021252797705958787,3.1951908160530114e-11
6.326395419916273e-08,0.0,1.800004097173836,1.7933246350724081,-0.00020629614177792525,-3.1951908160530114e-11
6.336395419916273e-08,0.0,1.8000039742582887,1.7935240201662488,-0.00020025044440083527,3.1951908160530114e-11
6.346395419916272e-08,0.0,1.8000038550139785,1.7937174498519175,-0.0001943853251913126,-3.1951908160530114e-11
6.356395419916272e-08,0.0,1.8000037393314565,1.7939051020107475,-0.00018869539048922603,3.1951908160530114e-11
6.366395419916271e-08,0.0,1.8000036271041604,1.7940871492109585,-0.00018317540772525755,-3.1951908160530114e-11
6.37639541991627e-08,0.0,1.8000035182290357,1.7942637588663513,-0.000177820300631014,3.1951908160530114e-11
6.38639541991627e-08,0.0,1.8000034126058302,1.7944350933902644,-0.00017262514455207553,-3.1951908160530114e-11
6.396395419916269e-08,0.0,1.8000033101375204,1.7946013103449336,-0.00016758516193510613,3.1951908160530114e-11
6.406395419916269e-08,0.0,1.8000032107297814,1.7947625625863883,-0.00016269571792074296,-3.1951908160530114e-11
6.416395419916268e-08,0.0,1.8000031142912756,1.79491899840502,-0.00015795231609285824,3.1951908160530114e-11
6.426395419916268e-08,0.0,1.8000030207332487,1.795070761661953,-0.0001533505943338452,-3.1951908160530114e-11
6.436395419916267e-08,0.0,1.8000029299697207,1.7952179919213422,-0.00014888632082135097,3.1951908160530114e-11
6.446395419916266e-08,0.0,1.8000028419171752,1.7953608245787191,-0.00014455539012958994,-3.1951908160530114e-11
6.456395419916266e-08,0.0,1.800002756494726,1.7954993909855028,-0.00014035381943575562,3.1951908160530114e-11
6.466395419916265e-08,0.0,1.8000026736235994,1.7956338185697915,-0.00013627774494636533,-3.1951908160530114e-11
6.476395419916265e-08,0.0,1.8000025932279131,1.795764230953552,-0.000132323418216069,3.1951908160530114e-11
6.486395419916264e-08,0.0,1.8000025152334085,1.7958907480663018,-0.000128487202766723,-3.1951908160530114e-11
6.496395419916264e-08,0.0,1.800002439568637,1.796013486255398,-0.00012476557075567275,3.1951908160530114e-11
6.506395419916263e-08,0.0,1.8000023661637805,1.7961325583930343,-0.00012115509969765524,-3.1951908160530114e-11
6.516395419916262e-08,0.0,1.8000022949515346,1.7962480739800384,-0.00011765246934613266,3.1951908160530114e-11
6.526395419916262e-08,0.0,1.800002225866242,1.796360139246572,-0.00011425445861564448,-3.1951908160530114e-11
6.536395419916261e-08,0.0,1.800002158844514,1.7964688572498202,-0.00011095794264025467,3.1951908160530114e-11
6.546395419916261e-08,0.0,1.8000020938245944,1.796574327968768,-0.00010775988988227775,-3.1951908160530114e-11
6.546774899248548e-08,0.0,1.8000020913961625,1.7965782674183668,-0.00010764043174695315,3.1951908160530114e-11
6.547533857913123e-08,0.0,1.800002086547131,1.7965861327344543,-0.00010740192735025896,-3.1951908160530114e-11
6.549051775242272e-08,0.0,1.8000020768830811,1.7966018091901246,-0.00010692662313613124,3.1951908160530114e-11
6.549127974519216e-08,0.0,1.8000020764004627,1.7966025942447035,-0.00010690280072922444,-3.1951908160530114e-11
6.549280373073103e-08,0.0,1.8000020754317467,1.7966041638098276,-0.00010685523793221698,3.1951908160530114e-11
6.549585170180876e-08,0.0,1.8000020734980937,1.7966073007651984,-0.00010676007640998844,-3.1951908160530114e-11
6.549600470906415e-08,0.0,1.8000020734016575,1.7966074581630198,-0.00010675584225241609,3.1951908160530114e-11
6.549631072357492e-08,0.0,1.800002073206778,1.7966077729367567,-0.0001067458321194456,-3.1951908160530114e-11
6.549692275259648e-08,0.0,1.8000020728189605,1.7966084023966147,-0.00010672662939998471,3.1951908160530114e-11
6.549695347625207e-08,0.0,1.8000020727995434,1.796608433992213,-0.00010672625344322479,-3.1951908160530114e-11
6.549701492356324e-08,0.0,1.800002072759637,1.796608497182527,-0.0001067234060918938,3.1951908160530114e-11
6.549713781818557e-08,0.0,1.8000020726817307,1.7966086235596241,-0.00010672050544521492,-3.1951908160530114e-11
6.549738360743024e-08,0.0,1.8000020725264965,1.7966088762996895,-0.00010671237626727492,3.1951908160530114e-11
6.549739594596815e-08,0.0,1.8000020725188868,1.7966088889866594,-0.00010670686930028484,-3.1951908160530114e-11
6.549742062304397e-08,0.0,1.8000020725037076,1.7966089143604567,-0.0001067098252087468,3.1951908160530114e-11
6.549746997719561e-08,0.0,1.8000020724718815,1.7966089651074828,-0.00010670921779990751,-3.1951908160530114e-11
6.549747245475738e-08,0.0,1.8000020724696735,1.7966089676549462,-0.00010668958278889107,3.1951908160530114e-11
6.549747740988091e-08,0.0,1.8000020724667458,1.7966089727498673,-0.0001067192306223821,-3.1951908160530114e-11
6.549748732012799e-08,0.0,1.800002072460758,1.7966089829396867,-0.00010671147106601294,3.1951908160530114e-11
6.549750714062214e-08,0.0,1.80000207244828,1.7966090033192343,-0.00010670712783204637,-3.1951908160530114e-11
6.549754678161043e-08,0.0,1.8000020724238381,1.7966090440779618,-0.00010670775459559866,3.1951908160530114e-11
6.549754877157467e-08,0.0,1.8000020724211476,1.7966090461240234,-0.00010665740115105108,-3.1951908160530114e-11
6.549755275150314e-08,0.0,1.8000020724191852,1.7966090502161425,-0.000106701980548875,3.1951908160530114e-11
6.54975529512942e-08,0.0,1.8000020724187278,1.7966090504215657,-0.00010665727083988869,-3.1951908160530114e-11
6.549755335087633e-08,0.0,1.8000020724190084,1.7966090508324124,-0.00010665725837689863,3.1951908160530114e-11
6.549755415004059e-08,0.0,1.8000020724189558,1.7966090516541038,-0.00010671683810195688,-3.1951908160530114e-11
6.54975557483691e-08,0.0,1.8000020724176102,1.7966090532974854,-0.00010668698595280166,3.1951908160530114e-11
6.5497555873978e-08,0.0,1.8000020724174643,1.7966090534266348,-0.0001068955982941471,-3.1951908160530114e-11
6.549755612519578e-08,0.0,1.800002072417131,1.7966090536849333,-0.00010665717188476042,3.1951908160530114e-11
6.549755662763135e-08,0.0,1.8000020724171453,1.7966090542015312,-0.00010665715621723185,-3.1951908160530114e-11
6.5497556698047e-08,0.0,1.8000020724165564,1.796609054273932,-0.00010641873544837613,3.1951908160530114e-11
6.549755683887828e-08,0.0,1.800002072417311,1.796609054418733,-0.00010689556820736443,-3.1951908160530114e-11
6.549755687615685e-08,0.0,1.8000020724163275,1.7966090544570623,-0.00010451138126391884,3.1951908160530114e-11
6.5497556950714e-08,0.0,1.8000020724156118,1.7966090545337212,-0.00010546505326271558,-3.1951908160530114e-11
6.54975570998283e-08,0.0,1.8000020724168522,1.796609054687039,-0.00010641872291667087,3.1951908160530114e-11
6.549755713818753e-08,0.0,1.336677040019977,1.7966090520336333,-1.7999999784024112e-06,-3.1951908160530114e-11
6.549755717666753e-08,0.0,1.3366644345031733,1.7966090466704747,-1.7999999784024112e-06,3.1951908160530114e-11
6.549755719750719e-08,0.0,1.3366576077672077,1.79660904376588,-1.7999999784024112e-06,-3.1951908160530114e-11
6.549755722342887e-08,0.0,1.3366491162903884,1.7966090401529011,-1.7999999784024112e-06,3.1951908160530114e-11
6.549755727527225e-08,0.0,1.3366321334966582,1.796609032926746,-1.7999999784024112e-06,-3.1951908160530114e-11
6.549755737895901e-08,0.0,1.336598168557756,1.796609018473634,-2.2768371366055362e-06,3.1951908160530114e-11
6.549755758633253e-08,0.0,1.3365302412665223,1.7966089895642083,-2.0384185575039737e-06,-3.1951908160530114e-11
6.549755800107955e-08,0.0,1.3363943970324932,1.7966089317325566,-2.0384185575039737e-06,3.1951908160530114e-11
6.549755883057361e-08,0.0,1.3361227499490569,1.7966088160180602,-2.0980232022793643e-06,-3.1951908160530114e-11
6.549756048956172e-08,0.0,1.3355796212804414,1.7966085843843518,-2.068220879891669e-06,3.1951908160530114e-11
6.549756380753794e-08,0.0,1.33449402560024,1.7966081202984858,-2.0831220410855167e-06,-3.1951908160530114e-11
6.54975704434904e-08,0.0,1.3323254781812444,1.7966071888562871,-2.0831220410855167e-06,3.1951908160530114e-11
6.54975837153953e-08,0.0,1.3279989376640027,1.7966053129165966,-2.0868473313839786e-06,-3.1951908160530114e-11
6.549761025920509e-08,0.0,1.319387902966058,1.7966015090278566,-2.0868473313839786e-06,3.1951908160530114e-11
6.549766334682467e-08,0.0,1.3023326612577242,1.796593694895113,-2.087778653958594e-06,-3.1951908160530114e-11
6.549776952206384e-08,0.0,1.2688787841620544,1.7965772544716652,-2.088244315245902e-06,3.1951908160530114e-11
6.549791654160758e-08,0.0,1.223966255990327,1.7965527448667133,-2.0887099765332096e-06,-3.1951908160530114e-11
6.549808808827168e-08,0.0,1.173562994033959,1.7965216703538551,-2.087778653958594e-06,3.1951908160530114e-11
6.549828237644917e-08,0.0,1.1189754222574764,1.7964833877335966,-2.088244315245902e-06,-3.1951908160530114e-11
6.549849571632106e-08,0.0,1.0619504438963454,1.7964377460836694,-2.0884771458895557e-06,3.1951908160530114e-11
6.549872995833337e-08,0.0,1.0026739090113341,1.7963835085204167,-2.088011484602248e-06,-3.1951908160530114e-11
6.549898224308976e-08,0.0,0.9425205976890244,1.7963205325292781,-2.088244315245902e-06,3.1951908160530114e-11
6.549925424640664e-08,0.0,0.881694705930444,1.796247654067219,-2.088244315245902e-06,-3.1951908160530114e-11
6.54995438157889e-08,0.0,0.8212405180155838,1.7961647548640012,-2.088011484602248e-06,3.1951908160530114e-11
6.549985270169725e-08,0.0,0.7613065303500701,1.7960706996475124,-2.088244315245902e-06,-3.1951908160530114e-11
6.55001793880186e-08,0.0,0.7026616515584894,1.7959653646978009,-2.088244315245902e-06,3.1951908160530114e-11
6.550052563412628e-08,0.0,0.645418392197222,1.7958476550296814,-2.088011484602248e-06,-3.1951908160530114e-11
6.550089044609027e-08,0.0,0.5901320263389465,1.7957174274029033,-2.088011484602248e-06,3.1951908160530114e-11
6.550127560356688e-08,0.0,0.5368807145424965,1.7955736190371685,-2.088011484602248e-06,-3.1951908160530114e-11
6.55016805883623e-08,0.0,0.4860490724655162,1.7954160394611582,-2.088127899924075e-06,3.1951908160530114e-11
6.550210724939165e-08,0.0,0.43767895090050185,1.7952436340364513,-2.088011484602248e-06,-3.1951908160530114e-11
6.55025555330176e-08,0.0,0.3920185093378775,1.7950561290652218,-2.088127899924075e-06,3.1951908160530114e-11
6.550302743024634e-08,0.0,0.34907236492602334,1.7948524397962384,-2.088127899924075e-06,-3.1951908160530114e-11
6.550352337544179e-08,0.0,0.3089799546499074,1.7946321625604158,-2.088127899924075e-06,3.1951908160530114e-11
6.550404560157247e-08,0.0,0.2717095546706777,1.794394127397272,-2.088127899924075e-06,-3.1951908160530114e-11
6.550459509512016e-08,0.0,0.23731465899460286,1.7941377380662515,-2.088011484602248e-06,3.1951908160530114e-11
6.550517446837252e-08,0.0,0.20572987567442888,1.7938616618952197,-2.088127899924075e-06,-3.1951908160530114e-11
6.550578537863289e-08,0.0,0.1769416392179903,1.793565022832304,-2.088011484602248e-06,3.1951908160530114e-11
6.55064310129333e-08,0.0,0.15085494357120152,1.7932462150070247,-2.088011484602248e-06,-3.1951908160530114e-11
6.550711389907898e-08,0.0,0.12740491460825296,1.7929039555425128,-2.088011484602248e-06,3.1951908160530114e-11
6.550783808937147e-08,0.0,0.10647189236045704,1.7925362025662233,-2.0880696922631614e-06,-3.1951908160530114e-11
6.550860731130654e-08,0.0,0.08795288931884619,1.7921410727808376,-2.0881861075849883e-06,3.1951908160530114e-11
6.550942693562055e-08,0.0,0.0717090290930693,1.791715837406416,-2.088244315245902e-06,-3.1951908160530114e-11
6.551030243964539e-08,0.0,0.05761030550767282,1.7912577028371108,-2.088244315245902e-06,3.1951908160530114e-11
6.551124125721144e-08,0.0,0.04550421033269527,1.7907628455501399,-2.088127899924075e-06,-3.1951908160530114e-11
6.551225156734254e-08,0.0,0.03524309764277312,1.7902270378932712,-2.0881861075849883e-06,3.1951908160530114e-11
6.551334416445411e-08,0.0,0.02666635432045216,1.7896446567743374,-2.0880696922631614e-06,-3.1951908160530114e-11
6.551453166411472e-08,0.0,0.01961672290530151,1.789009097837893,-2.0881861075849883e-06,3.1951908160530114e-11
6.551583064359934e-08,0.0,0.01393090123902538,1.7883116298743043,-2.0881861075849883e-06,-3.1951908160530114e-11
6.55172615467805e-08,0.0,0.009449106127778032,1.7875414412367456,-2.0881861075849883e-06,3.1951908160530114e-11
6.551885165695953e-08,0.0,0.0060107960228437595,1.786684042846352,-2.0881570037545316e-06,-3.1951908160530114e-11
6.552063652142383e-08,0.0,0.0034603525326153215,1.7857205044808722,-2.0881570037545316e-06,3.1951908160530114e-11
6.552266528960195e-08,0.0,0.0016459200956768414,1.784624588864677,-2.0881570037545316e-06,-3.1951908160530114e-11
6.552500628141579e-08,0.0,0.00042318895203262094,1.7833597739528722,-2.0881861075849883e-06,3.1951908160530114e-11
6.552775981057252e-08,0.0,-0.00034368322247363653,1.7818723873187445,-2.08817155566976e-06,-3.1951908160530114e-11
6.553107841210581e-08,0.0,-0.0007787430151296714,1.7800808072856327,-2.0881861075849883e-06,3.1951908160530114e-11
6.553520868205398e-08,0.0,-0.0009914069836335694,1.7778531498768169,-2.0882006595002167e-06,-3.1951908160530114e-11
6.554057752530031e-08,0.0,-0.0010726041573183398,1.7749613944640736,-2.0881861075849883e-06,3.1951908160530114e-11
6.554800274859666e-08,0.0,-0.0010907414517223584,1.7709696682128555,-2.088178831627374e-06,-3.1951908160530114e-11
6.555927480154544e-08,0.0,-0.0010882102466728246,1.7649270354667623,-2.08817155566976e-06,3.1951908160530114e-11
6.557920248098873e-08,0.0,-0.0010814223794886747,1.754294738626235,-2.0882006595002167e-06,-3.1951908160530114e-11
6.561905783987533e-08,0.0,-0.0010685454819046353,1.733221722275802,-2.088191564553199e-06,3.1951908160530114e-11
6.569876855764851e-08,0.0,-0.0010429461861566976,1.6918305580048487,-2.0881924740479008e-06,-3.1951908160530114e-11
6.57987685576485e-08,0.0,-0.001011861814999948,1.6412974845121497,-2.0881933835426025e-06,3.1951908160530114e-11
6.58987685576485e-08,0.0,-0.0009815815419529504,1.5922737768646684,-2.0881933835426025e-06,-3.1951908160530114e-11
6.59987685576485e-08,0.0,-0.0009523112837652432,1.5447143522892204,-2.0881933835426025e-06,3.1951908160530114e-11
6.609876855764849e-08,0.0,-0.0009238256618259266,1.4985754740575188,-2.0881933835426025e-06,-3.1951908160530114e-11
6.619876855764848e-08,0.0,-0.000896266970699592,1.4538147122553169,-2.0881933835426025e-06,3.1951908160530114e-11
6.629876855764848e-08,0.0,-0.0008694668211653444,1.410390903922444,-2.0881933835426025e-06,-3.1951908160530114e-11
6.639876855764847e-08,0.0,-0.0008435220109630241,1.3682641159123394,-2.0881933835426025e-06,3.1951908160530114e-11
6.649876855764847e-08,0.0,-0.000818305577038597,1.3273956075628965,-2.0881933835426025e-06,-3.1951908160530114e-11
6.659876855764846e-08,0.0,-0.0007938818633965681,1.2877477955842962,-2.0881933835426025e-06,3.1951908160530114e-11
6.669876855764845e-08,0.0,-0.0007701540949981071,1.2492842190600129,-2.0881933835426025e-06,-3.1951908160530114e-11
6.679876855764845e-08,0.0,-0.0007471635432779941,1.2119695062875016,-2.0881933835426025e-06,3.1951908160530114e-11
6.689876855764844e-08,0.0,-0.000724835501673236,1.175769341934965,-2.0881933835426025e-06,-3.1951908160530114e-11
6.699876855764844e-08,0.0,-0.0007031949119674511,1.1406504357516283,-2.0881933835426025e-06,3.1951908160530114e-11
6.709876855764843e-08,0.0,-0.0006821832654903535,1.1065804917265432,-2.0881933835426025e-06,-3.1951908160530114e-11
6.719876855764843e-08,0.0,-0.0006618140168175913,1.0735281785812387,-2.0881933835426025e-06,3.1951908160530114e-11
6.729876855764842e-08,0.0,-0.0006420406066508597,1.0414631007933888,-2.0881933835426025e-06,-3.1951908160530114e-11
6.739876855764841e-08,0.0,-0.0006228684760268299,1.010355770783397,-2.0881933835426025e-06,3.1951908160530114e-11
6.749876855764841e-08,0.0,-0.0006042599366497698,0.9801775816792259,-2.0881933835426025e-06,-3.1951908160530114e-11
6.75987685576484e-08,0.0,-0.0005862149040879553,0.9509007811090889,-2.0881933835426025e-06,3.1951908160530114e-11
6.76987685576484e-08,0.0,-0.0005687023270440086,0.9224984455949201,-2.0881933835426025e-06,-3.1951908160530114e-11
6.779876855764839e-08,0.0,-0.0005517183742156948,0.8949444558652024,-2.0881933835426025e-06,3.1951908160530114e-11
6.789876855764839e-08,0.0,-0.0005352370067906875,0.8682134727739876,-2.0881933835426025e-06,-3.1951908160530114e-11
6.799876855764838e-08,0.0,-0.0005192519146919628,0.8422809140505632,-2.0881933835426025e-06,3.1951908160530114e-11
6.809876855764837e-08,0.0,-0.0005037408872258312,0.8171229316490253,-2.0881933835426025e-06,-3.1951908160530114e-11
6.819876855764837e-08,0.0,-0.0004886960364953868,0.7927163898546706,-2.0881933835426025e-06,3.1951908160530114e-11
6.829876855764836e-08,0.0,-0.0004740981135981005,0.7690388439761718,-2.0881933835426025e-06,-3.1951908160530114e-11
6.839876855764836e-08,0.0,-0.00045993828991448956,0.7460685197320547,-2.0881933835426025e-06,3.1951908160530114e-11
6.849876855764835e-08,0.0,-0.0004461996419854452,0.7237842932037561,-2.0881933835426025e-06,-3.1951908160530114e-11
6.859876855764835e-08,0.0,-0.000432872848107422,0.7021656714291651,-2.0881933835426025e-06,3.1951908160530114e-11
6.869876855764834e-08,0.0,-0.00041994284038210296,0.6811927735404067,-2.0881933835426025e-06,-3.1951908160530114e-11
6.879876855764833e-08,0.0,-0.00040740011578400373,0.6608463124950787,-2.0881933835426025e-06,3.1951908160530114e-11
6.889876855764833e-08,0.0,-0.0003952311127367172,0.6411075773276358,-2.0881933835426025e-06,-3.1951908160530114e-11
6.899876855764832e-08,0.0,-0.00038342636135916646,0.6219584159525708,-2.0881933835426025e-06,3.1951908160530114e-11
6.909876855764832e-08,0.0,-0.0003719735447366146,0.6033812184628509,-2.0881933835426025e-06,-3.1951908160530114e-11
6.919876855764831e-08,0.0,-0.00036086337107318504,0.5853589009428284,-2.0881933835426025e-06,3.1951908160530114e-11
6.92987685576483e-08,0.0,-0.00035008457016448937,0.5678748897513823,-2.0881933835426025e-06,-3.1951908160530114e-11
6.93987685576483e-08,0.0,-0.0003396281236958909,0.5509131062857612,-2.0881933835426025e-06,3.1951908160530114e-11
6.94987685576483e-08,0.0,-0.0003294836566924105,0.5344579521909567,-2.0881933835426025e-06,-3.1951908160530114e-11
6.959876855764829e-08,0.0,-0.0003196424845397602,0.5184942950189697,-2.0881933835426025e-06,3.1951908160530114e-11
6.969876855764828e-08,0.0,-0.0003100950100242015,0.5030074543095294,-2.0881933835426025e-06,-3.1951908160530114e-11
6.979876855764828e-08,0.0,-0.00030083291759877974,0.48798318809241475,-2.0881933835426025e-06,3.1951908160530114e-11
6.989876855764827e-08,0.0,-0.0002918472953458396,0.47340767978797044,-2.0881933835426025e-06,-3.1951908160530114e-11
6.999876855764827e-08,0.0,-0.00028313021471329004,0.45926752550310485,-2.0881933835426025e-06,3.1951908160530114e-11
7.009876855764826e-08,0.0,-0.0002746733750942368,0.4455497217031644,-2.0881933835426025e-06,-3.1951908160530114e-11
7.019876855764825e-08,0.0,-0.00026646924073417194,0.43224165325507263,-2.0881933835426025e-06,3.1951908160530114e-11
7.029876855764825e-08,0.0,-0.0002585100621038924,0.4193310818250282,-2.0881933835426025e-06,-3.1951908160530114e-11
7.039876855764824e-08,0.0,-0.00025078869372837466,0.40680613462494053,-2.0881933835426025e-06,3.1951908160530114e-11
7.049876855764824e-08,0.0,-0.00024329788724177643,0.3946552934931369,-2.0881933835426025e-06,-3.1951908160530114e-11
7.059876855764823e-08,0.0,-0.0002360308793275927,0.38286738430279615,-2.0881933835426025e-06,3.1951908160530114e-11
7.069876855764823e-08,0.0,-0.00022898088068842095,0.3714315666853991,-2.0881933835426025e-06,-3.1951908160530114e-11
7.079876855764822e-08,0.0,-0.00022214149837840723,0.36033732406226693,-2.0881933835426025e-06,3.1951908160530114e-11
7.089876855764821e-08,0.0,-0.00021550636606998435,0.34957445397287923,-2.0881933835426025e-06,-3.1951908160530114e-11
7.099876855764821e-08,0.0,-0.00020906944710567606,0.33913305869289534,-2.0881933835426025e-06,3.1951908160530114e-11
7.10987685576482e-08,0.0,-0.00020282476669015043,0.32900353613170763,-2.0881933835426025e-06,-3.1951908160530114e-11
7.11987685576482e-08,0.0,-0.00019676662904725354,0.31917657100246666,-2.0881933835426025e-06,3.1951908160530114e-11
7.129876855764819e-08,0.0,-0.0001908894231544295,0.30964312625534535,-2.0881933835426025e-06,-3.1951908160530114e-11
7.139876855764819e-08,0.0,-0.00018518777806425545,0.3003944347671079,-2.0881933835426025e-06,3.1951908160530114e-11
7.149876855764818e-08,0.0,-0.00017965642171886856,0.2914219912785408,-2.0881933835426025e-06,-3.1951908160530114e-11
7.159876855764817e-08,0.0,-0.00017429029177276777,0.28271754457300985,-2.0881933835426025e-06,3.1951908160530114e-11
7.169876855764817e-08,0.0,-0.0001690844327344279,0.2742730898883751,-2.0881933835426025e-06,-3.1951908160530114e-11
7.179876855764816e-08,0.0,-0.00016403407478191774,0.26608086155577415,-2.0881933835426025e-06,3.1951908160530114e-11
7.189876855764816e-08,0.0,-0.00015913455859432472,0.2581333258580887,-2.0881933835426025e-06,-3.1951908160530114e-11
7.199876855764815e-08,0.0,-0.00015438139115985975,0.25042317410188075,-2.0881933835426025e-06,3.1951908160530114e-11
7.209876855764815e-08,0.0,-0.00014977019062617774,0.2429433158961263,-2.0881933835426025e-06,-3.1951908160530114e-11
7.219876855764814e-08,0.0,-0.0001452967255839607,0.23568687263182095,-2.0881933835426025e-06,3.1951908160530114e-11
7.229876855764813e-08,0.0,-0.00014095687440350812,0.22864717115624442,-2.0881933835426025e-06,-3.1951908160530114e-11
7.239876855764813e-08,0.0,-0.00013674665266330668,0.22181773763625107,-2.0881933835426025e-06,3.1951908160530114e-11
7.249876855764812e-08,0.0,-0.00013266218298156696,0.21519229160478626,-2.0881933835426025e-06,-3.1951908160530114e-11
7.259876855764812e-08,0.0,-0.0001286997139522605,0.2087647401852862,-2.0881933835426025e-06,3.1951908160530114e-11
7.269876855764811e-08,0.0,-0.00012485559759162578,0.20252917248853824,-2.0881933835426025e-06,-3.1951908160530114e-11
7.27987685576481e-08,0.0,-0.0001211263022021157,0.1964798541769432,-2.0881933835426025e-06,3.1951908160530114e-11
7.28987685576481e-08,0.0,-0.00011750839535517799,0.19061122219110077,-2.0881933835426025e-06,-3.1951908160530114e-11
7.29987685576481e-08,0.0,-0.00011399855242468566,0.18491787963393694,-2.0881933835426025e-06,3.1951908160530114e-11
7.309876855764809e-08,0.0,-0.00011059354360504426,0.17939459080761005,-2.0881933835426025e-06,-3.1951908160530114e-11
7.319876855764808e-08,0.0,-0.00010729023936672671,0.17403627639868183,-2.0881933835426025e-06,3.1951908160530114e-11
7.329876855764808e-08,0.0,-0.00010408560042496324,0.16883800880708252,-2.0881933835426025e-06,-3.1951908160530114e-11
7.339876855764807e-08,0.0,-0.00010097668101789642,0.1637950076146108,-2.0881933835426025e-06,3.1951908160530114e-11
7.349876855764807e-08,0.0,-9.796062104156895e-05,0.15890263518877085,-2.0881933835426025e-06,-3.1951908160530114e-11
7.359876855764806e-08,0.0,-9.503464779711819e-05,0.1541563924179294,-2.0881933835426025e-06,3.1951908160530114e-11
7.369876855764805e-08,0.0,-9.219606972465371e-05,0.14955191457384912,-2.0881933835426025e-06,-3.1951908160530114e-11
7.379876855764805e-08,0.0,-8.944227708305667e-05,0.14508496729781176,-2.0881933835426025e-06,3.1951908160530114e-11
7.389876855764804e-08,0.0,-8.677073687155566e-05,0.14075144270662407,-2.0881933835426025e-06,-3.1951908160530114e-11
7.399876855764804e-08,0.0,-8.417899277422727e-05,0.1365473556149391,-2.0881933835426025e-06,3.1951908160530114e-11
7.409876855764803e-08,0.0,-8.166466097068274e-05,0.13246883987040745,-2.0881933835426025e-06,-3.1951908160530114e-11
7.419876855764803e-08,0.0,-7.922542958273267e-05,0.1285121447982975,-2.0881933835426025e-06,3.1951908160530114e-11
7.429876855764802e-08,0.0,-7.685905515702026e-05,0.12467363175230749,-2.0881933835426025e-06,-3.1951908160530114e-11
7.439876855764801e-08,0.0,-7.456336178306546e-05,0.1209497707684037,-2.0881933835426025e-06,3.1951908160530114e-11
7.449876855764801e-08,0.0,-7.233623808949522e-05,0.11733713731860251,-2.0881933835426025e-06,-3.1951908160530114e-11
7.4598768557648e-08,0.0,-7.017563615373296e-05,0.11383240916171523,-2.0881933835426025e-06,3.1951908160530114e-11
7.4698768557648e-08,0.0,-6.807956889587204e-05,0.11043236328815584,-2.0881933835426025e-06,-3.1951908160530114e-11
7.479876855764799e-08,0.0,-6.604610886505152e-05,0.10713387295600549,-2.0881933835426025e-06,3.1951908160530114e-11
7.489876855764799e-08,0.0,-6.407338594580894e-05,0.10393390481560516,-2.0881933835426025e-06,-3.1951908160530114e-11
7.499876855764798e-08,0.0,-6.215958608079899e-05,0.10082951612003448,-2.0881933835426025e-06,3.1951908160530114e-11
7.509876855764797e-08,0.0,-6.0302949226828914e-05,0.09781785201890945,-2.0881933835426025e-06,-3.1951908160530114e-11
7.519876855764797e-08,0.0,-5.850176805527223e-05,0.09489614293301242,-2.0881933835426025e-06,3.1951908160530114e-11
7.529876855764796e-08,0.0,-5.675438611119748e-05,0.09206170200733793,-2.0881933835426025e-06,-3.1951908160530114e-11
7.539876855764796e-08,0.0,-5.505919651993172e-05,0.08931192264021397,-2.0881933835426025e-06,3.1951908160530114e-11
7.549876855764795e-08,0.0,-5.3414640314197715e-05,0.08664427608622498,-2.0881933835426025e-06,-3.1951908160530114e-11
7.559876855764795e-08,0.0,-5.181920516615408e-05,0.08405630913073349,-2.0881933835426025e-06,3.1951908160530114e-11
7.569876855764794e-08,0.0,-5.027142385594494e-05,0.08154564183386054,-2.0881933835426025e-06,-3.1951908160530114e-11
7.579876855764793e-08,0.0,-4.876987304186961e-05,0.07910996534185132,-2.0881933835426025e-06,3.1951908160530114e-11
7.589876855764793e-08,0.0,-4.731317185003794e-05,0.07674703976381264,-2.0881933835426025e-06,-3.1951908160530114e-11
7.599876855764792e-08,0.0,-4.5899980690599605e-05,0.07445469211186989,-2.0881933835426025e-06,3.1951908160530114e-11
7.609876855764792e-08,0.0,-4.452899995271464e-05,0.07223081430284926,-2.0881933835426025e-06,-3.1951908160530114e-11
7.619876855764791e-08,0.0,-4.3198968871510577e-05,0.07007336121964745,-2.0881933835426025e-06,3.1951908160530114e-11
7.62987685576479e-08,0.0,-4.190866431590873e-05,0.06798034883050594,-2.0881933835426025e-06,-3.1951908160530114e-11
7.63987685576479e-08,0.0,-4.065689970862598e-05,0.06594985236446065,-2.0881933835426025e-06,3.1951908160530114e-11
7.64987685576479e-08,0.0,-3.9442523896906034e-05,0.06398000454128862,-2.0881933835426025e-06,-3.1951908160530114e-11
7.659876855764789e-08,0.0,-3.826442012624258e-05,0.062068993854324454,-2.0881933835426025e-06,3.1951908160530114e-11
7.669876855764788e-08,0.0,-3.712150498591001e-05,0.06021506290456684,-2.0881933835426025e-06,-3.1951908160530114e-11
7.679876855764788e-08,0.0,-3.601272743599425e-05,0.05841650678454364,-2.0881933835426025e-06,3.1951908160530114e-11
7.689876855764787e-08,0.0,-3.493706782099778e-05,0.05667167151044897,-2.0881933835426025e-06,-3.1951908160530114e-11
7.699876855764787e-08,0.0,-3.389353694898913e-05,0.054978952501110644,-2.0881933835426025e-06,3.1951908160530114e-11
7.709876855764786e-08,0.0,-3.288117516763561e-05,0.05333679310238918,-2.0881933835426025e-06,-3.1951908160530114e-11
7.719876855764785e-08,0.0,-3.189905149381163e-05,0.05174368315565127,-2.0881933835426025e-06,3.1951908160530114e-11
7.729876855764785e-08,0.0,-3.094626274716242e-05,0.05019815760900137,-2.0881933835426025e-06,-3.1951908160530114e-11
7.739876855764784e-08,0.0,-3.0021932728259818e-05,0.048698795169994244,-2.0881933835426025e-06,3.1951908160530114e-11
7.749876855764784e-08,0.0,-2.9125211405418395e-05,0.04724421699858944,-2.0881933835426025e-06,-3.1951908160530114e-11
7.759876855764783e-08,0.0,-2.8255274139275523e-05,0.04583308543914581,-2.0881933835426025e-06,3.1951908160530114e-11
7.769876855764783e-08,0.0,-2.741132091912324e-05,0.04446410279028986,-2.0881933835426025e-06,-3.1951908160530114e-11
7.779876855764782e-08,0.0,-2.6592575631695415e-05,0.043136010111526735,-2.0881933835426025e-06,3.1951908160530114e-11
7.789876855764781e-08,0.0,-2.5798285343645135e-05,0.04184758606549646,-2.0881933835426025e-06,-3.1951908160530114e-11
7.799876855764781e-08,0.0,-2.5027719612342184e-05,0.040597645794810656,-2.0881933835426025e-06,3.1951908160530114e-11
7.80987685576478e-08,0.0,-2.4280169811429713e-05,0.03938503983243686,-2.0881933835426025e-06,-3.1951908160530114e-11
7.81987685576478e-08,0.0,-2.3554948481467952e-05,0.03820865304462841,-2.0881933835426025e-06,3.1951908160530114e-11
7.829876855764779e-08,0.0,-2.285138869576126e-05,0.03706740360542792,-2.0881933835426025e-06,-3.1951908160530114e-11
7.839876855764779e-08,0.0,-2.2168843448728322e-05,0.03596024200180106,-2.0881933835426025e-06,3.1951908160530114e-11
7.849876855764778e-08,0.0,-2.15066850594653e-05,0.034886150068485985,-2.0881933835426025e-06,-3.1951908160530114e-11
7.859876855764777e-08,0.0,-2.0864304595736914e-05,0.033844140051670656,-2.0881933835426025e-06,3.1951908160530114e-11
7.869876855764777e-08,0.0,-2.0241111312975078e-05,0.032833253700637076,-2.0881933835426025e-06,-3.1951908160530114e-11
7.879876855764776e-08,0.0,-1.9636532111860247e-05,0.031852561386537095,-2.0881933835426025e-06,3.1951908160530114e-11
7.889876855764776e-08,0.0,-1.905001101059558e-05,0.03090116124748939,-2.0881933835426025e-06,-3.1951908160530114e-11
7.899876855764775e-08,0.0,-1.8481008634187496e-05,0.029978178359211433,-2.0881933835426025e-06,3.1951908160530114e-11
7.909876855764775e-08,0.0,-1.792900171796065e-05,0.029082763930423756,-2.0881933835426025e-06,-3.1951908160530114e-11
7.919876855764774e-08,0.0,-1.7393482626734456e-05,0.028214094522286567,-2.0881933835426025e-06,3.1951908160530114e-11
7.929876855764773e-08,0.0,-1.6873958887678175e-05,0.02737137129115094,-2.0881933835426025e-06,-3.1951908160530114e-11
7.939876855764773e-08,0.0,-1.636995273769201e-05,0.026553819253928156,-2.0881933835426025e-06,3.1951908160530114e-11
7.949876855764772e-08,0.0,-1.5881000683816277e-05,0.025760686575401627,-2.0881933835426025e-06,-3.1951908160530114e-11
7.959876855764772e-08,0.0,-1.540665307719145e-05,0.024991243876826042,-2.0881933835426025e-06,3.1951908160530114e-11
7.969876855764771e-08,0.0,-1.4946473699395758e-05,0.024244783565177855,-2.0881933835426025e-06,-3.1951908160530114e-11
7.97987685576477e-08,0.0,-1.4500039361410012e-05,0.023520619182440295,-2.0881933835426025e-06,3.1951908160530114e-11
7.98987685576477e-08,0.0,-1.4066939514356531e-05,0.022818084774324537,-2.0881933835426025e-06,-3.1951908160530114e-11
7.99987685576477e-08,0.0,-1.3646775872022477e-05,0.022136534277846405,-2.0881933835426025e-06,3.1951908160530114e-11
8e-08,0.0,-1.3641681193509307e-05,0.02212827016283631,-2.0881861075849883e-06,-3.1951908160530114e-11
8.000000007388753e-08,1.219144261862008e-07,-1.3641680698669874e-05,0.022128269667075318,-2.2768371366055362e-06,-0.007424999475414464
8.000000022166261e-08,3.6574330039617054e-07,-1.3641680317125672e-05,0.022128268675553356,-2.2768371366055362e-06,-0.007425000805640908
8.000000051721276e-08,8.5340104881611e-07,-1.3641679099427639e-05,0.022128266692509557,-2.0384185575039737e-06,-0.0074249994761492735
8.000000110831305e-08,1.8287165238184209e-06,-1.3641676578792122e-05,0.022128262726422505,-2.0384185575039737e-06,-0.007425000474615158
8.000000229051362e-08,3.779347473823043e-06,-1.3641671722205582e-05,0.022128254794250526,-2.0980232022793643e-06,-0.007424999479088527
8.000000465491479e-08,7.680609395669854e-06,-1.3641661937997176e-05,0.02212823892991509,-2.068220879891669e-06,-0.007425000563617496
8.00000093837171e-08,1.548313321752591e-05,-1.3641642376673295e-05,0.02212820720127835,-2.0980232022793643e-06,-0.007424999449283611
8.000001884132174e-08,3.108818086123802e-05,-1.3641603259311639e-05,0.02212814374414135,-2.0831220410855167e-06,-0.007425000587131497
8.000003775653101e-08,6.22982761704998e-05,-1.3641525018207585e-05,0.022128016830413284,-2.0868473313839786e-06,-0.00742499950670209
8.000007558694957e-08,0.00012471846678902338,-1.3641368539777492e-05,0.022127763005140848,-2.0887099765332096e-06,-0.007425000681187493
8.000015124778668e-08,0.0002495588480260705,-1.3641055587596494e-05,0.022127255363330652,-2.087778653958594e-06,-0.007424999694814079
8.000030256946091e-08,0.0004992396105001648,-1.3640429705170214e-05,0.022126240114647904,-2.0887099765332096e-06,-0.007425001057411486
8.000060521280936e-08,0.0009986011354483533,-1.3639178026342658e-05,0.02212420975702495,-2.088244315245902e-06,-0.007425000447262076
8.000121049950627e-08,0.0019973241853447304,-1.3636675012779236e-05,0.022120149600685052,-2.088127899924075e-06,-0.0074250025623074645
8.000242107290008e-08,0.003994770285137485,-1.3631670363714414e-05,0.02211203152311655,-2.0881861075849883e-06,-0.007425003457053936
8.000484221968771e-08,0.007989662484722994,-1.3621666574753558e-05,0.02209580430432403,-2.0881570037545316e-06,-0.0074250085818909906
8.000968451326295e-08,0.015979446883872175,-1.3601681012935667e-05,0.022063385579338735,-2.0881861075849883e-06,-0.007425015496180132
8.001936910041345e-08,0.03195901568219237,-1.3561797792647114e-05,0.021998690717973432,-3.6395205711414746e-06,-0.0074250326602429695
8.003873827471445e-08,0.06391815327883277,-1.3482381678440319e-05,0.021869869262213463,-5.981443422342636e-05,-0.007425063652839903
8.007747662331643e-08,0.12783642847211357,-1.3324940528188998e-05,0.02161448282866489,-0.0004142706235938931,-0.007425128973558515
8.01549533205204e-08,0.2556729788586533,-1.3015541789846405e-05,0.021112604887608268,-0.002091608719837268,-0.0074252562794683286
8.025495332052039e-08,0.42067297885864385,-1.2626782213552376e-05,0.020481995154784088,-0.00616542737969894,-0.007425423141476983
8.035495332052039e-08,0.5856729788586343,-1.2249634448007649e-05,0.019870221024541862,-0.01239035715067871,-0.007425587779792409
8.045495332052038e-08,0.750672978858625,-1.1883751661515289e-05,0.019276719898643463,-0.020766398032748157,-0.007425754641815274
8.046281514368021e-08,0.7636449870723516,-1.1855456432398283e-05,0.019230822001946764,-0.021516113638028855,-0.007425766560956504
8.047853878999988e-08,0.789589003499805,-1.1799067846776557e-05,0.01913935366757941,-0.023055431835757645,-0.00742579373478236
8.050998608263921e-08,0.8414770363546897,-1.1687093376487024e-05,0.018957719065892113,-0.0262936158999878,-0.0074258447468622535
8.051410386281956e-08,0.8482713736522639,-1.1672510192879659e-05,0.018934063577819214,-0.026733382516653137,-0.007425852683908829
8.052233942318026e-08,0.8618600482474339,-1.1643398382406501e-05,0.018886841098587164,-0.027623858102572285,-0.007425865222558059
8.053881054390168e-08,0.8890373974377739,-1.1585392309036292e-05,0.01879274902557441,-0.02944857869570683,-0.0074258936352578075
8.054178703802932e-08,0.8939486127483753,-1.157494093114215e-05,0.01877579576958007,-0.029784549614191747,-0.007425897456982966
8.054376061875929e-08,0.8972050209528223,-1.156801628690359e-05,0.018764563253874125,-0.030008367787019097,-0.007425901840036886
8.05449285707283e-08,0.8991321417016916,-1.1563920279877485e-05,0.018757919091127503,-0.030141216420588535,-0.007425902664166983
8.054584491279444e-08,0.9006441061108286,-1.1560707684063481e-05,0.01875270791604822,-0.03015644341539314,-0.0074259052947667215
8.054681608942454e-08,0.9022465475504959,-1.1557303818355756e-05,0.01874718648078431,-0.030046043263723732,-0.007425905792715071
8.054743274049544e-08,0.90326402181747,-1.1555143045409848e-05,0.018743681475301158,-0.029975888964543174,-0.007425907926617015
8.054831770042044e-08,0.904724205693719,-1.1552042812063814e-05,0.018738652564323274,-0.02987558349005326,-0.007425908281533111
8.055008762027044e-08,0.9076445734462171,-1.1545844840515626e-05,0.018728598789579904,-0.029675352608478534,-0.007425912327065021
8.055362745997045e-08,0.9134853089512349,-1.1533458870766715e-05,0.018708507418088566,-0.029276743932825866,-0.007425917082528599
8.056070713937047e-08,0.9251667799612707,-1.1508726771589408e-05,0.0186683893003581,-0.028487612835533582,-0.00742592992894231
8.05748664981705e-08,0.9485297219813202,-1.1459421507768071e-05,0.01858841087374316,-0.026941696006389293,-0.007425952286240545
8.060318521577056e-08,0.9952556060214196,-1.1361443321001284e-05,0.018429479745225734,-0.02397924350981384,-0.007426000336423044
8.065982265097068e-08,1.0887073741016184,-1.1167989393375642e-05,0.018115676723909915,-0.018571863451768422,-0.007426093101216225
8.075982265097067e-08,1.2537073741016087,-1.083441412661725e-05,0.017574581860457083,-0.01070922569067534,-0.0074262599632106685
8.085982265097067e-08,1.4187073741015994,-1.0510802377416807e-05,0.017049648891241883,-0.004997699039762438,-0.007426424601533199
8.095982265097066e-08,1.5837073741015901,-1.01968565467558e-05,0.016540395078683556,-0.0014372834999676343,-0.007426591463541854
8.105982265097066e-08,1.7487073741015804,-9.892287924506654e-06,0.016046352104029254,-2.7979071290928914e-05,-0.007426756101892806
8.115982265097065e-08,1.9137073741015713,-9.596816424035481e-06,0.0155670656366799,-2.0881933835426025e-06,-0.007426922963901461
8.125982265097065e-08,2.0787073741015614,-9.310170324540564e-06,0.015102094916379781,-2.0881933835426025e-06,-0.007427087602223992
8.135982265097064e-08,2.243707374101552,-9.032086021249837e-06,0.014651012347885673,-2.0881933835426025e-06,-0.007427254464204225
8.145982265097063e-08,2.408707374101543,-8.762307782936651e-06,0.014213403107742759,-2.0881933835426025e-06,-0.0074274191025267555
8.155982265097063e-08,2.5737073741015335,-8.500587516807938e-06,0.013788864762805669,-2.0881933835426025e-06,-0.00742758596453541
8.165982265097062e-08,2.738707374101524,-8.246684540296018e-06,0.013377006900153903,-2.0881933835426025e-06,-0.007427750602914784
8.175982265097062e-08,2.9037073741015145,-8.000365359774681e-06,0.012977450768061255,-2.0881933835426025e-06,-0.0074279174648950175
8.185982265097061e-08,3.0687073741015047,-7.761403455787407e-06,0.012589828927689051,-2.0881933835426025e-06,-0.007428082103160705
8.19598226509706e-08,3.2337073741014954,-7.529579074778714e-06,0.012213784915182957,-2.0881933835426025e-06,-0.007428248965197781
8.2e-08,3.3000000000000003,-7.4384056380638935e-06,0.012065891821167282,-2.0881933835426025e-06,-0.007428314447395223
8.200020070939612e-08,3.3000000000000003,-7.437952975218336e-06,0.01206515755348435,-2.088127899924075e-06,-3.3150033118545252e-06
8.200060212818836e-08,3.3000000000000003,-7.437047704637585e-06,0.012063689107485943,-2.088127899924075e-06,-3.3150033118545252e-06
8.200140496577282e-08,3.3000000000000003,-7.4352374939872134e-06,0.012060752751628611,-2.0881861075849883e-06,-3.315003368697944e-06
8.200301064094176e-08,3.3000000000000003,-7.4316183943390204e-06,0.012054882183819459,-2.0881570037545316e-06,-3.3150033118545252e-06
8.200622199127965e-08,3.3000000000000003,-7.424385478571568e-06,0.01204314961860672,-2.0881861075849883e-06,-3.315003368697944e-06
8.201264469195542e-08,3.3000000000000003,-7.409940755340447e-06,0.012019718728117555,-2.088178831627374e-06,-3.3150033118545252e-06
8.202549009330694e-08,3.3000000000000003,-7.38113553695415e-06,0.011972993574125818,-2.088204297479024e-06,-3.3150033118545252e-06
8.205118089601e-08,3.3000000000000003,-7.3238603785714384e-06,0.01188008712363867,-2.0881933835426025e-06,-3.3150033118545252e-06
8.210256250141611e-08,3.3000000000000003,-7.210638217351721e-06,0.01169642863343374,-2.0881933835426025e-06,-3.315003368697944e-06
8.22025625014161e-08,3.3000000000000003,-6.99526457378964e-06,0.011347069481647792,-2.0881933835426025e-06,-3.315003368697944e-06
8.23025625014161e-08,3.3000000000000003,-6.78632389842537e-06,0.011008145294307978,-2.0881933835426025e-06,-3.315003368697944e-06
8.24025625014161e-08,3.3000000000000003,-6.583624045744419e-06,0.010679344390777232,-2.0881933835426025e-06,-3.315003368697944e-06
8.250256250141609e-08,3.3000000000000003,-6.3869786093984306e-06,0.010360364399968132,-2.0881933835426025e-06,-3.315003368697944e-06
8.260256250141608e-08,3.3000000000000003,-6.196206750793272e-06,0.01005091198227714,-2.0881933835426025e-06,-3.315003368697944e-06
8.270256250141608e-08,3.3000000000000003,-6.01113303277278e-06,0.00975070255982434,-2.0881933835426025e-06,-3.315003368697944e-06
8.280256250141607e-08,3.3000000000000003,-5.831587258295449e-06,0.009459460054750617,-2.0881933835426025e-06,-3.315003368697944e-06
8.290256250141607e-08,3.3000000000000003,-5.6574043139142655e-06,0.009176916635331612,-2.0881933835426025e-06,-3.315003368697944e-06
8.300256250141606e-08,3.3000000000000003,-5.488424017931147e-06,0.00890281246967497,-2.0881933835426025e-06,-3.315003368697944e-06
8.310256250141605e-08,3.3000000000000003,-5.324490973098488e-06,0.00863689548677436,-2.0881933835426025e-06,-3.315003368697944e-06
8.320256250141605e-08,3.3000000000000003,-5.165454423708236e-06,0.008378921144700548,-2.0881933835426025e-06,-3.315003368697944e-06
8.330256250141604e-08,3.3000000000000003,-5.0111681169549e-06,0.008128652205716343,-2.0881933835426025e-06,-3.315003368697944e-06
8.340256250141604e-08,3.3000000000000003,-4.861490168440445e-06,0.00788585851810861,-2.0881933835426025e-06,-3.315003368697944e-06
8.350256250141603e-08,3.3000000000000003,-4.716282931694353e-06,0.00765031680453671,-2.0881933835426025e-06,-3.315003368697944e-06
8.360256250141603e-08,3.3000000000000003,-4.57541287158951e-06,0.00742181045670273,-2.0881933835426025e-06,-3.315003368697944e-06
8.370256250141602e-08,3.3000000000000003,-4.438750441545358e-06,0.007200129336154695,-2.0881933835426025e-06,-3.315003368697944e-06
8.380256250141601e-08,3.3000000000000003,-4.306169964388217e-06,0.006985069581039544,-2.0881933835426025e-06,-3.315003368697944e-06
8.390256250141601e-08,3.3000000000000003,-4.177549516784631e-06,0.006776433418628197,-2.0881933835426025e-06,-3.315003368697944e-06
8.4002562501416e-08,3.3000000000000003,-4.052770817108211e-06,0.006574028983440284,-2.0881933835426025e-06,-3.315003368697944e-06
8.4102562501416e-08,3.3000000000000003,-3.9317191166780044e-06,0.006377670140801265,-2.0881933835426025e-06,-3.315003368697944e-06
8.420256250141599e-08,3.3000000000000003,-3.8142830942202044e-06,0.006187176315669723,-2.0881933835426025e-06,-3.315003368697944e-06
8.430256250141599e-08,3.3000000000000003,-3.700354753508387e-06,0.006002372326577378,-2.0881933835426025e-06,-3.315003368697944e-06
8.440256250141598e-08,3.3000000000000003,-3.5898293240362496e-06,0.0058230882245291354,-2.0881933835426025e-06,-3.315003368697944e-06
8.450256250141597e-08,3.3000000000000003,-3.4826051646798464e-06,0.005649159136715003,-2.0881933835426025e-06,-3.315003368697944e-06
8.450635103208892e-08,3.3000000000000003,-3.4786068296629254e-06,0.005642673405396098,-2.0881861075849883e-06,-3.315003368697944e-06
8.451392809343483e-08,3.3000000000000003,-3.4706239160766127e-06,0.005629724268511512,-2.08817155566976e-06,-3.3150033118545252e-06
8.452908221612663e-08,3.3000000000000003,-3.4547129930730047e-06,0.0056039150418766125,-2.0882006595002167e-06,-3.315003368697944e-06
8.45298415468962e-08,3.3000000000000003,-3.453917664242922e-06,0.005602624933306998,-2.088244315245902e-06,-3.315003368697944e-06
8.453136020843535e-08,3.3000000000000003,-3.4523275558290624e-06,0.005600045607074508,-2.088244315245902e-06,-3.3150033118545252e-06
8.453143644484377e-08,3.3000000000000003,-3.452247752066394e-06,0.0055999161568867275,-2.087778653958594e-06,-3.3150032550111064e-06
8.453158891766061e-08,3.3000000000000003,-3.4520881502220424e-06,0.00559965726548814,-2.088244315245902e-06,-3.3150033118545252e-06
8.453159657175076e-08,3.3000000000000003,-3.452080138434847e-06,0.005599644269532297,-2.0905726216824405e-06,-3.315003482384782e-06
8.453161187993103e-08,3.3000000000000003,-3.452064114722056e-06,0.0055996182777110935,-2.0868473313839786e-06,-3.3150032550111064e-06
8.453164249629159e-08,3.3000000000000003,-3.4520320680747397e-06,0.005599566294430625,-2.0887099765332096e-06,-3.315003368697944e-06
8.45317037290127e-08,3.3000000000000003,-3.451967975451417e-06,0.005599462329317424,-2.0887099765332096e-06,-3.3150033118545252e-06
8.453182619445491e-08,3.3000000000000003,-3.451839793833468e-06,0.005599254404881818,-2.0887099765332096e-06,-3.315003368697944e-06
8.453183234218366e-08,3.3000000000000003,-3.4518333598527777e-06,0.005599243967340556,-2.0831220410855167e-06,-3.3150039371321327e-06
8.453184463764117e-08,3.3000000000000003,-3.4518204902088852e-06,0.0055992230923164014,-2.0831220410855167e-06,-3.3150039371321327e-06
8.453184525486945e-08,3.3000000000000003,-3.4518198287435023e-06,0.005599222044398509,-2.0384185575039737e-06,-3.3150175795526593e-06
8.4531846489326e-08,3.3000000000000003,-3.451818549320123e-06,0.005599219948563311,-2.0384185575039737e-06,-3.315006665616238e-06
8.453184895823909e-08,3.3000000000000003,-3.451815965611186e-06,0.005599215756895269,-2.0384185575039737e-06,-3.315006665616238e-06
8.453185389606529e-08,3.3000000000000003,-3.4518107990783705e-06,0.005599207373568603,-2.0831220410855167e-06,-3.3150039371321327e-06
8.453186377171769e-08,3.3000000000000003,-3.451800464225511e-06,0.005599190606952921,-2.0831220410855167e-06,-3.3150039371321327e-06
8.453186426747247e-08,3.3000000000000003,-3.4517999511605196e-06,0.005599189765275174,-1.9192092679531925e-06,-3.315003027637431e-06
8.453186449461035e-08,3.3000000000000003,0.4531574247072165,0.005599204975101714,-0.013564623452887052,-3.3150175795526593e-06
8.453186461193137e-08,3.3000000000000003,0.45319644457502506,0.005599220887306736,-0.013566759104148035,-3.3150175795526593e-06
8.45318646750859e-08,3.3000000000000003,0.4532174487074695,0.005599229453505304,-0.013566441680125394,-3.3150175795526593e-06
8.453186475635856e-08,3.3000000000000003,0.45324447814586977,0.005599240477815828,-0.01356726044697629,-3.314959371891746e-06
8.453186491890389e-08,3.3000000000000003,0.4532985353964185,0.0055992625284330706,-0.013569374768501438,-3.3150175795526593e-06
8.453186524399457e-08,3.3000000000000003,0.4534066433943855,0.005599306637651936,-0.013572411121310949,-3.3149884757222026e-06
8.453186589417591e-08,3.3000000000000003,0.4536228333762471,0.005599394888023971,-0.013578959874828598,-3.315003027637431e-06
8.453186719453859e-08,3.3000000000000003,0.454055109308906,0.005599571516479626,-0.013592113830058896,-3.315003027637431e-06
8.453186979526395e-08,3.3000000000000003,0.454919245214769,0.005599925284032109,-0.013618260108191402,-3.315003027637431e-06
8.453187499671469e-08,3.3000000000000003,0.45664585452357015,0.005600634860061719,-0.01367059162901566,-3.315003027637431e-06
8.453188539961615e-08,3.3000000000000003,0.4600924337813313,0.005602062162718087,-0.01377497871853458,-3.315003482384782e-06
8.453190620541909e-08,3.3000000000000003,0.4669591198528022,0.005604949265909823,-0.013982983218641432,-3.315003482384782e-06
8.453194781702496e-08,3.3000000000000003,0.4805872782505161,0.005610852632536469,-0.014395794316463982,-3.3150031413242687e-06
8.453203104023671e-08,3.3000000000000003,0.5074280864929127,0.005623169432613862,-0.015208804815136185,-3.3150033118545252e-06
8.453217395468226e-08,3.3000000000000003,0.5522566272752917,0.005645871515125528,-0.016566603262907542,-3.315003368697944e-06
8.453232831327771e-08,3.3000000000000003,0.5989323487382259,0.005672530427369981,-0.017980257429107183,-3.315003368697944e-06
8.45325211876967e-08,3.3000000000000003,0.654814303797392,0.005708836561100286,-0.019672605469967686,-3.315003368697944e-06
8.45327190346708e-08,3.3000000000000003,0.7094396406266524,0.00574938906709138,-0.021326744468807654,-3.315003368697944e-06
8.453295110568475e-08,3.3000000000000003,0.770210311275059,0.005801010787035088,-0.023166776419182664,-3.315003368697944e-06
8.453318897398249e-08,3.3000000000000003,0.8289907172875741,0.005858226826944416,-0.024946326037692586,-3.315003368697944e-06
8.453345786425723e-08,3.3000000000000003,0.8914162635432179,0.005927837667491905,-0.0268359622637589,-3.315003368697944e-06
8.45337337724378e-08,3.3000000000000003,0.9513075311871946,0.00600437257280859,-0.028648589813836844,-3.315003368697944e-06
8.453403844383693e-08,3.3000000000000003,1.0128769931842512,0.006094485401774473,-0.030511661964221913,-3.315003368697944e-06
8.453435188444444e-08,3.3000000000000003,1.0715681566378934,0.006192894248799261,-0.032287258673821706,-3.315003368697944e-06
8.453469272912357e-08,3.3000000000000003,1.130446821126782,0.006305967721210861,-0.03406809303786717,-3.3150033118545252e-06
8.453504440426967e-08,3.3000000000000003,1.186221940793286,0.006428730804293802,-0.035754583744627165,-3.315003368697944e-06
8.453542289789604e-08,3.3000000000000003,1.2410841920277638,0.0065671855056610605,-0.03741293558799199,-3.315003368697944e-06
8.453581455420107e-08,3.3000000000000003,1.2927089976792674,0.00671675722360971,-0.03897284255374746,-3.3150033118545252e-06
8.453623318629197e-08,3.3000000000000003,1.3426442325303203,0.006883052695756374,-0.04048104228363065,-3.3150033118545252e-06
8.453666763686031e-08,3.3000000000000003,1.3892897204470431,0.007061966610449512,-0.04188916681279362,-3.315003368697944e-06
8.453712998770953e-08,3.3000000000000003,1.4337348788377209,0.00725872519179083,-0.043230071858304034,-3.315003368697944e-06
8.453761124896469e-08,3.3000000000000003,1.4749140218045211,0.007469745158248491,-0.0444715713102205,-3.315003368697944e-06
8.453812218637384e-08,3.3000000000000003,1.5135982131597205,0.007699925756154058,-0.045636883164097294,-3.315003368697944e-06
8.453865573760191e-08,3.3000000000000003,1.5491105567738155,0.0079462536330006,-0.04670558582002321,-3.3150033118545252e-06
8.453922175249215e-08,3.3000000000000003,1.582006657880277,0.008213391870368082,-0.04769437505028632,-3.3150033118545252e-06
8.453981495399054e-08,3.3000000000000003,1.6118884559076103,0.008498953927734936,-0.04859126056758258,-3.3150033118545252e-06
8.454044468591825e-08,3.3000000000000003,1.6391693891146975,0.008807498851670505,-0.049408633064481546,-3.315003368697944e-06
8.454110742852587e-08,3.3000000000000003,1.663648308589255,0.00913735115421106,-0.0501404474577042,-3.3150033118545252e-06
8.454181247932448e-08,3.3000000000000003,1.6856471124748433,0.009493152360271817,-0.05079631796438227,-3.3150033118545252e-06
8.454255819844507e-08,3.3000000000000003,1.7051011306982535,0.009874077100378732,-0.05137431000644626,-3.315003368697944e-06
8.454335441351302e-08,3.3000000000000003,1.7222745133205546,0.010285119081523636,-0.05188227701260995,-3.3150033118545252e-06
8.454420171186966e-08,3.3000000000000003,1.7371948241818778,0.010726543253877382,-0.052321046075035356,-3.315003368697944e-06
8.454511126448493e-08,3.3000000000000003,1.750090071724956,0.011204107195817738,-0.0526973524127458,-3.3150033118545252e-06
8.454608660976041e-08,3.3000000000000003,1.7610478109703576,0.011719594047600793,-0.053013795203059634,-3.3150033118545252e-06
8.454714154617932e-08,3.3000000000000003,1.770272883846762,0.012280200191661993,-0.05327636396787449,-3.315003368697944e-06
8.454828398635885e-08,3.3000000000000003,1.777889334403825,0.012890019526708091,-0.05348869380075128,-3.3150033118545252e-06
8.454953260948177e-08,3.3000000000000003,1.7840857747355,0.013558889188158538,-0.053656202138756104,-3.315003368697944e-06
8.455090255989754e-08,3.3000000000000003,1.789005416278202,0.014294767920516056,-0.053782987807791637,-3.3150033118545252e-06
8.455242178856014e-08,3.3000000000000003,1.7928232905952708,0.015112486176980463,-0.053873905416613535,-3.3150033118545252e-06
8.455411880598653e-08,3.3000000000000003,1.7956885344458045,0.01602717141339139,-0.05393301606040963,-3.315003368697944e-06
8.455604045274731e-08,3.3000000000000003,1.7977619274005612,0.017063800698334308,-0.05396443521473562,-3.315003368697944e-06
8.45582432711929e-08,3.3000000000000003,1.7991874448999603,0.018252532661157412,-0.053971611959539416,-3.315003368697944e-06
8.456081734882035e-08,3.3000000000000003,1.8001077557406808,0.01964152099674112,-0.05395741053152756,-3.3150033118545252e-06
8.456388845297349e-08,3.3000000000000003,1.8006506653876166,0.021297971708182983,-0.053923667434925014,-3.3150033118545252e-06
8.456766577826502e-08,3.3000000000000003,1.8009328548185108,0.023333693557032614,-0.053870530385659095,-3.315003368697944e-06
8.457248963872303e-08,3.3000000000000003,1.801052429611441,0.025930334706420012,-0.05379546787381669,-3.3150033118545252e-06
8.457900156823167e-08,3.3000000000000003,1.8010869974564148,0.029429785740874518,-0.05369047144080156,-3.315003368697944e-06
8.45885141368013e-08,3.3000000000000003,1.801088706539853,0.03452941106494263,-0.053535989124914383,-3.315003368697944e-06
8.460429928031419e-08,3.3000000000000003,1.8010830354701832,0.04295935449232826,-0.05328036447027968,-3.3150033118545252e-06
8.463586956733997e-08,3.3000000000000003,1.8010728996464818,0.059698771202861656,-0.052772802251235845,-3.3150033118545252e-06
8.469901014139154e-08,3.3000000000000003,1.8010524334540217,0.09270144156916757,-0.051772101122945495,-3.3150033118545252e-06
8.479901014139153e-08,3.3000000000000003,1.8010210938380151,0.1436965258102676,-0.05022584582318397,-3.315003368697944e-06
8.489901014139153e-08,3.3000000000000003,1.800990512838498,0.19316844454244642,-0.04872577004315758,-3.315003368697944e-06
8.499901014139152e-08,3.3000000000000003,1.8009609961097044,0.24116269260010775,-0.04727050441405129,-3.315003368697944e-06
8.509901014139151e-08,3.3000000000000003,1.8009322327828636,0.28772340668506824,-0.04585870203947578,-3.315003368697944e-06
8.519901014139151e-08,3.3000000000000003,1.8009044375846899,0.3328934045507014,-0.044489071918837914,-3.315003368697944e-06
8.52990101413915e-08,3.3000000000000003,1.800877379942747,0.37671422557198553,-0.04316034829592489,-3.315003368697944e-06
8.53990101413915e-08,3.3000000000000003,1.800851209242789,0.4192261679308149,-0.041871314540699985,-3.315003368697944e-06
8.549901014139149e-08,3.3000000000000003,1.800825753282236,0.46046832653773145,-0.0406207807404722,-3.315003368697944e-06
8.559901014139149e-08,3.3000000000000003,1.8008011145728213,0.50047862825086,-0.03940760070302913,-3.315003368697944e-06
8.569901014139148e-08,3.3000000000000003,1.8007771634177678,0.5392938673775598,-0.038230655519024805,-3.315003368697944e-06
8.579901014139147e-08,3.3000000000000003,1.8007539687785008,0.5769497389811591,-0.037088865609682685,-3.315003368697944e-06
8.589901014139147e-08,3.3000000000000003,1.8007314319817445,0.6134808721572476,-0.03598117861827179,-3.315003368697944e-06
8.599901014139146e-08,3.3000000000000003,1.8007095980471546,0.6489208614962688,-0.03490657789117689,-3.315003368697944e-06
8.609901014139146e-08,3.3000000000000003,1.8006883910099236,0.6833022983032027,-0.03386407351105574,-3.315003368697944e-06
8.619901014139145e-08,3.3000000000000003,1.8006678388731,0.7166568002924063,-0.03285270821395729,-3.315003368697944e-06
8.629901014139145e-08,3.3000000000000003,1.8006478823549665,0.7490150408990224,-0.031871550705371995,-3.315003368697944e-06
8.639901014139144e-08,3.3000000000000003,1.8006285374292381,0.7804067772868756,-0.030919699737130636,-3.315003368697944e-06
8.649901014139143e-08,3.3000000000000003,1.8006097571273618,0.8108608778836347,-0.029996279085058343,-3.315003368697944e-06
8.659901014139143e-08,3.3000000000000003,1.8005915489817033,0.8404053487842587,-0.02910044030787192,-3.315003368697944e-06
8.669901014139142e-08,3.3000000000000003,1.8005738751640814,0.8690673596286959,-0.028231358936802353,-3.315003368697944e-06
8.679901014139142e-08,3.3000000000000003,1.8005567373433382,0.8968732684831741,-0.027388236293142652,-3.315003368697944e-06
8.689901014139141e-08,3.3000000000000003,1.8005401045247786,0.9238486461682754,-0.026570296564277663,-3.315003368697944e-06
8.69990101413914e-08,3.3000000000000003,1.800523974362502,0.9500182996988835,-0.025776787951393407,-3.315003368697944e-06
8.70990101413914e-08,3.3000000000000003,1.8005083210149384,0.9754062951612668,-0.02500698039604468,-3.315003368697944e-06
8.71990101413914e-08,3.3000000000000003,1.8004931394442516,1.0000359797901723,-0.024260166253602708,-3.315003368697944e-06
8.729901014139139e-08,3.3000000000000003,1.8004784077351381,1.0239300034856806,-0.023535658499337007,-3.315003368697944e-06
8.739901014139138e-08,3.3000000000000003,1.8004641191013515,1.047110339603071,-0.022832791068346014,-3.315003368697944e-06
8.749901014139138e-08,3.3000000000000003,1.8004502546554286,1.069598305193379,-0.022150917417020022,-3.315003368697944e-06
8.759901014139137e-08,3.3000000000000003,1.8004368065329022,1.091414580578477,-0.021489410630613576,-3.315003368697944e-06
8.769901014139137e-08,3.3000000000000003,1.8004237582137437,1.1125792283932485,-0.020847662249870388,-3.315003368697944e-06
8.779901014139136e-08,3.3000000000000003,1.8004111012286292,1.133111712014978,-0.020225082218824176,-3.315003368697944e-06
8.789901014139135e-08,3.3000000000000003,1.8003988209372055,1.153030913479693,-0.0196210979109033,-3.315003368697944e-06
8.799901014139135e-08,3.3000000000000003,1.8003869085970805,1.1723551508315573,-0.01903515396893067,-3.315003368697944e-06
8.809901014139134e-08,3.3000000000000003,1.8003753510851863,1.1911021949810967,-0.01846671148278425,-3.315003368697944e-06
8.819901014139134e-08,3.3000000000000003,1.8003641396161543,1.209289286036905,-0.017915247758698814,-3.315003368697944e-06
8.829901014139133e-08,3.3000000000000003,1.800353262312989,1.2269331491690745,-0.017380255613417436,-3.315003368697944e-06
8.839901014139132e-08,3.3000000000000003,1.8003427105045198,1.2440500099821996,-0.016861243099180932,-3.315003368697944e-06
8.849901014139132e-08,3.3000000000000003,1.8003324733550419,1.2606556094433221,-0.016357732888622536,-3.315003368697944e-06
8.859901014139131e-08,3.3000000000000003,1.8003225424126057,1.2767652183519944,-0.015869261974112547,-3.315003368697944e-06
8.869901014139131e-08,3.3000000000000003,1.8003129077265356,1.2923936513883403,-0.015395381124404653,-3.315003368697944e-06
8.87990101413913e-08,3.3000000000000003,1.8003035611319458,1.3075552807328454,-0.014935654571449119,-3.315003368697944e-06
8.88990101413913e-08,3.3000000000000003,1.800294493442475,1.322264049286708,-0.014489659524704638,-3.315003368697944e-06
8.899901014139129e-08,3.3000000000000003,1.80028569682175,1.3365334834910487,-0.014056985854542375,-3.315003368697944e-06
8.909901014139128e-08,3.3000000000000003,1.8002771627531544,1.3503767057685534,-0.013637235653702236,-3.315003368697944e-06
8.919901014139128e-08,3.3000000000000003,1.8002688837516536,1.3638064465889672,-0.013230022923547026,-3.315003368697944e-06
8.929901014139127e-08,3.3000000000000003,1.800260851895129,1.3768350561780547,-0.012834973174739039,-3.315003368697944e-06
8.939901014139127e-08,3.3000000000000003,1.8002530600596702,1.3894745158735577,-0.012451723120554405,-3.315003368697944e-06
8.949901014139126e-08,3.3000000000000003,1.8002455008567808,1.4017364491447422,-0.012079920310750537,-3.315003368697944e-06
8.959901014139126e-08,3.3000000000000003,1.8002381675244339,1.41363213228044,-0.011719222834688563,-3.315003368697944e-06
8.969901014139125e-08,3.3000000000000003,1.8002310531576438,1.4251725047598611,-0.01136929898374959,-3.315003368697944e-06
8.979901014139124e-08,3.3000000000000003,1.8002241513508765,1.436368179311933,-0.011029826965973887,-3.315003368697944e-06
8.989901014139124e-08,3.3000000000000003,1.8002174556406856,1.4472294516756303,-0.010700494593402755,-3.315003368697944e-06
8.999901014139123e-08,3.3000000000000003,1.8002109599685439,1.4577663100675406,-0.010380999009208533,-3.315003368697944e-06
9.009901014139123e-08,3.3000000000000003,1.800204658276792,1.467988444367694,-0.010071046397091521,-3.315003368697944e-06
9.019901014139122e-08,3.3000000000000003,1.8001985448417936,1.4779052550301301,-0.009770351721358867,-3.315003368697944e-06
9.029901014139122e-08,3.3000000000000003,1.800192613980741,1.4875258617280749,-0.00947863845606443,-3.315003368697944e-06
9.039901014139121e-08,3.3000000000000003,1.8001868602911795,1.4968591117402512,-0.009195638338136879,-3.315003368697944e-06
9.04990101413912e-08,3.3000000000000003,1.800181278437994,1.5059135880872467,-0.0089210911143677,-3.315003368697944e-06
9.05990101413912e-08,3.3000000000000003,1.80017586332535,1.514697617424394,-0.008654744307443755,-3.315003368697944e-06
9.069901014139119e-08,3.3000000000000003,1.8001706099416774,1.5232192776992937,-0.008396352979203337,-3.315003368697944e-06
9.079901014139119e-08,3.3000000000000003,1.800165513482851,1.5314864055802786,-0.008145679509264099,-3.315003368697944e-06
9.089901014139118e-08,3.3000000000000003,1.8001605692391445,1.5395066036632856,-0.007902493373207323,-3.315003368697944e-06
9.099901014139118e-08,3.3000000000000003,1.800155772683239,1.5472872474632235,-0.007666570933385199,-3.315003368697944e-06
9.109901014139117e-08,3.3000000000000003,1.8001511193875666,1.554835492196722,-0.007437695230878236,-3.315003368697944e-06
9.119901014139116e-08,3.3000000000000003,1.8001466050869601,1.5621582793621116,-0.0072156557880004215,-3.315003368697944e-06
9.129901014139116e-08,3.3000000000000003,1.8001422256180173,1.569262343123019,-0.0070002484130194395,-3.315003368697944e-06
9.139901014139115e-08,3.3000000000000003,1.8001379769634784,1.576154216501161,-0.006791275013841031,-3.315003368697944e-06
9.149901014139115e-08,3.3000000000000003,1.800133855207555,1.5828402373842767,-0.006588543414596888,-3.315003368697944e-06
9.159901014139114e-08,3.3000000000000003,1.8001298565671622,1.589326554354518,-0.006391867179972976,-3.315003368697944e-06
9.169901014139114e-08,3.3000000000000003,1.8001259773588287,1.595619132342831,-0.006201065442862052,-3.315003368697944e-06
9.179901014139113e-08,3.3000000000000003,1.8001222140204804,1.6017237581143786,-0.006015962738798825,-3.315003368697944e-06
9.189901014139112e-08,3.3000000000000003,1.8001185630867684,1.607646045590178,-0.0058363888439505575,-3.315003368697944e-06
9.199901014139112e-08,3.3000000000000003,1.800115021204069,1.6133914410097379,-0.005662178619128099,-3.315003368697944e-06
9.209901014139111e-08,3.3000000000000003,1.8001115851119411,1.6189652279395368,-0.0054931718574517995,-3.315003368697944e-06
9.219901014139111e-08,3.3000000000000003,1.8001082516532692,1.624372532131867,-0.005329213137421294,-3.315003368697944e-06
9.22990101413911e-08,3.3000000000000003,1.800105017760187,1.6296183262385795,-0.005170151679648188,-3.315003368697944e-06
9.23990101413911e-08,3.3000000000000003,1.8001018804607547,1.6347074343840093,-0.005015841208484757,-3.315003368697944e-06
9.249901014139109e-08,3.3000000000000003,1.8000988368681525,1.6396445366013361,-0.004866139817261496,-3.315003368697944e-06
9.259901014139108e-08,3.3000000000000003,1.800095884184888,1.6444341731364165,-0.00472090983799532,-3.315003368697944e-06
9.269901014139108e-08,3.3000000000000003,1.80009301969439,1.6490807486230805,-0.004580017714610761,-3.315003368697944e-06
9.279901014139107e-08,3.3000000000000003,1.8000902407634702,1.6535885361337035,-0.004443333880269905,-3.315003368697944e-06
9.289901014139107e-08,3.3000000000000003,1.8000875448356846,1.657961681108805,-0.004310732638092567,-3.315003368697944e-06
9.299901014139106e-08,3.3000000000000003,1.8000849294325671,1.6622042051692631,-0.004182092045671841,-3.315003368697944e-06
9.309901014139106e-08,3.3000000000000003,1.8000823921483038,1.6663200098146715,-0.004057293802841458,-3.315003368697944e-06
9.319901014139105e-08,3.3000000000000003,1.800079930650111,1.670312880011225,-0.003936223142963414,-3.315003368697944e-06
9.329901014139104e-08,3.3000000000000003,1.8000775426738869,1.6741864876724428,-0.0038187687273196257,-3.315003368697944e-06
9.339901014139104e-08,3.3000000000000003,1.8000752260240007,1.6779443950359205,-0.0037048225427798163,-3.315003368697944e-06
9.349901014139103e-08,3.3000000000000003,1.8000729785696385,1.681590057939231,-0.0035942798024466587,-3.315003368697944e-06
9.359901014139103e-08,3.3000000000000003,1.8000707982444693,1.6851268289979728,-0.0034870388492387336,-3.315003368697944e-06
9.369901014139102e-08,3.3000000000000003,1.8000686830428878,1.6885579606888899,-0.0033830010625023545,-3.315003368697944e-06
9.379901014139102e-08,3.3000000000000003,1.8000666310202236,1.6918866083409103,-0.0032820707672780894,-3.315003368697944e-06
9.389901014139101e-08,3.3000000000000003,1.800064640288971,1.6951158330368419,-0.0031841551462817533,-3.315003368697944e-06
9.3999010141391e-08,3.3000000000000003,1.8000627090187837,1.6982486044283955,-0.0030891641546007464,-3.315003368697944e-06
9.4099010141391e-08,3.3000000000000003,1.8000608354333214,1.7012878034671322,-0.002997010436842348,-3.315003368697944e-06
9.419901014139099e-08,3.3000000000000003,1.8000590178098657,1.704236225053833,-0.0029076092468381604,-3.315003368697944e-06
9.429901014139099e-08,3.3000000000000003,1.8000572544766738,1.7070965806087424,-0.002820878369677829,-3.315003368697944e-06
9.439901014139098e-08,3.3000000000000003,1.8000555438123442,1.7098715005650342,-0.002736738046130139,-3.315003368697944e-06
9.449901014139098e-08,3.3000000000000003,1.8000538842435583,1.712563536787808,-0.002655110899271794,-3.315003368697944e-06
9.459901014139097e-08,3.3000000000000003,1.8000522742442853,1.7151751649208267,-0.0025759218633499233,-3.315003368697944e-06
9.469901014139096e-08,3.3000000000000003,1.8000507123338234,1.7177087866631622,-0.0024990981147335494,-3.315003368697944e-06
9.479901014139096e-08,3.3000000000000003,1.8000491970759134,1.7201667319778406,-0.0024245690049580367,-3.315003368697944e-06
9.489901014139095e-08,3.3000000000000003,1.8000477270770119,1.7225512612345166,-0.0023522659957432644,-3.315003368697944e-06
9.499901014139095e-08,3.3000000000000003,1.8000463009853542,1.7248645672881489,-0.0022821225959750464,-3.315003368697944e-06
9.509901014139094e-08,3.3000000000000003,1.8000449174894209,1.7271087774955893,-0.0022140743005499134,-3.315003368697944e-06
9.519901014139094e-08,3.3000000000000003,1.8000435753169757,1.729285955671936,-0.00214805853106253,-3.315003368697944e-06
9.529901014139093e-08,3.3000000000000003,1.8000422732336903,1.7313981039884554,-0.0020840145782512203,-3.315003368697944e-06
9.539901014139092e-08,3.3000000000000003,1.8000410100421826,1.7334471648138134,-0.0020218835461739085,-3.315003368697944e-06
9.549901014139092e-08,3.3000000000000003,1.8000397845807676,1.735435022500311,-0.001961608298042006,-3.315003368697944e-06
9.559901014139091e-08,3.3000000000000003,1.8000385957225178,1.7373635051167688,-0.0019031334036801787,-3.315003368697944e-06
9.569901014139091e-08,3.3000000000000003,1.800037442374114,1.739234386129651,-0.0018464050885484591,-3.315003368697944e-06
9.57990101413909e-08,3.3000000000000003,1.8000363234749843,1.7410493860339769,-0.0017913711842689718,-3.315003368697944e-06
9.58990101413909e-08,3.3000000000000003,1.8000352379959703,1.7428101739355144,-0.001737981080742534,-3.315003368697944e-06
9.599901014139089e-08,3.3000000000000003,1.8000341849391577,1.744518369085725,-0.0016861856794766266,-3.315003368697944e-06
9.609901014139088e-08,3.3000000000000003,1.8000331633358242,1.7461755423708532,-0.0016359373485016703,-3.315003368697944e-06
9.619901014139088e-08,3.3000000000000003,1.8000321722467523,1.7477832177565384,-0.0015871898785785343,-3.315003368697944e-06
9.629901014139087e-08,3.3000000000000003,1.8000312107602925,1.7493428736892844,-0.0015398984406714234,-3.315003368697944e-06
9.639901014139087e-08,3.3000000000000003,1.8000302779924369,1.7508559444560634,-0.0014940195447497313,-3.315003368697944e-06
9.649901014139086e-08,3.3000000000000003,1.8000293730852326,1.7523238215033108,-0.0014495109997705322,-3.315003368697944e-06
9.659901014139086e-08,3.3000000000000003,1.8000284952066503,1.7537478547165244,-0.0014063318748988433,-3.315003368697944e-06
9.669901014139085e-08,3.3000000000000003,1.8000276435492588,1.755129353661642,-0.0013644424618499385,-3.315003368697944e-06
9.679901014139084e-08,3.3000000000000003,1.80002681732996,1.756469588789343,-0.0013238042383873546,-3.315003368697944e-06
9.689901014139084e-08,3.3000000000000003,1.8000260157888621,1.7577697926033757,-0.001284379832884891,-3.315003368697944e-06
9.699901014139083e-08,3.3000000000000003,1.8000252381889266,1.7590311607939888,-0.0012461329899694448,-3.315003368697944e-06
9.709901014139083e-08,3.3000000000000003,1.8000244838149981,1.7602548533375109,-0.0012090285371710982,-3.315003368697944e-06
9.719901014139082e-08,3.3000000000000003,1.8000237519733926,1.7614419955630845,-0.0011730323525853544,-3.315003368697944e-06
9.729901014139082e-08,3.3000000000000003,1.8000230419910512,1.762593679187537,-0.0011381113334876878,-3.315003368697944e-06
9.739901014139081e-08,3.3000000000000003,1.8000223532150996,1.7637109633193442,-0.001104233365897111,-3.315003368697944e-06
9.74990101413908e-08,3.3000000000000003,1.8000216850120954,1.764794875432606,-0.0010713672950390409,-3.315003368697944e-06
9.75990101413908e-08,3.3000000000000003,1.8000210367675749,1.7658464123119268,-0.0010394828966986346,-3.315003368697944e-06
9.769901014139079e-08,3.3000000000000003,1.8000204078853774,1.766866540969078,-0.0010085508494228187,-3.315003368697944e-06
9.779901014139079e-08,3.3000000000000003,1.800019797787192,1.7678561995322786,-0.0009785427075585948,-3.315003368697944e-06
9.789901014139078e-08,3.3000000000000003,1.800019205911944,1.7688162981089148,-0.0009494308750914374,-3.315003368697944e-06
9.799901014139078e-08,3.3000000000000003,1.8000186317153504,1.7697477196224893,-0.0009211885802697134,-3.315003368697944e-06
9.809901014139077e-08,3.3000000000000003,1.800018074669356,1.7706513206245755,-0.0008937898509829635,-3.315003368697944e-06
9.819901014139076e-08,3.3000000000000003,1.8000175342617026,1.771527932082515,-0.0008672094908791357,-3.315003368697944e-06
9.829901014139076e-08,3.3000000000000003,1.8000170099954138,1.7723783601435914,-0.0008414230561922792,-3.315003368697944e-06
9.839901014139075e-08,3.3000000000000003,1.8000165013883715,1.7732033868763766,-0.0008164068332646675,-3.315003368697944e-06
9.849901014139075e-08,3.3000000000000003,1.8000160079728458,1.7740037709899357,-0.0007921378167383631,-3.315003368697944e-06
9.859901014139074e-08,3.3000000000000003,1.8000155292950886,1.7747802485315487,-0.000768593688399993,-3.315003368697944e-06
9.869901014139074e-08,3.3000000000000003,1.8000150649148952,1.775533533563592,-0.0007457527966557065,-3.315003368697944e-06
9.879901014139073e-08,3.3000000000000003,1.800014614405216,1.7762643188202034,-0.0007235941366206213,-3.315003368697944e-06
9.889901014139072e-08,3.3000000000000003,1.8000141773517524,1.776973276344332,-0.0007020973308020015,-3.315003368697944e-06
9.899901014139072e-08,3.3000000000000003,1.8000137533525848,1.7776610581057606,-0.000681242610359944,-3.315003368697944e-06
9.909901014139071e-08,3.3000000000000003,1.8000133420177937,1.7783282966006693,-0.0006610107969273924,-3.315003368697944e-06
9.919901014139071e-08,3.3000000000000003,1.80001294296911,1.7789756054332901,-0.0006413832849736674,-3.315003368697944e-06
9.92990101413907e-08,3.3000000000000003,1.8000125558395612,1.7796035798801875,-0.0006223420246942164,-3.315003368697944e-06
9.93990101413907e-08,3.3000000000000003,1.8000121802731357,1.7802127974376853,-0.0006038695054118809,-3.315003368697944e-06
9.949901014139069e-08,3.3000000000000003,1.800011815924456,1.7808038183529424,-0.0005859487394737054,-3.315003368697944e-06
9.959901014139068e-08,3.3000000000000003,1.8000114624584618,1.781377186139167,-0.0005685632466287496,-3.315003368697944e-06
9.969901014139068e-08,3.3000000000000003,1.800011119550098,1.7819334280754393,-0.0005516970388726279,-3.315003368697944e-06
9.979901014139067e-08,3.3000000000000003,1.800010786884021,1.7824730556916075,-0.0005353346057446571,-3.315003368697944e-06
9.989901014139067e-08,3.3000000000000003,1.8000104641543049,1.7829965652386992,-0.0005194609000641049,-3.315003368697944e-06
9.999901014139066e-08,3.3000000000000003,1.800010151064162,1.7835044381452825,-0.0005040613240926521,-3.315003368697944e-06
1.0000000000000001e-07,3.299999999999995,1.80001014801171,1.7835093884090687,-0.0005039112163554755,-3.3150032550111064e-06
1.0000006000000001e-07,3.299900999999985,1.8000101478286274,1.7835096884174217,-0.0005039026434378834,0.007421685096915098
1.0000018000000001e-07,3.2997029999999876,1.800010147458707,1.7835102884232112,-0.0005038844502341821,0.007421685294048075
1.0000042000000001e-07,3.299306999999992,1.8000101467178475,1.7835114883692977,-0.0005038476001635253,0.007421685693543623
1.0000090000000002e-07,3.29851499999998,1.8000101452389532,1.7835138879995234,-0.0005037747228467674,0.007421686487816714
1.0000186000000002e-07,3.296930999999977,1.8000101422813584,1.783518686212369,-0.0005036292910175289,0.007421688080285094
1.0000378000000002e-07,3.293762999999972,1.8000101363672776,1.783528278449166,-0.0005033384088726613,0.007421691261470187
1.0000762000000003e-07,3.2874269999999615,1.8000101245504196,1.7835474461793706,-0.0005027572395952885,0.0074216976274215085
1.0001530000000006e-07,3.274754999999918,1.800010100959568,1.7835857147635936,-0.0005015968633310517,0.007421710355913547
1.0003066000000011e-07,3.249410999999832,1.8000100539405228,1.783661985204163,-0.000499284238456189,0.007421735816251385
1.000613800000002e-07,3.198722999999681,1.8000099605572046,1.783813465356307,-0.000494691089998487,0.007421786733573299
1.001228200000004e-07,3.097346999999357,1.800009776375534,1.7841122316912392,-0.00048563198324722706,0.007421888571627733
1.0022282000000039e-07,2.9323469999993668,1.8000094838286387,1.7845867808975335,-0.0004712428389474039,0.007422054320670668
1.0032282000000038e-07,2.767346999999376,1.800009200019711,1.7850471558535528,-0.0004572834821500449,0.00742222007198734
1.0042282000000038e-07,2.6023469999993853,1.8000089246878517,1.7854937799281865,-0.00044374107561734045,0.007422385820916588
1.0052282000000037e-07,2.437346999999395,1.8000086575798318,1.7859270638447735,-0.000430603165513684,0.007422551572290104
1.0062282000000037e-07,2.2723469999994044,1.8000083984500386,1.7863474060588083,-0.00041785766998702137,0.007422717321333039
1.0072282000000036e-07,2.1073469999994137,1.800008147060151,1.7867551931243695,-0.00040549286805537625,0.007422883072649711
1.0082282000000036e-07,1.9423469999994232,1.8000079031790046,1.7871508000496001,-0.0003934973888303604,0.007423048821635803
1.0092282000000035e-07,1.7773469999994327,1.8000076665822582,1.7875345906415714,-0.0003818602010824761,0.0074232145729524746
1.0102282000000034e-07,1.612346999999442,1.80000743705253,1.78790691784085,-0.0014068641651557724,0.00742338032199541
1.0112282000000034e-07,1.4473469999994515,1.8000072143784323,1.7882681240460632,-0.004582951450899486,0.00742354607328366
1.0122282000000033e-07,1.282346999999461,1.8000069983554985,1.7886185414287776,-0.009910476983305092,0.007423711822269752
1.0132282000000033e-07,1.1173469999994703,1.8000067887848077,1.7889584922389683,-0.017389430991222102,0.0074238775736148455
1.0142282000000032e-07,0.9523469999994796,1.8000065854738583,1.7892882891013675,-0.02701980399534025,0.007424043322629359
1.0145220022324452e-07,0.9038696316465544,1.800006526907276,1.78938329197321,-0.03025812876748237,0.007424092021537376
1.0147231771869678e-07,0.8706757641503153,1.800006487104518,1.7894478565312422,-0.0285311197185651,0.007424125365176337
1.0149524899490659e-07,0.8328391584041319,1.8000064420306534,1.7895209729043928,-0.02605933300001938,0.007424163374935233
1.0150656691150717e-07,0.8141645960131725,1.8000064198990542,1.7895568730203286,-0.024881060042847916,0.007424182133277668
1.0152368702137843e-07,0.7859164147256008,1.8000063865656735,1.7896109440066073,-0.023151110755176087,0.007424210511032925
1.0155792724112093e-07,0.7294200521504797,1.8000063204154566,1.789718248262484,-0.019880383518341385,0.007424267263090201
1.0162640768060592e-07,0.6164273270002378,1.80000619015419,1.7899295489474623,-0.014095613420939946,0.007424380770693517
1.0172640768060592e-07,0.4514273270002471,1.8000060047235387,1.790230341439743,-0.007460617530937288,0.00742454651969382
1.0182640768060591e-07,0.2864273270002564,1.8000058248317152,1.790522149599083,-0.0029770051723706625,0.0074247122710140445
1.019264076806059e-07,0.1214273270002657,1.800005650312789,1.7908052417773874,-0.0006447682083516113,0.007424878020023229
1.0200000000000001e-07,0.0,1.8000055252233496,1.7910081534232534,-0.0002765358300977334,0.00742500000057668
1.0200000167186892e-07,0.0,1.80000552522063,1.7910081579815622,-0.00027654552260931596,-4.236666535165604e-23
1.0200000501560673e-07,0.0,1.8000055252150065,1.7910081670981755,-0.00027654524617804226,0.0
1.0200001170308235e-07,0.0,1.8000055252036509,1.7910081853313735,-0.00027653724273684976,0.0
1.0200002507803358e-07,0.0,1.800005525180482,1.7910082217976577,-0.0002765324117334342,0.0
1.0200005182793606e-07,0.0,1.800005525136754,1.7910082947297825,-0.0002765320629391258,0.0
1.02000105327741e-07,0.0,1.800005525045817,1.791008440592258,-0.00027652764014946213,0.0
1.0200021232735088e-07,0.0,1.8000055248658413,1.791008732310109,-0.00027651879476668336,0.0
1.0200042632657065e-07,0.0,1.8000055245064575,1.7910093157174194,-0.0002765006391950067,0.0
1.020008543250102e-07,0.0,1.8000055237873025,1.7910104824184792,-0.00027646514640618653,0.0
1.0200171032188928e-07,0.0,1.8000055223502216,1.7910128153664273,-0.00027639446562329097,0.0
1.0200342231564745e-07,0.0,1.8000055194732594,1.7910174794462232,-0.00027625301365034356,0.0
1.0200684630316379e-07,0.0,1.8000055137279583,1.7910268003461303,-0.0002759704316669413,0.0
1.0201369427819646e-07,0.0,1.8000055022533905,1.7910454131448534,-0.0002754060379246939,0.0
1.0202739022826182e-07,0.0,1.800005479376433,1.7910825230384064,-0.0002742808278909642,0.0
1.0205478212839253e-07,0.0,1.8000054339057006,1.7911562824025125,-0.00027204430676269287,0.0
1.0210956592865393e-07,0.0,1.800005344087856,1.791301978401873,-0.0002676265546430919,0.0
1.0220956592865393e-07,0.0,1.8000051839283926,1.791561777972209,-0.00025974898694820656,0.0
1.0230956592865392e-07,0.0,1.8000050285526605,1.7918138176220102,-0.00025210671329181156,0.0
1.0240956592865391e-07,0.0,1.8000048778178077,1.792058329131361,-0.00024469270574096504,0.0
1.0250956592865391e-07,0.0,1.8000047315852508,1.7922955373573366,-0.00023750014624526134,0.0
1.026095659286539e-07,0.0,1.8000045897204824,1.7925256604407855,-0.00023052242039984125,0.0
1.027095659286539e-07,0.0,1.8000044520930665,1.792748910006935,-0.0002237531113663058,0.0
1.0280956592865389e-07,0.0,1.8000043185764165,1.792965491360004,-0.00021718599396856788,0.0
1.0290956592865389e-07,0.0,1.800004189047767,1.793175603672007,-0.00021081502897077206,0.0
1.0300956592865388e-07,0.0,1.800004063387985,1.7933794401659142,-0.00020463435752119457,0.0
1.0310956592865387e-07,0.0,1.8000039414815252,1.7935771882933427,-0.0001986382957663154,0.0
1.0320956592865387e-07,0.0,1.8000038232162692,1.7937690299069422,-0.00019282132962211652,0.0
1.0330956592865386e-07,0.0,1.8000037084834668,1.7939551414276271,-0.00018717810970475171,0.0
1.0340956592865386e-07,0.0,1.8000035971776012,1.7941356940068185,-0.00018170344640989716,0.0
1.0350956592865385e-07,0.0,1.8000034891963188,1.794310853683838,-0.00017639230514127148,0.0
1.0360956592865385e-07,0.0,1.8000033844403136,1.7944807815385988,-0.00017123980167995496,0.0
1.0370956592865384e-07,0.0,1.8000032828132542,1.7946456338397387,-0.00016624119769350455,0.0
1.0380956592865383e-07,0.0,1.800003184221679,1.7948055621883277,-0.0001613918963778108,0.0
1.0390956592865383e-07,0.0,1.8000030885749243,1.7949607136572823,-0.00015668743823037592,0.0
1.0400956592865382e-07,0.0,1.8000029957850294,1.7951112309266164,-0.00015212349694882207,0.0
1.0410956592865382e-07,0.0,1.8000029057666649,1.7952572524146535,-0.00014769587545271145,0.0
1.0420956592865381e-07,0.0,1.8000028184370471,1.795398912405317,-0.0001434005020235088,0.0
1.043095659286538e-07,0.0,1.8000027337159146,1.7955363411716208,-0.00013923342653633476,0.0
1.044095659286538e-07,0.0,1.8000026515251728,1.7956696650954693,-0.0001351908169211028,0.0
1.045095659286538e-07,0.0,1.8000025717895358,1.795799006783884,-0.0001312689555064608,0.0
1.0460956592865379e-07,0.0,1.800002494435376,1.7959244851817522,-0.00012746423567070415,0.0
1.0470956592865378e-07,0.0,1.800002419391814,1.7960462156812105,-0.0001237731585344322,0.0
1.0480956592865378e-07,0.0,1.8000023465896204,1.7961643102277633,-0.00012019232971173187,0.0
1.0490956592865377e-07,0.0,1.8000022759620298,1.7962788774232283,-0.00011671845621518296,0.0
1.0500956592865377e-07,0.0,1.8000022074439346,1.7963900226256098,-0.00011334834340495236,0.0
1.0510956592865376e-07,0.0,1.800002140972458,1.796497848045986,-0.0001100788920702087,0.0
1.0520956592865375e-07,0.0,1.8000020764863585,1.7966024528425064,-0.00010690709556269475,0.0
1.0530956592865375e-07,0.0,1.8000020139264294,1.7967039332115777,-0.00010383003704558139,0.0
1.0540956592865374e-07,0.0,1.8000019532350582,1.796802382476329,-0.0001008448867993499,0.0
1.0550956592865374e-07,0.0,1.8000018943565013,1.7968978911724325,-9.794889962954403e-05,0.0
1.0551336071647741e-07,0.0,1.800001892157711,1.7969014585241432,-9.784072413112319e-05,0.0
1.0552095029212475e-07,0.0,1.8000018877665804,1.7969085809274554,-9.762474610510474e-05,0.0
1.05521331286995e-07,0.0,1.8000018875464023,1.796908938038355,-9.761364140511923e-05,0.0
1.0552138023073253e-07,0.0,1.800001887517228,1.7969089839108958,-9.761213406516236e-05,0.0
1.0552138454354645e-07,0.0,1.8000018875162929,1.79690898795305,-9.760735487138399e-05,0.0
1.0552139316917431e-07,0.0,1.8000018875099988,1.7969089960373428,-9.760710975515008e-05,0.0
1.0552141042043e-07,0.0,1.8000018875008585,1.7969090122058637,-9.760661948949199e-05,0.0
1.0552141128643713e-07,0.0,1.800001887500983,1.7969090130175156,-9.756189138885483e-05,0.0
1.0552141301845137e-07,0.0,1.8000018874983348,1.7969090146408189,-9.756184218432115e-05,0.0
1.0552141648247985e-07,0.0,1.8000018874969743,1.796909017887424,-9.760644721877842e-05,0.0
1.0552142341053681e-07,0.0,1.800001887492915,1.7969090243806223,-9.760625033448605e-05,0.0
1.0552142375832289e-07,0.0,1.8000018874924801,1.7969090247065782,-9.744232768019906e-05,0.0
1.0552142445389506e-07,0.0,1.8000018874922694,1.79690902535849,-9.750191255594464e-05,0.0
1.0552142584503939e-07,0.0,1.80000188749186,1.7969090266623136,-9.759127998493166e-05,0.0
1.0552142862732806e-07,0.0,1.800001887489241,1.7969090292699585,-9.759120092700539e-05,0.0
1.0552142878933862e-07,0.0,1.8000018874893695,1.7969090294218,-9.827664973557072e-05,0.0
1.0552142911335975e-07,0.0,1.8000018874897388,1.7969090297254826,-9.779980336353607e-05,0.0
1.0552142976140198e-07,0.0,1.8000018874892585,1.7969090303328465,-9.768057565873375e-05,0.0
1.0552143105748647e-07,0.0,1.80000188748895,1.7969090315475744,-9.768053882160584e-05,0.0
1.0552143116804183e-07,0.0,1.800001887488312,1.7969090316511902,-9.779974497520421e-05,0.0
1.0552143138915256e-07,0.0,1.8000018874878205,1.7969090318584215,-9.756132011620555e-05,0.0
1.0552143143480992e-07,0.0,1.3366756617963043,1.7969090286960228,-8.463256619961612e-07,0.0
1.0552143147631721e-07,0.0,1.336662064598851,1.7969090229071378,-1.7999999784024112e-06,0.0
1.0552143149833633e-07,0.0,1.3366548515019103,1.7969090198361328,2.0146972872225888e-06,0.0
1.0552143152619514e-07,0.0,1.336645725480494,1.7969090159505996,-1.7999999784024112e-06,0.0
1.0552143158191276e-07,0.0,1.3366274736239376,1.7969090081793027,-1.7999999784024112e-06,0.0
1.0552143169334797e-07,0.0,1.336590970658117,1.7969089926357857,-2.2768371366055362e-06,0.0
1.0552143191621841e-07,0.0,1.3365179677127053,1.7969089615450542,-2.0384185575039737e-06,0.0
1.055214323619593e-07,0.0,1.3363719737755173,1.7969088993488078,-2.0384185575039737e-06,0.0
1.0552143325344106e-07,0.0,1.3360800337017744,1.7969087748971888,-2.0980232022793643e-06,0.0
1.0552143503640459e-07,0.0,1.3354963447025883,1.7969085257575028,-2.068220879891669e-06,0.0
1.0552143860233164e-07,0.0,1.334329730888281,1.7969080265328607,-2.0980232022793643e-06,0.0
1.0552144573418573e-07,0.0,1.3319995566619376,1.796907024306627,-2.0905726216824405e-06,0.0
1.0552145999789393e-07,0.0,1.3273513951927436,1.7969050047793345,-2.0868473313839786e-06,0.0
1.0552148852531032e-07,0.0,1.3181036081079893,1.796900905688242,-2.0887099765332096e-06,0.0
1.055215455801431e-07,0.0,1.2998004938394714,1.796892469445925,-2.087778653958594e-06,0.0
1.0552165968980865e-07,0.0,1.263950845671459,1.7968746611493434,-2.0887099765332096e-06,0.0
1.055218071576342e-07,0.0,1.2190785921847107,1.796849844212002,-2.0887099765332096e-06,0.0
1.0552198414767164e-07,0.0,1.1673172310906348,1.7968174692080263,-2.0884771458895557e-06,0.0
1.0552217813046349e-07,0.0,1.1131032607044682,1.7967788732204963,-2.088244315245902e-06,0.0
1.0552239626798438e-07,0.0,1.0551347464136742,1.7967317663358537,-2.088244315245902e-06,0.0
1.0552263041910763e-07,0.0,0.9962604636979514,1.7966770596358195,-2.088011484602248e-06,0.0
1.0552288700665949e-07,0.0,0.9355031491441975,1.7966124646561261,-2.088244315245902e-06,0.0
1.05523159168754e-07,0.0,0.8750954828492391,1.796538958095352,-2.088011484602248e-06,0.0
1.0552345266496349e-07,0.0,0.8143077366048985,1.7964543071161319,-2.088011484602248e-06,0.0
1.0552376200890341e-07,0.0,0.7547941006983881,1.7963594551433828,-2.0884771458895557e-06,0.0
1.055240923660546e-07,0.0,0.6960222062466722,1.7962522494727784,-2.088244315245902e-06,0.0
1.0552443939167736e-07,0.0,0.6391965189862819,1.7961335684400486,-2.088127899924075e-06,0.0
1.0552480772291781e-07,0.0,0.583936778050669,1.7960013597568025,-2.088011484602248e-06,0.0
1.0552519399920285e-07,0.0,0.5310972893839693,1.7958563994152346,-2.088127899924075e-06,0.0
1.0552560245072868e-07,0.0,0.48040213032245715,1.7956967286767629,-2.088127899924075e-06,0.0
1.0552603059488632e-07,0.0,0.43243476910964507,1.7955229811082538,-2.088011484602248e-06,0.0
1.0552648239238146e-07,0.0,0.3869849305020889,1.7953332647310505,-2.088011484602248e-06,0.0
1.0552695617638023e-07,0.0,0.34442843490337527,1.795128026676651,-2.088127899924075e-06,0.0
1.0552745578986791e-07,0.0,0.3045919507497835,1.7949053948917744,-2.088011484602248e-06,0.0
1.0552798036712352e-07,0.0,0.26769350515250995,1.7946655768076405,-2.088127899924075e-06,0.0
1.0552853380711824e-07,0.0,0.2335769681456999,1.7944066505975604,-2.088011484602248e-06,0.0
1.0552911608713557e-07,0.0,0.2023417172872815,1.794128513388814,-2.088011484602248e-06,0.0
1.0552973137456199e-07,0.0,0.17383636387315346,1.7938290940616952,-2.088127899924075e-06,0.0
1.0553038060691461e-07,0.0,0.14807229468690036,1.7935078786515872,-2.088127899924075e-06,0.0
1.055310685010823e-07,0.0,0.12489594426583998,1.7931625034428416,-2.0880696922631614e-06,0.0
1.0553179718306087e-07,0.0,0.10425471469516447,1.7927918909598717,-2.0881861075849883e-06,0.0
1.0553257232184946e-07,0.0,0.08598994992871846,1.7923931712648529,-2.0881861075849883e-06,0.0
1.0553339763863723e-07,0.0,0.07000389676383936,1.7919644612365155,-2.0881861075849883e-06,0.0
1.0553428037609178e-07,0.0,0.05613265061497608,1.7915020499256398,-2.0881861075849883e-06,0.0
1.0553522656726983e-07,0.0,0.04424813647527096,1.7910028446057407,-2.0881861075849883e-06,0.0
1.0553624605974738e-07,0.0,0.034182857817499746,1.7904617360618134,-2.088127899924075e-06,0.0
1.055373484953029e-07,0.0,0.025790215283227762,1.789873709902996,-2.0881861075849883e-06,0.0
1.0553854816883524e-07,0.0,0.018901951944855288,1.7892312642216615,-2.0881861075849883e-06,0.0
1.0553986080477046e-07,0.0,0.01336253076834432,1.7885261215864063,-2.088244315245902e-06,0.0
1.0554130872134406e-07,0.0,0.009006606702860406,1.7877464616318508,-2.0881861075849883e-06,0.0
1.0554291882453193e-07,0.0,0.00567787939922282,1.7868779963746662,-2.0881570037545316e-06,0.0
1.0554472912849463e-07,0.0,0.0032184426744958053,1.7859004645627596,-2.0881570037545316e-06,0.0
1.0554678941093502e-07,0.0,0.001478921190844557,1.7847872907163933,-2.0881570037545316e-06,0.0
1.0554917211956537e-07,0.0,0.0003147114799223686,1.7834997279026321,-2.0881861075849883e-06,0.0
1.0555198096355838e-07,0.0,-0.00040814444693256305,1.7819822816657584,-2.0881570037545316e-06,0.0
1.0555537801945628e-07,0.0,-0.0008126295500968862,1.7801482053903575,-2.0881861075849883e-06,0.0
1.0555962323792595e-07,0.0,-0.001006024432229316,1.7778584726254827,-2.0881861075849883e-06,0.0
1.0556517575759e-07,0.0,-0.0010770218475402763,1.774867844005859,-2.0881861075849883e-06,0.0
1.0557292104240425e-07,0.0,-0.0010911524199480609,1.7707044711970714,-2.088178831627374e-06,0.0
1.0558484291035954e-07,0.0,-0.0010877536107820418,1.7643150753057462,-2.088178831627374e-06,0.0
1.0560641897396134e-07,0.0,-0.0010805376418625496,1.7528101509470886,-2.088204297479024e-06,0.0
1.0564957110116496e-07,0.0,-0.0010665552601400183,1.730024638599554,-2.0881933835426025e-06,0.0
1.0573587535557219e-07,0.0,-0.0010389580526273482,1.685336470596938,-2.0881933835426025e-06,0.0
1.0583587535557218e-07,0.0,-0.0010079648704564765,1.6349973681474315,-2.0881933835426025e-06,0.0
1.0593587535557218e-07,0.0,-0.0009778247086488039,1.5861618379105074,-2.0881933835426025e-06,0.0
1.0603587535557217e-07,0.0,-0.0009486465301140399,1.5387849700439442,-2.0881933835426025e-06,0.0
1.0613587535557216e-07,0.0,-0.000920287462611558,1.492823195803935,-2.0881933835426025e-06,0.0
1.0623587535557216e-07,0.0,-0.0008928199423533787,1.4482342480574748,-2.0881933835426025e-06,0.0
1.0633587535557215e-07,0.0,-0.0008661350714213353,1.4049771219212257,-2.0881933835426025e-06,0.0
1.0643587535557215e-07,0.0,-0.0008402793175581894,1.3630120374700108,-2.0881933835426025e-06,0.0
1.0653587535557214e-07,0.0,-0.0008151686189948365,1.3223004028002112,-2.0881933835426025e-06,0.0
1.0663587535557214e-07,0.0,-0.0007908310639783143,1.2828047788407577,-2.0881933835426025e-06,0.0
1.0673587535557213e-07,0.0,-0.0007672008198287763,1.2444888446681412,-2.0881933835426025e-06,0.0
1.0683587535557212e-07,0.0,-0.000744293045352196,1.2073173643218507,-2.0881933835426025e-06,0.0
1.0693587535557212e-07,0.0,-0.0007220553554656496,1.1712561542167088,-2.0881933835426025e-06,0.0
1.0703587535557211e-07,0.0,-0.000700493889080257,1.1362720518633065,-2.0881933835426025e-06,0.0
1.0713587535557211e-07,0.0,-0.0006795662441764167,1.1023328852385323,-2.0881933835426025e-06,0.0
1.072358753555721e-07,0.0,-0.0006592723400579488,1.0694074433122445,-2.0881933835426025e-06,0.0
1.073358753555721e-07,0.0,-0.0006395772435333968,1.0374654472494376,-2.0881933835426025e-06,0.0
1.0743587535557209e-07,0.0,-0.0006204766560989827,1.0064775226464748,-2.0881933835426025e-06,0.0
1.0753587535557208e-07,0.0,-0.000601941285112124,0.97641517244895,-2.0881933835426025e-06,0.0
1.0763587535557208e-07,0.0,-0.0005839640415059346,0.9472507508038082,-2.0881933835426025e-06,0.0
1.0773587535557207e-07,0.0,-0.0005665199402747057,0.9189574375860563,-2.0881933835426025e-06,0.0
1.0783587535557207e-07,0.0,-0.0005496001158262654,0.8915092137766802,-2.0881933835426025e-06,0.0
1.0793587535557206e-07,0.0,-0.0005331829158174756,0.8648808374992921,-2.0881933835426025e-06,0.0
1.0803587535557206e-07,0.0,-0.0005172584152043649,0.8390478208376563,-2.0881933835426025e-06,0.0
1.0813587535557205e-07,0.0,-0.0005018075781631159,0.8139864072903626,-2.0881933835426025e-06,0.0
1.0823587535557204e-07,0.0,-0.0004868199240400358,0.7896735499458415,-2.0881933835426025e-06,0.0
1.0833587535557204e-07,0.0,-0.00047227850473503704,0.766086890269417,-2.0881933835426025e-06,0.0
1.0843587535557203e-07,0.0,-0.0004581726349004691,0.7432047375577983,-2.0881933835426025e-06,0.0
1.0853587535557203e-07,0.0,-0.0004444870611422193,0.7210060489785203,-2.0881933835426025e-06,0.0
1.0863587535557202e-07,0.0,-0.0004312111348294222,0.699470410229968,-2.0881933835426025e-06,0.0
1.0873587535557202e-07,0.0,-0.00041833100282033357,0.6785780167583624,-2.0881933835426025e-06,0.0
1.0883587535557201e-07,0.0,-0.000405836216360939,0.658309655553349,-2.0881933835426025e-06,0.0
1.08935875355572e-07,0.0,-0.00039371409980845694,0.6386466874724109,-2.0881933835426025e-06,0.0
1.09035875355572e-07,0.0,-0.00038195451168296054,0.619571030105899,-2.0881933835426025e-06,0.0
1.0913587535557199e-07,0.0,-0.0003705457833856465,0.60106514114311,-2.0881933835426025e-06,0.0
1.0923587535557199e-07,0.0,-0.00035947814851578977,0.5831120022443324,-2.0881933835426025e-06,0.0
1.0933587535557198e-07,0.0,-0.0003487408133421208,0.5656951033868621,-2.0881933835426025e-06,0.0
1.0943587535557198e-07,0.0,-0.0003383244263761197,0.5487984276851691,-2.0881933835426025e-06,0.0
1.0953587535557197e-07,0.0,-0.00032821896471566263,0.5324064366588791,-2.0881933835426025e-06,0.0
1.0963587535557196e-07,0.0,-0.0003184155119882137,0.516504055945529,-2.0881933835426025e-06,0.0
1.0973587535557196e-07,0.0,-0.00030890473287960665,0.5010766614360376,-2.0881933835426025e-06,0.0
1.0983587535557195e-07,0.0,-0.00029967815268925035,0.4861100658277146,-2.0881933835426025e-06,0.0
1.0993587535557195e-07,0.0,-0.00029072705592555977,0.4715905055760125,-2.0881933835426025e-06,0.0
1.1003587535557194e-07,0.0,-0.000282043406749936,0.4575046282384797,-2.0881933835426025e-06,0.0
1.1013587535557194e-07,0.0,-0.000273619053339703,0.44383948019464314,-2.0881933835426025e-06,0.0
1.1023587535557193e-07,0.0,-0.00026544638960098344,0.4305824947344607,-2.0881933835426025e-06,0.0
1.1033587535557192e-07,0.0,-0.0002575177800259688,0.41772148050104974,-2.0881933835426025e-06,0.0
1.1043587535557192e-07,0.0,-0.0002498260350194337,0.4052446102798984,-2.0881933835426025e-06,0.0
1.1053587535557191e-07,0.0,-0.00024236399478154896,0.3931404101218448,-2.0881933835426025e-06,0.0
1.106358753555719e-07,0.0,-0.00023512487038684205,0.381397748791862,-2.0881933835426025e-06,0.0
1.107358753555719e-07,0.0,-0.00022810194238063645,0.370005827532213,-2.0881933835426025e-06,0.0
1.108358753555719e-07,0.0,-0.00022128880518615705,0.3589541701320341,-2.0881933835426025e-06,0.0
1.1093587535557189e-07,0.0,-0.00021467914846991001,0.34823261329296373,-2.0881933835426025e-06,0.0
1.1103587535557188e-07,0.0,-0.00020826693195474957,0.33783129728301825,-2.0881933835426025e-06,0.0
1.1113587535557188e-07,0.0,-0.00020204622652502288,0.32774065686921966,-2.0881933835426025e-06,0.0
1.1123587535557187e-07,0.0,-0.00019601133895729016,0.3179514125214,-2.0881933835426025e-06,0.0
1.1133587535557187e-07,0.0,-0.00019015669616124137,0.308454561878446,-2.0881933835426025e-06,0.0
1.1143587535557186e-07,0.0,-0.00018447693388720578,0.2992413714696858,-2.0881933835426025e-06,0.0
1.1153587535557185e-07,0.0,-0.00017896681213087418,0.29030336868333684,-2.0881933835426025e-06,0.0
1.1163587535557185e-07,0.0,-0.0001736212779461856,0.28163233397502724,-2.0881933835426025e-06,0.0
1.1173587535557184e-07,0.0,-0.0001684354033807047,0.2732202933088872,-2.0881933835426025e-06,0.0
1.1183587535557184e-07,0.0,-0.00016340442969015306,0.2650595108245462,-2.0881933835426025e-06,0.0
1.1193587535557183e-07,0.0,-0.00015852372157772524,0.2571424817230483,-2.0881933835426025e-06,0.0
1.1203587535557183e-07,0.0,-0.00015378879806585567,0.24946192536535072,-2.0881933835426025e-06,0.0
1.1213587535557182e-07,0.0,-0.00014919529854698883,0.24201077857688336,-2.0881933835426025e-06,0.0
1.1223587535557181e-07,0.0,-0.00014473900409726589,0.23478218915216087,-2.0881933835426025e-06,0.0
1.1233587535557181e-07,0.0,-0.00014041581209730576,0.22776950955334718,-2.0881933835426025e-06,0.0
1.124358753555718e-07,0.0,-0.00013622175071200272,0.22096629079708593,-2.0881933835426025e-06,0.0
1.125358753555718e-07,0.0,-0.00013215295974171955,0.21436627652388257,-2.0881933835426025e-06,0.0
1.1263587535557179e-07,0.0,-0.00012820570022855564,0.20796339724466265,-2.0881933835426025e-06,0.0
1.1273587535557179e-07,0.0,-0.00012437633984842237,0.20175176475914927,-2.0881933835426025e-06,0.0
1.1283587535557178e-07,0.0,-0.00012066135905349602,0.19572566674098218,-2.0881933835426025e-06,0.0
1.1293587535557177e-07,0.0,-0.00011705733978485314,0.18987956148455243,-2.0881933835426025e-06,0.0
1.1303587535557177e-07,0.0,-0.00011356096916404455,0.1842080728087607,-2.0881933835426025e-06,0.0
1.1313587535557176e-07,0.0,-0.00011016903064384668,0.1787059851129797,-2.0881933835426025e-06,0.0
1.1323587535557176e-07,0.0,-0.00010687840597662495,0.17336823858070238,-2.0881933835426025e-06,0.0
1.1333587535557175e-07,0.0,-0.0001036860681643584,0.1681899245264405,-2.0881933835426025e-06,0.0
1.1343587535557175e-07,0.0,-0.00010058908222570935,0.16316628088161558,-2.0881933835426025e-06,0.0
1.1353587535557174e-07,0.0,-9.758459948245476e-05,0.15829268781527325,-2.0881933835426025e-06,0.0
1.1363587535557173e-07,0.0,-9.466985749904613e-05,0.15356466348560868,-2.0881933835426025e-06,0.0
1.1373587535557173e-07,0.0,-9.184217536946022e-05,0.1489778599183836,-2.0881933835426025e-06,0.0
1.1383587535557172e-07,0.0,-8.909895309645372e-05,0.14452805900845478,-2.0881933835426025e-06,0.0
1.1393587535557172e-07,0.0,-8.643766763443977e-05,0.1402111686407288,-2.0881933835426025e-06,0.0
1.1403587535557171e-07,0.0,-8.385587189886604e-05,0.13602321892698263,-2.0881933835426025e-06,0.0
1.141358753555717e-07,0.0,-8.135119138704829e-05,0.13196035855508334,-2.0881933835426025e-06,0.0
1.142358753555717e-07,0.0,-7.892132295280492e-05,0.1280188512472549,-2.0881933835426025e-06,0.0
1.143358753555717e-07,0.0,-7.656403187492514e-05,0.12419507232413049,-2.0881933835426025e-06,0.0
1.1443587535557169e-07,0.0,-7.427715049273395e-05,0.12048550537143454,-2.0881933835426025e-06,0.0
1.1453587535557168e-07,0.0,-7.20585756263072e-05,0.11688673900622577,-2.0881933835426025e-06,0.0
1.1463587535557168e-07,0.0,-6.990626714018072e-05,0.11339546373973002,-2.0881933835426025e-06,0.0
1.1473587535557167e-07,0.0,-6.781824564454319e-05,0.11000846893387567,-2.0881933835426025e-06,0.0
1.1483587535557167e-07,0.0,-6.579259103381104e-05,0.10672263984873495,-2.0881933835426025e-06,0.0
1.1493587535557166e-07,0.0,-6.382744041616542e-05,0.10353495477815407,-2.0881933835426025e-06,0.0
1.1503587535557165e-07,0.0,-6.192098665912946e-05,0.10044248227093941,-2.0881933835426025e-06,0.0
1.1513587535557165e-07,0.0,-6.007147650801211e-05,0.09744237843504322,-2.0881933835426025e-06,0.0
1.1523587535557164e-07,0.0,-5.8277209160118524e-05,0.09453188432227078,-2.0881933835426025e-06,0.0
1.1533587535557164e-07,0.0,-5.653653454227347e-05,0.09170832339110298,-2.0881933835426025e-06,0.0
1.1543587535557163e-07,0.0,-5.484785192787296e-05,0.08896909904530186,-2.0881933835426025e-06,0.0
1.1553587535557163e-07,0.0,-5.320960835065278e-05,0.086311692246035,-2.0881933835426025e-06,0.0
1.1563587535557162e-07,0.0,-5.162029727345501e-05,0.08373365919532318,-2.0881933835426025e-06,0.0
1.1573587535557161e-07,0.0,-5.007845712057323e-05,0.0812326290886808,-2.0881933835426025e-06,0.0
1.1583587535557161e-07,0.0,-4.858267000340264e-05,0.07880630193488253,-2.0881933835426025e-06,0.0
1.159358753555716e-07,0.0,-4.713156035736844e-05,0.07645244644085081,-2.0881933835426025e-06,0.0
1.160358753555716e-07,0.0,-4.572379372713347e-05,0.07416889795971966,-2.0881933835426025e-06,0.0
1.1613587535557159e-07,0.0,-4.435807549677221e-05,0.07195355650018738,-2.0881933835426025e-06,0.0
1.1623587535557159e-07,0.0,-4.3033149735451204e-05,0.06980438479532759,-2.0881933835426025e-06,0.0
1.1633587535557158e-07,0.0,-4.174779801167663e-05,0.06771940642908279,-2.0881933835426025e-06,0.0
1.1643587535557157e-07,0.0,-4.050083829893181e-05,0.0656967040187175,-2.0881933835426025e-06,0.0
1.1653587535557157e-07,0.0,-3.929112386646687e-05,0.06373441745155929,-2.0881933835426025e-06,0.0
1.1663587535557156e-07,0.0,-3.811754224363571e-05,0.061830742174406636,-2.0881933835426025e-06,0.0
1.1673587535557156e-07,0.0,-3.697901418074962e-05,0.05998392753402996,-2.0881933835426025e-06,0.0
1.1683587535557155e-07,0.0,-3.587449267030473e-05,0.05819227516724025,-2.0881933835426025e-06,0.0
1.1693587535557155e-07,0.0,-3.480296197244587e-05,0.05645413743904439,-2.0881933835426025e-06,0.0
1.1703587535557154e-07,0.0,-3.376343669081473e-05,0.054767915927451095,-2.0881933835426025e-06,0.0
1.1713587535557153e-07,0.0,-3.2754960857919236e-05,0.053132059953533935,-2.0881933835426025e-06,0.0
1.1723587535557153e-07,0.0,-3.177660706317997e-05,0.05154506515539977,-2.0881933835426025e-06,0.0
1.1733587535557152e-07,0.0,-3.082747559397011e-05,0.05000547210475117,-2.0881933835426025e-06,0.0
1.1743587535557152e-07,0.0,-2.9906693613411527e-05,0.04851186496477044,-2.0881933835426025e-06,0.0
1.1753587535557151e-07,0.0,-2.901341435328724e-05,0.04706287018809124,-2.0881933835426025e-06,0.0
1.176358753555715e-07,0.0,-2.8146816339087553e-05,0.04565715525366028,-2.0881933835426025e-06,0.0
1.177358753555715e-07,0.0,-2.7306102631383975e-05,0.04429342744132757,-2.0881933835426025e-06,0.0
1.178358753555715e-07,0.0,-2.649050009564478e-05,0.042970432643038285,-2.0881933835426025e-06,0.0
1.1793587535557149e-07,0.0,-2.5699258688972877e-05,0.0416869542095329,-2.0881933835426025e-06,0.0
1.1803587535557148e-07,0.0,-2.4931650772273976e-05,0.04044181183149519,-2.0881933835426025e-06,0.0
1.1813587535557148e-07,0.0,-2.418697043947778e-05,0.03923386045411904,-2.0881933835426025e-06,0.0
1.1823587535557147e-07,0.0,-2.3464532869764553e-05,0.038061989224095955,-2.0881933835426025e-06,0.0
1.1833587535557147e-07,0.0,-2.276367369659417e-05,0.036925120468054795,-2.0881933835426025e-06,0.0
1.1843587535557146e-07,0.0,-2.208374839778126e-05,0.03582220870151443,-2.0881933835426025e-06,0.0
1.1853587535557145e-07,0.0,-2.1424131701884848e-05,0.034752239667437894,-2.0881933835426025e-06,0.0
1.1863587535557145e-07,0.0,-2.0784217013966923e-05,0.033714229403503694,-2.0881933835426025e-06,0.0
1.1873587535557144e-07,0.0,-2.0163415857098492e-05,0.03270722333723685,-2.0881933835426025e-06,0.0
1.1883587535557144e-07,0.0,-1.9561157331744347e-05,0.03173029540816726,-2.0881933835426025e-06,0.0
1.1893587535557143e-07,0.0,-1.8976887590291876e-05,0.03078254721620821,-2.0881933835426025e-06,0.0
1.1903587535557143e-07,0.0,-1.8410069328094238e-05,0.029863107195471878,-2.0881933835426025e-06,0.0
1.1913587535557142e-07,0.0,-1.7860181289063143e-05,0.028971129812762016,-2.0881933835426025e-06,0.0
1.1923587535557143e-07,0.0,-1.7326717786540278e-05,0.028105794790006803,-2.0881933835426025e-06,0.0
1.1933587535557144e-07,0.0,-1.6809188238083003e-05,0.027266306349916683,-2.0881933835426025e-06,0.0
1.1943587535557144e-07,0.0,-1.630711671445592e-05,0.026451892484173616,-2.0881933835426025e-06,0.0
1.1953587535557145e-07,0.0,-1.5820041501837294e-05,0.02566180424347864,-2.0881933835426025e-06,0.0
1.1963587535557146e-07,0.0,-1.5347514677329778e-05,0.024895315048804968,-2.0881933835426025e-06,0.0
1.1973587535557147e-07,0.0,-1.4889101696941088e-05,0.02415172002322312,-2.0881933835426025e-06,0.0
1.1983587535557147e-07,0.0,-1.4444380996062728e-05,0.023430335343683727,-2.0881933835426025e-06,0.0
1.1993587535557148e-07,0.0,-1.4012943601702565e-05,0.022730497612161865,-2.0881933835426025e-06,0.0
1.2000000000000002e-07,2.183756817139993e-14,-1.37431036165391e-05,0.022292788211989656,-2.0881924740479008e-06,-3.0649607804819702e-15
1.2000000148251287e-07,2.44614622669129e-06,-1.3743097448068658e-05,0.022292778190867068,-2.0831220410855167e-06,-0.007424999985535385
1.2000000444753857e-07,7.338438636398733e-06,-1.3743085086635576e-05,0.022292758148630902,-2.0831220410855167e-06,-0.007424999990449919
1.2000001037759e-07,1.7123023499488758e-05,-1.3743060370856316e-05,0.02229271806421261,-2.0980232022793643e-06,-0.00742500006656447
1.2000002223769284e-07,3.669219318199366e-05,-1.374301094988721e-05,0.022292637895592243,-2.0831220410855167e-06,-0.007424999986794387
1.2000004595789852e-07,7.58305325470035e-05,-1.3742912104135347e-05,0.02229247755921642,-2.0868473313839786e-06,-0.007425000125538918
1.2000009339830987e-07,0.00015410721127702312,-1.3742714417798935e-05,0.022292156889924346,-2.0887099765332096e-06,-0.007425000104743257
1.2000018827913257e-07,0.0003106605687370624,-1.3742319052698854e-05,0.02229151556517822,-2.0887099765332096e-06,-0.007425000361436659
1.2000037804077798e-07,0.0006237672836571409,-1.3741528356341828e-05,0.022290232971036134,-2.0887099765332096e-06,-0.0074250005765387345
1.2000075756406882e-07,0.0012499807135409732,-1.3739947100337008e-05,0.02228766800413668,-2.088127899924075e-06,-0.0074250013060633835
1.2000151661065047e-07,0.0025024075732649623,-1.3736785134120761e-05,0.022282538955749342,-2.088127899924075e-06,-0.007425002463202823
1.200030347038138e-07,0.0050072612927566165,-1.3730463384379625e-05,0.022272284399602257,-2.0881861075849883e-06,-0.007425005080686109
1.2000607089014042e-07,0.01001696873169625,-1.3717828610853618e-05,0.02225178944167315,-2.08817155566976e-06,-0.007425010011800737
1.200121432627937e-07,0.02003638360961919,-1.3692593927318632e-05,0.022210856078181098,-2.0881933835426025e-06,-0.0074250201782049
1.2002428800810028e-07,0.04007521336546507,-1.3642263693927072e-05,0.02212921504098398,-1.0260438784825965e-05,-0.007425040206707756
1.200485774987134e-07,0.08015287287711315,-1.3542157209559125e-05,0.02196683158547704,-0.00011926053431920991,-0.007425080567998066
1.2009715647993967e-07,0.160308191900453,-1.33441399192357e-05,0.021645626300357296,-0.0007179939941295288,-0.007425160986326063
1.2019431444239218e-07,0.32061882994708907,-1.2956728688155366e-05,0.021017203728110556,-0.003438394312325954,-0.007425322127218692
1.2029431444239219e-07,0.4856188299471014,-1.2569725792977081e-05,0.02038944352048814,-0.00835891443821879,-0.0074254877759756255
1.203943144423922e-07,0.6506188299471138,-1.2194282238463695e-05,0.019780433803338774,-0.015430545675258145,-0.0074256536275498775
1.204943144423922e-07,0.8156188299471262,-1.1830052760137837e-05,0.019189614520627188,-0.024653288023387177,-0.007425819276321022
1.2050217626531847e-07,0.8285908377754635,-1.1801885389016278e-05,0.01914392402331168,-0.025469569776134904,-0.007425832408713973
1.2051789991117097e-07,0.8545348534320942,-1.1745751607170856e-05,0.019052869008003976,-0.027142020266524014,-0.007425858369231264
1.205208079064989e-07,0.8593330457231934,-1.173539930831653e-05,0.01903607646882667,-0.027457157496257878,-0.007425863290649204
1.205266238971548e-07,0.8689294303054353,-1.1714722071031576e-05,0.01900253577200203,-0.028092889263604093,-0.00742587282933016
1.205382558784666e-07,0.8881221994698755,-1.1673476797262847e-05,0.01893563151382561,-0.029386181618690443,-0.007425892210648044
1.205407562208823e-07,0.8922477644557896,-1.1664629943943111e-05,0.01892128096878533,-0.029667980652817505,-0.007425896253707265
1.2054246902492538e-07,0.8950738911268665,-1.165857347361028e-05,0.018911456724215864,-0.029861797007754376,-0.007425899193890473
1.2054355120486708e-07,0.896859488030674,-1.1654748509545328e-05,0.018905252222232143,-0.02998457893548334,-0.007425900886403269
1.2054442312764228e-07,0.8982981606097522,-1.1651667612156181e-05,0.018900254676188482,-0.03008368882839818,-0.007425902432643738
1.2054517603041013e-07,0.899540450176703,-1.1649007921497427e-05,0.018895940372702157,-0.030169401457555978,-0.0074259035797012984
1.2054586877033284e-07,0.9006834710491828,-1.1646561297351781e-05,0.018891971685876495,-0.03015387174633588,-0.007425904829119645
1.2054657177085756e-07,0.9018434219149699,-1.1644078960051707e-05,0.018887945068507623,-0.03007387471316747,-0.007425905892873175
1.2054710485201023e-07,0.902723005816869,-1.1642196970988237e-05,0.01888489228045491,-0.030013241925900047,-0.007425906878196997
1.2054782317783848e-07,0.9039082434334876,-1.1639661475519966e-05,0.018880779434792064,-0.029931701449783077,-0.007425907966748468
1.20549259829495e-07,0.9062787186667249,-1.1634592140947928e-05,0.018872556430321676,-0.029768734045148904,-0.007425910450081119
1.2055213313280803e-07,0.9110196691332433,-1.1624460093727276e-05,0.018856121162952478,-0.02944468597209493,-0.007425915110630399
1.2055787973943409e-07,0.9205015700662362,-1.1604222458453459e-05,0.01882329354774891,-0.0288014736983655,-0.007425924737532341
1.205693729526862e-07,0.939465371932222,-1.1563852794271473e-05,0.01875780962220171,-0.02753636022828232,-0.007425943685660741
1.2059235937919042e-07,0.9773929756641939,-1.1483534057587945e-05,0.018627524015978357,-0.02509137796499772,-0.007425981887593025
1.2063833223219887e-07,1.0532481831281373,-1.132456439519156e-05,0.018369658171765946,-0.02054239187967255,-0.0074260579857821085
1.207302779382158e-07,1.204958598056068,-1.101318166786545e-05,0.01786456198776993,-0.012808333807015515,-0.00742621048783576
1.208302779382158e-07,1.3699585980560802,-1.0684230333533755e-05,0.01733096763870215,-0.0064612675577393475,-0.007426376136066892
1.2093027793821582e-07,1.5349585980560927,-1.0365104405112216e-05,0.01681331115195375,-0.0022653124191265306,-0.007426541988166946
1.2103027793821582e-07,1.6999585980561052,-1.0055510408808739e-05,0.016311116481525077,-0.00022046839163181176,-0.0074267076364264994
1.2113027793821583e-07,1.8649585980561176,-9.755163636531348e-06,0.015823921800374403,-2.0881933835426025e-06,-0.007426873488498131
1.2123027793821584e-07,2.0299585980561297,-9.463787884121628e-06,0.015351279075713669,-2.0881933835426025e-06,-0.007427039136786107
1.2133027793821585e-07,2.1949585980561426,-9.181115197311906e-06,0.01489275365698966,-2.0881933835426025e-06,-0.007427204988800895
1.2143027793821585e-07,2.3599585980561546,-8.906885625337608e-06,0.014447923876171727,-2.0881933835426025e-06,-0.00742737063708887
1.2153027793821586e-07,2.524958598056167,-8.640846981863699e-06,0.014016380659978438,-2.0881933835426025e-06,-0.007427536489160502
1.2163027793821587e-07,2.6899585980561795,-8.382754613082228e-06,0.013597727153686623,-2.0881933835426025e-06,-0.007427702137420056
1.2173027793821588e-07,2.8549585980561916,-8.132371172713675e-06,0.013191578356176788,-2.0881933835426025e-06,-0.007427867989406423
1.2183027793821588e-07,3.0199585980562045,-7.889466403750084e-06,0.012797560765879326,-2.0881933835426025e-06,-0.007428033637779663
1.219302779382159e-07,3.184958598056217,-7.653816926696748e-06,0.012415312037295909,-2.0881933835426025e-06,-0.00742819948976603
1.22e-07,3.3000000000000003,-7.493700678965258e-06,0.012155586308700582,-2.0881924740479008e-06,-0.0074283149523921566
1.2200031888824713e-07,3.3000000000000003,-7.492976165308229e-06,0.012154411069832984,-2.088127899924075e-06,-3.3150033118545252e-06
1.220009566647414e-07,3.3000000000000003,-7.491527278091074e-06,0.01215206081934909,-2.088127899924075e-06,-3.3150033118545252e-06
1.2200223221772996e-07,3.3000000000000003,-7.488630344072647e-06,0.012147361681625472,-2.0881861075849883e-06,-3.3150033118545252e-06
1.2200478332370705e-07,3.3000000000000003,-7.482839836059402e-06,0.012137968856519625,-2.0881861075849883e-06,-3.315003368697944e-06
1.2200988553566123e-07,3.3000000000000003,-7.4712722472015606e-06,0.012119204986609539,-2.0882006595002167e-06,-3.3150033118545252e-06
1.220200899595696e-07,3.3000000000000003,-7.448190674451706e-06,0.012081764199776909,-2.088178831627374e-06,-3.3150033118545252e-06
1.2204049880738633e-07,3.3000000000000003,-7.402241122022712e-06,0.01200722909698078,-2.088204297479024e-06,-3.3150033118545252e-06
1.220813165030198e-07,3.3000000000000003,-7.311189821177685e-06,0.011859534120448793,-2.0881933835426025e-06,-3.315003368697944e-06
1.2216295189428676e-07,3.3000000000000003,-7.132426612214658e-06,0.011569561020578045,-2.0881933835426025e-06,-3.3150033118545252e-06
1.2226295189428677e-07,3.3000000000000003,-6.919389061221595e-06,0.011223991261520887,-2.0881933835426025e-06,-3.315003368697944e-06
1.2236295189428677e-07,3.3000000000000003,-6.712714701975061e-06,0.010888743282016335,-2.0881933835426025e-06,-3.315003368697944e-06
1.2246295189428678e-07,3.3000000000000003,-6.512213473097292e-06,0.010563508782132637,-2.0881933835426025e-06,-3.315003368697944e-06
1.225629518942868e-07,3.3000000000000003,-6.3177009901429394e-06,0.010247988670509824,-2.0881933835426025e-06,-3.315003368697944e-06
1.226629518942868e-07,3.3000000000000003,-6.128998376007627e-06,0.00994189278931004,-2.0881933835426025e-06,-3.315003368697944e-06
1.227629518942868e-07,3.3000000000000003,-5.945932096459823e-06,0.00964493964738329,-2.0881933835426025e-06,-3.315003368697944e-06
1.228629518942868e-07,3.3000000000000003,-5.768333800525281e-06,0.00935685616140324,-2.0881933835426025e-06,-3.315003368697944e-06
1.2296295189428682e-07,3.3000000000000003,-5.5960401656982755e-06,0.009077377404734991,-2.0881933835426025e-06,-3.315003368697944e-06
1.2306295189428683e-07,3.3000000000000003,-5.4288927477181855e-06,0.008806246363803897,-2.0881933835426025e-06,-3.315003368697944e-06
1.2316295189428683e-07,3.3000000000000003,-5.266737834889477e-06,0.008543213701741355,-2.0881933835426025e-06,-3.315003368697944e-06
1.2326295189428684e-07,3.3000000000000003,-5.109426306699419e-06,0.008288037529090247,-2.0881933835426025e-06,-3.315003368697944e-06
1.2336295189428685e-07,3.3000000000000003,-4.956813496708376e-06,0.008040483181359147,-2.0881933835426025e-06,-3.315003368697944e-06
1.2346295189428686e-07,3.3000000000000003,-4.808759059490268e-06,0.0078003230032207245,-2.0881933835426025e-06,-3.315003368697944e-06
1.2356295189428686e-07,3.3000000000000003,-4.6651268415880915e-06,0.007567336139155913,-2.0881933835426025e-06,-3.315003368697944e-06
1.2366295189428687e-07,3.3000000000000003,-4.525784756286873e-06,0.007341308330351294,-2.0881933835426025e-06,-3.315003368697944e-06
1.2376295189428688e-07,3.3000000000000003,-4.390604662160093e-06,0.007122031717662921,-2.0881933835426025e-06,-3.315003368697944e-06
1.238629518942869e-07,3.3000000000000003,-4.259462245215582e-06,0.0069093046504654105,-2.0881933835426025e-06,-3.315003368697944e-06
1.239629518942869e-07,3.3000000000000003,-4.132236904585461e-06,0.006702931501210476,-2.0881933835426025e-06,-3.315003368697944e-06
1.240629518942869e-07,3.3000000000000003,-4.008811641608677e-06,0.006502722485524401,-2.0881933835426025e-06,-3.315003368697944e-06
1.241629518942869e-07,3.3000000000000003,-3.88907295224706e-06,0.006308493487678989,-2.0881933835426025e-06,-3.315003368697944e-06
1.2426295189428692e-07,3.3000000000000003,-3.7729107226970374e-06,0.0061200658912755135,-2.0881933835426025e-06,-3.315003368697944e-06
1.2436295189428692e-07,3.3000000000000003,-3.660218128132193e-06,0.005937266414985934,-2.0881933835426025e-06,-3.315003368697944e-06
1.2446295189428693e-07,3.3000000000000003,-3.550891534462331e-06,0.005759926953200345,-2.0881933835426025e-06,-3.315003368697944e-06
1.2446674030316615e-07,3.3000000000000003,-3.5468149316726345e-06,0.005753314263159932,-2.0881861075849883e-06,-3.3150033118545252e-06
1.2447431712092456e-07,3.3000000000000003,-3.5386757515113325e-06,0.005740111645129838,-2.088178831627374e-06,-3.315003368697944e-06
1.244894707564414e-07,3.3000000000000003,-3.522453368163623e-06,0.005713797196401859,-2.088204297479024e-06,-3.3150033118545252e-06
1.2451977802747507e-07,3.3000000000000003,-3.49023119239398e-06,0.005661529372047591,-2.0881933835426025e-06,-3.315003368697944e-06
1.2452129684036566e-07,3.3000000000000003,-3.4886242061047694e-06,0.005658922667795957,-2.088215211415445e-06,-3.3150033118545252e-06
1.245243344661468e-07,3.3000000000000003,-3.485412452642934e-06,0.005653712859031929,-2.08817155566976e-06,-3.3150033118545252e-06
1.245304097177091e-07,3.3000000000000003,-3.478997812092994e-06,0.005643307623898204,-2.0882006595002167e-06,-3.3150033118545252e-06
1.245307146944113e-07,3.3000000000000003,-3.4786761095860188e-06,0.00564278578791668,-2.088244315245902e-06,-3.3150033118545252e-06
1.2453075387263383e-07,3.3000000000000003,-3.4786347850319716e-06,0.005642718754797987,-2.0868473313839786e-06,-3.3150032550111064e-06
1.245308322290789e-07,3.3000000000000003,-3.478552136837257e-06,0.005642584690949536,-2.087778653958594e-06,-3.315003368697944e-06
1.245308361625491e-07,3.3000000000000003,-3.4785479891245216e-06,0.005642577961068246,-2.0980232022793643e-06,-3.3150039371321327e-06
1.245308440294895e-07,3.3000000000000003,-3.478539690917034e-06,0.005642564501329744,-2.0905726216824405e-06,-3.315003027637431e-06
1.2453085976337027e-07,3.3000000000000003,-3.4785230949168394e-06,0.005642537581949061,-2.0868473313839786e-06,-3.315003482384782e-06
1.2453089123113186e-07,3.3000000000000003,-3.4784899045755505e-06,0.0056424837435729795,-2.0887099765332096e-06,-3.3150032550111064e-06
1.2453089281080407e-07,3.3000000000000003,-3.4784882340605045e-06,0.0056424810409161415,-2.068220879891669e-06,-3.315006665616238e-06
1.245308959701485e-07,3.3000000000000003,-3.4784849063478768e-06,0.0056424756356063515,-2.0980232022793643e-06,-3.3150048466268345e-06
1.245309022888374e-07,3.3000000000000003,-3.4784782402630025e-06,0.005642464825002302,-2.0905726216824405e-06,-3.3150039371321327e-06
1.2453091492621515e-07,3.3000000000000003,-3.4784649134018874e-06,0.00564244320385634,-2.0868473313839786e-06,-3.3150039371321327e-06
1.2453091556060773e-07,3.3000000000000003,-3.4784642282106428e-06,0.005642442118483473,-2.0384185575039737e-06,-3.315010303595045e-06
1.2453091682939288e-07,3.3000000000000003,-3.478462907550883e-06,0.005642439947738365,-2.0980232022793643e-06,-3.315003027637431e-06
1.245309193669632e-07,3.3000000000000003,-3.478460227162597e-06,0.005642435606250655,-2.068220879891669e-06,-3.315003027637431e-06
1.2453092444210382e-07,3.3000000000000003,-3.4784548743741724e-06,0.005642426923285255,-2.0980232022793643e-06,-3.315003027637431e-06
1.2453092472734918e-07,3.3000000000000003,-3.4784545809234826e-06,0.005642426435264566,-1.7999999784024112e-06,-3.315003027637431e-06
1.2453092529783993e-07,3.3000000000000003,-3.4784539744880595e-06,0.005642425459223314,-1.9192092679531925e-06,-3.315010303595045e-06
1.245309264388214e-07,3.3000000000000003,-3.4784527722719704e-06,0.005642423507141312,-2.0384185575039737e-06,-3.315006665616238e-06
1.2453092657400462e-07,3.3000000000000003,-3.4784526256863747e-06,0.005642423275859109,-2.2768371366055362e-06,-3.3150175795526593e-06
1.2453092684437108e-07,3.3000000000000003,-3.4784523254118973e-06,0.005642422813294727,-2.0384185575039737e-06,-3.3150175795526593e-06
1.2453092738510402e-07,3.3000000000000003,-3.47845176748256e-06,0.005642421888166077,-2.0384185575039737e-06,-3.315003027637431e-06
1.245309284665699e-07,3.3000000000000003,-3.478450630313921e-06,0.005642420037909238,-2.0980232022793643e-06,-3.315010303595045e-06
1.2453092859817922e-07,3.3000000000000003,-3.4784505209439605e-06,0.0056424198127417195,-2.2768371366055362e-06,-3.3150175795526593e-06
1.2453092868036214e-07,3.3000000000000003,0.45313329232462646,0.005642425314577399,-0.013562582437180433,-3.3150175795526593e-06
1.245309287817365e-07,3.3000000000000003,0.453167009147235,0.00564243906179039,-0.013564080613263958,-3.3150175795526593e-06
1.2453092882008824e-07,3.3000000000000003,0.4531797646078128,0.005642444262878419,-0.013562082811702266,-3.3150175795526593e-06
1.245309288766826e-07,3.3000000000000003,0.45319858717825934,0.005642451938214972,-0.01356456032751671,-3.3150175795526593e-06
1.2453092898987126e-07,3.3000000000000003,0.45323623153188297,0.005642467289856075,-0.013566177475100926,-3.314959371891746e-06
1.2453092921624862e-07,3.3000000000000003,0.45331151708487943,0.005642497997010151,-0.013568219581682039,-3.3150175795526593e-06
1.2453092966900332e-07,3.3000000000000003,0.4534620755758731,0.005642559426804709,-0.013572780249250507,-3.3149884757222026e-06
1.2453093057451273e-07,3.3000000000000003,0.45376314210548135,0.005642682348330759,-0.013581959658232319,-3.315003027637431e-06
1.2453093238553153e-07,3.3000000000000003,0.4543650734101025,0.005642928439061311,-0.013600163343108694,-3.315003027637431e-06
1.2453093600756914e-07,3.3000000000000003,0.4555681294521526,0.005643421610682176,-0.013636635647592054,-3.315003027637431e-06
1.2453094325164435e-07,3.3000000000000003,0.45797101886892483,0.005644411910135088,-0.013709415421640078,-3.315003027637431e-06
1.2453095773979479e-07,3.3000000000000003,0.4627639357830205,0.005646408298533799,-0.013854595899141762,-3.315003482384782e-06
1.2453098671609565e-07,3.3000000000000003,0.47229855101095897,0.005650463951621564,-0.014143412132005264,-3.3150032550111064e-06
1.2453104466869738e-07,3.3000000000000003,0.49116472504647557,0.005658824527505648,-0.014714879890914197,-3.3150032550111064e-06
1.2453116057390086e-07,3.3000000000000003,0.528099160628109,0.005676525158119611,-0.01583360576330093,-3.3150033118545252e-06
1.2453130511383785e-07,3.3000000000000003,0.5727043425180571,0.005700383590134465,-0.01718459909856673,-3.315003368697944e-06
1.2453148213479102e-07,3.3000000000000003,0.6252123209738434,0.0057322067024928635,-0.018774838364984676,-3.3150032550111064e-06
1.2453167290903983e-07,3.3000000000000003,0.6792911730785957,0.005769581161462334,-0.02041251274579689,-3.315003368697944e-06
1.245318907019849e-07,3.3000000000000003,0.7379985328070249,0.005815967896040674,-0.02219017669544779,-3.3150032550111064e-06
1.2453212161549743e-07,3.3000000000000003,0.7968923879302507,0.005869260134948384,-0.023973282716646723,-3.315003368697944e-06
1.2453237736585337e-07,3.3000000000000003,0.858324268786157,0.005932942533672245,-0.025832986526077895,-3.3150033118545252e-06
1.245326461978619e-07,3.3000000000000003,0.9188534225369289,0.0060048445017068545,-0.027665085220926918,-3.3150033118545252e-06
1.245329383851584e-07,3.3000000000000003,0.980246182745219,0.006088383788342187,-0.029523001560378074,-3.315003368697944e-06
1.2453324429154075e-07,3.3000000000000003,1.0399512841410543,0.0061814501335216605,-0.03132948680293066,-3.315003368697944e-06
1.245335728924072e-07,3.3000000000000003,1.0992609254926027,0.0062873364564816235,-0.03312359929529712,-3.315003368697944e-06
1.2453391634069604e-07,3.3000000000000003,1.1563196812011143,0.006404051072289928,-0.034849172634443044,-3.315003368697944e-06
1.2453428248162856e-07,3.3000000000000003,1.2120534959166138,0.006534720913136271,-0.0365341720359999,-3.315003368697944e-06
1.2453466500175023e-07,3.3000000000000003,1.2651448674999062,0.006677527620483377,-0.03813872709334923,-3.315003368697944e-06
1.2453507083214111e-07,3.3000000000000003,1.3162544436070847,0.006835425548422642,-0.03968276856726713,-3.3150033118545252e-06
1.245354949967504e-07,3.3000000000000003,1.3644750754507047,0.007006819366401633,-0.04113885418744521,-3.315003368697944e-06
1.245359437337555e-07,3.3000000000000003,1.4102836141182158,0.007194510918185897,-0.04252134990860288,-3.3150033118545252e-06
1.24536413263729e-07,3.3000000000000003,1.4530820683413275,0.007397175278628863,-0.04381217433452519,-3.315003368697944e-06
1.2453690935553624e-07,3.3000000000000003,1.4932253493942351,0.007617507143876192,-0.04502200081687043,-3.3150033118545252e-06
1.2453742934435764e-07,3.3000000000000003,1.5303457499863768,0.007854503795331274,-0.04613971672819169,-3.315003368697944e-06
1.2453797876390122e-07,3.3000000000000003,1.5647209504680584,0.008110824775693712,-0.04717365654287419,-3.315003368697944e-06
1.2453855604854058e-07,3.3000000000000003,1.5961527572425362,0.00838585516334642,-0.04811783283011111,-3.315003368697944e-06
1.2453916675950664e-07,3.3000000000000003,1.6248724644360426,0.0086823236028826,-0.048979171815140214,-3.315003368697944e-06
1.2453981049869552e-07,3.3000000000000003,1.6508049395316773,0.00900009618598502,-0.04975540085407548,-3.315003368697944e-06
1.245404931772222e-07,3.3000000000000003,1.6741552825845147,0.009342119990316856,-0.05045264588344269,-3.3150033118545252e-06
1.245412157503919e-07,3.3000000000000003,1.6949360893335523,0.009708885033722933,-0.051071274105050114,-3.315003368697944e-06
1.245419849150927e-07,3.3000000000000003,1.7133385902173592,0.010103776757070247,-0.05161697769186731,-3.3150033118545252e-06
1.2454280334880264e-07,3.3000000000000003,1.7294362951133833,0.010528139963997816,-0.052091943537781446,-3.315003368697944e-06
1.2454367918150188e-07,3.3000000000000003,1.7434132753767224,0.010986138798017117,-0.05250162356047398,-3.3150033118545252e-06
1.2454461749323395e-07,3.3000000000000003,1.7553835880187727,0.011480363277200803,-0.05284939577811795,-3.315003368697944e-06
1.2454562889603485e-07,3.3000000000000003,1.7655269669530387,0.012016316942165739,-0.05314054007880035,-3.315003368697944e-06
1.2454672213052715e-07,3.3000000000000003,1.7739824511726292,0.01259852966676642,-0.053379132518969495,-3.3150033118545252e-06
1.245479121402478e-07,3.3000000000000003,1.7809256047014173,0.013234837724986482,-0.05357025599154611,-3.3150033118545252e-06
1.2454921375093983e-07,3.3000000000000003,1.7865083446071375,0.013933026844455477,-0.05371827826481513,-3.315003368697944e-06
1.2455064980197936e-07,3.3000000000000003,1.7909003546117632,0.014705180716205295,-0.0538279752668819,-3.3150033118545252e-06
1.2455224622500637e-07,3.3000000000000003,1.7942566084083396,0.015565044814101292,-0.05390362676674942,-3.315003368697944e-06
1.2455404137394735e-07,3.3000000000000003,1.796737628501936,0.016533037035885097,-0.05394947854810915,-3.3150033118545252e-06
1.2455608382015083e-07,3.3000000000000003,1.7984927035013778,0.017635048863895633,-0.05396927012537571,-3.3150033118545252e-06
1.24558445997335e-07,3.3000000000000003,1.799668089525909,0.01890977128660971,-0.05396626110686812,-3.3150033118545252e-06
1.2456122977775358e-07,3.3000000000000003,1.8003982390716282,0.020411639767976268,-0.05394287638559294,-3.3150033118545252e-06
1.2456459625946726e-07,3.3000000000000003,1.800807251402335,0.022226768708648193,-0.0539002672731693,-3.3150033118545252e-06
1.245688015991156e-07,3.3000000000000003,1.8010030772943164,0.02449197591954444,-0.05383755892962806,-3.3150033118545252e-06
1.2457430042335222e-07,3.3000000000000003,1.8010751873516149,0.027449790558858725,-0.05375011341562587,-3.315003368697944e-06
1.2458196568185605e-07,3.3000000000000003,1.8010896859098249,0.031564815213131134,-0.05362585505625463,-3.315003368697944e-06
1.2459375496138082e-07,3.3000000000000003,1.8010863756912405,0.037875180813790744,-0.05343453153602232,-3.315003368697944e-06
1.2461505593396462e-07,3.3000000000000003,1.8010792507795055,0.0492197904587091,-0.053090539598107965,-3.315003368697944e-06
1.246576578791322e-07,3.3000000000000003,1.8010654664368335,0.07169060164566582,-0.052409188193713326,-3.3150033118545252e-06
1.2474286176946735e-07,3.3000000000000003,1.8010382405944236,0.11577252012453909,-0.05107254742947496,-3.315003368697944e-06
1.2484286176946736e-07,3.3000000000000003,1.8010072705765305,0.16607849730247753,-0.04954718536227903,-3.315003368697944e-06
1.2494286176946737e-07,3.3000000000000003,1.8009771486422514,0.21488189169969887,-0.04806738180696008,-3.315003368697944e-06
1.2504286176946738e-07,3.3000000000000003,1.8009479918320035,0.26222758359633863,-0.046631780301836935,-3.315003368697944e-06
1.2514286176946738e-07,3.3000000000000003,1.800919650296653,0.30815911307299515,-0.04523905690949516,-3.315003368697944e-06
1.252428617694674e-07,3.3000000000000003,1.8008922025586491,0.352718719441791,-0.043887934030326196,-3.315003368697944e-06
1.253428617694674e-07,3.3000000000000003,1.8008655344741957,0.395947380608198,-0.042577166450601715,-3.315003368697944e-06
1.254428617694674e-07,3.3000000000000003,1.8008396970896345,0.4378848503148763,-0.0413055510583631,-3.315003368697944e-06
1.2554286176946741e-07,3.3000000000000003,1.8008146024060923,0.47856969507407,-0.040071916504700635,-3.315003368697944e-06
1.2564286176946742e-07,3.3000000000000003,1.8007902819513821,0.5180393293160005,-0.03887512997442135,-3.315003368697944e-06
1.2574286176946743e-07,3.3000000000000003,1.8007666669431508,0.5563300500661877,-0.03771408947327849,-3.315003368697944e-06
1.2584286176946744e-07,3.3000000000000003,1.8007437751208972,0.5934770700950188,-0.036587728485202246,-3.315003368697944e-06
1.2594286176946744e-07,3.3000000000000003,1.800721551893396,0.629514550495381,-0.035495010171225576,-3.315003368697944e-06
1.2604286176946745e-07,3.3000000000000003,1.800700005333775,0.6644756319317454,-0.034434930513437,-3.315003368697944e-06
1.2614286176946746e-07,3.3000000000000003,1.800679091392735,0.6983924652580594,-0.033406513908663844,-3.315003368697944e-06
1.2624286176946747e-07,3.3000000000000003,1.8006588114379734,0.7312962409642476,-0.03240881523199144,-3.315003368697944e-06
1.2634286176946747e-07,3.3000000000000003,1.8006391293083701,0.7632172179615292,-0.03144091645088853,-3.315003368697944e-06
1.2644286176946748e-07,3.3000000000000003,1.8006200417892542,0.7941847513223438,-0.030501927920287955,-3.315003368697944e-06
1.265428617694675e-07,3.3000000000000003,1.8006015186742215,0.8242273193494903,-0.029590985745941215,-3.315003368697944e-06
1.266428617694675e-07,3.3000000000000003,1.8005835536848342,0.8533725497026262,-0.028707252535778518,-3.315003368697944e-06
1.267428617694675e-07,3.3000000000000003,1.8005661211573352,0.8816472448584013,-0.027849915315822524,-3.315003368697944e-06
1.268428617694675e-07,3.3000000000000003,1.800549212832265,0.9090774067132192,-0.027018185899523643,-3.315003368697944e-06
1.2694286176946752e-07,3.3000000000000003,1.800532806554074,0.9356882605335162,-0.026211299213466183,-3.315003368697944e-06
1.2704286176946753e-07,3.3000000000000003,1.800516892850943,0.9615042781206506,-0.02542851340087775,-3.315003368697944e-06
1.2714286176946753e-07,3.3000000000000003,1.8005014523147838,0.9865492003434037,-0.02466910845334895,-3.315003368697944e-06
1.2724286176946754e-07,3.3000000000000003,1.800486474803943,1.0108460589468653,-0.02393238613187743,-3.315003368697944e-06
1.2734286176946755e-07,3.3000000000000003,1.8004719430955929,1.0344171977529222,-0.023217668829030327,-3.315003368697944e-06
1.2744286176946756e-07,3.3000000000000003,1.8004578467581238,1.0572842931909503,-0.022524299367191636,-3.315003368697944e-06
1.2754286176946756e-07,3.3000000000000003,1.8004441703359682,1.0794683742463567,-0.021851640036013326,-3.315003368697944e-06
1.2764286176946757e-07,3.3000000000000003,1.8004309033706332,1.1009898417868629,-0.021199072310448135,-3.315003368697944e-06
1.2774286176946758e-07,3.3000000000000003,1.8004180318606977,1.121868487333992,-0.020565996023120113,-3.315003368697944e-06
1.2784286176946759e-07,3.3000000000000003,1.8004055455001255,1.142123511254781,-0.019951829032410662,-3.315003368697944e-06
1.279428617694676e-07,3.3000000000000003,1.8003934315049694,1.1617735404263563,-0.01935600650009267,-3.315003368697944e-06
1.280428617694676e-07,3.3000000000000003,1.8003816798411219,1.1808366453590933,-0.01877798053086874,-3.315003368697944e-06
1.281428617694676e-07,3.3000000000000003,1.8003702787612854,1.1993303568200517,-0.018217219533382952,-3.315003368697944e-06
1.2824286176946762e-07,3.3000000000000003,1.8003592185800885,1.217271681949922,-0.017673207846229808,-3.315003368697944e-06
1.2834286176946762e-07,3.3000000000000003,1.8003484884469882,1.2346771199070454,-0.017145445166098963,-3.315003368697944e-06
1.2844286176946763e-07,3.3000000000000003,1.8003380790718901,1.251562677036968,-0.01663344617068894,-3.315003368697944e-06
1.2854286176946764e-07,3.3000000000000003,1.8003279803912293,1.2679438815950161,-0.016136740001841506,-3.315003368697944e-06
1.2864286176946765e-07,3.3000000000000003,1.8003181835353856,1.2838357980239208,-0.015654869892506803,-3.315003368697944e-06
1.2874286176946765e-07,3.3000000000000003,1.8003086791402731,1.2992530408094107,-0.015187392695711406,-3.315003368697944e-06
1.2884286176946766e-07,3.3000000000000003,1.8002994587670142,1.3142097879181942,-0.014733878520368546,-3.315003368697944e-06
1.2894286176946767e-07,3.3000000000000003,1.8002905136800775,1.3287197938377573,-0.014293910299105275,-3.315003368697944e-06
1.2904286176946768e-07,3.3000000000000003,1.8002818358712824,1.3427964022239642,-0.013867083436033463,-3.315003368697944e-06
1.2914286176946768e-07,3.3000000000000003,1.800273417175158,1.3564525581731959,-0.0134530054080585,-3.315003368697944e-06
1.292428617694677e-07,3.3000000000000003,1.8002652500071559,1.3697008201259708,-0.013051295426534442,-3.315003368697944e-06
1.293428617694677e-07,3.3000000000000003,1.800257326722781,1.3825533714166873,-0.012661584067850801,-3.315003368697944e-06
1.294428617694677e-07,3.3000000000000003,1.8002496401493977,1.395022031476968,-0.012283512950053194,-3.315003368697944e-06
1.2954286176946771e-07,3.3000000000000003,1.800242183121601,1.4071182667055808,-0.011916734389371634,-3.315003368697944e-06
1.2964286176946772e-07,3.3000000000000003,1.8002349488639744,1.4188532010126618,-0.01156091109229774,-3.315003368697944e-06
1.2974286176946773e-07,3.3000000000000003,1.8002279306538966,1.4302376260498648,-0.011215715835361923,-3.315003368697944e-06
1.2984286176946774e-07,3.3000000000000003,1.8002211220966913,1.4412820111342066,-0.010880831172748903,-3.315003368697944e-06
1.2994286176946774e-07,3.3000000000000003,1.8002145168806032,1.4519965128761305,-0.01055594913711301,-3.315003368697944e-06
1.3004286176946775e-07,3.3000000000000003,1.8002081089742756,1.4623909845194536,-0.010240770962533877,-3.315003368697944e-06
1.3014286176946776e-07,3.3000000000000003,1.8002018924484056,1.4724749850027938,-0.00993500680452308,-3.315003368697944e-06
1.3024286176946777e-07,3.3000000000000003,1.8001958616171754,1.4822577877499579,-0.009638375477934846,-3.315003368697944e-06
1.3034286176946777e-07,3.3000000000000003,1.8001900109081683,1.4917483891980992,-0.009350604194594787,-3.315003368697944e-06
1.3044286176946778e-07,3.3000000000000003,1.800184334963376,1.5009555170708664,-0.00907142831565946,-3.315003368697944e-06
1.305428617694678e-07,3.3000000000000003,1.8001788285440534,1.5098876384046833,-0.008800591105512427,-3.315003368697944e-06
1.306428617694678e-07,3.3000000000000003,1.8001734866025905,1.5185529673350904,-0.00853784349799261,-3.315003368697944e-06
1.307428617694678e-07,3.3000000000000003,1.8001683042126824,1.5269594726506885,-0.008282943865370635,-3.315003368697944e-06
1.308428617694678e-07,3.3000000000000003,1.800163276620211,1.5351148851213086,-0.008035657797825115,-3.315003368697944e-06
1.3094286176946782e-07,3.3000000000000003,1.8001583991917693,1.5430267046074189,-0.0077957578864461035,-3.315003368697944e-06
1.3104286176946783e-07,3.3000000000000003,1.8001536674504415,1.5507022069570817,-0.007563023515320723,-3.315003368697944e-06
1.3114286176946783e-07,3.3000000000000003,1.8001490770376505,1.5581484506969914,-0.007337240657618165,-3.315003368697944e-06
1.3124286176946784e-07,3.3000000000000003,1.8001446237380794,1.565372283523585,-0.007118201679644693,-3.315003368697944e-06
1.3134286176946785e-07,3.3000000000000003,1.8001403034512038,1.5723803486003332,-0.006905705149153981,-3.315003368697944e-06
1.3144286176946786e-07,3.3000000000000003,1.8001361122084256,1.5791790906668848,-0.006699555650740635,-3.315003368697944e-06
1.3154286176946786e-07,3.3000000000000003,1.8001320461516528,1.5857747619657852,-0.0064995636055935665,-3.315003368697944e-06
1.3164286176946787e-07,3.3000000000000003,1.8001281015448574,1.5921734279921278,-0.006305545097614466,-3.315003368697944e-06
1.3174286176946788e-07,3.3000000000000003,1.8001242747577986,1.598380973071507,-0.00611732170389562,-3.315003368697944e-06
1.318428617694679e-07,3.3000000000000003,1.8001205622736003,1.6044031057713342,-0.005934720330970232,-3.315003368697944e-06
1.319428617694679e-07,3.3000000000000003,1.800116960676238,1.610245364150546,-0.005757573055351236,-3.315003368697944e-06
1.320428617694679e-07,3.3000000000000003,1.800113466655285,1.615913120852493,-0.005585716969345081,-3.315003368697944e-06
1.321428617694679e-07,3.3000000000000003,1.8001100769961622,1.621411588045724,-0.00541899403103562,-3.315003368697944e-06
1.3224286176946792e-07,3.3000000000000003,1.8001067885828839,1.626745822217181,-0.005257250919118848,-3.315003368697944e-06
1.3234286176946792e-07,3.3000000000000003,1.8001035983903433,1.6319207288222388,-0.005100338891759007,-3.315003368697944e-06
1.3244286176946793e-07,3.3000000000000003,1.8001005034856536,1.6369410667958437,-0.004948113649927909,-3.315003368697944e-06
1.3254286176946794e-07,3.3000000000000003,1.8000975010219473,1.6418114529289174,-0.004800435204598772,-3.315003368697944e-06
1.3264286176946795e-07,3.3000000000000003,1.8000945882387338,1.6465363661140346,-0.0046571677481002235,-3.315003368697944e-06
1.3274286176946795e-07,3.3000000000000003,1.8000917624568327,1.6511201514642961,-0.004518179529148281,-3.315003368697944e-06
1.3284286176946796e-07,3.3000000000000003,1.8000890210780593,1.6555670243091665,-0.00438334273175103,-3.315003368697944e-06
1.3294286176946797e-07,3.3000000000000003,1.8000863615810077,1.6598810740709684,-0.004252533357611122,-3.315003368697944e-06
1.3304286176946798e-07,3.3000000000000003,1.8000837815202855,1.6640662680255858,-0.004125631112141964,-3.315003368697944e-06
1.3314286176946798e-07,3.3000000000000003,1.8000812785229447,1.6681264549508406,-0.004002519293802759,-3.315003368697944e-06
1.33242861769468e-07,3.3000000000000003,1.8000788502874232,1.672065368665896,-0.00388308468681158,-3.315003368697944e-06
1.33342861769468e-07,3.3000000000000003,1.8000764945804701,1.6758866314649428,-0.0037672174570013077,-3.315003368697944e-06
1.33442861769468e-07,3.3000000000000003,1.80007420923586,1.679593757448323,-0.003654811050863058,-3.315003368697944e-06
1.3354286176946801e-07,3.3000000000000003,1.8000719921519872,1.6831901557541624,-0.003545762097442588,-3.315003368697944e-06
1.3364286176946802e-07,3.3000000000000003,1.8000698412898093,1.6866791336934681,-0.0034399703134285757,-3.315003368697944e-06
1.3374286176946803e-07,3.3000000000000003,1.8000677546715496,1.690063899791594,-0.0033373384108454293,-3.315003368697944e-06
1.3384286176946804e-07,3.3000000000000003,1.8000657303781524,1.6933475667388556,-0.003237772007589046,-3.315003368697944e-06
1.3394286176946804e-07,3.3000000000000003,1.8000637665481825,1.6965331542530142,-0.0031411795406516272,-3.315003368697944e-06
1.3404286176946805e-07,3.3000000000000003,1.800061861375548,1.6996235918562639,-0.00304747218190147,-3.315003368697944e-06
1.3414286176946806e-07,3.3000000000000003,1.800060013108319,1.7026217215692692,-0.0029565637564097566,-3.315003368697944e-06
1.3424286176946807e-07,3.3000000000000003,1.8000582200467123,1.7055303005247395,-0.002868370663190105,-3.315003368697944e-06
1.3434286176946807e-07,3.3000000000000003,1.8000564805418693,1.7083520035029356,-0.002782811798328195,-3.315003368697944e-06
1.3444286176946808e-07,3.3000000000000003,1.8000547929940482,1.7110894253914442,-0.002699808480388236,-3.315003368697944e-06
1.345428617694681e-07,3.3000000000000003,1.8000531558514035,1.7137450835714827,-0.0026192843780637135,-3.315003368697944e-06
1.346428617694681e-07,3.3000000000000003,1.8000515676083453,1.7163214202329273,-0.002541165439975407,-3.315003368697944e-06
1.347428617694681e-07,3.3000000000000003,1.800050026804336,1.7188208046201938,-0.0024653798265777487,-3.315003368697944e-06
1.348428617694681e-07,3.3000000000000003,1.8000485320223918,1.7212455352110352,-0.0023918578440894596,-3.315003368697944e-06
1.3494286176946812e-07,3.3000000000000003,1.8000470818879133,1.7235978418302627,-0.002320531880405804,-3.315003368697944e-06
1.3504286176946813e-07,3.3000000000000003,1.8000456750673075,1.7258798877003327,-0.0022513363429179072,-3.315003368697944e-06
1.3514286176946814e-07,3.3000000000000003,1.800044310266858,1.7280937714306839,-0.0021842075981955045,-3.315003368697944e-06
1.3524286176946814e-07,3.3000000000000003,1.8000429862314526,1.7302415289476536,-0.002119083913466168,-3.315003368697944e-06
1.3534286176946815e-07,3.3000000000000003,1.8000417017435006,1.732325135366753,-0.002055905399846755,-3.315003368697944e-06
1.3544286176946816e-07,3.3000000000000003,1.8000404556217504,1.734346506809018,-0.001994613957266862,-3.315003368697944e-06
1.3554286176946817e-07,3.3000000000000003,1.8000392467202586,1.7363075021631074,-0.001935153221040353,-3.315003368697944e-06
1.3564286176946817e-07,3.3000000000000003,1.8000380739272883,1.7382099247947689,-0.0018774685100302238,-3.315003368697944e-06
1.3574286176946818e-07,3.3000000000000003,1.800036936164327,1.740055524205248,-0.0018215067763639617,-3.315003368697944e-06
1.358428617694682e-07,3.3000000000000003,1.800035832385108,1.7418459976401581,-0.0017672165566246113,-3.315003368697944e-06
1.359428617694682e-07,3.3000000000000003,1.8000347615744,1.7435829916502956,-0.0017145479246191142,-3.315003368697944e-06
1.360428617694682e-07,3.3000000000000003,1.800033722747759,1.745268103605842,-0.00166345244533218,-3.315003368697944e-06
1.361428617694682e-07,3.3000000000000003,1.800032714949566,1.74690288316533,-0.0016138831304552447,-3.315003368697944e-06
1.3624286176946822e-07,3.3000000000000003,1.8000317372532835,1.7484888337007363,-0.001565794395183946,-3.315003368697944e-06
1.3634286176946823e-07,3.3000000000000003,1.8000307887595908,1.7500274136800111,-0.001519142016266753,-3.315003368697944e-06
1.3644286176946823e-07,3.3000000000000003,1.8000298685964187,1.7515200380083094,-0.001473883091362611,-3.315003368697944e-06
1.3654286176946824e-07,3.3000000000000003,1.8000289759174142,1.7529680793291635,-0.0014299759995651342,-3.315003368697944e-06
1.3664286176946825e-07,3.3000000000000003,1.8000281099017856,1.7543728692867893,-0.0013873803631459633,-3.315003368697944e-06
1.3674286176946826e-07,3.3000000000000003,1.8000272697530177,1.7557356997506888,-0.0013460570104068055,-3.315003368697944e-06
1.3684286176946826e-07,3.3000000000000003,1.8000264546985905,1.7570578240036776,-0.0013059679396700287,-3.315003368697944e-06
1.3694286176946827e-07,3.3000000000000003,1.800025663988884,1.758340457894426,-0.0012670762843201189,-3.315003368697944e-06
1.3704286176946828e-07,3.3000000000000003,1.8000248968968173,1.7595847809555731,-0.0012293462789101667,-3.315003368697944e-06
1.3714286176946829e-07,3.3000000000000003,1.8000241527168999,1.7607919374884478,-0.0011927432262631944,-3.315003368697944e-06
1.372428617694683e-07,3.3000000000000003,1.800023430764821,1.7619630376153863,-0.0011572334655710092,-3.315003368697944e-06
1.373428617694683e-07,3.3000000000000003,1.8000227303766183,1.7630991583006208,-0.0011227843414331352,-3.315003368697944e-06
1.374428617694683e-07,3.3000000000000003,1.800022050908239,1.764201344340675,-0.0010893641738314317,-3.315003368697944e-06
1.3754286176946832e-07,3.3000000000000003,1.8000213917348005,1.765270609325178,-0.0010569422289922095,-3.315003368697944e-06
1.3764286176946832e-07,3.3000000000000003,1.8000207522501421,1.7663079365689782,-0.0010254886911267099,-3.315003368697944e-06
1.3774286176946833e-07,3.3000000000000003,1.80002013186616,1.7673142800164166,-0.0009949746350087485,-3.315003368697944e-06
1.3784286176946834e-07,3.3000000000000003,1.8000195300123576,1.7682905651185912,-0.00096537199937728,-3.315003368697944e-06
1.3794286176946835e-07,3.3000000000000003,1.8000189461352427,1.7692376896844184,-0.0009366535611284738,-3.315003368697944e-06
1.3804286176946835e-07,3.3000000000000003,1.800018379697886,1.7701565247062736,-0.0009087929102828793,-3.315003368697944e-06
1.3814286176946836e-07,3.3000000000000003,1.8000178301793694,1.7710479151609715,-0.0008817644256965898,-3.315003368697944e-06
1.3824286176946837e-07,3.3000000000000003,1.8000172970743569,1.7719126807868193,-0.0008555432515010315,-3.315003368697944e-06
1.3834286176946838e-07,3.3000000000000003,1.8000167798925866,1.7727516168374657,-0.0008301052742439659,-3.315003368697944e-06
1.3844286176946838e-07,3.3000000000000003,1.8000162781584568,1.7735654948132293,-0.0008054271007151487,-3.315003368697944e-06
1.385428617694684e-07,3.3000000000000003,1.8000157914105572,1.7743550631705813,-0.0007814860364328959,-3.315003368697944e-06
1.386428617694684e-07,3.3000000000000003,1.8000153192012718,1.775121048010442,-0.0007582600647744378,-3.315003368697944e-06
1.387428617694684e-07,3.3000000000000003,1.8000148610963436,1.7758641537459157,-0.0007357278267283992,-3.315003368697944e-06
1.388428617694684e-07,3.3000000000000003,1.8000144166744951,1.7765850637500802,-0.0007138686012532909,-3.315003368697944e-06
1.3894286176946842e-07,3.3000000000000003,1.8000139855270254,1.7772844409844297,-0.000692662286221547,-3.315003368697944e-06
1.3904286176946843e-07,3.3000000000000003,1.8000135672574462,1.7779629286085439,-0.0006720893799337967,-3.315003368697944e-06
1.3914286176946844e-07,3.3000000000000003,1.8000131614811077,1.7786211505715512,-0.0006521309631841839,-3.315003368697944e-06
1.3924286176946844e-07,3.3000000000000003,1.8000127678248516,1.779259712185923,-0.0006327686818624246,-3.315003368697944e-06
1.3934286176946845e-07,3.3000000000000003,1.800012385926664,1.7798792006841277,-0.0006139847300747026,-3.315003368697944e-06
1.3944286176946846e-07,3.3000000000000003,1.8000120154353454,1.7804801857586618,-0.000595761833769262,-3.315003368697944e-06
1.3954286176946847e-07,3.3000000000000003,1.800011656010185,1.7810632200859486,-0.0005780832348508303,-3.315003368697944e-06
1.3964286176946847e-07,3.3000000000000003,1.8000113073206494,1.7816288398345896,-0.0005609326757695352,-3.315003368697944e-06
1.3974286176946848e-07,3.3000000000000003,1.8000109690460777,1.7821775651584335,-0.0005442943845701708,-3.315003368697944e-06
1.398428617694685e-07,3.3000000000000003,1.8000106408753864,1.7827099006749203,-0.0005281530603881168,-3.315003368697944e-06
1.399428617694685e-07,3.3000000000000003,1.8000103225067836,1.7832263359291345,-0.0005124938593783225,-3.315003368697944e-06
1.4e-07,3.299999999999995,1.8000101448931543,1.7835144483843177,-0.0005037577955874807,-3.315003368697944e-06
1.4000026855292215e-07,3.2995568876784693,1.8000101440651628,1.783515790689408,-0.000503716913616053,0.007421685442182024
1.400008056587664e-07,3.298670663035462,1.8000101424103636,1.7835184750809985,-0.0005036355182692493,0.007421686331667843
1.400018798704549e-07,3.296898213749447,1.8000101391023007,1.783523842552856,-0.0005034729419479728,0.007421688112856373
1.400040282938319e-07,3.2933533151773737,1.8000101324874427,1.7835345722534113,-0.0005031475699512677,0.0074216916733576
1.400083251405859e-07,3.286263518033271,1.8000101192708975,1.7835560106989443,-0.0005024975486885585,0.007421698795894827
1.4001691883409393e-07,3.2720839237450217,1.800010092890687,1.7835988039040405,-0.0005011999781532619,0.007421713039491351
1.4003410622111e-07,3.2437247351685228,1.8000100403333519,1.7836840566578418,-0.0004986149942128736,0.007421741528048642
1.4006848099514209e-07,3.187006358015569,1.8000099360401483,1.783853236189081,-0.0004934851702843188,0.007421798503855825
1.4013723054320627e-07,3.0735696037096614,1.8000097306770322,1.7841863597366536,-0.00048338429401443075,0.007421912456777591
1.4023723054320628e-07,2.908569603709649,1.800009439496111,1.7846586948217256,-0.0004690622856691346,0.0074220782064458035
1.403372305432063e-07,2.7435696037096364,1.800009157010446,1.7851169217898317,-0.00045516805951479174,0.0074222439570803544
1.404372305432063e-07,2.578569603709624,1.80000888296399,1.78556146203453,-0.0004416888382966934,0.007422409706805411
1.405372305432063e-07,2.413569603709612,1.8000086171015641,1.7859927243628362,-0.00042861222619047014,0.00742257545741154
1.406372305432063e-07,2.2485696037095995,1.8000083591813645,1.7864111053711538,-0.0004159261977956487,0.007422741207165018
1.4073723054320632e-07,2.083569603709587,1.800008108963918,1.7868169898100044,-0.0004036190867485594,0.007422906957771147
1.4083723054320632e-07,1.9185696037095743,1.8000078662210621,1.7872107509378399,-0.0003916795752727433,0.007423072707467782
1.4093723054320633e-07,1.753569603709562,1.8000076307278692,1.7875927508643066,-0.00039708660659798354,0.007423238458130754
1.4103723054320634e-07,1.5885696037095496,1.80000740226936,1.7879633408832418,-0.001731765044023819,0.007423404207827389
1.4113723054320635e-07,1.4235696037095373,1.8000071806339506,1.788322861795732,-0.0052178902267747615,0.007423569958405096
1.4123723054320635e-07,1.2585696037095246,1.8000069656191349,1.7886716442235178,-0.0108554521299019,0.007423735708144363
1.4133723054320636e-07,1.0935696037095126,1.800006757026065,1.7890100089130434,-0.018644441027790094,0.007423901458736282
1.4143723054320637e-07,0.9285696037095001,1.800006554663864,1.7893382670304148,-0.02858484748535066,0.00742406720848976
1.414666119761148e-07,0.8800902394105745,1.8000064963679305,1.7894328305199694,-0.02916362585589445,0.007424115908690965
1.4149653935081366e-07,0.8307100711574735,1.8000064375203284,1.789528288934915,-0.025923508661957348,0.0074241655129156925
1.4151252218961896e-07,0.8043383871287308,1.8000064063110146,1.7895789149158134,-0.024272042992373302,0.007424192004933161
1.4153239535084364e-07,0.771547671107998,1.8000063677145854,1.7896415224096733,-0.022295251724375333,0.007424224944315938
1.4157214167329302e-07,0.705966239066532,1.8000062912169035,1.789765612380394,-0.018596572866558404,0.007424290824317836
1.416516343181918e-07,0.5748033749835564,1.8000061409531198,1.7900093592387605,-0.012218827926991782,0.007424422583092394
1.417516343181918e-07,0.4098033749835439,1.800005956992368,1.7903077678875363,-0.006126557323248617,0.007424588333677207
1.418516343181918e-07,0.24480337498353144,1.8000057785259007,1.7905972634060918,-0.0021856680919606734,0.0074247540834200265
1.419516343181918e-07,0.07980337498351897,1.8000056053903493,1.7908781120195856,-0.0003961521607651619,0.007424919834008392
1.42e-07,8.881784197001252e-15,1.8000055235220798,1.7910109132165708,-0.00027645214931642495,0.007424999999787577
1.4200000116732935e-07,0.0,1.800005523519582,1.7910109163982888,-0.00027637247569833585,3.4238862090440553e-11
1.4200000350198808e-07,0.0,1.80000552351566,1.7910109227617226,-0.0002763722827481394,-3.423886209046121e-11
1.420000081713055e-07,0.0,1.8000055235075871,1.7910109354885764,-0.000276431501495265,3.423886209046121e-11
1.4200001750994037e-07,0.0,1.8000055234918206,1.7910109609422291,-0.0002764381802783545,-3.423886209046121e-11
1.4200003618721008e-07,0.0,1.8000055234605388,1.791011011849318,-0.00027644036197763035,3.423886209046121e-11
1.4200007354174952e-07,0.0,1.8000055233977148,1.7910111136626314,-0.0002764428627599087,-3.423886209046121e-11
1.420001482508284e-07,0.0,1.8000055232716743,1.791011317285799,-0.00027643855120786077,3.423886209046121e-11
1.4200029766898616e-07,0.0,1.8000055230205319,1.7910117245182984,-0.00027642713454659483,-3.423886209046121e-11
1.4200059650530168e-07,0.0,1.8000055225187463,1.7910125389279483,-0.00027640244025213355,3.423886209046121e-11
1.4200119417793273e-07,0.0,1.8000055215155315,1.791014167525882,-0.0002763531747853803,-3.423886209046121e-11
1.4200238952319485e-07,0.0,1.800005519507548,1.7910174238364838,-0.00027625467071473514,3.423886209046121e-11
1.4200478021371907e-07,0.0,1.8000055154959556,1.7910239329182278,-0.0002760573042059076,-3.423886209046121e-11
1.4200956159476749e-07,0.0,1.800005507478509,1.7910369369367032,-0.0002756630437689782,3.423886209046121e-11
1.4201912435686435e-07,0.0,1.8000054914806891,1.791062888495992,-0.0002748761407930932,-3.423886209046121e-11
1.4203824988105807e-07,0.0,1.8000054596223969,1.7911145665203658,-0.00027330921098501094,3.423886209046121e-11
1.4207650092944552e-07,0.0,1.8000053964571183,1.7912170286814693,-0.0002702023719432191,-3.423886209046121e-11
1.4215300302622038e-07,0.0,1.8000052722994948,1.7914184286969743,-0.00026409558049687306,3.423886209046121e-11
1.422530030262204e-07,0.0,1.8000051142839433,1.7916747500281607,-0.0002563234808058001,-3.423886209046121e-11
1.423530030262204e-07,0.0,1.8000049609887414,1.7919234153298975,-0.0002487835231695187,3.423886209046121e-11
1.424530030262204e-07,0.0,1.8000048122716672,1.7921646532791606,-0.0002414687755560075,-3.423886209046121e-11
1.425530030262204e-07,0.0,1.8000046679971373,1.7923986857226013,-0.00023437251123083016,3.423886209046121e-11
1.4265300302622042e-07,0.0,1.8000045280314723,1.7926257278805628,-0.00022748820431428744,-3.423886209046121e-11
1.4275300302622043e-07,0.0,1.8000043922468092,1.792845988544998,-0.00022080952390281775,3.423886209046121e-11
1.4285300302622043e-07,0.0,1.8000042605175537,1.7930596702714816,-0.00021433032814262818,-3.423886209046121e-11
1.4295300302622044e-07,0.0,1.8000041327231806,1.793266969565479,-0.00020804465867027035,3.423886209046121e-11
1.4305300302622045e-07,0.0,1.8000040087456453,1.7934680770630596,-0.0002019467350579338,-3.423886209046121e-11
1.4315300302622046e-07,0.0,1.8000038884713803,1.7936631777062075,-0.00019603094956150268,3.423886209046121e-11
1.4325300302622046e-07,0.0,1.8000037717894013,1.7938524509128995,-0.00019029186190932826,-3.423886209046121e-11
1.4335300302622047e-07,0.0,1.8000036585927268,1.7940360707420984,-0.00018472419434542933,3.423886209046121e-11
1.4345300302622048e-07,0.0,1.8000035487769859,1.7942142060538229,-0.0001793228267366635,-3.423886209046121e-11
1.4355300302622049e-07,0.0,1.8000034422414224,1.7943870206644317,-0.00017408279189763055,3.423886209046121e-11
1.436530030262205e-07,0.0,1.8000033388878671,1.7945546734972742,-0.00016899927099433938,-3.423886209046121e-11
1.437530030262205e-07,0.0,1.800003238621442,1.7947173187288383,-0.00016406758913682182,3.423886209046121e-11
1.438530030262205e-07,0.0,1.8000031413497974,1.7948751059305335,-0.00015928321105956512,-3.423886209046121e-11
1.4395300302622052e-07,0.0,1.8000030469836021,1.7950281802062402,-0.00015464173696816286,3.423886209046121e-11
1.4405300302622052e-07,0.0,1.8000029554359722,1.7951766823257493,-0.00015013889847846512,-3.423886209046121e-11
1.4415300302622053e-07,0.0,1.800002866622807,1.7953207488542167,-0.00014577055470382284,3.423886209046121e-11
1.4425300302622054e-07,0.0,1.8000027804624041,1.7954605122777512,-0.00014153268841215436,-3.423886209046121e-11
1.4435300302622055e-07,0.0,1.8000026968754106,1.7955961011252493,-0.00013742140243489204,3.423886209046121e-11
1.4445300302622055e-07,0.0,1.8000026157852016,1.795727640086595,-0.00013343291594304535,-3.423886209046121e-11
1.4455300302622056e-07,0.0,1.800002537116951,1.7958552501273262,-0.0001295635610467501,3.423886209046121e-11
1.4465300302622057e-07,0.0,1.8000024607985299,1.7959790485998766,-0.00012580977942583564,-3.423886209046121e-11
1.4475300302622058e-07,0.0,1.8000023867595711,1.7960991493514942,-0.0001221681190312954,3.423886209046121e-11
1.4485300302622058e-07,0.0,1.8000023149321434,1.796215662828938,-0.00011863523093306029,-3.423886209046121e-11
1.449530030262206e-07,0.0,1.80000224525006,1.7963286961800475,-0.0001152078662211555,3.423886209046121e-11
1.450530030262206e-07,0.0,1.8000021776493527,1.7964383533522763,-0.00011188287303429225,-3.423886209046121e-11
1.451530030262206e-07,0.0,1.8000021120677592,1.7965447351882853,-0.00010865719364741219,3.423886209046121e-11
1.4525300302622061e-07,0.0,1.800002048445051,1.7966479395186772,-0.0001055278616716744,-3.423886209046121e-11
1.4535300302622062e-07,0.0,1.8000019867226502,1.7967480612519662,-0.00010249199931631193,3.423886209046121e-11
1.4545300302622063e-07,0.0,1.8000019268438539,1.7968451924618558,-9.954681475081724e-05,-3.423886209046121e-11
1.4545679781493996e-07,0.0,1.8000019246073302,1.796848820417043,-9.943680166215008e-05,3.423886209046121e-11
1.454643873923786e-07,0.0,1.8000019201419017,1.7968560638183464,-9.921716206004223e-05,-3.423886209046121e-11
1.454795665472559e-07,0.0,1.8000019112419667,1.7968705007282746,-9.877943570547587e-05,3.423886209046121e-11
1.4550992485701052e-07,0.0,1.8000018935646733,1.7968991761203341,-9.790993776417068e-05,-3.423886209046121e-11
1.4551052494325738e-07,0.0,1.8000018932158304,1.7968997402805431,-9.789264957390381e-05,3.423886209046121e-11
1.4551064281833426e-07,0.0,1.8000018931472328,1.796899851086598,-9.788952257925508e-05,-3.423886209046121e-11
1.4551065181509643e-07,0.0,1.8000018931430248,1.7968998595436578,-9.789159444295916e-05,3.423886209046121e-11
1.455106698086208e-07,0.0,1.800001893131059,1.7968998764577084,-9.788735630554321e-05,-3.423886209046121e-11
1.4551070579566953e-07,0.0,1.8000018931113964,1.7968999102855328,-9.788819322138584e-05,3.423886209046121e-11
1.45510777769767e-07,0.0,1.8000018930689117,1.7968999779400716,-9.788614182842164e-05,-3.423886209046121e-11
1.4551078138284207e-07,0.0,1.8000018930673591,1.7968999813362674,-9.788045090901787e-05,3.423886209046121e-11
1.4551078860899221e-07,0.0,1.800001893063771,1.7968999881286478,-9.788024494632965e-05,-3.423886209046121e-11
1.4551078897174247e-07,0.0,1.8000018930628188,1.796899988469623,-9.771632184182114e-05,3.423886209046121e-11
1.45510789697243e-07,0.0,1.800001893062706,1.7968999891515736,-9.777590580559289e-05,-3.423886209046121e-11
1.4551079114824402e-07,0.0,1.8000018930612134,1.7968999905154721,-9.786527142367465e-05,3.423886209046121e-11
1.455107940502461e-07,0.0,1.8000018930595953,1.796899993243267,-9.786518871163837e-05,-3.423886209046121e-11
1.455107942157078e-07,0.0,1.8000018930592188,1.796899993398796,-9.759696309710764e-05,3.423886209046121e-11
1.4551079454663118e-07,0.0,1.8000018930606563,1.7968999937098542,-9.759695364869385e-05,-3.423886209046121e-11
1.4551079520847795e-07,0.0,1.8000018930597257,1.79689999433197,-9.771614408021164e-05,3.423886209046121e-11
1.455107952874745e-07,0.0,1.8000018930585437,1.796899994406224,-9.855060686713143e-05,-3.423886209046121e-11
1.4551079544546758e-07,0.0,1.8000018930595125,1.7968999945547324,-9.855060235328399e-05,3.423886209046121e-11
1.4551079576145378e-07,0.0,1.8000018930587571,1.7968999948517492,-9.8073756194843e-05,-3.423886209046121e-11
1.4551079581603523e-07,0.0,1.8000018930579271,1.7968999949030544,-9.75969174891329e-05,3.423886209046121e-11
1.455107959251981e-07,0.0,1.8000018930591521,1.796899995005665,-9.8073751522901e-05,-3.423886209046121e-11
1.455107961435239e-07,0.0,1.8000018930578359,1.7968999952108853,-9.783532673332592e-05,3.423886209046121e-11
1.455107961888928e-07,0.0,1.8000018930587725,1.7968999952535307,-9.664323253491868e-05,-3.423886209046121e-11
1.4551079621979074e-07,0.0,1.800001893057815,1.7968999952825744,-9.568955734745734e-05,3.423886209046121e-11
1.4551079623907488e-07,0.0,1.3366799870640824,1.79689999394695,-1.7999999784024112e-06,-3.423886209046121e-11
1.4551079626020523e-07,0.0,1.3366730650207952,1.7968999910000758,-1.7999999784024112e-06,3.423886209046121e-11
1.4551079627266524e-07,0.0,1.3366689832938956,1.7968999892623623,2.0146972872225888e-06,-3.423886209046121e-11
1.45510796290214e-07,0.0,1.3366632345817346,1.7968999868149274,-5.614697244027411e-06,3.423886209046121e-11
1.455107963253115e-07,0.0,1.3366517372310598,1.7968999819199651,-3.7073486112149112e-06,-3.423886209046121e-11
1.4551079639550656e-07,0.0,1.33662874282549,1.7968999721296763,-2.7536742948086612e-06,3.423886209046121e-11
1.4551079653589664e-07,0.0,1.336582755200341,1.7968999525476332,-2.7536742948086612e-06,-3.423886209046121e-11
1.455107968166768e-07,0.0,1.3364907846931893,1.7968999133776806,-2.2768371366055362e-06,3.423886209046121e-11
1.4551079737823713e-07,0.0,1.3363068626485792,1.7968998350143102,-2.157627847054755e-06,-3.423886209046121e-11
1.455107985013578e-07,0.0,1.3359390944220795,1.7968996781937294,-2.157627847054755e-06,3.423886209046121e-11
1.455108007475991e-07,0.0,1.335203861319437,1.7968993641773332,-2.0980232022793643e-06,-3.423886209046121e-11
1.4551080524008171e-07,0.0,1.3337346076808354,1.7968987346446348,-2.112924363473212e-06,3.423886209046121e-11
1.4551081422504696e-07,0.0,1.33080094401221,1.7968974695878681,-2.0905726216824405e-06,-3.423886209046121e-11
1.4551083219497744e-07,0.0,1.3249529379375915,1.796894915574733,-2.0905726216824405e-06,3.423886209046121e-11
1.455108681348384e-07,0.0,1.31333378759808,1.796889712474466,-2.0905726216824405e-06,-3.423886209046121e-11
1.455109400145603e-07,0.0,1.2903995814751323,1.7968789301320198,-2.0887099765332096e-06,3.423886209046121e-11
1.4551108377400412e-07,0.0,1.2457212478624413,1.7968558934654144,-2.0891756378205173e-06,-3.423886209046121e-11
1.4551123178267798e-07,0.0,1.2013362948285276,1.7968301796823527,-2.088244315245902e-06,3.423886209046121e-11
1.4551142819265823e-07,0.0,1.1448621620096853,1.7967930574586486,-2.088244315245902e-06,-3.423886209046121e-11
1.4551162087888645e-07,0.0,1.0920372967042191,1.7967534503066922,-2.088011484602248e-06,3.423886209046121e-11
1.4551185623560737e-07,0.0,1.0308011501189436,1.7967010079790904,-2.088244315245902e-06,-3.423886209046121e-11
1.4551208991910774e-07,0.0,0.973394883370836,1.79664474160511,-2.0884771458895557e-06,3.423886209046121e-11
1.4551236188548882e-07,0.0,0.9105870863913238,1.7965743090258217,-2.088244315245902e-06,-3.423886209046121e-11
1.4551263448047016e-07,0.0,0.8516959063442107,1.7964986932427172,-2.088011484602248e-06,3.423886209046121e-11
1.45512941974694e-07,0.0,0.789812136510621,1.7964077775237797,-2.088244315245902e-06,-3.423886209046121e-11
1.4551325282392936e-07,0.0,0.7318157338312904,1.7963102325561586,-2.088244315245902e-06,3.423886209046121e-11
1.4551359624411922e-07,0.0,0.6726680303907071,1.7961963823708897,-2.088011484602248e-06,-3.423886209046121e-11
1.4551394592454358e-07,0.0,0.6173431258546594,1.7960744043217116,-2.088127899924075e-06,3.423886209046121e-11
1.4551432676746453e-07,0.0,0.5622371371555352,1.7959351987707295,-2.088011484602248e-06,-3.423886209046121e-11
1.4551471691314225e-07,0.0,0.5108710726040311,1.7957863160290979,-2.087895069280421e-06,3.423886209046121e-11
1.4551513768600757e-07,0.0,0.4607035003983667,1.7956192927243169,-2.088127899924075e-06,-3.423886209046121e-11
1.4551557100587668e-07,0.0,0.4141703816475088,1.7954409627964587,-2.088011484602248e-06,3.423886209046121e-11
1.4551603529601156e-07,0.0,0.3694962428829541,1.7952434975404634,-2.088127899924075e-06,-3.423886209046121e-11
1.4551651570550023e-07,0.0,0.3283207660807101,1.7950329573944857,-2.088127899924075e-06,3.423886209046121e-11
1.455170283714239e-07,0.0,0.2894077248287833,1.794802094098256,-2.088127899924075e-06,-3.423886209046121e-11
1.4551756124504908e-07,0.0,0.25382145441420884,1.7945561544255406,-2.088127899924075e-06,3.423886209046121e-11
1.4551812874567172e-07,0.0,0.22069697733804788,1.7942883692745843,-2.088011484602248e-06,-3.423886209046121e-11
1.4551872132557852e-07,0.0,0.19068914543277077,1.7940031313514464,-2.088011484602248e-06,3.423886209046121e-11
1.4551935223616237e-07,0.0,0.1631830610040288,1.7936940019010468,-2.088011484602248e-06,-3.423886209046121e-11
1.4552001426729622e-07,0.0,0.1385467372608971,1.7933644579830286,-2.088127899924075e-06,3.423886209046121e-11
1.4552072007717956e-07,0.0,0.11633018958116499,1.7930081848614066,-2.0881861075849883e-06,-3.423886209046121e-11
1.455214647982399e-07,0.0,0.09670414826940434,1.7926276322326682,-2.088127899924075e-06,3.423886209046121e-11
1.4552226116416056e-07,0.0,0.07932527418281117,1.792216319547661,-2.0881861075849883e-06,-3.423886209046121e-11
1.4552310689067866e-07,0.0,0.06423172695486219,1.7917754609224068,-2.0881861075849883e-06,3.423886209046121e-11
1.4552401566971674e-07,0.0,0.051148164317664335,1.7912979810422054,-2.0881861075849883e-06,-3.423886209046121e-11
1.4552498841878086e-07,0.0,0.04002654994973823,1.79078346948757,-2.0881861075849883e-06,3.423886209046121e-11
1.4552604111404003e-07,0.0,0.030634907004071215,1.790223571888353,-2.088244315245902e-06,-3.423886209046121e-11
1.4552717917590356e-07,0.0,0.02287207904112027,1.7896155136943137,-2.088244315245902e-06,3.423886209046121e-11
1.455284231147163e-07,0.0,0.016534691223717927,1.7889484689941773,-2.0881861075849883e-06,-3.423886209046121e-11
1.455297855327659e-07,0.0,0.011492131178296212,1.7882158312729104,-2.0881861075849883e-06,3.423886209046121e-11
1.4553129576419828e-07,0.0,0.007561817604676349,1.7874020078519273,-2.0881861075849883e-06,-3.423886209046121e-11
1.455329793850743e-07,0.0,0.004601001518488894,1.7864934309741511,-2.0881861075849883e-06,3.423886209046121e-11
1.4553488380021745e-07,0.0,0.0024452152041954853,1.785464783641907,-2.0881570037545316e-06,-3.423886209046121e-11
1.45537061371585e-07,0.0,0.0009531508024309792,1.7842881182595052,-2.0881570037545316e-06,3.423886209046121e-11
1.455396006524292e-07,0.0,-1.986956712569986e-05,1.782916032910223,-2.088127899924075e-06,-3.423886209046121e-11
1.4554261914695706e-07,0.0,-0.00060133621259325,1.7812856695100405,-2.0881424518393032e-06,3.423886209046121e-11
1.4554631734979968e-07,0.0,-0.0009097795277995882,1.7792897121751252,-2.0881861075849883e-06,-3.423886209046121e-11
1.455510111836422e-07,0.0,-0.0010448016858879026,1.776759306461679,-2.08817155566976e-06,3.423886209046121e-11
1.4555729724979677e-07,0.0,-0.0010866758577342459,1.773376005849602,-2.0881861075849883e-06,-3.423886209046121e-11
1.455663631807365e-07,0.0,-0.0010905962640816468,1.7685077917731677,-2.088178831627374e-06,3.423886209046121e-11
1.4558110659549873e-07,0.0,-0.001085291797554008,1.7606193878673622,-2.088204297479024e-06,-3.423886209046121e-11
1.4561050080988267e-07,0.0,-0.0010758148887150387,1.7449969089266006,-2.0881933835426025e-06,3.423886209046121e-11
1.4566928923865055e-07,0.0,-0.0010567104882679673,1.7141659818032144,-2.0881933835426025e-06,-3.423886209046121e-11
1.4576928923865056e-07,0.0,-0.0010252242441696978,1.6629657743653208,-2.0881933835426025e-06,3.423886209046121e-11
1.4586928923865056e-07,0.0,-0.0009945369962331674,1.613294859291126,-2.0881933835426025e-06,-3.423886209046121e-11
1.4596928923865057e-07,0.0,-0.0009648864412901408,1.5651075586639653,-2.0881933835426025e-06,3.423886209046121e-11
1.4606928923865058e-07,0.0,-0.0009360195524649701,1.5183595583158804,-2.0881933835426025e-06,-3.423886209046121e-11
1.4616928923865059e-07,0.0,-0.0009081014497356267,1.473007868201941,-2.0881933835426025e-06,3.423886209046121e-11
1.462692892386506e-07,0.0,-0.0008809437372686167,1.4290107819095397,-2.0881933835426025e-06,-3.423886209046121e-11
1.463692892386506e-07,0.0,-0.0008546595886779428,1.3863278391163307,-2.0881933835426025e-06,3.423886209046121e-11
1.464692892386506e-07,0.0,-0.0008291075468217762,1.3449197876929255,-2.0881933835426025e-06,-3.423886209046121e-11
1.4656928923865062e-07,0.0,-0.0008043636873931923,1.3047485481911338,-2.0881933835426025e-06,3.423886209046121e-11
1.4666928923865062e-07,0.0,-0.0007803207188977688,1.265777178328618,-2.0881933835426025e-06,-3.423886209046121e-11
1.4676928923865063e-07,0.0,-0.0007570283012629949,1.2279698394379106,-2.0881933835426025e-06,3.423886209046121e-11
1.4686928923865064e-07,0.0,-0.0007344040825350508,1.1912917631504538,-2.0881933835426025e-06,-3.423886209046121e-11
1.4696928923865065e-07,0.0,-0.000712478987266927,1.1557092197270107,-2.0881933835426025e-06,3.423886209046121e-11
1.4706928923865065e-07,0.0,-0.0006911889346361226,1.1211894867811016,-2.0881933835426025e-06,-3.423886209046121e-11
1.4716928923865066e-07,0.0,-0.0006705516317365102,1.0877008194060482,-2.0881933835426025e-06,3.423886209046121e-11
1.4726928923865067e-07,0.0,-0.0006505164450773709,1.055212420795766,-2.0881933835426025e-06,-3.423886209046121e-11
1.4736928923865068e-07,0.0,-0.0006310918246063501,1.0236944140814195,-2.0881933835426025e-06,3.423886209046121e-11
1.4746928923865068e-07,0.0,-0.0006122370909352759,0.9931178147220407,-2.0881933835426025e-06,-3.423886209046121e-11
1.475692892386507e-07,0.0,-0.0005939542754896089,0.9634545039636754,-2.0881933835426025e-06,3.423886209046121e-11
1.476692892386507e-07,0.0,-0.0005762101197587852,0.934677202884234,-2.0881933835426025e-06,-3.423886209046121e-11
1.477692892386507e-07,0.0,-0.0005590022677196852,0.9067594473893693,-2.0881933835426025e-06,3.423886209046121e-11
1.4786928923865071e-07,0.0,-0.0005423030413661801,0.8796755638059691,-2.0881933835426025e-06,-3.423886209046121e-11
1.4796928923865072e-07,0.0,-0.0005261071471172199,0.8534006453313361,-2.0881933835426025e-06,3.423886209046121e-11
1.4806928923865073e-07,0.0,-0.0005103911473410075,0.8279105290782447,-2.0881933835426025e-06,-3.423886209046121e-11
1.4816928923865074e-07,0.0,-0.0004951478427139865,0.8031817738969533,-2.0881933835426025e-06,3.423886209046121e-11
1.4826928923865074e-07,0.0,-0.0004803570572136296,0.7791916387821202,-2.0881933835426025e-06,-3.423886209046121e-11
1.4836928923865075e-07,0.0,-0.00046601041702991797,0.7559180619905013,-2.0881933835426025e-06,3.423886209046121e-11
1.4846928923865076e-07,0.0,-0.0004520902902021679,0.7333396407264979,-2.0881933835426025e-06,-3.423886209046121e-11
1.4856928923865077e-07,0.0,-0.0004385876437871472,0.711435611481916,-2.0881933835426025e-06,3.423886209046121e-11
1.4866928923865077e-07,0.0,-0.0004254868613283967,0.6901858309226783,-2.0881933835426025e-06,-3.423886209046121e-11
1.4876928923865078e-07,0.0,-0.00041277861117502567,0.6695707573806208,-2.0881933835426025e-06,3.423886209046121e-11
1.488692892386508e-07,0.0,-0.0004004489007052302,0.6495714328690817,-2.0881933835426025e-06,-3.423886209046121e-11
1.489692892386508e-07,0.0,-0.00038848834896685496,0.6301694656603082,-2.0881933835426025e-06,3.423886209046121e-11
1.490692892386508e-07,0.0,-0.0003768842947982009,0.6113470133623324,-2.0881933835426025e-06,-3.423886209046121e-11
1.491692892386508e-07,0.0,-0.0003656274779432865,0.5930867665190878,-2.0881933835426025e-06,3.423886209046121e-11
1.4926928923865082e-07,0.0,-0.00035470634848786616,0.5753719326852877,-2.0881933835426025e-06,-3.423886209046121e-11
1.4936928923865083e-07,0.0,-0.0003441118802084004,0.5581862209897763,-2.0881933835426025e-06,3.423886209046121e-11
1.4946928923865083e-07,0.0,-0.0003338334667954679,0.5415138271490815,-2.0881933835426025e-06,-3.423886209046121e-11
1.4956928923865084e-07,0.0,-0.00032386238909530584,0.5253394189378269,-2.0881933835426025e-06,3.423886209046121e-11
1.4966928923865085e-07,0.0,-0.00031418885517678515,0.5096481220852906,-2.0881933835426025e-06,-3.423886209046121e-11
1.4976928923865086e-07,0.0,-0.00030480449745605567,0.4944255065998696,-2.0881933835426025e-06,3.423886209046121e-11
1.4986928923865086e-07,0.0,-0.0002957002373367959,0.4796575734963691,-2.0881933835426025e-06,-3.423886209046121e-11
1.4996928923865087e-07,0.0,-0.0002868680832155574,0.465330741924529,-2.0881933835426025e-06,3.423886209046121e-11
1.5006928923865088e-07,0.0,-0.0002782995895660444,0.4514318366779345,-2.0881933835426025e-06,-3.423886209046121e-11
1.5016928923865089e-07,0.0,-0.000269987151146381,0.4379480760794782,-2.0881933835426025e-06,3.423886209046121e-11
1.502692892386509e-07,0.0,-0.00026192289064996355,0.4248670602257357,-2.0881933835426025e-06,-3.423886209046121e-11
1.503692892386509e-07,0.0,-0.00025409958989028894,0.41217675958495953,-2.0881933835426025e-06,3.423886209046121e-11
1.504692892386509e-07,0.0,-0.00024650988645164007,0.3998655039335229,-2.0881933835426025e-06,-3.423886209046121e-11
1.5056928923865092e-07,0.0,-0.00023914694331419073,0.3879219716246154,-2.0881933835426025e-06,3.423886209046121e-11
1.5066928923865092e-07,0.0,-0.0002320038683167681,0.37633517917594594,-2.0881933835426025e-06,-3.423886209046121e-11
1.5076928923865093e-07,0.0,-0.00022507419534801442,0.36509447116974375,-2.0881933835426025e-06,3.423886209046121e-11
1.5086928923865094e-07,0.0,-0.00021835146449540913,0.35418951045333597,-2.0881933835426025e-06,-3.423886209046121e-11
1.5096928923865095e-07,0.0,-0.0002118295675028542,0.34361026863335586,-2.0881933835426025e-06,3.423886209046121e-11
1.5106928923865095e-07,0.0,-0.0002055024438219837,0.3333470168530867,-2.0881933835426025e-06,-3.423886209046121e-11
1.5116928923865096e-07,0.0,-0.00019936432831762905,0.32339031684594777,-2.0881933835426025e-06,3.423886209046121e-11
1.5126928923865097e-07,0.0,-0.00019340953093601452,0.3137310122556322,-2.0881933835426025e-06,-3.423886209046121e-11
1.5136928923865098e-07,0.0,-0.00018763261402952722,0.3043602202159871,-2.0881933835426025e-06,3.423886209046121e-11
1.5146928923865098e-07,0.0,-0.00018202823236757805,0.29526932318198174,-2.0881933835426025e-06,-3.423886209046121e-11
1.51569289238651e-07,0.0,-0.00017659125980401823,0.2864499610050246,-2.0881933835426025e-06,3.423886209046121e-11
1.51669289238651e-07,0.0,-0.00017131667285110374,0.2778940232446859,-2.0881933835426025e-06,-3.423886209046121e-11
1.51769289238651e-07,0.0,-0.00016619964090149492,0.269593641710311,-2.0881933835426025e-06,3.423886209046121e-11
1.5186928923865101e-07,0.0,-0.00016123544126688322,0.2615411832251948,-2.0881933835426025e-06,-3.423886209046121e-11
1.5196928923865102e-07,0.0,-0.00015641952319421927,0.2537292426070628,-2.0881933835426025e-06,3.423886209046121e-11
1.5206928923865103e-07,0.0,-0.00015174744564500563,0.24615063585806335,-2.0881933835426025e-06,-3.423886209046121e-11
1.5216928923865104e-07,0.0,-0.00014721492248249746,0.23879839355829838,-2.0881933835426025e-06,3.423886209046121e-11
1.5226928923865104e-07,0.0,-0.00014281777669962855,0.23166575445657037,-2.0881933835426025e-06,-3.423886209046121e-11
1.5236928923865105e-07,0.0,-0.00013855197209117854,0.22474615925266103,-2.0881933835426025e-06,3.423886209046121e-11
1.5246928923865106e-07,0.0,-0.00013441357939172882,0.2180332445652461,-2.0881933835426025e-06,-3.423886209046121e-11
1.5256928923865107e-07,0.0,-0.0001303987982592404,0.21152083708004996,-2.0881933835426025e-06,3.423886209046121e-11
1.5266928923865107e-07,0.0,-0.00012650393204883528,0.20520294787273044,-2.0881933835426025e-06,-3.423886209046121e-11
1.5276928923865108e-07,0.0,-0.00012272540286283645,0.19907376690138162,-2.0881933835426025e-06,3.423886209046121e-11
1.528692892386511e-07,0.0,-0.00011905973259710786,0.1931276576634977,-2.0881933835426025e-06,-3.423886209046121e-11
1.529692892386511e-07,0.0,-0.0001155035530405069,0.18735915201256292,-2.0881933835426025e-06,3.423886209046121e-11
1.530692892386511e-07,0.0,-0.00011205359148755596,0.1817629451294338,-2.0881933835426025e-06,-3.423886209046121e-11
1.531692892386511e-07,0.0,-0.00010870667731386463,0.17633389064394628,-2.0881933835426025e-06,3.423886209046121e-11
1.5326928923865112e-07,0.0,-0.00010545973092265112,0.17106699590221303,-2.0881933835426025e-06,-3.423886209046121e-11
1.5336928923865113e-07,0.0,-0.00010230976782157574,0.1659574173753001,-2.0881933835426025e-06,3.423886209046121e-11
1.5346928923865113e-07,0.0,-9.925389001261736e-05,0.16100045620502496,-2.0881933835426025e-06,-3.423886209046121e-11
1.5356928923865114e-07,0.0,-9.628928830669484e-05,0.15619155388281056,-2.0881933835426025e-06,3.423886209046121e-11
1.5366928923865115e-07,0.0,-9.341323551272183e-05,0.15152628805759505,-2.0881933835426025e-06,-3.423886209046121e-11
1.5376928923865116e-07,0.0,-9.062308751867426e-05,0.14700036846896491,-2.0881933835426025e-06,3.423886209046121e-11
1.5386928923865116e-07,0.0,-8.791627781308431e-05,0.14260963300175206,-2.0881933835426025e-06,-3.423886209046121e-11
1.5396928923865117e-07,0.0,-8.529031771151415e-05,0.138350043858483,-2.0881933835426025e-06,3.423886209046121e-11
1.5406928923865118e-07,0.0,-8.274279187195542e-05,0.1342176838461465,-2.0881933835426025e-06,-3.423886209046121e-11
1.541692892386512e-07,0.0,-8.027135793794517e-05,0.1302087527738763,-2.0881933835426025e-06,3.423886209046121e-11
1.542692892386512e-07,0.0,-7.787374280172527e-05,0.12631956395822716,-2.0881933835426025e-06,-3.423886209046121e-11
1.543692892386512e-07,0.0,-7.554774185757324e-05,0.1225465408328374,-2.0881933835426025e-06,3.423886209046121e-11
1.544692892386512e-07,0.0,-7.329121583367758e-05,0.11888621365935435,-2.0881933835426025e-06,-3.423886209046121e-11
1.5456928923865122e-07,0.0,-7.110208979321702e-05,0.1153352163366031,-2.0881933835426025e-06,3.423886209046121e-11
1.5466928923865122e-07,0.0,-6.897835040410591e-05,0.11189028330505979,-2.0881933835426025e-06,-3.423886209046121e-11
1.5476928923865123e-07,0.0,-6.691804478543201e-05,0.10854824654378656,-2.0881933835426025e-06,3.423886209046121e-11
1.5486928923865124e-07,0.0,-6.491927811903576e-05,0.10530603265706304,-2.0881933835426025e-06,-3.423886209046121e-11
1.5496928923865125e-07,0.0,-6.298021241002151e-05,0.10216066004803837,-2.0881933835426025e-06,3.423886209046121e-11
1.5506928923865125e-07,0.0,-6.10990643694729e-05,0.09910923617680172,-2.0881933835426025e-06,-3.423886209046121e-11
1.5516928923865126e-07,0.0,-5.927410413702632e-05,0.09614895490035234,-2.0881933835426025e-06,3.423886209046121e-11
1.5526928923865127e-07,0.0,-5.750365338230839e-05,0.09327709389202067,-2.0881933835426025e-06,-3.423886209046121e-11
1.5536928923865128e-07,0.0,-5.5786084022787884e-05,0.09049101213796924,-2.0881933835426025e-06,3.423886209046121e-11
1.5546928923865128e-07,0.0,-5.411981650473483e-05,0.08778814750846978,-2.0881933835426025e-06,-3.423886209046121e-11
1.555692892386513e-07,0.0,-5.250331853897453e-05,0.08516601440172378,-2.0881933835426025e-06,3.423886209046121e-11
1.556692892386513e-07,0.0,-5.0935103531872257e-05,0.08262220145805933,-2.0881933835426025e-06,-3.423886209046121e-11
1.557692892386513e-07,0.0,-4.941372935396357e-05,0.08015436934240255,-2.0881933835426025e-06,3.423886209046121e-11
1.5586928923865131e-07,0.0,-4.7937796898546295e-05,0.07776024859298379,-2.0881933835426025e-06,-3.423886209046121e-11
1.5596928923865132e-07,0.0,-4.6505948892811605e-05,0.07543763753430086,-2.0881933835426025e-06,3.423886209046121e-11
1.5606928923865133e-07,0.0,-4.5116868566688204e-05,0.07318440025241936,-2.0881933835426025e-06,-3.423886209046121e-11
1.5616928923865134e-07,0.0,-4.376927851235156e-05,0.07099846463074895,-2.0881933835426025e-06,3.423886209046121e-11
1.5626928923865135e-07,0.0,-4.246193944970469e-05,0.06887782044448837,-2.0881933835426025e-06,-3.423886209046121e-11
1.5636928923865135e-07,0.0,-4.119364913748307e-05,0.06682051751198743,-2.0881933835426025e-06,3.423886209046121e-11
1.5646928923865136e-07,0.0,-3.996324122455045e-05,0.0648246639013257,-2.0881933835426025e-06,-3.423886209046121e-11
1.5656928923865137e-07,0.0,-3.876958421387284e-05,0.06288842419045867,-2.0881933835426025e-06,3.423886209046121e-11
1.5666928923865138e-07,0.0,-3.761158039096873e-05,0.06101001777933147,-2.0881933835426025e-06,-3.423886209046121e-11
1.5676928923865138e-07,0.0,-3.648816484070538e-05,0.059187717252407686,-2.0881933835426025e-06,3.423886209046121e-11
1.568692892386514e-07,0.0,-3.539830444572212e-05,0.05741984679010767,-2.0881933835426025e-06,-3.423886209046121e-11
1.569692892386514e-07,0.0,-3.434099695522657e-05,0.055704780627695495,-2.0881933835426025e-06,3.423886209046121e-11
1.570692892386514e-07,0.0,-3.331527004730124e-05,0.054040941560197085,-2.0881933835426025e-06,-3.423886209046121e-11
1.571692892386514e-07,0.0,-3.232018044832276e-05,0.05242679949197486,-2.0881933835426025e-06,3.423886209046121e-11
1.5726928923865142e-07,0.0,-3.1354813053990845e-05,0.05086087002962483,-2.0881933835426025e-06,-3.423886209046121e-11
1.5736928923865143e-07,0.0,-3.0418280097538946e-05,0.049341713116902434,-2.0881933835426025e-06,3.423886209046121e-11
1.5746928923865144e-07,0.0,-2.950972032507276e-05,0.04786793171042144,-2.0881933835426025e-06,-3.423886209046121e-11
1.5756928923865144e-07,0.0,-2.8628298210532783e-05,0.04643817049490834,-2.0881933835426025e-06,3.423886209046121e-11
1.5766928923865145e-07,0.0,-2.7773203181410593e-05,0.04505111463683061,-2.0881933835426025e-06,-3.423886209046121e-11
1.5776928923865146e-07,0.0,-2.694364887835326e-05,0.04370548857525269,-2.0881933835426025e-06,3.423886209046121e-11
1.5786928923865147e-07,0.0,-2.61388724277506e-05,0.04240005484880775,-2.0881933835426025e-06,-3.423886209046121e-11
1.5796928923865147e-07,0.0,-2.5358133743802996e-05,0.041133612957706456,-2.0881933835426025e-06,3.423886209046121e-11
1.5806928923865148e-07,0.0,-2.4600714844855478e-05,0.039904998259736285,-2.0881933835426025e-06,-3.423886209046121e-11
1.581692892386515e-07,0.0,-2.386591919572232e-05,0.03871308089923609,-2.0881933835426025e-06,3.423886209046121e-11
1.582692892386515e-07,0.0,-2.315307106496608e-05,0.037556764768060975,-2.0881933835426025e-06,-3.423886209046121e-11
1.583692892386515e-07,0.0,-2.2461514905293825e-05,0.036434986497582,-2.0881933835426025e-06,3.423886209046121e-11
1.584692892386515e-07,0.0,-2.179061474920219e-05,0.03534671448079367,-2.0881933835426025e-06,-3.423886209046121e-11
1.5856928923865152e-07,0.0,-2.113975362538191e-05,0.034290947923630063,-2.0881933835426025e-06,3.423886209046121e-11
1.5866928923865153e-07,0.0,-2.0508332990286367e-05,0.033266715924616996,-2.0881933835426025e-06,-3.423886209046121e-11
1.5876928923865153e-07,0.0,-1.9895772178596274e-05,0.03227307658201397,-2.0881933835426025e-06,3.423886209046121e-11
1.5886928923865154e-07,0.0,-1.930150786846849e-05,0.03130911612762479,-2.0881933835426025e-06,-3.423886209046121e-11
1.5896928923865155e-07,0.0,-1.8724993564132185e-05,0.030373948086480283,-2.0881933835426025e-06,3.423886209046121e-11
1.5906928923865156e-07,0.0,-1.816569909280029e-05,0.029466712461620324,-2.0881933835426025e-06,-3.423886209046121e-11
1.5916928923865156e-07,0.0,-1.7623110117536973e-05,0.02858657494322554,-2.0881933835426025e-06,3.423886209046121e-11
1.5926928923865157e-07,0.0,-1.7096727663915783e-05,0.02773272614137133,-2.0881933835426025e-06,-3.423886209046121e-11
1.5936928923865158e-07,0.0,-1.6586067661447124e-05,0.02690438084169868,-2.0881933835426025e-06,3.423886209046121e-11
1.5946928923865159e-07,0.0,-1.609066049816584e-05,0.026100777283317243,-2.0881933835426025e-06,-3.423886209046121e-11
1.595692892386516e-07,0.0,-1.5610050588991385e-05,0.025321176458276626,-2.0881933835426025e-06,3.423886209046121e-11
1.596692892386516e-07,0.0,-1.5143795956562075e-05,0.024564861431961724,-2.0881933835426025e-06,-3.423886209046121e-11
1.597692892386516e-07,0.0,-1.4691467824965563e-05,0.023831136683787026,-2.0881933835426025e-06,3.423886209046121e-11
1.5986928923865162e-07,0.0,-1.425265022527273e-05,0.023119327467583682,-2.0881933835426025e-06,-3.423886209046121e-11
1.5996928923865162e-07,0.0,-1.3826939613137582e-05,0.022428779191091062,-2.0881933835426025e-06,3.423886209046121e-11
1.6e-07,0.0,-1.3698779473109606e-05,0.02222088969695549,-2.088195202532006e-06,-3.423886209046121e-11
1.600000008142262e-07,1.343473224285784e-06,-1.3698776086298803e-05,0.02222088421090099,-2.0384185575039737e-06,-0.0074250000351594085
1.600000024426786e-07,4.030419672857352e-06,-1.3698769337728592e-05,0.0222208732387947,-2.0384185575039737e-06,-0.00742500003785857
1.6000000569958335e-07,9.404312482650216e-06,-1.3698755797963595e-05,0.022220851294598377,-2.068220879891669e-06,-0.007424999801876659
1.600000122133929e-07,2.0152098276936488e-05,-1.369872874327538e-05,0.022220807406270724,-2.075671460488593e-06,-0.007425000295433793
1.60000025241012e-07,4.164766977815876e-05,-1.3698674628492715e-05,0.022220719629875464,-2.0831220410855167e-06,-0.007424999773921549
1.6000005129625017e-07,8.463881278060332e-05,-1.3698566404827632e-05,0.022220544078125144,-2.0849846862347476e-06,-0.007425000360213714
1.6000010340672651e-07,0.0001706210986981421,-1.3698349958900751e-05,0.022220192978785233,-2.0868473313839786e-06,-0.007424999888395109
1.600002076276792e-07,0.00034258567062057,-1.3697917076211823e-05,0.022219490796748103,-2.088244315245902e-06,-0.007425000626876531
1.6000041606958455e-07,0.0006865148144654258,-1.3697051352044674e-05,0.022218086499241927,-2.088011484602248e-06,-0.007425000406634463
1.6000083295339528e-07,0.0013743731021551376,-1.3695320067838119e-05,0.022215278170480832,-2.087895069280421e-06,-0.007425001663355191
1.6000166672101674e-07,0.002750089677621911,-1.3691858155737252e-05,0.022209662577795452,-2.088127899924075e-06,-0.0074250024805346815
1.6000333425625965e-07,0.005501522828380758,-1.368493695666496e-05,0.022198435650426205,-2.088127899924075e-06,-0.0074250058083269455
1.6000666932674548e-07,0.0110043891299858,-1.3671105051691215e-05,0.022175998816934425,-2.08817155566976e-06,-0.007425010772599716
1.6001333946771714e-07,0.022010121733283237,-1.3643483161972546e-05,0.02213119314896098,-2.08817155566976e-06,-0.007425022392101965
1.6002667974966046e-07,0.04402158693970341,-1.358840664013976e-05,0.022041853122802164,-1.5360412078280206e-05,-0.007425043939793596
1.6005336031354708e-07,0.08804451735263111,-1.347891925778421e-05,0.021864252844500408,-0.0001556789195547026,-0.0074250887267517385
1.6010672144132032e-07,0.1760903781784865,-1.3262580428269085e-05,0.021513328057592384,-0.000895698093415831,-0.0074251766090327465
1.6020672144132033e-07,0.3410903781784989,-1.2866442086048052e-05,0.020870749174940157,-0.003931995441632807,-0.007425342923077949
1.6030672144132034e-07,0.5060903781785113,-1.2482135949987457e-05,0.020247363399896634,-0.009119403900029965,-0.007425508109363932
1.6040672144132035e-07,0.6710903781785237,-1.2109308605460783e-05,0.019642597455951136,-0.01645792346954522,-0.007425674423402029
1.6050672144132035e-07,0.8360903781785362,-1.174761719385074e-05,0.019055895189716787,-0.025947554150178576,-0.0074258396096809065
1.6051458326390016e-07,0.8490623854352531,-1.1719646103156156e-05,0.019010523080300466,-0.026784818153885226,-0.007425853204594546
1.6053030690905976e-07,0.8750063999486,-1.166390348178411e-05,0.018920102569235164,-0.028499233142582625,-0.007425878702591149
1.6053321490431763e-07,0.8798045921240474,-1.1653623321280465e-05,0.01890342704620257,-0.028822131449544486,-0.007425884086444512
1.6053903089483338e-07,0.8894009764750294,-1.1633090170025769e-05,0.018870120072400635,-0.029473385407470687,-0.007425893162732677
1.6054079806783785e-07,0.892316811932408,-1.162685839831081e-05,0.018860011470238393,-0.029672708422339156,-0.00742589665549076
1.6054433241384682e-07,0.8981484828472525,-1.161440486717122e-05,0.018839810506903632,-0.030073369923940163,-0.007425901950242064
1.605457097537642e-07,0.9004210937108933,-1.1609555320657527e-05,0.01883194402227364,-0.030172056709432127,-0.007425904796292571
1.6054726985303623e-07,0.9029952575097658,-1.1604064733070327e-05,0.01882303770028496,-0.029994316338445515,-0.00742590681939248
1.6054816473246753e-07,0.9044718085713827,-1.1600916481285925e-05,0.018817930898128356,-0.029892931327765382,-0.007425908864874486
1.6054929841297413e-07,0.9063423814073075,-1.1596929336065658e-05,0.0188114633209091,-0.029764451741925768,-0.007425910182305984
1.6055156577398734e-07,0.9100835270790696,-1.1588959155952955e-05,0.018798534833893522,-0.029508575252947367,-0.007425914501737907
1.6055610049601378e-07,0.9175658184226814,-1.1573035223062859e-05,0.018772704506650507,-0.02899986354927364,-0.007425921456942319
1.6056516994006664e-07,0.9325304011099047,-1.154125295353147e-05,0.01872115025637133,-0.027995710541858898,-0.0074259370506837286
1.6058330882817234e-07,0.9624595664843514,-1.1477949900133891e-05,0.018618465913589215,-0.0260404863521444,-0.007425966554777119
1.6061958660438376e-07,1.0223178972331575,-1.1352382584382356e-05,0.0184147822585493,-0.02234236501320197,-0.007426027246367539
1.606921421568066e-07,1.1420345587308571,-1.1105346605048624e-05,0.018014063401887652,-0.015795430747459704,-0.007426146946215795
1.6079214215680662e-07,1.3070345587308696,-1.0773642407818081e-05,0.017476003613935597,-0.00862802146562558,-0.007426313257468564
1.6089214215680662e-07,1.4720345587308818,-1.0451845841437283e-05,0.016954015065933803,-0.003611723295819047,-0.0074264784465185585
1.6099214215680663e-07,1.6370345587308943,-1.0139660976102175e-05,0.016447617728042985,-0.0007465362371306128,-0.00742664475779975
1.6109214215680664e-07,1.8020345587309068,-9.83680072114948e-06,0.01595634590837458,-2.0881933835426025e-06,-0.007426809946878166
1.6119214215680665e-07,1.967034558730919,-9.542986560950563e-06,0.015479747824732323,-2.0881933835426025e-06,-0.007426976258130935
1.6129214215680665e-07,2.1320345587309317,-9.25794829885317e-06,0.015017385189145395,-2.0881933835426025e-06,-0.007427141447209351
1.6139214215680666e-07,2.2970345587309438,-8.981423808656728e-06,0.014568832804811097,-2.0881933835426025e-06,-0.007427307758405277
1.6149214215680667e-07,2.4620345587309562,-8.713158793586745e-06,0.014133678175076408,-2.0881933835426025e-06,-0.007427472947512115
1.6159214215680668e-07,2.627034558730969,-8.452906552418706e-06,0.01371152112409882,-2.0881933835426025e-06,-0.007427639258764884
1.6169214215680669e-07,2.792034558730981,-8.200427752622812e-06,0.013301973428837587,-2.0881933835426025e-06,-0.0074278044478433
1.617921421568067e-07,2.9570345587309936,-7.955490210255634e-06,0.012904658462037021,-2.0881933835426025e-06,-0.007427970759067648
1.618921421568067e-07,3.1220345587310057,-7.717868676452873e-06,0.01251921084587343,-2.0881933835426025e-06,-0.007428135948146064
1.619921421568067e-07,3.287034558731018,-7.487344630275614e-06,0.012145276115947257,-2.0881933835426025e-06,-0.007428302259427255
1.62e-07,3.299999999999986,-7.469526266559834e-06,0.012116372818722196,-2.088178831627374e-06,-0.007428314722858431
1.6200007143137277e-07,3.3000000000000003,-7.469364486049413e-06,0.01211611039328431,-2.0887099765332096e-06,-3.315004221349227e-06
1.6200021429411832e-07,3.3000000000000003,-7.469040931823583e-06,0.012115585553776152,-2.0887099765332096e-06,-3.315002516046661e-06
1.620005000196094e-07,3.3000000000000003,-7.468393865585786e-06,0.012114535942962551,-2.088244315245902e-06,-3.315004221349227e-06
1.620010714705916e-07,3.3000000000000003,-7.467099901364104e-06,0.012112436994116675,-2.088127899924075e-06,-3.315002516046661e-06
1.6200221437255596e-07,3.3000000000000003,-7.464512645328206e-06,0.012108240187313903,-2.0881861075849883e-06,-3.315004221349227e-06
1.620045001764847e-07,3.3000000000000003,-7.459340822154549e-06,0.012099850935374766,-2.0881861075849883e-06,-3.3150024592032423e-06
1.6200907178434218e-07,3.3000000000000003,-7.449007922067349e-06,0.012083089863057325,-2.0882006595002167e-06,-3.315004221349227e-06
1.6201821500005712e-07,3.3000000000000003,-7.42838503245265e-06,0.01204963732401577,-2.088178831627374e-06,-3.3150024592032423e-06
1.62036501431487e-07,3.3000000000000003,-7.387310302462835e-06,0.011983009706107937,-2.088204297479024e-06,-3.315004164505808e-06
1.6207307429434676e-07,3.3000000000000003,-7.305840323349779e-06,0.011850856661160853,-2.0881933835426025e-06,-3.3150024592032423e-06
1.6214622002006627e-07,3.3000000000000003,-7.145581026286576e-06,0.01159089889120336,-2.0881933835426025e-06,-3.315004164505808e-06
1.6224622002006628e-07,3.3000000000000003,-6.932150567758635e-06,0.011244691793979467,-2.0881933835426025e-06,-3.315002516046661e-06
1.6234622002006628e-07,3.3000000000000003,-6.725095036682488e-06,0.010908825512881507,-2.0881933835426025e-06,-3.315004221349227e-06
1.624462200200663e-07,3.3000000000000003,-6.524224021148978e-06,0.010582991179376722,-2.0881933835426025e-06,-3.315002516046661e-06
1.625462200200663e-07,3.3000000000000003,-6.3293527966492865e-06,0.010266889150487603,-2.0881933835426025e-06,-3.315004221349227e-06
1.626462200200663e-07,3.3000000000000003,-6.140302156175232e-06,0.009960228733234948,-2.0881933835426025e-06,-3.315002516046661e-06
1.6274622002006631e-07,3.3000000000000003,-5.9568982454430245e-06,0.009662727917311494,-2.0881933835426025e-06,-3.315004221349227e-06
1.6284622002006632e-07,3.3000000000000003,-5.778972402987506e-06,0.009374113115740284,-2.0881933835426025e-06,-3.315002516046661e-06
1.6294622002006633e-07,3.3000000000000003,-5.606361005084805e-06,0.009094118913279263,-2.0881933835426025e-06,-3.315004221349227e-06
1.6304622002006634e-07,3.3000000000000003,-5.4389053152553335e-06,0.008822487822340776,-2.0881933835426025e-06,-3.315002516046661e-06
1.6314622002006634e-07,3.3000000000000003,-5.276451338308828e-06,0.008558970046201448,-2.0881933835426025e-06,-3.315004221349227e-06
1.6324622002006635e-07,3.3000000000000003,-5.11884967871093e-06,0.008303323249284735,-2.0881933835426025e-06,-3.315002516046661e-06
1.6334622002006636e-07,3.3000000000000003,-4.965955403208699e-06,0.008055312334304865,-2.0881933835426025e-06,-3.315004221349227e-06
1.6344622002006637e-07,3.3000000000000003,-4.817627907539452e-06,0.007814709226067248,-2.0881933835426025e-06,-3.315002516046661e-06
1.6354622002006637e-07,3.3000000000000003,-4.67373078713245e-06,0.007581292661726514,-2.0881933835426025e-06,-3.315004221349227e-06
1.6364622002006638e-07,3.3000000000000003,-4.534131711667351e-06,0.007354847987309324,-2.0881933835426025e-06,-3.315002516046661e-06
1.637462200200664e-07,3.3000000000000003,-4.398702303382466e-06,0.007135166960314793,-2.0881933835426025e-06,-3.315004221349227e-06
1.638462200200664e-07,3.3000000000000003,-4.267318019014068e-06,0.006922047558211033,-2.0881933835426025e-06,-3.315002516046661e-06
1.639462200200664e-07,3.3000000000000003,-4.1398580352667665e-06,0.006715293792651684,-2.0881933835426025e-06,-3.315004221349227e-06
1.640462200200664e-07,3.3000000000000003,-4.016205137698605e-06,0.006514715529241591,-2.0881933835426025e-06,-3.315002516046661e-06
1.6414622002006642e-07,3.3000000000000003,-3.896245612934997e-06,0.0063201283126858646,-2.0881933835426025e-06,-3.315004221349227e-06
1.6424622002006643e-07,3.3000000000000003,-3.7798691440870554e-06,0.006131353197161557,-2.0881933835426025e-06,-3.315002516046661e-06
1.6434622002006643e-07,3.3000000000000003,-3.6669687093118022e-06,0.005948216581755939,-2.0881933835426025e-06,-3.315004221349227e-06
1.6444622002006644e-07,3.3000000000000003,-3.5574404833835636e-06,0.005770550050820051,-2.0881933835426025e-06,-3.315002516046661e-06
1.6445000841726492e-07,3.3000000000000003,-3.553356374650547e-06,0.005763925185336204,-2.0881861075849883e-06,-3.315004221349227e-06
1.6445758521166187e-07,3.3000000000000003,-3.545202208401662e-06,0.005750698258259048,-2.088178831627374e-06,-3.3150024592032423e-06
1.6447273880045574e-07,3.3000000000000003,-3.528949955747012e-06,0.005724335358317445,-2.088204297479024e-06,-3.315004164505808e-06
1.645030459780435e-07,3.3000000000000003,-3.496668450540643e-06,0.0056719712952479,-2.0881933835426025e-06,-3.3150024592032423e-06
1.6450456478144802e-07,3.3000000000000003,-3.495058510437878e-06,0.005669359799590758,-2.088127899924075e-06,-3.315004164505808e-06
1.6450760238825703e-07,3.3000000000000003,-3.4918408534023475e-06,0.0056641404146099104,-2.0881424518393032e-06,-3.3150024592032423e-06
1.6451367760187504e-07,3.3000000000000003,-3.4854144219711934e-06,0.0056537160533891,-2.088178831627374e-06,-3.315004221349227e-06
1.6452582802911105e-07,3.3000000000000003,-3.4725970082357366e-06,0.005632924833442715,-2.088167917690953e-06,-3.3150024592032423e-06
1.6452643798048113e-07,3.3000000000000003,-3.471954818801494e-06,0.005631883133307563,-2.088127899924075e-06,-3.315004164505808e-06
1.6452765788322132e-07,3.3000000000000003,-3.4706707962060594e-06,0.0056298003109105,-2.0881861075849883e-06,-3.315002516046661e-06
1.6453009768870167e-07,3.3000000000000003,-3.4681041753211584e-06,0.005625636976540969,-2.0881570037545316e-06,-3.315004164505808e-06
1.6453022016634865e-07,3.3000000000000003,-3.4679753816392626e-06,0.0056254280593460645,-2.0887099765332096e-06,-3.3150024592032423e-06
1.645304651216426e-07,3.3000000000000003,-3.467717808555204e-06,0.005625010248231265,-2.088244315245902e-06,-3.315004221349227e-06
1.645304774183263e-07,3.3000000000000003,-3.467704879133236e-06,0.005624989275054236,-2.0868473313839786e-06,-3.31500257289008e-06
1.6453050201169369e-07,3.3000000000000003,-3.46767901988526e-06,0.005624947328934778,-2.0887099765332096e-06,-3.3150043918794836e-06
1.6453055119842847e-07,3.3000000000000003,-3.4676273024369002e-06,0.005624863437634252,-2.087778653958594e-06,-3.3150026865769178e-06
1.6453064957189801e-07,3.3000000000000003,-3.467523869843757e-06,0.005624695658786672,-2.0887099765332096e-06,-3.315004278192646e-06
1.645308463188371e-07,3.3000000000000003,-3.4673170137887067e-06,0.005624360116104842,-2.088244315245902e-06,-3.3150024592032423e-06
1.6453085619547534e-07,3.3000000000000003,-3.4673066298698093e-06,0.00562434327248898,-2.0905726216824405e-06,-3.3150048466268345e-06
1.6453087594875179e-07,3.3000000000000003,-3.4672858627075956e-06,0.0056243095854085845,-2.0868473313839786e-06,-3.31500257289008e-06
1.6453087694036034e-07,3.3000000000000003,-3.4672848129451115e-06,0.005624307894332562,-2.0980232022793643e-06,-3.315010303595045e-06
1.6453087892357745e-07,3.3000000000000003,-3.4672827369492773e-06,0.0056243045121820425,-2.068220879891669e-06,-3.3150048466268345e-06
1.645308828900117e-07,3.3000000000000003,-3.4672785636459356e-06,0.005624297747887106,-2.0831220410855167e-06,-3.3150048466268345e-06
1.6453088314174255e-07,3.3000000000000003,-3.4672783420846044e-06,0.005624297318589509,-2.0384185575039737e-06,-3.3150175795526593e-06
1.6453088364520427e-07,3.3000000000000003,-3.46727776399969e-06,0.005624296459994413,-2.0384185575039737e-06,-3.315003027637431e-06
1.645308846521277e-07,3.3000000000000003,-3.467276714378867e-06,0.005624294742804613,-2.0980232022793643e-06,-3.315010303595045e-06
1.6453088477891502e-07,3.3000000000000003,-3.4672766307117126e-06,0.005624294526583775,-2.2768371366055362e-06,-3.3149884757222026e-06
1.6453088503248963e-07,3.3000000000000003,-3.4672763071053543e-06,0.005624294094142122,-2.0384185575039737e-06,-3.3150175795526593e-06
1.6453088553963885e-07,3.3000000000000003,-3.4672757877515492e-06,0.00562429322925892,-2.0384185575039737e-06,-3.3149957516798167e-06
1.6453088562961318e-07,3.3000000000000003,-3.4672757063756617e-06,0.005624293075818343,-2.7536742948086612e-06,-3.3150175795526593e-06
1.6453088568914168e-07,3.3000000000000003,-3.4672757371296234e-06,0.005624292974299512,-1.7999999784024112e-06,-3.3150175795526593e-06
1.6453088572413727e-07,3.3000000000000003,-3.4672756415568457e-06,0.005624292914618688,-1.7999999784024112e-06,-3.3150175795526593e-06
1.6453088575152743e-07,3.3000000000000003,0.4531241915813381,0.005624294748397969,-0.013562856059069867,-3.3151339948744862e-06
1.6453088578058217e-07,3.3000000000000003,0.45313385526373307,0.005624298688440004,-0.013561241439445888,-3.3151339948744862e-06
1.6453088579894348e-07,3.3000000000000003,0.45313996224326536,0.005624301178415057,-0.013567148475984126,-3.3151339948744862e-06
1.645308858253395e-07,3.3000000000000003,0.4531487415198788,0.00562430475803484,-0.013563599717724886,-3.3151339948744862e-06
1.645308858781315e-07,3.3000000000000003,0.4531662999023996,0.0056243119174849915,-0.013564131590524508,-3.3150175795526593e-06
1.6453088598371557e-07,3.3000000000000003,0.45320141598137914,0.005624326237227619,-0.0135656721524629,-3.3150175795526593e-06
1.645308861948837e-07,3.3000000000000003,0.4532716453942073,0.005624354880082049,-0.013567561100180528,-3.3150175795526593e-06
1.645308866172199e-07,3.3000000000000003,0.45341209324313475,0.005624412179266717,-0.01357181549970969,-3.315003027637431e-06
1.6453088746189233e-07,3.3000000000000003,0.4536929450381294,0.005624526831532255,-0.013580322966701317,-3.315010303595045e-06
1.645308891512372e-07,3.3000000000000003,0.4542544730619538,0.00562475635159191,-0.01359733257381037,-3.315003027637431e-06
1.6453089252992693e-07,3.3000000000000003,0.45537682721329564,0.005625216253375779,-0.013631375195086214,-3.3150048466268345e-06
1.645308992873064e-07,3.3000000000000003,0.4576187308511089,0.005626139500007168,-0.013699285933693846,-3.315002118142729e-06
1.6453091280206538e-07,3.3000000000000003,0.46209134281063347,0.005627999736821716,-0.013834767731237058,-3.3150043918794836e-06
1.6453093983158327e-07,3.3000000000000003,0.470991971507282,0.0056317749558938745,-0.014104381977693797,-3.3150023455164046e-06
1.645309938906191e-07,3.3000000000000003,0.4886163252564929,0.005639542559338567,-0.014638236477214458,-3.315004164505808e-06
1.6453110200869075e-07,3.3000000000000003,0.5231690611421596,0.00565593211084774,-0.01568482744514577,-3.3150024023598235e-06
1.6453124621393627e-07,3.3000000000000003,0.5678451168026766,0.005679522313183843,-0.017037977135134625,-3.315004278192646e-06
1.64531417968277e-07,3.3000000000000003,0.6190249838299523,0.005710112293861871,-0.018588007105880055,-3.3150024592032423e-06
1.645316090930369e-07,3.3000000000000003,0.6734859713236551,0.005747209425395332,-0.020237269667281163,-3.315004221349227e-06
1.6453182224038517e-07,3.3000000000000003,0.7312706565383859,0.005792203448869365,-0.021987014831040975,-3.31500257289008e-06
1.6453205329409033e-07,3.3000000000000003,0.7905722075178327,0.005845072933200327,-0.02378248872342151,-3.315004278192646e-06
1.645323048868894e-07,3.3000000000000003,0.8514160339987433,0.005907217725021866,-0.025624418942216825,-3.315002516046661e-06
1.6453257361699068e-07,3.3000000000000003,0.9123663454474166,0.005978549142318251,-0.027469297236470364,-3.315004278192646e-06
1.645328620178667e-07,3.3000000000000003,0.9734366238961527,0.006060427199440839,-0.02931749165201263,-3.3150024592032423e-06
1.6453316753254839e-07,3.3000000000000003,1.033562735338748,0.006152766057097288,-0.031136757240853376,-3.315004221349227e-06
1.6453349260106593e-07,3.3000000000000003,1.0927520579858774,0.006256881816467506,-0.032927277245036836,-3.315002516046661e-06
1.6453383534710825e-07,3.3000000000000003,1.1502270032169724,0.006372706582344029,-0.03466548941997862,-3.315004221349227e-06
1.6453419810831676e-07,3.3000000000000003,1.205990382674119,0.0065015056735029985,-0.03635144190739022,-3.3150024592032423e-06
1.6453457959928856e-07,3.3000000000000003,1.259490403800582,0.006643254772559808,-0.03796841262522026,-3.315004164505808e-06
1.6453498210682454e-07,3.3000000000000003,1.3107363136418346,0.006799182793845808,-0.03951664513846238,-3.31500257289008e-06
1.6453540489226916e-07,3.3000000000000003,1.3593550404125714,0.006969342585989804,-0.04098483226690776,-3.315004164505808e-06
1.645358502673139e-07,3.3000000000000003,1.4053716063047506,0.007154956168388859,-0.04237369490379673,-3.3150024592032423e-06
1.645363180314503e-07,3.3000000000000003,1.4485538841575565,0.007356194986007134,-0.04367619381445982,-3.315004164505808e-06
1.6453681061932758e-07,3.3000000000000003,1.488948712188343,0.007574319770526974,-0.044893710181680924,-3.3150024592032423e-06
1.645373283986633e-07,3.3000000000000003,1.5264344264481042,0.00780967394695043,-0.04602254645781712,-3.315004164505808e-06
1.6453787405408568e-07,3.3000000000000003,1.5610823684152868,0.008063622269779674,-0.04706482322102514,-3.3150024592032423e-06
1.6453844859957428e-07,3.3000000000000003,1.592856589852544,0.008336752366523311,-0.04801943363716498,-3.315004164505808e-06
1.645390551408504e-07,3.3000000000000003,1.6218528245756134,0.008630625477983007,-0.04888923105068987,-3.315002516046661e-06
1.6453969548309195e-07,3.3000000000000003,1.6481006503743545,0.00894617610970461,-0.049675083935194875,-3.315004221349227e-06
1.645403733960194e-07,3.3000000000000003,1.6717180101546585,0.00928529560007053,-0.05038050877348082,-3.3150024592032423e-06
1.6454109172303262e-07,3.3000000000000003,1.6927834661524552,0.00964941847581065,-0.05100784290565081,-3.315004164505808e-06
1.6454185526220227e-07,3.3000000000000003,1.7114336029180264,0.010040966762758207,-0.05156115217398527,-3.3150024592032423e-06
1.6454266830975006e-07,3.3000000000000003,1.7277823590471308,0.010462114660342194,-0.05204382331760898,-3.315004164505808e-06
1.6454353727004195e-07,3.3000000000000003,1.7419805762598246,0.010916131230992948,-0.052460328444407255,-3.315002516046661e-06
1.645444686006379e-07,3.3000000000000003,1.7541663181366807,0.01140632501647087,-0.052814751294787445,-3.315004221349227e-06
1.6454547128441398e-07,3.3000000000000003,1.764499895322049,0.011937340654484261,-0.05311180883159772,-3.315002516046661e-06
1.6454655520037808e-07,3.3000000000000003,1.773134107723497,0.012514309508587125,-0.0533559764194009,-3.315004164505808e-06
1.6454773365599717e-07,3.3000000000000003,1.7802337843603044,0.013144195713045353,-0.05355203783279391,-3.315002516046661e-06
1.645490223288439e-07,3.3000000000000003,1.7859584628897267,0.013835239266061906,-0.05370457789250684,-3.315004221349227e-06
1.6455044223925903e-07,3.3000000000000003,1.7904724202952587,0.01459854805837374,-0.05381823839596351,-3.315002516046661e-06
1.6455201971945162e-07,3.3000000000000003,1.7939347897236613,0.015448083423513979,-0.05389741864814363,-3.315004164505808e-06
1.645537907431295e-07,3.3000000000000003,1.7965038864290548,0.016402983865198627,-0.05394633625553665,-3.3150024592032423e-06
1.6455580333149151e-07,3.3000000000000003,1.798331427798698,0.017488849532978443,-0.05396881310432976,-3.315004221349227e-06
1.645581259629251e-07,3.3000000000000003,1.7995634022537579,0.018742248342096483,-0.05396816514255945,-3.3150024592032423e-06
1.6456085734603302e-07,3.3000000000000003,1.8003361000753835,0.02021592940001516,-0.053946923969889295,-3.315004221349227e-06
1.6456414949399957e-07,3.3000000000000003,1.8007746630964687,0.02199114720832482,-0.05390641973250405,-3.3150024592032423e-06
1.6456824599543056e-07,3.3000000000000003,1.8009891128806417,0.024198028486820546,-0.05384604324954533,-3.315004221349227e-06
1.645735709224819e-07,3.3000000000000003,1.801071086043424,0.027062838701277833,-0.05376171493602765,-3.3150024592032423e-06
1.6458093340876103e-07,3.3000000000000003,1.8010894629070051,0.031016361474380538,-0.053642468101347644,-3.315004164505808e-06
1.645921083707883e-07,3.3000000000000003,1.801086991642098,0.037000316217508294,-0.05346106124650425,-3.3150024592032423e-06
1.6461185358214043e-07,3.3000000000000003,1.801080266930588,0.04752404386780451,-0.05314195665190469,-3.315004164505808e-06
1.646513440048447e-07,3.3000000000000003,1.801067523538542,0.06838360400111469,-0.052509462582008594,-3.315002516046661e-06
1.647303248502532e-07,3.3000000000000003,1.8010421776951149,0.10936226318287438,-0.05126691694983746,-3.315004221349227e-06
1.6483032485025322e-07,3.3000000000000003,1.8010111167501315,0.1598597074825684,-0.04973575009320127,-3.315002516046661e-06
1.6493032485025323e-07,3.3000000000000003,1.8009808572646457,0.2088488501549511,-0.048250313633915444,-3.315004221349227e-06
1.6503032485025323e-07,3.3000000000000003,1.8009516089527666,0.25637474218342143,-0.04680924874586862,-3.315002516046661e-06
1.6513032485025324e-07,3.3000000000000003,1.8009231429971466,0.3024810894607807,-0.04541122407397903,-3.315004221349227e-06
1.6523032485025325e-07,3.3000000000000003,1.8008956048606106,0.3472102919822165,-0.04405495917801747,-3.315002516046661e-06
1.6533032485025326e-07,3.3000000000000003,1.8008688233168177,0.3906034836868881,-0.04273920238613093,-3.315004221349227e-06
1.6543032485025326e-07,3.3000000000000003,1.8008428977596835,0.4327005695630482,-0.04146274746828731,-3.315002516046661e-06
1.6553032485025327e-07,3.3000000000000003,1.8008176989230722,0.4735402629594163,-0.04022441737542242,-3.315004221349227e-06
1.6563032485025328e-07,3.3000000000000003,1.8007932932490103,0.5131601206646887,-0.03902307603649144,-3.315002516046661e-06
1.657303248502533e-07,3.3000000000000003,1.8007695821167988,0.5515965778891132,-0.037857616365609505,-3.315004221349227e-06
1.658303248502533e-07,3.3000000000000003,1.8007466084747783,0.5888849813937901,-0.03672696855031167,-3.315002516046661e-06
1.659303248502533e-07,3.3000000000000003,1.8007242961527576,0.6250596223167744,-0.03563009115693856,-3.315004221349227e-06
1.660303248502533e-07,3.3000000000000003,1.8007026714210053,0.6601537674352852,-0.034565976897427055,-3.315002516046661e-06
1.6613032485025332e-07,3.3000000000000003,1.8006816746203482,0.6941996899900732,-0.03353364598687128,-3.315004221349227e-06
1.6623032485025332e-07,3.3000000000000003,1.8006613202502293,0.7272286991675424,-0.03253215010143847,-3.315002516046661e-06
1.6633032485025333e-07,3.3000000000000003,1.800641560853783,0.7592711690596161,-0.031560567375966325,-3.315004221349227e-06
1.6643032485025334e-07,3.3000000000000003,1.800622402688973,0.7903565664539972,-0.030618005067135676,-3.315002516046661e-06
1.6653032485025335e-07,3.3000000000000003,1.8006038073718866,0.8205134780532941,-0.029703595748043893,-3.315004221349227e-06
1.6663032485025335e-07,3.3000000000000003,1.8005857754536916,0.8497696366610404,-0.028816499047407667,-3.315002516046661e-06
1.6673032485025336e-07,3.3000000000000003,1.8005682753471872,0.8781519467726647,-0.02795589872026728,-3.315004221349227e-06
1.6683032485025337e-07,3.3000000000000003,1.8005513037136258,0.9056865092430453,-0.027121003730448897,-3.315002516046661e-06
1.6693032485025338e-07,3.3000000000000003,1.8005348341035965,0.9323986453524652,-0.026311045964905057,-3.315004221349227e-06
1.6703032485025338e-07,3.3000000000000003,1.8005188605875142,0.9583129200388262,-0.025525280851887797,-3.315002516046661e-06
1.671303248502534e-07,3.3000000000000003,1.8005033606417296,0.9834531645336263,-0.024762985550309518,-3.315004221349227e-06
1.672303248502534e-07,3.3000000000000003,1.8004883266715572,1.007842498238791,-0.024023459242083475,-3.315002516046661e-06
1.673303248502534e-07,3.3000000000000003,1.800473739190776,1.031503350020653,-0.023306021674082574,-3.315004221349227e-06
1.6743032485025341e-07,3.3000000000000003,1.800459589596333,1.054457478807904,-0.022610013224124034,-3.315002516046661e-06
1.6753032485025342e-07,3.3000000000000003,1.8004458607857359,1.076725993625311,-0.021934793706516298,-3.315004221349227e-06
1.6763032485025343e-07,3.3000000000000003,1.8004325436106374,1.0983293729856953,-0.021279742283032973,-3.315002516046661e-06
1.6773032485025344e-07,3.3000000000000003,1.8004196228688116,1.119287483739547,-0.020644256467212903,-3.315004221349227e-06
1.6783032485025344e-07,3.3000000000000003,1.8004070891904327,1.1396195993302958,-0.020027751931372306,-3.315002516046661e-06
1.6793032485025345e-07,3.3000000000000003,1.8003949289137355,1.1593444175309466,-0.01942966166232268,-3.315004221349227e-06
1.6803032485025346e-07,3.3000000000000003,1.800383132671245,1.1784800776283066,-0.018849435700834003,-3.315002516046661e-06
1.6813032485025347e-07,3.3000000000000003,1.8003716880718232,1.1970441771131795,-0.018286540414107728,-3.315004221349227e-06
1.6823032485025347e-07,3.3000000000000003,1.8003605859025216,1.215053787855687,-0.01774045819355679,-3.315002516046661e-06
1.6833032485025348e-07,3.3000000000000003,1.8003498148385844,1.2325254718113547,-0.017210686818555254,-3.315004221349227e-06
1.684303248502535e-07,3.3000000000000003,1.8003393659225544,1.2494752962462568,-0.01669673913080537,-3.315002516046661e-06
1.685303248502535e-07,3.3000000000000003,1.8003292287397532,1.2659188485174477,-0.016198142470547197,-3.315004221349227e-06
1.686303248502535e-07,3.3000000000000003,1.8003193946527047,1.2818712504033818,-0.015714438340319683,-3.315002516046661e-06
1.687303248502535e-07,3.3000000000000003,1.800309854035654,1.297347172013555,-0.015245181899651043,-3.315004221349227e-06
1.6883032485025352e-07,3.3000000000000003,1.8003005986097391,1.312360845276515,-0.01478994162709638,-3.315002516046661e-06
1.6893032485025353e-07,3.3000000000000003,1.8002916194428584,1.32692607703024,-0.014348298862947351,-3.315004221349227e-06
1.6903032485025353e-07,3.3000000000000003,1.8002829086351833,1.3410562617170694,-0.013919847475615166,-3.315002516046661e-06
1.6913032485025354e-07,3.3000000000000003,1.8002744578721508,1.3547643937032365,-0.013504193444461389,-3.315004221349227e-06
1.6923032485025355e-07,3.3000000000000003,1.8002662596406622,1.3680630792272122,-0.013100954534582416,-3.315002516046661e-06
1.6933032485025356e-07,3.3000000000000003,1.8002583061818542,1.3809645479939003,-0.012709759913735127,-3.315004221349227e-06
1.6943032485025356e-07,3.3000000000000003,1.8002505903682773,1.3934806644202036,-0.012330249838144137,-3.315002516046661e-06
1.6953032485025357e-07,3.3000000000000003,1.8002431049456387,1.405622938546674,-0.01196207529886753,-3.315004221349227e-06
1.6963032485025358e-07,3.3000000000000003,1.80023584316511,1.417402536621561,-0.011604897720229518,-3.315002516046661e-06
1.697303248502536e-07,3.3000000000000003,1.800228798233962,1.4288302913701578,-0.01125838863198018,-3.315004221349227e-06
1.698303248502536e-07,3.3000000000000003,1.8002219637710248,1.4399167119561977,-0.01092222938123732,-3.315002516046661e-06
1.699303248502536e-07,3.3000000000000003,1.800215333408351,1.4506719936467503,-0.010596110827539473,-3.315004221349227e-06
1.700303248502536e-07,3.3000000000000003,1.8002089011189732,1.461106027187554,-0.010279733068677448,-3.315002516046661e-06
1.7013032485025362e-07,3.3000000000000003,1.8002026609277761,1.4712284078990714,-0.009972805156294381,-3.315004221349227e-06
1.7023032485025362e-07,3.3000000000000003,1.8001966071470614,1.481048444500216,-0.009675044835638793,-3.315002516046661e-06
1.7033032485025363e-07,3.3000000000000003,1.8001907341664067,1.490575167669067,-0.009386178279780796,-3.315004221349227e-06
1.7043032485025364e-07,3.3000000000000003,1.8001850366216887,1.499817338347425,-0.009105939843080947,-3.315002516046661e-06
1.7053032485025365e-07,3.3000000000000003,1.8001795092420867,1.5087834557977076,-0.008834071812405534,-3.315004221349227e-06
1.7063032485025366e-07,3.3000000000000003,1.8001741469710961,1.5174817654188688,-0.008570324173947761,-3.315002516046661e-06
1.7073032485025366e-07,3.3000000000000003,1.8001689448548923,1.5259202663291418,-0.008314454380064513,-3.315004221349227e-06
1.7083032485025367e-07,3.3000000000000003,1.8001638981287171,1.5341067187220572,-0.008066227128984714,-3.315002516046661e-06
1.7093032485025368e-07,3.3000000000000003,1.8001590021351923,1.5420486510029503,-0.007825414146076072,-3.315004221349227e-06
1.7103032485025369e-07,3.3000000000000003,1.8001542523857492,1.5497533667121304,-0.007591793975913494,-3.315002516046661e-06
1.711303248502537e-07,3.3000000000000003,1.8001496445006426,1.557227951241416,-0.007365151776930078,-3.315004221349227e-06
1.712303248502537e-07,3.3000000000000003,1.8001451742524042,1.564479278349927,-0.0071452791252856074,-3.315002516046661e-06
1.713303248502537e-07,3.3000000000000003,1.8001408375215946,1.571514016485362,-0.006931973821971754,-3.315004221349227e-06
1.7143032485025372e-07,3.3000000000000003,1.8001366303273232,1.5783386349163806,-0.0067250397079072835,-3.315002516046661e-06
1.7153032485025372e-07,3.3000000000000003,1.8001325487944229,1.5849594096818882,-0.006524286482661889,-3.315004221349227e-06
1.7163032485025373e-07,3.3000000000000003,1.8001285891746786,1.5913824293625651,-0.006329529530204643,-3.315002516046661e-06
1.7173032485025374e-07,3.3000000000000003,1.800124747822305,1.5976136006800556,-0.006140589748488626,-3.315004221349227e-06
1.7183032485025375e-07,3.3000000000000003,1.80012102120851,1.6036586539288726,-0.0059572933852888995,-3.315002516046661e-06
1.7193032485025375e-07,3.3000000000000003,1.800117405903018,1.6095231482460934,-0.005779471877955024,-3.315004221349227e-06
1.7203032485025376e-07,3.3000000000000003,1.800113898583864,1.6152124767236264,-0.005606961698790525,-3.315002516046661e-06
1.7213032485025377e-07,3.3000000000000003,1.8001104960233332,1.620731871367805,-0.005439604204336159,-3.315004221349227e-06
1.7223032485025378e-07,3.3000000000000003,1.800107195094345,1.6260864079108208,-0.005277245489762373,-3.315002516046661e-06
1.7233032485025378e-07,3.3000000000000003,1.800103992759629,1.631281010478468,-0.005119736247094489,-3.315004221349227e-06
1.724303248502538e-07,3.3000000000000003,1.8001008860756889,1.6363204561184443,-0.0049669316281115445,-3.315002516046661e-06
1.725303248502538e-07,3.3000000000000003,1.8000978721843504,1.6412093791934175,-0.0048186911109669925,-3.315004221349227e-06
1.726303248502538e-07,3.3000000000000003,1.800094948315018,1.6459522756428586,-0.004674878371110572,-3.315002516046661e-06
1.727303248502538e-07,3.3000000000000003,1.8000921117779725,1.650553507117594,-0.004535361155795832,-3.315004221349227e-06
1.7283032485025382e-07,3.3000000000000003,1.8000893599654304,1.6550173049908512,-0.0044000111625652665,-3.315002516046661e-06
1.7293032485025383e-07,3.3000000000000003,1.8000866903461434,1.6593477742495064,-0.004268703921170108,-3.315004221349227e-06
1.7303032485025384e-07,3.3000000000000003,1.8000841004656207,1.6635488972691,-0.004141318679182757,-3.315002516046661e-06
1.7313032485025384e-07,3.3000000000000003,1.800081587941705,1.6676245374761023,-0.0040177382908848785,-3.315004221349227e-06
1.7323032485025385e-07,3.3000000000000003,1.800079150464225,1.6715784429007854,-0.003897849109593955,-3.315002516046661e-06
1.7333032485025386e-07,3.3000000000000003,1.8000767857913018,1.6754142496239794,-0.0037815408831045165,-3.315004221349227e-06
1.7343032485025387e-07,3.3000000000000003,1.8000744917485754,1.6791354851208744,-0.003668706652362662,-3.315002516046661e-06
1.7353032485025387e-07,3.3000000000000003,1.8000722662263466,1.6827455715049522,-0.0035592426529763525,-3.315004221349227e-06
1.7363032485025388e-07,3.3000000000000003,1.8000701071778926,1.686247828675017,-0.0034530482199530968,-3.315002516046661e-06
1.737303248502539e-07,3.3000000000000003,1.8000680126178412,1.6896454773682372,-0.0033500256950321043,-3.315004221349227e-06
1.738303248502539e-07,3.3000000000000003,1.8000659806198909,1.6929416421219874,-0.003250080336887983,-3.315002516046661e-06
1.739303248502539e-07,3.3000000000000003,1.800064009315472,1.6961393541472323,-0.0031531202340177584,-3.315004221349227e-06
1.740303248502539e-07,3.3000000000000003,1.80006209689166,1.6992415541160784,-0.003059056220206611,-3.315002516046661e-06
1.7413032485025392e-07,3.3000000000000003,1.800060241589824,1.7022510948660685,-0.002967801792538381,-3.315004221349227e-06
1.7423032485025393e-07,3.3000000000000003,1.8000584417037377,1.705170744023702,-0.0028792730318378977,-3.315002516046661e-06
1.7433032485025393e-07,3.3000000000000003,1.8000566955782438,1.7080031865495917,-0.0027933885255043765,-3.315004221349227e-06
1.7443032485025394e-07,3.3000000000000003,1.8000550016075327,1.7107510272076012,-0.0027100692926370577,-3.315002516046661e-06
1.7453032485025395e-07,3.3000000000000003,1.8000533582338347,1.7134167929602309,-0.0026292387114080153,-3.315004221349227e-06
1.7463032485025396e-07,3.3000000000000003,1.8000517639458444,1.7160029352924582,-0.002550822448595019,-3.315002516046661e-06
1.7473032485025396e-07,3.3000000000000003,1.8000502172774522,1.718511832466166,-0.0024747483912271307,-3.315004221349227e-06
1.7483032485025397e-07,3.3000000000000003,1.8000487168062933,1.7209457917072326,-0.002400946580265272,-3.315002516046661e-06
1.7493032485025398e-07,3.3000000000000003,1.8000472611525256,1.7233070513272981,-0.002329349146269227,-3.315004221349227e-06
1.7503032485025399e-07,3.3000000000000003,1.8000458489774895,1.7255977827821554,-0.0022598902469814965,-3.315002516046661e-06
1.75130324850254e-07,3.3000000000000003,1.8000444789825372,1.7278200926686589,-0.0021925060067795065,-3.315004221349227e-06
1.75230324850254e-07,3.3000000000000003,1.8000431499077858,1.7299760246619882,-0.0021271344579328277,-3.315002516046661e-06
1.75330324850254e-07,3.3000000000000003,1.8000418605310045,1.732067561395046,-0.0020637154836180135,-3.315004221349227e-06
1.7543032485025402e-07,3.3000000000000003,1.8000406096664519,1.7340966262817235,-0.0020021907626329026,-3.315002516046661e-06
1.7553032485025402e-07,3.3000000000000003,1.8000393961638175,1.7360650852857062,-0.0019425037157643418,-3.315004221349227e-06
1.7563032485025403e-07,3.3000000000000003,1.8000382189071373,1.7379747486364465,-0.0018845994537561603,-3.315002516046661e-06
1.7573032485025404e-07,3.3000000000000003,1.8000370768137903,1.7398273724938804,-0.0018284247268328152,-3.315004221349227e-06
1.7583032485025405e-07,3.3000000000000003,1.8000359688335308,1.7416246605634262,-0.0017739278757051581,-3.315002516046661e-06
1.7593032485025405e-07,3.3000000000000003,1.8000348939472617,1.743368265662739,-0.0017210587841580893,-3.315004221349227e-06
1.7603032485025406e-07,3.3000000000000003,1.8000338511667928,1.745059791241673,-0.001669768832830377,-3.315002516046661e-06
1.7613032485025407e-07,3.3000000000000003,1.8000328395328675,1.746700792856842,-0.0016200108545734457,-3.315004221349227e-06
1.7623032485025408e-07,3.3000000000000003,1.8000318581154222,1.7482927796021355,-0.001571739091084806,-3.315002516046661e-06
1.7633032485025408e-07,3.3000000000000003,1.800030906011714,1.7498372154965072,-0.0015249091507969267,-3.315004221349227e-06
1.764303248502541e-07,3.3000000000000003,1.8000299823463528,1.7513355208303147,-0.0014794779680802805,-3.315002516046661e-06
1.765303248502541e-07,3.3000000000000003,1.8000290862697659,1.7527890734714422,-0.0014354037636170932,-3.315004221349227e-06
1.766303248502541e-07,3.3000000000000003,1.8000282169580368,1.7541992101324115,-0.001392646005999362,-3.315002516046661e-06
1.7673032485025411e-07,3.3000000000000003,1.8000273736116197,1.7555672275996486,-0.0013511653744391926,-3.315004221349227e-06
1.7683032485025412e-07,3.3000000000000003,1.8000265554550523,1.7568943839260276,-0.0013109237226226725,-3.315002516046661e-06
1.7693032485025413e-07,3.3000000000000003,1.8000257617358646,1.7581818995878018,-0.0012718840436179797,-3.315004221349227e-06
1.7703032485025414e-07,3.3000000000000003,1.8000249917242053,1.7594309586069734,-0.0012340104358530839,-3.315002516046661e-06
1.7713032485025414e-07,3.3000000000000003,1.8000242447119006,1.7606427096401402,-0.0011972680700917983,-3.315004221349227e-06
1.7723032485025415e-07,3.3000000000000003,1.8000235200120345,1.7618182670348217,-0.0011616231574111105,-3.315002516046661e-06
1.7733032485025416e-07,3.3000000000000003,1.8000228169581183,1.7629587118542327,-0.0011270429181223836,-3.315004221349227e-06
1.7743032485025417e-07,3.3000000000000003,1.8000221349036465,1.7640650928714465,-0.0010934955516316782,-3.315002516046661e-06
1.7753032485025417e-07,3.3000000000000003,1.8000214732213604,1.7651384275338668,-0.0010609502071910052,-3.315004221349227e-06
1.7763032485025418e-07,3.3000000000000003,1.80002083130279,1.7661797028988884,-0.0010293769555311466,-3.315002516046661e-06
1.777303248502542e-07,3.3000000000000003,1.8000202085575947,1.7671898765416143,-0.0009987467613350443,-3.315004221349227e-06
1.778303248502542e-07,3.3000000000000003,1.8000196044131052,1.768169877435458,-0.0009690314565389717,-3.315002516046661e-06
1.779303248502542e-07,3.3000000000000003,1.8000190183137237,1.7691206068064422,-0.0009402037144266298,-3.315004221349227e-06
1.780303248502542e-07,3.3000000000000003,1.8000184497204768,1.770042938961985,-0.0009122370245007978,-3.315002516046661e-06
1.7813032485025422e-07,3.3000000000000003,1.8000178981104649,1.770937722094925,-0.0008851056681021483,-3.315004221349227e-06
1.7823032485025423e-07,3.3000000000000003,1.800017362976427,1.7718057790635375,-0.0008587846947594167,-3.315002516046661e-06
1.7833032485025423e-07,3.3000000000000003,1.800016843826236,1.772647908148248,-0.0008332498992432494,-3.315004221349227e-06
1.7843032485025424e-07,3.3000000000000003,1.8000163401824798,1.773464883785744,-0.0008084777993077214,-3.315002516046661e-06
1.7853032485025425e-07,3.3000000000000003,1.8000158515819928,1.774257457281162,-0.0007844456140947242,-3.315004221349227e-06
1.7863032485025426e-07,3.3000000000000003,1.8000153775754542,1.7750263574990006,-0.0007611312431850558,-3.315002516046661e-06
1.7873032485025426e-07,3.3000000000000003,1.8000149177269549,1.775772291533395,-0.0007385132462738728,-3.315004221349227e-06
1.7883032485025427e-07,3.3000000000000003,1.8000144716136142,1.7764959453583775,-0.0007165708234543299,-3.315002516046661e-06
1.7893032485025428e-07,3.3000000000000003,1.8000140388251746,1.7771979844587071,-0.0006952837960891658,-3.315004221349227e-06
1.7903032485025429e-07,3.3000000000000003,1.8000136189636402,1.7778790544418632,-0.0006746325882544264,-3.315002516046661e-06
1.791303248502543e-07,3.3000000000000003,1.8000132116428953,1.7785397816317567,-0.0006545982087368387,-3.315004221349227e-06
1.792303248502543e-07,3.3000000000000003,1.800012816488363,1.779180773644709,-0.0006351622335694337,-3.315002516046661e-06
1.793303248502543e-07,3.3000000000000003,1.8000124331366512,1.779802619948226,-0.0006163067890882402,-3.315004221349227e-06
1.7943032485025432e-07,3.3000000000000003,1.800012061235224,1.7804058924030832,-0.000598014535495572,-3.315002516046661e-06
1.7953032485025432e-07,3.3000000000000003,1.8000117004420726,1.78099114578922,-0.0005802686509139578,-3.315004221349227e-06
1.7963032485025433e-07,3.3000000000000003,1.800011350425407,1.7815589183159224,-0.0005630528159164074,-3.315002516046661e-06
1.7973032485025434e-07,3.3000000000000003,1.8000110108633443,1.7821097321167718,-0.0005463511985189009,-3.315004221349227e-06
1.7983032485025435e-07,3.3000000000000003,1.800010681443618,1.7826440937298076,-0.0005301484396209362,-3.315002516046661e-06
1.7993032485025435e-07,3.3000000000000003,1.800010361863288,1.7831624945633495,-0.0005144296388810012,-3.315004221349227e-06
1.8000000000000002e-07,3.299999999999973,1.8000101448633639,1.7835144967496366,-0.0005037563290566291,-3.3150024023598235e-06
1.8000031870059902e-07,3.2994741440116364,1.800010143881241,1.783516089678411,-0.0005037079641565591,0.007421685525173416
1.8000095610179697e-07,3.2984224320350504,1.8000101419174432,1.7835192752281224,-0.0005036113728361493,0.007421686580471487
1.8000223090419291e-07,3.2963190080817033,1.8000101379912046,1.7835256444808785,-0.0005034183043932677,0.007421688695842477
1.8000478050898477e-07,3.2921121601751846,1.800010130142875,1.7835383756032954,-0.0005030322458566713,0.007421692918740064
1.8000987971856848e-07,3.2836984643620597,1.8000101144636378,1.7835638083442638,-0.000502261110724749,0.007421701374028089
1.800200781377359e-07,3.2668710727358095,1.8000100831796666,1.783614556038478,-0.0005007223464831524,0.007421718274656541
1.8004047497607078e-07,3.233216289483222,1.8000100208993446,1.7837155820916037,-0.0004976590890660753,0.007421752085747357
1.8008126865274053e-07,3.165906722978134,1.8000098974882535,1.7839157712808502,-0.0004915889992535816,0.007421819697924548
1.8016285600608003e-07,3.031287589967958,1.8000096551891598,1.784308811798878,-0.0004796713378890849,0.0074219549324539
1.8026285600608004e-07,2.8662875899679454,1.8000093662619678,1.7847774893787791,-0.00046546023131722325,0.0074221206793367855
1.8036285600608005e-07,2.7012875899679334,1.8000090859645566,1.7852321680872714,-0.0004516735944944146,0.007422286432870351
1.8046285600608006e-07,2.536287589967921,1.8000088140394537,1.7856732660548758,-0.00043829874898890827,0.007422452179667971
1.8056285600608006e-07,2.3712875899679084,1.8000085502363279,1.786101188923026,-0.00042532339505007693,0.007422617933144693
1.8066285600608007e-07,2.206287589967896,1.8000082943128057,1.7865163302171028,-0.0004127356003214538,0.0074227836799991564
1.8076285600608008e-07,2.0412875899678835,1.800008046033345,1.7869190717083263,-0.00040052378884033134,0.007422949433447457
1.8086285600608009e-07,1.8762875899678713,1.8000078051697377,1.7873097837648406,-0.0003886767304395447,0.00742311518030192
1.809628560060801e-07,1.7112875899678588,1.8000075715005261,1.7876888256923122,-0.0005340823036897137,0.007423280933778642
1.810628560060801e-07,1.5462875899678465,1.8000073448106448,1.7880565460643505,-0.0024200799328432704,0.007423446680633106
1.811628560060801e-07,1.381287589967834,1.800007124891825,1.7884132830430635,-0.006457521708406201,0.007423612434081406
1.8126285600608012e-07,1.2162875899678216,1.800006911541656,1.788759364690039,-0.01264639768295588,0.007423778180978502
1.8136285600608012e-07,1.0512875899678091,1.800006704564081,1.7890951092680343,-0.02098669820628194,0.007423943934426802
1.8139223155076912e-07,1.0028179412310023,1.8000066449507177,1.789191810134503,-0.023845527736520156,0.007423992621113484
1.814509826401471e-07,0.9058786437573012,1.800006527302331,1.7893826506877484,-0.03012013719089407,0.0074240900044912905
1.8147171243724853e-07,0.8716744785399348,1.8000064862902738,1.7894491782121493,-0.028597797315499468,0.007424124360809969
1.814961397966061e-07,0.8313693355999274,1.8000064382913803,1.7895270374920653,-0.025965497173268688,0.007424164852537274
1.8150948613722673e-07,0.8093478735759136,1.8000064122170032,1.7895693342269905,-0.024581521697946307,0.0074241869708089325
1.8152623333414765e-07,0.7817149986564376,1.800006379647178,1.7896221672950978,-0.022899101055014776,0.007424214732580481
1.8155972772798952e-07,0.7264492488173109,1.8000063149997254,1.7897270326330161,-0.019715279777631746,0.007424270246389142
1.8162671651567323e-07,0.6159177491392325,1.8000061876569349,1.789933600371665,-0.014071716113176334,0.007424381283591686
1.8172671651567323e-07,0.45091774913922,1.800006002300248,1.790234271852469,-0.007443367278775566,0.007424547030581152
1.8182671651567324e-07,0.285917749139208,1.8000058224813438,1.7905259626148073,-0.002966401865336465,0.007424712783922871
1.8192671651567325e-07,0.12091774913919551,1.8000056480321627,1.7908089409026273,-0.0006408117401190717,0.007424878530907009
1.8200000000000002e-07,0.0,1.8000055235124761,1.7910109290788374,-0.0002764516683560518,0.007425000001594139
1.8200000166569213e-07,0.0,1.8000055235083259,1.7910109336189033,-0.0002764613605260115,-4.205418234457739e-23
1.8200000499707637e-07,0.0,1.8000055235027304,1.7910109426990304,-0.0002764610852010247,0.0
1.8200001165984484e-07,0.0,1.8000055234925978,1.791010960859257,-0.0002764530839604529,0.0
1.820000249853818e-07,0.0,1.8000055234706043,1.7910109971796004,-0.00027645198266135863,0.0
1.8200005163645573e-07,0.0,1.8000055234259984,1.7910110698198474,-0.0002764479174376126,0.0
1.8200010493860358e-07,0.0,1.8000055233349692,1.7910112150985813,-0.00027644351235270765,0.0
1.8200021154289927e-07,0.0,1.8000055231563579,1.7910115056490052,-0.00027643516802318234,0.0
1.8200042475149064e-07,0.0,1.800005522797683,1.7910120867216777,-0.00027641685041884925,0.0
1.820008511686734e-07,0.0,1.8000055220819926,1.7910132487543342,-0.00027638126634835626,0.0
1.8200170400303892e-07,0.0,1.8000055206499075,1.791015572368964,-0.0002763109267857155,0.0
1.8200340967176997e-07,0.0,1.8000055177858325,1.7910202177960712,-0.00027617001127625576,0.0
1.8200682100923203e-07,0.0,1.8000055120629412,1.791029501446335,-0.00027588852965338475,0.0
1.820136436841562e-07,0.0,1.8000055006333882,1.7910480399682775,-0.00027532639541106245,0.0
1.820272890340045e-07,0.0,1.800005477848695,1.7910850021948883,-0.0002742056592439759,0.0
1.820545797337011e-07,0.0,1.8000054325566732,1.7911584697445164,-0.00027197798462251407,0.0
1.8210916113309432e-07,0.0,1.800005343091057,1.7913035959786425,-0.00026757750789384185,0.0
1.8220916113309433e-07,0.0,1.8000051829606982,1.7915633472337844,-0.00025970140424208386,0.0
1.8230916113309434e-07,0.0,1.8000050276143913,1.7918153400115087,-0.0002520605518433717,0.0
1.8240916113309434e-07,0.0,1.8000048769071202,1.7920598060488,-0.00024464792306955413,0.0
1.8250916113309435e-07,0.0,1.8000047307021416,1.7922969701609146,-0.00023745670119326167,0.0
1.8260916113309436e-07,0.0,1.8000045888634304,1.7925270504481348,-0.00023048027299290145,0.0
1.8270916113309437e-07,0.0,1.8000044512618856,1.7927502584963295,-0.00022371222286318812,0.0
1.8280916113309437e-07,0.0,1.8000043177698308,1.7929667995715395,-0.00021714632675196388,0.0
1.8290916113309438e-07,0.0,1.8000041882654696,1.793176872808737,-0.00021077654657523408,0.0
1.830091611330944e-07,0.0,1.8000040626288865,1.7933806713949592,-0.00020459702454641947,0.0
1.831091611330944e-07,0.0,1.8000039407452426,1.7935783827469625,-0.00019860207788974945,0.0
1.832091611330944e-07,0.0,1.8000038225018575,1.793770188683578,-0.00019278619352906465,0.0
1.833091611330944e-07,0.0,1.800003707790497,1.79395626559291,-0.00018714402309033198,0.0
1.8340916113309442e-07,0.0,1.8000035965052419,1.794136784594551,-0.00018167037792160705,0.0
1.8350916113309443e-07,0.0,1.8000034885441167,1.7943119116969435,-0.00017636022437370492,0.0
1.8360916113309443e-07,0.0,1.8000033838075287,1.7944818079500449,-0.0001712086791268688,0.0
1.8370916113309444e-07,0.0,1.8000032821994236,1.7946466295934314,-0.00016621100473763667,0.0
1.8380916113309445e-07,0.0,1.800003183626137,1.7948065281999794,-0.00016136260525012147,0.0
1.8390916113309446e-07,0.0,1.8000030879972095,1.794961650815254,-0.00015665902199686277,0.0
1.8400916113309446e-07,0.0,1.800002995224537,1.7951121400927352,-0.0001520959294751924,0.0
1.8410916113309447e-07,0.0,1.8000029052229423,1.7952581344250043,-0.0001476691313893162,0.0
1.8420916113309448e-07,0.0,1.8000028179095409,1.795399768071012,-0.00014337455677445582,0.0
1.8430916113309449e-07,0.0,1.8000027332041848,1.7955371712795454,-0.00013920825624326176,0.0
1.844091611330945e-07,0.0,1.8000026510287102,1.7956704704090054,-0.00013516639843581124,0.0
1.845091611330945e-07,0.0,1.8000025713079169,1.7957997880436123,-0.00013124526637425425,0.0
1.846091611330945e-07,0.0,1.80000249396813,1.7959252431061328,-0.00012744125410580037,0.0
1.8470916113309452e-07,0.0,1.8000024189385349,1.7960469509672436,-0.00012375086340330724,0.0
1.8480916113309452e-07,0.0,1.8000023461498709,1.7961650235516313,-0.0001201707005107802,0.0
1.8490916113309453e-07,0.0,1.8000022755354228,1.796279569440916,-0.00011669747305431996,0.0
1.8500916113309454e-07,0.0,1.8000022070300634,1.7963906939735081,-0.00011332798698726618,0.0
1.8510916113309455e-07,0.0,1.8000021405709543,1.7964984993414785,-0.00011005914367598833,0.0
1.8520916113309455e-07,0.0,1.8000020760968425,1.7966030846845362,-0.00010688793703060553,0.0
1.8530916113309456e-07,0.0,1.800002013548552,1.7967045461811981,-0.0001038114507573701,0.0
1.8540916113309457e-07,0.0,1.8000019528684639,1.7968029771372374,-0.00010082685566253934,0.0
1.8550916113309458e-07,0.0,1.8000018940008595,1.7968984680714892,-9.793140706258737e-05,0.0
1.8551295592090843e-07,0.0,1.8000018918016862,1.7969020347597662,-9.782326625556168e-05,0.0
1.85513507582863e-07,0.0,1.8000018914836065,1.7969025529204272,-9.780748196235094e-05,0.0
1.855146109067721e-07,0.0,1.8000018908444524,1.7969035889817697,-9.777612501296971e-05,0.0
1.8551681755459035e-07,0.0,1.8000018895674552,1.79690566006497,-9.771329711466918e-05,0.0
1.855169283276196e-07,0.0,1.800001889502589,1.7969057639961705,-9.77106987237713e-05,0.0
1.855171498736781e-07,0.0,1.800001889375671,1.796905971848099,-9.770393062357525e-05,0.0
1.855175929657951e-07,0.0,1.8000018891189196,1.796906387510071,-9.769121062889037e-05,0.0
1.8551847915002912e-07,0.0,1.800001888605631,1.7969072186665003,-9.766606676224507e-05,0.0
1.8552025151849716e-07,0.0,1.8000018875821375,1.7969088803095266,-9.761565379332732e-05,0.0
1.855203404908285e-07,0.0,1.800001887531233,1.7969089636999374,-9.76136782205964e-05,0.0
1.8552051843549125e-07,0.0,1.8000018874275812,1.7969091304740106,-9.760862135334146e-05,0.0
1.8552052195288366e-07,0.0,1.8000018874254426,1.7969091337705057,-9.763273578599659e-05,0.0
1.8552052266573563e-07,0.0,1.8000018874251185,1.796909134438589,-9.749860507693007e-05,0.0
1.8552052278917416e-07,0.0,1.3366629218571127,1.796909125888535,-1.7999999784024112e-06,0.0
1.8552052286057247e-07,0.0,1.3366395330905187,1.796909115930462,-2.7536742948086612e-06,0.0
1.8552052289585688e-07,0.0,1.3366279747246375,1.7969091110090858,-1.7999999784024112e-06,0.0
1.855205229436245e-07,0.0,1.3366123272955368,1.7969091043463836,-2.7536742948086612e-06,0.0
1.855205230391598e-07,0.0,1.3365810329847128,1.7969090910203007,-2.7536742948086612e-06,0.0
1.8552052323023036e-07,0.0,1.3365184465599222,1.7969090643654173,-2.2768371366055362e-06,0.0
1.8552052361237147e-07,0.0,1.3363932824957043,1.7969090110447852,-2.157627847054755e-06,0.0
1.855205243766537e-07,0.0,1.3361429895011385,1.79690890436006,-2.157627847054755e-06,0.0
1.8552052590521816e-07,0.0,1.3356425440128161,1.7969086908168115,-2.0980232022793643e-06,0.0
1.8552052896234708e-07,0.0,1.334642214785284,1.796908263035451,-2.0980232022793643e-06,0.0
1.855205350766049e-07,0.0,1.332643801219127,1.7969074046958777,-2.0905726216824405e-06,0.0
1.8552054730512057e-07,0.0,1.3286559368648965,1.7969056769301146,-2.0905726216824405e-06,0.0
1.8552057176215192e-07,0.0,1.3207159254760614,1.796902177217895,-2.0887099765332096e-06,0.0
1.855206206762146e-07,0.0,1.3049777088088308,1.7968950023879715,-2.0887099765332096e-06,0.0
1.8552071850433995e-07,0.0,1.2740601078440732,1.7968799615042073,-2.0887099765332096e-06,0.0
1.8552086556561782e-07,0.0,1.228951762745874,1.796855657984767,-2.088244315245902e-06,0.0
1.8552103140007623e-07,0.0,1.179995010113517,1.7968258898257126,-2.0887099765332096e-06,0.0
1.8552122657445328e-07,0.0,1.1248640212357495,1.7967877789342672,-2.088244315245902e-06,0.0
1.8552143485838684e-07,0.0,1.0688639919699312,1.7967436036991178,-2.088244315245902e-06,0.0
1.85521669689232e-07,0.0,1.0090561582281554,1.7966896810884694,-2.0884771458895557e-06,0.0
1.8552191745075253e-07,0.0,0.9495737645253755,1.7966283155122948,-2.088011484602248e-06,0.0
1.855221897322916e-07,0.0,0.888232556095799,1.796555897785892,-2.088244315245902e-06,0.0
1.8552247519978385e-07,0.0,0.8281642134458695,1.796474728397875,-2.088244315245902e-06,0.0
1.8552278401320074e-07,0.0,0.767739268692208,1.7963812911650794,-2.088244315245902e-06,0.0
1.8552310689839938e-07,0.0,0.7092615127037863,1.7962777889302248,-2.088244315245902e-06,0.0
1.8552345271011196e-07,0.0,0.6515509615330481,1.7961608612832918,-2.088127899924075e-06,0.0
1.8552381391552556e-07,0.0,0.5962685442454662,1.7960325581697867,-2.088127899924075e-06,0.0
1.855241982696362e-07,0.0,0.5425716951826789,1.795889701782161,-2.088011484602248e-06,0.0
1.8552459974162458e-07,0.0,0.4916270202137091,1.7957341359414047,-2.088011484602248e-06,0.0
1.8552502521539556e-07,0.0,0.4428324370400698,1.795562860988848,-2.088011484602248e-06,0.0
1.8552546997929187e-07,0.0,0.396979681722676,1.79537746667045,-2.088127899924075e-06,0.0
1.855259402758611e-07,0.0,0.3536310195204652,1.7951751007740169,-2.088244315245902e-06,0.0
1.8552643258759827e-07,0.0,0.3132972964558249,1.7949570511439243,-2.088127899924075e-06,0.0
1.8552695274903407e-07,0.0,0.2756484130232044,1.79472055644505,-2.088127899924075e-06,0.0
1.855274983741999e-07,0.0,0.24098715385188435,1.794466547135687,-2.088127899924075e-06,0.0
1.855280751385824e-07,0.0,0.20905071597380054,1.7941922676249051,-2.088127899924075e-06,0.0
1.8552868179836995e-07,0.0,0.1799896818538996,1.7938982168603632,-2.088127899924075e-06,0.0
1.8552932415736385e-07,0.0,0.1535811560640766,1.7935815232772272,-2.088127899924075e-06,0.0
1.8553000222033498e-07,0.0,0.12986606448137986,1.793242144906197,-2.088011484602248e-06,0.0
1.8553072228400297e-07,0.0,0.1086438241594412,1.792876918884732,-2.088127899924075e-06,0.0
1.8553148584792499e-07,0.0,0.08987797502874291,1.7924850902492773,-2.088244315245902e-06,0.0
1.8553230021179323e-07,0.0,0.07337979218145306,1.7920629424954893,-2.0881861075849883e-06,0.0
1.8553316884134456e-07,0.0,0.05905987235108316,1.7916087239946723,-2.0881861075849883e-06,0.0
1.8553410082176534e-07,0.0,0.046735934321399795,1.7911177495543855,-2.088244315245902e-06,0.0
1.8553510245267307e-07,0.0,0.036284187479899734,1.7905867813058278,-2.0881861075849883e-06,0.0
1.855361859135768e-07,0.0,0.027526847616230317,1.7900094632329162,-2.0881861075849883e-06,0.0
1.8553736196440378e-07,0.0,0.020319953769937647,1.7893801793118689,-2.0881861075849883e-06,0.0
1.8553864826416866e-07,0.0,0.014490652829391389,1.7886896196957953,-2.0881861075849883e-06,0.0
1.8554006324785669e-07,0.0,0.009885977347570324,1.787928049525158,-2.088215211415445e-06,0.0
1.8554163482802834e-07,0.0,0.006340196637263291,1.7870806386108464,-2.088127899924075e-06,0.0
1.8554339602140253e-07,0.0,0.003700628351470353,1.7861298157710896,-2.0881570037545316e-06,0.0
1.8554539568957594e-07,0.0,0.0018124872446878657,1.7850494901350602,-2.0881570037545316e-06,0.0
1.8554769813416648e-07,0.0,0.00053208468601195,1.7838052943553613,-2.0881861075849883e-06,0.0
1.8555040091583948e-07,0.0,-0.00027846041374057166,1.7823450155357086,-2.0881570037545316e-06,0.0
1.8555364773698204e-07,0.0,-0.000744064528731201,1.7805917521444228,-2.0881861075849883e-06,0.0
1.8555767373298947e-07,0.0,-0.0009762513059227557,1.7784197079151463,-2.0881861075849883e-06,0.0
1.855628772349415e-07,0.0,-0.0010680097376074035,1.7756160610397416,-2.0882006595002167e-06,0.0
1.8557001829529408e-07,0.0,-0.0010904825622770075,1.771775522961056,-2.088178831627374e-06,0.0
1.855807240580443e-07,0.0,-0.0010889679504261635,1.7660333600463227,-2.088178831627374e-06,0.0
1.855992613001004e-07,0.0,-0.0010825322395230804,1.7561346427048297,-2.088204297479024e-06,0.0
1.8563633578421257e-07,0.0,-0.0010705826055378252,1.7365031924696983,-2.0881933835426025e-06,0.0
1.857104847524369e-07,0.0,-0.001046674028675012,1.6978949993200532,-2.0881933835426025e-06,0.0
1.8581048475243692e-07,0.0,-0.0010154979150507394,1.6471807878188023,-2.0881933835426025e-06,0.0
1.8591048475243693e-07,0.0,-0.000985092392306978,1.597981352506191,-2.0881933835426025e-06,0.0
1.8601048475243693e-07,0.0,-0.0009557313990308327,1.55025144909121,-2.0881933835426025e-06,0.0
1.8611048475243694e-07,0.0,-0.000927131625900559,1.5039471839985634,-2.0881933835426025e-06,0.0
1.8621048475243695e-07,0.0,-0.0008994843739368733,1.4590259752821912,-2.0881933835426025e-06,0.0
1.8631048475243696e-07,0.0,-0.0008725794776354394,1.4154465123804614,-2.0881933835426025e-06,0.0
1.8641048475243696e-07,0.0,-0.0008465490366806961,1.3731687190479962,-2.0881933835426025e-06,0.0
1.8651048475243697e-07,0.0,-0.0008212359566894663,1.3321537157183045,-2.0881933835426025e-06,0.0
1.8661048475243698e-07,0.0,-0.0007967300069628116,1.292363784413823,-2.0881933835426025e-06,0.0
1.86710484752437e-07,0.0,-0.0007729126756994606,1.2537623334957593,-2.0881933835426025e-06,0.0
1.86810484752437e-07,0.0,-0.0007498435419386906,1.2163138644926377,-2.0881933835426025e-06,0.0
1.86910484752437e-07,0.0,-0.0007274322140552458,1.179983939048738,-2.0881933835426025e-06,0.0
1.87010484752437e-07,0.0,-0.0007057168122628063,1.1447391475991295,-2.0881933835426025e-06,0.0
1.8711048475243702e-07,0.0,-0.0006846275057856059,1.110547078352618,-2.0881933835426025e-06,0.0
1.8721048475243702e-07,0.0,-0.0006641872316642363,1.0773762877340705,-2.0881933835426025e-06,0.0
1.8731048475243703e-07,0.0,-0.0006443412541865897,1.045196271257145,-2.0881933835426025e-06,0.0
1.8741048475243704e-07,0.0,-0.0006251018338507878,1.0139774356511402,-2.0881933835426025e-06,0.0
1.8751048475243705e-07,0.0,-0.0006064253742073572,0.9836910714942695,-2.0881933835426025e-06,0.0
1.8761048475243705e-07,0.0,-0.0005883166917586943,0.9543093269412173,-2.0881933835426025e-06,0.0
1.8771048475243706e-07,0.0,-0.0005707404628288282,0.9258051820003664,-2.0881933835426025e-06,0.0
1.8781048475243707e-07,0.0,-0.000553696375069166,0.8981524237788945,-2.0881933835426025e-06,0.0
1.8791048475243708e-07,0.0,-0.0005371552971335684,0.8713256222978499,-2.0881933835426025e-06,0.0
1.8801048475243708e-07,0.0,-0.0005211134425975289,0.8453001071734407,-2.0881933835426025e-06,0.0
1.881104847524371e-07,0.0,-0.0005055463594074434,0.8200519448727113,-2.0881933835426025e-06,0.0
1.882104847524371e-07,0.0,-0.0004904479666794806,0.7955579167522413,-2.0881933835426025e-06,0.0
1.883104847524371e-07,0.0,-0.00047579738838203587,0.7717954976647857,-2.0881933835426025e-06,0.0
1.8841048475243711e-07,0.0,-0.0004615870870775494,0.748742835279636,-2.0881933835426025e-06,0.0
1.8851048475243712e-07,0.0,-0.0004477989555832655,0.7263787299572192,-2.0881933835426025e-06,0.0
1.8861048475243713e-07,0.0,-0.00043442459224265237,0.7046826152786783,-2.0881933835426025e-06,0.0
1.8871048475243714e-07,0.0,-0.0004214480656722917,0.6836345391112862,-2.0881933835426025e-06,0.0
1.8881048475243714e-07,0.0,-0.0004088605260130645,0.6632151452782378,-2.0881933835426025e-06,0.0
1.8891048475243715e-07,0.0,-0.0003966477796286091,0.6434056557429826,-2.0881933835426025e-06,0.0
1.8901048475243716e-07,0.0,-0.00038480081803092655,0.6241878533536748,-2.0881933835426025e-06,0.0
1.8911048475243717e-07,0.0,-0.00037330685962009825,0.6055440650792718,-2.0881933835426025e-06,0.0
1.8921048475243717e-07,0.0,-0.0003621569363208492,0.5874571457665186,-2.0881933835426025e-06,0.0
1.8931048475243718e-07,0.0,-0.0003513394344195318,0.5699104623649698,-2.0881933835426025e-06,0.0
1.894104847524372e-07,0.0,-0.00034084556061114805,0.5528878786377315,-2.0881933835426025e-06,0.0
1.895104847524372e-07,0.0,-0.00033066468425684416,0.5363737403165326,-2.0881933835426025e-06,0.0
1.896104847524372e-07,0.0,-0.00032078827509318106,0.5203528607106758,-2.0881933835426025e-06,0.0
1.897104847524372e-07,0.0,-0.00031120654403408055,0.5048105067369373,-2.0881933835426025e-06,0.0
1.8981048475243722e-07,0.0,-0.00030191127941550883,0.48973238537429065,-2.0881933835426025e-06,0.0
1.8991048475243723e-07,0.0,-0.00029289342387330144,0.4751046305168002,-2.0881933835426025e-06,0.0
1.9001048475243724e-07,0.0,-0.00028414511679620386,0.460913790224647,-2.0881933835426025e-06,0.0
1.9011048475243724e-07,0.0,-0.0002756579460143908,0.447146814351332,-2.0881933835426025e-06,0.0
1.9021048475243725e-07,0.0,-0.00026742441821556504,0.4337910425443636,-2.0881933835426025e-06,0.0
1.9031048475243726e-07,0.0,-0.0002594366971263478,0.4208341926010194,-2.0881933835426025e-06,0.0
1.9041048475243727e-07,0.0,-0.00025168766171942503,0.4082643491747376,-2.0881933835426025e-06,0.0
1.9051048475243727e-07,0.0,-0.00024416999514568686,0.3960699528164341,-2.0881933835426025e-06,0.0
1.9061048475243728e-07,0.0,-0.0002368769459281583,0.38423978934518127,-2.0881933835426025e-06,0.0
1.907104847524373e-07,0.0,-0.00022980166979909189,0.3727629795346428,-2.0881933835426025e-06,0.0
1.908104847524373e-07,0.0,-0.00022293777690445593,0.3616289691090311,-2.0881933835426025e-06,0.0
1.909104847524373e-07,0.0,-0.00021627885601613133,0.3508275190366284,-2.0881933835426025e-06,0.0
1.910104847524373e-07,0.0,-0.00020981886758380576,0.3403486961142873,-2.0881933835426025e-06,0.0
1.9111048475243732e-07,0.0,-0.0002035517994803032,0.330182863832263,-2.0881933835426025e-06,0.0
1.9121048475243733e-07,0.0,-0.000197471949024137,0.3203206735126657,-2.0881933835426025e-06,0.0
1.9131048475243733e-07,0.0,-0.00019157367360896123,0.31075305571195005,-2.0881933835426025e-06,0.0
1.9141048475243734e-07,0.0,-0.00018585159277334463,0.30147121188075193,-2.0881933835426025e-06,0.0
1.9151048475243735e-07,0.0,-0.00018030040729389538,0.29246660627237026,-2.0881933835426025e-06,0.0
1.9161048475243736e-07,0.0,-0.00017491504369793098,0.2837309580933295,-2.0881933835426025e-06,0.0
1.9171048475243736e-07,0.0,-0.00016969052277163846,0.275256233888059,-2.0881933835426025e-06,0.0
1.9181048475243737e-07,0.0,-0.00016462206265474523,0.26703464015131956,-2.0881933835426025e-06,0.0
1.9191048475243738e-07,0.0,-0.00015970498302947319,0.25905861616104614,-2.0881933835426025e-06,0.0
1.9201048475243739e-07,0.0,-0.00015493477842533717,0.25132082702547087,-2.0881933835426025e-06,0.0
1.921104847524374e-07,0.0,-0.00015030704818701343,0.2438141569377462,-2.0881933835426025e-06,0.0
1.922104847524374e-07,0.0,-0.00014581754836603294,0.2365317026321933,-2.0881933835426025e-06,0.0
1.923104847524374e-07,0.0,-0.0001414621403269321,0.2294667670358787,-2.0881933835426025e-06,0.0
1.9241048475243742e-07,0.0,-0.0001372368272604665,0.22261285310991832,-2.0881933835426025e-06,0.0
1.9251048475243742e-07,0.0,-0.00013313771627770517,0.2159636578746441,-2.0881933835426025e-06,0.0
1.9261048475243743e-07,0.0,-0.00012916104389112704,0.20951306661330896,-2.0881933835426025e-06,0.0
1.9271048475243744e-07,0.0,-0.00012530314788125393,0.20325514724885538,-2.0881933835426025e-06,0.0
1.9281048475243745e-07,0.0,-0.00012156048487530112,0.1971841448886992,-2.0881933835426025e-06,0.0
1.9291048475243745e-07,0.0,-0.00011792960930534521,0.19129447653240703,-2.0881933835426025e-06,0.0
1.9301048475243746e-07,0.0,-0.00011440718533749559,0.1855807259374898,-2.0881933835426025e-06,0.0
1.9311048475243747e-07,0.0,-0.00011098997098642785,0.18003763863851516,-2.0881933835426025e-06,0.0
1.9321048475243748e-07,0.0,-0.00010767482601602401,0.17466011711502213,-2.0881933835426025e-06,0.0
1.9331048475243748e-07,0.0,-0.00010445869981298144,0.1694432161037405,-2.0881933835426025e-06,0.0
1.934104847524375e-07,0.0,-0.0001013386364247374,0.1643821380508492,-2.0881933835426025e-06,0.0
1.935104847524375e-07,0.0,-9.831176518229468e-05,0.15947222870005365,-2.0881933835426025e-06,0.0
1.936104847524375e-07,0.0,-9.537530371358937e-05,0.1547089728124566,-2.0881933835426025e-06,0.0
1.937104847524375e-07,0.0,-9.252655058514117e-05,0.15008799001425946,-2.0881933835426025e-06,0.0
1.9381048475243752e-07,0.0,-8.976288689261885e-05,0.14560503076849834,-2.0881933835426025e-06,0.0
1.9391048475243753e-07,0.0,-8.708177039300838e-05,0.14125597246709115,-2.0881933835426025e-06,0.0
1.9401048475243754e-07,0.0,-8.448073610363156e-05,0.13703681563961836,-2.0881933835426025e-06,0.0
1.9411048475243754e-07,0.0,-8.195739154203346e-05,0.13294368027533654,-2.0881933835426025e-06,0.0
1.9421048475243755e-07,0.0,-7.95094166424527e-05,0.1289728022550551,-2.0881933835426025e-06,0.0
1.9431048475243756e-07,0.0,-7.713455982533669e-05,0.12512052988958383,-2.0881933835426025e-06,0.0
1.9441048475243757e-07,0.0,-7.483063745223825e-05,0.12138332056157719,-2.0881933835426025e-06,0.0
1.9451048475243757e-07,0.0,-7.259553052263695e-05,0.11775773746767976,-2.0881933835426025e-06,0.0
1.9461048475243758e-07,0.0,-7.042718382472991e-05,0.11424044645798266,-2.0881933835426025e-06,0.0
1.947104847524376e-07,0.0,-6.832360311201092e-05,0.11082821296987966,-2.0881933835426025e-06,0.0
1.948104847524376e-07,0.0,-6.628285406176451e-05,0.10751789905350755,-2.0881933835426025e-06,0.0
1.949104847524376e-07,0.0,-6.430305982347838e-05,0.10430646048603144,-2.0881933835426025e-06,0.0
1.950104847524376e-07,0.0,-6.238239986400195e-05,0.10119094397212476,-2.0881933835426025e-06,0.0
1.9511048475243762e-07,0.0,-6.0519107808467483e-05,0.09816848442806625,-2.0881933835426025e-06,0.0
1.9521048475243763e-07,0.0,-5.8711470227549736e-05,0.09523630234695928,-2.0881933835426025e-06,0.0
1.9531048475243763e-07,0.0,-5.695782471229851e-05,0.09239170124264795,-2.0881933835426025e-06,0.0
1.9541048475243764e-07,0.0,-5.525655864202878e-05,0.08963206516998154,-2.0881933835426025e-06,0.0
1.9551048475243765e-07,0.0,-5.360610744948379e-05,0.08695485631914493,-2.0881933835426025e-06,0.0
1.9561048475243766e-07,0.0,-5.200495339582457e-05,0.08435761268184443,-2.0881933835426025e-06,0.0
1.9571048475243766e-07,0.0,-5.045162399338571e-05,0.08183794578720148,-2.0881933835426025e-06,0.0
1.9581048475243767e-07,0.0,-4.8944690805645445e-05,0.0793935385052731,-2.0881933835426025e-06,0.0
1.9591048475243768e-07,0.0,-4.7482768002790084e-05,0.07702214291617829,-2.0881933835426025e-06,0.0
1.9601048475243769e-07,0.0,-4.6064511198343264e-05,0.07472157824287147,-2.0881933835426025e-06,0.0
1.961104847524377e-07,0.0,-4.4688616118547175e-05,0.07248972884566163,-2.0881933835426025e-06,0.0
1.962104847524377e-07,0.0,-4.33538174829953e-05,0.07032454227663291,-2.0881933835426025e-06,0.0
1.963104847524377e-07,0.0,-4.205888777308552e-05,0.06822402739217738,-2.0881933835426025e-06,0.0
1.9641048475243772e-07,0.0,-4.0802636160865285e-05,0.06618625252190442,-2.0881933835426025e-06,0.0
1.9651048475243772e-07,0.0,-3.958390736495691e-05,0.06420934369224272,-2.0881933835426025e-06,0.0
1.9661048475243773e-07,0.0,-3.84015806297209e-05,0.06229148290310124,-2.0881933835426025e-06,0.0
1.9671048475243774e-07,0.0,-3.7254568659263185e-05,0.060430906456004366,-2.0881933835426025e-06,0.0
1.9681048475243775e-07,0.0,-3.614181664756353e-05,0.05862590333216386,-2.0881933835426025e-06,0.0
1.9691048475243775e-07,0.0,-3.5062301282933617e-05,0.05687481361899585,-2.0881933835426025e-06,0.0
1.9701048475243776e-07,0.0,-3.4015029828659445e-05,0.05517602698363612,-2.0881933835426025e-06,0.0
1.9711048475243777e-07,0.0,-3.299903919162213e-05,0.05352798119204968,-2.0881933835426025e-06,0.0
1.9721048475243778e-07,0.0,-3.20133950522827e-05,0.05192916067237293,-2.0881933835426025e-06,0.0
1.9731048475243778e-07,0.0,-3.105719099217722e-05,0.05037809512116711,-2.0881933835426025e-06,0.0
1.974104847524378e-07,0.0,-3.0129547671624444e-05,0.04887335815130148,-2.0881933835426025e-06,0.0
1.975104847524378e-07,0.0,-2.9229612011517027e-05,0.04741356598022258,-2.0881933835426025e-06,0.0
1.976104847524378e-07,0.0,-2.8356556416918255e-05,0.045997376157403576,-2.0881933835426025e-06,0.0
1.9771048475243781e-07,0.0,-2.75095780091174e-05,0.0446234863298031,-2.0881933835426025e-06,0.0
1.9781048475243782e-07,0.0,-2.668789789312103e-05,0.04329063304419851,-2.0881933835426025e-06,0.0
1.9791048475243783e-07,0.0,-2.5890760436412625e-05,0.04199759058529214,-2.0881933835426025e-06,0.0
1.9801048475243784e-07,0.0,-2.5117432578270367e-05,0.04074316984852201,-2.0881933835426025e-06,0.0
1.9811048475243784e-07,0.0,-2.4367203152056272e-05,0.03952621724654031,-2.0881933835426025e-06,0.0
1.9821048475243785e-07,0.0,-2.3639382234249865e-05,0.038345613648354246,-2.0881933835426025e-06,0.0
1.9831048475243786e-07,0.0,-2.2933300507404173e-05,0.03720027335015351,-2.0881933835426025e-06,0.0
1.9841048475243787e-07,0.0,-2.2248308646819692e-05,0.03608914307687798,-2.0881933835426025e-06,0.0
1.9851048475243787e-07,0.0,-2.15837767215585e-05,0.035011201013607475,-2.0881933835426025e-06,0.0
1.9861048475243788e-07,0.0,-2.0939093616713764e-05,0.0339654558658828,-2.0881933835426025e-06,0.0
1.987104847524379e-07,0.0,-2.0313666470101065e-05,0.03295094594809396,-2.0881933835426025e-06,0.0
1.988104847524379e-07,0.0,-1.9706920128162452e-05,0.03196673829909715,-2.0881933835426025e-06,0.0
1.989104847524379e-07,0.0,-1.911829661610262e-05,0.03101192782424732,-2.0881933835426025e-06,0.0
1.990104847524379e-07,0.0,-1.8547254625567013e-05,0.030085636463057234,-2.0881933835426025e-06,0.0
1.9911048475243792e-07,0.0,-1.7993269016167763e-05,0.029187012381717604,-2.0881933835426025e-06,0.0
1.9921048475243793e-07,0.0,-1.7455830333124826e-05,0.02831522918973575,-2.0881933835426025e-06,0.0
1.9931048475243793e-07,0.0,-1.6934444338282013e-05,0.027469485179972424,-2.0881933835426025e-06,0.0
1.9941048475243794e-07,0.0,-1.642863155600644e-05,0.026649002591377813,-2.0881933835426025e-06,0.0
1.9951048475243795e-07,0.0,-1.593792683190012e-05,0.025853026893748805,-2.0881933835426025e-06,0.0
1.9961048475243796e-07,0.0,-1.546187890534314e-05,0.025080826093849783,-2.0881933835426025e-06,0.0
1.9971048475243796e-07,0.0,-1.500004999424544e-05,0.024331690062258753,-2.0881933835426025e-06,0.0
1.9981048475243797e-07,0.0,-1.4552015392670885e-05,0.02360492988031989,-2.0881933835426025e-06,0.0
1.9991048475243798e-07,0.0,-1.4117363080089157e-05,0.022899877206601804,-2.0881933835426025e-06,0.0
2e-07,0.0,-1.37393124043184e-05,0.022286638459104433,-2.0881929287952516e-06,0.0
2.0000000199033175e-07,3.2840474063707036e-06,-1.373930410184822e-05,0.022286625009067074,-2.0831220410855167e-06,-0.007425000020991626
2.0000000597099528e-07,9.85214221911211e-06,-1.3739287524412094e-05,0.022286598109008595,-2.0831220410855167e-06,-0.007425000027589589
2.000000139323223e-07,2.2988331757244652e-05,-1.3739254362407055e-05,0.022286544308989045,-2.0831220410855167e-06,-0.007424999942039091
2.0000002985497636e-07,4.926071100821028e-05,-1.3739188029399857e-05,0.02228643670933955,-2.0868473313839786e-06,-0.007425000165923739
2.0000006170028446e-07,0.00010180546933544099,-1.3739055363801243e-05,0.02228622151159904,-2.0868473313839786e-06,-0.007424999971841378
2.0000012539090067e-07,0.00020689498607725268,-1.3738790036930923e-05,0.022285791122351833,-2.087778653958594e-06,-0.0074250003366180505
2.000002527721331e-07,0.0004170740196482263,-1.3738259397612358e-05,0.022284930368792106,-2.0887099765332096e-06,-0.007425000294715017
2.0000050753459797e-07,0.0008374320866154732,-1.3737198180549639e-05,0.022283208961406488,-2.088244315245902e-06,-0.0074250009638503756
2.0000101705952768e-07,0.001678148220637317,-1.373507599301101e-05,0.022279766545532004,-2.088011484602248e-06,-0.007425001563065886
2.000020361093871e-07,0.003359580488681005,-1.373083260132208e-05,0.022272883309062033,-2.0881861075849883e-06,-0.007425003497466276
2.0000407420910596e-07,0.006722445024855731,-1.3722349750301646e-05,0.022259123214774225,-2.0881570037545316e-06,-0.007425006630683351
2.0000815040854367e-07,0.013448174097030481,-1.3705399765372207e-05,0.022231628521109638,-2.0881861075849883e-06,-0.0074250136315434645
2.000163028074191e-07,0.026899632241467335,-1.3671562567136308e-05,0.0221767409560639,-2.1457392733736924e-06,-0.007425026899704257
2.0003260760516992e-07,0.05380254853034104,-1.3604138483210673e-05,0.022067371859713032,-3.3304831532632306e-05,-0.00742505416939121
2.0006521720067159e-07,0.10760838110808844,-1.3470285408220196e-05,0.021850247814412825,-0.00026718251683632843,-0.007425107975395306
2.0013043639167494e-07,0.2152200462636706,-1.3206510915138859e-05,0.021422377293022956,-0.0014211761597664463,-0.007425216320775974
2.0023043639167495e-07,0.380220046263683,-1.2812047306125092e-05,0.02078251500728762,-0.0049676084391307995,-0.007425381826465127
2.0033043639167496e-07,0.5452200462636954,-1.2429365880893424e-05,0.020161764687470277,-0.01066515182961325,-0.007425547821107159
2.0043043639167497e-07,0.7102200462637078,-1.2058114718899252e-05,0.019559555480671172,-0.0185138063312138,-0.007425713326796313
2.0053043639167497e-07,0.8752200462637202,-1.1697952411037751e-05,0.018975333584723822,-0.028513571943904026,-0.00742587932144545
2.0053829821404508e-07,0.8881920531743556,-1.1670099572984767e-05,0.018930153293789696,-0.02939094182730173,-0.007425892107889354
2.0054265322710024e-07,0.8953778247154054,-1.165469920552837e-05,0.018905172245839104,-0.02988267846353665,-0.007425899571032346
2.0054444479651672e-07,0.8983339142525556,-1.1648369689908295e-05,0.01889490509257152,-0.030086153942448846,-0.007425902295423725
2.0054566614947332e-07,0.900349146630945,-1.1644056688142925e-05,0.01888790894107113,-0.03017702464399008,-0.007425904565224073
2.005470290052448e-07,0.9025978586538966,-1.1639245878217588e-05,0.0188801052913806,-0.030021743280059354,-0.00742590657880271
2.0054776610634568e-07,0.9038140754703375,-1.1636644777987832e-05,0.01887588602782755,-0.02993823344357338,-0.007425908046101881
2.00548856831699e-07,0.9056137723033033,-1.163279686639651e-05,0.018869644302452488,-0.02981445091245405,-0.007425909608187453
2.0055103828240561e-07,0.9092131659692353,-1.1625104859732749e-05,0.01885716704256862,-0.029568037200277786,-0.0074259134697456375
2.0055540118381887e-07,0.916411953301099,-1.16097361000262e-05,0.018832237265804654,-0.029078024914753087,-0.007425920455474966
2.0056412698664537e-07,0.9308095279648265,-1.1579059494339751e-05,0.01878247652084465,-0.028110284139302166,-0.007425935164306452
2.005815785922984e-07,0.959604677292369,-1.1517949134046926e-05,0.01868334896150085,-0.026223938072860165,-0.007425963844610806
2.0061648180360443e-07,1.017194975947279,-1.1396693426427905e-05,0.01848665919731516,-0.022647787655841967,-0.007426021942464445
2.006862882262165e-07,1.1323755732571865,-1.1157991532847417e-05,0.01809945912171163,-0.01628165395456449,-0.007426137401026267
2.007862882262165e-07,1.2973755732571988,-1.0824714890916062e-05,0.01755884865977362,-0.008988320122284676,-0.007426303396869116
2.008862882262165e-07,1.462375573257211,-1.0501392846970842e-05,0.017034385623545485,-0.0038460974010945392,-0.007426468901343242
2.0098628822621652e-07,1.6273755732572237,-1.0187728068381799e-05,0.016525587707605094,-0.0008549857910509218,-0.0074266348972003016
2.0108628822621652e-07,1.792375573257236,-9.88343210350812e-06,0.01603198701245014,-2.0881933835426025e-06,-0.007426800401674427
2.0118628822621653e-07,1.9573755732572486,-9.588225116431947e-06,0.01555312961420954,-2.0881933835426025e-06,-0.007426966397531487
2.0128628822621654e-07,2.1223755732572607,-9.301835629625467e-06,0.015088575147207078,-2.0881933835426025e-06,-0.007427131902034034
2.0138628822621655e-07,2.287375573257273,-9.0240002742809e-06,0.014637896398993377,-2.0881933835426025e-06,-0.007427297897834251
2.0148628822621655e-07,2.4523755732572856,-8.754463548128935e-06,0.014200678917473843,-2.0881933835426025e-06,-0.007427463402308376
2.0158628822621656e-07,2.617375573257298,-8.49297758045611e-06,0.01377652062977122,-2.0881933835426025e-06,-0.007427629398193858
2.0168628822621657e-07,2.7823755732573106,-8.239301904177476e-06,0.013365031472472314,-2.0881933835426025e-06,-0.007427794902582718
2.0178628822621658e-07,2.9473755732573226,-7.99320323468019e-06,0.01296583303291883,-2.0881933835426025e-06,-0.007427960898496622
2.0188628822621658e-07,3.112375573257335,-7.754455255306635e-06,0.012578558201212448,-2.0881933835426025e-06,-0.0074281264029423255
2.019862882262166e-07,3.2773755732573475,-7.522838409219871e-06,0.012202850832614099,-2.0881933835426025e-06,-0.007428292398799385
2.0199999999999998e-07,3.299999999999986,-7.4916260065306e-06,0.012152220967471587,-2.088204297479024e-06,-0.007428314880485232
2.020000948470951e-07,3.3000000000000003,-7.491410559089794e-06,0.012151871488608053,-2.0884771458895557e-06,-3.3150040508189704e-06
2.0200028454128537e-07,3.3000000000000003,-7.490979676530813e-06,0.012151172550981918,-2.0884771458895557e-06,-3.3150028002637555e-06
2.0200066392966591e-07,3.3000000000000003,-7.490117985950791e-06,0.012149774796328292,-2.088011484602248e-06,-3.3150039939755516e-06
2.02001422706427e-07,3.3000000000000003,-7.488394901978473e-06,0.012146979769346276,-2.088127899924075e-06,-3.3150027434203366e-06
2.0200294025994912e-07,3.3000000000000003,-7.484949923147051e-06,0.012141391644128452,-2.0881861075849883e-06,-3.3150039371321327e-06
2.020059753669934e-07,3.3000000000000003,-7.4780647188758614e-06,0.01213022310424212,-2.0881570037545316e-06,-3.3150026865769178e-06
2.0201204558108194e-07,3.3000000000000003,-7.464313302106631e-06,0.012107916831219413,-2.0881861075849883e-06,-3.3150039371321327e-06
2.0202418600925902e-07,3.3000000000000003,-7.436886261363625e-06,0.012063427229181247,-2.08817155566976e-06,-3.3150027434203366e-06
2.0204846686561318e-07,3.3000000000000003,-7.3823339610365625e-06,0.011974937546534926,-2.0882061164684274e-06,-3.3150039939755516e-06
2.0209702857832152e-07,3.3000000000000003,-7.2744254571409875e-06,0.011799898378471592,-2.0881924740479008e-06,-3.3150027434203366e-06
2.0219415200373818e-07,3.3000000000000003,-7.063306053128926e-06,0.011457440059566469,-2.0881929287952516e-06,-3.3150039939755516e-06
2.022941520037382e-07,3.3000000000000003,-6.852333055400323e-06,0.011115219227353913,-2.0881933835426025e-06,-3.3150027434203366e-06
2.023941520037382e-07,3.3000000000000003,-6.647661583533097e-06,0.010783220146020381,-2.0881933835426025e-06,-3.3150039939755516e-06
2.024941520037382e-07,3.3000000000000003,-6.4491034180478295e-06,0.010461137503377958,-2.0881933835426025e-06,-3.3150027434203366e-06
2.025941520037382e-07,3.3000000000000003,-6.256475961367057e-06,0.01014867510656997,-2.0881933835426025e-06,-3.3150039939755516e-06
2.0269415200373822e-07,3.3000000000000003,-6.069602069896692e-06,0.009845545609686819,-2.0881933835426025e-06,-3.3150027434203366e-06
2.0279415200373823e-07,3.3000000000000003,-5.888309891124025e-06,0.009551470249517646,-2.0881933835426025e-06,-3.3150039939755516e-06
2.0289415200373823e-07,3.3000000000000003,-5.712432705575471e-06,0.009266178589194778,-2.0881933835426025e-06,-3.3150027434203366e-06
2.0299415200373824e-07,3.3000000000000003,-5.5418087735022655e-06,0.008989408269495246,-2.0881933835426025e-06,-3.3150039939755516e-06
2.0309415200373825e-07,3.3000000000000003,-5.376281186137312e-06,0.00872090476757062,-2.0881933835426025e-06,-3.3150027434203366e-06
2.0319415200373826e-07,3.3000000000000003,-5.215697721405447e-06,0.008460421162883328,-2.0881933835426025e-06,-3.3150039939755516e-06
2.0329415200373826e-07,3.3000000000000003,-5.05991070392921e-06,0.008207717910134195,-2.0881933835426025e-06,-3.3150027434203366e-06
2.0339415200373827e-07,3.3000000000000003,-4.908776869232164e-06,0.00796256261897238,-2.0881933835426025e-06,-3.3150039939755516e-06
2.0349415200373828e-07,3.3000000000000003,-4.762157231982809e-06,0.0077247298402851276,-2.0881933835426025e-06,-3.3150027434203366e-06
2.0359415200373829e-07,3.3000000000000003,-4.61991695818862e-06,0.007494000858870795,-2.0881933835426025e-06,-3.3150039939755516e-06
2.036941520037383e-07,3.3000000000000003,-4.481925241193767e-06,0.007270163492304513,-2.0881933835426025e-06,-3.3150027434203366e-06
2.037941520037383e-07,3.3000000000000003,-4.348055181391456e-06,0.007053011895811505,-2.0881933835426025e-06,-3.3150039939755516e-06
2.038941520037383e-07,3.3000000000000003,-4.218183669522474e-06,0.006842346372968614,-2.0881933835426025e-06,-3.3150027434203366e-06
2.0399415200373832e-07,3.3000000000000003,-4.092191273463482e-06,0.006637973192059957,-2.0881933835426025e-06,-3.3150039939755516e-06
2.0409415200373832e-07,3.3000000000000003,-3.969962128393074e-06,0.006439704407917841,-2.0881933835426025e-06,-3.3150027434203366e-06
2.0419415200373833e-07,3.3000000000000003,-3.851383830241686e-06,0.006247357689085091,-2.0881933835426025e-06,-3.3150039939755516e-06
2.0429415200373834e-07,3.3000000000000003,-3.736347332324381e-06,0.006060756150139829,-2.0881933835426025e-06,-3.3150027434203366e-06
2.0439415200373835e-07,3.3000000000000003,-3.6247468450549176e-06,0.005879728189028531,-2.0881933835426025e-06,-3.3150039939755516e-06
2.0449415200373835e-07,3.3000000000000003,-3.516479738666295e-06,0.0057041073292577755,-2.0881933835426025e-06,-3.3150027434203366e-06
2.04497940473994e-07,3.3000000000000003,-3.5124425770083943e-06,0.005697558616959995,-2.0882006595002167e-06,-3.3150039939755516e-06
2.0450551741450533e-07,3.3000000000000003,-3.5043821435634353e-06,0.005684483734557226,-2.088178831627374e-06,-3.3150026865769178e-06
2.0452067129552798e-07,3.3000000000000003,-3.488316713056292e-06,0.005658423880167701,-2.088207935457831e-06,-3.3150039939755516e-06
2.04521430600545e-07,3.3000000000000003,-3.4875136753425484e-06,0.005657121266988365,-2.0880696922631614e-06,-3.3150026865769178e-06
2.0452294921057905e-07,3.3000000000000003,-3.4859081545050837e-06,0.005654516940141205,-2.0881570037545316e-06,-3.3150039371321327e-06
2.0452598643064716e-07,3.3000000000000003,-3.482699329772715e-06,0.005649311882422906,-2.0881570037545316e-06,-3.3150027434203366e-06
2.0452613889840847e-07,3.3000000000000003,-3.4825383253682638e-06,0.0056490507160553115,-2.0887099765332096e-06,-3.3150039371321327e-06
2.045264438339311e-07,3.3000000000000003,-3.482216338956324e-06,0.005648528419540263,-2.088244315245902e-06,-3.3150027434203366e-06
2.0452705370497636e-07,3.3000000000000003,-3.481572455413201e-06,0.005647483971373997,-2.088127899924075e-06,-3.3150039371321327e-06
2.045282734470669e-07,3.3000000000000003,-3.4802850454524132e-06,0.0056453956543628635,-2.0881861075849883e-06,-3.3150027434203366e-06
2.0452833467779035e-07,3.3000000000000003,-3.480220430536682e-06,0.005645290841772084,-2.0887099765332096e-06,-3.315003880288714e-06
2.0452845713923724e-07,3.3000000000000003,-3.48009120381329e-06,0.0056450812224283315,-2.0887099765332096e-06,-3.3150026865769178e-06
2.0452870206213103e-07,3.3000000000000003,-3.479832765046623e-06,0.005644662007090972,-2.088244315245902e-06,-3.3150039939755516e-06
2.045291919079186e-07,3.3000000000000003,-3.479315945182009e-06,0.005643823669808165,-2.088127899924075e-06,-3.3150027434203366e-06
2.0453017159949374e-07,3.3000000000000003,-3.478282535676963e-06,0.005642147368740846,-2.088244315245902e-06,-3.3150039371321327e-06
2.0453022077974038e-07,3.3000000000000003,-3.4782306669093463e-06,0.005642063232016072,-2.087778653958594e-06,-3.3150026865769178e-06
2.0453031914023367e-07,3.3000000000000003,-3.478126931674513e-06,0.005641894962330482,-2.088244315245902e-06,-3.3150039939755516e-06
2.0453032407790117e-07,3.3000000000000003,-3.478121725759923e-06,0.0056418865153746054,-2.068220879891669e-06,-3.315002118142729e-06
2.045303339532362e-07,3.3000000000000003,-3.478111309146735e-06,0.005641869621500792,-2.075671460488593e-06,-3.3150039371321327e-06
2.0453035370390622e-07,3.3000000000000003,-3.4780904798699787e-06,0.005641835833904925,-2.0831220410855167e-06,-3.31500257289008e-06
2.0453039320524626e-07,3.3000000000000003,-3.4780488215765283e-06,0.005641768259320222,-2.0849846862347476e-06,-3.3150039371321327e-06
2.0453047220792635e-07,3.3000000000000003,-3.477965505974387e-06,0.005641633112578909,-2.0868473313839786e-06,-3.3150027434203366e-06
2.0453047617383736e-07,3.3000000000000003,-3.4779613241184096e-06,0.005641626328338097,-2.0980232022793643e-06,-3.3150057561215363e-06
2.0453047681897625e-07,3.3000000000000003,-3.4779606391210305e-06,0.005641625224739344,-1.9192092679531925e-06,-3.315010303595045e-06
2.04530478109254e-07,3.3000000000000003,-3.477959279780987e-06,0.0056416230175424876,-2.0384185575039737e-06,-3.315003027637431e-06
2.0453047825300218e-07,3.3000000000000003,-3.4779591163141293e-06,0.005641622771641593,-2.2768371366055362e-06,-3.3150175795526593e-06
2.0453047854049853e-07,3.3000000000000003,-3.47795883910333e-06,0.005641622279839838,-2.0384185575039737e-06,-3.315003027637431e-06
2.0453047911549123e-07,3.3000000000000003,-3.477958220752217e-06,0.005641621296236456,-2.0384185575039737e-06,-3.315010303595045e-06
2.0453048026547663e-07,3.3000000000000003,-3.477957008911296e-06,0.005641619329030207,-2.0980232022793643e-06,-3.315006665616238e-06
2.045304804011827e-07,3.3000000000000003,-3.477956819967002e-06,0.005641619096886607,-2.2768371366055362e-06,-3.3150175795526593e-06
2.04530480485579e-07,3.3000000000000003,-3.477956778463328e-06,0.00564161895251531,-1.7999999784024112e-06,-3.3150757872135728e-06
2.0453048052775623e-07,3.3000000000000003,0.45312663988306884,0.005641621776088491,-0.013562405191053433,-3.3150175795526593e-06
2.0453048057674848e-07,3.3000000000000003,0.4531429347600342,0.0056416284196350265,-0.013562898790054812,-3.3149011642308324e-06
2.0453048060319052e-07,3.3000000000000003,0.45315172932744285,0.00564163200538212,-0.013561257843587202,-3.3149011642308324e-06
2.0453048063825858e-07,3.3000000000000003,0.4531633928024197,0.005641636760993705,-0.013563518498417372,-3.3150175795526593e-06
2.045304807083947e-07,3.3000000000000003,0.45318671945005823,0.005641646272588551,-0.013564225101621374,-3.3150175795526593e-06
2.0453048084866697e-07,3.3000000000000003,0.45323337153405685,0.0056416652972649224,-0.013566115108446393,-3.3150175795526593e-06
2.045304811292115e-07,3.3000000000000003,0.45332667085826184,0.005641703352564122,-0.01356870288223116,-3.315003027637431e-06
2.0453048169030056e-07,3.3000000000000003,0.4535132501333779,0.005641779486946269,-0.013574354679128698,-3.315010303595045e-06
2.0453048281247868e-07,3.3000000000000003,0.4538863312016575,0.005641931850829077,-0.0135857155266769,-3.315006665616238e-06
2.0453048505683494e-07,3.3000000000000003,0.45463218351762963,0.005642236958936874,-0.013608278809848717,-3.315003027637431e-06
2.0453048954554744e-07,3.3000000000000003,0.45612264972764904,0.005642848695466925,-0.01365344230673075,-3.315003027637431e-06
2.0453049852297243e-07,3.3000000000000003,0.4590986353080861,0.005644078241361273,-0.013743589404979972,-3.3150039371321327e-06
2.0453051647782244e-07,3.3000000000000003,0.465030873779488,0.005646561557265531,-0.013923288612678948,-3.31500257289008e-06
2.0453055238752243e-07,3.3000000000000003,0.47681685513605354,0.005651624550433545,-0.014280297924833086,-3.315004164505808e-06
2.045306242069224e-07,3.3000000000000003,0.5000782824847826,0.005662131743682105,-0.014984895455662785,-3.3150027434203366e-06
2.0453076604275088e-07,3.3000000000000003,0.5448271034514955,0.005684343211018689,-0.01634029340450203,-3.3150039939755516e-06
2.0453091208022902e-07,3.3000000000000003,0.5892941488611092,0.005709185684556311,-0.017687070362585457,-3.3150026865769178e-06
2.04531105898116e-07,3.3000000000000003,0.6458932362495272,0.005745122254138008,-0.01940116183504122,-3.3150039939755516e-06
2.0453129646744305e-07,3.3000000000000003,0.6989652236898916,0.005783621003662896,-0.021008290321951523,-3.3150027434203366e-06
2.0453152914996e-07,3.3000000000000003,0.7604761363977189,0.005834663900211319,-0.022870771664567118,-3.3150039371321327e-06
2.0453176046270194e-07,3.3000000000000003,0.8182216827768052,0.00588958222653239,-0.024619030493099183,-3.3150027434203366e-06
2.04532029539526e-07,3.3000000000000003,0.8813811573370187,0.005958390668873279,-0.026530932019844678,-3.3150039371321327e-06
2.04532299470504e-07,3.3000000000000003,0.9406636014337423,0.006032419401086003,-0.028325185940149464,-3.3150027434203366e-06
2.0453260383480122e-07,3.3000000000000003,1.002943672010222,0.0061214899231719,-0.03020982374667033,-3.3150040508189704e-06
2.0453291171153242e-07,3.3000000000000003,1.0613581157443652,0.006217209875909395,-0.03197711621517618,-3.3150026865769178e-06
2.0453325173242524e-07,3.3000000000000003,1.120922314661617,0.006328990931958268,-0.0337787646651342,-3.3150039939755516e-06
2.0453359810895625e-07,3.3000000000000003,1.176672178842887,0.006448901060505781,-0.03546457636562801,-3.3150027434203366e-06
2.045339752488657e-07,3.3000000000000003,1.2321960888232266,0.0065858047654430655,-0.03714302578631576,-3.3150039939755516e-06
2.045343617295155e-07,3.3000000000000003,1.2839787354671297,0.00673236622994084,-0.03870780753936277,-3.3150028002637555e-06
2.045347784542963e-07,3.3000000000000003,1.3345513685536008,0.006896839980786653,-0.0402353779754769,-3.3150039371321327e-06
2.045352077085545e-07,3.3000000000000003,1.3814810516289757,0.007072578170123502,-0.04165221111389944,-3.3150028002637555e-06
2.0453566755404357e-07,3.3000000000000003,1.4265367333836663,0.007267223657769218,-0.04301168162746476,-3.3150039939755516e-06
2.045361434449485e-07,3.3000000000000003,1.4680801949550495,0.0074748761181057995,-0.04426432333061619,-3.3150026865769178e-06
2.045366512041929e-07,3.3000000000000003,1.5073436532656603,0.007702617398761364,-0.045447263226556754,-3.3150039939755516e-06
2.0453717903650353e-07,3.3000000000000003,1.5432634083976542,0.00794533701668099,-0.04652842120188174,-3.3150026865769178e-06
2.0453774108346082e-07,3.3000000000000003,1.5767021571873823,0.008209653272716416,-0.047533740591396346,-3.3150039371321327e-06
2.0453832800566493e-07,3.3000000000000003,1.6070053224967211,0.008491287584569353,-0.04844351425818771,-3.3150028002637555e-06
2.0453895280297327e-07,3.3000000000000003,1.6347867080478646,0.008796539334137436,-0.04927615203838611,-3.3150039371321327e-06
2.045396084324508e-07,3.3000000000000003,1.659678496969847,0.009122024267865698,-0.05002061050077558,-3.3150026865769178e-06
2.0454030731646033e-07,3.3000000000000003,1.6821303923534783,0.009473924326131703,-0.0506903298971579,-3.3150039939755516e-06
2.0454104471452807e-07,3.3000000000000003,1.701971939096781,0.00984986087133787,-0.051280216656219686,-3.3150027434203366e-06
2.0454183312813884e-07,3.3000000000000003,1.7195467480861033,0.010256182087176692,-0.05180049161097077,-3.3150039371321327e-06
2.0454267035678335e-07,3.3000000000000003,1.7348170886910077,0.010691720597569322,-0.05225004622230913,-3.3150026865769178e-06
2.0454356984775558e-07,3.3000000000000003,1.7480589478970912,0.011163411061005851,-0.052637034332740064,-3.3150039939755516e-06
2.045445325485507e-07,3.3000000000000003,1.759320967833016,0.011671679860015534,-0.052962916899530324,-3.3150026865769178e-06
2.04545574153327e-07,3.3000000000000003,1.7688360170360211,0.012224718430381327,-0.05323450243618596,-3.3150039371321327e-06
2.0454670003450495e-07,3.3000000000000003,1.776706027066532,0.012825272330391421,-0.05345479691383919,-3.3150026865769178e-06
2.0454793033828667e-07,3.3000000000000003,1.7831354235025598,0.013483956884143666,-0.05362967328388487,-3.3150039371321327e-06
2.0454927748672222e-07,3.3000000000000003,1.7882557402884312,0.01420727352374341,-0.0537629208328567,-3.3150026865769178e-06
2.0455077027575706e-07,3.3000000000000003,1.7922507086103734,0.01501050455213383,-0.05385964419791853,-3.3150039371321327e-06
2.045524338404115e-07,3.3000000000000003,1.7952641184744669,0.015906963590984403,-0.053923797178195336,-3.3150027434203366e-06
2.0455431465570006e-07,3.3000000000000003,1.7974616497229066,0.016921434712033633,-0.05395964971166659,-3.3150039371321327e-06
2.0455646404040184e-07,3.3000000000000003,1.7989857489416001,0.01808127027883127,-0.05397068949915589,-3.3150026865769178e-06
2.0455896861670215e-07,3.3000000000000003,1.7999823539136306,0.01943277534342912,-0.053959936005703944,-3.3150039371321327e-06
2.045619431271447e-07,3.3000000000000003,1.8005801787100209,0.021037249940337177,-0.0539294320641405,-3.3150026865769178e-06
2.0456558302712155e-07,3.3000000000000003,1.8008990839274401,0.022999179650284023,-0.053879643762051184,-3.3150039371321327e-06
2.0457019531787757e-07,3.3000000000000003,1.8010399857000643,0.025482449181508306,-0.053808663061808704,-3.3150026865769178e-06
2.0457635779604094e-07,3.3000000000000003,1.8010845367994668,0.02879510516154054,-0.05370962961786354,-3.3150039939755516e-06
2.0458521456115936e-07,3.3000000000000003,1.8010892796172147,0.03354532831774911,-0.05356582718808774,-3.3150027434203366e-06
2.0459953636781003e-07,3.3000000000000003,1.8010841454202853,0.04119974450479178,-0.053333719621036384,-3.3150039371321327e-06
2.046277934663754e-07,3.3000000000000003,1.8010750352511542,0.056204925362246735,-0.052878741085050744,-3.3150027434203366e-06
2.0468430766350612e-07,3.3000000000000003,1.801056683016048,0.08583286931506354,-0.051980368454913925,-3.3150039371321327e-06
2.0478430766350612e-07,3.3000000000000003,1.8010251886765123,0.13703311010704017,-0.050427891601270446,-3.3150027434203366e-06
2.0488430766350613e-07,3.3000000000000003,1.800994508994847,0.18670405753177569,-0.048921781658275564,-3.3150039939755516e-06
2.0498430766350614e-07,3.3000000000000003,1.800964852822209,0.23489138957287276,-0.04746066077365769,-3.3150027434203366e-06
2.0508430766350615e-07,3.3000000000000003,1.8009359913712417,0.2816394203944804,-0.0460431791607788,-3.3150039939755516e-06
2.0518430766350615e-07,3.3000000000000003,1.800908069396742,0.32699114009566,-0.04466803847601801,-3.3150027434203366e-06
2.0528430766350616e-07,3.3000000000000003,1.8008809156120738,0.3709882550929361,-0.04333396969789619,-3.3150039939755516e-06
2.0538430766350617e-07,3.3000000000000003,1.8008546288200353,0.41367122575332765,-0.04203974974880847,-3.3150027434203366e-06
2.0548430766350618e-07,3.3000000000000003,1.8008290796337827,0.4550793042152256,-0.04078418524907288,-3.3150039939755516e-06
2.0558430766350618e-07,3.3000000000000003,1.8008043339933788,0.4952505699644304,-0.03956612427312694,-3.3150027434203366e-06
2.056843076635062e-07,3.3000000000000003,1.8007802931183026,0.5342219652955175,-0.03838444436405079,-3.3150039939755516e-06
2.057843076635062e-07,3.3000000000000003,1.8007569995237567,0.5720293289082194,-0.037238060789022386,-3.3150027434203366e-06
2.058843076635062e-07,3.3000000000000003,1.8007343768557371,0.6087074291852801,-0.03612591764685181,-3.3150039939755516e-06
2.0598430766350621e-07,3.3000000000000003,1.80071245100525,0.6442899958940924,-0.035046993607977486,-3.3150027434203366e-06
2.0608430766350622e-07,3.3000000000000003,1.8006911621159951,0.6788097514363769,-0.034000295270581314,-3.3150039939755516e-06
2.0618430766350623e-07,3.3000000000000003,1.800670524350984,0.7122984407437536,-0.032984861096234795,-3.3150027434203366e-06
2.0628430766350624e-07,3.3000000000000003,1.800650490050387,0.7447868606379905,-0.031999756403629766,-3.3150039939755516e-06
2.0638430766350624e-07,3.3000000000000003,1.8006310651703552,0.7763048880103004,-0.031044076012921782,-3.3150027434203366e-06
2.0648430766350625e-07,3.3000000000000003,1.800612211123358,0.8068815074173619,-0.030116940434853818,-3.3150039939755516e-06
2.0658430766350626e-07,3.3000000000000003,1.800593928187219,0.8365448376334196,-0.029217497593777023,-3.3150027434203366e-06
2.0668430766350627e-07,3.3000000000000003,1.8005761845739978,0.8653221575960225,-0.0283449198919175,-3.3150039939755516e-06
2.0678430766350627e-07,3.3000000000000003,1.8005589766954269,0.893239931418073,-0.027498405277721075,-3.3150027434203366e-06
2.0688430766350628e-07,3.3000000000000003,1.8005422779065898,0.920323832787713,-0.026677174953189657,-3.3150039939755516e-06
2.069843076635063e-07,3.3000000000000003,1.8005260820486577,0.9465987685247255,-0.025880473979571196,-3.3150027434203366e-06
2.070843076635063e-07,3.3000000000000003,1.8005103664092263,0.9720889015308215,-0.02510756945944562,-3.3150039939755516e-06
2.071843076635063e-07,3.3000000000000003,1.8004951231818958,0.9968176729715602,-0.02435775081789725,-3.3150027434203366e-06
2.072843076635063e-07,3.3000000000000003,1.8004803326993641,1.0208078238661595,-0.0236303283371331,-3.3150039939755516e-06
2.0738430766350632e-07,3.3000000000000003,1.8004659861622416,1.044081415972567,-0.022924633212376536,-3.3150027434203366e-06
2.0748430766350633e-07,3.3000000000000003,1.8004520662951295,1.0666598520996158,-0.022240016350148762,-3.3150039939755516e-06
2.0758430766350633e-07,3.3000000000000003,1.8004385637670073,1.0885638957692116,-0.021575848270048683,-3.3150027434203366e-06
2.0768430766350634e-07,3.3000000000000003,1.8004254632111225,1.1098136903280134,-0.02093151810195763,-3.3150039939755516e-06
2.0778430766350635e-07,3.3000000000000003,1.8004127550872504,1.1304287774570039,-0.0203064333846173,-3.3150027434203366e-06
2.0788430766350636e-07,3.3000000000000003,1.8004004255774868,1.1504281151547762,-0.01970001921448366,-3.3150039939755516e-06
2.0798430766350636e-07,3.3000000000000003,1.8003884651550852,1.16983009516109,-0.019111717977410635,-3.3150027434203366e-06
2.0808430766350637e-07,3.3000000000000003,1.8003768612810205,1.1886525598792088,-0.01854098861452843,-3.3150039939755516e-06
2.0818430766350638e-07,3.3000000000000003,1.8003656045932406,1.2069128187764606,-0.017987306312816233,-3.3150027434203366e-06
2.082843076635064e-07,3.3000000000000003,1.8003546836271287,1.2246276643088108,-0.017450161862547945,-3.3150039939755516e-06
2.083843076635064e-07,3.3000000000000003,1.8003440892854743,1.24181338735799,-0.01692906132495862,-3.3150027434203366e-06
2.084843076635064e-07,3.3000000000000003,1.8003338110214784,1.2584857922175572,-0.016423525462451155,-3.3150039939755516e-06
2.085843076635064e-07,3.3000000000000003,1.8003238400665507,1.2746602111228247,-0.01593308939611066,-3.3150027434203366e-06
2.0868430766350642e-07,3.3000000000000003,1.8003141666702382,1.290351518354036,-0.015457302094694099,-3.3150039939755516e-06
2.0878430766350643e-07,3.3000000000000003,1.8003047824305798,1.3055741439121369,-0.014995726030832284,-3.3150027434203366e-06
2.0888430766350643e-07,3.3000000000000003,1.8002956782978585,1.3203420867913038,-0.014547936718337607,-3.3150039939755516e-06
2.0898430766350644e-07,3.3000000000000003,1.8002868462566066,1.3346689278505857,-0.014113522373125747,-3.3150027434203366e-06
2.0908430766350645e-07,3.3000000000000003,1.8002782778813846,1.348567842304867,-0.013692083490936043,-3.3150039939755516e-06
2.0918430766350646e-07,3.3000000000000003,1.8002699655504153,1.362051611839525,-0.013283232516998639,-3.3150027434203366e-06
2.0928430766350646e-07,3.3000000000000003,1.8002619014003487,1.3751326363659684,-0.012886593458131129,-3.3150039939755516e-06
2.0938430766350647e-07,3.3000000000000003,1.800254078201567,1.3878229454237294,-0.012501801563746043,-3.3150027434203366e-06
2.0948430766350648e-07,3.3000000000000003,1.800246488601343,1.4001342092439606,-0.012128502967657783,-3.3150039939755516e-06
2.0958430766350649e-07,3.3000000000000003,1.8002391257547732,1.4120777494808,-0.011766354382009807,-3.3150027434203366e-06
2.096843076635065e-07,3.3000000000000003,1.800231982776417,1.4236645496236302,-0.011415022765133903,-3.3150039939755516e-06
2.097843076635065e-07,3.3000000000000003,1.800225053194743,1.4349052650971217,-0.011074185029259912,-3.3150027434203366e-06
2.098843076635065e-07,3.3000000000000003,1.8002183305544972,1.4458102330606293,-0.010743527731514418,-3.3150039939755516e-06
2.0998430766350652e-07,3.3000000000000003,1.8002118087437105,1.4563894819140166,-0.010422746795775211,-3.3150027434203366e-06
2.1008430766350652e-07,3.3000000000000003,1.8002054817050621,1.4666527405202965,-0.010111547224450351,-3.3150039939755516e-06
2.1018430766350653e-07,3.3000000000000003,1.8001993436708865,1.4766094471521678,-0.00980964283449269,-3.3150027434203366e-06
2.1028430766350654e-07,3.3000000000000003,1.8001933889533657,1.486268758171869,-0.009516755988016089,-3.3150039939755516e-06
2.1038430766350655e-07,3.3000000000000003,1.800187612113136,1.4956395564513139,-0.00923261734224911,-3.3150027434203366e-06
2.1048430766350655e-07,3.3000000000000003,1.8001820078065183,1.5047304595411204,-0.008956965597359224,-3.3150039939755516e-06
2.1058430766350656e-07,3.3000000000000003,1.8001765709062114,1.513549827595307,-0.008689547259967977,-3.3150027434203366e-06
2.1068430766350657e-07,3.3000000000000003,1.8001712963898053,1.5221057710595671,-0.008430116406794459,-3.3150039939755516e-06
2.1078430766350658e-07,3.3000000000000003,1.800166179425923,1.530406158129666,-0.008178434461253822,-3.3150027434203366e-06
2.1088430766350658e-07,3.3000000000000003,1.800161215292627,1.5384586219872665,-0.007934269971717063,-3.3150039939755516e-06
2.109843076635066e-07,3.3000000000000003,1.8001563994386585,1.5462705678194568,-0.007697398400653971,-3.3150027434203366e-06
2.110843076635066e-07,3.3000000000000003,1.8001517274235044,1.5538491796287592,-0.007467601916452969,-3.3150039939755516e-06
2.111843076635066e-07,3.3000000000000003,1.8001471949607022,1.5612014268396053,-0.00724466919453723,-3.3150027434203366e-06
2.112843076635066e-07,3.3000000000000003,1.8001427978736158,1.5683340707075921,-0.007028395221804551,-3.3150039939755516e-06
2.1138430766350662e-07,3.3000000000000003,1.800138532125834,1.5752536705372084,-0.006818581109132811,-3.3150027434203366e-06
2.1148430766350663e-07,3.3000000000000003,1.8001343937883572,1.5819665897139217,-0.006615033907594773,-3.3150039939755516e-06
2.1158430766350664e-07,3.3000000000000003,1.8001303790607197,1.5884790015560297,-0.006417566431769588,-3.3150027434203366e-06
2.1168430766350664e-07,3.3000000000000003,1.8001264842464686,1.5947968949917786,-0.006225997086965675,-3.3150039939755516e-06
2.1178430766350665e-07,3.3000000000000003,1.8001227057676374,1.6009260800668614,-0.006040149702765534,-3.3150027434203366e-06
2.1188430766350666e-07,3.3000000000000003,1.8001190401462637,1.606872193287461,-0.0058598533705552635,-3.3150039939755516e-06
2.1198430766350667e-07,3.3000000000000003,1.8001154840141034,1.6126407028036618,-0.005684942286745775,-3.3150027434203366e-06
2.1208430766350667e-07,3.3000000000000003,1.800112034098558,1.61823691343807,-0.005515255599963921,-3.3150039939755516e-06
2.1218430766350668e-07,3.3000000000000003,1.8001086872289942,1.6236659715642106,-0.005350637263413885,-3.3150027434203366e-06
2.122843076635067e-07,3.3000000000000003,1.8001054403258978,1.628932869839233,-0.0051909358911330925,-3.3150039939755516e-06
2.123843076635067e-07,3.3000000000000003,1.8001022904047832,1.6340424517952363,-0.0050360046189795666,-3.3150027434203366e-06
2.124843076635067e-07,3.3000000000000003,1.800099234567717,1.6389994162934758,-0.004885700969399314,-3.3150039939755516e-06
2.125843076635067e-07,3.3000000000000003,1.8000962700055274,1.6438083218455102,-0.00473988672054917,-3.3150027434203366e-06
2.1268430766350672e-07,3.3000000000000003,1.8000933939910753,1.6484735908052952,-0.004598427779059916,-3.3150039939755516e-06
2.1278430766350673e-07,3.3000000000000003,1.800090603880272,1.6529995134360533,-0.004461194056828552,-3.3150027434203366e-06
2.1288430766350673e-07,3.3000000000000003,1.8000878971066503,1.657390251855678,-0.004328059351296119,-3.3150039939755516e-06
2.1298430766350674e-07,3.3000000000000003,1.80008527118155,1.661649843864288,-0.004198901229466857,-3.3150027434203366e-06
2.1308430766350675e-07,3.3000000000000003,1.8000827236896686,1.665782206657462,-0.004073600915251021,-3.3150039939755516e-06
2.1318430766350676e-07,3.3000000000000003,1.8000802522886754,1.669791140428558,-0.0039520431802920804,-3.3150027434203366e-06
2.1328430766350676e-07,3.3000000000000003,1.8000778547054976,1.67368033186344,-0.0038341162379532862,-3.3150039939755516e-06
2.1338430766350677e-07,3.3000000000000003,1.8000755287355554,1.677453357530816,-0.003719711640557056,-3.3150027434203366e-06
2.1348430766350678e-07,3.3000000000000003,1.80007327223956,1.6811136871713162,-0.003608724179644463,-3.3150039939755516e-06
2.1358430766350679e-07,3.3000000000000003,1.8000710831427835,1.684664686888327,-0.003501051789158778,-3.3150027434203366e-06
2.136843076635068e-07,3.3000000000000003,1.8000689594316253,1.6881096222435177,-0.0033965954516911438,-3.3150039939755516e-06
2.137843076635068e-07,3.3000000000000003,1.8000668991535285,1.691451661259908,-0.0032952591073736946,-3.3150027434203366e-06
2.138843076635068e-07,3.3000000000000003,1.8000649004134466,1.694693877335239,-0.0031969495655139583,-3.3150039939755516e-06
2.1398430766350682e-07,3.3000000000000003,1.8000629613736252,1.6978392520683225,-0.0031015764189414206,-3.3150027434203366e-06
2.1408430766350682e-07,3.3000000000000003,1.8000610802506154,1.7008906780009738,-0.003009051960828159,-3.3150039939755516e-06
2.1418430766350683e-07,3.3000000000000003,1.8000592553147363,1.7038509612780401,-0.002919291104065468,-3.3150027434203366e-06
2.1428430766350684e-07,3.3000000000000003,1.8000574848875468,1.7067228242279837,-0.0028322113029879904,-3.3150039939755516e-06
2.1438430766350685e-07,3.3000000000000003,1.8000557673410995,1.7095089078663823,-0.002747732477487242,-3.3150027434203366e-06
2.1448430766350685e-07,3.3000000000000003,1.8000541010957656,1.7122117743246528,-0.002665776939348113,-3.3150039939755516e-06
2.1458430766350686e-07,3.3000000000000003,1.8000524846193575,1.7148339092062324,-0.0025862693208229307,-3.3150027434203366e-06
2.1468430766350687e-07,3.3000000000000003,1.8000509164252325,1.7173777238723837,-0.0025091365053069616,-3.3150039939755516e-06
2.1478430766350688e-07,3.3000000000000003,1.8000493950713397,1.7198455576597242,-0.0024343075601118594,-3.3150027434203366e-06
2.1488430766350688e-07,3.3000000000000003,1.8000479191585397,1.7222396800315223,-0.0023617136712239047,-3.3150039939755516e-06
2.149843076635069e-07,3.3000000000000003,1.8000464873296216,1.7245622926647337,-0.002291288080030567,-3.3150027434203366e-06
2.150843076635069e-07,3.3000000000000003,1.800045098267796,1.7268155314747031,-0.002222966021920433,-3.3150039939755516e-06
2.151843076635069e-07,3.3000000000000003,1.8000437506957034,1.7290014685793915,-0.002156684666731015,-3.3150027434203366e-06
2.1528430766350691e-07,3.3000000000000003,1.8000424433740536,1.7311221142049287,-0.002092383060963467,-3.3150039939755516e-06
2.1538430766350692e-07,3.3000000000000003,1.8000411751006442,1.7331794185342548,-0.0020300020717335028,-3.3150027434203366e-06
2.1548430766350693e-07,3.3000000000000003,1.8000399447091198,1.7351752735005428,-0.0019694843323876084,-3.3150039939755516e-06
2.1558430766350694e-07,3.3000000000000003,1.8000387510680156,1.7371115145270517,-0.0019107741897511348,-3.3150027434203366e-06
2.1568430766350694e-07,3.3000000000000003,1.8000375930796173,1.7389899222150154,-0.0018538176529458118,-3.3150039939755516e-06
2.1578430766350695e-07,3.3000000000000003,1.8000364696790838,1.7408122239811152,-0.0017985623437170215,-3.3150027434203366e-06
2.1588430766350696e-07,3.3000000000000003,1.8000353798331181,1.7425800956460409,-0.0017449574483577573,-3.3150039939755516e-06
2.1598430766350697e-07,3.3000000000000003,1.8000343225397892,1.7442951629756063,-0.0016929536708491187,-3.3150027434203366e-06
2.1608430766350697e-07,3.3000000000000003,1.8000332968264807,1.7459590031758316,-0.0016425031875950903,-3.3150039939755516e-06
2.1618430766350698e-07,3.3000000000000003,1.8000323017501927,1.7475731463433692,-0.0015935596034537896,-3.3150027434203366e-06
2.16284307663507e-07,3.3000000000000003,1.800031336395611,1.7491390768726094,-0.0015460779090392914,-3.3150039939755516e-06
2.16384307663507e-07,3.3000000000000003,1.8000303998751697,1.7506582348207527,-0.00150001443935778,-3.3150027434203366e-06
2.16484307663507e-07,3.3000000000000003,1.8000294913274661,1.752132017232113,-0.0014553268336291126,-3.3150039939755516e-06
2.16584307663507e-07,3.3000000000000003,1.800028609917121,1.753561779422865,-0.0014119739963508228,-3.3150027434203366e-06
2.1668430766350702e-07,3.3000000000000003,1.8000277548334573,1.7549488362274155,-0.0013699160594892318,-3.3150039939755516e-06
2.1678430766350703e-07,3.3000000000000003,1.8000269252902243,1.7562944632075486,-0.0013291143458304367,-3.3150027434203366e-06
2.1688430766350703e-07,3.3000000000000003,1.8000261205244754,1.7575998978254537,-0.0012895313333997763,-3.3150039939755516e-06
2.1698430766350704e-07,3.3000000000000003,1.8000253397962054,1.758866340581719,-0.0012511306209664504,-3.3150027434203366e-06
2.1708430766350705e-07,3.3000000000000003,1.8000245823873815,1.7600949561193338,-0.001213876894559391,-3.3150039939755516e-06
2.1718430766350706e-07,3.3000000000000003,1.8000238476015298,1.7612868742947108,-0.0011777358949994906,-3.3150027434203366e-06
2.1728430766350706e-07,3.3000000000000003,1.800023134762884,1.7624431912167258,-0.0011426743863878275,-3.3150039939755516e-06
2.1738430766350707e-07,3.3000000000000003,1.8000224432159417,1.7635649702547167,-0.0011086601255468225,-3.3150027434203366e-06
2.1748430766350708e-07,3.3000000000000003,1.8000217723247143,1.764653243016377,-0.0010756618323641662,-3.3150039939755516e-06
2.1758430766350709e-07,3.3000000000000003,1.8000211214722641,1.7657090102964408,-0.0010436491610310698,-3.3150027434203366e-06
2.176843076635071e-07,3.3000000000000003,1.8000204900600332,1.7667332429970297,-0.0010125926721323956,-3.3150039939755516e-06
2.177843076635071e-07,3.3000000000000003,1.8000198775073828,1.7677268830205133,-0.0009824638055763988,-3.3150027434203366e-06
2.178843076635071e-07,3.3000000000000003,1.8000192832509831,1.768690844135698,-0.0009532348543280508,-3.3150039939755516e-06
2.1798430766350712e-07,3.3000000000000003,1.8000187067443587,1.7696260128181458,-0.000924878938931178,-3.3150027434203366e-06
2.1808430766350712e-07,3.3000000000000003,1.8000181474573327,1.770533249065391,-0.0008973699827879304,-3.3150039939755516e-06
2.1818430766350713e-07,3.3000000000000003,1.8000176048755847,1.7714133871878108,-0.0008706826881796442,-3.3150027434203366e-06
2.1828430766350714e-07,3.3000000000000003,1.8000170785001384,1.7722672365758723,-0.0008447925130015058,-3.3150039939755516e-06
2.1838430766350715e-07,3.3000000000000003,1.800016567846937,1.7730955824444594,-0.000819675648194255,-3.3150027434203366e-06
2.1848430766350715e-07,3.3000000000000003,1.8000160724463694,1.7738991865549731,-0.0007953089958478804,-3.3150039939755516e-06
2.1858430766350716e-07,3.3000000000000003,1.8000155918428604,1.7746787879158585,-0.0007716701479613951,-3.3150027434203366e-06
2.1868430766350717e-07,3.3000000000000003,1.800015125594435,1.7754351034622107,-0.0007487373658352282,-3.3150039939755516e-06
2.1878430766350718e-07,3.3000000000000003,1.8000146732723268,1.776168828715082,-0.0007264895600804737,-3.3150027434203366e-06
2.1888430766350718e-07,3.3000000000000003,1.8000142344605687,1.7768806384210936,-0.000704906271224425,-3.3150039939755516e-06
2.189843076635072e-07,3.3000000000000003,1.8000138087556254,1.777571187172945,-0.00068396765089583,-3.3150027434203366e-06
2.190843076635072e-07,3.3000000000000003,1.8000133957660074,1.7782411100113893,-0.0006636544435718706,-3.3150039939755516e-06
2.191843076635072e-07,3.3000000000000003,1.8000129951119257,1.778891023009228,-0.0006439479688706044,-3.3150027434203366e-06
2.1928430766350721e-07,3.3000000000000003,1.800012606424929,1.7795215238378612,-0.0006248301043719005,-3.3150039939755516e-06
2.1938430766350722e-07,3.3000000000000003,1.8000122293475764,1.7801331923169181,-0.0006062832689520878,-3.3150027434203366e-06
2.1948430766350723e-07,3.3000000000000003,1.800011863533098,1.7807265909474683,-0.0005882904066157456,-3.3150039939755516e-06
2.1958430766350724e-07,3.3000000000000003,1.8000115086450872,1.7813022654293087,-0.0005708349708108176,-3.3150027434203366e-06
2.1968430766350724e-07,3.3000000000000003,1.800011164357181,1.7818607451627964,-0.0005539009092121595,-3.3150039939755516e-06
2.1978430766350725e-07,3.3000000000000003,1.8000108303527669,1.7824025437356972,-0.0005374726489595217,-3.3150027434203366e-06
2.1988430766350726e-07,3.3000000000000003,1.8000105063246883,1.7829281593954898,-0.0005215350823363697,-3.3150039939755516e-06
2.1998430766350727e-07,3.3000000000000003,1.8000101919749638,1.78343807550756,-0.0005060735528767244,-3.3150027434203366e-06
2.1999999999999998e-07,3.3000000000000003,1.8000101435095834,1.7835166930836226,-0.0005036897479109964,-3.3150039371321327e-06
2.2000010276934595e-07,3.299830430579166,1.8000101431916768,1.783517206710379,-0.0005036739774315755,0.007421685166207226
2.200003083080379e-07,3.2994912917374655,1.800010142558472,1.783518233931882,-0.0005036428303185847,0.0074216855082909206
2.2000071938542177e-07,3.2988130140540637,1.8000101412929612,1.7835202881828418,-0.0005035805419059005,0.00742168618830874
2.2000154154018953e-07,3.29745645868726,1.8000101387607037,1.7835243959166958,-0.0005034561047985061,0.007421687552437106
2.2000318584972508e-07,3.294743347953653,1.800010133698038,1.7835326083131,-0.0005032071199835808,0.0074216902764305814
2.2000647446879615e-07,3.289317126486351,1.8000101235800035,1.7835490208283524,-0.0005027094935308328,0.007421695729021849
2.200130517069383e-07,3.2784646835518356,1.8000101033742701,1.7835817968097811,-0.0005017156551287659,0.007421706629088476
2.2002620618322262e-07,3.256759797682717,1.8000100630846285,1.7836471530644624,-0.0004997339706918077,0.007421728434451325
2.2005251513579122e-07,3.213350025944479,1.8000099829834229,1.7837770866286824,-0.0004957941534696383,0.007421772039776897
2.2010513304092845e-07,3.1265304824680915,1.800009824684278,1.7840338688001498,-0.0004880080793866509,0.00742185925571448
2.2020513304092846e-07,2.961530482468079,1.8000095306943296,1.7845107586177367,-0.00047354796461510394,0.007422025004132138
2.2030513304092847e-07,2.796530482468067,1.8000092454856187,1.7849734042736245,-0.00045951975631176325,0.007422190756074087
2.2040513304092847e-07,2.6315304824680545,1.8000089687957082,1.7854222312248795,-0.00044591055478761807,0.007422356504548588
2.2050513304092848e-07,2.466530482468042,1.8000087003702665,1.7858576522206442,-0.0004327078447856855,0.007422522256490538
2.206051330409285e-07,2.3015304824680296,1.8000084399623455,1.786280067681709,-0.00041989948485903226,0.0074226880048229305
2.207051330409285e-07,2.136530482468017,1.800008187332554,1.7866898660687465,-0.00040747369621765286,0.00742285375676488
2.208051330409285e-07,1.9715304824680047,1.8000079422484974,1.7870874242395465,-0.00039541905188599007,0.007423019505154116
2.209051330409285e-07,1.8065304824679924,1.8000077044848057,1.7874731077955797,-0.0003837244662276154,0.007423185257124487
2.2100513304092852e-07,1.6415304824679802,1.8000074738229574,1.787847271418216,-0.0010688618599722357,0.007423351005485301
2.2110513304092853e-07,1.4765304824679675,1.8000072500505795,1.7882102591948899,-0.003864428983599635,0.007423516757398829
2.2120513304092853e-07,1.3115304824679552,1.8000070329621496,1.788562404935531,-0.008811435967413671,0.007423682505788065
2.2130513304092854e-07,1.1465304824679428,1.8000068223578052,1.7889040324795447,-0.01590987299209932,0.007423848257758436
2.2140513304092855e-07,0.9815304824679303,1.800006618044061,1.789235455993616,-0.025159730531533742,0.007424014006147672
2.2143451197564198e-07,0.9330552401907246,1.8000065591912202,1.789330923278038,-0.028286118102893002,0.007424062703549339
2.2145462838401442e-07,0.8998631663761913,1.8000065191940369,1.7893958028167407,-0.03051502432442727,0.007424096044758244
2.214775585450323e-07,0.8620284006967385,1.8000064739003598,1.7894692763125608,-0.02795609091016897,0.007424134053295006
2.2148887576776784e-07,0.843354983183092,1.8000064516612353,1.7895053513282493,-0.026734817271920407,0.007424152809846873
2.2150599476522497e-07,0.8151086373787857,1.8000064181646207,1.7895596855553504,-0.024939822859095788,0.007424181186379997
2.2154023276013923e-07,0.7586159457702615,1.800006351693377,1.7896675122689225,-0.021538980907152748,0.007424237934145594
2.2160870874996777e-07,0.6456305625532122,1.800006220796703,1.789879841977451,-0.015493883543489819,0.0074243514349916495
2.2170870874996778e-07,0.4806305625531997,1.80000603445175,1.7901821191609366,-0.008478118971613694,0.007424517183387991
2.2180870874996779e-07,0.31563056255318767,1.8000058536711432,1.7904753676654295,-0.0036137392757509467,0.007424682935319282
2.219087087499678e-07,0.1506305625531752,1.800005678291526,1.7907598571673973,-0.0009007362790254211,0.007424848683712071
2.22e-07,0.0,1.8000055227642309,1.7910121419469163,-0.00027641489168191564,0.007425000000889342
2.2200000202585228e-07,0.0,1.8000055227608123,1.7910121474679013,-0.00027640965338865056,-6.220738990088185e-23
2.2200000607755685e-07,0.0,1.8000055227540066,1.791012158509864,-0.00027640931857742635,0.0
2.22000014180966e-07,0.0,1.8000055227410305,1.7910121805937487,-0.0002764086489497089,0.0
2.2200003038778426e-07,0.0,1.8000055227124383,1.791012224761356,-0.00027640730972619315,0.0
2.2200006280142082e-07,0.0,1.8000055226585876,1.7910123130959195,-0.00027640835655533226,0.0
2.2200012762869394e-07,0.0,1.8000055225496663,1.791012489762442,-0.00027640393104683174,0.0
2.2200025728324015e-07,0.0,1.800005522331395,1.7910128430850683,-0.0002763936833665836,0.0
2.220005165923326e-07,0.0,1.8000055218962459,1.7910135496886515,-0.0002763720251024335,0.0
2.220010352105175e-07,0.0,1.8000055210255577,1.7910149627291567,-0.00027632917929163673,0.0
2.2200207244688728e-07,0.0,1.8000055192836235,1.791017788143653,-0.0002762436243036576,0.0
2.2200414691962683e-07,0.0,1.8000055158011872,1.7910234363076376,-0.00027607239141720283,0.0
2.2200829586510595e-07,0.0,1.8000055088443152,1.7910347219839546,-0.0002757302195030441,0.0
2.2201659375606418e-07,0.0,1.8000054949565487,1.791057250796906,-0.0002750470927483233,0.0
2.2203318953798065e-07,0.0,1.8000054672834611,1.7911021387978883,-0.00027368604080121227,0.0
2.2206638110181358e-07,0.0,1.8000054123549836,1.7911912405466706,-0.0002709843141684661,0.0
2.2213276422947945e-07,0.0,1.8000053041389725,1.7913667806227072,-0.00026566163945972426,0.0
2.2223276422947946e-07,0.0,1.8000051451728054,1.7916246446236976,-0.0002578427624526051,0.0
2.2233276422947946e-07,0.0,1.8000049909546008,1.7918748065174297,-0.00025025742557302716,0.0
2.2243276422947947e-07,0.0,1.8000048413428091,1.7921174963571695,-0.00024289865416488875,0.0
2.2253276422947948e-07,0.0,1.8000046961996776,1.7923529373247542,-0.00023575968096773887,0.0
2.2263276422947949e-07,0.0,1.8000045553918722,1.7925813459358297,-0.00022883394086085535,0.0
2.227327642294795e-07,0.0,1.8000044187897828,1.7928029322389643,-0.00022211506480836825,0.0
2.228327642294795e-07,0.0,1.8000042862678902,1.7930179000088113,-0.00021559687401706627,0.0
2.229327642294795e-07,0.0,1.8000041577042378,1.7932264469335057,-0.00020927337424161694,0.0
2.2303276422947952e-07,0.0,1.8000040329806704,1.7934287647964597,-0.00020313875028290506,0.0
2.2313276422947952e-07,0.0,1.800003911982427,1.7936250396527313,-0.00019718736063116567,0.0
2.2323276422947953e-07,0.0,1.8000037945982892,1.7938154520001233,-0.00019141373228559103,0.0
2.2333276422947954e-07,0.0,1.8000036807202624,1.7940001769451728,-0.00018581255571487311,0.0
2.2343276422947955e-07,0.0,1.8000035702436619,1.7941793843641818,-0.0001803786799798611,0.0
2.2353276422947955e-07,0.0,1.800003463066858,1.7943532390594383,-0.00017510710799205635,0.0
2.2363276422947956e-07,0.0,1.8000033590913171,1.7945219009107714,-0.00016999299192222838,0.0
2.2373276422947957e-07,0.0,1.800003258221398,1.79468552502258,-0.00016503162873867137,0.0
2.2383276422947958e-07,0.0,1.8000031603643583,1.7948442618664702,-0.0001602184558853836,0.0
2.2393276422947958e-07,0.0,1.8000030654301913,1.7949982574196288,-0.0001555490470835965,0.0
2.240327642294796e-07,0.0,1.8000029733316067,1.79514765329907,-0.0001510191082634588,0.0
2.241327642294796e-07,0.0,1.8000028839838982,1.7952925868918672,-0.00014662447361331636,0.0
2.242327642294796e-07,0.0,1.8000027973049093,1.7954331914814958,-0.0001423611017503572,0.0
2.2433276422947961e-07,0.0,1.800002713214968,1.7955695963704053,-0.00013822507197853022,0.0
2.2443276422947962e-07,0.0,1.800002631636568,1.7957019269989243,-0.00013421258077820014,0.0
2.2453276422947963e-07,0.0,1.8000025524949796,1.795830305060622,-0.0001303199381752301,0.0
2.2463276422947964e-07,0.0,1.800002475717128,1.7959548486142172,-0.00012654356441825837,0.0
2.2473276422947964e-07,0.0,1.8000024012326579,1.7960756721921483,-0.0001228799866952471,0.0
2.2483276422947965e-07,0.0,1.8000023289728586,1.7961928869058985,-0.000119325835909339,0.0
2.2493276422947966e-07,0.0,1.8000022588714597,1.796306600548175,-0.00011587784360667937,0.0
2.2503276422947967e-07,0.0,1.8000021908638415,1.7964169176920401,-0.00011253283894828146,0.0
2.2513276422947967e-07,0.0,1.8000021248875933,1.796523939787076,-0.00010928774581306761,0.0
2.2523276422947968e-07,0.0,1.8000020608819307,1.7966277652526792,-0.00010613957995312628,0.0
2.253327642294797e-07,0.0,1.8000019987880882,1.7967284895685705,-0.00010308544626274008,0.0
2.254327642294797e-07,0.0,1.8000019385488824,1.796826205362598,-0.00010012253610451647,0.0
2.2543655901852172e-07,0.0,1.8000019362988722,1.7968298551529418,-0.00010001186093777108,0.0
2.2544414859660577e-07,0.0,1.800001931806659,1.7968371421492704,-9.979089945848011e-05,0.0
2.2545932775277388e-07,0.0,1.8000019228531,1.796851665948961,-9.935053845483861e-05,0.0
2.254896860651101e-07,0.0,1.800001905069279,1.7968805139262751,-9.847580745698692e-05,0.0
2.254912100544431e-07,0.0,1.8000019041799744,1.7968819550983852,-9.843204318046752e-05,0.0
2.2549425803310912e-07,0.0,1.8000019024047809,1.7968848354456328,-9.834472068198775e-05,0.0
2.2550035399044117e-07,0.0,1.8000018988586912,1.7968905881614572,-9.817032487078508e-05,0.0
2.255006600059137e-07,0.0,1.8000018986801198,1.7968908766660159,-9.81616424104335e-05,0.0
2.2550127203685875e-07,0.0,1.8000018983245214,1.7968914535948302,-9.814391611352204e-05,0.0
2.2550249609874888e-07,0.0,1.800001897614249,1.7968926071313212,-9.810911352837984e-05,0.0
2.2550255754625643e-07,0.0,1.8000018975784753,1.796892665027191,-9.810788189612958e-05,0.0
2.2550268044127154e-07,0.0,1.800001897507442,1.7968927808156947,-9.810437098647076e-05,0.0
2.2550292623130175e-07,0.0,1.800001897364702,1.796893012379759,-9.809688390485398e-05,0.0
2.255029385698778e-07,0.0,1.800001897357309,1.7968930240037417,-9.809513446420899e-05,0.0
2.2550296324702994e-07,0.0,1.8000018973432397,1.7968930472515767,-9.809442954727862e-05,0.0
2.255030126013342e-07,0.0,1.8000018973142626,1.7968930937467238,-9.809395106038255e-05,0.0
2.255031113099427e-07,0.0,1.800001897256755,1.7968931867349307,-9.809206282301449e-05,0.0
2.2550311626508113e-07,0.0,1.800001897253926,1.7968931914028339,-9.81012345094581e-05,0.0
2.25503126175358e-07,0.0,1.8000018972479535,1.796893200738619,-9.809350085409798e-05,0.0
2.2550314599591175e-07,0.0,1.8000018972373975,1.796893219410103,-9.80892094025939e-05,0.0
2.2550318563701924e-07,0.0,1.8000018972136458,1.7968932567527365,-9.808993976240733e-05,0.0
2.2550318762698927e-07,0.0,1.8000018972120817,1.796893258627312,-9.803959150720249e-05,0.0
2.2550319160692932e-07,0.0,1.800001897210413,1.7968932623764606,-9.80841813036541e-05,0.0
2.2550319956680942e-07,0.0,1.8000018972059126,1.7968932698747433,-9.808395394161677e-05,0.0
2.2550319996639266e-07,0.0,1.8000018972053726,1.7968932702511542,-9.80392390477622e-05,0.0
2.2550320076555917e-07,0.0,1.800001897205125,1.7968932710039758,-9.809882086349937e-05,0.0
2.2550320236389218e-07,0.0,1.800001897204038,1.7968932725096176,-9.806897288908126e-05,0.0
2.255032055605582e-07,0.0,1.8000018972019904,1.7968932755208995,-9.809868390618598e-05,0.0
2.2550320573422344e-07,0.0,1.8000018972022522,1.7968932756844933,-9.827749287636875e-05,0.0
2.2550320608155393e-07,0.0,1.8000018972018472,1.7968932760116814,-9.81582736680102e-05,0.0
2.2550320677621492e-07,0.0,1.8000018972023335,1.7968932766660577,-9.809864917238765e-05,0.0
2.2550320685714643e-07,0.0,1.8000018972009957,1.796893276742296,-9.780062365000035e-05,0.0
2.2550320701900942e-07,0.0,1.8000018972014113,1.796893276894772,-9.827745617967756e-05,0.0
2.255032073427354e-07,0.0,1.8000018972009497,1.7968932771997237,-9.803902835670486e-05,0.0
2.255032079901874e-07,0.0,1.8000018972006513,1.796893277809628,-9.803900986258909e-05,0.0
2.2550320806832003e-07,0.0,1.8000018972007448,1.7968932778832294,-9.875426336675818e-05,0.0
2.2550320811705735e-07,0.0,1.336675166924332,1.7968932745077308,-1.7999999784024112e-06,0.0
2.2550320817721974e-07,0.0,1.336655458630823,1.7968932661173012,-8.463256619961612e-07,0.0
2.2550320820003603e-07,0.0,1.3366479844383234,1.79689326293518,-1.7999999784024112e-06,0.0
2.255032082336348e-07,0.0,1.336636978174716,1.796893258249161,-1.7999999784024112e-06,0.0
2.2550320830083237e-07,0.0,1.336614965918846,1.7968932488767873,-1.7999999784024112e-06,0.0
2.2550320843522746e-07,0.0,1.3365709424959535,1.7968932301306968,-2.2768371366055362e-06,0.0
2.2550320870401765e-07,0.0,1.336482899995481,1.7968931926331393,-2.0384185575039737e-06,0.0
2.25503209241598e-07,0.0,1.3363068323772724,1.7968931176165204,-2.0384185575039737e-06,0.0
2.2550321031675877e-07,0.0,1.335954766663945,1.7968929674972847,-2.0980232022793643e-06,0.0
2.2550321246708026e-07,0.0,1.3352509132390757,1.796892666914934,-2.068220879891669e-06,0.0
2.2550321676772326e-07,0.0,1.3338443176607453,1.7968920643756268,-2.0831220410855167e-06,0.0
2.2550322536900927e-07,0.0,1.3310355657462631,1.7968908538058275,-2.0831220410855167e-06,0.0
2.2550324257158128e-07,0.0,1.3254357722308008,1.7968884107592955,-2.0868473313839786e-06,0.0
2.255032769767253e-07,0.0,1.314306655002653,1.7968834374987446,-2.0868473313839786e-06,0.0
2.2550334578701337e-07,0.0,1.2923273560487194,1.796873145955024,-2.087778653958594e-06,0.0
2.2550348340758948e-07,0.0,1.2494613895202975,1.7968512114118524,-2.0887099765332096e-06,0.0
2.2550363132726525e-07,0.0,1.2049695865624792,1.7968256785503058,-2.088244315245902e-06,0.0
2.255038238069602e-07,0.0,1.1494322114108553,1.7967895386380481,-2.088011484602248e-06,0.0
2.2550401669386936e-07,0.0,1.096342722360667,1.7967501498232255,-2.088244315245902e-06,0.0
2.255042485578274e-07,0.0,1.0357525492764459,1.796698811148908,-2.0884771458895557e-06,0.0
2.255044822787884e-07,0.0,0.9780618407953915,1.7966428765067957,-2.088011484602248e-06,0.0
2.2550475112988216e-07,0.0,0.9156531040742104,1.7965736472858391,-2.088244315245902e-06,0.0
2.2550502358564568e-07,0.0,0.8564639499665968,1.7964984761186022,-2.088244315245902e-06,0.0
2.2550532824360186e-07,0.0,0.7947875404852446,1.7964088487098018,-2.0884771458895557e-06,0.0
2.2550563874094047e-07,0.0,0.7364899497625088,1.7963118680074504,-2.088011484602248e-06,0.0
2.255059795111672e-07,0.0,0.6774059519679122,1.7961993820610578,-2.088244315245902e-06,0.0
2.2550632860986894e-07,0.0,0.6217808928066566,1.796078091915351,-2.088127899924075e-06,0.0
2.255067069099027e-07,0.0,0.5666336611525079,1.795940321700013,-2.088127899924075e-06,0.0
2.255070962289967e-07,0.0,0.5149714038078766,1.795792254947184,-2.088011484602248e-06,0.0
2.2550751449171482e-07,0.0,0.46468902629052367,1.7956267396083583,-2.088011484602248e-06,0.0
2.2550794671962109e-07,0.0,0.41786664528779605,1.7954493611062146,-2.087895069280421e-06,0.0
2.255084084578858e-07,0.0,0.37302934451492514,1.7952534856577789,-2.088011484602248e-06,0.0
2.255088874788573e-07,0.0,0.3315748108705493,1.7950440451056402,-2.088127899924075e-06,0.0
2.2550939747098607e-07,0.0,0.2924702976578665,1.7948148721211146,-2.088127899924075e-06,0.0
2.2550992861225502e-07,0.0,0.2566186482635755,1.7945702014024532,-2.087895069280421e-06,0.0
2.2551049322420856e-07,0.0,0.22329014692999105,1.79430423789248,-2.088244315245902e-06,0.0
2.2551108365733682e-07,0.0,0.19303404806595656,1.7940204721065904,-2.088127899924075e-06,0.0
2.255117113489276e-07,0.0,0.1653235853143422,1.7937133429743584,-2.088011484602248e-06,0.0
2.2551237071409132e-07,0.0,0.14045926393189678,1.7933855269932708,-2.088127899924075e-06,0.0
2.2551307282190417e-07,0.0,0.11804723121926859,1.7930315039648397,-2.088127899924075e-06,0.0
2.2551381420109206e-07,0.0,0.09821615036458206,1.7926530162818888,-2.088011484602248e-06,0.0
2.2551460616771127e-07,0.0,0.08065748621991599,1.792244310665671,-2.088127899924075e-06,0.0
2.2551544763725753e-07,0.0,0.06538394577282296,1.791805980399815,-2.0881861075849883e-06,0.0
2.2551635100242542e-07,0.0,0.05214106075451594,1.7913316298374526,-2.088244315245902e-06,0.0
2.2551731820232815e-07,0.0,0.04086590861597302,1.7908203115529813,-2.0881861075849883e-06,0.0
2.255183639713368e-07,0.0,0.03133849273538381,1.7902643300059693,-2.088127899924075e-06,0.0
2.255194945699941e-07,0.0,0.02344927071515824,1.7896604640675358,-2.0881861075849883e-06,0.0
2.2552072923816663e-07,0.0,0.017001312446845482,1.788998568103938,-2.088127899924075e-06,0.0
2.2552208119004473e-07,0.0,0.011859439595990348,1.7882717076615327,-2.0881861075849883e-06,0.0
2.2552357830666217e-07,0.0,0.007844160819979818,1.7874650718487215,-2.088215211415445e-06,0.0
2.2552524639366899e-07,0.0,0.004810246135448761,1.7865649681487457,-2.0881861075849883e-06,0.0
2.255271308743342e-07,0.0,0.0025943214607491195,1.7855471465654584,-2.0881861075849883e-06,0.0
2.2552928348469187e-07,0.0,0.0010535674158585425,1.7843839922832974,-2.0881570037545316e-06,0.0
2.2553178929792924e-07,0.0,4.3179806502554696e-05,1.7830299733598773,-2.0881861075849883e-06,0.0
2.2553476264688258e-07,0.0,-0.0005656068833876384,1.781423925083187,-2.0881570037545316e-06,0.0
2.2553839559525235e-07,0.0,-0.0008923420290908573,1.7794630439979862,-2.0881861075849883e-06,0.0
2.2554299113714865e-07,0.0,-0.0010382006839345466,1.7769853652772598,-2.0882006595002167e-06,0.0
2.2554911432110981e-07,0.0,-0.0010852537310755473,1.7736892385972893,-2.088178831627374e-06,0.0
2.2555788099158505e-07,0.0,-0.0010908347459270217,1.768980678473638,-2.088178831627374e-06,0.0
2.255719654501959e-07,0.0,-0.0010858203186928455,1.7614420799542387,-2.088204297479024e-06,0.0
2.2559943521592177e-07,0.0,-0.0010769319112313158,1.7468313436895582,-2.088191564553199e-06,0.0
2.2565437474737354e-07,0.0,-0.0010590679074793433,1.7179719466932948,-2.0881924740479008e-06,0.0
2.2575437474737354e-07,0.0,-0.0010274910391686138,1.6666580593450384,-2.0881933835426025e-06,0.0
2.2585437474737355e-07,0.0,-0.0009967532432349712,1.6168768598976881,-2.0881933835426025e-06,0.0
2.2595437474737356e-07,0.0,-0.0009670219240910515,1.5685825689280959,-2.0881933835426025e-06,0.0
2.2605437474737357e-07,0.0,-0.0009381036182941658,1.5217307739519985,-2.0881933835426025e-06,0.0
2.2615437474737357e-07,0.0,-0.0009101127670548881,1.4762783894103666,-2.0881933835426025e-06,0.0
2.2625437474737358e-07,0.0,-0.0008829038929802546,1.4321836163434896,-2.0881933835426025e-06,0.0
2.263543747473736e-07,0.0,-0.0008565536287493496,1.38940590454933,-2.0881933835426025e-06,0.0
2.264543747473736e-07,0.0,-0.0008309514391603658,1.3479059147856502,-2.0881933835426025e-06,0.0
2.265543747473736e-07,0.0,-0.0008061470499246383,1.3076454830235553,-2.0881933835426025e-06,0.0
2.266543747473736e-07,0.0,-0.000782055445455494,1.268587584985608,-2.0881933835426025e-06,0.0
2.2675437474737362e-07,0.0,-0.000758707281796688,1.2306963024080193,-2.0881933835426025e-06,0.0
2.2685437474737363e-07,0.0,-0.0007360362517590838,1.1939367897460855,-2.0881933835426025e-06,0.0
2.2695437474737363e-07,0.0,-0.0007140595715681604,1.1582752423533171,-2.0881933835426025e-06,0.0
2.2705437474737364e-07,0.0,-0.0006927247145724269,1.1236788652041714,-2.0881933835426025e-06,0.0
2.2715437474737365e-07,0.0,-0.0006720394970768601,1.0901158428964106,-2.0881933835426025e-06,0.0
2.2725437474737366e-07,0.0,-0.0006519616036731232,1.0575553102562083,-2.0881933835426025e-06,0.0
2.2735437474737366e-07,0.0,-0.0006324923457034009,1.0259673240702114,-2.0881933835426025e-06,0.0
2.2745437474737367e-07,0.0,-0.0006135970299521471,0.9953228354505685,-2.0881933835426025e-06,0.0
2.2755437474737368e-07,0.0,-0.000595272533507214,0.9655936632048285,-2.0881933835426025e-06,0.0
2.2765437474737369e-07,0.0,-0.0005774899037956607,0.936752467848904,-2.0881933835426025e-06,0.0
2.277543747473737e-07,0.0,-0.0005602430611969837,0.9087727265255788,-2.0881933835426025e-06,0.0
2.278543747473737e-07,0.0,-0.0005435074230866814,0.8816287085623636,-2.0881933835426025e-06,0.0
2.279543747473737e-07,0.0,-0.0005272750040264138,0.8552954518526348,-2.0881933835426025e-06,0.0
2.2805437474737372e-07,0.0,-0.0005115245897123373,0.8297487398630975,-2.0881933835426025e-06,0.0
2.2815437474737372e-07,0.0,-0.000496247033085453,0.8049650793952023,-2.0881933835426025e-06,0.0
2.2825437474737373e-07,0.0,-0.0004814237533527018,0.780921678953757,-2.0881933835426025e-06,0.0
2.2835437474737374e-07,0.0,-0.0004670449657548767,0.7575964278100763,-2.0881933835426025e-06,0.0
2.2845437474737375e-07,0.0,-0.00045309418127227857,0.7349678756493724,-2.0881933835426025e-06,0.0
2.2855437474737375e-07,0.0,-0.00043956134333042495,0.7130152128609647,-2.0881933835426025e-06,0.0
2.2865437474737376e-07,0.0,-0.00042643165281958047,0.6917182513875608,-2.0881933835426025e-06,0.0
2.2875437474737377e-07,0.0,-0.00041369503401804083,0.6710574061717111,-2.0881933835426025e-06,0.0
2.2885437474737378e-07,0.0,-0.0004013380773505638,0.6510136771350726,-2.0881933835426025e-06,0.0
2.2895437474737378e-07,0.0,-0.00038935085966283365,0.6315686317140703,-2.0881933835426025e-06,0.0
2.290543747473738e-07,0.0,-0.0003777211343196892,0.6127043879017999,-2.0881933835426025e-06,0.0
2.291543747473738e-07,0.0,-0.00036643924471171615,0.5944035978095218,-2.0881933835426025e-06,0.0
2.292543747473738e-07,0.0,-0.00035549393432263675,0.5766494317080582,-2.0881933835426025e-06,0.0
2.2935437474737381e-07,0.0,-0.0003448758860261105,0.5594255625552752,-2.0881933835426025e-06,0.0
2.2945437474737382e-07,0.0,-0.0003345746999209862,0.5427161509777156,-2.0881933835426025e-06,0.0
2.2955437474737383e-07,0.0,-0.0003245814422640827,0.526505830707602,-2.0881933835426025e-06,0.0
2.2965437474737384e-07,0.0,-0.00031488646513066354,0.5107796944490558,-2.0881933835426025e-06,0.0
2.2975437474737384e-07,0.0,-0.0003054812416413339,0.495523280171371,-2.0881933835426025e-06,0.0
2.2985437474737385e-07,0.0,-0.00029635679250908495,0.48072255780753675,-2.0881933835426025e-06,0.0
2.2995437474737386e-07,0.0,-0.00028750500696149124,0.4663639163535884,-2.0881933835426025e-06,0.0
2.3005437474737387e-07,0.0,-0.000278917506829038,0.45243415135029047,-2.0881933835426025e-06,0.0
2.3015437474737387e-07,0.0,-0.0002705865968793038,0.43892045274127145,-2.0881933835426025e-06,0.0
2.3025437474737388e-07,0.0,-0.0002625044443802751,0.4258103930916626,-2.0881933835426025e-06,0.0
2.303543747473739e-07,0.0,-0.0002546637624271116,0.41309191616046664,-2.0881933835426025e-06,0.0
2.304543747473739e-07,0.0,-0.0002470572169918162,0.40075332581270023,-2.0881933835426025e-06,0.0
2.305543747473739e-07,0.0,-0.00023967791789534753,0.3887832752640392,-2.0881933835426025e-06,0.0
2.306543747473739e-07,0.0,-0.0002325189899175291,0.3771707566455931,-2.0881933835426025e-06,0.0
2.3075437474737392e-07,0.0,-0.00022557392521583094,0.3659050908813197,-2.0881933835426025e-06,0.0
2.3085437474737393e-07,0.0,-0.00021883627277530528,0.35497591786698196,-2.0881933835426025e-06,0.0
2.3095437474737393e-07,0.0,-0.00021229989104681822,0.3443731869431345,-2.0881933835426025e-06,0.0
2.3105437474737394e-07,0.0,-0.00020595872277698253,0.3340871476520884,-2.0881933835426025e-06,0.0
2.3115437474737395e-07,0.0,-0.0001998069758087697,0.3241083407714503,-2.0881933835426025e-06,0.0
2.3125437474737396e-07,0.0,-0.0001938389595285773,0.31442758961505884,-2.0881933835426025e-06,0.0
2.3135437474737396e-07,0.0,-0.00018804921396513682,0.3050359915941095,-2.0881933835426025e-06,0.0
2.3145437474737397e-07,0.0,-0.00018243239072232196,0.2959249100300364,-2.0881933835426025e-06,0.0
2.3155437474737398e-07,0.0,-0.0001769833448841222,0.28708596621219046,-2.0881933835426025e-06,0.0
2.3165437474737399e-07,0.0,-0.00017169704808158348,0.2785110316925286,-2.0881933835426025e-06,0.0
2.31754374747374e-07,0.0,-0.00016656865365683062,0.2701922208106362,-2.0881933835426025e-06,0.0
2.31854374747374e-07,0.0,-0.00016159343295670377,0.2621218834418618,-2.0881933835426025e-06,0.0
2.31954374747374e-07,0.0,-0.00015676682128591606,0.25429259796219067,-2.0881933835426025e-06,0.0
2.3205437474737402e-07,0.0,-0.00015208437100406902,0.24669716442313588,-2.0881933835426025e-06,0.0
2.3215437474737402e-07,0.0,-0.00014754178369144497,0.23932859793058414,-2.0881933835426025e-06,0.0
2.3225437474737403e-07,0.0,-0.00014313487541545709,0.23218012222132633,-2.0881933835426025e-06,0.0
2.3235437474737404e-07,0.0,-0.0001388595990153148,0.22524516343151915,-2.0881933835426025e-06,0.0
2.3245437474737405e-07,0.0,-0.00013471201819426174,0.21851734405121698,-2.0881933835426025e-06,0.0
2.3255437474737405e-07,0.0,-0.0001306883227351942,0.21199047705952506,-2.0881933835426025e-06,0.0
2.3265437474737406e-07,0.0,-0.0001267848090057154,0.20565856023488643,-2.0881933835426025e-06,0.0
2.3275437474737407e-07,0.0,-0.00012299789012822397,0.1995157706353506,-2.0881933835426025e-06,0.0
2.3285437474737408e-07,0.0,-0.00011932408115564682,0.19355645924367923,-2.0881933835426025e-06,0.0
2.3295437474737408e-07,0.0,-0.00011576000565168244,0.1877751457724231,-2.0881933835426025e-06,0.0
2.330543747473741e-07,0.0,-0.00011230238427845058,0.1821665136241429,-2.0881933835426025e-06,0.0
2.331543747473741e-07,0.0,-0.0001089480388335385,0.17672540500218176,-2.0881933835426025e-06,0.0
2.332543747473741e-07,0.0,-0.00010569388333952844,0.17144681616745733,-2.0881933835426025e-06,0.0
2.3335437474737411e-07,0.0,-0.00010253692628965015,0.1663258928369418,-2.0881933835426025e-06,0.0
2.3345437474737412e-07,0.0,-9.94742635807938e-05,0.1613579257195724,-2.0881933835426025e-06,0.0
2.3355437474737413e-07,0.0,-9.650307950704772e-05,0.15653834618550927,-2.0881933835426025e-06,0.0
2.3365437474737414e-07,0.0,-9.362064105950289e-05,0.15186272206473936,-2.0881933835426025e-06,0.0
2.3375437474737414e-07,0.0,-9.082429805388033e-05,0.1473267535711783,-2.0881933835426025e-06,0.0
2.3385437474737415e-07,0.0,-8.811147845137735e-05,0.14292626934850874,-2.0881933835426025e-06,0.0
2.3395437474737416e-07,0.0,-8.547968789668532e-05,0.1386572226341302,-2.0881933835426025e-06,0.0
2.3405437474737417e-07,0.0,-8.292650580831392e-05,0.13451568753768295,-2.0881933835426025e-06,0.0
2.3415437474737417e-07,0.0,-8.044958452437418e-05,0.1304978554307322,-2.0881933835426025e-06,0.0
2.3425437474737418e-07,0.0,-7.804664597899877e-05,0.1266000314442849,-2.0881933835426025e-06,0.0
2.343543747473742e-07,0.0,-7.571548059613219e-05,0.12281863107092451,-2.0881933835426025e-06,0.0
2.344543747473742e-07,0.0,-7.345394441818281e-05,0.11915017686843403,-2.0881933835426025e-06,0.0
2.345543747473742e-07,0.0,-7.125995784697115e-05,0.11559129526187985,-2.0881933835426025e-06,0.0
2.346543747473742e-07,0.0,-6.913150312635926e-05,0.11213871344121223,-2.0881933835426025e-06,0.0
2.3475437474737422e-07,0.0,-6.706662300028936e-05,0.10878925635153237,-2.0881933835426025e-06,0.0
2.3485437474737423e-07,0.0,-6.506341847676244e-05,0.10553984377325563,-2.0881933835426025e-06,0.0
2.3495437474737423e-07,0.0,-6.312004745178456e-05,0.1023874874894879,-2.0881933835426025e-06,0.0
2.3505437474737424e-07,0.0,-6.12347227009263e-05,0.09932928853800839,-2.0881933835426025e-06,0.0
2.3515437474737425e-07,0.0,-5.9405710502710185e-05,0.0963624345453335,-2.0881933835426025e-06,0.0
2.3525437474737426e-07,0.0,-5.763132881760028e-05,0.09348419714040834,-2.0881933835426025e-06,0.0
2.3535437474737426e-07,0.0,-5.5909945933591815e-05,0.09069192944554913,-2.0881933835426025e-06,0.0
2.3545437474737427e-07,0.0,-5.423997880230232e-05,0.08798306364232775,-2.0881933835426025e-06,0.0
2.3555437474737428e-07,0.0,-5.2619891721862473e-05,0.08535510861016089,-2.0881933835426025e-06,0.0
2.356543747473743e-07,0.0,-5.104819480689704e-05,0.08280564763543181,-2.0881933835426025e-06,0.0
2.357543747473743e-07,0.0,-4.952344271840306e-05,0.08033233618903797,-2.0881933835426025e-06,0.0
2.358543747473743e-07,0.0,-4.8044233249655806e-05,0.07793289977032092,-2.0881933835426025e-06,0.0
2.359543747473743e-07,0.0,-4.6609206108856816e-05,0.07560513181539555,-2.0881933835426025e-06,0.0
2.3605437474737432e-07,0.0,-4.5217041606921844e-05,0.07334689166795515,-2.0881933835426025e-06,0.0
2.3615437474737432e-07,0.0,-4.386645949586473e-05,0.0711561026106863,-2.0881933835426025e-06,0.0
2.3625437474737433e-07,0.0,-4.2556217747369876e-05,0.0690307499554831,-2.0881933835426025e-06,0.0
2.3635437474737434e-07,0.0,-4.1285111447979665e-05,0.06696887919070457,-2.0881933835426025e-06,0.0
2.3645437474737435e-07,0.0,-4.0051971659319885e-05,0.0649685941837715,-2.0881933835426025e-06,0.0
2.3655437474737435e-07,0.0,-3.885566437006458e-05,0.06302805543744952,-2.0881933835426025e-06,0.0
2.3665437474737436e-07,0.0,-3.7695089430177684e-05,0.0611454783982152,-2.0881933835426025e-06,0.0
2.3675437474737437e-07,0.0,-3.656917955866021e-05,0.05931913181514926,-2.0881933835426025e-06,0.0
2.3685437474737438e-07,0.0,-3.547689934553267e-05,0.057547336147847745,-2.0881933835426025e-06,0.0
2.3695437474737438e-07,0.0,-3.441724431367408e-05,0.055828462021887244,-2.0881933835426025e-06,0.0
2.370543747473744e-07,0.0,-3.338923998319559e-05,0.054160928730423503,-2.0881933835426025e-06,0.0
2.371543747473744e-07,0.0,-3.2391940985378344e-05,0.05254320278054568,-2.0881933835426025e-06,0.0
2.372543747473744e-07,0.0,-3.1424430184742526e-05,0.050973796483049255,-2.0881933835426025e-06,0.0
2.3735437474737441e-07,0.0,-3.0485817842884426e-05,0.04945126658433098,-2.0881933835426025e-06,0.0
2.3745437474737442e-07,0.0,-2.9575240794109797e-05,0.04797421293914743,-2.0881933835426025e-06,0.0
2.3755437474737443e-07,0.0,-2.8691861656868388e-05,0.0465412772230169,-2.0881933835426025e-06,0.0
2.3765437474737444e-07,0.0,-2.783486805924673e-05,0.04515114168308035,-2.0881933835426025e-06,0.0
2.3775437474737444e-07,0.0,-2.7003471895676844e-05,0.043802527926272664,-2.0881933835426025e-06,0.0
2.3785437474737445e-07,0.0,-2.61969085989594e-05,0.04249419574368999,-2.0881933835426025e-06,0.0
2.3795437474737446e-07,0.0,-2.5414436439894754e-05,0.04122494197007182,-2.0881933835426025e-06,0.0
2.3805437474737447e-07,0.0,-2.46553358428486e-05,0.039993599377349066,-2.0881933835426025e-06,0.0
2.3815437474737447e-07,0.0,-2.3918908725991215e-05,0.03879903560124063,-2.0881933835426025e-06,0.0
2.3825437474737448e-07,0.0,-2.3204477857657148e-05,0.037640152099911305,-2.0881933835426025e-06,0.0
2.383543747473745e-07,0.0,-2.2511386234961333e-05,0.036515883143733475,-2.0881933835426025e-06,0.0
2.384543747473745e-07,0.0,-2.1838996478424478e-05,0.03542519483522335,-2.0881933835426025e-06,0.0
2.385543747473745e-07,0.0,-2.118669024682668e-05,0.03436708415825065,-2.0881933835426025e-06,0.0
2.386543747473745e-07,0.0,-2.0553867667714605e-05,0.03334057805564743,-2.0881933835426025e-06,0.0
2.387543747473745e-07,0.0,-1.9939946786478434e-05,0.03234473253436759,-2.0881933835426025e-06,0.0
2.3885437474737453e-07,0.0,-1.9344363030562876e-05,0.03137863179737428,-2.0881933835426025e-06,0.0
2.3895437474737454e-07,0.0,-1.876656869079298e-05,0.030441387401456823,-2.0881933835426025e-06,0.0
2.3905437474737454e-07,0.0,-1.820603241724596e-05,0.029532137440202777,-2.0881933835426025e-06,0.0
2.3915437474737455e-07,0.0,-1.7662238731003378e-05,0.028650045751373622,-2.0881933835426025e-06,0.0
2.3925437474737456e-07,0.0,-1.713468754975893e-05,0.027794301147955298,-2.0881933835426025e-06,0.0
2.3935437474737457e-07,0.0,-1.662289372824756e-05,0.026964116672176373,-2.0881933835426025e-06,0.0
2.3945437474737457e-07,0.0,-1.6126386611822384e-05,0.026158728871807833,-2.0881933835426025e-06,0.0
2.395543747473746e-07,0.0,-1.564470960386416e-05,0.02537739709807901,-2.0881933835426025e-06,0.0
2.396543747473746e-07,0.0,-1.5177419745689875e-05,0.024619402824563975,-2.0881933835426025e-06,0.0
2.397543747473746e-07,0.0,-1.4724087309377057e-05,0.023884048986411992,-2.0881933835426025e-06,0.0
2.398543747473746e-07,0.0,-1.4284295402417875e-05,0.023170659339314448,-2.0881933835426025e-06,0.0
2.399543747473746e-07,0.0,-1.3857639584477183e-05,0.022478577837618693,-2.0881933835426025e-06,0.0
2.4e-07,0.0,-1.3667245037368168e-05,0.02216973745965663,-2.0881924740479008e-06,0.0
2.4000000111252e-07,1.8356580316130638e-06,-1.366724042640166e-05,0.02216972998102818,-2.0980232022793643e-06,-0.007424999891182025
2.400000033375601e-07,5.506974182189464e-06,-1.3667231205589133e-05,0.022169715023776335,-2.0980232022793643e-06,-0.007425000248190619
2.400000077876402e-07,1.2849606395991992e-05,-1.3667212767506545e-05,0.022169685109302915,-2.0980232022793643e-06,-0.0074249997255857545
2.4000001668780053e-07,2.753487091094732e-05,-1.3667175878873951e-05,0.02216962528047718,-2.0905726216824405e-06,-0.00742500035864881
2.400000344881211e-07,5.690539985350771e-05,-1.3667102113892757e-05,0.02216950562331009,-2.0905726216824405e-06,-0.007424999725676801
2.4000007008876224e-07,0.00011564645773862848,-1.366695458289949e-05,0.02216926631091337,-2.0887099765332096e-06,-0.007425000447161012
2.4000014129004453e-07,0.00023312857350887004,-1.3666659523892677e-05,0.02216878769386978,-2.0887099765332096e-06,-0.0074249999027012105
2.400002836926091e-07,0.00046809280504935306,-1.3666069425345443e-05,0.02216783049078118,-2.0887099765332096e-06,-0.007425000801209836
2.4000056849773824e-07,0.0009380212681303193,-1.3664889304786714e-05,0.022165916208591544,-2.088244315245902e-06,-0.007425000610798871
2.400011381079965e-07,0.0018778781942922515,-1.3662529369245768e-05,0.022162088140108983,-2.088127899924075e-06,-0.0074250022174051356
2.4000227732851313e-07,0.0037575920467034663,-1.3657810720835467e-05,0.022154433986302523,-2.088244315245902e-06,-0.00742500344387953
2.400045557695463e-07,0.007517019751438547,-1.3648378312339475e-05,0.022139133607900277,-2.0881861075849883e-06,-0.007425007881841084
2.400091126516127e-07,0.015035875160996056,-1.3629533031243809e-05,0.022108564540567418,-2.0882006595002167e-06,-0.007425014773613459
2.400182264157455e-07,0.030073585980111076,-1.3591920478275769e-05,0.022047552945159674,-2.8464398837968474e-06,-0.007425030540962663
2.400364539440111e-07,0.06014900761834111,-1.3517006334153968e-05,0.021926034167770402,-4.899175650052712e-05,-0.00742506009185373
2.4007290900054223e-07,0.12029985089471384,-1.3368413347144823e-05,0.021685000404104707,-0.0003556896784004948,-0.007425121177416116
2.401458191136045e-07,0.2406015374474593,-1.3076101050675634e-05,0.02121083850451928,-0.0018267149267217064,-0.007425241364799717
2.402458191136045e-07,0.4056015374474717,-1.2685532637448566e-05,0.02057729464418008,-0.005704046645803373,-0.007425407776210591
2.403458191136045e-07,0.5706015374474841,-1.2306630062909573e-05,0.01996267402550754,-0.011732489476912633,-0.007425572865130903
2.404458191136045e-07,0.7356015374474966,-1.1939044881575868e-05,0.01936641143258277,-0.01991204341911157,-0.007425739276541776
2.404536809369879e-07,0.7485735460301034,-1.1910617998426186e-05,0.01932029997891024,-0.020646311589700872,-0.007425751646294998
2.404694045837547e-07,0.7745175631953171,-1.1853967044009608e-05,0.019228406054225038,-0.02215473492037745,-0.007425778369494651
2.4050085187728826e-07,0.8264055975256571,-1.1741471571030072e-05,0.01904592633028851,-0.02533112925948444,-0.007425829832172326
2.405049696575487e-07,0.8331999349553921,-1.1726820533898052e-05,0.019022160776514044,-0.025762804971151354,-0.007425837318663753
2.405132052180696e-07,0.8467886098148623,-1.1697573270219159e-05,0.01897471857764444,-0.026637098783879765,-0.0074258503078681315
2.405296763391114e-07,0.8739659595338025,-1.1639297302635318e-05,0.018880188707290472,-0.028429455821395777,-0.007425878270026942
2.4053265283327224e-07,0.8788771748992381,-1.162879729603491e-05,0.018863156570293884,-0.02875957831179221,-0.007425882542406725
2.4053860582159393e-07,0.888699605630022,-1.1607825686693525e-05,0.01882913837045361,-0.029425540750935397,-0.007425893070532652
2.405403937065875e-07,0.8916496158693739,-1.160153458846592e-05,0.018818933534323203,-0.029627040415874717,-0.007425895373160074
2.405439694765745e-07,0.8975496363479902,-1.1588962618025889e-05,0.01879854044972551,-0.030032102734963928,-0.007425901960573356
2.40545354869142e-07,0.8998355340843203,-1.1584095409863496e-05,0.018790645316034714,-0.030189778840082226,-0.007425903596413264
2.405464436013814e-07,0.9016319422793609,-1.1580271873375213e-05,0.0187844431296735,-0.030088508190573293,-0.007425906061101273
2.4054762889362293e-07,0.9035876744778656,-1.1576110661063113e-05,0.018777693196969925,-0.02995365627555202,-0.007425907365785633
2.4054830358821277e-07,0.9047009205511072,-1.1573742674745276e-05,0.018773852069165143,-0.02987726749879016,-0.007425909144458842
2.405493112700788e-07,0.9063635956300443,-1.157020689963685e-05,0.018768116662673508,-0.029763025908721374,-0.007425910153727955
2.405513266338109e-07,0.9096889457880057,-1.1563138589437592e-05,0.018756651105382608,-0.02953552513389468,-0.007425914155561486
2.4055535736127503e-07,0.9163396461038413,-1.1549014919372731e-05,0.018733740997521522,-0.02908292643107302,-0.007425920174952694
2.4056341881620337e-07,0.9296410467355998,-1.152081930118611e-05,0.018688004680468374,-0.02818821356004264,-0.0074259341984515
2.4057954172606e-07,0.9562438479990295,-1.1464634322348937e-05,0.018596866618141056,-0.02644072618215887,-0.00742596026051956
2.4061178754577324e-07,1.0094494505258889,-1.1353084377474518e-05,0.01841592064221286,-0.02311350462275641,-0.007426014369684708
2.4067627918519974e-07,1.1158606555796076,-1.1133224838790727e-05,0.01805928488736923,-0.017130074539522866,-0.007426120603014397
2.4077627918519975e-07,1.2808606555796198,-1.080068795012396e-05,0.017519874384570314,-0.00962143511290492,-0.0074262870148800175
2.4087627918519976e-07,1.4458606555796323,-1.0478083563839808e-05,0.01699657546605308,-0.004263906798314565,-0.007426452103345582
2.4097627918519976e-07,1.6108606555796448,-1.0165115007292855e-05,0.016488906896938493,-0.0010574895948138874,-0.007426618515211203
2.4107627918519977e-07,1.775860655579657,-9.861494469084743e-06,0.015996401816291427,-2.0881933835426025e-06,-0.007426783603705189
2.411762791851998e-07,1.9408606555796695,-9.56694273444874e-06,0.015518607307787154,-2.0881933835426025e-06,-0.007426950015513967
2.412762791851998e-07,2.105860655579682,-9.281188928421811e-06,0.015055083983201531,-2.0881933835426025e-06,-0.007427115103979531
2.413762791851998e-07,2.270860655579694,-9.003970266795212e-06,0.014605405578341857,-2.0881933835426025e-06,-0.007427281515873574
2.414762791851998e-07,2.435860655579707,-8.735031814407832e-06,0.014169158561046863,-2.0881933835426025e-06,-0.0074274466043391385
2.415762791851998e-07,2.6008606555797193,-8.474126250741671e-06,0.013745941750895243,-2.0881933835426025e-06,-0.007427613016147916
2.416762791851998e-07,2.7658606555797314,-8.221013642450376e-06,0.013335365950273103,-2.0881933835426025e-06,-0.007427778104670324
2.417762791851998e-07,2.930860655579744,-7.975461222738145e-06,0.012937053586460995,-2.0881933835426025e-06,-0.00742794451645068
2.4187627918519983e-07,3.0958606555797563,-7.73724317728029e-06,0.012550638364411417,-2.0881933835426025e-06,-0.007428109604973088
2.4197627918519984e-07,3.260860655579769,-7.5061404365825754e-06,0.012175764929897439,-2.0881933835426025e-06,-0.007428276016810287
2.4199999999999997e-07,3.299999999999986,-7.45234555466351e-06,0.012088503861150627,-2.088204297479024e-06,-0.007428314672495162
2.4200013488325915e-07,3.3000000000000003,-7.45204077424457e-06,0.01208800947470495,-2.088011484602248e-06,-3.315003766601876e-06
2.4200040464977756e-07,3.3000000000000003,-7.451431238469437e-06,0.012087020742251674,-2.088011484602248e-06,-3.3150028571071743e-06
2.420009441828144e-07,3.3000000000000003,-7.450212316455405e-06,0.012085043519953775,-2.088011484602248e-06,-3.315003766601876e-06
2.42002023248888e-07,3.3000000000000003,-7.4477750705074935e-06,0.012081090045594154,-2.088127899924075e-06,-3.3150028571071743e-06
2.4200418138103517e-07,3.3000000000000003,-7.442902970171324e-06,0.012073186976232882,-2.0881570037545316e-06,-3.315003766601876e-06
2.420084976453296e-07,3.3000000000000003,-7.433168327870904e-06,0.012057396342257654,-2.0881861075849883e-06,-3.315002913950593e-06
2.4201713017391843e-07,3.3000000000000003,-7.41373721441412e-06,0.0120258769919687,-2.08817155566976e-06,-3.315003766601876e-06
2.420343952310961e-07,3.3000000000000003,-7.375027173753566e-06,0.01196308515379557,-2.0882006595002167e-06,-3.315002913950593e-06
2.420689253454515e-07,3.3000000000000003,-7.298211874594846e-06,0.011838482499021176,-2.088191564553199e-06,-3.315003823445295e-06
2.421379855741622e-07,3.3000000000000003,-7.146969072363341e-06,0.011593150450826897,-2.0881924740479008e-06,-3.3150028571071743e-06
2.422379855741622e-07,3.3000000000000003,-6.933497154461475e-06,0.01124687610205256,-2.0881933835426025e-06,-3.315003823445295e-06
2.423379855741622e-07,3.3000000000000003,-6.726401402356618e-06,0.010910944578132239,-2.0881933835426025e-06,-3.315002913950593e-06
2.424379855741622e-07,3.3000000000000003,-6.525491367152685e-06,0.010585046950534718,-2.0881933835426025e-06,-3.315003823445295e-06
2.4253798557416223e-07,3.3000000000000003,-6.330582288453742e-06,0.010268883518076135,-2.0881933835426025e-06,-3.315002913950593e-06
2.4263798557416224e-07,3.3000000000000003,-6.14149492444531e-06,0.009962163531309493,-2.0881933835426025e-06,-3.315003823445295e-06
2.4273798557416225e-07,3.3000000000000003,-5.95805538706611e-06,0.009664604925146356,-2.0881933835426025e-06,-3.315002913950593e-06
2.4283798557416225e-07,3.3000000000000003,-5.780094982096001e-06,0.009375934059464838,-2.0881933835426025e-06,-3.315003823445295e-06
2.4293798557416226e-07,3.3000000000000003,-5.6074500540174425e-06,0.009095885467465351,-2.0881933835426025e-06,-3.315002913950593e-06
2.4303798557416227e-07,3.3000000000000003,-5.439961835523979e-06,0.008824201611542667,-2.0881933835426025e-06,-3.315003823445295e-06
2.431379855741623e-07,3.3000000000000003,-5.27747630150551e-06,0.008560632646449802,-2.0881933835426025e-06,-3.315002913950593e-06
2.432379855741623e-07,3.3000000000000003,-5.1198440274125705e-06,0.008304936189535947,-2.0881933835426025e-06,-3.315003823445295e-06
2.433379855741623e-07,3.3000000000000003,-4.966920051832948e-06,0.008056877097847125,-2.0881933835426025e-06,-3.315002913950593e-06
2.434379855741623e-07,3.3000000000000003,-4.818563743197047e-06,0.007816227251884602,-2.0881933835426025e-06,-3.315003823445295e-06
2.435379855741623e-07,3.3000000000000003,-4.674638670431223e-06,0.007582765345822175,-2.0881933835426025e-06,-3.315002913950593e-06
2.436379855741623e-07,3.3000000000000003,-4.535012477516175e-06,0.0073562766839894555,-2.0881933835426025e-06,-3.315003823445295e-06
2.437379855741623e-07,3.3000000000000003,-4.399556761745531e-06,0.007136552983433962,-2.0881933835426025e-06,-3.315002913950593e-06
2.4383798557416233e-07,3.3000000000000003,-4.268146955669586e-06,0.006923392182380452,-2.0881933835426025e-06,-3.315003823445295e-06
2.4393798557416234e-07,3.3000000000000003,-4.140662212516192e-06,0.006716598254411364,-2.0881933835426025e-06,-3.315002913950593e-06
2.4403798557416235e-07,3.3000000000000003,-4.016985295080995e-06,0.0065159810281974805,-2.0881933835426025e-06,-3.315003823445295e-06
2.4413798557416235e-07,3.3000000000000003,-3.897002467893333e-06,0.006321356012613035,-2.0881933835426025e-06,-3.315002913950593e-06
2.4423798557416236e-07,3.3000000000000003,-3.7806033926414037e-06,0.006132544227074431,-2.0881933835426025e-06,-3.315003823445295e-06
2.4433798557416237e-07,3.3000000000000003,-3.6676810266874427e-06,0.005949372036946548,-2.0881933835426025e-06,-3.315002913950593e-06
2.444379855741624e-07,3.3000000000000003,-3.5581315246423155e-06,0.005771670993865289,-2.0881933835426025e-06,-3.315003823445295e-06
2.444417739701283e-07,3.3000000000000003,-3.5540466238925957e-06,0.005765044843640164,-2.0881861075849883e-06,-3.3150028571071743e-06
2.4444935076206016e-07,3.3000000000000003,-3.545890876318858e-06,0.005751815351495331,-2.088178831627374e-06,-3.315003823445295e-06
2.4446450434592385e-07,3.3000000000000003,-3.529635471887437e-06,0.005725447339027388,-2.088204297479024e-06,-3.3150028571071743e-06
2.4449481151365123e-07,3.3000000000000003,-3.4973477062923217e-06,0.005673073120939178,-2.0881933835426025e-06,-3.315003766601876e-06
2.4449633031605475e-07,3.3000000000000003,-3.4957374545043734e-06,0.005670461119699202,-2.0881861075849883e-06,-3.315002913950593e-06
2.4449936792086185e-07,3.3000000000000003,-3.4925191745432174e-06,0.005665240724248491,-2.0881570037545316e-06,-3.315003823445295e-06
2.44505443130476e-07,3.3000000000000003,-3.4860914989427534e-06,0.0056548143448679955,-2.0881933835426025e-06,-3.3150028571071743e-06
2.445175935497043e-07,3.3000000000000003,-3.4732716037325055e-06,0.005634019099696909,-2.088175193648567e-06,-3.315003823445295e-06
2.445182035006733e-07,3.3000000000000003,-3.4726292899713277e-06,0.005632977197883503,-2.088011484602248e-06,-3.3150028571071743e-06
2.445194234026113e-07,3.3000000000000003,-3.471345018769747e-06,0.005630893972241429,-2.0881861075849883e-06,-3.315003823445295e-06
2.4452186320648737e-07,3.3000000000000003,-3.4687779009849346e-06,0.005626729831827667,-2.0881570037545316e-06,-3.3150028571071743e-06
2.445267428142394e-07,3.3000000000000003,-3.4636493585812864e-06,0.005618410785940213,-2.0881861075849883e-06,-3.315003823445295e-06
2.445269877696587e-07,3.3000000000000003,-3.4633921067233646e-06,0.005617993495797939,-2.088244315245902e-06,-3.3150028571071743e-06
2.445274776804974e-07,3.3000000000000003,-3.4628776602596213e-06,0.005617159008488757,-2.088127899924075e-06,-3.315003766601876e-06
2.4452845750217475e-07,3.3000000000000003,-3.461848996597314e-06,0.005615490405702802,-2.0881861075849883e-06,-3.315002913950593e-06
2.4453041714552943e-07,3.3000000000000003,-3.45979258586944e-06,0.0056121546869083395,-2.0881861075849883e-06,-3.315003823445295e-06
2.4453051551913e-07,3.3000000000000003,-3.4596893867890988e-06,0.005611987286915337,-2.088244315245902e-06,-3.315002913950593e-06
2.445307122663312e-07,3.3000000000000003,-3.4594829978254155e-06,0.0056116525019087845,-2.088011484602248e-06,-3.315003766601876e-06
2.4453110576073354e-07,3.3000000000000003,-3.4590702568816047e-06,0.005610982991809037,-2.088011484602248e-06,-3.315002913950593e-06
2.4453189274953825e-07,3.3000000000000003,-3.4582449226962656e-06,0.0056096442112272115,-2.0881861075849883e-06,-3.315003823445295e-06
2.445319322561548e-07,3.3000000000000003,-3.458203496344955e-06,0.005609577013239879,-2.0887099765332096e-06,-3.315002913950593e-06
2.445320112693879e-07,3.3000000000000003,-3.458120645199916e-06,0.005609442619680097,-2.087778653958594e-06,-3.315003766601876e-06
2.445320152358286e-07,3.3000000000000003,-3.4581164854641804e-06,0.0056094358732483845,-2.0831220410855167e-06,-3.3150039371321327e-06
2.445320231687101e-07,3.3000000000000003,-3.4581081679831254e-06,0.005609422380409299,-2.0831220410855167e-06,-3.3150039371321327e-06
2.4453203903447294e-07,3.3000000000000003,-3.458091532103614e-06,0.005609395394828496,-2.0868473313839786e-06,-3.315003027637431e-06
2.4453207076599865e-07,3.3000000000000003,-3.4580582597826524e-06,0.005609341424056356,-2.0868473313839786e-06,-3.3150039371321327e-06
2.4453213422905014e-07,3.3000000000000003,-3.4579917166665978e-06,0.005609233484069907,-2.087778653958594e-06,-3.315002913950593e-06
2.4453213741487637e-07,3.3000000000000003,-3.4579883763015835e-06,0.005609228065569598,-2.0980232022793643e-06,-3.3150048466268345e-06
2.445321437865288e-07,3.3000000000000003,-3.4579816951228477e-06,0.005609217228584683,-2.0905726216824405e-06,-3.315003027637431e-06
2.4453214410638387e-07,3.3000000000000003,-3.4579813538169533e-06,0.005609216684571847,-2.0384185575039737e-06,-3.315003027637431e-06
2.4453214474609396e-07,3.3000000000000003,-3.457980696066577e-06,0.005609215596546335,-2.0384185575039737e-06,-3.315010303595045e-06
2.445321460255141e-07,3.3000000000000003,-3.4579793450492585e-06,0.005609213420495937,-2.0980232022793643e-06,-3.315006665616238e-06
2.4453214616824423e-07,3.3000000000000003,-3.457979219697938e-06,0.005609213177739158,-2.2768371366055362e-06,-3.3150175795526593e-06
2.445321464537045e-07,3.3000000000000003,-3.4579789263756415e-06,0.005609212692225632,-2.0384185575039737e-06,-3.315003027637431e-06
2.4453214652111514e-07,3.3000000000000003,-3.457978691183913e-06,0.0056092125775729475,-8.463256619961612e-07,-3.314959371891746e-06
2.44532146568211e-07,3.3000000000000003,-3.4579788291020225e-06,0.005609212497471826,-8.463256619961612e-07,-3.3150175795526593e-06
2.4453214659901935e-07,3.3000000000000003,-3.4579788449757355e-06,0.005609212445072699,-1.7999999784024112e-06,-3.3151339948744862e-06
2.445321466242093e-07,3.3000000000000003,0.45312383509228427,0.0056092141316635875,-0.013561394895784668,-3.3151339948744862e-06
2.445321466505697e-07,3.3000000000000003,0.45313260263746974,0.0056092177064475165,-0.013563567827924224,-3.3151339948744862e-06
2.4453214666812454e-07,3.3000000000000003,0.45313844138753934,0.005609220087128556,-0.01356374469341834,-3.3151339948744862e-06
2.4453214669289093e-07,3.3000000000000003,0.4531466786628534,0.00560922344585061,-0.013563994214294748,-3.3151339948744862e-06
2.445321467424237e-07,3.3000000000000003,0.4531631530633471,0.005609230163480103,-0.013564493251456772,-3.3151339948744862e-06
2.4453214684148926e-07,3.3000000000000003,0.4531961012597604,0.00560924359948062,-0.013565968144617389,-3.3150175795526593e-06
2.445321470396203e-07,3.3000000000000003,0.45326199523738964,0.005609270474447666,-0.01356772576472796,-3.3150175795526593e-06
2.4453214743588245e-07,3.3000000000000003,0.45339377352821986,0.005609324236245101,-0.013571717548907737,-3.315003027637431e-06
2.4453214822840677e-07,3.3000000000000003,0.45365729146038725,0.0056094318072875465,-0.013579759549221467,-3.315010303595045e-06
2.445321498134554e-07,3.3000000000000003,0.45418417276250667,0.005609647139116287,-0.013595689848641603,-3.315006665616238e-06
2.4453215298355264e-07,3.3000000000000003,0.4552373174212725,0.005610078561377647,-0.013627621105221512,-3.3150048466268345e-06
2.445321593237471e-07,3.3000000000000003,0.45734113737211557,0.00561094443734649,-0.013691334188932694,-3.315003027637431e-06
2.44532172004136e-07,3.3000000000000003,0.461538919089925,0.005612688291355022,-0.013818494774555266,-3.3150039371321327e-06
2.445321973649138e-07,3.3000000000000003,0.4698952035318765,0.005616224218612001,-0.014071618584849807,-3.315003027637431e-06
2.445322480864695e-07,3.3000000000000003,0.48645187775252763,0.005623487448318333,-0.014573131512963546,-3.315003823445295e-06
2.4453234952958086e-07,3.3000000000000003,0.5189512821730552,0.005638767561425033,-0.015557532346972025,-3.3150028571071743e-06
2.445324934367947e-07,3.3000000000000003,0.5636837682577828,0.0056621270634600405,-0.01691239909716393,-3.315003823445295e-06
2.44532660614781e-07,3.3000000000000003,0.6136957035997537,0.005691662491576447,-0.01842706682269948,-3.315002913950593e-06
2.4453285211611716e-07,3.3000000000000003,0.668507524491457,0.005728534711027393,-0.020086968331214244,-3.315003823445295e-06
2.445330612314016e-07,3.3000000000000003,0.7254770161385578,0.005772337508841593,-0.021812046174963604,-3.315002913950593e-06
2.4453329247367566e-07,3.3000000000000003,0.7851470227517013,0.005824858474908118,-0.023618696319187314,-3.315003766601876e-06
2.445335404550453e-07,3.3000000000000003,0.8454655070424091,0.005885685373668399,-0.025444746488522532,-3.315002913950593e-06
2.445338091567378e-07,3.3000000000000003,0.9067914440759105,0.005956541795171491,-0.027301022145670373,-3.315003766601876e-06
2.445340942699499e-07,3.3000000000000003,0.9675680652494165,0.006036994089827094,-0.029140361000019706,-3.315002913950593e-06
2.445343994991495e-07,3.3000000000000003,1.0280659718012581,0.006128723248564675,-0.030970911722014303,-3.315003766601876e-06
2.4453472150421024e-07,3.3000000000000003,1.0871388493594316,0.006231318197204597,-0.03275794905584616,-3.315002913950593e-06
2.4453506369132863e-07,3.3000000000000003,1.144978603688635,0.006346393637839972,-0.03450723958922463,-3.315003823445295e-06
2.445354235264912e-07,3.3000000000000003,1.2007574934340548,0.006473585342474229,-0.03619371022749331,-3.315002913950593e-06
2.445358041727925e-07,3.3000000000000003,1.2546138090054502,0.0066144408115527764,-0.03782150541552094,-3.315003766601876e-06
2.4453620380955013e-07,3.3000000000000003,1.3059696692414111,0.006768676401434978,-0.03937312103820214,-3.315002913950593e-06
2.445366254464427e-07,3.3000000000000003,1.3549342299263485,0.006937790961929831,-0.040851820001802916,-3.315003766601876e-06
2.4453706792364395e-07,3.3000000000000003,1.4011245587318706,0.007121620084702136,-0.042246002546198536,-3.315002913950593e-06
2.4453753420556435e-07,3.3000000000000003,1.444639498307843,0.0073216494322836355,-0.04355861898195633,-3.315003823445295e-06
2.445380237804772e-07,3.3000000000000003,1.4852472427254997,0.007537880370592642,-0.04478264484674159,-3.3150028571071743e-06
2.4453853969679835e-07,3.3000000000000003,1.5230491484429507,0.007771839563425515,-0.045921105270630806,-3.315003823445295e-06
2.445390821232678e-07,3.3000000000000003,1.55792958718162,0.008023754180076077,-0.04697048948332912,-3.3150028571071743e-06
2.4453965435315393e-07,3.3000000000000003,1.5899999934956126,0.008295269506196596,-0.047934124194552605,-3.315003766601876e-06
2.4454025732591003e-07,3.3000000000000003,1.6192330218510091,0.008586921108510183,-0.04881116484437963,-3.3150028571071743e-06
2.445408947925841e-07,3.3000000000000003,1.6457535994493604,0.008900583602586934,-0.04960534042395941,-3.315003766601876e-06
2.445415686362072e-07,3.3000000000000003,1.6696003593589803,0.009237221190385872,-0.050317792219859124,-3.315002913950593e-06
2.445422833670428e-07,3.3000000000000003,1.6909121001146945,0.009599099823520772,-0.050952657838363856,-3.315003823445295e-06
2.4454304211324536e-07,3.3000000000000003,1.7097755497354374,0.00998779639280919,-0.051512517703398035,-3.315002913950593e-06
2.445438505999785e-07,3.3000000000000003,1.7263416829360492,0.010406215621300103,-0.05200185899356514,-3.315003823445295e-06
2.4454471371802807e-07,3.3000000000000003,1.7407309256169092,0.010856842957344442,-0.052424255607786775,-3.315002913950593e-06
2.44545639141849e-07,3.3000000000000003,1.75310341582451,0.011343620637372655,-0.05278444120362106,-3.315003766601876e-06
2.4454663443103487e-07,3.3000000000000003,1.763601608880047,0.011870443936372422,-0.0530866143635298,-3.315002913950593e-06
2.4454771047336643e-07,3.3000000000000003,1.772391010824478,0.012442976583841775,-0.05333561919223579,-3.315003766601876e-06
2.445488791558029e-07,3.3000000000000003,1.779626518865761,0.013067426120418201,-0.053535961533941606,-3.315002913950593e-06
2.4455015691940475e-07,3.3000000000000003,1.7854747339897925,0.01375243932800359,-0.05369242810453422,-3.315003766601876e-06
2.445515632200805e-07,3.3000000000000003,1.7900948726431927,0.014508285218619249,-0.0538095324471678,-3.3150028571071743e-06
2.4455312477494256e-07,3.3000000000000003,1.7936499246759097,0.015349132206080085,-0.05389178463997177,-3.315003823445295e-06
2.445548755384668e-07,3.3000000000000003,1.7962960743009335,0.016293033502966323,-0.05394337056873905,-3.3150028571071743e-06
2.445568631332668e-07,3.3000000000000003,1.7981872639820655,0.017365378519204777,-0.05396818590553824,-3.315003823445295e-06
2.445591527404844e-07,3.3000000000000003,1.7994691214637246,0.018600965068724155,-0.053969589336840526,-3.3150028571071743e-06
2.4456184054860436e-07,3.3000000000000003,1.8002795648215277,0.020051199030572796,-0.053950202582318287,-3.315003766601876e-06
2.445650711465725e-07,3.3000000000000003,1.8007445515681204,0.021793362400065353,-0.053911500739951636,-3.3150028571071743e-06
2.445690780999839e-07,3.3000000000000003,1.800975877010041,0.023952245042525237,-0.053853090132510294,-3.315003823445295e-06
2.445742611062338e-07,3.3000000000000003,1.8010669786745868,0.026741133911219763,-0.053771339096226785,-3.315002913950593e-06
2.4458137938733034e-07,3.3000000000000003,1.8010890947334246,0.030564352535954686,-0.05365615417751617,-3.315003823445295e-06
2.445920674939554e-07,3.3000000000000003,1.8010874958483754,0.03628948988238163,-0.05348261672162307,-3.3150028571071743e-06
2.4461061535887746e-07,3.3000000000000003,1.8010810734975322,0.04618083648499885,-0.053182684348151966,-3.315003766601876e-06
2.4464771108872164e-07,3.3000000000000003,1.8010691302751,0.06579757435475588,-0.052587875807372474,-3.315002913950593e-06
2.4472190254841e-07,3.3000000000000003,1.8010452417557479,0.10437646269049877,-0.051418094666606684,-3.315003823445295e-06
2.4482190254841e-07,3.3000000000000003,1.8010141066784515,0.15502282721368088,-0.0498824128294399,-3.315002913950593e-06
2.4492190254841e-07,3.3000000000000003,1.8009837431069116,0.2041564420697705,-0.048392595270966315,-3.315003823445295e-06
2.4502190254841e-07,3.3000000000000003,1.8009544211620234,0.25182249102692567,-0.04694728097188546,-3.315002913950593e-06
2.4512190254841003e-07,3.3000000000000003,1.800925860529077,0.29806480893195925,-0.045545133108840556,-3.315003823445295e-06
2.4522190254841004e-07,3.3000000000000003,1.800898250301208,0.3429259207672783,-0.04418486877628521,-3.315002913950593e-06
2.4532190254841005e-07,3.3000000000000003,1.8008713820241582,0.38644708182385756,-0.04286523149688269,-3.315003823445295e-06
2.4542190254841005e-07,3.3000000000000003,1.8008453866010312,0.42866831473396916,-0.04158501243048606,-3.315002913950593e-06
2.4552190254841006e-07,3.3000000000000003,1.8008201078494983,0.46962844704714224,-0.040343030251731346,-3.315003823445295e-06
2.4562190254841007e-07,3.3000000000000003,1.800795634963382,0.5093651462817483,-0.039138146223600186,-3.315002913950593e-06
2.457219025484101e-07,3.3000000000000003,1.8007718498577143,0.5479149551214141,-0.03796924941359284,-3.315003823445295e-06
2.458219025484101e-07,3.3000000000000003,1.8007488119057202,0.5853133245470947,-0.036835267348807134,-3.315002913950593e-06
2.459219025484101e-07,3.3000000000000003,1.8007264308583948,0.6215946468406758,-0.03573515510397437,-3.315003823445295e-06
2.460219025484101e-07,3.3000000000000003,1.8007047448401217,0.6567922868707828,-0.03466790277779195,-3.315002913950593e-06
2.461219025484101e-07,3.3000000000000003,1.800683684005144,0.6909386130663605,-0.0336325273921688,-3.315003823445295e-06
2.462219025484101e-07,3.3000000000000003,1.8006632714051365,0.7240650269361749,-0.032628078084791894,-3.315002913950593e-06
2.463219025484101e-07,3.3000000000000003,1.8006434522098689,0.756201992156215,-0.03165363005238759,-3.315003823445295e-06
2.4642190254841013e-07,3.3000000000000003,1.8006242388444658,0.7873790624060946,-0.030708288105438374,-3.315002913950593e-06
2.4652190254841014e-07,3.3000000000000003,1.800605587585158,0.8176249086988923,-0.029791182100359654,-3.315003823445295e-06
2.4662190254841014e-07,3.3000000000000003,1.8005875034276206,0.8469673456185192,-0.028901469322361414,-3.315002913950593e-06
2.4672190254841015e-07,3.3000000000000003,1.8005699509148625,0.8754333570081527,-0.028038331004736416,-3.315003823445295e-06
2.4682190254841016e-07,3.3000000000000003,1.8005529299085916,0.9030491206918416,-0.02720097387589841,-3.315002913950593e-06
2.4692190254841017e-07,3.3000000000000003,1.8005364111525035,0.9298400326273254,-0.02638862747478655,-3.315003823445295e-06
2.4702190254841017e-07,3.3000000000000003,1.8005203910192005,0.9558307301932518,-0.025600545104244303,-3.315002913950593e-06
2.471219025484102e-07,3.3000000000000003,1.8005048449467889,0.9810451149033936,-0.02483600173165115,-3.315003823445295e-06
2.472219025484102e-07,3.3000000000000003,1.800489766994317,1.0055063743382346,-0.024094294523018235,-3.315002913950593e-06
2.473219025484102e-07,3.3000000000000003,1.800475136193315,1.029237003510043,-0.023374741175878,-3.315003823445295e-06
2.474219025484102e-07,3.3000000000000003,1.8004609451264837,1.0522588255145164,-0.022676680159526185,-3.315002913950593e-06
2.475219025484102e-07,3.3000000000000003,1.8004471756113882,1.0745930116295739,-0.021999469369085357,-3.315003823445295e-06
2.476219025484102e-07,3.3000000000000003,1.8004338193478266,1.0962601007594255,-0.021342486161989284,-3.315002913950593e-06
2.477219025484102e-07,3.3000000000000003,1.800420860344847,1.1172800183441096,-0.0207051262524344,-3.315003823445295e-06
2.4782190254841023e-07,3.3000000000000003,1.8004082898373321,1.137672094664915,-0.02008680360870266,-3.315002913950593e-06
2.4792190254841024e-07,3.3000000000000003,1.8003960935857113,1.1574550826364556,-0.019486949529137865,-3.315003823445295e-06
2.4802190254841025e-07,3.3000000000000003,1.8003842626517959,1.1766471750389125,-0.01890501244650777,-3.315002913950593e-06
2.4812190254841026e-07,3.3000000000000003,1.800372784219511,1.1952660212597108,-0.01834045714251164,-3.315003823445295e-06
2.4822190254841026e-07,3.3000000000000003,1.8003616493788899,1.2133287435146212,-0.017792764492118265,-3.315002913950593e-06
2.4832190254841027e-07,3.3000000000000003,1.8003508464911375,1.230851952601797,-0.017261430785105426,-3.315003823445295e-06
2.484219025484103e-07,3.3000000000000003,1.8003403668109383,1.247851763170431,-0.016745967433751993,-3.315002913950593e-06
2.485219025484103e-07,3.3000000000000003,1.8003301996901155,1.2643438085459562,-0.016245900378240984,-3.315003823445295e-06
2.486219025484103e-07,3.3000000000000003,1.8003203366380958,1.2803432551017218,-0.015760769774202616,-3.315002913950593e-06
2.487219025484103e-07,3.3000000000000003,1.8003107678542118,1.2958648162105109,-0.01529012946485585,-3.315003823445295e-06
2.488219025484103e-07,3.3000000000000003,1.8003014851597396,1.3109227657715998,-0.014833546659950077,-3.315002913950593e-06
2.489219025484103e-07,3.3000000000000003,1.8002924794903603,1.3255309513403595,-0.014390601461909888,-3.315003823445295e-06
2.490219025484103e-07,3.3000000000000003,1.8002837430129468,1.3397028068600996,-0.013960886544168752,-3.315002913950593e-06
2.4912190254841033e-07,3.3000000000000003,1.800275267311915,1.353451365018379,-0.013544006721774512,-3.315003823445295e-06
2.4922190254841034e-07,3.3000000000000003,1.8002670449170375,1.3667892692302033,-0.013139578634561146,-3.315002913950593e-06
2.4932190254841035e-07,3.3000000000000003,1.8002590679912924,1.37972878526674,-0.01274723035499992,-3.315003823445295e-06
2.4942190254841035e-07,3.3000000000000003,1.8002513294331999,1.3922818125337701,-0.012366601079833393,-3.315002913950593e-06
2.4952190254841036e-07,3.3000000000000003,1.800243821927131,1.4044598950157523,-0.011997340769657663,-3.315003823445295e-06
2.4962190254841037e-07,3.3000000000000003,1.8002365387383077,1.4162742318908856,-0.011639109851345484,-3.315002913950593e-06
2.497219025484104e-07,3.3000000000000003,1.8002294730251067,1.4277356878309106,-0.011291578885091094,-3.315003823445295e-06
2.498219025484104e-07,3.3000000000000003,1.8002226184120738,1.4388548029917372,-0.010954428279028624,-3.315002913950593e-06
2.499219025484104e-07,3.3000000000000003,1.8002159684916264,1.4496418027069649,-0.010627347980388538,-3.315003823445295e-06
2.500219025484104e-07,3.3000000000000003,1.8002095172367516,1.4601066068907629,-0.010310037203068403,-3.315002913950593e-06
2.501219025484104e-07,3.3000000000000003,1.8002032586396441,1.4702588391608356,-0.010002204140228564,-3.315003823445295e-06
2.502219025484104e-07,3.3000000000000003,1.800197187008641,1.480107835688099,-0.009703565705118553,-3.315002913950593e-06
2.503219025484104e-07,3.3000000000000003,1.8001912967058864,1.4896626537827014,-0.009413847262944686,-3.315003823445295e-06
2.5042190254841043e-07,3.3000000000000003,1.8001855823606925,1.4989320802230177,-0.009132782384942157,-3.315002913950593e-06
2.5052190254841044e-07,3.3000000000000003,1.8001800386788276,1.5079246393363532,-0.008860112597725754,-3.315003823445295e-06
2.5062190254841044e-07,3.3000000000000003,1.8001746605955633,1.516648600837871,-0.00859558715038455,-3.315002913950593e-06
2.5072190254841045e-07,3.3000000000000003,1.8001694431367805,1.5251119874357308,-0.008338962779814277,-3.315003823445295e-06
2.5082190254841046e-07,3.3000000000000003,1.800164381528502,1.533322582208773,-0.008090003490470222,-3.315002913950593e-06
2.5092190254841047e-07,3.3000000000000003,1.800159471095507,1.5412879357640934,-0.007848480334398708,-3.315003823445295e-06
2.510219025484105e-07,3.3000000000000003,1.8001547073394812,1.549015373180613,-0.0076141712031941935,-3.315002913950593e-06
2.511219025484105e-07,3.3000000000000003,1.8001500858647956,1.5565120007454354,-0.007386860621617916,-3.315003823445295e-06
2.512219025484105e-07,3.3000000000000003,1.800145602434037,1.5637847124888384,-0.007166339551250807,-3.315002913950593e-06
2.513219025484105e-07,3.3000000000000003,1.800141252913474,1.5708401965242094,-0.006952405196721452,-3.315003823445295e-06
2.514219025484105e-07,3.3000000000000003,1.8001370333122977,1.5776849411984983,-0.006744860820518067,-3.315002913950593e-06
2.515219025484105e-07,3.3000000000000003,1.8001329397423644,1.5843252410590611,-0.006543515560954917,-3.315003823445295e-06
2.516219025484105e-07,3.3000000000000003,1.8001289684457225,1.5907672026421957,-0.006348184257596446,-3.315002913950593e-06
2.517219025484105e-07,3.3000000000000003,1.8001251157647151,1.5970167500888537,-0.006158687280178144,-3.315003823445295e-06
2.5182190254841053e-07,3.3000000000000003,1.8001213781610943,1.6030796305925574,-0.005974850364097356,-3.315002913950593e-06
2.5192190254841054e-07,3.3000000000000003,1.8001177521936609,1.608961419684642,-0.005796504449576893,-3.315003823445295e-06
2.5202190254841055e-07,3.3000000000000003,1.80011423453134,1.6146675263615935,-0.005623485526687343,-3.315002913950593e-06
2.5212190254841056e-07,3.3000000000000003,1.8001108219363133,1.6202031980592726,-0.005455634484101847,-3.315003823445295e-06
2.5222190254841056e-07,3.3000000000000003,1.8001075112727758,1.625573525478535,-0.005292796963130572,-3.315002913950593e-06
2.5232190254841057e-07,3.3000000000000003,1.8001042994940775,1.630783447266741,-0.00513482321546714,-3.315003823445295e-06
2.524219025484106e-07,3.3000000000000003,1.8001011836484002,1.6358377545594127,-0.004981567965734674,-3.315002913950593e-06
2.525219025484106e-07,3.3000000000000003,1.8000981608688362,1.6407410953862551,-0.004832890277669271,-3.315003823445295e-06
2.526219025484106e-07,3.3000000000000003,1.8000952283768776,1.6454979789455573,-0.00468865342469855,-3.315002913950593e-06
2.527219025484106e-07,3.3000000000000003,1.8000923834746536,1.6501127797509372,-0.004548724764047482,-3.315003823445295e-06
2.528219025484106e-07,3.3000000000000003,1.8000896235468773,1.6545897416542161,-0.00441297561489193,-3.315002913950593e-06
2.529219025484106e-07,3.3000000000000003,1.8000869460546758,1.658932981748144,-0.004281281139907487,-3.315003823445295e-06
2.530219025484106e-07,3.3000000000000003,1.8000843485364557,1.6631464941525451,-0.004153520230563874,-3.315002913950593e-06
2.5312190254841063e-07,3.3000000000000003,1.8000818286029194,1.6672341536873858,-0.004029575395668885,-3.315003823445295e-06
2.5322190254841064e-07,3.3000000000000003,1.8000793839371805,1.6711997194361223,-0.003909332653391627,-3.315002913950593e-06
2.5332190254841065e-07,3.3000000000000003,1.800077012290666,1.6750468382026238,-0.0037926814263831063,-3.315003823445295e-06
2.5342190254841065e-07,3.3000000000000003,1.8000747114826732,1.6787790478648346,-0.0036795144401623237,-3.315002913950593e-06
2.5352190254841066e-07,3.3000000000000003,1.800072479397222,1.6823997806282711,-0.0035697276243275965,-3.315003823445295e-06
2.5362190254841067e-07,3.3000000000000003,1.8000703139816046,1.6859123661823354,-0.0034632200170203143,-3.315002913950593e-06
2.537219025484107e-07,3.3000000000000003,1.8000682132445505,1.6893200347623578,-0.003359893671977839,-3.315003823445295e-06
2.538219025484107e-07,3.3000000000000003,1.8000661752541138,1.692625920120178,-0.003259653568477517,-3.315002913950593e-06
2.539219025484107e-07,3.3000000000000003,1.8000641981361833,1.6958330624059985,-0.0031624075239624996,-3.315003823445295e-06
2.540219025484107e-07,3.3000000000000003,1.8000622800725152,1.6989444109641587,-0.0030680661092617667,-3.315002913950593e-06
2.541219025484107e-07,3.3000000000000003,1.8000604192992682,1.701962827045405,-0.0029765425663557093,-3.315003823445295e-06
2.542219025484107e-07,3.3000000000000003,1.800058614105205,1.704891086438147,-0.0028877527285867443,-3.315002913950593e-06
2.543219025484107e-07,3.3000000000000003,1.8000568628302702,1.7077318820211203,-0.002801614943262484,-3.315003823445295e-06
2.5442190254841073e-07,3.3000000000000003,1.8000551638639324,1.7104878262398064,-0.002718049996562798,-3.315002913950593e-06
2.5452190254841074e-07,3.3000000000000003,1.8000535156438158,1.7131614535088833,-0.0026369810406966076,-3.315003823445295e-06
2.5462190254841074e-07,3.3000000000000003,1.8000519166541689,1.7157552225429165,-0.0025583335232285125,-3.315002913950593e-06
2.5472190254841075e-07,3.3000000000000003,1.8000503654245494,1.7182715186174375,-0.002482035118521514,-3.315003823445295e-06
2.5482190254841076e-07,3.3000000000000003,1.8000488605284048,1.7207126557624841,-0.002408015661222928,-3.315002913950593e-06
2.5492190254841077e-07,3.3000000000000003,1.8000474005818183,1.723080878890623,-0.002336207081741025,-3.315003823445295e-06
2.550219025484108e-07,3.3000000000000003,1.8000459842421876,1.7253783658614108,-0.0022665433436453238,-3.315002913950593e-06
2.551219025484108e-07,3.3000000000000003,1.8000446102070298,1.727607229484193,-0.002198960382939759,-3.315003823445295e-06
2.552219025484108e-07,3.3000000000000003,1.8000432772127517,1.7297695194610796,-0.0021333960491472367,-3.315002913950593e-06
2.553219025484108e-07,3.3000000000000003,1.8000419840335136,1.7318672242718878,-0.002069790048155692,-3.315003823445295e-06
2.554219025484108e-07,3.3000000000000003,1.8000407294800804,1.7339022730027809,-0.002008083886770026,-3.315002913950593e-06
2.555219025484108e-07,3.3000000000000003,1.8000395123987478,1.7358765371202924,-0.0019482208189213037,-3.315003823445295e-06
2.556219025484108e-07,3.3000000000000003,1.8000383316702615,1.7377918321923587,-0.0018901457934814038,-3.315002913950593e-06
2.5572190254841083e-07,3.3000000000000003,1.8000371862088067,1.7396499195579462,-0.0018338054036376758,-3.315003823445295e-06
2.5582190254841083e-07,3.3000000000000003,1.8000360749610416,1.7414525079468117,-0.0017791478377544739,-3.315002913950593e-06
2.5592190254841084e-07,3.3000000000000003,1.800034996904863,1.743201255050876,-0.001726122831820575,-3.315003823445295e-06
2.5602190254841085e-07,3.3000000000000003,1.8000339510491667,1.744897769048672,-0.0016746816230931228,-3.315002913950593e-06
2.5612190254841086e-07,3.3000000000000003,1.8000329364318668,1.74654361008425,-0.0016247769053246467,-3.315003823445295e-06
2.5622190254841086e-07,3.3000000000000003,1.8000319521201582,1.7481402917019147,-0.0015763627852683896,-3.315002913950593e-06
2.5632190254841087e-07,3.3000000000000003,1.8000309972086337,1.749689282238108,-0.0015293947404432526,-3.315003823445295e-06
2.564219025484109e-07,3.3000000000000003,1.8000300708193242,1.7511920061717168,-0.0014838295782162963,-3.315002913950593e-06
2.565219025484109e-07,3.3000000000000003,1.8000291721001487,1.7526498454340462,-0.001439625396059862,-3.315003823445295e-06
2.566219025484109e-07,3.3000000000000003,1.8000283002247632,1.7540641406796706,-0.0013967415430361613,-3.315002913950593e-06
2.567219025484109e-07,3.3000000000000003,1.800027454391262,1.7554361925193236,-0.0013551385823977957,-3.315003823445295e-06
2.568219025484109e-07,3.3000000000000003,1.8000266338218984,1.7567672627159583,-0.001314778255334853,-3.315002913950593e-06
2.569219025484109e-07,3.3000000000000003,1.8000258377619809,1.7580585753450921,-0.0012756234457796454,-3.315003823445295e-06
2.570219025484109e-07,3.3000000000000003,1.8000250654795074,1.7593113179204851,-0.0012376381462841294,-3.315002913950593e-06
2.5712190254841093e-07,3.3000000000000003,1.8000243162642147,1.760526642486198,-0.0012007874248983839,-3.315003823445295e-06
2.5722190254841094e-07,3.3000000000000003,1.8000235894271621,1.7617056666760342,-0.001165037393053705,-3.315002913950593e-06
2.5732190254841095e-07,3.3000000000000003,1.8000228842998938,1.7628494747413335,-0.001130355174391988,-3.315003823445295e-06
2.5742190254841095e-07,3.3000000000000003,1.8000222002339996,1.763959118548069,-0.0010967088745373243,-3.315002913950593e-06
2.5752190254841096e-07,3.3000000000000003,1.8000215366003685,1.765035618544162,-0.0010640675517608394,-3.315003823445295e-06
2.5762190254841097e-07,3.3000000000000003,1.800020892788739,1.7660799646979053,-0.0010324011885299703,-3.315002913950593e-06
2.57721902548411e-07,3.3000000000000003,1.8000202682070272,1.7670931174083528,-0.0010016806639005535,-3.315003823445295e-06
2.57821902548411e-07,3.3000000000000003,1.8000196622808764,1.76807600838852,-0.0009718777267395434,-3.315002913950593e-06
2.57921902548411e-07,3.3000000000000003,1.8000190744530502,1.7690295415222057,-0.0009429649697422624,-3.315003823445295e-06
2.58021902548411e-07,3.3000000000000003,1.8000185041829848,1.7699545936952157,-0.0009149158042303181,-3.315002913950593e-06
2.58121902548411e-07,3.3000000000000003,1.8000179509462388,1.770852015601765,-0.000887704435698434,-3.315003823445295e-06
2.58221902548411e-07,3.3000000000000003,1.800017414234056,1.7717226325267919,-0.0008613058400947504,-3.315002913950593e-06
2.58321902548411e-07,3.3000000000000003,1.8000168935528575,1.7725672451049015,-0.0008356957408071649,-3.315003823445295e-06
2.5842190254841103e-07,3.3000000000000003,1.8000163884238232,1.773386630056646,-0.0008108505863390307,-3.315002913950593e-06
2.5852190254841104e-07,3.3000000000000003,1.8000158983824213,1.77418154090281,-0.0007867475286500385,-3.315003823445295e-06
2.5862190254841104e-07,3.3000000000000003,1.8000154229780068,1.7749527086573602,-0.0007633644021453937,-3.315002913950593e-06
2.5872190254841105e-07,3.3000000000000003,1.8000149617733843,1.7757008424996992,-0.0007406797032914359,-3.315003823445295e-06
2.5882190254841106e-07,3.3000000000000003,1.8000145143444264,1.7764266304268403,-0.000718672570840976,-3.315002913950593e-06
2.5892190254841107e-07,3.3000000000000003,1.8000140802796658,1.7771307398861005,-0.0006973227666487086,-3.315003823445295e-06
2.590219025484111e-07,3.3000000000000003,1.8000136591799325,1.7778138183888983,-0.0006766106570599996,-3.315002913950593e-06
2.591219025484111e-07,3.3000000000000003,1.800013250657972,1.7784764941062137,-0.0006565171948552396,-3.315003823445295e-06
2.592219025484111e-07,3.3000000000000003,1.8000128543381035,1.7791193764462678,-0.0006370239017339896,-3.315002913950593e-06
2.593219025484111e-07,3.3000000000000003,1.8000124698558624,1.7797430566149464,-0.0006181128513216505,-3.315003823445295e-06
2.594219025484111e-07,3.3000000000000003,1.8000120968576736,1.7803481081594787,-0.0005997666526843633,-3.315002913950593e-06
2.595219025484111e-07,3.3000000000000003,1.8000117350005198,1.780935087495886,-0.000581968434335798,-3.315003823445295e-06
2.596219025484111e-07,3.3000000000000003,1.8000113839516323,1.7815045344206681,-0.0005647018287220311,-3.315002913950593e-06
2.5972190254841113e-07,3.3000000000000003,1.8000110433881789,1.7820569726072126,-0.0005479509571694255,-3.315003823445295e-06
2.5982190254841113e-07,3.3000000000000003,1.8000107129969727,1.782592910087373,-0.0005317004152824809,-3.315002913950593e-06
2.5992190254841114e-07,3.3000000000000003,1.8000103924741797,1.783112839718663,-0.0005159352587776059,-3.315003823445295e-06
2.6e-07,3.299999999999973,1.800010148833971,1.7835080559622178,-0.0005039516256511805,-3.3150028002637555e-06
2.6000035238980637e-07,3.299418556819465,1.800010147747219,1.7835098179464677,-0.000503898133795729,0.00742168558110734
2.6000105716941905e-07,3.298255670458536,1.800010145575089,1.7835133415384694,-0.0005037912924562286,0.007421686748102729
2.6000246672864447e-07,3.2959298977365905,1.8000101412317948,1.7835203864639668,-0.0005035777364724968,0.007421689086186234
2.600052858470953e-07,3.2912783522926996,1.8000101325519622,1.7835344672857631,-0.0005031507527497427,0.007421693757180492
2.60010924083997e-07,3.281975261404918,1.8000101152131378,1.7835625928511276,-0.0005022979665707323,0.007421703104228072
2.600222005578004e-07,3.2633690796293546,1.8000100806247503,1.7836186999768138,-0.0005005966915654524,0.007421721793377856
2.600447535054071e-07,3.2261567160782283,1.8000100118015014,1.7837303406615455,-0.0004972115857804067,0.007421759176679643
2.6008985940062055e-07,3.151731988976062,1.8000098755564644,1.7839513472427497,-0.0004905102751357778,0.007421833937939937
2.6018007119104747e-07,3.0028825347716435,1.800009608581981,1.7843844147132748,-0.00047737892811284643,0.007421983465860649
2.602800711910475e-07,2.837882534771631,1.8000093210469064,1.7848508341192801,-0.0004632362932246615,0.00742214921433515
2.603800711910475e-07,2.6728825347716185,1.8000090420999801,1.7853033221029866,-0.00044951608292653663,0.0074223149661634125
2.604800711910475e-07,2.5078825347716065,1.800008771485095,1.7857422947802868,-0.0004362056798624295,0.0074224807146379135
2.605800711910475e-07,2.342882534771594,1.8000085089529925,1.7861681558381601,-0.0004232928435400137,0.00742264646652302
2.606800711910475e-07,2.1778825347715816,1.8000082542625804,1.7865812969059103,-0.00041076569909860556,0.007422812214940677
2.607800711910475e-07,2.012882534771569,1.800008007179355,1.7869820979153153,-0.0003986127263475607,0.007422977966825783
2.608800711910475e-07,1.8478825347715566,1.8000077674762893,1.7873709274500178,-0.00038682274923138244,0.007423143715300284
2.6098007119104753e-07,1.6828825347715444,1.8000075349329245,1.787748143084484,-0.0007055977220546819,0.007423309467156969
2.6108007119104754e-07,1.5178825347715321,1.8000073093352882,1.7881140917128315,-0.002961966830158315,0.007423475215603048
2.6118007119104755e-07,1.3528825347715194,1.8000070904760672,1.7884691098678422,-0.0073697784800175045,0.007423640967516576
2.6128007119104755e-07,1.1878825347715072,1.8000068781538665,1.7888135240304435,-0.013929022772196166,0.0074238067159484444
2.6138007119104756e-07,1.0228825347714947,1.8000066721735402,1.7891476509299444,-0.022639690102922754,0.007423972467833551
2.6140944800569526e-07,0.9744107906027977,1.8000066128448735,1.789243890016002,-0.025607448927930192,0.007424021158243477
2.614295626254912e-07,0.9412216679395011,1.8000065725252403,1.789309293014167,-0.027746591860705033,0.007424054499963972
2.614434437610929e-07,0.9183177941966569,1.8000065448446398,1.7893541956038264,-0.029273580746543345,0.00742407750622931
2.614549549885737e-07,0.8993242688533432,1.8000065219767527,1.7893912889337704,-0.030477950836299228,0.007424096587840268
2.6146692989563475e-07,0.8795656722026393,1.8000064982739457,1.7894297392573082,-0.02912831797500706,0.007424116434549433
2.614750624340913e-07,0.8661469837492826,1.8000064822244548,1.7894557725832696,-0.02822932996396223,0.007424129915989397
2.614864565630714e-07,0.8473466709321591,1.8000064598060357,1.7894921388976706,-0.026993732061515587,0.007424148800026842
2.615092448210315e-07,0.8097460452979988,1.800006415199714,1.7895644958988461,-0.02460632884283774,0.007424186573331326
2.6155482133695175e-07,0.7345447940295906,1.8000063269055495,1.7897077202791671,-0.02016669213246756,0.007424262114795965
2.6164597436879224e-07,0.5841422914927752,1.8000061539283214,1.789988312078387,-0.012628094864313813,0.007424413202784308
2.6174597436879225e-07,0.4191422914927627,1.8000059695797188,1.7902873493821374,-0.00641405339869053,0.007424578951237493
2.6184597436879225e-07,0.25414229149275025,1.800005790737491,1.79057745477845,-0.0023513938744644997,0.007424744703108388
2.6194597436879226e-07,0.08914229149273778,1.8000056172370151,1.79085889505334,-0.0004401082026418263,0.0074249104515704545
2.62e-07,0.0,1.800005525673486,1.7910074231755484,-0.00027655797337721984,0.007425000000848989
2.6200000128052984e-07,0.0,1.8000055256717562,1.7910074266671647,-0.0002765378949974655,-2.4853754563335008e-23
2.620000038415896e-07,0.0,1.8000055256674468,1.791007433650395,-0.00027653768325399726,0.0
2.6200000896370906e-07,0.0,1.80000552565851,1.7910074476168396,-0.00027656706209319427,0.0
2.62000019207948e-07,0.0,1.8000055256412084,1.7910074755496628,-0.00027655876454237856,0.0
2.6200003969642596e-07,0.0,1.8000055256076843,1.7910075314150504,-0.00027655334530845064,0.0
2.620000806733818e-07,0.0,1.8000055255386067,1.7910076431447843,-0.0002765518201184627,0.0
2.620001626272935e-07,0.0,1.800005525399948,1.7910078666000866,-0.00027654411325750866,0.0
2.620003265351169e-07,0.0,1.8000055251256142,1.791008313494033,-0.00027653149397789304,0.0
2.620006543507637e-07,0.0,1.8000055245730673,1.7910092072152968,-0.0002765039291731793,0.0
2.620013099820573e-07,0.0,1.8000055234716523,1.7910109943913455,-0.0002764496225194045,0.0
2.620026212446444e-07,0.0,1.8000055212694026,1.7910145676777907,-0.0002763413325573449,0.0
2.620052437698187e-07,0.0,1.8000055168664537,1.791021709990188,-0.00027612473630151497,0.0
2.620104888201673e-07,0.0,1.8000055080703088,1.7910359775899394,-0.00027569214734928036,0.0
2.620209789208645e-07,0.0,1.8000054905205147,1.7910644448244295,-0.00027482896482562604,0.0
2.620419591222589e-07,0.0,1.800005455589906,1.7911211085108463,-0.00027311085030878797,0.0
2.620839195250476e-07,0.0,1.8000053863882195,1.7912333613119706,-0.0002697071422653787,0.0
2.6216784033062515e-07,0.0,1.8000052505952908,1.7914536361280347,-0.00026302803273914484,0.0
2.6226784033062515e-07,0.0,1.8000050932275775,1.7917089058529128,-0.0002552878177205584,0.0
2.6236784033062516e-07,0.0,1.8000049405616838,1.791956550958636,-0.0002477787941855671,0.0
2.6246784033062517e-07,0.0,1.8000047924544211,1.7921967991839922,-0.00024049405668537444,0.0
2.625678403306252e-07,0.0,1.800004648772084,1.7924298714654632,-0.00023342690612325795,0.0
2.626678403306252e-07,0.0,1.8000045093804171,1.7926559821404127,-0.00022657084335912296,0.0
2.627678403306252e-07,0.0,1.8000043741530374,1.7928753391441838,-0.0002199195634920704,0.0
2.628678403306252e-07,0.0,1.8000042429640546,1.7930881442013296,-0.00021346694984182416,0.0
2.629678403306252e-07,0.0,1.8000041156941275,1.7932945930111144,-0.00020720706851117497,0.0
2.630678403306252e-07,0.0,1.8000039922251094,1.7934948754274882,-0.00020113416276976165,0.0
2.631678403306252e-07,0.0,1.8000038724443976,1.7936891756336755,-0.00019524264789544716,0.0
2.6326784033062523e-07,0.0,1.800003756241039,1.7938776723115575,-0.00018952710592346316,0.0
2.6336784033062524e-07,0.0,1.8000036435088507,1.7940605388059871,-0.0001839822807617022,0.0
2.6346784033062524e-07,0.0,1.800003534143585,1.7942379432842033,-0.0001786030732741002,0.0
2.6356784033062525e-07,0.0,1.8000034280451584,1.7944100488904775,-0.00017338453666193508,0.0
2.6366784033062526e-07,0.0,1.8000033251155838,1.7945770138961465,-0.00016832187185464388,0.0
2.6376784033062527e-07,0.0,1.8000032252605602,1.7947389918451595,-0.00016341042314762798,0.0
2.638678403306253e-07,0.0,1.8000031283879572,1.794896131695282,-0.00015864567387724373,0.0
2.639678403306253e-07,0.0,1.8000030344089455,1.7950485779550784,-0.00015402324230424499,0.0
2.640678403306253e-07,0.0,1.800002943236883,1.7951964708168051,-0.00014953887755278552,0.0
2.641678403306253e-07,0.0,1.8000028547881106,1.7953399462853334,-0.00014518845572794034,0.0
2.642678403306253e-07,0.0,1.8000027689811795,1.795479136303224,-0.000140967976076512,0.0
2.643678403306253e-07,0.0,1.8000026857371318,1.7956141688720586,-0.00013687355742107507,0.0
2.644678403306253e-07,0.0,1.8000026049795983,1.7957451681701575,-0.00013290143444235776,0.0
2.6456784033062533e-07,0.0,1.8000025266341095,1.7958722546667756,-0.00012904795430017713,0.0
2.6466784033062533e-07,0.0,1.80000245062879,1.7959955452328855,-0.0001253095732717699,0.0
2.6476784033062534e-07,0.0,1.8000023768935978,1.7961151532486563,-0.00012168285347186735,0.0
2.6486784033062535e-07,0.0,1.8000023053608487,1.7962311887077185,-0.00011816445970909358,0.0
2.6496784033062536e-07,0.0,1.800002235964655,1.7963437583183166,-0.00011475115640357409,0.0
2.6506784033062536e-07,0.0,1.8000021686412875,1.796452965601441,-0.00011143980462436417,0.0
2.6516784033062537e-07,0.0,1.8000021033287585,1.7965589109860263,-0.00010822735919196523,0.0
2.652678403306254e-07,0.0,1.800002039967071,1.7966616919013072,-0.00010511086588714371,0.0
2.653678403306254e-07,0.0,1.8000019784979007,1.7967614028664178,-0.00010208745872624114,0.0
2.654678403306254e-07,0.0,1.8000019188647662,1.7968581355773117,-9.915435733242292e-05,0.0
2.6547163511912476e-07,0.0,1.8000019166373964,1.7968617486479228,-9.904481012216549e-05,0.0
2.6547922469612345e-07,0.0,1.8000019121902404,1.7968689623313965,-9.882606434362502e-05,0.0
2.654944038501208e-07,0.0,1.8000019033271508,1.7968833400103672,-9.839013031742413e-05,0.0
2.6549516584157517e-07,0.0,1.8000019028829235,1.7968840600237328,-9.836816003947092e-05,0.0
2.6549668982448387e-07,0.0,1.8000019019955174,1.7968854995515047,-9.832459840574709e-05,0.0
2.6549973779030126e-07,0.0,1.800001900222706,1.796888376612363,-9.823734642496199e-05,0.0
2.6550583372193605e-07,0.0,1.8000018966792093,1.7968941227645439,-9.806315691124101e-05,0.0
2.6550613973611766e-07,0.0,1.8000018965018727,1.796894410939929,-9.8054477145432e-05,0.0
2.6550675176448087e-07,0.0,1.8000018961464357,1.7968949872104887,-9.803688722318374e-05,0.0
2.655067824880999e-07,0.0,1.8000018961294642,1.7968950161362591,-9.803472956694809e-05,0.0
2.65506843935338e-07,0.0,1.8000018960920907,1.7968950739869913,-9.803390677388441e-05,0.0
2.6550696682981426e-07,0.0,1.8000018960217752,1.7968951896852225,-9.803086425721985e-05,0.0
2.6550721261876667e-07,0.0,1.8000018958785629,1.7968954210687509,-9.802361548868573e-05,0.0
2.655077041966715e-07,0.0,1.8000018955931127,1.7968958837840787,-9.800958517371718e-05,0.0
2.6550772887371704e-07,0.0,1.8000018955794057,1.796895907010415,-9.800957939729553e-05,0.0
2.655077782278081e-07,0.0,1.8000018955513573,1.7968959534625664,-9.800817088256809e-05,0.0
2.655078769359902e-07,0.0,1.8000018954925512,1.7968960463647823,-9.800535394446443e-05,0.0
2.6550788189110724e-07,0.0,1.800001895491142,1.7968960510283685,-9.801452574736589e-05,0.0
2.655078918013413e-07,0.0,1.8000018954844872,1.79689606035552,-9.800679236082124e-05,0.0
2.655079116218094e-07,0.0,1.8000018954732064,1.796896079009739,-9.800250144056428e-05,0.0
2.655079126167901e-07,0.0,1.8000018954729948,1.796896079946171,-9.801364891349839e-05,0.0
2.655079146067515e-07,0.0,1.800001895471685,1.796896081819034,-9.798378980424966e-05,0.0
2.6550791858667436e-07,0.0,1.800001895469245,1.7968960855647578,-9.801347855120237e-05,0.0
2.6550792654652e-07,0.0,1.8000018954651045,1.7968960930561924,-9.79983502319969e-05,0.0
2.6550792694610154e-07,0.0,1.8000018954648307,1.7968960934322593,-9.783442605629341e-05,0.0
2.655079277452646e-07,0.0,1.8000018954643162,1.7968960941843926,-9.79536125403698e-05,0.0
2.6550792783207154e-07,0.0,1.8000018954635417,1.7968960942660914,-9.819202864962367e-05,0.0
2.655079280056854e-07,0.0,1.8000018954638186,1.7968960944294892,-9.795360511219286e-05,0.0
2.655079283529131e-07,0.0,1.8000018954638182,1.7968960947562833,-9.795359520119272e-05,0.0
2.6550792841012944e-07,0.0,1.8000018954642183,1.7968960948101322,-9.77151749848684e-05,0.0
2.6550792852456205e-07,0.0,1.8000018954643078,1.7968960949178296,-9.819200887588036e-05,0.0
2.655079285574075e-07,0.0,1.3366777681838107,1.796896092642971,-1.7999999784024112e-06,0.0
2.6550792859229615e-07,0.0,1.3366663391342573,1.7968960877773368,-1.7999999784024112e-06,0.0
2.6550792861131924e-07,0.0,1.3366601074729956,1.796896085124293,2.0146972872225888e-06,0.0
2.6550792863487137e-07,0.0,1.3366523922125941,1.7968960818395607,-3.7073486112149112e-06,0.0
2.6550792868197556e-07,0.0,1.3366369618258436,1.7968960752699326,-2.7536742948086612e-06,0.0
2.6550792877618394e-07,0.0,1.3366061015876174,1.796896062130016,-2.7536742948086612e-06,0.0
2.6550792896460075e-07,0.0,1.3365443832458255,1.796896035847541,-2.2768371366055362e-06,0.0
2.6550792934143433e-07,0.0,1.3364209551032302,1.796895983272023,-2.157627847054755e-06,0.0
2.655079300951015e-07,0.0,1.3361741329853474,1.7968958780787263,-2.157627847054755e-06,0.0
2.655079316024358e-07,0.0,1.3356806253779627,1.7968956675231258,-2.0980232022793643e-06,0.0
2.6550793461710445e-07,0.0,1.3346941564344266,1.796895245736206,-2.0980232022793643e-06,0.0
2.6550794064644177e-07,0.0,1.3327234016063283,1.7968943994619946,-2.0905726216824405e-06,0.0
2.655079527051164e-07,0.0,1.3287906081006728,1.7968926961320228,-2.0905726216824405e-06,0.0
2.6550797682246567e-07,0.0,1.3209597573821314,1.7968892465048605,-2.0887099765332096e-06,0.0
2.655080250571642e-07,0.0,1.3054359814257785,1.7968821766450858,-2.0887099765332096e-06,0.0
2.6550812152656133e-07,0.0,1.2749320810671896,1.7968673644783808,-2.0891756378205173e-06,0.0
2.655082685042574e-07,0.0,1.2298180918474333,1.7968431140424967,-2.088244315245902e-06,0.0
2.6550843338242096e-07,0.0,1.181103780102324,1.796813567505624,-2.088244315245902e-06,0.0
2.655086286381033e-07,0.0,1.125898585674295,1.7967755048745198,-2.088244315245902e-06,0.0
2.655088360808277e-07,0.0,1.0700678741083642,1.7967315791723166,-2.088011484602248e-06,0.0
2.655090709531782e-07,0.0,1.0101824608620675,1.7966777308078994,-2.088011484602248e-06,0.0
2.655093179589218e-07,0.0,0.9508100627769089,1.7966166417273026,-2.088244315245902e-06,0.0
2.6550959023538293e-07,0.0,0.8893901930142646,1.7965443250698807,-2.088244315245902e-06,0.0
2.6550987501348304e-07,0.0,0.8293840184031621,1.796463455270658,-2.088011484602248e-06,0.0
2.655101837670821e-07,0.0,0.7688814875083643,1.796370147682997,-2.088011484602248e-06,0.0
2.655105060090574e-07,0.0,0.710429094765048,1.796266965483641,-2.088244315245902e-06,0.0
2.6551085170296293e-07,0.0,0.6526425820907745,1.796150197127926,-2.088011484602248e-06,0.0
2.6551121229350375e-07,0.0,0.5973579789386115,1.7960222327308253,-2.088011484602248e-06,0.0
2.6551159646942695e-07,0.0,0.5435870222198972,1.7958795662777112,-2.088011484602248e-06,0.0
2.6551199733790383e-07,0.0,0.4926203436157709,1.7957243575010515,-2.088127899924075e-06,0.0
2.655124225694497e-07,0.0,0.44375385128572364,1.7955533046668795,-2.088011484602248e-06,0.0
2.655128667240746e-07,0.0,0.39786562360871575,1.7953682872047,-2.088127899924075e-06,0.0
2.6551333670824647e-07,0.0,0.3544477776008445,1.795166178268857,-2.088011484602248e-06,0.0
2.655138283865836e-07,0.0,0.31407024812976336,1.794948528905526,-2.088127899924075e-06,0.0
2.655143481556589e-07,0.0,0.2763555715872619,1.7947123304777592,-2.088011484602248e-06,0.0
2.6551489310222567e-07,0.0,0.24164626222387067,1.7944587512145016,-2.088127899924075e-06,0.0
2.6551546937932553e-07,0.0,0.2096481483036668,1.7941848144762718,-2.088127899924075e-06,0.0
2.6551607528949613e-07,0.0,0.18053802393962615,1.7938912335671446,-2.088127899924075e-06,0.0
2.655167170438913e-07,0.0,0.1540726504738135,1.7935749404893033,-2.088244315245902e-06,0.0
2.655173942525656e-07,0.0,0.13030988638079638,1.7932360869711004,-2.088011484602248e-06,0.0
2.655181135608227e-07,0.0,0.10903626153560615,1.792871336513528,-2.088127899924075e-06,0.0
2.6551887611928184e-07,0.0,0.09022599132322882,1.7924801106107109,-2.0881861075849883e-06,0.0
2.655196895260874e-07,0.0,0.0736824017468064,1.7920585403181408,-2.0881861075849883e-06,0.0
2.6552055693119294e-07,0.0,0.05932262542125703,1.7916050374629358,-2.0881861075849883e-06,0.0
2.6552148767355843e-07,0.0,0.0469596253822429,1.791114784776775,-2.088127899924075e-06,0.0
2.6552248775644286e-07,0.0,0.03647346534877282,1.7905847004818907,-2.088127899924075e-06,0.0
2.655235695693351e-07,0.0,0.02768361167863073,1.7900083177946309,-2.0881861075849883e-06,0.0
2.655247435771416e-07,0.0,0.020448261014384777,1.7893801779700584,-2.088244315245902e-06,0.0
2.6552602759745586e-07,0.0,0.014593024686339917,1.78869088672607,-2.088127899924075e-06,0.0
2.6552743974145415e-07,0.0,0.009966046078985083,1.7879308830863618,-2.0881570037545316e-06,0.0
2.655290080015356e-07,0.0,0.0064007533575723575,1.7870852940313808,-2.0881570037545316e-06,0.0
2.655307649783578e-07,0.0,0.003744943215961327,1.7861367724256683,-2.0881861075849883e-06,0.0
2.6553275945192424e-07,0.0,0.0018433470575055216,1.7850592708481685,-2.0881861075849883e-06,0.0
2.655350550485289e-07,0.0,0.0005523727690631179,1.7838187852812388,-2.0881570037545316e-06,0.0
2.655377488145155e-07,0.0,-0.00026620757591895464,1.7823633778038477,-2.0881861075849883e-06,0.0
2.655409829438694e-07,0.0,-0.0007374666927781781,1.780616955789195,-2.0881861075849883e-06,0.0
2.6554499054637085e-07,0.0,-0.0009732976204226437,1.7784548041299286,-2.0882006595002167e-06,0.0
2.6555016506399097e-07,0.0,-0.0010670547414796884,1.7756667098515442,-2.0882006595002167e-06,0.0
2.655572566264984e-07,0.0,-0.0010903684141969371,1.7718526560892698,-2.088178831627374e-06,0.0
2.655678648727884e-07,0.0,-0.0010890605369474652,1.7661624658301331,-2.08817155566976e-06,0.0
2.655861667993709e-07,0.0,-0.0010826849710931915,1.7563883425868687,-2.088204297479024e-06,0.0
2.656227706525358e-07,0.0,-0.001070892040596547,1.7370019223561732,-2.0881933835426025e-06,0.0
2.6569597835886576e-07,0.0,-0.0010472721146203864,1.6988675002924403,-2.0881933835426025e-06,0.0
2.6579597835886576e-07,0.0,-0.001016080762629857,1.6481242412855435,-2.0881933835426025e-06,0.0
2.6589597835886577e-07,0.0,-0.0009856556016326025,1.598896626077554,-2.0881933835426025e-06,0.0
2.659959783588658e-07,0.0,-0.000956279678528975,1.5511393844740429,-2.0881933835426025e-06,0.0
2.660959783588658e-07,0.0,-0.0009276619221188586,1.5048085977494352,-2.0881933835426025e-06,0.0
2.661959783588658e-07,0.0,-0.0009000001949428564,1.4598616595760634,-2.0881933835426025e-06,0.0
2.662959783588658e-07,0.0,-0.0008730787335164995,1.4162572357241145,-2.0881933835426025e-06,0.0
2.663959783588658e-07,0.0,-0.0008470343635871771,1.3739552269995574,-2.0881933835426025e-06,0.0
2.664959783588658e-07,0.0,-0.000821705952675337,1.3329167315620147,-2.0881933835426025e-06,0.0
2.665959783588658e-07,0.0,-0.0007971866733896685,1.2931040098344018,-2.0881933835426025e-06,0.0
2.6669597835886583e-07,0.0,-0.0007733551003461102,1.254480449215857,-2.0881933835426025e-06,0.0
2.6679597835886584e-07,0.0,-0.0007502732626663516,1.2170105309054882,-2.0881933835426025e-06,0.0
2.6689597835886585e-07,0.0,-0.0007278486658415375,1.1806597968198242,-2.0881933835426025e-06,0.0
2.6699597835886585e-07,0.0,-0.0007061211932799078,1.1453948182601412,-2.0881933835426025e-06,0.0
2.6709597835886586e-07,0.0,-0.000685019495820801,1.1111831648689567,-2.0881933835426025e-06,0.0
2.6719597835886587e-07,0.0,-0.0006645677787709011,1.0779933750628001,-2.0881933835426025e-06,0.0
2.672959783588659e-07,0.0,-0.0006447102094826744,1.0457949268819964,-2.0881933835426025e-06,0.0
2.673959783588659e-07,0.0,-0.0006254599601413593,1.014558210106868,-2.0881933835426025e-06,0.0
2.674959783588659e-07,0.0,-0.0006067726412805118,0.984254498870821,-2.0881933835426025e-06,0.0
2.675959783588659e-07,0.0,-0.0005886537242206847,0.9548559253766848,-2.0881933835426025e-06,0.0
2.676959783588659e-07,0.0,-0.0005710673114652689,0.9263354541559529,-2.0881933835426025e-06,0.0
2.677959783588659e-07,0.0,-0.0005540135604746395,0.8986668573024631,-2.0881933835426025e-06,0.0
2.678959783588659e-07,0.0,-0.0005374629242048256,0.8718246902712753,-2.0881933835426025e-06,0.0
2.6799597835886593e-07,0.0,-0.0005214119528177707,0.8457842685485951,-2.0881933835426025e-06,0.0
2.6809597835886594e-07,0.0,-0.0005058358926565976,0.8205216448927345,-2.0881933835426025e-06,0.0
2.6819597835886594e-07,0.0,-0.0004907289035207243,0.7960135873616653,-2.0881933835426025e-06,0.0
2.6829597835886595e-07,0.0,-0.00047606989012800513,0.7722375579061882,-2.0881933835426025e-06,0.0
2.6839597835886596e-07,0.0,-0.0004618514867127101,0.7491716916794836,-2.0881933835426025e-06,0.0
2.6849597835886597e-07,0.0,-0.00044805542630880785,0.7267947768993046,-2.0881933835426025e-06,0.0
2.68595978358866e-07,0.0,-0.0004346734292960798,0.7050862353671522,-2.0881933835426025e-06,0.0
2.68695978358866e-07,0.0,-0.00042168944747369703,0.6840261035222107,-2.0881933835426025e-06,0.0
2.68795978358866e-07,0.0,-0.00040909471734277777,0.6635950141011774,-2.0881933835426025e-06,0.0
2.68895978358866e-07,0.0,-0.0003968749595154167,0.6437741783119356,-2.0881933835426025e-06,0.0
2.68995978358866e-07,0.0,-0.00038502122624350823,0.6245453685685085,-2.0881933835426025e-06,0.0
2.69095978358866e-07,0.0,-0.0003735206726585704,0.6058909017172261,-2.0881933835426025e-06,0.0
2.69195978358866e-07,0.0,-0.00036236437304729727,0.5877936227846865,-2.0881933835426025e-06,0.0
2.6929597835886603e-07,0.0,-0.00035154066671846804,0.5702368891935056,-2.0881933835426025e-06,0.0
2.6939597835886603e-07,0.0,-0.00034104078956647224,0.5532045554645012,-2.0881933835426025e-06,0.0
2.6949597835886604e-07,0.0,-0.00033085407579768416,0.5366809583630928,-2.0881933835426025e-06,0.0
2.6959597835886605e-07,0.0,-0.00032097201493936224,0.5206509025001538,-2.0881933835426025e-06,0.0
2.6969597835886606e-07,0.0,-0.000311384791348484,0.5050996463537867,-2.0881933835426025e-06,0.0
2.6979597835886606e-07,0.0,-0.00030208420644387696,0.4900128887163932,-2.0881933835426025e-06,0.0
2.6989597835886607e-07,0.0,-0.00029306118257349566,0.4753767555399484,-2.0881933835426025e-06,0.0
2.699959783588661e-07,0.0,-0.00028430786744339123,0.46117778717980057,-2.0881933835426025e-06,0.0
2.700959783588661e-07,0.0,-0.0002758158331818756,0.4474029260147227,-2.0881933835426025e-06,0.0
2.701959783588661e-07,0.0,-0.0002675775914248084,0.4340395044407817,-2.0881933835426025e-06,0.0
2.702959783588661e-07,0.0,-0.0002595852935656645,0.4210752332203855,-2.0881933835426025e-06,0.0
2.703959783588661e-07,0.0,-0.0002518318211586194,0.4084981901822439,-2.0881933835426025e-06,0.0
2.704959783588661e-07,0.0,-0.00024430984750922963,0.3962968092563761,-2.0881933835426025e-06,0.0
2.705959783588661e-07,0.0,-0.00023701262207413286,0.38445986983872943,-2.0881933835426025e-06,0.0
2.7069597835886613e-07,0.0,-0.00022993329258960487,0.37297648647168286,-2.0881933835426025e-06,0.0
2.7079597835886614e-07,0.0,-0.00022306546900204954,0.36183609883429546,-2.0881933835426025e-06,0.0
2.7089597835886615e-07,0.0,-0.0002164027334734248,0.3510284620302498,-2.0881933835426025e-06,0.0
2.7099597835886615e-07,0.0,-0.00020993904548833616,0.3405436371669744,-2.0881933835426025e-06,0.0
2.7109597835886616e-07,0.0,-0.0002036683873583625,0.3303719822152313,-2.0881933835426025e-06,0.0
2.7119597835886617e-07,0.0,-0.00019758505493380638,0.3205041431425037,-2.0881933835426025e-06,0.0
2.712959783588662e-07,0.0,-0.00019168340084961598,0.3109310453105516,-2.0881933835426025e-06,0.0
2.713959783588662e-07,0.0,-0.00018595804285902908,0.3016438851304799,-2.0881933835426025e-06,0.0
2.714959783588662e-07,0.0,-0.0001804036776026073,0.2926341219665782,-2.0881933835426025e-06,0.0
2.715959783588662e-07,0.0,-0.00017501522963644594,0.28389347028239326,-2.0881933835426025e-06,0.0
2.716959783588662e-07,0.0,-0.00016978771610123746,0.27541389202104216,-2.0881933835426025e-06,0.0
2.717959783588662e-07,0.0,-0.00016471635307146012,0.26718758921341146,-2.0881933835426025e-06,0.0
2.718959783588662e-07,0.0,-0.00015979645697670824,0.25920699680689097,-2.0881933835426025e-06,0.0
2.7199597835886623e-07,0.0,-0.00015502352025142447,0.2514647757085177,-2.0881933835426025e-06,0.0
2.7209597835886624e-07,0.0,-0.00015039313930754626,0.2439538060357328,-2.0881933835426025e-06,0.0
2.7219597835886624e-07,0.0,-0.00014590106811572013,0.23666718056888378,-2.0881933835426025e-06,0.0
2.7229597835886625e-07,0.0,-0.0001415431653729406,0.22959819839916362,-2.0881933835426025e-06,0.0
2.7239597835886626e-07,0.0,-0.00013731543223291634,0.22274035876638856,-2.0881933835426025e-06,0.0
2.7249597835886627e-07,0.0,-0.000133213973362885,0.21608735508074123,-2.0881933835426025e-06,0.0
2.725959783588663e-07,0.0,-0.00012923502330147463,0.20963306912315696,-2.0881933835426025e-06,0.0
2.726959783588663e-07,0.0,-0.00012537491757730036,0.20337156541887053,-2.0881933835426025e-06,0.0
2.727959783588663e-07,0.0,-0.00012163011091903273,0.197297085779076,-2.0881933835426025e-06,0.0
2.728959783588663e-07,0.0,-0.00011799715567405376,0.19140404400557237,-2.0881933835426025e-06,0.0
2.729959783588663e-07,0.0,-0.00011447271419219956,0.185687020753617,-2.0881933835426025e-06,0.0
2.730959783588663e-07,0.0,-0.00011105354255107607,0.18014075854818457,-2.0881933835426025e-06,0.0
2.731959783588663e-07,0.0,-0.00010773649878403156,0.1747601569491144,-2.0881933835426025e-06,0.0
2.7329597835886633e-07,0.0,-0.00010451853047261957,0.16954026786064458,-2.0881933835426025e-06,0.0
2.7339597835886633e-07,0.0,-0.00010139668002033929,0.16447629098106578,-2.0881933835426025e-06,0.0
2.7349597835886634e-07,0.0,-9.836807507225064e-05,0.1595635693882714,-2.0881933835426025e-06,0.0
2.7359597835886635e-07,0.0,-9.542993169800928e-05,0.1547975852571772,-2.0881933835426025e-06,0.0
2.7369597835886636e-07,0.0,-9.257954688684459e-05,0.15017395570504383,-2.0881933835426025e-06,0.0
2.7379597835886636e-07,0.0,-8.98143002598589e-05,0.14568842876090604,-2.0881933835426025e-06,0.0
2.7389597835886637e-07,0.0,-8.713164809628297e-05,0.14133687945538118,-2.0881933835426025e-06,0.0
2.739959783588664e-07,0.0,-8.452912401998199e-05,0.13711530602727853,-2.0881933835426025e-06,0.0
2.740959783588664e-07,0.0,-8.200433416249025e-05,0.1330198262435063,-2.0881933835426025e-06,0.0
2.741959783588664e-07,0.0,-7.955495714252674e-05,0.12904667382890458,-2.0881933835426025e-06,0.0
2.742959783588664e-07,0.0,-7.717874007954708e-05,0.12519219500271014,-2.0881933835426025e-06,0.0
2.743959783588664e-07,0.0,-7.487349809405392e-05,0.12145284511847741,-2.0881933835426025e-06,0.0
2.744959783588664e-07,0.0,-7.263711096361171e-05,0.11782518540435785,-2.0881933835426025e-06,0.0
2.745959783588664e-07,0.0,-7.04675223062344e-05,0.11430587980074615,-2.0881933835426025e-06,0.0
2.7469597835886643e-07,0.0,-6.836273672724301e-05,0.1108916918923801,-2.0881933835426025e-06,0.0
2.7479597835886644e-07,0.0,-6.632081880104292e-05,0.10757948193207734,-2.0881933835426025e-06,0.0
2.7489597835886645e-07,0.0,-6.433989059784398e-05,0.10436620395336761,-2.0881933835426025e-06,0.0
2.7499597835886645e-07,0.0,-6.241813054537953e-05,0.10124890296936946,-2.0881933835426025e-06,0.0
2.7509597835886646e-07,0.0,-6.055377125397599e-05,0.09822471225533164,-2.0881933835426025e-06,0.0
2.7519597835886647e-07,0.0,-5.874509831553312e-05,0.09529085071234311,-2.0881933835426025e-06,0.0
2.752959783588665e-07,0.0,-5.699044836669019e-05,0.09244462030978538,-2.0881933835426025e-06,0.0
2.753959783588665e-07,0.0,-5.528820786500065e-05,0.0896834036041764,-2.0881933835426025e-06,0.0
2.754959783588665e-07,0.0,-5.363681134547214e-05,0.0870046613321232,-2.0881933835426025e-06,0.0
2.755959783588665e-07,0.0,-5.203474020129812e-05,0.08440593007517107,-2.0881933835426025e-06,0.0
2.756959783588665e-07,0.0,-5.048052110028018e-05,0.0818848199944003,-2.0881933835426025e-06,0.0
2.757959783588665e-07,0.0,-4.89727247887068e-05,0.07943901263268852,-2.0881933835426025e-06,0.0
2.758959783588665e-07,0.0,-4.7509964642170716e-05,0.07706625878261675,-2.0881933835426025e-06,0.0
2.7599597835886653e-07,0.0,-4.609089550487891e-05,0.07476437641805883,-2.0881933835426025e-06,0.0
2.7609597835886654e-07,0.0,-4.471421235543129e-05,0.07253124868755172,-2.0881933835426025e-06,0.0
2.7619597835886654e-07,0.0,-4.337864918922015e-05,0.07036482196760174,-2.0881933835426025e-06,0.0
2.7629597835886655e-07,0.0,-4.20829777841133e-05,0.06826310397413643,-2.0881933835426025e-06,0.0
2.7639597835886656e-07,0.0,-4.082600663047116e-05,0.066224161930365,-2.0881933835426025e-06,0.0
2.7649597835886657e-07,0.0,-3.960657978488737e-05,0.06424612078936283,-2.0881933835426025e-06,0.0
2.765959783588666e-07,0.0,-3.8423575850055175e-05,0.062327161509745516,-2.0881933835426025e-06,0.0
2.766959783588666e-07,0.0,-3.7275906907088217e-05,0.060465519382846306,-2.0881933835426025e-06,0.0
2.767959783588666e-07,0.0,-3.6162517545994976e-05,0.05865948240985907,-2.0881933835426025e-06,0.0
2.768959783588666e-07,0.0,-3.508238386880831e-05,0.056907389727454114,-2.0881933835426025e-06,0.0
2.769959783588666e-07,0.0,-3.403451257033584e-05,0.05520763008041908,-2.0881933835426025e-06,0.0
2.770959783588666e-07,0.0,-3.301794000572091e-05,0.05355864033992037,-2.0881933835426025e-06,0.0
2.771959783588666e-07,0.0,-3.2031731320371156e-05,0.05195890406602236,-2.0881933835426025e-06,0.0
2.7729597835886663e-07,0.0,-3.107497957656459e-05,0.05040695011314265,-2.0881933835426025e-06,0.0
2.7739597835886664e-07,0.0,-3.0146804931046952e-05,0.04890135127716067,-2.0881933835426025e-06,0.0
2.7749597835886664e-07,0.0,-2.924635381601676e-05,0.04744072298293579,-2.0881933835426025e-06,0.0
2.7759597835886665e-07,0.0,-2.8372798162587027e-05,0.046023722011027585,-2.0881933835426025e-06,0.0
2.7769597835886666e-07,0.0,-2.7525334632120927e-05,0.04464904526244774,-2.0881933835426025e-06,0.0
2.7779597835886667e-07,0.0,-2.6703183883547168e-05,0.04331542856030729,-2.0881933835426025e-06,0.0
2.7789597835886667e-07,0.0,-2.5905589851511883e-05,0.04202164548725731,-2.0881933835426025e-06,0.0
2.779959783588667e-07,0.0,-2.513181905544534e-05,0.040766506257654024,-2.0881933835426025e-06,0.0
2.780959783588667e-07,0.0,-2.4381159921354136e-05,0.03954885662341099,-2.0881933835426025e-06,0.0
2.781959783588667e-07,0.0,-2.3652922130571144e-05,0.03836757681253227,-2.0881933835426025e-06,0.0
2.782959783588667e-07,0.0,-2.294643598226618e-05,0.03722158049935052,-2.0881933835426025e-06,0.0
2.783959783588667e-07,0.0,-2.2261051779842318e-05,0.03610981380552272,-2.0881933835426025e-06,0.0
2.784959783588667e-07,0.0,-2.159613923154362e-05,0.03503125433086517,-2.0881933835426025e-06,0.0
2.785959783588667e-07,0.0,-2.0951086872453326e-05,0.03398491021313631,-2.0881933835426025e-06,0.0
2.7869597835886673e-07,0.0,-2.0325301500790056e-05,0.0329698192159028,-2.0881933835426025e-06,0.0
2.7879597835886674e-07,0.0,-1.9718207633594275e-05,0.031985047843649965,-2.0881933835426025e-06,0.0
2.7889597835886675e-07,0.0,-1.9129246976450978e-05,0.03102969048332295,-2.0881933835426025e-06,0.0
2.7899597835886676e-07,0.0,-1.855787791099121e-05,0.03010286857150903,-2.0881933835426025e-06,0.0
2.7909597835886676e-07,0.0,-1.800357499601159e-05,0.029203729786495235,-2.0881933835426025e-06,0.0
2.7919597835886677e-07,0.0,-1.7465828484963067e-05,0.028331447264458354,-2.0881933835426025e-06,0.0
2.792959783588668e-07,0.0,-1.6944143856579026e-05,0.027485218839066447,-2.0881933835426025e-06,0.0
2.793959783588668e-07,0.0,-1.6438041360617548e-05,0.026664266303792577,-2.0881933835426025e-06,0.0
2.794959783588668e-07,0.0,-1.594705557624151e-05,0.025867834696262405,-2.0881933835426025e-06,0.0
2.795959783588668e-07,0.0,-1.5470734984374048e-05,0.02509519160397755,-2.0881933835426025e-06,0.0
2.796959783588668e-07,0.0,-1.500864155216594e-05,0.024345626490776186,-2.0881933835426025e-06,0.0
2.797959783588668e-07,0.0,-1.4560350330432977e-05,0.023618450043411485,-2.0881933835426025e-06,0.0
2.798959783588668e-07,0.0,-1.4125449062646636e-05,0.02291299353764707,-2.0881933835426025e-06,0.0
2.7999597835886683e-07,0.0,-1.3703537805997396e-05,0.022228608223286442,-2.0881933835426025e-06,0.0
2.7999999999999997e-07,0.0,-1.368683747750812e-05,0.022201518499129293,-2.0882006595002167e-06,0.0
2.800000002413017e-07,3.9814778391732467e-07,-1.3686836481559827e-05,0.022201516874715107,-2.0384185575039737e-06,-0.007424999059541346
2.8000000072390513e-07,1.1944434391022467e-06,-1.3686834453966443e-05,0.02220151362588698,-2.0384185575039737e-06,-0.007425000689323559
2.80000001689112e-07,2.7870347494720908e-06,-1.368683048401854e-05,0.022201507128232142,-2.0980232022793643e-06,-0.007424999061941095
2.8000000361952575e-07,5.9722174575620515e-06,-1.368682245888171e-05,0.022201494132928157,-2.068220879891669e-06,-0.007425001101368631
2.800000074803532e-07,1.23425827863917e-05,-1.3686806429910975e-05,0.022201468142343004,-2.0980232022793643e-06,-0.007424998867917306
2.8000001520200817e-07,2.5083313444050998e-05,-1.368677438259676e-05,0.022201416161263973,-2.0831220410855167e-06,-0.00742500112056662
2.800000306453181e-07,5.0564774846719867e-05,-1.368671029673681e-05,0.022201312199471027,-2.0868473313839786e-06,-0.00742499895721898
2.80000061531938e-07,0.0001015276976520576,-1.3686582118359118e-05,0.022201104277345583,-2.0887099765332096e-06,-0.007425001197358581
2.8000012330517775e-07,0.0002034535432627331,-1.3686325760721958e-05,0.02220068843893645,-2.087778653958594e-06,-0.007424999110802893
2.800002468516573e-07,0.00040730523448408406,-1.3685813060788765e-05,0.022199856785484588,-2.0887099765332096e-06,-0.0074250015045263865
2.800004939446163e-07,0.0008150086168394356,-1.3684787719624495e-05,0.022198193572042075,-2.088244315245902e-06,-0.007424999721956926
2.8000098813053434e-07,0.0016304153816374893,-1.3682737267675467e-05,0.022194867518966946,-2.088127899924075e-06,-0.007425002734788522
2.8000197650237046e-07,0.0032612289112335965,-1.3678637285269286e-05,0.022188216907776222,-2.0881861075849883e-06,-0.0074250021792995335
2.8000395324604265e-07,0.00652285597033846,-1.3670441005632289e-05,0.022174921662993397,-2.0881570037545316e-06,-0.007425007649075721
2.8000790673338707e-07,0.013046110088635538,-1.3654063175606173e-05,0.02214835506591877,-2.0881861075849883e-06,-0.007425012008867915
2.800158137080759e-07,0.026092618325229695,-1.362136634451454e-05,0.022095317298697657,-2.094501326155296e-06,-0.007425027307814247
2.800316276574536e-07,0.05218563479841801,-1.3556207294769265e-05,0.02198962233075943,-2.9816894368650537e-05,-0.0074250513263427464
2.80063255556209e-07,0.10437166774479463,-1.3426822046878905e-05,0.02177974558024488,-0.00024664722059242195,-0.007425105942758137
2.8012651135371975e-07,0.20874373363754786,-1.317173865160746e-05,0.021365972951747185,-0.0013258503031465807,-0.007425208596224309
2.8022651135371975e-07,0.3737437336375603,-1.2778313650944034e-05,0.02072779540016814,-0.004787850654935255,-0.007425376539508477
2.8032651135371976e-07,0.5387437336375727,-1.2396639812010723e-05,0.02010867949339502,-0.010400962117842028,-0.007425540096548389
2.8042651135371977e-07,0.7037437336375851,-1.2026366140835081e-05,0.019508055881563045,-0.018165184691866898,-0.007425708039832557
2.805265113537198e-07,0.8687437336375974,-1.1667152127252486e-05,0.018925372220646716,-0.028080518376981445,-0.007425871596879574
2.8053437317596016e-07,0.8817157403342246,-1.1639372625171548e-05,0.018880310888520126,-0.028951250357721392,-0.0074258868209682305
2.8053872818900353e-07,0.8889015118557954,-1.1624012806347682e-05,0.01885539561482766,-0.029439310000157093,-0.00742589184629594
2.805405197584128e-07,0.891857601381066,-1.1617699956140806e-05,0.018845155494642527,-0.02964127276339923,-0.007425897008829452
2.8054410289723135e-07,0.8977697804316946,-1.1605084538201738e-05,0.018824691933571464,-0.0300472698334886,-0.007425900755109183
2.805454897173819e-07,0.9000580336801106,-1.1600205537719102e-05,0.018816777671433887,-0.030197130445714038,-0.0074259052466345565
2.805470633208605e-07,0.9026544794198293,-1.1594671895112496e-05,0.01880780150958221,-0.030017777044179184,-0.007425905661705201
2.805479632844832e-07,0.9041394193972353,-1.159150832202045e-05,0.018802669854615813,-0.029915780296818184,-0.0074259093465940396
2.8054910232039676e-07,0.9060188286546161,-1.1587505593864153e-05,0.01879617700028149,-0.029786643743420882,-0.007425909041145928
2.8055138039222394e-07,0.9097776471694651,-1.1579504283566574e-05,0.018783198016702467,-0.029529465733332927,-0.0074259150107991445
2.805559365358783e-07,0.9172952841991628,-1.1563518232218954e-05,0.018757266926692114,-0.02901817974378673,-0.007425920368874017
2.80565048823187e-07,0.9323305582585588,-1.1531612292379823e-05,0.018705512069864264,-0.02800900380850635,-0.007425937666241111
2.805832733978044e-07,0.9624011063772628,-1.1468064152400507e-05,0.01860243017039474,-0.026044236465764925,-0.007425965679729529
2.806197225470392e-07,1.0225422026146713,-1.1342015584457763e-05,0.01839796587264927,-0.022329039566216125,-0.007426028288008979
2.806926208455088e-07,1.1428243950894879,-1.109405203270072e-05,0.01799574239404398,-0.015755997249812026,-0.007426146923307897
2.807926208455088e-07,1.3078243950895003,-1.0762685191639304e-05,0.017458229833964698,-0.00859888509566531,-0.007426314867245765
2.808926208455088e-07,1.4728243950895128,-1.0441215904955852e-05,0.01693677216875536,-0.0035928840517271965,-0.007426478423610661
2.809926208455088e-07,1.637824395089525,-1.0129348543862148e-05,0.016430889856785813,-0.0007379941188787598,-0.007426646367605372
2.8109262084550883e-07,1.8028243950895377,-9.826796309640434e-06,0.015940117679794395,-2.0881933835426025e-06,-0.007426809923941846
2.8119262084550884e-07,1.9678243950895498,-9.533280969951954e-06,0.015464004315065017,-2.0881933835426025e-06,-0.007426977867879714
2.8129262084550884e-07,2.1328243950895622,-9.248532602925101e-06,0.015002111920382886,-2.0881933835426025e-06,-0.00742714142424461
2.8139262084550885e-07,2.2978243950895747,-8.972289348964923e-06,0.014554015731387104,-2.0881933835426025e-06,-0.007427309368239321
2.8149262084550886e-07,2.462824395089587,-8.704297169918207e-06,0.014119303670949898,-2.0881933835426025e-06,-0.007427472924632639
2.8159262084550887e-07,2.6278243950895996,-8.444309615471046e-06,0.013697575970223256,-2.0881933835426025e-06,-0.007427640868570506
2.816926208455089e-07,2.792824395089612,-8.192087596499152e-06,0.01328844480100448,-2.0881933835426025e-06,-0.0074278044249354025
2.817926208455089e-07,2.957824395089624,-7.947399165204955e-06,0.012891533919082532,-2.0881933835426025e-06,-0.007427972368930114
2.818926208455089e-07,3.122824395089637,-7.71001930180535e-06,0.01250647831823728,-2.0881933835426025e-06,-0.007428135925238166
2.819926208455089e-07,3.287824395089649,-7.479729707610145e-06,0.012132923894573341,-2.0881933835426025e-06,-0.007428303869232877
2.82e-07,3.299999999999986,-7.463012619669469e-06,0.0121058069847807,-2.088178831627374e-06,-0.007428313906416406
2.82000069516618e-07,3.3000000000000003,-7.462855312903684e-06,0.012105551816352419,-2.088244315245902e-06,-3.315004278192646e-06
2.820002085498539e-07,3.3000000000000003,-7.462540706064246e-06,0.012105041490252832,-2.088244315245902e-06,-3.315002516046661e-06
2.8200048661632576e-07,3.3000000000000003,-7.461911532046434e-06,0.012104020902592787,-2.088011484602248e-06,-3.315004278192646e-06
2.820010427492695e-07,3.3000000000000003,-7.460653343246025e-06,0.012101979985401981,-2.088011484602248e-06,-3.315002516046661e-06
2.820021550151569e-07,3.3000000000000003,-7.458137602069266e-06,0.012097899183319926,-2.0881861075849883e-06,-3.315004221349227e-06
2.820043795469318e-07,3.3000000000000003,-7.453108664156413e-06,0.012089741706613904,-2.0881570037545316e-06,-3.3150024592032423e-06
2.8200882861048153e-07,3.3000000000000003,-7.443060957790027e-06,0.012073443249123421,-2.0881861075849883e-06,-3.315004221349227e-06
2.82017726737581e-07,3.3000000000000003,-7.423006154309789e-06,0.012040912206710983,-2.08817155566976e-06,-3.3150024023598235e-06
2.820355229917799e-07,3.3000000000000003,-7.383058438021757e-06,0.01197611272590921,-2.088204297479024e-06,-3.315004278192646e-06
2.820711155001777e-07,3.3000000000000003,-7.303806223610812e-06,0.011847557133199928,-2.088191564553199e-06,-3.3150024592032423e-06
2.8214230051697337e-07,3.3000000000000003,-7.147840329257068e-06,0.0115945637229614,-2.0881924740479008e-06,-3.315004221349227e-06
2.822423005169734e-07,3.3000000000000003,-6.934342387890556e-06,0.011248247161339908,-2.0881933835426025e-06,-3.3150024592032423e-06
2.823423005169734e-07,3.3000000000000003,-6.7272213896174685e-06,0.010912274685422637,-2.0881933835426025e-06,-3.315004221349227e-06
2.824423005169734e-07,3.3000000000000003,-6.526286862315134e-06,0.010586337329018203,-2.0881933835426025e-06,-3.3150024592032423e-06
2.825423005169734e-07,3.3000000000000003,-6.331354023073158e-06,0.010270135354407432,-2.0881933835426025e-06,-3.315004221349227e-06
2.826423005169734e-07,3.3000000000000003,-6.142243608219527e-06,0.009963377976699281,-2.0881933835426025e-06,-3.3150024592032423e-06
2.827423005169734e-07,3.3000000000000003,-5.958781708500605e-06,0.009665783096419947,-2.0881933835426025e-06,-3.315004221349227e-06
2.828423005169734e-07,3.3000000000000003,-5.780799609125318e-06,0.00937707704008924,-2.0881933835426025e-06,-3.3150024592032423e-06
2.8294230051697343e-07,3.3000000000000003,-5.608133634632026e-06,0.009096994308545627,-2.0881933835426025e-06,-3.315004221349227e-06
2.8304230051697343e-07,3.3000000000000003,-5.4406249983550655e-06,0.00882527733278855,-2.0881933835426025e-06,-3.3150024592032423e-06
2.8314230051697344e-07,3.3000000000000003,-5.278119656410209e-06,0.008561676237113448,-2.0881933835426025e-06,-3.315004221349227e-06
2.8324230051697345e-07,3.3000000000000003,-5.120468166029599e-06,0.008305948609321668,-2.0881933835426025e-06,-3.3150024592032423e-06
2.8334230051697346e-07,3.3000000000000003,-4.9675255481340305e-06,0.008057859277793946,-2.0881933835426025e-06,-3.315004221349227e-06
2.8344230051697346e-07,3.3000000000000003,-4.819151154003267e-06,0.007817180095222457,-2.0881933835426025e-06,-3.3150024592032423e-06
2.8354230051697347e-07,3.3000000000000003,-4.67520853594021e-06,0.007583689728802537,-2.0881933835426025e-06,-3.315004221349227e-06
2.836423005169735e-07,3.3000000000000003,-4.5355653217824045e-06,0.007357173456691152,-2.0881933835426025e-06,-3.3150024592032423e-06
2.837423005169735e-07,3.3000000000000003,-4.400093093177876e-06,0.007137422970544924,-2.0881933835426025e-06,-3.315004221349227e-06
2.838423005169735e-07,3.3000000000000003,-4.26866726748414e-06,0.006924236183956112,-2.0881933835426025e-06,-3.3150024592032423e-06
2.839423005169735e-07,3.3000000000000003,-4.1411669832044615e-06,0.006717417046610399,-2.0881933835426025e-06,-3.315004221349227e-06
2.840423005169735e-07,3.3000000000000003,-4.017474988835704e-06,0.006516775363995582,-2.0881933835426025e-06,-3.3150024592032423e-06
2.841423005169735e-07,3.3000000000000003,-3.8974775350486e-06,0.006322126622495358,-2.0881933835426025e-06,-3.315004221349227e-06
2.842423005169735e-07,3.3000000000000003,-3.7810642700744172e-06,0.0061332918197073635,-2.0881933835426025e-06,-3.3150024592032423e-06
2.8434230051697353e-07,3.3000000000000003,-3.6681281382313627e-06,0.005950097299829409,-2.0881933835426025e-06,-3.315004221349227e-06
2.8444230051697354e-07,3.3000000000000003,-3.5585652814675214e-06,0.005772374593962566,-2.0881933835426025e-06,-3.3150024592032423e-06
2.844460889121658e-07,3.3000000000000003,-3.5544798835761416e-06,0.005765747637323935,-2.0881861075849883e-06,-3.315004221349227e-06
2.8445366570255034e-07,3.3000000000000003,-3.5463231434337427e-06,0.005752516535123246,-2.088178831627374e-06,-3.3150024592032423e-06
2.8446881928331945e-07,3.3000000000000003,-3.530065760677311e-06,0.005726145313596509,-2.088204297479024e-06,-3.315004221349227e-06
2.844991264448576e-07,3.3000000000000003,-3.497774065524831e-06,0.005673764721350039,-2.0881933835426025e-06,-3.3150024592032423e-06
2.8450064524663286e-07,3.3000000000000003,-3.496163618102247e-06,0.005671152402763207,-2.088215211415445e-06,-3.315004221349227e-06
2.8450368285018333e-07,3.3000000000000003,-3.4929449471301396e-06,0.005665931373055533,-2.08817155566976e-06,-3.3150024592032423e-06
2.8450975805728433e-07,3.3000000000000003,-3.4865164905910828e-06,0.0056555037269060944,-2.0882006595002167e-06,-3.315004221349227e-06
2.845219084714863e-07,3.3000000000000003,-3.4736950377936326e-06,0.005634705955161067,-2.088178831627374e-06,-3.3150024023598235e-06
2.845225184222035e-07,3.3000000000000003,-3.473052645991313e-06,0.005633663926757205,-2.088011484602248e-06,-3.315004221349227e-06
2.84523738323638e-07,3.3000000000000003,-3.4717682187547555e-06,0.00563158044800421,-2.088127899924075e-06,-3.3150024592032423e-06
2.8452617812650704e-07,3.3000000000000003,-3.46920078905627e-06,0.0056274158016484215,-2.0881570037545316e-06,-3.315004278192646e-06
2.8452630060402305e-07,3.3000000000000003,-3.4690719547691416e-06,0.005627206818617417,-2.0887099765332096e-06,-3.31500257289008e-06
2.8452654555905507e-07,3.3000000000000003,-3.468814300510557e-06,0.005626788875837728,-2.088244315245902e-06,-3.315004221349227e-06
2.8452703546911915e-07,3.3000000000000003,-3.4682990495084406e-06,0.005625953083398977,-2.088127899924075e-06,-3.3150024592032423e-06
2.8452801528924727e-07,3.3000000000000003,-3.4672687770512213e-06,0.005624281870934838,-2.0881861075849883e-06,-3.315004221349227e-06
2.845299749295035e-07,3.3000000000000003,-3.46520915010738e-06,0.0056209409351069654,-2.0881570037545316e-06,-3.3150024592032423e-06
2.84530073302949e-07,3.3000000000000003,-3.4651057896370334e-06,0.00562077327330109,-2.088244315245902e-06,-3.315004164505808e-06
2.8453027004983994e-07,3.3000000000000003,-3.464899077879308e-06,0.0056204379646922,-2.088011484602248e-06,-3.3150024592032423e-06
2.8453066354362187e-07,3.3000000000000003,-3.464485691402296e-06,0.00561976740748138,-2.088011484602248e-06,-3.315004221349227e-06
2.8453068329689533e-07,3.3000000000000003,-3.46446494093604e-06,0.005619733747813288,-2.0868473313839786e-06,-3.3150028002637555e-06
2.8453072280344224e-07,3.3000000000000003,-3.4644234398757993e-06,0.005619666429081917,-2.0887099765332096e-06,-3.315004278192646e-06
2.845307247866591e-07,3.3000000000000003,-3.4644213589276976e-06,0.005619663049723006,-2.068220879891669e-06,-3.315006665616238e-06
2.8453072875309277e-07,3.3000000000000003,-3.4644171910362594e-06,0.00561965629101128,-2.0980232022793643e-06,-3.3150057561215363e-06
2.845307366859601e-07,3.3000000000000003,-3.46440885613391e-06,0.005619642773612214,-2.0831220410855167e-06,-3.31500257289008e-06
2.8453075255169474e-07,3.3000000000000003,-3.464392190295252e-06,0.005619615738911622,-2.0868473313839786e-06,-3.3150043918794836e-06
2.8453075334814986e-07,3.3000000000000003,-3.464391355241541e-06,0.005619614381781185,-2.0980232022793643e-06,-3.315010303595045e-06
2.845307549410601e-07,3.3000000000000003,-3.464389677142641e-06,0.005619611667521294,-2.068220879891669e-06,-3.315006665616238e-06
2.8453075812688063e-07,3.3000000000000003,-3.464386335150195e-06,0.005619606239005449,-2.0980232022793643e-06,-3.3150048466268345e-06
2.845307644985216e-07,3.3000000000000003,-3.464379640505628e-06,0.005619595381989493,-2.0905726216824405e-06,-3.3150048466268345e-06
2.845307772418036e-07,3.3000000000000003,-3.4643662547490634e-06,0.005619573668020511,-2.0868473313839786e-06,-3.31500257289008e-06
2.845307778815125e-07,3.3000000000000003,-3.4643655762968604e-06,0.005619572577987992,-2.0384185575039737e-06,-3.3150175795526593e-06
2.8453077916093037e-07,3.3000000000000003,-3.464364240702091e-06,0.005619570397923586,-2.0980232022793643e-06,-3.315006665616238e-06
2.845307793037921e-07,3.3000000000000003,-3.4643640303151814e-06,0.005619570154494366,-2.2768371366055362e-06,-3.315046683383116e-06
2.8453077958951554e-07,3.3000000000000003,-3.4643637942265e-06,0.0056195696676359565,-2.0384185575039737e-06,-3.3150175795526593e-06
2.8453078016096246e-07,3.3000000000000003,-3.464363187086877e-06,0.005619568693919267,-2.0384185575039737e-06,-3.3150175795526593e-06
2.8453078025643085e-07,3.3000000000000003,-3.4643631582308595e-06,0.0056195685312459675,-2.2768371366055362e-06,-3.3150175795526593e-06
2.8453078044736764e-07,3.3000000000000003,-3.4643628874205772e-06,0.005619568205899384,-2.0384185575039737e-06,-3.3150175795526593e-06
2.8453078050254946e-07,3.3000000000000003,0.4531288163001436,0.005619571900457661,-0.01356409299760594,-3.3151339948744862e-06
2.845307805613149e-07,3.3000000000000003,0.45314836168753386,0.005619579869745442,-0.013563731385701494,-3.3150757872135728e-06
2.8453078059328146e-07,3.3000000000000003,0.45315899365039186,0.00561958420493638,-0.01356405344565258,-3.3151339948744862e-06
2.845307806328933e-07,3.3000000000000003,0.4531721682930525,0.005619589577097343,-0.013564452527639046,-3.3151339948744862e-06
2.8453078071211705e-07,3.3000000000000003,0.45319851719258103,0.005619600321893503,-0.013565250679885994,-3.3150175795526593e-06
2.845307808705645e-07,3.3000000000000003,0.4532512134462217,0.005619621813382699,-0.013567323774658585,-3.3150175795526593e-06
2.8453078118745945e-07,3.3000000000000003,0.4533565997736139,0.005619664803948232,-0.01357027768378438,-3.315003027637431e-06
2.8453078182124926e-07,3.3000000000000003,0.45356734770878365,0.005619750815424887,-0.013576661589197157,-3.315010303595045e-06
2.8453078308882893e-07,3.3000000000000003,0.45398874472291334,0.005619922959736814,-0.013589486005235941,-3.315006665616238e-06
2.8453078562398827e-07,3.3000000000000003,0.4548311434801582,0.005620267733605083,-0.013614973832671901,-3.3150048466268345e-06
2.845307906943069e-07,3.3000000000000003,0.4565143611430238,0.00562095922080007,-0.013665990959910161,-3.315003027637431e-06
2.8453080083494416e-07,3.3000000000000003,0.4598744869369752,0.005622349940887266,-0.013767766720182257,-3.3150043918794836e-06
2.8453082111621867e-07,3.3000000000000003,0.4665695791346975,0.00562516226703033,-0.013970566049746181,-3.3150028002637555e-06
2.845308616787677e-07,3.3000000000000003,0.47985975235484507,0.005630909692968434,-0.014373139559964632,-3.315004164505808e-06
2.8453094280386576e-07,3.3000000000000003,0.5060450092955131,0.00564288954636215,-0.015166295353954765,-3.3150024592032423e-06
2.84531085477198e-07,3.3000000000000003,0.5508470739031569,0.005665492108613472,-0.01652329355137642,-3.315004278192646e-06
2.845312383108453e-07,3.3000000000000003,0.5971223783912604,0.005691812196504619,-0.017924823736834773,-3.3150024592032423e-06
2.8453143129099163e-07,3.3000000000000003,0.6531184331517983,0.005728034598180254,-0.019620632228668996,-3.315004278192646e-06
2.845316278061846e-07,3.3000000000000003,0.7074650537090659,0.005768203710459044,-0.02126633661912942,-3.3150024592032423e-06
2.845318599300845e-07,3.3000000000000003,0.768359132406857,0.005819701321967885,-0.023110112091650096,-3.315004278192646e-06
2.8453209659852163e-07,3.3000000000000003,0.8269564827446004,0.005876488099923607,-0.024884126927707625,-3.315002516046661e-06
2.845323654701398e-07,3.3000000000000003,0.8895084582465108,0.005945932038249736,-0.026777599992803745,-3.315004278192646e-06
2.8453264028196966e-07,3.3000000000000003,0.9492946664812096,0.006021998087139621,-0.028587057561455968,-3.3150024592032423e-06
2.845329448491138e-07,3.3000000000000003,1.0109896102195812,0.006111898480714525,-0.030453938984590447,-3.315004278192646e-06
2.8453325726574846e-07,3.3000000000000003,1.0696362436349802,0.0062098034235332465,-0.03222820129158049,-3.315002516046661e-06
2.845335979148698e-07,3.3000000000000003,1.1286383214229407,0.006322617232769697,-0.034012783677388116,-3.315004221349227e-06
2.8453394861074924e-07,3.3000000000000003,1.1844145731814395,0.006444844599868681,-0.03569932480850001,-3.3150024592032423e-06
2.845343268136527e-07,3.3000000000000003,1.2393977043241617,0.00658299091434332,-0.03736134902889419,-3.315004164505808e-06
2.845347175088952e-07,3.3000000000000003,1.2910567582178283,0.0067319961291588595,-0.038922311370461773,-3.3150024592032423e-06
2.845351357493885e-07,3.3000000000000003,1.3411097143744148,0.006897932192192049,-0.040434089305060004,-3.315004221349227e-06
2.8453556923030704e-07,3.3000000000000003,1.3878121754243937,0.00707624704481923,-0.04184395850323478,-3.3150024592032423e-06
2.8453603107914817e-07,3.3000000000000003,1.4323709776035258,0.0072725911852250524,-0.04318831997232644,-3.315004221349227e-06
2.8453651133340877e-07,3.3000000000000003,1.4736213562227174,0.007482974333153877,-0.04443199756557884,-3.3150024592032423e-06
2.845370216431892e-07,3.3000000000000003,1.5124139674530965,0.007712678657408796,-0.045600609178334243,-3.315004221349227e-06
2.845375541171441e-07,3.3000000000000003,1.5480050279972466,0.007958322446222688,-0.04667171812086538,-3.3150024023598235e-06
2.8453811935557393e-07,3.3000000000000003,1.5810030778677306,0.008224911573958067,-0.047663613565712984,-3.315004221349227e-06
2.8453871136928997e-07,3.3000000000000003,1.6109657338212264,0.008509727056082144,-0.04856297202749809,-3.3150024592032423e-06
2.845393401412536e-07,3.3000000000000003,1.638340922598143,0.008817632808930448,-0.049383220100428206,-3.315004278192646e-06
2.8454000153333237e-07,3.3000000000000003,1.662898722067032,0.009146652856620988,-0.05011745021168837,-3.3150024592032423e-06
2.845407053889613e-07,3.3000000000000003,1.6849829933452718,0.009501698257143833,-0.05077593351158993,-3.315004221349227e-06
2.8454144952301473e-07,3.3000000000000003,1.704510822285126,0.009881670067399526,-0.05135619113429518,-3.3150024592032423e-06
2.845422442295506e-07,3.3000000000000003,1.7217599888508444,0.010291798524967439,-0.051866482381897304,-3.315004278192646e-06
2.845430896041433e-07,3.3000000000000003,1.7367468105109678,0.010732095602381218,-0.05230730120221906,-3.3150024592032423e-06
2.845439972135089e-07,3.3000000000000003,1.7497075087339324,0.011208523645031292,-0.05268562532229034,-3.315004221349227e-06
2.845449701367038e-07,3.3000000000000003,1.7607229486644447,0.011722625004071913,-0.05300385877690497,-3.3150024592032423e-06
2.8454602249915775e-07,3.3000000000000003,1.7700027603334654,0.01228176770856547,-0.05326813069443025,-3.315004221349227e-06
2.8454716175933726e-07,3.3000000000000003,1.7776671982148455,0.012889804397061454,-0.053481968639815115,-3.3150024592032423e-06
2.845484068438993e-07,3.3000000000000003,1.7839075730951128,0.013556703431249793,-0.05365086814586787,-3.315004221349227e-06
2.8454977240387273e-07,3.3000000000000003,1.788865108283179,0.014290159311066569,-0.053778875564883824,-3.3150024023598235e-06
2.8455128651901186e-07,3.3000000000000003,1.7927163239284385,0.015105071266366905,-0.05387088853150251,-3.315004221349227e-06
2.845529770759314e-07,3.3000000000000003,1.7956094633317734,0.016016231365726216,-0.05393095143267298,-3.315002516046661e-06
2.8455489080794e-07,3.3000000000000003,1.7977061564356784,0.017048559542975142,-0.05396320701200326,-3.315004221349227e-06
2.84557083268019e-07,3.3000000000000003,1.799150149782517,0.018231682776097432,-0.053971113581834006,-3.3150024592032423e-06
2.8455964382375625e-07,3.3000000000000003,1.8000847003119285,0.019613370212076462,-0.05395756491316698,-3.315004164505808e-06
2.845626961025132e-07,3.3000000000000003,1.800637817328856,0.02125968125806475,-0.05392443838909928,-3.3150024023598235e-06
2.8456644652567546e-07,3.3000000000000003,1.8009267789308026,0.02328094566463646,-0.053871944668217014,-3.315004278192646e-06
2.8457122879624905e-07,3.3000000000000003,1.8010502436496905,0.025855285962702416,-0.05379767584927986,-3.3150024592032423e-06
2.845776715454846e-07,3.3000000000000003,1.8010865940096368,0.02931774026340307,-0.05369385453230651,-3.315004221349227e-06
2.845870530713963e-07,3.3000000000000003,1.8010888221527155,0.03434753187020284,-0.053541504126501153,-3.3150024592032423e-06
2.8460254129822505e-07,3.3000000000000003,1.8010832465644628,0.04262013269283525,-0.053290650319385964,-3.315004221349227e-06
2.8463351775188264e-07,3.3000000000000003,1.8010732981415574,0.05904932602586761,-0.05279249448589054,-3.3150024592032423e-06
2.8469547065919776e-07,3.3000000000000003,1.8010532072006857,0.09144908292617152,-0.05181007483337701,-3.315004221349227e-06
2.8479547065919777e-07,3.3000000000000003,1.8010218413778212,0.1424815737131292,-0.050262685206869225,-3.3150024592032423e-06
2.848954706591978e-07,3.3000000000000003,1.800991240681845,0.19198978169273231,-0.04876150915579637,-3.315004221349227e-06
2.849954706591978e-07,3.3000000000000003,1.800961699976123,0.24001923508485926,-0.047305175971775366,-3.3150024592032423e-06
2.850954706591978e-07,3.3000000000000003,1.800932917527187,0.2866141029555099,-0.045892338054520566,-3.315004221349227e-06
2.851954706591978e-07,3.3000000000000003,1.8009051002600294,0.3318172344760501,-0.04452170321495485,-3.3150024592032423e-06
2.852954706591978e-07,3.3000000000000003,1.800878024198765,0.3756701994836127,-0.04319200497367189,-3.315004221349227e-06
2.853954706591978e-07,3.3000000000000003,1.8008518330876098,0.4182133257271821,-0.04190202563370122,-3.3150024592032423e-06
2.854954706591978e-07,3.3000000000000003,1.80082635948636,0.4594857367886688,-0.04065057455784165,-3.315004221349227e-06
2.8559547065919783e-07,3.3000000000000003,1.8008017018263502,0.49952538735188345,-0.03943650458702563,-3.3150024592032423e-06
2.8569547065919784e-07,3.3000000000000003,1.8007777338480973,0.538369098709655,-0.03825869609832961,-3.315004221349227e-06
2.8579547065919784e-07,3.3000000000000003,1.8007545215608969,0.5760525921124863,-0.03711606862996484,-3.3150024592032423e-06
2.8589547065919785e-07,3.3000000000000003,1.800731968771528,0.6126105220543886,-0.03600756913070683,-3.315004221349227e-06
2.8599547065919786e-07,3.3000000000000003,1.8007101183629912,0.6480765077711907,-0.03493218013536128,-3.3150024592032423e-06
2.8609547065919787e-07,3.3000000000000003,1.8006888961590755,0.6824831644723802,-0.03388891105640859,-3.315004221349227e-06
2.8619547065919787e-07,3.3000000000000003,1.8006683286156204,0.7158621330668572,-0.03287680388014613,-3.3150024592032423e-06
2.862954706591979e-07,3.3000000000000003,1.800648357740079,0.7482441094880808,-0.03189492666936416,-3.315004221349227e-06
2.863954706591979e-07,3.3000000000000003,1.8006289983850696,0.7796588727291108,-0.030942377480427843,-3.3150024592032423e-06
2.864954706591979e-07,3.3000000000000003,1.8006102045105254,0.8101353123923554,-0.03001827947564034,-3.315004221349227e-06
2.865954706591979e-07,3.3000000000000003,1.8005919828357986,0.8397014551171557,-0.029121783566523892,-3.3150024592032423e-06
2.866954706591979e-07,3.3000000000000003,1.8005742962007518,0.8683844904724131,-0.028252064700646205,-3.315004221349227e-06
2.867954706591979e-07,3.3000000000000003,1.8005571456839993,0.8962107958595761,-0.027408323595498232,-3.3150024592032423e-06
2.868954706591979e-07,3.3000000000000003,1.80054050077087,0.9232059608556318,-0.026589783884635575,-3.315004221349227e-06
2.8699547065919793e-07,3.3000000000000003,1.8005243586863746,0.9493948106727361,-0.025795693204808637,-3.3150024592032423e-06
2.8709547065919794e-07,3.3000000000000003,1.8005086939332684,0.9748014290499628,-0.02502532097307318,-3.315004221349227e-06
2.8719547065919795e-07,3.3000000000000003,1.800493501161216,0.9994491803483894,-0.024277959016350728,-3.3150024592032423e-06
2.8729547065919796e-07,3.3000000000000003,1.800478758701335,1.023360731082207,-0.023552919813920405,-3.315004221349227e-06
2.8739547065919796e-07,3.3000000000000003,1.8004644595392667,1.0465580707251354,-0.022849536805530427,-3.3150024592032423e-06
2.8749547065919797e-07,3.3000000000000003,1.8004505849633679,1.0690625319647231,-0.02216716297906533,-3.315004221349227e-06
2.87595470659198e-07,3.3000000000000003,1.8004371269421708,1.0908948102927245,-0.021505170955025528,-3.3150024592032423e-06
2.87695470659198e-07,3.3000000000000003,1.8004240690805826,1.1120749830604455,-0.020862951831988573,-3.315004221349227e-06
2.87795470659198e-07,3.3000000000000003,1.8004114027865656,1.13262252792233,-0.020239915117628297,-3.3150024592032423e-06
2.87895470659198e-07,3.3000000000000003,1.8003991135080581,1.1525563407648676,-0.019635487768337633,-3.315004221349227e-06
2.87995470659198e-07,3.3000000000000003,1.8003871924120751,1.1718947530692023,-0.019049114017012973,-3.3150024592032423e-06
2.88095470659198e-07,3.3000000000000003,1.8003756264374795,1.1906555487813095,-0.018480254560395367,-3.315004221349227e-06
2.88195470659198e-07,3.3000000000000003,1.8003644067316313,1.2088559806560335,-0.017928386319461347,-3.3150024592032423e-06
2.8829547065919803e-07,3.3000000000000003,1.8003535214605282,1.2265127861318559,-0.017393001740487427,-3.315004221349227e-06
2.8839547065919804e-07,3.3000000000000003,1.8003429619026876,1.2436422027154306,-0.016873608513521335,-3.3150024592032423e-06
2.8849547065919805e-07,3.3000000000000003,1.8003327172518173,1.2602599829202612,-0.016369728962194817,-3.315004221349227e-06
2.8859547065919805e-07,3.3000000000000003,1.8003227790180094,1.2763814087475644,-0.015880899738283497,-3.3150024592032423e-06
2.8869547065919806e-07,3.3000000000000003,1.8003131372702852,1.2920213057444776,-0.015406671281834561,-3.315004221349227e-06
2.8879547065919807e-07,3.3000000000000003,1.8003037838148215,1.3071940566339726,-0.014946607504452054,-3.3150024592032423e-06
2.888954706591981e-07,3.3000000000000003,1.8002947094780257,1.3219136145447925,-0.014500285306056007,-3.315004221349227e-06
2.889954706591981e-07,3.3000000000000003,1.8002859064011947,1.3361935158401603,-0.014067294255671147,-3.3150024592032423e-06
2.890954706591981e-07,3.3000000000000003,1.8002773660755598,1.3500468925684654,-0.013647236154587175,-3.315004221349227e-06
2.891954706591981e-07,3.3000000000000003,1.8002690809986144,1.3634864845376784,-0.01323972472066092,-3.3150024592032423e-06
2.892954706591981e-07,3.3000000000000003,1.8002610432526136,1.3765246510328408,-0.012844385190163682,-3.315004221349227e-06
2.893954706591981e-07,3.3000000000000003,1.800253245699764,1.3891733821804038,-0.012460854009626343,-3.3150024592032423e-06
2.894954706591981e-07,3.3000000000000003,1.8002456809535086,1.4014443099758145,-0.012088778470495954,-3.315004221349227e-06
2.8959547065919813e-07,3.3000000000000003,1.8002383422406047,1.413348718979434,-0.011727816411141375,-3.3150024592032423e-06
2.8969547065919814e-07,3.3000000000000003,1.800231222656319,1.4248975566949273,-0.011377635879786057,-3.315004221349227e-06
2.8979547065919814e-07,3.3000000000000003,1.8002243157859,1.4361014436360073,-0.011037914848288286,-3.3150024592032423e-06
2.8989547065919815e-07,3.3000000000000003,1.8002176151650002,1.4469706830939015,-0.010708340899806035,-3.315004221349227e-06
2.8999547065919816e-07,3.3000000000000003,1.8002111147273836,1.4575152706118806,-0.010388610955257225,-3.3150024592032423e-06
2.9009547065919817e-07,3.3000000000000003,1.8002048084137234,1.4677449031778118,-0.010078430982902689,-3.315004221349227e-06
2.9019547065919817e-07,3.3000000000000003,1.800198690493825,1.4776689881412735,-0.009777515737895056,-3.3150024592032423e-06
2.902954706591982e-07,3.3000000000000003,1.8001927552827168,1.4872966518650645,-0.009485588491508344,-3.315004221349227e-06
2.903954706591982e-07,3.3000000000000003,1.8001869973722786,1.4966367481176748,-0.009202380783839873,-3.3150024592032423e-06
2.904954706591982e-07,3.3000000000000003,1.8001814114249295,1.5056978662156135,-0.008927632170820949,-3.315004221349227e-06
2.905954706591982e-07,3.3000000000000003,1.800175992339865,1.5144883389220851,-0.008661089989900776,-3.3150024592032423e-06
2.906954706591982e-07,3.3000000000000003,1.8001707351028873,1.5230162501101239,-0.008402509123279387,-3.315004221349227e-06
2.907954706591982e-07,3.3000000000000003,1.8001656349054551,1.5312894421965138,-0.008151651776245184,-3.3150024592032423e-06
2.908954706591982e-07,3.3000000000000003,1.8001606870351463,1.5393155233539404,-0.00790828725530533,-3.315004221349227e-06
2.9099547065919823e-07,3.3000000000000003,1.8001558869606762,1.547101874507492,-0.00767219175874701,-3.3150024592032423e-06
2.9109547065919824e-07,3.3000000000000003,1.8001512302517761,1.5546556561223799,-0.007443148168520993,-3.315004221349227e-06
2.9119547065919825e-07,3.3000000000000003,1.800146712639687,1.5619838147887488,-0.0072209458525349275,-3.3150024592032423e-06
2.9129547065919826e-07,3.3000000000000003,1.800142329958345,1.5690930896099513,-0.007005380469287269,-3.315004221349227e-06
2.9139547065919826e-07,3.3000000000000003,1.80013807818721,1.5759900183998867,-0.006796253781366695,-3.3150024592032423e-06
2.9149547065919827e-07,3.3000000000000003,1.800133953407906,1.5826809436953397,-0.0065933734719462326,-3.315004221349227e-06
2.915954706591983e-07,3.3000000000000003,1.8001299518343299,1.589172018588647,-0.0063965529689481845,-3.3150024592032423e-06
2.916954706591983e-07,3.3000000000000003,1.800126069780515,1.5954692123862229,-0.0062056112725997585,-3.315004221349227e-06
2.917954706591983e-07,3.3000000000000003,1.8001223036815996,1.6015783160980095,-0.006020372789721469,-3.3150024592032423e-06
2.918954706591983e-07,3.3000000000000003,1.800118650069841,1.6075049477630161,-0.005840667171620411,-3.315004221349227e-06
2.919954706591983e-07,3.3000000000000003,1.8001151055890297,1.6132545576157455,-0.005666329157968644,-3.3150024592032423e-06
2.920954706591983e-07,3.3000000000000003,1.8001116669764403,1.6188324330983428,-0.005497198424372846,-3.315004221349227e-06
2.921954706591983e-07,3.3000000000000003,1.8001083310725492,1.6242437037230044,-0.005333119435323216,-3.3150024592032423e-06
2.9229547065919833e-07,3.3000000000000003,1.8001050948073183,1.6294933457891816,-0.005173941300832176,-3.315004221349227e-06
2.9239547065919834e-07,3.3000000000000003,1.8001019552065614,1.634586186959861,-0.005019517637952083,-3.3150024592032423e-06
2.9249547065919835e-07,3.3000000000000003,1.8000989093813977,1.6395269107011783,-0.004869706435921982,-3.315004221349227e-06
2.9259547065919835e-07,3.3000000000000003,1.8000959545322348,1.6443200605894062,-0.004724369925773444,-3.3150024592032423e-06
2.9269547065919836e-07,3.3000000000000003,1.8000930879405488,1.6489700444893167,-0.004583374453464553,-3.315004221349227e-06
2.9279547065919837e-07,3.3000000000000003,1.8000903069711862,1.6534811386077217,-0.00444659035711484,-3.3150024592032423e-06
2.928954706591984e-07,3.3000000000000003,1.8000876090658562,1.657857491425955,-0.004313891847642307,-3.315004221349227e-06
2.929954706591984e-07,3.3000000000000003,1.800084991744251,1.6621031275148834,-0.004185156893190617,-3.3150024592032423e-06
2.930954706591984e-07,3.3000000000000003,1.8000824525988122,1.666221951235978,-0.004060267106817126,-3.315004221349227e-06
2.931954706591984e-07,3.3000000000000003,1.8000799892950272,1.6702177503318272,-0.003939107637698249,-3.3150024592032423e-06
2.932954706591984e-07,3.3000000000000003,1.8000775995671485,1.6740941994094172,-0.003821567065445819,-3.315004221349227e-06
2.933954706591984e-07,3.3000000000000003,1.8000752812179224,1.6778548633193613,-0.003707537297698062,-3.3150024592032423e-06
2.934954706591984e-07,3.3000000000000003,1.800073032114982,1.6815032004342003,-0.003596913470693364,-3.315004221349227e-06
2.9359547065919843e-07,3.3000000000000003,1.8000708501904716,1.6850425658287838,-0.003489593852781323,-3.3150024592032423e-06
2.9369547065919844e-07,3.3000000000000003,1.800068733437323,1.6884762143656535,-0.003385479750967047,-3.315004221349227e-06
2.9379547065919844e-07,3.3000000000000003,1.800066679909433,1.6918073036882724,-0.0032844754201101925,-3.3150024592032423e-06
2.9389547065919845e-07,3.3000000000000003,1.8000646877179156,1.6950388971248516,-0.003186487974842349,-3.315004221349227e-06
2.9399547065919846e-07,3.3000000000000003,1.8000627550310782,1.6981739665054383,-0.003091427304199851,-3.3150024592032423e-06
2.9409547065919847e-07,3.3000000000000003,1.8000608800712812,1.7012153948948634,-0.0029992059887121044,-3.315004221349227e-06
2.941954706591985e-07,3.3000000000000003,1.800059061114539,1.7041659792440589,-0.0029097392200465536,-3.3150024592032423e-06
2.942954706591985e-07,3.3000000000000003,1.8000572964878863,1.707028432962183,-0.002822944722985642,-3.315004221349227e-06
2.943954706591985e-07,3.3000000000000003,1.8000555845687285,1.7098053884119184,-0.002738742679792128,-3.3150024592032423e-06
2.944954706591985e-07,3.3000000000000003,1.8000539237825957,1.7124993993302393,-0.002657055656784242,-3.315004221349227e-06
2.945954706591985e-07,3.3000000000000003,1.8000523126023356,1.715112943176873,-0.002577808533145977,-3.3150024592032423e-06
2.946954706591985e-07,3.3000000000000003,1.8000507495461626,1.7176484234126161,-0.0025009284318278854,-3.315004221349227e-06
2.947954706591985e-07,3.3000000000000003,1.8000492331767612,1.7201081717095967,-0.00242634465254239,-3.3150024592032423e-06
2.948954706591985e-07,3.3000000000000003,1.8000477620995685,1.7224944500955244,-0.0023539886067343073,-3.315004221349227e-06
2.9499547065919853e-07,3.3000000000000003,1.8000463349618263,1.7248094530338878,-0.002283793754516097,-3.3150024592032423e-06
2.9509547065919854e-07,3.3000000000000003,1.8000449504510545,1.7270553094420238,-0.0022156955434676938,-3.315004221349227e-06
2.9519547065919855e-07,3.3000000000000003,1.800043607294082,1.7292340846489058,-0.0021496313492804756,-3.3150024592032423e-06
2.9529547065919856e-07,3.3000000000000003,1.8000423042556766,1.7313477822944574,-0.0020855404181605395,-3.315004221349227e-06
2.9539547065919856e-07,3.3000000000000003,1.8000410401375768,1.7333983461721343,-0.0020233638109638037,-3.3150024592032423e-06
2.9549547065919857e-07,3.3000000000000003,1.8000398137772469,1.7353876620164714,-0.0019630443489899534,-3.315004221349227e-06
2.955954706591986e-07,3.3000000000000003,1.8000386240469304,1.7373175592372365,-0.001904526561403817,-3.3150024592032423e-06
2.956954706591986e-07,3.3000000000000003,1.800037469852509,1.7391898126017888,-0.0018477566342201014,-3.315004221349227e-06
2.957954706591986e-07,3.3000000000000003,1.80003635013263,1.7410061438671853,-0.0017926823607937298,-3.3150024592032423e-06
2.958954706591986e-07,3.3000000000000003,1.8000352638573824,1.7427682233635386,-0.0017392530939013722,-3.315004221349227e-06
2.959954706591986e-07,3.3000000000000003,1.8000342100281181,1.7444776715300827,-0.001687419699035165,-3.3150024592032423e-06
2.960954706591986e-07,3.3000000000000003,1.8000331876754065,1.7461360604053573,-0.001637134509285957,-3.315004221349227e-06
2.961954706591986e-07,3.3000000000000003,1.8000321958593382,1.7477449150728805,-0.0015883512815186341,-3.3150024592032423e-06
2.9629547065919863e-07,3.3000000000000003,1.8000312336675972,1.7493057150636446,-0.0015410251538138687,-3.315004221349227e-06
2.9639547065919864e-07,3.3000000000000003,1.800030300215526,1.7508198957167171,-0.001495112604239684,-3.3150024592032423e-06
2.9649547065919865e-07,3.3000000000000003,1.8000293946445434,1.7522888494992044,-0.0014505714108047187,-3.315004221349227e-06
2.9659547065919865e-07,3.3000000000000003,1.8000285161220086,1.7537139272867888,-0.0014073606126498522,-3.3150024592032423e-06
2.9669547065919866e-07,3.3000000000000003,1.800027663839899,1.7550964396060178,-0.0013654404723630704,-3.315004221349227e-06
2.9679547065919867e-07,3.3000000000000003,1.8000268370145414,1.7564376578394871,-0.0013247724394505733,-3.3150024592032423e-06
2.968954706591987e-07,3.3000000000000003,1.8000260348854873,1.7577388153950255,-0.001285319114872911,-3.315004221349227e-06
2.969954706591987e-07,3.3000000000000003,1.8000252567151576,1.7590011088399604,-0.0012470442166624832,-3.3150024592032423e-06
2.970954706591987e-07,3.3000000000000003,1.8000245017878707,1.7602256990014995,-0.0012099125465492165,-3.315004221349227e-06
2.971954706591987e-07,3.3000000000000003,1.8000237694094356,1.761413712034251,-0.0011738899575990658,-3.3150024592032423e-06
2.972954706591987e-07,3.3000000000000003,1.8000230589062993,1.762566240455852,-0.0011389433228056228,-3.315004221349227e-06
2.973954706591987e-07,3.3000000000000003,1.8000223696251088,1.763684344151669,-0.0011050405046312403,-3.3150024592032423e-06
2.974954706591987e-07,3.3000000000000003,1.8000217009319561,1.7647690513494863,-0.0010721503254483066,-3.315004221349227e-06
2.9759547065919873e-07,3.3000000000000003,1.8000210522119273,1.765821359565082,-0.001040242538871559,-3.3150024592032423e-06
2.9769547065919874e-07,3.3000000000000003,1.8000204228684242,1.7668422365195622,-0.0010092878019397063,-3.315004221349227e-06
2.9779547065919874e-07,3.3000000000000003,1.8000198123227122,1.7678326210292938,-0.0009792576481338952,-3.3150024592032423e-06
2.9789547065919875e-07,3.3000000000000003,1.8000192200133047,1.7687934238692558,-0.0009501244611970629,-3.315004221349227e-06
2.9799547065919876e-07,3.3000000000000003,1.800018645395519,1.769725528610604,-0.000921861449739591,-3.3150024592032423e-06
2.9809547065919877e-07,3.3000000000000003,1.8000180879409133,1.7706297924332195,-0.000894442622599668,-3.315004221349227e-06
2.981954706591988e-07,3.3000000000000003,1.8000175471368538,1.771507046913986,-0.0008678427649429215,-3.3150024592032423e-06
2.982954706591988e-07,3.3000000000000003,1.8000170224859984,1.7723580987915217,-0.0008420374150730885,-3.315004221349227e-06
2.983954706591988e-07,3.3000000000000003,1.8000165135058768,1.7731837307080716,-0.000817002841937694,-3.3150024592032423e-06
2.984954706591988e-07,3.3000000000000003,1.8000160197284147,1.7739847019292383,-0.0007927160233036517,-3.315004221349227e-06
2.985954706591988e-07,3.3000000000000003,1.800015540699532,1.7747617490422158,-0.0007691546245864352,-3.3150024592032423e-06
2.986954706591988e-07,3.3000000000000003,1.8000150759787001,1.7755155866331687,-0.0007462969783100702,-3.315004221349227e-06
2.987954706591988e-07,3.3000000000000003,1.800014625138558,1.776246907944377,-0.0007241220641819527,-3.3150024592032423e-06
2.9889547065919883e-07,3.3000000000000003,1.8000141877645015,1.7769563855117552,-0.0007026094897616852,-3.315004221349227e-06
2.9899547065919883e-07,3.3000000000000003,1.800013763454317,1.7776446717833272,-0.0006817394717083963,-3.3150024592032423e-06
2.9909547065919884e-07,3.3000000000000003,1.8000133518177983,1.77831239971923,-0.0006614928175870101,-3.315004221349227e-06
2.9919547065919885e-07,3.3000000000000003,1.8000129524763997,1.778960183373794,-0.0006418509082191173,-3.3150024592032423e-06
2.9929547065919886e-07,3.3000000000000003,1.8000125650628787,1.7795886184602376,-0.0006227956805600268,-3.315004221349227e-06
2.9939547065919886e-07,3.3000000000000003,1.800012189220963,1.7801982828984972,-0.0006043096110879835,-3.3150024592032423e-06
2.9949547065919887e-07,3.3000000000000003,1.8000118246050223,1.7807897373466914,-0.0005863756996889574,-3.315004221349227e-06
2.995954706591989e-07,3.3000000000000003,1.800011470879749,1.7813635257167129,-0.0005689774540232672,-3.3150024592032423e-06
2.996954706591989e-07,3.3000000000000003,1.8000111277198507,1.7819201756744176,-0.0005520988743588087,-3.315004221349227e-06
2.997954706591989e-07,3.3000000000000003,1.8000107948097523,1.7824601991248772,-0.0005357244388574824,-3.3150024592032423e-06
2.998954706591989e-07,3.3000000000000003,1.8000104718433039,1.782984092683136,-0.0005198390893009517,-3.315004221349227e-06
2.999954706591989e-07,3.3000000000000003,1.800010158523499,1.7834923381309058,-0.0005044282172429594,-3.3150024592032423e-06
3.0000000000000004e-07,3.299999999999973,1.8000101445568473,1.7835149937365846,-0.0005037412677722891,-3.3150041076623893e-06
3.0000006000000005e-07,3.2999009999999633,1.8000101443731062,1.783515293642962,-0.000503732683402256,0.007421685096858255
3.0000018000000006e-07,3.2997029999999437,1.8000101440033136,1.783515893444804,-0.0005037144963826477,0.007421685295867064
3.000004200000001e-07,3.2993069999999047,1.8000101432627087,1.7835170929830166,-0.0005036776586795227,0.007421685693486779
3.000009000000001e-07,3.2985149999999144,1.800010141784321,1.7835194917975816,-0.0005036046896798028,0.0074216864877030275
3.0000186000000006e-07,3.2969309999999337,1.80001013882774,1.783524288379464,-0.0005034594237197399,0.007421688080285094
3.000037800000001e-07,3.2937629999998848,1.800010132915681,1.7835338773557574,-0.0005031686404392749,0.0074216912616975605
3.000076200000001e-07,3.287426999999874,1.8000101211028523,1.7835530385706473,-0.0005025876687177733,0.007421697627307822
3.000153000000001e-07,3.2747549999998524,1.8000100975200264,1.7835912941469738,-0.0005014276868754505,0.0074217103560272335
3.000306600000002e-07,3.2494109999997227,1.8000100505169636,1.7836675386624128,-0.0004991158480949449,0.007421735816137698
3.000613800000003e-07,3.19872299999955,1.8000099571653871,1.7838189673248483,-0.0004945242608934107,0.007421786733743829
3.001228200000005e-07,3.0973469999992043,1.8000097730463218,1.784117632105938,-0.0004854682334285815,0.007421888571570889
3.002228200000005e-07,2.932346999999192,1.800009480598867,1.7845920200079282,-0.00047108398015124133,0.007422054320841198
3.003228200000005e-07,2.7673469999991793,1.8000091968864083,1.7850522384776213,-0.0004571293682871824,0.007422220071873653
3.0042282000000053e-07,2.602346999999167,1.8000089216481374,1.785498710739999,-0.00044359156496198384,0.007422385821143962
3.0052282000000054e-07,2.4373469999991544,1.8000086546309098,1.785931847378791,-0.0004304581205731661,0.007422551572176417
3.0062282000000054e-07,2.272346999999142,1.8000083955891983,1.7863520467140528,-0.0004177169573755312,0.007422717321418304
3.0072282000000055e-07,2.10734699999913,1.8000081442847602,1.7867596951684688,-0.00040535635837107907,0.0074228830724791806
3.0082282000000056e-07,1.9423469999991174,1.8000079004865117,1.787155167622713,-0.00039336495653658697,0.007423048821777911
3.0092282000000057e-07,1.7773469999991052,1.8000076639701874,1.787538827760195,-0.0003817317243921459,0.007423214572810366
3.0102282000000057e-07,1.6123469999990925,1.8000074345184793,1.7879110284015127,-0.0014067395259478915,0.007423380322052253
3.011228200000006e-07,1.4473469999990802,1.8000072119200698,1.7882721118289089,-0.004582830534496787,0.007423546073198395
3.012228200000006e-07,1.2823469999990675,1.800006995970565,1.7886224101010408,-0.009910359678567598,0.007423711822440282
3.013228200000006e-07,1.1173469999990555,1.8000067864711093,1.7889622453583487,-0.017389317190245838,0.007423877573486948
3.014228200000006e-07,0.952346999999043,1.8000065832292675,1.7892919301192993,-0.02701969359347179,0.007424043322743046
3.014522003087877e-07,0.9038694905003495,1.8000065246825612,1.7893869009739483,-0.030258029045576982,0.007424092021565798
3.014723178764095e-07,0.8706755039243976,1.8000064848928718,1.7894514438149653,-0.028530993575869194,0.007424125365531609
3.014952492266549e-07,0.8328387760194254,1.8000064398343352,1.7895245355667546,-0.02605920058761133,0.00742416337521945
3.015065671893202e-07,0.8141641376216744,1.800006417710017,1.7895604236231542,-0.024880923828814735,0.007424182133846102
3.0152368737304326e-07,0.7859158344786601,1.8000063843880911,1.789614476458143,-0.02315096879151437,0.007424210511487672
3.0155792774048934e-07,0.729419228192631,1.8000063182601285,1.7897217446890636,-0.019880231686036365,0.007424267264056539
3.016264084753815e-07,0.6164260156205734,1.8000061880423168,1.7899329744205392,-0.014095448345718152,0.007424380771873018
3.017264084753815e-07,0.4514260156205614,1.8000060026750595,1.7902336645977974,-0.007460472654589931,0.0074245465211504325
3.018264084753815e-07,0.2864260156205485,1.8000058228441314,1.7905253734981497,-0.0029768804021992217,0.007424712272204204
3.019264084753815e-07,0.12142601562053601,1.800005648384819,1.7908083693822192,-0.000644663454504698,0.007424878021478065
3.0200000000000003e-07,0.0,1.8000055233390317,1.7910112098409114,-0.0002764431542887844,0.007425000000440557
3.02000001671853e-07,0.0,1.8000055233367294,1.7910112143976271,-0.0002764379456832207,-4.2365860704288254e-23
3.0200000501555904e-07,0.0,1.8000055233311119,1.7910112235110542,-0.00027643766934848325,0.0
3.020000117029711e-07,0.0,1.8000055233192978,1.7910112417378814,-0.00027643711668576997,0.0
3.020000250777952e-07,0.0,1.8000055232977346,1.7910112781914242,-0.000276436011342635,0.0
3.020000518274433e-07,0.0,1.8000055232527916,1.7910113510980656,-0.0002764375259785033,0.0
3.0200010532673956e-07,0.0,1.8000055231619583,1.7910114969095743,-0.00027643403605594674,0.0
3.020002123253321e-07,0.0,1.8000055229821863,1.7910117885254957,-0.0002764256594233497,0.0
3.0200042632251726e-07,0.0,1.8000055226231881,1.791012371728956,-0.00027640774285959675,0.0
3.0200085431688747e-07,0.0,1.8000055219041264,1.7910135380223562,-0.0002763723788461082,0.0
3.0200171030562795e-07,0.0,1.8000055204654142,1.7910158701551449,-0.000276301839221955,0.0
3.0200342228310885e-07,0.0,1.800005517591512,1.7910205326052742,-0.000276160436652297,0.0
3.0200684623807066e-07,0.0,1.8000055118477956,1.7910298502484554,-0.0002758779388628184,0.0
3.0201369414799433e-07,0.0,1.800005500377894,1.7910484565441362,-0.000275313749549276,0.0
3.020273899678416e-07,0.0,1.8000054775075809,1.7910855534731265,-0.00027418893991242575,0.0
3.0205478160753625e-07,0.0,1.8000054320537544,1.7911592870733146,-0.00027195319820411194,0.0
3.021095648869255e-07,0.0,1.8000053422667899,1.7913049321986998,-0.00026753698952360023,0.0
3.022095648869255e-07,0.0,1.8000051821619003,1.7915646435424506,-0.0002596620979544811,0.0
3.023095648869255e-07,0.0,1.8000050268388303,1.7918165976008962,-0.0002520224195714227,0.0
3.024095648869255e-07,0.0,1.8000048761552534,1.7920610260754082,-0.00024461092978169123,0.0
3.0250956488692553e-07,0.0,1.8000047299722826,1.7922981537467026,-0.00023742081283957417,0.0
3.0260956488692554e-07,0.0,1.8000045881557536,1.7925281986815482,-0.000230445456595502,0.0
3.0270956488692555e-07,0.0,1.8000044505750217,1.7927513724333048,-0.00022367844638252534,0.0
3.0280956488692556e-07,0.0,1.8000043171037585,1.792967880236472,-0.00021711355914509284,0.0
3.0290956488692556e-07,0.0,1.8000041876190576,1.793177921195426,-0.00021074475769273333,0.0
3.0300956488692557e-07,0.0,1.800004062001982,1.7933816884675187,-0.00020456618516806948,0.0
3.031095648869256e-07,0.0,1.8000039401368928,1.7935793694407105,-0.00019857215964376657,0.0
3.032095648869256e-07,0.0,1.8000038219118228,1.7937711459058947,-0.0001927571689117692,0.0
3.033095648869256e-07,0.0,1.800003707217963,1.7939571942240746,-0.00018711586540192556,0.0
3.034095648869256e-07,0.0,1.8000035959499132,1.7941376854885487,-0.00018164306127480638,0.0
3.035095648869256e-07,0.0,1.8000034880052866,1.7943127856822518,-0.00017633372364170253,0.0
3.036095648869256e-07,0.0,1.800003383284868,1.7944826558303961,-0.00017118296994417725,0.0
3.037095648869256e-07,0.0,1.8000032816923106,1.7946474521485518,-0.00016618606345732687,0.0
3.0380956488692563e-07,0.0,1.8000031831342251,1.7948073261863051,-0.00016133840893939994,0.0
3.0390956488692564e-07,0.0,1.8000030875199442,1.7949624249666272,-0.0001566355484012777,0.0
3.0400956488692565e-07,0.0,1.8000029947615668,1.795112891121079,-0.0001520731570106651,0.0
3.0410956488692565e-07,0.0,1.8000029047737667,1.7952588630209776,-0.00014764703911164032,0.0
3.0420956488692566e-07,0.0,1.80000281747381,1.7954004749046444,-0.00014335312436908408,0.0
3.0430956488692567e-07,0.0,1.8000027327814445,1.7955378570008533,-0.0001391874639989673,0.0
3.044095648869257e-07,0.0,1.8000026506186175,1.7956711356485902,-0.00013514622723304913,0.0
3.045095648869257e-07,0.0,1.8000025709100553,1.7958004334132396,-0.0001312256976620715,0.0
3.046095648869257e-07,0.0,1.8000024935821672,1.7959258691992963,-0.00012742226988944613,0.0
3.047095648869257e-07,0.0,1.8000024185640877,1.7960475583597095,-0.0001237324462237436,0.0
3.048095648869257e-07,0.0,1.8000023457866188,1.7961656128019676,-0.00012015283343198278,0.0
3.049095648869257e-07,0.0,1.8000022751830114,1.7962801410910085,-0.00011668013964474676,0.0
3.050095648869257e-07,0.0,1.800002206688186,1.7963912485490567,-0.0001133111713073537,0.0
3.0510956488692573e-07,0.0,1.8000021402392818,1.7964990373524807,-0.00011004283026128061,0.0
3.0520956488692574e-07,0.0,1.800002075775082,1.7966036066257562,-0.00010687211087936354,0.0
3.0530956488692574e-07,0.0,1.8000020132363974,1.7967050525326218,-0.00010379609731531582,0.0
3.0540956488692575e-07,0.0,1.8000019525656372,1.7968034683645147,-0.00010081196081062478,0.0
3.0550956488692576e-07,0.0,1.8000018937070748,1.7968989446263608,-9.791695710299234e-05,0.0
3.055133596747315e-07,0.0,1.8000018915089342,1.7969025107666,-9.780883289321017e-05,0.0
3.05520949250343e-07,0.0,1.8000018871193106,1.7969096307511467,-9.759292093892905e-05,0.0
3.0552133024521107e-07,0.0,1.800001886899921,1.796909987740771,-9.758204546256671e-05,0.0
3.055213791889483e-07,0.0,1.8000018868703618,1.7969100335977337,-9.758030576813997e-05,0.0
3.055213835017622e-07,0.0,1.8000018868693743,1.7969100376385152,-9.760532893891056e-05,0.0
3.0552139212738996e-07,0.0,1.800001886863088,1.7969100457200624,-9.758273216405148e-05,0.0
3.0552140937864557e-07,0.0,1.8000018868539616,1.7969100618830933,-9.758224206474324e-05,0.0
3.0552144388115677e-07,0.0,1.8000018868343368,1.7969100942089018,-9.758126188761194e-05,0.0
3.05521445613171e-07,0.0,1.8000018868326149,1.7969100958316375,-9.752905862667258e-05,0.0
3.055214490771995e-07,0.0,1.8000018868306251,1.7969100990771067,-9.757366370197642e-05,0.0
3.0552145600525646e-07,0.0,1.8000018868265681,1.7969101055680343,-9.756601630593034e-05,0.0
3.055214563530425e-07,0.0,1.8000018868261303,1.7969101058938763,-9.740954423572223e-05,0.0
3.055214570486147e-07,0.0,1.8000018868259229,1.7969101065455604,-9.746912911835189e-05,0.0
3.05521458439759e-07,0.0,1.8000018868255152,1.7969101078489278,-9.755849656115559e-05,0.0
3.055214612220477e-07,0.0,1.800001886822895,1.7969101104556608,-9.755841753089396e-05,0.0
3.05521466786625e-07,0.0,1.8000018868211742,1.7969101156691198,-9.758061117646366e-05,0.0
3.055214670659649e-07,0.0,1.8000018868204626,1.7969101159308334,-9.752844918228793e-05,0.0
3.0552146719729163e-07,0.0,1.3366616292584537,1.7969101068343354,-1.7999999784024112e-06,0.0
3.0552146726651016e-07,0.0,1.3366389545681125,1.7969100971802423,-8.463256619961612e-07,0.0
3.055214673038456e-07,0.0,1.3366267243270793,1.7969100919727672,1.0734865441008878e-07,0.0
3.0552146735174565e-07,0.0,1.3366110335370263,1.7969100852915634,-1.7999999784024112e-06,0.0
3.0552146744754577e-07,0.0,1.3365796525096687,1.7969100719284727,-2.2768371366055362e-06,0.0
3.05521467639146e-07,0.0,1.336516892662238,1.796910045199559,-2.0384185575039737e-06,0.0
3.055214680223464e-07,0.0,1.336391381800956,1.7969099917308047,-2.0384185575039737e-06,0.0
3.0552146878874726e-07,0.0,1.3361403954063915,1.796909884749597,-2.0980232022793643e-06,0.0
3.0552147032154894e-07,0.0,1.3356385638996233,1.7969096706124181,-2.068220879891669e-06,0.0
3.0552147338715234e-07,0.0,1.3346354657523916,1.7969092416393402,-2.0980232022793643e-06,0.0
3.055214795183591e-07,0.0,1.3326315267952307,1.7969083809009325,-2.0905726216824405e-06,0.0
3.0552149178077264e-07,0.0,1.3286326613174795,1.7969066482760758,-2.0868473313839786e-06,0.0
3.055215163055997e-07,0.0,1.3206708451973708,1.7969031386013499,-2.0887099765332096e-06,0.0
3.0552156535525384e-07,0.0,1.3048898003102898,1.796895942880077,-2.087778653958594e-06,0.0
3.055216634545621e-07,0.0,1.2738895985344698,1.7968808564341872,-2.0887099765332096e-06,0.0
3.055218105263892e-07,0.0,1.2287841069561982,1.7968565435961428,-2.088244315245902e-06,0.0
3.055219765502818e-07,0.0,1.1797792249398769,1.7968267317436917,-2.088244315245902e-06,0.0
3.0552217170369643e-07,0.0,1.1246640904009104,1.7967886126037653,-2.088011484602248e-06,0.0
3.055223801546034e-07,0.0,1.0686302365474398,1.7967443882065586,-2.088244315245902e-06,0.0
3.0552261497308517e-07,0.0,1.0088385290489774,1.7966904523198741,-2.088011484602248e-06,0.0
3.055228628844351e-07,0.0,0.9493340464557534,1.7966290323990166,-2.088244315245902e-06,0.0
3.0552313516324743e-07,0.0,0.888008899781379,1.7965565962232362,-2.088244315245902e-06,0.0
3.055234207671446e-07,0.0,0.8279279377443731,1.7964753680893624,-2.088244315245902e-06,0.0
3.055237295889804e-07,0.0,0.7675186223849982,1.7963819068705882,-2.088244315245902e-06,0.0
3.055240526011496e-07,0.0,0.7090355341062455,1.7962783420192108,-2.088244315245902e-06,0.0
3.055243984329688e-07,0.0,0.6513401233531708,1.796161384628654,-2.088011484602248e-06,0.0
3.055247597594383e-07,0.0,0.5960578278813996,1.7960330153828123,-2.087895069280421e-06,0.0
3.055251441457264e-07,0.0,0.5423756278607232,1.7958901232931141,-2.088011484602248e-06,0.0
3.055255457362094e-07,0.0,0.4914349986429822,1.7957344878759152,-2.088011484602248e-06,0.0
3.055259712548665e-07,0.0,0.44265454020272477,1.7955631709621458,-2.088127899924075e-06,0.0
3.055264161380658e-07,0.0,0.39680849972083204,1.7953777033467306,-2.088011484602248e-06,0.0
3.0552688649335655e-07,0.0,0.3534733624080243,1.795175288717472,-2.088011484602248e-06,0.0
3.0552737892880675e-07,0.0,0.3131480101663643,1.7949571613699493,-2.088011484602248e-06,0.0
3.055278991646419e-07,0.0,0.2755119432759204,1.7947206103076814,-2.088127899924075e-06,0.0
3.055284449220466e-07,0.0,0.24085990538345106,1.7944665176270735,-2.088127899924075e-06,0.0
3.055290217793557e-07,0.0,0.20893545041595715,1.7941921727396601,-2.088011484602248e-06,0.0
3.0552962858493484e-07,0.0,0.17988385829243048,1.7938980310081127,-2.088244315245902e-06,0.0
3.0553027105967626e-07,0.0,0.15348635553696421,1.7935812608734916,-2.088011484602248e-06,0.0
3.055309492885294e-07,0.0,0.129780444453866,1.7932417810005967,-2.088011484602248e-06,0.0
3.055316694972118e-07,0.0,0.10856815287882492,1.7928764639147092,-2.0881861075849883e-06,0.0
3.055324332561198e-07,0.0,0.08981086362428459,1.792484518816543,-2.088127899924075e-06,0.0
3.0553324780407444e-07,0.0,0.07332146183533293,1.7920622603096976,-2.0881861075849883e-06,0.0
3.0553411667085244e-07,0.0,0.05900922450453283,1.7916079036109578,-2.0881861075849883e-06,0.0
3.0553504888975454e-07,0.0,0.04669283335889659,1.7911167905466223,-2.0881861075849883e-06,0.0
3.0553605082038147e-07,0.0,0.036247720087830074,1.790585651653793,-2.0881861075849883e-06,0.0
3.0553713459909126e-07,0.0,0.027496656841032904,1.7900081536937686,-2.088127899924075e-06,0.0
3.055383110453181e-07,0.0,0.020295247591131188,1.7893786489221606,-2.0881861075849883e-06,0.0
3.055395977850597e-07,0.0,0.014470949527451728,1.7886878450875454,-2.0881861075849883e-06,0.0
3.0554101331824615e-07,0.0,0.00987057120041451,1.7879259724627894,-2.088215211415445e-06,0.0
3.0554258553977945e-07,0.0,0.006328551334378443,1.7870782103493539,-2.0881861075849883e-06,0.0
3.055443475491544e-07,0.0,0.003692110643166423,1.7861269430041296,-2.0881861075849883e-06,0.0
3.055463482216239e-07,0.0,0.0018065604640723322,1.785046072322947,-2.0881570037545316e-06,0.0
3.055486519919494e-07,0.0,0.0005281917723723712,1.7838011593509038,-2.0881570037545316e-06,0.0
3.0555135651834565e-07,0.0,-0.0002808081809835899,1.7823399390966452,-2.0881570037545316e-06,0.0
3.0555460579844895e-07,0.0,-0.0007453261708764457,1.7805853517549701,-2.0881861075849883e-06,0.0
3.055586353587967e-07,0.0,-0.0009768139824640899,1.7784113924177218,-2.0882006595002167e-06,0.0
3.055638444846692e-07,0.0,-0.0010681900202766928,1.7756047302935944,-2.0881861075849883e-06,0.0
3.055709951589228e-07,0.0,-0.0010905026698742918,1.7717590516614514,-2.088178831627374e-06,0.0
3.055817199026541e-07,0.0,-0.0010889490192309914,1.7660067780303137,-2.0881861075849883e-06,0.0
3.0560030308468156e-07,0.0,-0.001082501601779817,1.7560837474523845,-2.088204297479024e-06,0.0
3.0563746944873646e-07,0.0,-0.001070521352271437,1.7364044884722767,-2.088191564553199e-06,0.0
3.057118021768462e-07,0.0,-0.0010465565051216374,1.6977038806129645,-2.0881924740479008e-06,0.0
3.058118021768462e-07,0.0,-0.0010153833602467902,1.6469953776116024,-2.0881933835426025e-06,0.0
3.0591180217684623e-07,0.0,-0.000984981718890822,1.5978014802936573,-2.0881933835426025e-06,0.0
3.0601180217684624e-07,0.0,-0.0009556236409718111,1.550076949458625,-2.0881933835426025e-06,0.0
3.0611180217684624e-07,0.0,-0.000927027417840248,1.503777896473908,-2.0881933835426025e-06,0.0
3.0621180217684625e-07,0.0,-0.0008993829971116812,1.4588617441849117,-2.0881933835426025e-06,0.0
3.0631180217684626e-07,0.0,-0.0008724813676771278,1.4152871866814103,-2.0881933835426025e-06,0.0
3.0641180217684627e-07,0.0,-0.0008464536543719937,1.3730141522279047,-2.0881933835426025e-06,0.0
3.0651180217684627e-07,0.0,-0.0008211435955035766,1.3320037656352828,-2.0881933835426025e-06,0.0
3.066118021768463e-07,0.0,-0.0007966402583397824,1.2922183131707399,-2.0881933835426025e-06,0.0
3.067118021768463e-07,0.0,-0.0007728257318558799,1.2536212073150435,-2.0881933835426025e-06,0.0
3.068118021768463e-07,0.0,-0.0007497590896600014,1.2161769535918858,-2.0881933835426025e-06,0.0
3.069118021768463e-07,0.0,-0.0007273503737113061,1.1798511175225261,-2.0881933835426025e-06,0.0
3.070118021768463e-07,0.0,-0.0007056373404644197,1.14461029330224,-2.0881933835426025e-06,0.0
3.071118021768463e-07,0.0,-0.000684550472186614,1.1104220727885519,-2.0881933835426025e-06,0.0
3.072118021768463e-07,0.0,-0.0006641124442412036,1.0772550159453649,-2.0881933835426025e-06,0.0
3.0731180217684633e-07,0.0,-0.0006442687470453806,1.0450786217202603,-2.0881933835426025e-06,0.0
3.0741180217684634e-07,0.0,-0.0006250314529675291,1.0138633001733868,-2.0881933835426025e-06,0.0
3.0751180217684635e-07,0.0,-0.0006063571290131858,0.9835803451147487,-2.0881933835426025e-06,0.0
3.0761180217684636e-07,0.0,-0.0005882504565379768,0.954201907833927,-2.0881933835426025e-06,0.0
3.0771180217684636e-07,0.0,-0.0005706762301192871,0.9257009713808749,-2.0881933835426025e-06,0.0
3.0781180217684637e-07,0.0,-0.00055363404042407,0.898051325813229,-2.0881933835426025e-06,0.0
3.079118021768464e-07,0.0,-0.0005370948417534264,0.8712275440145929,-2.0881933835426025e-06,0.0
3.080118021768464e-07,0.0,-0.0005210547781797953,0.8452049583780391,-2.0881933835426025e-06,0.0
3.081118021768464e-07,0.0,-0.0005054894597707415,0.8199596380646956,-2.0881933835426025e-06,0.0
3.082118021768464e-07,0.0,-0.0004903927559238254,0.7954683670446198,-2.0881933835426025e-06,0.0
3.083118021768464e-07,0.0,-0.00047574383574862286,0.7717086227060987,-2.0881933835426025e-06,0.0
3.084118021768464e-07,0.0,-0.0004615351263268949,0.7486585551781246,-2.0881933835426025e-06,0.0
3.085118021768464e-07,0.0,-0.0004477485533568797,0.7262969672074393,-2.0881933835426025e-06,0.0
3.0861180217684643e-07,0.0,-0.0004343756899427881,0.7046032946901531,-2.0881933835426025e-06,0.0
3.0871180217684644e-07,0.0,-0.00042140062872493816,0.6835575877394225,-2.0881933835426025e-06,0.0
3.0881180217684645e-07,0.0,-0.00040881450196719174,0.6631404923571907,-2.0881933835426025e-06,0.0
3.0891180217684645e-07,0.0,-0.0003966031336538262,0.6433332326206237,-2.0881933835426025e-06,0.0
3.0901180217684646e-07,0.0,-0.0003847575027075725,0.6241175934284208,-2.0881933835426025e-06,0.0
3.0911180217684647e-07,0.0,-0.00037326484051629165,0.6054759037388677,-2.0881933835426025e-06,0.0
3.092118021768465e-07,0.0,-0.00036211617020915124,0.5873910203285925,-2.0881933835426025e-06,0.0
3.093118021768465e-07,0.0,-0.00035129988770410056,0.5698463120194123,-2.0881933835426025e-06,0.0
3.094118021768465e-07,0.0,-0.0003408071936187275,0.5528256443907537,-2.0881933835426025e-06,0.0
3.095118021768465e-07,0.0,-0.0003306274645106665,0.5363133649364309,-2.0881933835426025e-06,0.0
3.096118021768465e-07,0.0,-0.00032075216598292423,0.5202942886751869,-2.0881933835426025e-06,0.0
3.097118021768465e-07,0.0,-0.0003111715143757967,0.504753684182191,-2.0881933835426025e-06,0.0
3.098118021768465e-07,0.0,-0.0003018772952780827,0.4896772600452653,-2.0881933835426025e-06,0.0
3.0991180217684653e-07,0.0,-0.00029286045546225454,0.4750511517192762,-2.0881933835426025e-06,0.0
3.1001180217684654e-07,0.0,-0.00028411313255549057,0.46086190877858113,-2.0881933835426025e-06,0.0
3.1011180217684654e-07,0.0,-0.0002756269175814309,0.44709648254563644,-2.0881933835426025e-06,0.0
3.1021180217684655e-07,0.0,-0.00026739431616416853,0.4337422140930243,-2.0881933835426025e-06,0.0
3.1031180217684656e-07,0.0,-0.00025940749453129744,0.42078682260053574,-2.0881933835426025e-06,0.0
3.1041180217684657e-07,0.0,-0.0002516593310826214,0.4082183940628241,-2.0881933835426025e-06,0.0
3.105118021768466e-07,0.0,-0.00024414251095963824,0.3960253703319631,-2.0881933835426025e-06,0.0
3.106118021768466e-07,0.0,-0.00023685028245452481,0.38419653848931623,-2.0881933835426025e-06,0.0
3.107118021768466e-07,0.0,-0.00022977580291104444,0.37272102053313716,-2.0881933835426025e-06,0.0
3.108118021768466e-07,0.0,-0.00022291268248036852,0.36158826337564964,-2.0881933835426025e-06,0.0
3.109118021768466e-07,0.0,-0.00021625451126233396,0.350788029137664,-2.0881933835426025e-06,0.0
3.110118021768466e-07,0.0,-0.00020979524987166219,0.34031038573413475,-2.0881933835426025e-06,0.0
3.111118021768466e-07,0.0,-0.0002035288872948961,0.3301456977400238,-2.0881933835426025e-06,0.0
3.1121180217684663e-07,0.0,-0.00019744972112159341,0.3202846175297482,-2.0881933835426025e-06,0.0
3.1131180217684663e-07,0.0,-0.00019155210969530145,0.31071807668063905,-2.0881933835426025e-06,0.0
3.1141180217684664e-07,0.0,-0.00018583067289309194,0.3014372776337158,-2.0881933835426025e-06,0.0
3.1151180217684665e-07,0.0,-0.00018028011231479015,0.29243368560307936,-2.0881933835426025e-06,0.0
3.1161180217684666e-07,0.0,-0.0001748953548663157,0.28369902072735786,-2.0881933835426025e-06,0.0
3.1171180217684666e-07,0.0,-0.00016967142205783956,0.2752252504552439,-2.0881933835426025e-06,0.0
3.1181180217684667e-07,0.0,-0.00016460353242835827,0.2670045821587518,-2.0881933835426025e-06,0.0
3.119118021768467e-07,0.0,-0.00015968700630505963,0.25902945596686766,-2.0881933835426025e-06,0.0
3.120118021768467e-07,0.0,-0.00015491733862422598,0.25129253781345484,-2.0881933835426025e-06,0.0
3.121118021768467e-07,0.0,-0.000150290129311128,0.2437867126926363,-2.0881933835426025e-06,0.0
3.122118021768467e-07,0.0,-0.00014580113482262839,0.23650507811577953,-2.0881933835426025e-06,0.0
3.123118021768467e-07,0.0,-0.00014144621705056016,0.22944093776378802,-2.0881933835426025e-06,0.0
3.124118021768467e-07,0.0,-0.00013722137958341584,0.22258779532909836,-2.0881933835426025e-06,0.0
3.125118021768467e-07,0.0,-0.00013312273001472,0.21593934854151944,-2.0881933835426025e-06,0.0
3.1261180217684673e-07,0.0,-0.00012914650524300795,0.20948948337258969,-2.0881933835426025e-06,0.0
3.1271180217684674e-07,0.0,-0.00012528904349291562,0.20323226841297912,-2.0881933835426025e-06,0.0
3.1281180217684675e-07,0.0,-0.00012154680176343919,0.19716194941788645,-2.0881933835426025e-06,0.0
3.1291180217684675e-07,0.0,-0.00011791633489748466,0.19127294401531286,-2.0881933835426025e-06,0.0
3.1301180217684676e-07,0.0,-0.00011439430741713139,0.1855598365724332,-2.0881933835426025e-06,0.0
3.1311180217684677e-07,0.0,-0.00011097747771854001,0.180017373215269,-2.0881933835426025e-06,0.0
3.132118021768468e-07,0.0,-0.00010766270590500413,0.17464045699714725,-2.0881933835426025e-06,0.0
3.133118021768468e-07,0.0,-0.0001044469417185596,0.169424143211447,-2.0881933835426025e-06,0.0
3.134118021768468e-07,0.0,-0.00010132722952920618,0.16436363484437025,-2.0881933835426025e-06,0.0
3.135118021768468e-07,0.0,-9.830069899971556e-05,0.15945427816351548,-2.0881933835426025e-06,0.0
3.136118021768468e-07,0.0,-9.53645680638691e-05,0.15469155843823054,-2.0881933835426025e-06,0.0
3.137118021768468e-07,0.0,-9.251613559849517e-05,0.15007109578778102,-2.0881933835426025e-06,0.0
3.138118021768468e-07,0.0,-8.975278298879505e-05,0.14558864115354003,-2.0881933835426025e-06,0.0
3.1391180217684683e-07,0.0,-8.707196828234285e-05,0.1412400723914751,-2.0881933835426025e-06,0.0
3.1401180217684684e-07,0.0,-8.447122677019615e-05,0.13702139048135567,-2.0881933835426025e-06,0.0
3.1411180217684684e-07,0.0,-8.19481662423331e-05,0.1329287158491807,-2.0881933835426025e-06,0.0
3.1421180217684685e-07,0.0,-7.950046689151347e-05,0.1289582847994569,-2.0881933835426025e-06,0.0
3.1431180217684686e-07,0.0,-7.712587739383934e-05,0.12510644605403604,-2.0881933835426025e-06,0.0
3.1441180217684687e-07,0.0,-7.482221435480673e-05,0.12136965739433724,-2.0881933835426025e-06,0.0
3.145118021768469e-07,0.0,-7.258735901396703e-05,0.11774448240385899,-2.0881933835426025e-06,0.0
3.146118021768469e-07,0.0,-7.041925638954797e-05,0.11422758730799151,-2.0881933835426025e-06,0.0
3.147118021768469e-07,0.0,-6.831591246062008e-05,0.1108157379082179,-2.0881933835426025e-06,0.0
3.148118021768469e-07,0.0,-6.627539312127682e-05,0.10750579660788931,-2.0881933835426025e-06,0.0
3.149118021768469e-07,0.0,-6.429582173304838e-05,0.1042947195268351,-2.0881933835426025e-06,0.0
3.150118021768469e-07,0.0,-6.237537796703892e-05,0.10117955370215792,-2.0881933835426025e-06,0.0
3.151118021768469e-07,0.0,-6.051229564777889e-05,0.09815743437263658,-2.0881933835426025e-06,0.0
3.1521180217684693e-07,0.0,-5.870486153833114e-05,0.09522558234424168,-2.0881933835426025e-06,0.0
3.1531180217684693e-07,0.0,-5.6951413417262816e-05,0.09238130143433963,-2.0881933835426025e-06,0.0
3.1541180217684694e-07,0.0,-5.525033884509244e-05,0.08962197599223605,-2.0881933835426025e-06,0.0
3.1551180217684695e-07,0.0,-5.360007343093244e-05,0.08694506849377714,-2.0881933835426025e-06,0.0
3.1561180217684696e-07,0.0,-5.199909960656589e-05,0.0843481172077982,-2.0881933835426025e-06,0.0
3.1571180217684696e-07,0.0,-5.0445945050259195e-05,0.08182873393227204,-2.0881933835426025e-06,0.0
3.1581180217684697e-07,0.0,-4.893918148611883e-05,0.07938460179807683,-2.0881933835426025e-06,0.0
3.15911802176847e-07,0.0,-4.7477423240464966e-05,0.07701347313836221,-2.0881933835426025e-06,0.0
3.16011802176847e-07,0.0,-4.605932607802517e-05,0.0747131674215556,-2.0881933835426025e-06,0.0
3.16111802176847e-07,0.0,-4.468358587195564e-05,0.07248156924610692,-2.0881933835426025e-06,0.0
3.16211802176847e-07,0.0,-4.334893748418826e-05,0.07031662639512826,-2.0881933835426025e-06,0.0
3.16311802176847e-07,0.0,-4.2054153534359516e-05,0.06821634794913908,-2.0881933835426025e-06,0.0
3.16411802176847e-07,0.0,-4.079804332850569e-05,0.06617880245518179,-2.0881933835426025e-06,0.0
3.16511802176847e-07,0.0,-3.957945171534423e-05,0.06420211615062348,-2.0881933835426025e-06,0.0
3.1661180217684703e-07,0.0,-3.839725806532747e-05,0.06228447124001112,-2.0881933835426025e-06,0.0
3.1671180217684704e-07,0.0,-3.7250375205017904e-05,0.06042410422339482,-2.0881933835426025e-06,0.0
3.1681180217684705e-07,0.0,-3.613774844705711e-05,0.05861930427458227,-2.0881933835426025e-06,0.0
3.1691180217684705e-07,0.0,-3.505835459501026e-05,0.056868411667832935,-2.0881933835426025e-06,0.0
3.1701180217684706e-07,0.0,-3.4011201023847264e-05,0.055169816251545115,-2.0881933835426025e-06,0.0
3.1711180217684707e-07,0.0,-3.299532474890841e-05,0.05352195596753225,-2.0881933835426025e-06,0.0
3.172118021768471e-07,0.0,-3.200979155578168e-05,0.05192331541452676,-2.0881933835426025e-06,0.0
3.173118021768471e-07,0.0,-3.105369512806419e-05,0.0503724244545904,-2.0881933835426025e-06,0.0
3.174118021768471e-07,0.0,-3.0126156225031164e-05,0.048867856861149604,-2.0881933835426025e-06,0.0
3.175118021768471e-07,0.0,-2.9226321863617377e-05,0.04740822900741248,-2.0881933835426025e-06,0.0
3.176118021768471e-07,0.0,-2.835336454202856e-05,0.0459921985939613,-2.0881933835426025e-06,0.0
3.177118021768471e-07,0.0,-2.7506481471940696e-05,0.04461846341435032,-2.0881933835426025e-06,0.0
3.178118021768471e-07,0.0,-2.66848938460194e-05,0.043285760157573926,-2.0881933835426025e-06,0.0
3.1791180217684713e-07,0.0,-2.5887846116815485e-05,0.04199286324630362,-2.0881933835426025e-06,0.0
3.1801180217684714e-07,0.0,-2.5114605306118953e-05,0.04073858370982556,-2.0881933835426025e-06,0.0
3.1811180217684714e-07,0.0,-2.4364460327339055e-05,0.039521768090642215,-2.0881933835426025e-06,0.0
3.1821180217684715e-07,0.0,-2.3636721334618558e-05,0.03834129738373257,-2.0881933835426025e-06,0.0
3.1831180217684716e-07,0.0,-2.293071908584817e-05,0.037196086007495494,-2.0881933835426025e-06,0.0
3.1841180217684717e-07,0.0,-2.2245804329419245e-05,0.03608508080542975,-2.0881933835426025e-06,0.0
3.185118021768472e-07,0.0,-2.158134720529893e-05,0.03500726007763282,-2.0881933835426025e-06,0.0
3.186118021768472e-07,0.0,-2.0936736667366496e-05,0.03396163264122778,-2.0881933835426025e-06,0.0
3.187118021768472e-07,0.0,-2.0311379920180194e-05,0.032947236918854005,-2.0881933835426025e-06,0.0
3.188118021768472e-07,0.0,-1.970470187491059e-05,0.03196314005438381,-2.0881933835426025e-06,0.0
3.189118021768472e-07,0.0,-1.9116144619577305e-05,0.031008437055051543,-2.0881933835426025e-06,0.0
3.190118021768472e-07,0.0,-1.8545166906755763e-05,0.030082249959206327,-2.0881933835426025e-06,0.0
3.191118021768472e-07,0.0,-1.7991243655164466e-05,0.029183727028923127,-2.0881933835426025e-06,0.0
3.1921180217684723e-07,0.0,-1.745386546737697e-05,0.028312041966729568,-2.0881933835426025e-06,0.0
3.1931180217684724e-07,0.0,-1.6932538160858175e-05,0.02746639315572827,-2.0881933835426025e-06,0.0
3.1941180217684724e-07,0.0,-1.6426782313957855e-05,0.026646002922415868,-2.0881933835426025e-06,0.0
3.1951180217684725e-07,0.0,-1.5936132824627576e-05,0.025850116821520795,-2.0881933835426025e-06,0.0
3.1961180217684726e-07,0.0,-1.5460138483049007e-05,0.02507800294220216,-2.0881933835426025e-06,0.0
3.1971180217684727e-07,0.0,-1.499836155640372e-05,0.024328951234971665,-2.0881933835426025e-06,0.0
3.1981180217684727e-07,0.0,-1.4550377386567166e-05,0.023602272858719634,-2.0881933835426025e-06,0.0
3.199118021768473e-07,0.0,-1.411577399938399e-05,0.022897299547244634,-2.0881933835426025e-06,0.0
3.2e-07,0.0,-1.3743255735847436e-05,0.022293034965824333,-2.0881929287952516e-06,0.0
3.200000019639829e-07,3.2405717780507176e-06,-1.3743247542500567e-05,0.022293021690034873,-2.0980232022793643e-06,-0.0074249999357404815
3.2000000589194875e-07,9.721715421502426e-06,-1.374323117913914e-05,0.022292995138471768,-2.0980232022793643e-06,-0.007425000142393482
3.200000137478804e-07,2.268400262105557e-05,-1.3743198445284257e-05,0.022292942035440445,-2.0905726216824405e-06,-0.0074249998552011285
3.200000294597437e-07,4.860857710751213e-05,-1.3743132970356267e-05,0.02229283582975728,-2.0868473313839786e-06,-0.007425000231492745
3.200000608834703e-07,0.00010045772599307497,-1.3743002025367904e-05,0.022292623419908876,-2.0887099765332096e-06,-0.007424999908310664
3.2000012373092355e-07,0.00020415602385155096,-1.3742740135327675e-05,0.02229219860628368,-2.087778653958594e-06,-0.007425000400256322
3.2000024942583005e-07,0.00041155261956850287,-1.3742216370309812e-05,0.022291349003319125,-2.0887099765332096e-06,-0.00742500022082003
3.20000500815643e-07,0.0008263458109150565,-1.3741168900192924e-05,0.022289649894528675,-2.088244315245902e-06,-0.00742500102214784
3.2000100359526886e-07,0.0016559321936081637,-1.3739074199534715e-05,0.022286252065465396,-2.088127899924075e-06,-0.007425001470857451
3.2000200915452066e-07,0.0033151049590817282,-1.373488575627736e-05,0.022279457961113223,-2.0881861075849883e-06,-0.007425003523004459
3.200040202730242e-07,0.0066334504899415074,-1.3726512699663991e-05,0.022265875965138432,-2.0881570037545316e-06,-0.007425006470616169
3.2000804251003137e-07,0.013270141551748415,-1.3709781894844938e-05,0.022238736805175855,-2.0881861075849883e-06,-0.007425013523498558
3.200160869840457e-07,0.02654352367536223,-1.3676381425957082e-05,0.022184557661956233,-2.1167861063986493e-06,-0.007425026471212792
3.2003217593207425e-07,0.05309028792250252,-1.3609824306947317e-05,0.022076594875712275,-3.174291762775283e-05,-0.007425053524639402
3.2006435382813144e-07,0.10618381641687043,-1.3477679425598203e-05,0.02186224170371136,-0.0002580423939946286,-0.00742510647361172
3.2012870962024583e-07,0.21237087340560626,-1.3217220256955472e-05,0.021439748994180056,-0.0013788304691217945,-0.00742521352938752
3.2022870962024584e-07,0.3773708734056187,-1.2822436771959617e-05,0.020799367835293646,-0.004888117976406647,-0.007425378893600509
3.2032870962024584e-07,0.5423708734056311,-1.24394450250856e-05,0.02017811414048195,-0.010548516594809598,-0.0074255450297116
3.2042870962024585e-07,0.7073708734056434,-1.2067892810402331e-05,0.01957541659393272,-0.018360026324330647,-0.007425710393917484
3.2052870962024586e-07,0.8723708734056559,-1.1707438441960372e-05,0.01899072094439366,-0.028322647164941372,-0.00742587653003568
3.2053657144265596e-07,0.885342880382328,-1.1679563017523009e-05,0.018945504015908776,-0.029197096796821143,-0.0074258891750531575
3.2054092645571474e-07,0.8925286519293176,-1.1664150161663901e-05,0.01892050271046141,-0.0296872157883854,-0.0074258967795231
3.205427180251335e-07,0.8954847414702239,-1.1657815513329593e-05,0.01891022723140503,-0.029890025778627205,-0.00742589936309912
3.205439393780907e-07,0.8974999738496616,-1.1653499014112267e-05,0.01890322540662526,-0.03002868178120366,-0.0074259017730753385
3.2054485389810995e-07,0.8990089318813999,-1.1650267968673738e-05,0.018897984304383955,-0.030132714001439354,-0.007425902903946735
3.205456335070593e-07,0.9002952866478603,-1.164751427827855e-05,0.01889351752314242,-0.0301806255852739,-0.007425904580856013
3.205464381177684e-07,0.9016228943178187,-1.1644672960577376e-05,0.018888908601048984,-0.030089062438804604,-0.007425905529942156
3.2054700487556656e-07,0.9025580446848052,-1.1642671987678357e-05,0.01888566280844232,-0.030024568274967578,-0.007425906853157471
3.20547788657278e-07,0.9038512845086845,-1.1639905365202735e-05,0.018881175050067856,-0.029935608314531237,-0.007425907768563889
3.2054935622070093e-07,0.9064377641565305,-1.1634374092404729e-05,0.018872202732187197,-0.029757784611803118,-0.0074259107510101785
3.2055249134754676e-07,0.9116107234521352,-1.1623319430190185e-05,0.01885427088430034,-0.02940438377086707,-0.0074259155630613805
3.2055876160123845e-07,0.9219566420434319,-1.1601241602278686e-05,0.018818458279299847,-0.028703396435105333,-0.0074259263405735965
3.205713021086218e-07,0.9426484792259381,-1.1557211633836893e-05,0.018747036947632165,-0.027326793781440983,-0.007425946741861367
3.205963831233885e-07,0.9840321535910375,-1.1469652065703738e-05,0.018605005936080325,-0.02467507632357524,-0.00742598869835831
3.2064654515292197e-07,1.0667995023212364,-1.129651552151151e-05,0.018324159890021934,-0.01977759307510496,-0.007426071457345529
3.20746545152922e-07,1.2317995023212487,-1.0959101324034923e-05,0.01777683786917285,-0.01162934157730433,-0.007426237592156326
3.20846545152922e-07,1.3967995023212612,-1.0631765308664626e-05,0.017245863740740334,-0.005632201190593378,-0.0074264029576625035
3.20946545152922e-07,1.5617995023212736,-1.0314206451461683e-05,0.016730749211587487,-0.0017861719150005229,-0.0074265690925017225
3.21046545152922e-07,1.7267995023212859,-1.0006132719710871e-05,0.016231020573343517,-9.125375052576601e-05,-0.007426734457993689
3.21146545152922e-07,1.8917995023212986,-9.70726080340629e-06,0.015746218266773217,-2.0881933835426025e-06,-0.0074269005927760645
3.21246545152922e-07,2.0567995023213106,-9.417315854675004e-06,0.01527589645915823,-2.0881933835426025e-06,-0.007427065958324874
3.21346545152922e-07,2.221799502321323,-9.136031235054421e-06,0.014819622634301423,-2.0881933835426025e-06,-0.007427232093164093
3.2144654515292203e-07,2.3867995023213355,-8.863148270261459e-06,0.014376977194777422,-2.0881933835426025e-06,-0.007427397458627638
3.2154654515292204e-07,2.551799502321348,-8.59841601233184e-06,0.013947553076063435,-2.0881933835426025e-06,-0.007427563593438435
3.2164654515292204e-07,2.7167995023213605,-8.34159100882675e-06,0.013530955372195555,-2.0881933835426025e-06,-0.007427728958987245
3.2174654515292205e-07,2.881799502321373,-8.092437078963703e-06,0.01312680097260632,-2.0881933835426025e-06,-0.007427895093826464
3.2184654515292206e-07,3.046799502321385,-7.850725096409494e-06,0.012734718209809487,-2.0881933835426025e-06,-0.007428060459290009
3.2194654515292207e-07,3.211799502321398,-7.6162327785792716e-06,0.01235434651760809,-2.0881933835426025e-06,-0.007428226594072385
3.22e-07,3.299999999999986,-7.493778043364413e-06,0.01215571180205256,-2.0881933835426025e-06,-0.007428314811022574
3.220002538193883e-07,3.3000000000000003,-7.493201348737487e-06,0.012154776341502303,-2.088127899924075e-06,-3.3150035960716195e-06
3.2200076145816494e-07,3.3000000000000003,-7.492048048218962e-06,0.012152905564381254,-2.088127899924075e-06,-3.31500308448085e-06
3.220017767357182e-07,3.3000000000000003,-7.489741979713937e-06,0.012149164873882996,-2.0881861075849883e-06,-3.3150035960716195e-06
3.220038072908247e-07,3.3000000000000003,-7.485131971777919e-06,0.012141686946532716,-2.0881861075849883e-06,-3.3150031413242687e-06
3.2200786840103765e-07,3.3000000000000003,-7.47592046581684e-06,0.012126744895791656,-2.0882006595002167e-06,-3.3150035960716195e-06
3.2201599062146366e-07,3.3000000000000003,-7.457531441133457e-06,0.01209691592526121,-2.088178831627374e-06,-3.31500308448085e-06
3.220322350623156e-07,3.3000000000000003,-7.42088892323118e-06,0.01203747783079336,-2.088204297479024e-06,-3.3150035960716195e-06
3.2206472394401954e-07,3.3000000000000003,-7.348142691844524e-06,0.011919475640394429,-2.0881933835426025e-06,-3.31500308448085e-06
3.2212970170742737e-07,3.3000000000000003,-7.204779166254668e-06,0.011686924624089856,-2.0881933835426025e-06,-3.3150035960716195e-06
3.222297017074274e-07,3.3000000000000003,-6.989580525954607e-06,0.01133784934636043,-2.0881933835426025e-06,-3.31500308448085e-06
3.223297017074274e-07,3.3000000000000003,-6.780809626695206e-06,0.010999200554078738,-2.0881933835426025e-06,-3.3150035960716195e-06
3.224297017074274e-07,3.3000000000000003,-6.578274479103449e-06,0.010670666819865855,-2.0881933835426025e-06,-3.31500308448085e-06
3.225297017074274e-07,3.3000000000000003,-6.381788828287036e-06,0.010351946018327961,-2.0881933835426025e-06,-3.3150035960716195e-06
3.226297017074274e-07,3.3000000000000003,-6.1911719826008355e-06,0.010042745048216518,-2.0881933835426025e-06,-3.31500308448085e-06
3.227297017074274e-07,3.3000000000000003,-6.00624864743525e-06,0.00974277956288722,-2.0881933835426025e-06,-3.3150035960716195e-06
3.228297017074274e-07,3.3000000000000003,-5.82684876404895e-06,0.00945177370880982,-2.0881933835426025e-06,-3.31500308448085e-06
3.2292970170742743e-07,3.3000000000000003,-5.652807353153772e-06,0.009169459871888375,-2.0881933835426025e-06,-3.3150035960716195e-06
3.2302970170742744e-07,3.3000000000000003,-5.483964363212531e-06,0.008895578431358632,-2.0881933835426025e-06,-3.31500308448085e-06
3.2312970170742745e-07,3.3000000000000003,-5.320164523243775e-06,0.008629877521036193,-2.0881933835426025e-06,-3.3150035960716195e-06
3.2322970170742746e-07,3.3000000000000003,-5.161257200038814e-06,0.008372112797695962,-2.0881933835426025e-06,-3.31500308448085e-06
3.2332970170742746e-07,3.3000000000000003,-5.0070962596295885e-06,0.008122047216369822,-2.0881933835426025e-06,-3.3150035960716195e-06
3.2342970170742747e-07,3.3000000000000003,-4.8575399329088105e-06,0.007879450812355911,-2.0881933835426025e-06,-3.31500308448085e-06
3.235297017074275e-07,3.3000000000000003,-4.712450685248708e-06,0.007644100489739048,-2.0881933835426025e-06,-3.3150035960716195e-06
3.236297017074275e-07,3.3000000000000003,-4.571695090030524e-06,0.007415779816227806,-2.0881933835426025e-06,-3.31500308448085e-06
3.237297017074275e-07,3.3000000000000003,-4.435143705934218e-06,0.007194278824119575,-2.0881933835426025e-06,-3.3150035960716195e-06
3.238297017074275e-07,3.3000000000000003,-4.302670957908821e-06,0.0069793938172105765,-2.0881933835426025e-06,-3.31500308448085e-06
3.239297017074275e-07,3.3000000000000003,-4.174155021687853e-06,0.006770927183473253,-2.0881933835426025e-06,-3.3150035960716195e-06
3.240297017074275e-07,3.3000000000000003,-4.049477711758047e-06,0.006568687213328777,-2.0881933835426025e-06,-3.31500308448085e-06
3.241297017074275e-07,3.3000000000000003,-3.928524372675678e-06,0.006372487923347554,-2.0881933835426025e-06,-3.3150035960716195e-06
3.2422970170742753e-07,3.3000000000000003,-3.8111837736240112e-06,0.006182148885215594,-2.0881933835426025e-06,-3.31500308448085e-06
3.2432970170742754e-07,3.3000000000000003,-3.697348006127757e-06,0.005997495059809463,-2.0881933835426025e-06,-3.3150035960716195e-06
3.2442970170742755e-07,3.3000000000000003,-3.586912384814614e-06,0.005818356636227229,-2.0881933835426025e-06,-3.31500308448085e-06
3.2452970170742755e-07,3.3000000000000003,-3.4797753511470718e-06,0.0056445688756273735,-2.0881933835426025e-06,-3.3150035960716195e-06
3.245319547605845e-07,3.3000000000000003,0.7463115344207868,0.005895397899872228,-0.02243968712041955,-3.31500308448085e-06
3.2453247900371297e-07,3.3000000000000003,0.8744636062584313,0.006023190625958572,-0.026319338823660457,-3.3150035960716195e-06
3.2453255620299437e-07,3.3000000000000003,0.8919480285432982,0.006043710952133568,-0.026848565109130574,-3.31500308448085e-06
3.245327106015572e-07,3.3000000000000003,0.9259364024545804,0.006085954276474448,-0.027877270187057657,-3.3150035960716195e-06
3.2453301939868285e-07,3.3000000000000003,0.9901711766969714,0.006175030391028475,-0.029821143223229957,-3.3150031413242687e-06
3.2453331740989986e-07,3.3000000000000003,1.0476860614861692,0.006266484422033786,-0.031561304933368214,-3.3150035960716195e-06
3.245336755410178e-07,3.3000000000000003,1.111445555900611,0.006382957461593911,-0.033489944865399114,-3.3150031413242687e-06
3.2453400453314326e-07,3.3000000000000003,1.1652457884985747,0.0064958023879395765,-0.035116889201171377,-3.3150035960716195e-06
3.2453439156064804e-07,3.3000000000000003,1.2232004922330832,0.00663509214353359,-0.036868929514160334,-3.3150031413242687e-06
3.245347623216605e-07,3.3000000000000003,1.2737560079326742,0.0067746076475076146,-0.03839673741856187,-3.3150035960716195e-06
3.245351869404432e-07,3.3000000000000003,1.3262566808339606,0.006941000119948682,-0.03998267732143909,-3.31500308448085e-06
3.245356021324934e-07,3.3000000000000003,1.372532221747359,0.007109891313758158,-0.041379894917073716,-3.3150035960716195e-06
3.2453606765616757e-07,3.3000000000000003,1.4190861056690383,0.007305778220605934,-0.042784729142910344,-3.3150031413242687e-06
3.2453653054459764e-07,3.3000000000000003,1.4603608125330587,0.00750668824243189,-0.04402943092801872,-3.3150035392282007e-06
3.2453704198360434e-07,3.3000000000000003,1.5008082442872765,0.007734970391264245,-0.045248233484729034,-3.315003027637431e-06
3.245375575106231e-07,3.3000000000000003,1.5367222860710363,0.007971005573659996,-0.04632942111401094,-3.3150035960716195e-06
3.2453812136829827e-07,3.3000000000000003,1.571112614664839,0.008235132635248197,-0.047363582823525895,-3.3150031413242687e-06
3.245386962812312e-07,3.3000000000000003,1.6015771891978112,0.00851004072367451,-0.04827845189808374,-3.3150035960716195e-06
3.2453932103415427e-07,3.3000000000000003,1.630133623652633,0.008814313047349944,-0.04913460646328068,-3.31500308448085e-06
3.245399645116366e-07,3.3000000000000003,1.655282426241313,0.009132880113035202,-0.049887062991627214,-3.3150035960716195e-06
3.2454066138617946e-07,3.3000000000000003,1.678370930667067,0.009482905157314866,-0.050576130851684754,-3.315003027637431e-06
3.245413859699674e-07,3.3000000000000003,1.6985129527395881,0.009851515143401844,-0.05117534541578286,-3.3150035960716195e-06
3.2454217013209723e-07,3.3000000000000003,1.7166115795509518,0.010254885544745218,-0.0517115834056697,-3.31500308448085e-06
3.245429932124899e-07,3.3000000000000003,1.7321888054749843,0.01068237144315359,-0.05217068195574203,-3.3150035392282007e-06
3.245438856859816e-07,3.3000000000000003,1.7458589753696752,0.011149732181570044,-0.0525707808682808,-3.31500308448085e-06
3.245448319565877e-07,3.3000000000000003,1.7574088472857903,0.011648742157285539,-0.05290566696427058,-3.3150035960716195e-06
3.2454586285109595e-07,3.3000000000000003,1.7672685989345915,0.012195558773029613,-0.0531878869765179,-3.31500308448085e-06
3.2454696856172794e-07,3.3000000000000003,1.7753908442150594,0.012784882268873851,-0.05341616551406191,-3.3150035960716195e-06
3.245481828165771e-07,3.3000000000000003,1.78209000649719,0.01343455670718851,-0.0535994900267455,-3.31500308448085e-06
3.245495036053423e-07,3.3000000000000003,1.7874171404266668,0.014143365847587967,-0.053739444531691084,-3.3150035960716195e-06
3.2455097195068623e-07,3.3000000000000003,1.7916139685967747,0.014933147559959215,-0.05384269256055486,-3.31500308448085e-06
3.245525984408253e-07,3.3000000000000003,1.7947842944080274,0.015809395888102075,-0.053912213201274185,-3.3150035960716195e-06
3.245544402774246e-07,3.3000000000000003,1.7971224253200708,0.016802674547629005,-0.053952968637956886,-3.31500308448085e-06
3.245565324797502e-07,3.3000000000000003,1.7987535215121284,0.01793155772594321,-0.05396818887437426,-3.3150035392282007e-06
3.2455896965082937e-07,3.3000000000000003,1.799836920796354,0.019246674519780387,-0.05396116821504144,-3.31500308448085e-06
3.2456184411481273e-07,3.3000000000000003,1.8004961161005026,0.020797268878807236,-0.05393415675256474,-3.3150035392282007e-06
3.2456535052181165e-07,3.3000000000000003,1.8008577273979798,0.022687471473435524,-0.053887836194859505,-3.315003027637431e-06
3.245697508738071e-07,3.3000000000000003,1.8010236958324013,0.025057085602392875,-0.05382105923311858,-3.3150035960716195e-06
3.245755798334976e-07,3.3000000000000003,1.8010807378368139,0.02819134902143035,-0.05372781014184078,-3.3150031413242687e-06
3.2458381104288413e-07,3.3000000000000003,1.8010896207019156,0.03260798030278933,-0.05359424200960391,-3.3150035392282007e-06
3.245968108493711e-07,3.3000000000000003,1.8010852253447953,0.03956091881911123,-0.05338341373148507,-3.31500308448085e-06
3.2462126554439214e-07,3.3000000000000003,1.8010772385863578,0.05256650011284607,-0.052989063170971885,-3.3150035960716195e-06
3.2467017493443426e-07,3.3000000000000003,1.8010613627514944,0.07829047992528781,-0.05220906752403525,-3.3150031413242687e-06
3.2476799371451844e-07,3.3000000000000003,1.8010303553045672,0.12861069165403807,-0.05068327297253141,-3.3150035960716195e-06
3.2486799371451845e-07,3.3000000000000003,1.800999567841548,0.1785332071740088,-0.049169536487712225,-3.31500308448085e-06
3.2496799371451846e-07,3.3000000000000003,1.8009697210058795,0.22696459336056718,-0.047701014245070596,-3.3150035960716195e-06
3.2506799371451846e-07,3.3000000000000003,1.8009407477762545,0.273949388615209,-0.04627635456505896,-3.31500308448085e-06
3.2516799371451847e-07,3.3000000000000003,1.800912655147642,0.31953080093899233,-0.04489424832628764,-3.3150035960716195e-06
3.252679937145185e-07,3.3000000000000003,1.8008853886907739,0.3637507478339242,-0.043553423651996916,-3.31500308448085e-06
3.253679937145185e-07,3.3000000000000003,1.8008589476377226,0.4066498947094562,-0.042252648233780575,-3.3150035960716195e-06
3.254679937145185e-07,3.3000000000000003,1.8008332870110357,0.44826769239945397,-0.04099072522882647,-3.31500308448085e-06
3.255679937145185e-07,3.3000000000000003,1.8008084007761518,0.4886424133395776,-0.039766494683485414,-3.3150035960716195e-06
3.256679937145185e-07,3.3000000000000003,1.8007842511176178,0.5278111868502435,-0.038578830320875133,-3.31500308448085e-06
3.257679937145185e-07,3.3000000000000003,1.800760828517805,0.5658100332074814,-0.037426640329057036,-3.3150035960716195e-06
3.258679937145185e-07,3.3000000000000003,1.800738100649145,0.6026738968306454,-0.036308864806576906,-3.31500308448085e-06
3.2596799371451853e-07,3.3000000000000003,1.8007160557807214,0.6384366783645048,-0.03522447610567495,-3.3150035960716195e-06
3.2606799371451854e-07,3.3000000000000003,1.8006946658447718,0.6731312659002734,-0.03417247676696019,-3.31500308448085e-06
3.2616799371451855e-07,3.3000000000000003,1.800673917796743,0.7067895651814822,-0.03315189955441706,-3.3150035960716195e-06
3.2626799371451855e-07,3.3000000000000003,1.8006537869239796,0.7394425289778669,-0.0321618057564332,-3.31500308448085e-06
3.2636799371451856e-07,3.3000000000000003,1.8006342595015439,0.7711201855221922,-0.03120128501064027,-3.3150035960716195e-06
3.2646799371451857e-07,3.3000000000000003,1.8006153135018719,0.8018516661484465,-0.030269453881817683,-3.31500308448085e-06
3.265679937145186e-07,3.3000000000000003,1.800596934961395,0.8316652320613777,-0.029365455546669188,-3.3150035960716195e-06
3.266679937145186e-07,3.3000000000000003,1.8005791040381585,0.8605883003431211,-0.028488458583232793,-3.31500308448085e-06
3.267679937145186e-07,3.3000000000000003,1.8005618068342744,0.8886474691518704,-0.027637656565552747,-3.3150035960716195e-06
3.268679937145186e-07,3.3000000000000003,1.8005450253180437,0.9158685421943868,-0.026812267016687975,-3.31500308448085e-06
3.269679937145186e-07,3.3000000000000003,1.8005287458631334,0.9422765524450198,-0.02601153094872537,-3.3150035960716195e-06
3.270679937145186e-07,3.3000000000000003,1.8005129519632876,0.9678957851754139,-0.025234711944136304,-3.31500308448085e-06
3.271679937145186e-07,3.3000000000000003,1.8004976303992992,0.9927498002800673,-0.024481095666128622,-3.3150035960716195e-06
3.2726799371451863e-07,3.3000000000000003,1.8004827659717646,1.0168614539488874,-0.023749989042283738,-3.31500308448085e-06
3.2736799371451864e-07,3.3000000000000003,1.8004683459541533,1.0402529196806507,-0.023040719762731116,-3.3150035960716195e-06
3.2746799371451865e-07,3.3000000000000003,1.8004543562839244,1.0629457086788117,-0.02235263554666902,-3.31500308448085e-06
3.2756799371451865e-07,3.3000000000000003,1.800440784777359,1.084960689629613,-0.02168510364045003,-3.3150035960716195e-06
3.2766799371451866e-07,3.3000000000000003,1.80042761837462,1.106318107896669,-0.021037510152441305,-3.31500308448085e-06
3.2776799371451867e-07,3.3000000000000003,1.8004148454600315,1.1270376041360917,-0.020409259559243824,-3.3150035960716195e-06
3.278679937145187e-07,3.3000000000000003,1.800402453868854,1.1471382323608188,-0.019799774097885404,-3.31500308448085e-06
3.279679937145187e-07,3.3000000000000003,1.800390432561342,1.1666384774609466,-0.019208493285632577,-3.3150035960716195e-06
3.280679937145187e-07,3.3000000000000003,1.8003787701800629,1.1855562722045216,-0.018634873361095823,-3.31500308448085e-06
3.281679937145187e-07,3.3000000000000003,1.8003674562571623,1.2039090137273307,-0.018078386821124018,-3.3150035960716195e-06
3.282679937145187e-07,3.3000000000000003,1.8003564801696321,1.2217135795328848,-0.017538521904296875,-3.31500308448085e-06
3.283679937145187e-07,3.3000000000000003,1.8003458320094263,1.2389863430121875,-0.017014782146996935,-3.3150035960716195e-06
3.284679937145187e-07,3.3000000000000003,1.8003355018264084,1.2557431885019108,-0.016506685904159428,-3.31500308448085e-06
3.2856799371451873e-07,3.3000000000000003,1.8003254802549835,1.2719995258911285,-0.016013765925633534,-3.3150035960716195e-06
3.2866799371451874e-07,3.3000000000000003,1.8003157579650444,1.287770304793185,-0.015535568910093186,-3.31500308448085e-06
3.2876799371451874e-07,3.3000000000000003,1.8003063261127872,1.3030700282930583,-0.01507165510211192,-3.3150035960716195e-06
3.2886799371451875e-07,3.3000000000000003,1.8002971759420738,1.3179127662851293,-0.014621597875907652,-3.31500308448085e-06
3.2896799371451876e-07,3.3000000000000003,1.800288299108325,1.3323121684116985,-0.014184983353081793,-3.3150035960716195e-06
3.2906799371451877e-07,3.3000000000000003,1.8002796873886795,1.3462814766157822,-0.013761410013447972,-3.31500308448085e-06
3.2916799371451877e-07,3.3000000000000003,1.800271332914285,1.3598335373183406,-0.01335048833306461,-3.3150035960716195e-06
3.292679937145188e-07,3.3000000000000003,1.8002632279591768,1.3729808132323227,-0.012951840419835714,-3.31500308448085e-06
3.293679937145188e-07,3.3000000000000003,1.8002553651064852,1.3857353948233833,-0.01256509967125307,-3.3150035960716195e-06
3.294679937145188e-07,3.3000000000000003,1.80024773709429,1.3981090114286672,-0.012189910432792371,-3.31500308448085e-06
3.295679937145188e-07,3.3000000000000003,1.8002403369341764,1.4101130420431618,-0.011825927674646484,-3.3150035960716195e-06
3.296679937145188e-07,3.3000000000000003,1.8002331577983526,1.4217585257841503,-0.01147281667120031,-3.31500308448085e-06
3.297679937145188e-07,3.3000000000000003,1.8002261931038637,1.433056172042866,-0.011130252695956685,-3.3150035960716195e-06
3.298679937145188e-07,3.3000000000000003,1.8002194364296153,1.4440163703331317,-0.01079792072057834,-3.31500308448085e-06
3.2996799371451883e-07,3.3000000000000003,1.8002128815758547,1.4546491998456574,-0.010475515127166332,-3.3150035960716195e-06
3.3006799371451884e-07,3.3000000000000003,1.8002065225028896,1.4649644387171117,-0.010162739425521828,-3.31500308448085e-06
3.3016799371451885e-07,3.3000000000000003,1.800200353372779,1.474971573022208,-0.009859305981922183,-3.3150035960716195e-06
3.3026799371451886e-07,3.3000000000000003,1.8001943685038049,1.4846798054973152,-0.009564935753389372,-3.31500308448085e-06
3.3036799371451886e-07,3.3000000000000003,1.8001885623993827,1.4940980640034134,-0.009279358032112947,-3.3150035960716195e-06
3.3046799371451887e-07,3.3000000000000003,1.800182929713991,1.5032350097363472,-0.009002310195621912,-3.31500308448085e-06
3.305679937145189e-07,3.3000000000000003,1.8001774652729212,1.512099045191784,-0.008733537466020899,-3.3150035960716195e-06
3.306679937145189e-07,3.3000000000000003,1.8001721640465502,1.52069832189232,-0.008472792675055824,-3.31500308448085e-06
3.307679937145189e-07,3.3000000000000003,1.800167021163541,1.529040747883745,-0.00821983603735431,-3.3150035960716195e-06
3.308679937145189e-07,3.3000000000000003,1.8001620318912082,1.5371339950074359,-0.00797443492945524,-3.31500308448085e-06
3.309679937145189e-07,3.3000000000000003,1.8001571916440497,1.5449855059555015,-0.007736363676274854,-3.3150035960716195e-06
3.310679937145189e-07,3.3000000000000003,1.8001524959685768,1.5526025011152276,-0.007505403343239826,-3.31500308448085e-06
3.311679937145189e-07,3.3000000000000003,1.80014794054853,1.5599919852090587,-0.0072813415352335435,-3.3150035960716195e-06
3.3126799371451893e-07,3.3000000000000003,1.8001435211929933,1.567160753736274,-0.007063972201033811,-3.31500308448085e-06
3.3136799371451894e-07,3.3000000000000003,1.8001392338392703,1.5741153992222399,-0.006853095444028612,-3.3150035960716195e-06
3.3146799371451895e-07,3.3000000000000003,1.800135074543429,1.5808623172810194,-0.00664851733821414,-3.31500308448085e-06
3.3156799371451895e-07,3.3000000000000003,1.8001310394815329,1.5874077124968842,-0.006450049750004498,-3.3150035960716195e-06
3.3166799371451896e-07,3.3000000000000003,1.8001271249419966,1.5937576041301644,-0.0062575101650955214,-3.31500308448085e-06
3.3176799371451897e-07,3.3000000000000003,1.8001233273256823,1.5999178316526628,-0.006070721520727815,-3.3150035960716195e-06
3.31867993714519e-07,3.3000000000000003,1.8001196431396047,1.605894060117737,-0.005889512042766303,-3.31500308448085e-06
3.31967993714519e-07,3.3000000000000003,1.8001160689962576,1.6116917853699817,-0.00571371508781058,-3.3150035960716195e-06
3.32067993714519e-07,3.3000000000000003,1.8001126016083409,1.6173163390993055,-0.0055431689898813525,-3.31500308448085e-06
3.32167993714519e-07,3.3000000000000003,1.8001092377875703,1.6227728937440415,-0.005377716911805218,-3.3150035960716195e-06
3.32267993714519e-07,3.3000000000000003,1.8001059744401888,1.6280664672476188,-0.005217206700937052,-3.31500308448085e-06
3.32367993714519e-07,3.3000000000000003,1.8001028085654442,1.6332019276731475,-0.00506149074927806,-3.3150035960716195e-06
3.32467993714519e-07,3.3000000000000003,1.800099737251705,1.6381839976801758,-0.004910425857698616,-3.31500308448085e-06
3.3256799371451903e-07,3.3000000000000003,1.8000967576747389,1.6430172588677296,-0.00476387310427904,-3.3150035960716195e-06
3.3266799371451904e-07,3.3000000000000003,1.800093867094303,1.6477061559876343,-0.0046216977165296665,-3.31500308448085e-06
3.3276799371451904e-07,3.3000000000000003,1.800091062852315,1.6522550010319834,-0.004483768947472776,-3.3150035960716195e-06
3.3286799371451905e-07,3.3000000000000003,1.8000883423698204,1.6566679771985238,-0.0043499599553876,-3.31500308448085e-06
3.3296799371451906e-07,3.3000000000000003,1.8000857031451214,1.660949142737597,-0.004220147687179493,-3.3150035960716195e-06
3.3306799371451907e-07,3.3000000000000003,1.8000831427510509,1.6651024346841787,-0.004094212765205402,-3.31500308448085e-06
3.3316799371451907e-07,3.3000000000000003,1.8000806588331018,1.6691316724784444,-0.003972039377502845,-3.3150035960716195e-06
3.332679937145191e-07,3.3000000000000003,1.800078249106955,1.6730405614781936,-0.0038535151712780925,-3.31500308448085e-06
3.333679937145191e-07,3.3000000000000003,1.8000759113566382,1.6768326963663611,-0.0037385311495923444,-3.3150035960716195e-06
3.334679937145191e-07,3.3000000000000003,1.8000736434322222,1.6805115644567519,-0.0036269815711437257,-3.31500308448085e-06
3.335679937145191e-07,3.3000000000000003,1.8000714432483054,1.6840805489010364,-0.003518763852937442,-3.3150035960716195e-06
3.336679937145191e-07,3.3000000000000003,1.8000693087812292,1.6875429317999542,-0.003413778476075879,-3.31500308448085e-06
3.337679937145191e-07,3.3000000000000003,1.8000672380684288,1.690901897221593,-0.003311928894173663,-3.3150035960716195e-06
3.338679937145191e-07,3.3000000000000003,1.8000652292053612,1.6941605341295132,-0.0032131214445591198,-3.31500308448085e-06
3.3396799371451913e-07,3.3000000000000003,1.8000632803448784,1.6973218392234122,-0.003117265262174441,-3.3150035960716195e-06
3.3406799371451914e-07,3.3000000000000003,1.8000613896945714,1.7003887196949439,-0.0030242721959856615,-3.31500308448085e-06
3.3416799371451915e-07,3.3000000000000003,1.800059555515937,1.703363995901222,-0.0029340567279420035,-3.3150035960716195e-06
3.3426799371451916e-07,3.3000000000000003,1.8000577761220868,1.7062504039584696,-0.0028465358943111697,-3.31500308448085e-06
3.3436799371451916e-07,3.3000000000000003,1.8000560498767828,1.7090505982582,-0.002761629209402052,-3.3150035960716195e-06
3.3446799371451917e-07,3.3000000000000003,1.8000543751924336,1.7117671539082422,-0.0026792585915336913,-3.31500308448085e-06
3.345679937145192e-07,3.3000000000000003,1.8000527505290604,1.7144025691008542,-0.002599348291242795,-3.3150035960716195e-06
3.346679937145192e-07,3.3000000000000003,1.8000511743925178,1.7169592674101064,-0.002521824821612274,-3.31500308448085e-06
3.347679937145192e-07,3.3000000000000003,1.8000496453334276,1.7194396000206402,-0.0024466168907006755,-3.3150035960716195e-06
3.348679937145192e-07,3.3000000000000003,1.8000481619455853,1.7218458478898608,-0.0023736553359729527,-3.31500308448085e-06
3.349679937145192e-07,3.3000000000000003,1.800046722864888,1.7241802238455441,-0.0023028730607041604,-3.3150035960716195e-06
3.350679937145192e-07,3.3000000000000003,1.8000453267678924,1.7264448746207934,-0.002234204972270324,-3.31500308448085e-06
3.351679937145192e-07,3.3000000000000003,1.8000439723707569,1.7286418828282122,-0.002167587922293064,-3.3150035960716195e-06
3.3526799371451923e-07,3.3000000000000003,1.8000426584279248,1.7307732688751114,-0.0021029606485630493,-3.31500308448085e-06
3.3536799371451924e-07,3.3000000000000003,1.8000413837310967,1.7328409928215116,-0.0020402637187056606,-3.3150035960716195e-06
3.3546799371451925e-07,3.3000000000000003,1.8000401471080174,1.7348469561826476,-0.001979439475523107,-3.31500308448085e-06
3.3556799371451925e-07,3.3000000000000003,1.8000389474214846,1.7367930036776358,-0.0019204319839742974,-3.3150035960716195e-06
3.3566799371451926e-07,3.3000000000000003,1.8000377835682306,1.7386809249259116,-0.0018631869797338058,-3.31500308448085e-06
3.3576799371451927e-07,3.3000000000000003,1.8000366544779682,1.740512456092992,-0.0018076518192912732,-3.3150035960716195e-06
3.358679937145193e-07,3.3000000000000003,1.8000355591124024,1.7422892814870878,-0.0017537754315139157,-3.31500308448085e-06
3.359679937145193e-07,3.3000000000000003,1.8000344964640433,1.744013035108018,-0.0017015082707758347,-3.3150035960716195e-06
3.360679937145193e-07,3.3000000000000003,1.8000334655559491,1.7456853021498684,-0.0016508022712617635,-3.31500308448085e-06
3.361679937145193e-07,3.3000000000000003,1.8000324654397866,1.747307620458764,-0.0016016108028356246,-3.3150035960716195e-06
3.362679937145193e-07,3.3000000000000003,1.8000314951960794,1.7488814819470977,-0.001553888628167186,-3.31500308448085e-06
3.363679937145193e-07,3.3000000000000003,1.8000305539323636,1.7504083339655196,-0.0015075918611005164,-3.3150035960716195e-06
3.364679937145193e-07,3.3000000000000003,1.8000296407832157,1.7518895806339456,-0.00146267792632149,-3.31500308448085e-06
3.3656799371451933e-07,3.3000000000000003,1.8000287549087357,1.7533265841328125,-0.0014191055201826905,-3.3150035960716195e-06
3.3666799371451934e-07,3.3000000000000003,1.8000278954943867,1.7547206659557606,-0.0013768345727385174,-3.31500308448085e-06
3.3676799371451934e-07,3.3000000000000003,1.8000270617497267,1.7560731081249041,-0.0013358262108804273,-3.3150035960716195e-06
3.3686799371451935e-07,3.3000000000000003,1.800026252908123,1.7573851543698003,-0.0012960427226018927,-3.31500308448085e-06
3.3696799371451936e-07,3.3000000000000003,1.800025468225671,1.7586580112712062,-0.0012574475223063543,-3.3150035960716195e-06
3.3706799371451937e-07,3.3000000000000003,1.8000247069808308,1.7598928493706705,-0.0012200051171722432,-3.31500308448085e-06
3.371679937145194e-07,3.3000000000000003,1.8000239684734902,1.7610908042469842,-0.0011836810745048192,-3.3150035960716195e-06
3.372679937145194e-07,3.3000000000000003,1.800023252024554,1.762252977560478,-0.0011484419900783616,-3.31500308448085e-06
3.373679937145194e-07,3.3000000000000003,1.800022556975122,1.763380438066131,-0.0011142554574110435,-3.3150035960716195e-06
3.374679937145194e-07,3.3000000000000003,1.8000218826860497,1.7644742225964138,-0.0010810900379684318,-3.31500308448085e-06
3.375679937145194e-07,3.3000000000000003,1.8000212285372188,1.7655353370147788,-0.001048915232247727,-3.3150035960716195e-06
3.376679937145194e-07,3.3000000000000003,1.800020593927088,1.7665647571406708,-0.0010177014517336468,-3.31500308448085e-06
3.377679937145194e-07,3.3000000000000003,1.8000199782720376,1.767563429646907,-0.0009874199916850668,-3.3150035960716195e-06
3.3786799371451943e-07,3.3000000000000003,1.8000193810059182,1.7685322729302526,-0.0009580430047403678,-3.31500308448085e-06
3.3796799371451943e-07,3.3000000000000003,1.800018801579458,1.7694721779559972,-0.0009295434753062513,-3.3150035960716195e-06
3.3806799371451944e-07,3.3000000000000003,1.8000182394598196,1.7703840090773002,-0.0009018951947156201,-3.31500308448085e-06
3.3816799371451945e-07,3.3000000000000003,1.8000176941300565,1.771268604830066,-0.0008750727371239365,-3.3150035960716195e-06
3.3826799371451946e-07,3.3000000000000003,1.8000171650886834,1.7721267787040753,-0.0008490514361287652,-3.31500308448085e-06
3.3836799371451946e-07,3.3000000000000003,1.8000166518491767,1.772959319891086,-0.0008238073620846938,-3.3150035960716195e-06
3.3846799371451947e-07,3.3000000000000003,1.800016153939559,1.7737669940105876,-0.0007993173000983137,-3.31500308448085e-06
3.385679937145195e-07,3.3000000000000003,1.8000156709019384,1.7745505438138762,-0.0007755587286786277,-3.3150035960716195e-06
3.386679937145195e-07,3.3000000000000003,1.8000152022921094,1.7753106898671047,-0.0007525097990264597,-3.31500308448085e-06
3.387679937145195e-07,3.3000000000000003,1.8000147476791262,1.7760481312139267,-0.0007301493149413857,-3.3150035960716195e-06
3.388679937145195e-07,3.3000000000000003,1.8000143066449226,1.776763546018348,-0.0007084567133299066,-3.31500308448085e-06
3.389679937145195e-07,3.3000000000000003,1.8000138787839124,1.7774575921883802,-0.0006874120452947036,-3.3150035960716195e-06
3.390679937145195e-07,3.3000000000000003,1.8000134637026297,1.7781309079810639,-0.0006669959577897291,-3.31500308448085e-06
3.391679937145195e-07,3.3000000000000003,1.8000130610193565,1.7787841125894204,-0.0006471896758225213,-3.3150035960716195e-06
3.3926799371451953e-07,3.3000000000000003,1.80001267036378,1.7794178067118729,-0.0006279749851885564,-3.31500308448085e-06
3.3936799371451954e-07,3.3000000000000003,1.800012291376645,1.7800325731046596,-0.0006093342157210071,-3.3150035960716195e-06
3.3946799371451955e-07,3.3000000000000003,1.8000119237094288,1.7806289771177457,-0.0005912502250411678,-3.31500308448085e-06
3.3956799371451955e-07,3.3000000000000003,1.8000115670240182,1.781207567214731,-0.0005737063827937076,-3.3150035960716195e-06
3.3966799371451956e-07,3.3000000000000003,1.8000112209923995,1.7817688754772236,-0.0005566865553533649,-3.31500308448085e-06
3.3976799371451957e-07,3.3000000000000003,1.8000108852963548,1.782313418094154,-0.0005401750909881512,-3.3150035960716195e-06
3.398679937145196e-07,3.3000000000000003,1.8000105596271734,1.7828416958364712,-0.000524156805465538,-3.31500308448085e-06
3.399679937145196e-07,3.3000000000000003,1.8000102436853633,1.7833541945176599,-0.0005086169680890434,-3.3150035960716195e-06
3.4000000000000003e-07,3.299999999999973,1.8000101445780883,1.7835149593467818,-0.000503742305076231,-3.315002970794012e-06
3.4000016802514195e-07,3.2997227585157987,1.8000101440605956,1.7835157991845512,-0.0005037168888671819,0.00742168527534659
3.400005040754258e-07,3.2991682755474505,1.8000101430251563,1.783517478774518,-0.0005036659608235349,0.007421685832298408
3.400011761759935e-07,3.2980593096107538,1.800010140954606,1.7835208374410725,-0.0005035640038874599,0.0074216869462588875
3.400025203771289e-07,3.2958413777373607,1.8000101368150363,1.783527552721188,-0.0005033604432998478,0.007421689174293533
3.400052087793996e-07,3.2914055139906617,1.800010128540167,1.7835409750736246,-0.0005029534545933624,0.007421693630021764
3.400105855839411e-07,3.2825337864971766,1.8000101120112428,1.7835677869807525,-0.0005021404862218681,0.007421702542615094
3.4002133919302413e-07,3.2647903315102065,1.8000100790343574,1.7836212798709543,-0.000500518468388102,0.007421720366266982
3.400428464111901e-07,3.229303421536353,1.8000100134018115,1.7837277440827073,-0.0004972903167137849,0.007421756014878156
3.4008586084752204e-07,3.1583296015886466,1.800009883413326,1.7839386031280966,-0.0004908966985289864,0.007421827311020479
3.4017188972018593e-07,3.016381961693233,1.8000096284553762,1.784352176920452,-0.0004783564331590967,0.007421969904441994
3.4027188972018594e-07,2.8513819616932206,1.8000093403273179,1.7848195592330167,-0.0004641846013250074,0.007422135654110207
3.4037188972018594e-07,2.6863819616932085,1.8000090608040058,1.78527298136235,-0.00045043606611682357,0.007422301404744758
3.4047188972018595e-07,2.521381961693196,1.8000087896308787,1.7857128602833978,-0.00043709818420399556,0.007422467154526657
3.4057188972018596e-07,2.3563819616931836,1.80000852655642,1.7861396005165402,-0.00042415868977118364,0.0074226329050475215
3.4067188972018597e-07,2.191381961693171,1.8000082713405212,1.7865535944995834,-0.00041160568348742454,0.007422798654800999
3.40771889720186e-07,2.0263819616931587,1.800008023746935,1.7869552229486632,-0.0003994276213408681,0.007422964405378707
3.40871889720186e-07,1.8613819616931464,1.8000077835492372,1.787344855208348,-0.00038761330423587974,0.007423130155160607
3.40971889720186e-07,1.696381961693134,1.8000075505256021,1.787722849591306,-0.0006160483046044728,0.007423295905738314
3.41071889720186e-07,1.5313819616931215,1.8000073244623909,1.7880895537078045,-0.002696401976251752,0.00742346165546337
3.41171889720186e-07,1.366381961693109,1.8000071051512034,1.7884453047853868,-0.006928198873900862,0.0074236274060694996
3.41271889720186e-07,1.2013819616930967,1.8000068923907895,1.7887904299789876,-0.013311429077638751,0.0074237931558229775
3.41371889720186e-07,1.0363819616930843,1.8000066859851236,1.7891252466717928,-0.02184608296388121,0.007423958906372263
3.4140126600442047e-07,0.9879110927062484,1.8000066265349401,1.7892216827065661,-0.024762080438674016,0.007424007597194304
3.414213801767443e-07,0.9547227083719183,1.8000065861334467,1.789287219283942,-0.026865768985799114,0.0074240409368968585
3.4143526091826003e-07,0.9318194848709673,1.800006558395816,1.7893322133120337,-0.02836827913290201,0.007424063943815895
3.414467717877074e-07,0.9128265502827886,1.800006535482114,1.7893693820812435,-0.029645704909533804,0.007424083023579442
3.4145696191097136e-07,0.8960128468972672,1.800006515264252,1.7894021780521003,-0.03024947406494593,0.007424099913208693
3.4146736562239523e-07,0.8788467230478925,1.800006494687258,1.789435557059487,-0.029079656990773636,0.007424117157881938
3.4147500029523204e-07,0.8662495128671477,1.8000064796281512,1.78945998504223,-0.02823601121978195,0.0074241298118664645
3.414854076606145e-07,0.8490773599861261,1.8000064591551972,1.789493193620781,-0.027106176165138184,0.0074241470625935335
3.4150622239137935e-07,0.8147330542240829,1.8000064184046303,1.789559297378808,-0.02491641372299151,0.00742418156252711
3.415478518529091e-07,0.7460444426999961,1.8000063376685478,1.789690261126442,-0.0208165191035194,0.0074242505639432466
3.4163111077596855e-07,0.6086672196519105,1.8000061792168807,1.7899472910684884,-0.013735248842607016,0.007424388565240747
3.4173111077596856e-07,0.44366721965189804,1.8000059941125295,1.7902475536235993,-0.007201437828076943,0.007424554315925036
3.4183111077596856e-07,0.27866721965188557,1.8000058145379276,1.7905388476743946,-0.00281900986507726,0.0074247200655719325
3.4193111077596857e-07,0.11366721965187354,1.8000056403262248,1.7908214410999976,-0.0005879568309935465,0.007424885816252669
3.42e-07,0.0,1.8000055233549264,1.791011184341416,-0.00027644392839546616,0.007424999999737683
3.4200000157780577e-07,0.0,1.8000055233531065,1.7910111886418136,-0.0002764387266490992,-3.7733331975800366e-23
3.420000047334172e-07,0.0,1.8000055233478025,1.7910111972426053,-0.0002764384658583629,0.0
3.420000110446401e-07,0.0,1.8000055233361465,1.7910112144441634,-0.0002764379442883549,0.0
3.42000023667086e-07,0.0,1.800005523316572,1.7910112488471808,-0.0002764369011131926,0.0
3.4200004891197764e-07,0.0,1.800005523272173,1.7910113176528217,-0.00027643854011871467,0.0
3.42000099401761e-07,0.0,1.8000055231882819,1.7910114552625234,-0.000276435298869891,0.0
3.420002003813278e-07,0.0,1.8000055230179801,1.7910117304756075,-0.0002764274196055979,0.0
3.4200040234046123e-07,0.0,1.8000055226786893,1.7910122808764963,-0.00027641049767770167,0.0
3.4200080625872815e-07,0.0,1.8000055220001412,1.7910133815771656,-0.0002763771225492545,0.0
3.4200161409526203e-07,0.0,1.8000055206430274,1.7910155825741294,-0.00027631050097277335,0.0
3.4200322976832975e-07,0.0,1.800005517931454,1.7910199829510514,-0.00027617710309934813,0.0
3.420064611144652e-07,0.0,1.8000055125089018,1.7910287772408315,-0.000275910474284121,0.0
3.4201292380673604e-07,0.0,1.800005501682496,1.7910463399957737,-0.00027537792692985675,0.0
3.420258491912778e-07,0.0,1.8000054800914536,1.7910813624597217,-0.00027431601497989914,0.0
3.4205169996036134e-07,0.0,1.8000054371641,1.7911509972152746,-0.0002722045608863292,0.0
3.421034014985284e-07,0.0,1.800005352309335,1.7912886419874496,-0.0002680309366302351,0.0
3.422034014985284e-07,0.0,1.8000051919043931,1.7915488399014625,-0.0002601412914030536,0.0
3.4230340149852843e-07,0.0,1.8000050362903832,1.7918012659968634,-0.0002524873000531712,0.0
3.4240340149852844e-07,0.0,1.8000048853244504,1.7920461524091191,-0.00024506192480558474,0.0
3.4250340149852845e-07,0.0,1.8000047388676474,1.792283724340073,-0.00023785833715133707,0.0
3.4260340149852845e-07,0.0,1.8000045967853886,1.7925142002650423,-0.000230869912547812,0.0
3.4270340149852846e-07,0.0,1.800004458946929,1.7927377921337326,-0.00022409022431451472,0.0
3.4280340149852847e-07,0.0,1.800004325225581,1.7929547055651514,-0.0002175130377333166,0.0
3.429034014985285e-07,0.0,1.8000041954983124,1.7931651400366981,-0.00021113230430615503,0.0
3.430034014985285e-07,0.0,1.8000040696458737,1.793369289067606,-0.00020494215620008006,0.0
3.431034014985285e-07,0.0,1.8000039475524858,1.7935673403969075,-0.00019893690084500515,0.0
3.432034014985285e-07,0.0,1.8000038291059068,1.7937594761560804,-0.00019311101570375727,0.0
3.433034014985285e-07,0.0,1.8000037141971799,1.7939458730365423,-0.00018745914318919185,0.0
3.434034014985285e-07,0.0,1.800003602720659,1.794126702452136,-0.00018197608574091557,0.0
3.435034014985285e-07,0.0,1.800003494573806,1.794302130696766,-0.00017665680104236536,0.0
3.4360340149852853e-07,0.0,1.8000033896571863,1.7944723190973257,-0.0001714963973865693,0.0
3.4370340149852854e-07,0.0,1.8000032878743002,1.7946374241620553,-0.00016649012917521,0.0
3.4380340149852854e-07,0.0,1.8000031891315607,1.79479759772447,-0.00016163339255664924,0.0
3.4390340149852855e-07,0.0,1.8000030933381506,1.7949529870829897,-0.00015692172119024072,0.0
3.4400340149852856e-07,0.0,1.800003000405986,1.7951037351363954,-0.0001523507821406312,0.0
3.4410340149852857e-07,0.0,1.8000029102495967,1.7952499805152433,-0.00014791637189177047,0.0
3.442034014985286e-07,0.0,1.8000028227860805,1.7953918577093515,-0.0001436144124823632,0.0
3.443034014985286e-07,0.0,1.8000027379350458,1.7955294971914775,-0.00013944094773069455,0.0
3.444034014985286e-07,0.0,1.8000026556182844,1.7956630255373045,-0.0001353921396911643,0.0
3.445034014985286e-07,0.0,1.8000025757603897,1.7957925655418432,-0.00013146426499209486,0.0
3.446034014985286e-07,0.0,1.8000024982876262,1.7959182363323563,-0.00012765371148200973,0.0
3.447034014985286e-07,0.0,1.800002423129001,1.7960401534779076,-0.00012395697491663645,0.0
3.448034014985286e-07,0.0,1.800002350215182,1.7961584290956447,-0.00012037065570568562,0.0
3.449034014985286e-07,0.0,1.8000022794792996,1.7962731719539018,-0.00011689145581253964,0.0
3.4500340149852863e-07,0.0,1.800002210856148,1.7963844875722255,-0.00011351617569918449,0.0
3.4510340149852864e-07,0.0,1.8000021442827518,1.7964924783184117,-0.00011024171140285135,0.0
3.4520340149852865e-07,0.0,1.800002079697778,1.7965972435026467,-0.00010706505166526803,0.0
3.4530340149852866e-07,0.0,1.8000020170419273,1.7966988794688323,-0.0001039832751772687,0.0
3.4540340149852866e-07,0.0,1.8000019562574998,1.7967974796831874,-0.00010099354788066546,0.0
3.4550340149852867e-07,0.0,1.8000018972886658,1.7968931348201997,-9.80931203717993e-05,0.0
3.4550719628643316e-07,0.0,1.8000018950864727,1.7968967076417104,-9.798477902056908e-05,0.0
3.455077479483969e-07,0.0,1.8000018947661254,1.7968972266933907,-9.796886586479597e-05,0.0
3.4550885127232447e-07,0.0,1.8000018941266747,1.7968982645363245,-9.793757130782597e-05,0.0
3.4550890665882374e-07,0.0,1.8000018940940703,1.7968983166265469,-9.79355843944392e-05,0.0
3.455090174318223e-07,0.0,1.800001894029444,1.7968984208043668,-9.793335687163606e-05,0.0
3.4550923897781935e-07,0.0,1.8000018939021691,1.7968986291495113,-9.792657381694308e-05,0.0
3.4550968206981355e-07,0.0,1.8000018936447122,1.7968990457978151,-9.791382391652761e-05,0.0
3.455105682538019e-07,0.0,1.8000018931311779,1.7968998789265112,-9.788862023473064e-05,0.0
3.455106127399448e-07,0.0,1.8000018931054351,1.7968999207433949,-9.788694482118489e-05,0.0
3.4551070171223065e-07,0.0,1.8000018930528368,1.7969000043754702,-9.788534028703508e-05,0.0
3.4551070617860896e-07,0.0,1.8000018930509993,1.7969000085737121,-9.787962504607321e-05,0.0
3.4551071511136564e-07,0.0,1.8000018930466029,1.796900016970179,-9.787937044284215e-05,0.0
3.4551071555978695e-07,0.0,1.800001893045938,1.796900017391678,-9.783465418281702e-05,0.0
3.455107164566296e-07,0.0,1.800001893045341,1.7969000182346764,-9.789423326723252e-05,0.0
3.455107182503149e-07,0.0,1.800001893044822,1.7969000199206726,-9.786437981725157e-05,0.0
3.4551072183768546e-07,0.0,1.8000018930414077,1.7969000232926615,-9.789407990878824e-05,0.0
3.4551072901242663e-07,0.0,1.8000018930383417,1.7969000300366273,-9.788642482848052e-05,0.0
3.4551072937259616e-07,0.0,1.8000018930365946,1.796900030375172,-9.771505122518858e-05,0.0
3.4551073009293527e-07,0.0,1.8000018930379227,1.7969000310522623,-9.777463532167915e-05,0.0
3.455107315336134e-07,0.0,1.8000018930355441,1.79690003240644,-9.786400124362204e-05,0.0
3.455107316501747e-07,0.0,1.8000018930361639,1.7969000325160027,-9.807261417120317e-05,0.0
3.45510731719619e-07,0.0,1.8000018930359845,1.7969000325812776,-9.759577503517275e-05,0.0
3.455107317492015e-07,0.0,1.80000189303605,1.796900032609084,-9.759577419120163e-05,0.0
3.455107317698436e-07,0.0,1.8000018930365107,1.796900032628487,-9.378107633243313e-05,0.0
3.4551073178554336e-07,0.0,1.8000018930357191,1.7969000326432438,-9.759577315857091e-05,0.0
3.4551073179905126e-07,0.0,1.3366809331525065,1.7969000317076838,-1.7999999784024112e-06,0.0
3.455107318129636e-07,0.0,1.3366763756289934,1.796900029767452,-1.7999999784024112e-06,0.0
3.45510731822851e-07,0.0,1.3366731366523386,1.7969000283885368,5.829394552847589e-06,0.0
3.455107318364814e-07,0.0,1.3366686715245992,1.7969000264875963,-1.7999999784024112e-06,0.0
3.455107318637422e-07,0.0,1.336659741312308,1.7969000226856597,-1.7999999784024112e-06,0.0
3.4551073191826374e-07,0.0,1.3366418810668415,1.7969000150815682,-1.7999999784024112e-06,0.0
3.4551073202730684e-07,0.0,1.3366061612911229,1.7968999998724997,-2.2768371366055362e-06,0.0
3.4551073224539305e-07,0.0,1.3365347246025607,1.7968999694508232,-2.0384185575039737e-06,0.0
3.455107326815655e-07,0.0,1.3363918626672935,1.7968999085933153,-2.0384185575039737e-06,0.0
3.455107335539104e-07,0.0,1.3361061845693327,1.796899786821681,-2.0980232022793643e-06,0.0
3.455107352986002e-07,0.0,1.335535011409081,1.796899543052003,-2.068220879891669e-06,0.0
3.455107387879797e-07,0.0,1.3343933968404094,1.796899054607495,-2.0980232022793643e-06,0.0
3.455107457667388e-07,0.0,1.3321130915863757,1.796898074101737,-2.0905726216824405e-06,0.0
3.4551075972425703e-07,0.0,1.3275641516708516,1.7968960986541531,-2.0868473313839786e-06,0.0
3.4551078763929343e-07,0.0,1.3185127554495877,1.796892090260979,-2.0887099765332096e-06,0.0
3.455108434693663e-07,0.0,1.3005943195060814,1.7968838454377252,-2.087778653958594e-06,0.0
3.455109551295119e-07,0.0,1.2654824416116985,1.7968664590471894,-2.0887099765332096e-06,0.0
3.4551110251811094e-07,0.0,1.2205795705618174,1.7968417235294174,-2.0887099765332096e-06,0.0
3.455112778481501e-07,0.0,1.1692303912488293,1.796809743290295,-2.0887099765332096e-06,0.0
3.4551147196386125e-07,0.0,1.1148913068170516,1.7967712301662788,-2.088244315245902e-06,0.0
3.455116886347602e-07,0.0,1.057210048470783,1.796724567316044,-2.0884771458895557e-06,0.0
3.455119228473602e-07,0.0,0.9982050336785184,1.7966699894112788,-2.088244315245902e-06,0.0
3.45512178121774e-07,0.0,0.9376313623362177,1.7966058830641884,-2.088244315245902e-06,0.0
3.45512450266041e-07,0.0,0.8770902728203652,1.796532551861708,-2.088244315245902e-06,0.0
3.455127425663821e-07,0.0,0.8164038053343733,1.796448427517895,-2.088011484602248e-06,0.0
3.455130517989215e-07,0.0,0.7567578896272723,1.7963538004617263,-2.0884771458895557e-06,0.0
3.455133810408097e-07,0.0,0.6980245262440659,1.7962471550961836,-2.0884771458895557e-06,0.0
3.4551372785548374e-07,0.0,0.6410688532925138,1.7961287503318215,-2.088127899924075e-06,0.0
3.4551409512018027e-07,0.0,0.5858010982618688,1.7959971329072761,-2.088244315245902e-06,0.0
3.455144810812265e-07,0.0,0.5328345369053561,1.7958525019583589,-2.088011484602248e-06,0.0
3.4551488848475693e-07,0.0,0.48209819297894124,1.7956934532728366,-2.088127899924075e-06,0.0
3.45515316202411e-07,0.0,0.4340074374059915,1.7955200910180942,-2.088127899924075e-06,0.0
3.4551576694018384e-07,0.0,0.38849412625335156,1.7953310304553494,-2.088011484602248e-06,0.0
3.455162401750973e-07,0.0,0.3458189385327886,1.795126238462136,-2.087895069280421e-06,0.0
3.455167386846716e-07,0.0,0.30590543427771016,1.7949043030443517,-2.088244315245902e-06,0.0
3.4551726257248237e-07,0.0,0.2688942155939165,1.7946649998513997,-2.088127899924075e-06,0.0
3.4551781482705594e-07,0.0,0.23469403392524313,1.7944068222128142,-2.088127899924075e-06,0.0
3.455183962502876e-07,0.0,0.2033532161997791,1.7941292816960408,-2.088127899924075e-06,0.0
3.455190102248913e-07,0.0,0.17476298906121188,1.793830681309798,-2.088011484602248e-06,0.0
3.455196583928062e-07,0.0,0.14890179529766043,1.7935101646268177,-2.088011484602248e-06,0.0
3.4552034478664703e-07,0.0,0.12564346091768203,1.7931657061338,-2.088011484602248e-06,0.0
3.455210721361999e-07,0.0,0.10491463586794604,1.792795925639732,-2.088127899924075e-06,0.0
3.4552184550375083e-07,0.0,0.08657383255054019,1.7923982617184364,-2.0881861075849883e-06,0.0
3.455226691283274e-07,0.0,0.0705105812385418,1.7919705654042508,-2.088244315245902e-06,0.0
3.455235497013092e-07,0.0,0.056571413542457406,1.7915094122711908,-2.0881861075849883e-06,0.0
3.455244936966773e-07,0.0,0.044620704971682995,1.791011479205022,-2.088127899924075e-06,0.0
3.455255104416674e-07,0.0,0.03449705675121279,1.790471931822091,-2.0881861075849883e-06,0.0
3.45526609942814e-07,0.0,0.02604954362884697,1.7898855627139336,-2.0881861075849883e-06,0.0
3.455278059726573e-07,0.0,0.019113277588602436,1.7892451489166274,-2.0881861075849883e-06,0.0
3.455291145291582e-07,0.0,0.013530327678158942,1.7885422669499333,-2.0881861075849883e-06,0.0
3.455305573499698e-07,0.0,0.009137045328859804,1.7877654084370396,-2.0881570037545316e-06,0.0
3.4553216147081135e-07,0.0,0.005775825429704529,1.7869002154700528,-2.0881570037545316e-06,0.0
3.4553396414601856e-07,0.0,0.0032894549341573494,1.7859268359262657,-2.0881570037545316e-06,0.0
3.4553601497920265e-07,0.0,0.0015277986326272936,1.7848187868002787,-2.0881570037545316e-06,0.0
3.4553838515341077e-07,0.0,0.0003463386997535567,1.7835380011650832,-2.0881570037545316e-06,0.0
3.4554117736454884e-07,0.0,-0.0003894561094287687,1.7820295257476328,-2.08817155566976e-06,0.0
3.4554455077240617e-07,0.0,-0.0008028930218725223,1.7802081768180111,-2.0881861075849883e-06,0.0
3.455487612731327e-07,0.0,-0.0010018972942741236,1.7779370901055191,-2.0881861075849883e-06,0.0
3.4555425811525546e-07,0.0,-0.0010758360180553126,1.7749762984472128,-2.0881933835426025e-06,0.0
3.455619059532341e-07,0.0,-0.0010911017322228,1.770864996612148,-2.08817155566976e-06,0.0
3.455736285417025e-07,0.0,-0.001087940985722827,1.7645816435763904,-2.088175193648567e-06,0.0
3.4559469321871237e-07,0.0,-0.0010808591519416823,1.753346838682905,-2.088204297479024e-06,0.0
3.456368225727321e-07,0.0,-0.0010672188025135946,1.73109113894715,-2.0881933835426025e-06,0.0
3.457210812807716e-07,0.0,-0.001040238782103807,1.687421887032236,-2.0881933835426025e-06,0.0
3.458210812807716e-07,0.0,-0.0010092162456656255,1.637020495553247,-2.0881933835426025e-06,0.0
3.459210812807716e-07,0.0,-0.0009790311509998177,1.588124536769618,-2.0881933835426025e-06,0.0
3.460210812807716e-07,0.0,-0.0009498233520537339,1.5406890453063005,-2.0881933835426025e-06,0.0
3.461210812807716e-07,0.0,-0.0009214236882559199,1.4946703984756604,-2.0881933835426025e-06,0.0
3.462210812807716e-07,0.0,-0.00089392685374337,1.4500262768712828,-2.0881933835426025e-06,0.0
3.463210812807716e-07,0.0,-0.0008672049953129856,1.4067156248475277,-2.0881933835426025e-06,0.0
3.4642108128077163e-07,0.0,-0.0008413206165480845,1.3646986132757823,-2.0881933835426025e-06,0.0
3.4652108128077163e-07,0.0,-0.0008161759862987934,1.323936602482433,-2.0881933835426025e-06,0.0
3.4662108128077164e-07,0.0,-0.0007918107443511296,1.2843921070839925,-2.0881933835426025e-06,0.0
3.4672108128077165e-07,0.0,-0.0007681491989949751,1.2460287612017342,-2.0881933835426025e-06,0.0
3.4682108128077166e-07,0.0,-0.000745214828798231,1.2088112852848505,-2.0881933835426025e-06,0.0
3.4692108128077167e-07,0.0,-0.0007229481364335176,1.172705453441046,-2.0881933835426025e-06,0.0
3.4702108128077167e-07,0.0,-0.0007013612515612527,1.137678062153433,-2.0881933835426025e-06,0.0
3.471210812807717e-07,0.0,-0.0006804066400901158,1.1036968995833063,-2.0881933835426025e-06,0.0
3.472210812807717e-07,0.0,-0.0006600885337289463,1.070730716085688,-2.0881933835426025e-06,0.0
3.473210812807717e-07,0.0,-0.0006403682948107185,1.0387491953543457,-2.0881933835426025e-06,0.0
3.474210812807717e-07,0.0,-0.0006212447278565967,1.0077229266419374,-2.0881933835426025e-06,0.0
3.475210812807717e-07,0.0,-0.0006026858650421706,0.9776233776288513,-2.0881933835426025e-06,0.0
3.476210812807717e-07,0.0,-0.0005846868489437496,0.9484228682561396,-2.0881933835426025e-06,0.0
3.477210812807717e-07,0.0,-0.0005672207615618455,0.9200945452095309,-2.0881933835426025e-06,0.0
3.4782108128077173e-07,0.0,-0.000550280341168378,0.89261235727637,-2.0881933835426025e-06,0.0
3.4792108128077174e-07,0.0,-0.0005338425376586715,0.8659510313445556,-2.0881933835426025e-06,0.0
3.4802108128077175e-07,0.0,-0.0005178985776391596,0.8400860491982214,-2.0881933835426025e-06,0.0
3.4812108128077176e-07,0.0,-0.0005024284135714837,0.8149936249387043,-2.0881933835426025e-06,0.0
3.4822108128077176e-07,0.0,-0.00048742239076570934,0.7906506831374843,-2.0881933835426025e-06,0.0
3.4832108128077177e-07,0.0,-0.000472862827909681,0.7670348375928032,-2.0881933835426025e-06,0.0
3.484210812807718e-07,0.0,-0.0004587396311151729,0.7441243707622864,-2.0881933835426025e-06,0.0
3.485210812807718e-07,0.0,-0.00044503701474858214,0.721898213774668,-2.0881933835426025e-06,0.0
3.486210812807718e-07,0.0,-0.0004317447528415498,0.7003359270684454,-2.0881933835426025e-06,0.0
3.487210812807718e-07,0.0,-0.00041884860509009564,0.6794176815834482,-2.0881933835426025e-06,0.0
3.488210812807718e-07,0.0,-0.0004063384239526939,0.6591242405357475,-2.0881933835426025e-06,0.0
3.489210812807718e-07,0.0,-0.0003942012514004784,0.6394369417186305,-2.0881933835426025e-06,0.0
3.490210812807718e-07,0.0,-0.0003824271598297826,0.6203376803477578,-2.0881933835426025e-06,0.0
3.4912108128077183e-07,0.0,-0.000371004273971974,0.6018088924055293,-2.0881933835426025e-06,0.0
3.4922108128077184e-07,0.0,-0.0003599229785425801,0.5838335384941329,-2.0881933835426025e-06,0.0
3.4932108128077185e-07,0.0,-0.0003491723278992581,0.5663950881613762,-2.0881933835426025e-06,0.0
3.4942108128077185e-07,0.0,-0.00033874307661302915,0.5494775047027605,-2.0881933835426025e-06,0.0
3.4952108128077186e-07,0.0,-0.00032862508951275645,0.5330652304106465,-2.0881933835426025e-06,0.0
3.4962108128077187e-07,0.0,-0.0003188095239781856,0.5171431722698289,-2.0881933835426025e-06,0.0
3.497210812807719e-07,0.0,-0.0003092869611623835,0.5016966880754291,-2.0881933835426025e-06,0.0
3.498210812807719e-07,0.0,-0.00030004897698921893,0.48671157296962314,-2.0881933835426025e-06,0.0
3.499210812807719e-07,0.0,-0.00029108679330045503,0.4721740463769436,-2.0881933835426025e-06,0.0
3.500210812807719e-07,0.0,-0.0002823924083613102,0.458070739332831,-2.0881933835426025e-06,0.0
3.501210812807719e-07,0.0,-0.00027395762286650937,0.44438868218810135,-2.0881933835426025e-06,0.0
3.502210812807719e-07,0.0,-0.00026577485305898064,0.43111529268284576,-2.0881933835426025e-06,0.0
3.503210812807719e-07,0.0,-0.0002578364270285824,0.41823836437469986,-2.0881933835426025e-06,0.0
3.5042108128077193e-07,0.0,-0.0002501351691677365,0.40574605541431785,-2.0881933835426025e-06,0.0
3.5052108128077194e-07,0.0,-0.0002426638913889018,0.3936268776547777,-2.0881933835426025e-06,0.0
3.5062108128077194e-07,0.0,-0.00023541581286038566,0.38186968608740757,-2.0881933835426025e-06,0.0
3.5072108128077195e-07,0.0,-0.00022838419180950197,0.37046366859219154,-2.0881933835426025e-06,0.0
3.5082108128077196e-07,0.0,-0.0002215626266220062,0.3593983359951347,-2.0881933835426025e-06,0.0
3.5092108128077197e-07,0.0,-0.00021494478906267306,0.3486635124219116,-2.0881933835426025e-06,0.0
3.5102108128077197e-07,0.0,-0.00020852463994940973,0.33824932594022766,-2.0881933835426025e-06,0.0
3.51121081280772e-07,0.0,-0.00020229623555473655,0.3281461994811837,-2.0881933835426025e-06,0.0
3.51221081280772e-07,0.0,-0.0001962538817870434,0.318344842032233,-2.0881933835426025e-06,0.0
3.51321081280772e-07,0.0,-0.00019039199341611026,0.30883624009283506,-2.0881933835426025e-06,0.0
3.51421081280772e-07,0.0,-0.00018470520400657722,0.2996116493856248,-2.0881933835426025e-06,0.0
3.51521081280772e-07,0.0,-0.00017918826329052411,0.29066258681490026,-2.0881933835426025e-06,0.0
3.51621081280772e-07,0.0,-0.00017383611527837167,0.28198082266552166,-2.0881933835426025e-06,0.0
3.51721081280772e-07,0.0,-0.00016864382319542606,0.27355837303463343,-2.0881933835426025e-06,0.0
3.5182108128077203e-07,0.0,-0.0001636066247222276,0.26538749248960086,-2.0881933835426025e-06,0.0
3.5192108128077204e-07,0.0,-0.00015871987686220975,0.25746066694511155,-2.0881933835426025e-06,0.0
3.5202108128077205e-07,0.0,-0.0001539790947606852,0.24977060675314372,-2.0881933835426025e-06,0.0
3.5212108128077206e-07,0.0,-0.00014937991099857852,0.24231023999923262,-2.0881933835426025e-06,0.0
3.5222108128077206e-07,0.0,-0.00014491810263349525,0.2350727059990521,-2.0881933835426025e-06,0.0
3.5232108128077207e-07,0.0,-0.00014058956094912392,0.22805134898917626,-2.0881933835426025e-06,0.0
3.524210812807721e-07,0.0,-0.00013639031006193805,0.22123971200635,-2.0881933835426025e-06,0.0
3.525210812807721e-07,0.0,-0.00013231648426033674,0.2146315309495288,-2.0881933835426025e-06,0.0
3.526210812807721e-07,0.0,-0.00012836434058413192,0.2082207288193213,-2.0881933835426025e-06,0.0
3.527210812807721e-07,0.0,-0.00012453024168470402,0.20200141012945697,-2.0881933835426025e-06,0.0
3.528210812807721e-07,0.0,-0.00012081066410907638,0.1959678554852076,-2.0881933835426025e-06,0.0
3.529210812807721e-07,0.0,-0.00011720218518689267,0.19011451632371942,-2.0881933835426025e-06,0.0
3.530210812807721e-07,0.0,-0.00011370148826465908,0.1844360098114674,-2.0881933835426025e-06,0.0
3.5312108128077213e-07,0.0,-0.00011030535253976087,0.17892711389409824,-2.0881933835426025e-06,0.0
3.5322108128077214e-07,0.0,-0.00010701065613975033,0.1735827624941449,-2.0881933835426025e-06,0.0
3.5332108128077215e-07,0.0,-0.00010381436812267777,0.1683980408521665,-2.0881933835426025e-06,0.0
3.5342108128077215e-07,0.0,-0.00010071355004387003,0.16336818100705458,-2.0881933835426025e-06,0.0
3.5352108128077216e-07,0.0,-9.770534955723727e-05,0.15848855741132759,-2.0881933835426025e-06,0.0
3.5362108128077217e-07,0.0,-9.478700093038561e-05,0.15375468267740008,-2.0881933835426025e-06,0.0
3.537210812807722e-07,0.0,-9.195581983693883e-05,0.1491622034508991,-2.0881933835426025e-06,0.0
3.538210812807722e-07,0.0,-8.920920314989722e-05,0.14470689640724563,-2.0881933835426025e-06,0.0
3.539210812807722e-07,0.0,-8.654462462745946e-05,0.1403846643678088,-2.0881933835426025e-06,0.0
3.540210812807722e-07,0.0,-8.395963422009871e-05,0.1361915325320705,-2.0881933835426025e-06,0.0
3.541210812807722e-07,0.0,-8.145185443342087e-05,0.1321236448223273,-2.0881933835426025e-06,0.0
3.542210812807722e-07,0.0,-7.90189793168338e-05,0.128177260337575,-2.0881933835426025e-06,0.0
3.543210812807722e-07,0.0,-7.665877134527385e-05,0.12434874991330919,-2.0881933835426025e-06,0.0
3.5442108128077223e-07,0.0,-7.436906020863169e-05,0.12063459278408276,-2.0881933835426025e-06,0.0
3.5452108128077224e-07,0.0,-7.21477400966833e-05,0.11703137334574738,-2.0881933835426025e-06,0.0
3.5462108128077224e-07,0.0,-6.999276837316886e-05,0.11353577801440462,-2.0881933835426025e-06,0.0
3.5472108128077225e-07,0.0,-6.790216317892343e-05,0.11014459217917537,-2.0881933835426025e-06,0.0
3.5482108128077226e-07,0.0,-6.58740020494935e-05,0.10685469724598763,-2.0881933835426025e-06,0.0
3.5492108128077227e-07,0.0,-6.390641977347059e-05,0.1036630677696623,-2.0881933835426025e-06,0.0
3.550210812807723e-07,0.0,-6.199760699453173e-05,0.10056676867166098,-2.0881933835426025e-06,0.0
3.551210812807723e-07,0.0,-6.014580827810566e-05,0.09756295254093572,-2.0881933835426025e-06,0.0
3.552210812807723e-07,0.0,-5.8349320725788504e-05,0.0946488570154003,-2.0881933835426025e-06,0.0
3.553210812807723e-07,0.0,-5.660649221512144e-05,0.09182180224161313,-2.0881933835426025e-06,0.0
3.554210812807723e-07,0.0,-5.4915720045140346e-05,0.08907918841033723,-2.0881933835426025e-06,0.0
3.555210812807723e-07,0.0,-5.327544932255531e-05,0.08641849336570973,-2.0881933835426025e-06,0.0
3.556210812807723e-07,0.0,-5.168417165063429e-05,0.08383727028582327,-2.0881933835426025e-06,0.0
3.557210812807723e-07,0.0,-5.014042364121171e-05,0.08133314543258541,-2.0881933835426025e-06,0.0
3.5582108128077233e-07,0.0,-4.864278565455095e-05,0.07890381596878744,-2.0881933835426025e-06,0.0
3.5592108128077234e-07,0.0,-4.718988042112043e-05,0.07654704784037478,-2.0881933835426025e-06,0.0
3.5602108128077235e-07,0.0,-4.578037183675732e-05,0.07426067372197172,-2.0881933835426025e-06,0.0
3.5612108128077236e-07,0.0,-4.441296368155156e-05,0.07204259102377082,-2.0881933835426025e-06,0.0
3.5622108128077236e-07,0.0,-4.308639847232249e-05,0.06989075995795449,-2.0881933835426025e-06,0.0
3.5632108128077237e-07,0.0,-4.179945626843639e-05,0.06780320166287018,-2.0881933835426025e-06,0.0
3.564210812807724e-07,0.0,-4.0550953581991754e-05,0.0657779963832345,-2.0881933835426025e-06,0.0
3.565210812807724e-07,0.0,-3.933974226224555e-05,0.06381328170469253,-2.0881933835426025e-06,0.0
3.566210812807724e-07,0.0,-3.8164708462855265e-05,0.061907250841108805,-2.0881933835426025e-06,0.0
3.567210812807724e-07,0.0,-3.7024771597971406e-05,0.06005815097301512,-2.0881933835426025e-06,0.0
3.568210812807724e-07,0.0,-3.591888336512401e-05,0.05826428163568688,-2.0881933835426025e-06,0.0
3.569210812807724e-07,0.0,-3.484602676709646e-05,0.0565239931553659,-2.0881933835426025e-06,0.0
3.570210812807724e-07,0.0,-3.380521518863387e-05,0.05483568513219146,-2.0881933835426025e-06,0.0
3.5712108128077243e-07,0.0,-3.279549147897955e-05,0.05319780496844444,-2.0881933835426025e-06,0.0
3.5722108128077244e-07,0.0,-3.181592708029436e-05,0.0516088464407512,-2.0881933835426025e-06,0.0
3.5732108128077245e-07,0.0,-3.086562116639837e-05,0.05006734831493406,-2.0881933835426025e-06,0.0
3.5742108128077245e-07,0.0,-2.99436998205941e-05,0.04857189300223474,-2.0881933835426025e-06,0.0
3.5752108128077246e-07,0.0,-2.9049315226694586e-05,0.047121105255674804,-2.0881933835426025e-06,0.0
3.5762108128077247e-07,0.0,-2.818164489386931e-05,0.045713650905354376,-2.0881933835426025e-06,0.0
3.577210812807725e-07,0.0,-2.7339890896424172e-05,0.044348235631526046,-2.0881933835426025e-06,0.0
3.578210812807725e-07,0.0,-2.652327914328403e-05,0.04302360377431574,-2.0881933835426025e-06,0.0
3.579210812807725e-07,0.0,-2.5731058663349374e-05,0.04173853717899578,-2.0881933835426025e-06,0.0
3.580210812807725e-07,0.0,-2.4962500917246595e-05,0.04049185407574846,-2.0881933835426025e-06,0.0
3.581210812807725e-07,0.0,-2.4216899125345168e-05,0.03928240799288967,-2.0881933835426025e-06,0.0
3.582210812807725e-07,0.0,-2.349356761949868e-05,0.0381090867025535,-2.0881933835426025e-06,0.0
3.583210812807725e-07,0.0,-2.2791841211041806e-05,0.036970811197867874,-2.0881933835426025e-06,0.0
3.5842108128077253e-07,0.0,-2.2111074580299556e-05,0.03586653470068091,-2.0881933835426025e-06,0.0
3.5852108128077254e-07,0.0,-2.145064168209827e-05,0.03479524169892533,-2.0881933835426025e-06,0.0
3.5862108128077254e-07,0.0,-2.0809935170928255e-05,0.03375594701273573,-2.0881933835426025e-06,0.0
3.5872108128077255e-07,0.0,-2.018836584166999e-05,0.03274769488845986,-2.0881933835426025e-06,0.0
3.5882108128077256e-07,0.0,-1.9585362088375006e-05,0.03176955811973077,-2.0881933835426025e-06,0.0
3.5892108128077257e-07,0.0,-1.9000369378098984e-05,0.030820637194791552,-2.0881933835426025e-06,0.0
3.590210812807726e-07,0.0,-1.84328497413422e-05,0.02990005946928854,-2.0881933835426025e-06,0.0
3.591210812807726e-07,0.0,-1.7882281277020822e-05,0.0290069783637722,-2.0881933835426025e-06,0.0
3.592210812807726e-07,0.0,-1.7348157672744717e-05,0.02814057258516782,-2.0881933835426025e-06,0.0
3.593210812807726e-07,0.0,-1.682998773903249e-05,0.02730004537149995,-2.0881933835426025e-06,0.0
3.594210812807726e-07,0.0,-1.6327294957731252e-05,0.026484623759176124,-2.0881933835426025e-06,0.0
3.595210812807726e-07,0.0,-1.5839617043711653e-05,0.02569355787215592,-2.0881933835426025e-06,0.0
3.596210812807726e-07,0.0,-1.5366505519810425e-05,0.02492612023235181,-2.0881933835426025e-06,0.0
3.5972108128077263e-07,0.0,-1.4907525304345275e-05,0.024181605090627518,-2.0881933835426025e-06,0.0
3.5982108128077263e-07,0.0,-1.4462254311056656e-05,0.023459327777778705,-2.0881933835426025e-06,0.0
3.5992108128077264e-07,0.0,-1.403028306091038e-05,0.022758624074899172,-2.0881933835426025e-06,0.0
3.6e-07,0.0,-1.3698514837187993e-05,0.022220460429097647,-2.0881942930373043e-06,0.0
3.6000000177839834e-07,2.934357273575988e-06,-1.3698507449976895e-05,0.02222044844692494,-2.0980232022793643e-06,-0.0074250000526506444
3.6000000533519504e-07,8.803071820727964e-06,-1.3698492682440755e-05,0.02222042448259244,-2.0980232022793643e-06,-0.007425000058546043
3.600000124487884e-07,2.0540500827681644e-05,-1.3698463126035165e-05,0.022220376554004995,-2.0905726216824405e-06,-0.007424999959822725
3.6000002667597505e-07,4.4015358841589e-05,-1.3698404034439846e-05,0.022220280697140226,-2.0868473313839786e-06,-0.0074250000939184305
3.600000551303484e-07,9.096507486940372e-05,-1.3698285849097596e-05,0.02222008898465124,-2.0887099765332096e-06,-0.0074250000305674975
3.6000011203909515e-07,0.00018486450701238344,-1.3698049477353817e-05,0.022219705564635428,-2.087778653958594e-06,-0.007425000249222248
3.6000022585658866e-07,0.00037266337129834284,-1.3697576745611652e-05,0.022218938744451997,-2.0887099765332096e-06,-0.007425000313546613
3.600004534915756e-07,0.0007482610997829114,-1.3696631333105566e-05,0.022217405183474533,-2.088244315245902e-06,-0.007425000811726895
3.6000090876154954e-07,0.0014994565567520487,-1.3694740703246525e-05,0.022214338379049802,-2.088127899924075e-06,-0.007425001445463014
3.6000181930149744e-07,0.003001847470777673,-1.3690960226427108e-05,0.022208206040102055,-2.0881861075849883e-06,-0.007425003076423076
3.600036403813932e-07,0.006006629298828923,-1.368340240311031e-05,0.022195946440060847,-2.0881570037545316e-06,-0.007425005973128562
3.6000728254118475e-07,0.01201619295484407,-1.3668299269571922e-05,0.022171447537383784,-2.0881861075849883e-06,-0.007425012131537789
3.6001456686076785e-07,0.024035320266961716,-1.3638142985374262e-05,0.02212253080969604,-2.088178831627374e-06,-0.00742502408389667
3.6002913549993405e-07,0.048073574891197006,-1.3578029797872267e-05,0.022025020771565852,-2.187721631230488e-05,-0.0074250483528564
3.6005827277826646e-07,0.0961500841396676,-1.3458596562153195e-05,0.02183128725228863,-0.0001982071566715149,-0.007425096526528563
3.601165473349312e-07,0.1923031026365214,-1.3222867918026727e-05,0.0214489101062362,-0.0010987427904751712,-0.007425193238105976
3.6021654733493123e-07,0.3573031026365338,-1.2827915743761109e-05,0.02080825531524913,-0.004346406026996874,-0.007425358866875342
3.6031654733493123e-07,0.5223031026365462,-1.2444760346163059e-05,0.02018673616141946,-0.009745180374636675,-0.007425524738437161
3.6041654733493124e-07,0.6873031026365586,-1.2073049368831859e-05,0.01958378108481418,-0.017295065833394574,-0.007425690367199422
3.6051654733493125e-07,0.852303102636571,-1.1712440979789752e-05,0.01899883559735184,-0.02699606240324215,-0.007425856238754136
3.6052440915736274e-07,0.8652751096485326,-1.1684553644228822e-05,0.01895359934774603,-0.027849943601921723,-0.007425869148320885
3.605401328022257e-07,0.8912191236724558,-1.1628977935566505e-05,0.018863449587002503,-0.029597592979058618,-0.0074258953316928
3.605430407974536e-07,0.8960173157984629,-1.1618728557346884e-05,0.018846823996117458,-0.029926637806937606,-0.007425900030355592
3.605449769913501e-07,0.8992120357277165,-1.1611909353085092e-05,0.018835762515355535,-0.030146730418181278,-0.00742590336075466
3.605461330212904e-07,0.9011194851292057,-1.1607839766238714e-05,0.018829161208954205,-0.03012385358115921,-0.007425905156097201
3.6054741369039905e-07,0.9032325891584484,-1.1603333075702487e-05,0.018821850873512628,-0.029978064981520447,-0.007425907399465359
3.6054815646939804e-07,0.9044581745067785,-1.1600720028916468e-05,0.0188176122313595,-0.029893777944977273,-0.007425908509986812
3.605491887806381e-07,0.9061614880528953,-1.159708940429834e-05,0.018811722968777325,-0.029776882191697496,-0.007425910341822828
3.605512534031182e-07,0.9095681151450415,-1.158983156327817e-05,0.018799949972155103,-0.02954378026242921,-0.007425913642791215
3.6055538264807843e-07,0.9163813693294216,-1.1575329503594813e-05,0.018776426075784815,-0.029080098051309733,-0.00742592060834113
3.605636411379989e-07,0.9300078776981816,-1.1546379788349837e-05,0.01872946653238105,-0.028163736903536574,-0.0074259341754583374
3.6058015811783976e-07,0.9572608944356142,-1.1488697294924745e-05,0.01863589934074806,-0.02637502808431691,-0.007425961673703796
3.6061319207752155e-07,1.011766927910567,-1.1374194650980677e-05,0.018450163770230697,-0.022973664167295738,-0.007426016306268934
3.606792599968851e-07,1.120778994860385,-1.1148595975064556e-05,0.018084218519168863,-0.01687515150734953,-0.007426125935197092
3.607792599968851e-07,1.2857789948603975,-1.0815599967852454e-05,0.017544063276866168,-0.009430632653902649,-0.007426291564087251
3.608792599968851e-07,1.45077899486041,-1.0492550176404391e-05,0.017020041863375475,-0.004137224910692794,-0.007426457435485645
3.609792599968851e-07,1.6157789948604222,-1.017914951841918e-05,0.016511672379398674,-0.0009949282785726155,-0.007426623064446858
3.610792599968851e-07,1.7807789948604344,-9.875109785179018e-06,0.016018487319427017,-2.0881933835426025e-06,-0.007426788935845252
3.611792599968851e-07,1.9457789948604471,-9.580151376374804e-06,0.015540033141814845,-2.0881933835426025e-06,-0.007426954564749622
3.612792599968851e-07,2.110778994860459,-9.294003043094991e-06,0.015075869851694708,-2.0881933835426025e-06,-0.007427120436148016
3.6137925999688513e-07,2.2757789948604716,-9.016401638287685e-06,0.014625570596350371,-2.0881933835426025e-06,-0.007427286065080807
3.6147925999688514e-07,2.4407789948604846,-8.747091874837077e-06,0.014188721272675545,-2.0881933835426025e-06,-0.007427451936479201
3.6157925999688514e-07,2.6057789948604966,-8.485826090743745e-06,0.013764920146357388,-2.0881933835426025e-06,-0.007427617565383571
3.6167925999688515e-07,2.770778994860509,-8.232364021409612e-06,0.013353777482434598,-2.0881933835426025e-06,-0.007427783436810387
3.6177925999688516e-07,2.9357789948605215,-7.986472578657326e-06,0.012954915186890282,-2.0881933835426025e-06,-0.007427949065743178
3.6187925999688517e-07,3.1007789948605335,-7.747925636400015e-06,0.012567966458950053,-2.0881933835426025e-06,-0.0074281149371131505
3.619792599968852e-07,3.2657789948605465,-7.5165038226766485e-06,0.01219257545376559,-2.0881933835426025e-06,-0.007428280566045942
3.62e-07,3.299999999999986,-7.469382770893573e-06,0.012116140053361117,-2.088207935457831e-06,-0.007428315063975788
3.6200012296001243e-07,3.3000000000000003,-7.469104295926258e-06,0.01211568833712171,-2.088011484602248e-06,-3.315003823445295e-06
3.6200036888003737e-07,3.3000000000000003,-7.468547366857957e-06,0.012114784938324841,-2.088011484602248e-06,-3.3150028571071743e-06
3.620008607200872e-07,3.3000000000000003,-7.46743363310538e-06,0.012112978342807678,-2.088011484602248e-06,-3.315003823445295e-06
3.6200184440018686e-07,3.3000000000000003,-7.465206663931147e-06,0.012109365959929015,-2.0881861075849883e-06,-3.3150028571071743e-06
3.6200381176038623e-07,3.3000000000000003,-7.460754717696673e-06,0.01210214442558948,-2.0881570037545316e-06,-3.315003823445295e-06
3.6200774648078493e-07,3.3000000000000003,-7.451858787715758e-06,0.012087714272948975,-2.0881861075849883e-06,-3.3150028002637555e-06
3.620156159215823e-07,3.3000000000000003,-7.434098730345573e-06,0.01205890555486509,-2.088178831627374e-06,-3.315003823445295e-06
3.620313548031771e-07,3.3000000000000003,-7.398705447388808e-06,0.012001493853477195,-2.088204297479024e-06,-3.3150028571071743e-06
3.620628325663667e-07,3.3000000000000003,-7.3284231966568206e-06,0.01188748850399887,-2.0881933835426025e-06,-3.315003823445295e-06
3.6212578809274587e-07,3.3000000000000003,-7.18985211597144e-06,0.011662711347386223,-2.0881933835426025e-06,-3.3150028571071743e-06
3.622257880927459e-07,3.3000000000000003,-6.975099329850406e-06,0.011314359292965056,-2.0881933835426025e-06,-3.315003823445295e-06
3.623257880927459e-07,3.3000000000000003,-6.766760967614646e-06,0.010976412122125839,-2.0881933835426025e-06,-3.3150028571071743e-06
3.624257880927459e-07,3.3000000000000003,-6.564645437645762e-06,0.010648559052713048,-2.0881933835426025e-06,-3.315003823445295e-06
3.625257880927459e-07,3.3000000000000003,-6.3685668709532464e-06,0.010330498585284172,-2.0881933835426025e-06,-3.3150028571071743e-06
3.626257880927459e-07,3.3000000000000003,-6.17834495023975e-06,0.010021938225845527,-2.0881933835426025e-06,-3.315003823445295e-06
3.627257880927459e-07,3.3000000000000003,-5.993804744089004e-06,0.00972259421686963,-2.0881933835426025e-06,-3.3150028571071743e-06
3.628257880927459e-07,3.3000000000000003,-5.8147765460805436e-06,0.009432191276346803,-2.0881933835426025e-06,-3.315003823445295e-06
3.6292578809274593e-07,3.3000000000000003,-5.641095718742368e-06,0.009150462344631008,-2.0881933835426025e-06,-3.3150028571071743e-06
3.6302578809274594e-07,3.3000000000000003,-5.4726025421317425e-06,0.008877148338847085,-2.0881933835426025e-06,-3.315003823445295e-06
3.6312578809274594e-07,3.3000000000000003,-5.309142066964623e-06,0.008611997914633608,-2.0881933835426025e-06,-3.3150028571071743e-06
3.6322578809274595e-07,3.3000000000000003,-5.1505639721158864e-06,0.008354767235002173,-2.0881933835426025e-06,-3.315003823445295e-06
3.6332578809274596e-07,3.3000000000000003,-4.996722426382834e-06,0.00810521974610064,-2.0881933835426025e-06,-3.3150028571071743e-06
3.6342578809274597e-07,3.3000000000000003,-4.847475954379115e-06,0.007863125959674044,-2.0881933835426025e-06,-3.315003823445295e-06
3.6352578809274597e-07,3.3000000000000003,-4.702687306424573e-06,0.007628263242023166,-2.0881933835426025e-06,-3.3150028571071743e-06
3.63625788092746e-07,3.3000000000000003,-4.562223332337473e-06,0.007400415609266673,-2.0881933835426025e-06,-3.315003823445295e-06
3.63725788092746e-07,3.3000000000000003,-4.425954858976636e-06,0.007179373528718546,-2.0881933835426025e-06,-3.3150028571071743e-06
3.63825788092746e-07,3.3000000000000003,-4.29375657146265e-06,0.006964933726198137,-2.0881933835426025e-06,-3.315003823445295e-06
3.63925788092746e-07,3.3000000000000003,-4.165506897925899e-06,0.006756898999095665,-2.0881933835426025e-06,-3.3150028571071743e-06
3.64025788092746e-07,3.3000000000000003,-4.041087897714373e-06,0.006555078035021232,-2.0881933835426025e-06,-3.315003823445295e-06
3.64125788092746e-07,3.3000000000000003,-3.920385152929319e-06,0.006359285235870589,-2.0881933835426025e-06,-3.3150028571071743e-06
3.64225788092746e-07,3.3000000000000003,-3.8032876632060885e-06,0.006169340547145855,-2.0881933835426025e-06,-3.315003823445295e-06
3.6432578809274603e-07,3.3000000000000003,-3.6896877436360185e-06,0.005985069292374236,-2.0881933835426025e-06,-3.3150028571071743e-06
3.6442578809274604e-07,3.3000000000000003,-3.5794809257372976e-06,0.005806302012472477,-2.0881933835426025e-06,-3.315003823445295e-06
3.6452578809274605e-07,3.3000000000000003,-3.4725658613835316e-06,0.005632874309909313,-2.0881933835426025e-06,-3.3150028571071743e-06
3.645295766413245e-07,3.3000000000000003,-3.468579033537509e-06,0.00562640724445601,-2.0882006595002167e-06,-3.315003880288714e-06
3.645301278041803e-07,3.3000000000000003,-3.467999403255416e-06,0.005625467026525531,-2.088011484602248e-06,-3.3150028002637555e-06
3.64531230129892e-07,3.3000000000000003,-3.4668404390963e-06,0.005623587061979142,-2.0881861075849883e-06,-3.315003823445295e-06
3.6453128546634124e-07,3.3000000000000003,-3.466782269516661e-06,0.005623492704836549,-2.0887099765332096e-06,-3.315003027637431e-06
3.645313961392398e-07,3.3000000000000003,-3.4666659335870194e-06,0.005623303995300929,-2.0887099765332096e-06,-3.315003880288714e-06
3.645314016949864e-07,3.3000000000000003,-3.466660093319872e-06,0.005623294522305307,-2.0980232022793643e-06,-3.315002118142729e-06
3.645314128064796e-07,3.3000000000000003,-3.466648414213925e-06,0.005623275576361934,-2.0868473313839786e-06,-3.3150039371321327e-06
3.645314350294659e-07,3.3000000000000003,-3.466625054168199e-06,0.005623237684666688,-2.0868473313839786e-06,-3.315003027637431e-06
3.6453143614505314e-07,3.3000000000000003,-3.466623882551608e-06,0.00562323578252167,-2.0980232022793643e-06,-3.315006665616238e-06
3.6453143837622765e-07,3.3000000000000003,-3.4666215366541137e-06,0.0056232319782335664,-2.068220879891669e-06,-3.3150048466268345e-06
3.645314428385767e-07,3.3000000000000003,-3.4666168466326014e-06,0.005623224369665079,-2.0980232022793643e-06,-3.3150048466268345e-06
3.6453144310557174e-07,3.3000000000000003,-3.4666165743288162e-06,0.005623223914423068,-2.2768371366055362e-06,-3.315003027637431e-06
3.6453144363956185e-07,3.3000000000000003,-3.4666160119630237e-06,0.005623223003939156,-2.157627847054755e-06,-3.3149884757222026e-06
3.6453144470754207e-07,3.3000000000000003,-3.4666148836796633e-06,0.005623221182971778,-2.157627847054755e-06,-3.315006665616238e-06
3.645314448381053e-07,3.3000000000000003,-3.466614727366006e-06,0.0056232209603539985,-1.7999999784024112e-06,-3.3150175795526593e-06
3.645314450992318e-07,3.3000000000000003,-3.466614492874702e-06,0.005623220515118467,-1.7999999784024112e-06,-3.3150321314678877e-06
3.6453144516378557e-07,3.3000000000000003,0.45313037257546285,0.0056232248370950925,-0.013563075789676811,-3.3150175795526593e-06
3.6453144522730605e-07,3.3000000000000003,0.4531514994504657,0.005623233451196276,-0.013563715757967928,-3.3150175795526593e-06
3.645314452616062e-07,3.3000000000000003,0.45316290750574284,0.00562323810285038,-0.013564061327061751,-3.3151339948744862e-06
3.645314453043717e-07,3.3000000000000003,0.45317713098762824,0.005623243902720734,-0.013563538505824431,-3.3150175795526593e-06
3.6453144538990276e-07,3.3000000000000003,0.45320557750127866,0.005623255503014187,-0.01356535387263629,-3.3150175795526593e-06
3.645314455609649e-07,3.3000000000000003,0.45326246872801373,0.0056232787058120145,-0.013567077202979127,-3.3150175795526593e-06
3.6453144590308905e-07,3.3000000000000003,0.4533762439779279,0.0056233251202509,-0.013570642854390646,-3.315003027637431e-06
3.645314465873374e-07,3.3000000000000003,0.4536037656666927,0.005623417984497848,-0.013577594469115564,-3.315010303595045e-06
3.645314479558342e-07,3.3000000000000003,0.45405869382424335,0.005623603854438552,-0.013591464400326072,-3.315006665616238e-06
3.6453145069282765e-07,3.3000000000000003,0.45496808945332523,0.005623976159868075,-0.013619011471051061,-3.3150048466268345e-06
3.6453145616681465e-07,3.3000000000000003,0.45678503952424665,0.005624723031008105,-0.013674064649758223,-3.3150048466268345e-06
3.645314671147886e-07,3.3000000000000003,0.46041158733252546,0.005626225799143326,-0.013783914400721674,-3.315003027637431e-06
3.645314890107365e-07,3.3000000000000003,0.46763537265358834,0.005629267317054323,-0.01400273763073042,-3.3150039371321327e-06
3.645315328026324e-07,3.3000000000000003,0.48196648962564653,0.005635493311087556,-0.014436841429893849,-3.315002913950593e-06
3.6453162038642405e-07,3.3000000000000003,0.5101691332138008,0.00564850947835447,-0.015291102163523022,-3.315003823445295e-06
3.6453176351636503e-07,3.3000000000000003,0.554968972258712,0.005671362954336034,-0.016648025313979357,-3.3150027434203366e-06
3.6453192097978585e-07,3.3000000000000003,0.6024622805421145,0.005698705789871779,-0.01808643539667147,-3.315003823445295e-06
3.6453211343087336e-07,3.3000000000000003,0.6580606925662591,0.0057351282994475734,-0.01977018741424636,-3.315002913950593e-06
3.6453231400637813e-07,3.3000000000000003,0.7132643960157149,0.005776453341954962,-0.02144182984245691,-3.315003823445295e-06
3.645325457948816e-07,3.3000000000000003,0.7737504795524837,0.005828268964904715,-0.02327323178053917,-3.3150028002637555e-06
3.645327861137235e-07,3.3000000000000003,0.8329151335516803,0.005886344234160392,-0.02506439962443598,-3.315003823445295e-06
3.6453305488534034e-07,3.3000000000000003,0.8950621114152886,0.005956230338725527,-0.026945585531341826,-3.315002913950593e-06
3.645333330218077e-07,3.3000000000000003,0.9551791179222681,0.006033697721018679,-0.028765025854713223,-3.315003880288714e-06
3.6453363776222346e-07,3.3000000000000003,1.0164814551491224,0.006124173428289612,-0.030619991818836206,-3.315002913950593e-06
3.645339532717605e-07,3.3000000000000003,1.0752754135381912,0.006223578490075168,-0.03239867367378619,-3.315003823445295e-06
3.645342943803378e-07,3.3000000000000003,1.1338983984198356,0.006337106305027827,-0.0341717459145067,-3.3150028571071743e-06
3.6453464802110814e-07,3.3000000000000003,1.1896836416270844,0.006460922583479364,-0.035858511606734,-3.315003823445295e-06
3.64535026977583e-07,3.3000000000000003,1.2443007564111255,0.006599926318941525,-0.037509418073842594,-3.3150028571071743e-06
3.6453542054980037e-07,3.3000000000000003,1.2958685064625248,0.006750605962999311,-0.03906756268430957,-3.315003880288714e-06
3.6453583985176003e-07,3.3000000000000003,1.3455689091399965,0.006917549720618576,-0.04056862617499151,-3.3150028002637555e-06
3.6453627622232354e-07,3.3000000000000003,1.392111191419264,0.00709762959887253,-0.04197358817444207,-3.315003823445295e-06
3.6453673946589674e-07,3.3000000000000003,1.4363324601900211,0.007295143384348511,-0.04330768557710291,-3.315002913950593e-06
3.6453722270843833e-07,3.3000000000000003,1.4773792915438744,0.007507397362368044,-0.04454513805960537,-3.315003880288714e-06
3.645377347885312e-07,3.3000000000000003,1.515851872617799,0.007738452967815184,-0.04570401063733648,-3.3150028002637555e-06
3.645382704472376e-07,3.3000000000000003,1.5512163875955618,0.007986101274241006,-0.04676819359321808,-3.315003823445295e-06
3.645388378975635e-07,3.3000000000000003,1.5839148981614621,0.00825425516427574,-0.04775096425641432,-3.3150028571071743e-06
3.6453943341136866e-07,3.3000000000000003,1.6136439970856578,0.008541253423006217,-0.04864317873776543,-3.315003880288714e-06
3.6454006493656653e-07,3.3000000000000003,1.6407432158636046,0.008850987345768663,-0.04945500852484073,-3.3150028002637555e-06
3.6454073029779117e-07,3.3000000000000003,1.6650727359184923,0.009182436286577821,-0.0501822468977462,-3.315003823445295e-06
3.645414375977385e-07,3.3000000000000003,1.6869074396318238,0.00953965041849523,-0.05083310204109404,-3.3150028571071743e-06
3.645421863806977e-07,3.3000000000000003,1.7062214600251482,0.009922399546840164,-0.05140679624195287,-3.315003823445295e-06
3.6454298544991927e-07,3.3000000000000003,1.7232498065852644,0.010335156781037443,-0.0519103160353546,-3.3150028002637555e-06
3.6454383645842773e-07,3.3000000000000003,1.7380439034002315,0.010778735916668865,-0.052345194943380295,-3.315003823445295e-06
3.645447497026739e-07,3.3000000000000003,1.7508142286953476,0.011258441112085061,-0.052717650688846214,-3.3150028571071743e-06
3.6454572971233013e-07,3.3000000000000003,1.7616624908760514,0.011776575439941636,-0.053030695772623405,-3.315003823445295e-06
3.645467895543991e-07,3.3000000000000003,1.770783337176469,0.012339950437880718,-0.05329002220568823,-3.3150028002637555e-06
3.645479381140932e-07,3.3000000000000003,1.7783088053924643,0.012953176728683515,-0.0534994916076582,-3.315003823445295e-06
3.6454919349987454e-07,3.3000000000000003,1.7844217860331657,0.01362578801241913,-0.05366435739814524,-3.3150028571071743e-06
3.645505718990387e-07,3.3000000000000003,1.7892696748357435,0.014366301504806986,-0.05378882816457657,-3.315003823445295e-06
3.6455210092568405e-07,3.3000000000000003,1.7930243736507414,0.015189366905881761,-0.05387766926634659,-3.3150028571071743e-06
3.645538103847079e-07,3.3000000000000003,1.795836904228014,0.016110807047089407,-0.05393497784968904,-3.315003823445295e-06
3.645557472388645e-07,3.3000000000000003,1.797866289030131,0.017155662602789567,-0.05396481409863178,-3.3150028571071743e-06
3.645579700392366e-07,3.3000000000000003,1.7992570091137763,0.018355170710683637,-0.05397060979165871,-3.315003823445295e-06
3.6456057018655676e-07,3.3000000000000003,1.80015055353518,0.019758184284964876,-0.053955172226009124,-3.3150028571071743e-06
3.6456367771874226e-07,3.3000000000000003,1.8006743537878191,0.021434195292305426,-0.0539202573160889,-3.315003823445295e-06
3.6456750716547254e-07,3.3000000000000003,1.800943927165506,0.023497852938450456,-0.053865891395689154,-3.3150028002637555e-06
3.6457241196147266e-07,3.3000000000000003,1.8010563172896592,0.02613779591714768,-0.05378929898276496,-3.315003823445295e-06
3.6457905905184485e-07,3.3000000000000003,1.8010876409006584,0.029709395174334963,-0.053682017926664015,-3.3150028571071743e-06
3.6458882958246353e-07,3.3000000000000003,1.8010884332409023,0.03494628174330309,-0.05352334840538455,-3.315003823445295e-06
3.6460520547481565e-07,3.3000000000000003,1.8010825853806314,0.04368886419026036,-0.053258244476270436,-3.3150028571071743e-06
3.6463795725951985e-07,3.3000000000000003,1.8010720716623672,0.06104443861660088,-0.05273199935953641,-3.315003823445295e-06
3.647034608289283e-07,3.3000000000000003,1.8010508645455388,0.09524360303861389,-0.05169501838262373,-3.3150028571071743e-06
3.648034608289283e-07,3.3000000000000003,1.801019574946341,0.14616275577614604,-0.05015106555325436,-3.315003823445295e-06
3.649034608289283e-07,3.3000000000000003,1.800989036632336,0.19556101100042048,-0.04865322329428331,-3.3150028571071743e-06
3.650034608289283e-07,3.3000000000000003,1.8009595662760314,0.24348379579008508,-0.047200124624025994,-3.315003823445295e-06
3.651034608289283e-07,3.3000000000000003,1.800930843718723,0.28997518113955656,-0.04579042435570401,-3.3150028571071743e-06
3.652034608289283e-07,3.3000000000000003,1.8009030916577031,0.33507792103653145,-0.04442283366255813,-3.315003823445295e-06
3.6530346082892833e-07,3.3000000000000003,1.8008760728167468,0.3788334930126716,-0.04309608845926362,-3.3150028571071743e-06
3.6540346082892834e-07,3.3000000000000003,1.8008499423495157,0.42128213523865565,-0.0418089741090963,-3.315003823445295e-06
3.6550346082892835e-07,3.3000000000000003,1.8008245232177935,0.46246288441910355,-0.04056030231664169,-3.3150028571071743e-06
3.6560346082892836e-07,3.3000000000000003,1.8007999221091282,0.5024136109338606,-0.03934892872769444,-3.315003823445295e-06
3.6570346082892836e-07,3.3000000000000003,1.800776005840492,0.5411710543082174,-0.0381737359873238,-3.3150028571071743e-06
3.6580346082892837e-07,3.3000000000000003,1.8007528463982463,0.578770856451834,-0.037033646219138204,-3.315003823445295e-06
3.659034608289284e-07,3.3000000000000003,1.80073034259743,0.6152475949009687,-0.035927608552696465,-3.3150028571071743e-06
3.660034608289284e-07,3.3000000000000003,1.8007085416505948,0.6506348142210597,-0.03485460791674622,-3.315003823445295e-06
3.661034608289284e-07,3.3000000000000003,1.8006873657850084,0.684965057191112,-0.03381365580964189,-3.3150028571071743e-06
3.662034608289284e-07,3.3000000000000003,1.8006668445949847,0.7182698944448102,-0.032803796442341236,-3.315003823445295e-06
3.663034608289284e-07,3.3000000000000003,1.8006469174989919,0.7505799537463678,-0.03182409986491259,-3.3150028571071743e-06
3.664034608289284e-07,3.3000000000000003,1.8006276016268894,0.7819249479498476,-0.030873666206942697,-3.315003823445295e-06
3.665034608289284e-07,3.3000000000000003,1.80060884907707,0.8123337024991651,-0.029951620518519302,-3.3150028571071743e-06
3.6660346082892843e-07,3.3000000000000003,1.800590668223269,0.8418341817872549,-0.02905711564755386,-3.315003823445295e-06
3.6670346082892844e-07,3.3000000000000003,1.8005730205688966,0.8704535149994588,-0.028189328330919035,-3.3150028571071743e-06
3.6680346082892845e-07,3.3000000000000003,1.800555908396366,0.8982180209541805,-0.027347461097829494,-3.315003823445295e-06
3.6690346082892845e-07,3.3000000000000003,1.8005393002334593,0.9251532323977846,-0.026530739274963425,-3.3150028571071743e-06
3.6700346082892846e-07,3.3000000000000003,1.8005231941829136,0.9512839194070507,-0.025738412196438812,-3.315003823445295e-06
3.6710346082892847e-07,3.3000000000000003,1.800507564063245,0.9766341122343951,-0.024969750879384037,-3.3150028571071743e-06
3.672034608289285e-07,3.3000000000000003,1.8004924051657678,1.0012271233502195,-0.02422404874260992,-3.315003823445295e-06
3.673034608289285e-07,3.3000000000000003,1.8004776953343948,1.02508556892932,-0.02350061977606756,-3.3150028571071743e-06
3.674034608289285e-07,3.3000000000000003,1.800463428025399,1.0482313896084416,-0.02279879891367546,-3.315003823445295e-06
3.675034608289285e-07,3.3000000000000003,1.800449584181879,1.0706858706978506,-0.022117940568530704,-3.3150028571071743e-06
3.676034608289285e-07,3.3000000000000003,1.800436156119013,1.0924696617262863,-0.021457418764457142,-3.315003823445295e-06
3.677034608289285e-07,3.3000000000000003,1.8004231271986184,1.1136027954556158,-0.020816625943860797,-3.3150028571071743e-06
3.678034608289285e-07,3.3000000000000003,1.8004104890853274,1.1341047062820746,-0.02019497293304845,-3.315003823445295e-06
3.6790346082892853e-07,3.3000000000000003,1.8003982270574383,1.153994248126532,-0.019591887954957723,-3.3150028571071743e-06
3.6800346082892854e-07,3.3000000000000003,1.8003863324732559,1.1732897117575416,-0.019006816481996695,-3.315003823445295e-06
3.6810346082892854e-07,3.3000000000000003,1.800374792154721,1.1920088416248984,-0.01843922040421721,-3.3150028571071743e-06
3.6820346082892855e-07,3.3000000000000003,1.800363597392902,1.2101688521666571,-0.017888577808065544,-3.315003823445295e-06
3.6830346082892856e-07,3.3000000000000003,1.800352736274633,1.2277864436492576,-0.017354382263844746,-3.3150028571071743e-06
3.6840346082892857e-07,3.3000000000000003,1.8003422001874336,1.2448778175173705,-0.016836142557693123,-3.315003823445295e-06
3.6850346082892857e-07,3.3000000000000003,1.8003319782728195,1.2614586912998411,-0.016333382071801964,-3.3150028571071743e-06
3.686034608289286e-07,3.3000000000000003,1.8003220621245046,1.2775443130580153,-0.015845638488961897,-3.315003823445295e-06
3.687034608289286e-07,3.3000000000000003,1.8003124417785121,1.2931494754130457,-0.015372463245977219,-3.3150028571071743e-06
3.688034608289286e-07,3.3000000000000003,1.8003031091060144,1.3082885291452613,-0.014913421224380484,-3.315003823445295e-06
3.689034608289286e-07,3.3000000000000003,1.8002940549140116,1.3229753963949558,-0.014468090262547587,-3.3150028571071743e-06
3.690034608289286e-07,3.3000000000000003,1.8002852713950699,1.3372235834624064,-0.014036060842055203,-3.315003823445295e-06
3.691034608289286e-07,3.3000000000000003,1.800276750030573,1.3510461932310758,-0.013616935647680298,-3.3150028571071743e-06
3.692034608289286e-07,3.3000000000000003,1.8002684833591103,1.3644559372150695,-0.01321032925591495,-3.315003823445295e-06
3.6930346082892863e-07,3.3000000000000003,1.8002604634597523,1.3774651472507224,-0.012815867734712874,-3.3150028571071743e-06
3.6940346082892864e-07,3.3000000000000003,1.8002526832282122,1.390085786835596,-0.01243318833855647,-3.315003823445295e-06
3.6950346082892865e-07,3.3000000000000003,1.8002451352793307,1.4023294621316613,-0.012061939141767722,-3.3150028571071743e-06
3.6960346082892866e-07,3.3000000000000003,1.800237812867665,1.4142074326373886,-0.011701778743009136,-3.315003823445295e-06
3.6970346082892866e-07,3.3000000000000003,1.8002307090929726,1.4257306215431484,-0.011352375927406795,-3.3150028571071743e-06
3.6980346082892867e-07,3.3000000000000003,1.8002238175639653,1.436909625775547,-0.011013409382290857,-3.315003823445295e-06
3.699034608289287e-07,3.3000000000000003,1.8002171318228184,1.4477547257432442,-0.010684567384428,-3.3150028571071743e-06
3.700034608289287e-07,3.3000000000000003,1.8002106458234273,1.4582758947904049,-0.010365547528046496,-3.315003823445295e-06
3.701034608289287e-07,3.3000000000000003,1.8002043535142618,1.468482808368866,-0.010056056434250338,-3.3150028571071743e-06
3.702034608289287e-07,3.3000000000000003,1.8001982491826656,1.4783848529354213,-0.009755809491838378,-3.315003823445295e-06
3.703034608289287e-07,3.3000000000000003,1.8001923271522025,1.4879911345841381,-0.009464530586547247,-3.3150028571071743e-06
3.704034608289287e-07,3.3000000000000003,1.8001865820302394,1.4973104874201708,-0.009181951854802245,-3.315003823445295e-06
3.705034608289287e-07,3.3000000000000003,1.8001810084880951,1.5063514816840218,-0.008907813430865212,-3.3150028571071743e-06
3.7060346082892873e-07,3.3000000000000003,1.800175601438805,1.515122431632662,-0.008641863213399669,-3.315003823445295e-06
3.7070346082892874e-07,3.3000000000000003,1.800170355877172,1.5236314031856575,-0.008383856628922923,-3.3150028571071743e-06
3.7080346082892875e-07,3.3000000000000003,1.8001652670071502,1.5318862213425686,-0.008133556410896699,-3.315003823445295e-06
3.7090346082892875e-07,3.3000000000000003,1.800160330125239,1.539894477379095,-0.00789073237812836,-3.3150028571071743e-06
3.7100346082892876e-07,3.3000000000000003,1.8001555407115293,1.5476635358280293,-0.007655161225986101,-3.315003823445295e-06
3.7110346082892877e-07,3.3000000000000003,1.8001508943444773,1.5552005412519094,-0.007426626318584216,-3.3150028571071743e-06
3.712034608289288e-07,3.3000000000000003,1.800146386765751,1.5625124248131996,-0.007204917491651891,-3.315003823445295e-06
3.713034608289288e-07,3.3000000000000003,1.8001420138177346,1.5696059106483802,-0.006989830857485081,-3.3150028571071743e-06
3.714034608289288e-07,3.3000000000000003,1.8001377714895015,1.5764875220515215,-0.006781168618958668,-3.315003823445295e-06
3.715034608289288e-07,3.3000000000000003,1.8001336558707952,1.583163587473272,-0.00657873888634437,-3.3150028571071743e-06
3.716034608289288e-07,3.3000000000000003,1.800129663184417,1.5896402463405657,-0.006382355501937376,-3.315003823445295e-06
3.717034608289288e-07,3.3000000000000003,1.8001257897521659,1.5959234547025878,-0.006191837867934441,-3.3150028571071743e-06
3.718034608289288e-07,3.3000000000000003,1.8001220320174534,1.6020189907080278,-0.00600701078114177,-3.315003823445295e-06
3.7190346082892883e-07,3.3000000000000003,1.8001183865199357,1.6079324599187943,-0.005827704271184634,-3.3150028571071743e-06
3.7200346082892884e-07,3.3000000000000003,1.800114849911115,1.613669300464966,-0.005653753444769464,-3.315003823445295e-06
3.7210346082892884e-07,3.3000000000000003,1.800111418935293,1.6192347880458093,-0.005484998333560749,-3.3150028571071743e-06
3.7220346082892885e-07,3.3000000000000003,1.800108090440149,1.6246340407813893,-0.00532128374748305,-3.315003823445295e-06
3.7230346082892886e-07,3.3000000000000003,1.8001048613623052,1.6298720239192954,-0.005162459131655473,-3.3150028571071743e-06
3.7240346082892887e-07,3.3000000000000003,1.800101728734315,1.634953554400759,-0.005008378428236388,-3.315003823445295e-06
3.7250346082892887e-07,3.3000000000000003,1.8000986896735993,1.639883305290407,-0.004858899941852951,-3.3150028571071743e-06
3.726034608289289e-07,3.3000000000000003,1.8000957413868799,1.644665810073686,-0.004713886209510782,-3.315003823445295e-06
3.727034608289289e-07,3.3000000000000003,1.8000928811615893,1.6493054668259415,-0.004573203873997634,-3.3150028571071743e-06
3.728034608289289e-07,3.3000000000000003,1.800090106368495,1.6538065422569599,-0.004436723561401245,-3.315003823445295e-06
3.729034608289289e-07,3.3000000000000003,1.80008741445493,1.658173175634714,-0.004304319762002675,-3.3150028571071743e-06
3.730034608289289e-07,3.3000000000000003,1.8000848029461434,1.6624093825919029,-0.004175870714967681,-3.315003823445295e-06
3.731034608289289e-07,3.3000000000000003,1.8000822694398835,1.666519058818802,-0.00405125829627783,-3.3150028571071743e-06
3.732034608289289e-07,3.3000000000000003,1.8000798116068566,1.6705059836458043,-0.003930367910182735,-3.315003823445295e-06
3.7330346082892893e-07,3.3000000000000003,1.800077427186317,1.6743738235189625,-0.0038130883837468794,-3.3150028571071743e-06
3.7340346082892894e-07,3.3000000000000003,1.8000751139859175,1.6781261353717136,-0.0036993118646715243,-3.315003823445295e-06
3.7350346082892895e-07,3.3000000000000003,1.8000728698780044,1.6817663698959002,-0.0035889337220863546,-3.3150028571071743e-06
3.7360346082892896e-07,3.3000000000000003,1.8000706927993337,1.685297874715088,-0.003481852450277194,-3.315003823445295e-06
3.7370346082892896e-07,3.3000000000000003,1.8000685807472778,1.688723897463095,-0.0033779695754359708,-3.3150028571071743e-06
3.7380346082892897e-07,3.3000000000000003,1.8000665317800701,1.6920475887705755,-0.0032771895650631107,-3.315003823445295e-06
3.73903460828929e-07,3.3000000000000003,1.8000645440130076,1.6952720051623957,-0.003179419740078889,-3.3150028571071743e-06
3.74003460828929e-07,3.3000000000000003,1.800062615618476,1.6984001118684666,-0.0030845701896474054,-3.315003823445295e-06
3.74103460828929e-07,3.3000000000000003,1.8000607448227746,1.7014347855506213,-0.002992553688447626,-3.3150028571071743e-06
3.74203460828929e-07,3.3000000000000003,1.8000589299057548,1.704378816948044,-0.00290328561649807,-3.315003823445295e-06
3.74303460828929e-07,3.3000000000000003,1.8000571691981586,1.7072349134436835,-0.002816683881305993,-3.3150028571071743e-06
3.74403460828929e-07,3.3000000000000003,1.8000554610810031,1.710005701554009,-0.0027326688424014795,-3.315003823445295e-06
3.74503460828929e-07,3.3000000000000003,1.8000538039833087,1.7126937293444018,-0.0026511632380750595,-3.3150028571071743e-06
3.7460346082892903e-07,3.3000000000000003,1.800052196381319,1.7153014687723995,-0.0025720921143466318,-3.315003823445295e-06
3.7470346082892904e-07,3.3000000000000003,1.800050636796536,1.7178313179609528,-0.0024953827560192975,-3.3150028571071743e-06
3.7480346082892905e-07,3.3000000000000003,1.80004912379484,1.720285603403781,-0.002420964619823714,-3.315003823445295e-06
3.7490346082892905e-07,3.3000000000000003,1.8000476559847616,1.7226665821048563,-0.002348769269533078,-3.3150028571071743e-06
3.7500346082892906e-07,3.3000000000000003,1.8000462320165496,1.7249764436539847,-0.002278730313038183,-3.315003823445295e-06
3.7510346082892907e-07,3.3000000000000003,1.8000448505806363,1.7272173122403915,-0.002210783341283416,-3.3150028571071743e-06
3.752034608289291e-07,3.3000000000000003,1.8000435104066816,1.7293912486061611,-0.0021448658690425186,-3.315003823445295e-06
3.753034608289291e-07,3.3000000000000003,1.800042210262193,1.7315002519413338,-0.002080917277449588,-3.3150028571071743e-06
3.754034608289291e-07,3.3000000000000003,1.8000409489515732,1.7335462617223953,-0.0020188787582585323,-3.315003823445295e-06
3.755034608289291e-07,3.3000000000000003,1.8000397253148661,1.7355311594958533,-0.0019586932597571694,-3.3150028571071743e-06
3.756034608289291e-07,3.3000000000000003,1.800038538226822,1.7374567706085398,-0.0019003054343055099,-3.315003823445295e-06
3.757034608289291e-07,3.3000000000000003,1.8000373865957497,1.7393248658862337,-0.0018436615874336956,-3.3150028571071743e-06
3.758034608289291e-07,3.3000000000000003,1.800036269362657,1.7411371632621435,-0.0017887096284423148,-3.315003823445295e-06
3.7590346082892913e-07,3.3000000000000003,1.8000351854999173,1.742895329356745,-0.0017353990225905396,-3.3150028571071743e-06
3.7600346082892914e-07,3.3000000000000003,1.8000341340111026,1.74460098101044,-0.0016836807444933007,-3.315003823445295e-06
3.7610346082892914e-07,3.3000000000000003,1.800033113928933,1.7462556867704278,-0.001633507233104805,-3.3150028571071743e-06
3.7620346082892915e-07,3.3000000000000003,1.8000321243155892,1.7478609683331694,-0.0015848323479913983,-3.315003823445295e-06
3.7630346082892916e-07,3.3000000000000003,1.800031164260779,1.749418301943767,-0.0015376113268674666,-3.3150028571071743e-06
3.7640346082892917e-07,3.3000000000000003,1.8000302328818116,1.7509291197535446,-0.0014918007444589586,-3.315003823445295e-06
3.765034608289292e-07,3.3000000000000003,1.8000293293220109,1.7523948111370786,-0.0014473584725452752,-3.3150028571071743e-06
3.766034608289292e-07,3.3000000000000003,1.8000284527505865,1.7538167239698919,-0.0014042436412372494,-3.315003823445295e-06
3.767034608289292e-07,3.3000000000000003,1.8000276023613102,1.755196165867983,-0.001362416601375699,-3.3150028571071743e-06
3.768034608289292e-07,3.3000000000000003,1.8000267773722485,1.7565344053903356,-0.0013218388880836336,-3.315003823445295e-06
3.769034608289292e-07,3.3000000000000003,1.800025977024643,1.7578326732055038,-0.001282473185381046,-3.3150028571071743e-06
3.770034608289292e-07,3.3000000000000003,1.800025200582551,1.7590921632233578,-0.0012442832918789825,-3.315003823445295e-06
3.771034608289292e-07,3.3000000000000003,1.8000244473318825,1.7603140336930254,-0.001207234087479157,-3.3150028571071743e-06
3.7720346082892923e-07,3.3000000000000003,1.8000237165799864,1.7614994082680377,-0.0011712915010845155,-3.315003823445295e-06
3.7730346082892923e-07,3.3000000000000003,1.8000230076548063,1.7626493770396607,-0.0011364224792603593,-3.3150028571071743e-06
3.7740346082892924e-07,3.3000000000000003,1.8000223199044398,1.7637649975393614,-0.001102594955843292,-3.315003823445295e-06
3.7750346082892925e-07,3.3000000000000003,1.8000216526963875,1.7648472957113333,-0.0010697778224481036,-3.3150028571071743e-06
3.7760346082892926e-07,3.3000000000000003,1.8000210054171009,1.7658972668559727,-0.001037940899863641,-3.315003823445295e-06
3.7770346082892926e-07,3.3000000000000003,1.8000203774713066,1.7669158765451738,-0.001007054910296435,-3.3150028571071743e-06
3.7780346082892927e-07,3.3000000000000003,1.800019768281555,1.7679040615102866,-0.0009770914504489488,-3.315003823445295e-06
3.779034608289293e-07,3.3000000000000003,1.8000191772876077,1.7688627305035498,-0.0009480229653970307,-3.3150028571071743e-06
3.780034608289293e-07,3.3000000000000003,1.8000186039459902,1.7697927651337964,-0.0009198227232520466,-3.315003823445295e-06
3.781034608289293e-07,3.3000000000000003,1.8000180477294354,1.7706950206771968,-0.0008924647905759644,-3.3150028571071743e-06
3.782034608289293e-07,3.3000000000000003,1.8000175081264476,1.7715703268637866,-0.0008659240085340135,-3.315003823445295e-06
3.783034608289293e-07,3.3000000000000003,1.8000169846407887,1.7724194886404983,-0.000840175969756866,-3.3150028571071743e-06
3.784034608289293e-07,3.3000000000000003,1.8000164767910607,1.7732432869114068,-0.0008151969958964224,-3.315003823445295e-06
3.785034608289293e-07,3.3000000000000003,1.8000159841102292,1.7740424792558622,-0.0007909641158495644,-3.3150028571071743e-06
3.7860346082892933e-07,3.3000000000000003,1.8000155061452214,1.7748178006251722,-0.0007674550446346903,-3.315003823445295e-06
3.7870346082892934e-07,3.3000000000000003,1.800015042456488,1.7755699640184768,-0.0007446481628971396,-3.3150028571071743e-06
3.7880346082892935e-07,3.3000000000000003,1.8000145926176168,1.7762996611384343,-0.0007225224970282367,-3.315003823445295e-06
3.7890346082892935e-07,3.3000000000000003,1.800014156214924,1.777007563027325,-0.0007010576998771973,-3.3150028571071743e-06
3.7900346082892936e-07,3.3000000000000003,1.8000137328470898,1.7776943206841518,-0.0006802340320398346,-3.315003823445295e-06
3.7910346082892937e-07,3.3000000000000003,1.8000133221247743,1.7783605656633097,-0.000660032343705694,-3.3150028571071743e-06
3.792034608289294e-07,3.3000000000000003,1.8000129236702733,1.7790069106553759,-0.0006404340570476345,-3.315003823445295e-06
3.793034608289294e-07,3.3000000000000003,1.8000125371171583,1.7796339500505503,-0.0006214211491371509,-3.3150028571071743e-06
3.794034608289294e-07,3.3000000000000003,1.8000121621099505,1.780242260485267,-0.0006029761353704813,-3.315003823445295e-06
3.795034608289294e-07,3.3000000000000003,1.8000117983037844,1.7808324013724792,-0.0005850820533891759,-3.3150028571071743e-06
3.796034608289294e-07,3.3000000000000003,1.8000114453640998,1.7814049154161051,-0.0005677224474813477,-3.315003823445295e-06
3.797034608289294e-07,3.3000000000000003,1.8000111029663253,1.7819603291101085,-0.0005508813534487157,-3.3150028571071743e-06
3.798034608289294e-07,3.3000000000000003,1.800010770795587,1.7824991532226715,-0.0005345432839255993,-3.315003823445295e-06
3.7990346082892943e-07,3.3000000000000003,1.8000104485464143,1.7830218832659055,-0.0005186932141364801,-3.3150028571071743e-06
3.8e-07,3.299999999999973,1.800010146585736,1.783511702676334,-0.0005038410510923146,-3.315003766601876e-06
3.800004261566843e-07,3.2992968414709267,1.8000101452724309,1.7835138329835303,-0.0005037764492557707,0.007421685702865943
3.800012784700528e-07,3.297890524412834,1.8000101426462272,1.7835180930474461,-0.0005036472768252645,0.007421687115595432
3.8000298309678996e-07,3.295077890296561,1.8000101373967097,1.78352660987327,-0.0005033890029666489,0.0074216899415091575
3.8000639235026423e-07,3.2894526220640152,1.8000101269036586,1.7835436303254129,-0.0005028729428061843,0.007421695591858679
3.800132108572127e-07,3.2782020855990113,1.800010105950113,1.7835776184998358,-0.0005018423558994766,0.007421706893921964
3.8002684787110975e-07,3.255701012668916,1.8000100641749257,1.783645384473204,-0.0004997876010263812,0.0074217294969116665
3.800541218989038e-07,3.2106988668087255,1.8000099811382426,1.7837800792496026,-0.0004957034139243075,0.007421774704027939
3.801086699544919e-07,3.1206945750883444,1.8000098171109,1.7840461544539077,-0.00048763555823637823,0.0074218651171804595
3.802086699544919e-07,2.955694575088332,1.8000095233463975,1.7845226773128553,-0.0004731865693637934,0.007422030867587637
3.803086699544919e-07,2.7906945750883194,1.800009238357841,1.784984966970744,-0.0004591691555501647,0.007422196617540067
3.8040866995449193e-07,2.625694575088307,1.8000089618802508,1.785433448557261,-0.000445570426058329,0.0074223623678904005
3.8050866995449194e-07,2.460694575088295,1.8000086936618578,1.7858685345039413,-0.0004323778753333314,0.007422528117814409
3.8060866995449195e-07,2.2956945750882825,1.8000084334538915,1.786290624923462,-0.00041957937120990044,0.007422693868278429
3.8070866995449196e-07,2.1306945750882695,1.8000081810188555,1.7867001079775797,-0.0004071631440133897,0.0074228596182024376
3.8080866995449196e-07,1.9656945750882575,1.8000079361230799,1.7870973602340996,-0.0003951177755171184,0.0074230253686380365
3.8090866995449197e-07,1.8006945750882453,1.8000076985426041,1.787482747013167,-0.0003834321886523244,0.007423191118533623
3.81008669954492e-07,1.6356945750882328,1.8000074680580247,1.787856622723231,-0.001131148416000852,0.007423356868969222
3.81108669954492e-07,1.4706945750882203,1.8000072444580246,1.7882193311869565,-0.0040028069495181414,0.007423522618836387
3.81208669954492e-07,1.3056945750882079,1.8000070275364797,1.788571205957414,-0.009025905090273055,0.007423688369300407
3.81308669954492e-07,1.1406945750881952,1.8000068170943282,1.7889125706248172,-0.016200433026469115,0.0074238541191391505
3.81408669954492e-07,0.9756945750881831,1.8000066129376846,1.7892437391141067,-0.025526381239353847,0.007424019869617382
3.814380490927412e-07,0.9272189969770435,1.8000065541297745,1.7893391335960227,-0.02867514585321557,0.007424068565299535
3.8145816567282716e-07,0.8940266398351748,1.8000065141634831,1.7894039637587211,-0.030112992190018582,0.00742410190883902
3.8148109600999955e-07,0.8561915835007472,1.800006468903449,1.789477381271627,-0.02757148919228264,0.00742413991567048
3.814924133423368e-07,0.8375179851442587,1.8000064466815533,1.7895134288706758,-0.026358816610877977,0.0074241586743681864
3.8150953251550857e-07,0.8092713494108583,1.8000064132104376,1.7895677218334585,-0.024576832562599536,0.007424187049210218
3.815437708618521e-07,0.7527780779440576,1.8000063467894574,1.7896754666490664,-0.02120201521764313,0.0074242437995337696
3.8161224755453917e-07,0.6397915350103691,1.8000062159928578,1.7898876350524067,-0.015208982521900763,0.007424357299591122
3.817122475545392e-07,0.47479153501035665,1.8000060297906817,1.7901896794655217,-0.008269348626337906,0.0074245230499485615
3.818122475545392e-07,0.3097915350103446,1.8000058491499173,1.7904827021522318,-0.0034810993960324777,0.007424688799904544
3.819122475545392e-07,0.14479153501033215,1.8000056739048151,1.7907669725813404,-0.0008442266602827791,0.0074248545502726415
3.82e-07,0.0,1.800005524442823,1.791009419377271,-0.0002764974460291294,0.007424999999898537
3.8200000195507524e-07,0.0,1.8000055244401272,1.7910094247069834,-0.00027650711332633,-5.793647386734489e-23
3.820000058652257e-07,0.0,1.800005524433554,1.7910094353664023,-0.0002765067901144951,0.0
3.820000136855267e-07,0.0,1.8000055244195776,1.7910094566852022,-0.0002764912425392726,0.0
3.820000293261286e-07,0.0,1.8000055243938324,1.7910094993226504,-0.0002764936749836234,0.0
3.8200006060733243e-07,0.0,1.8000055243410407,1.791009584596941,-0.0002764929519684909,0.0
3.820001231697401e-07,0.0,1.8000055242353297,1.7910097551430957,-0.0002764868494004964,0.0
3.8200024829455545e-07,0.0,1.8000055240258908,1.7910100962256998,-0.0002764774385061981,0.0
3.820004985441861e-07,0.0,1.8000055236054342,1.7910107783520879,-0.00027645628960351273,0.0
3.820009990434475e-07,0.0,1.8000055227644356,1.791012142449598,-0.00027641469499991824,0.0
3.8200200004197033e-07,0.0,1.8000055210825117,1.7910148700236643,-0.00027633216491105677,0.0
3.820040020390159e-07,0.0,1.8000055177210408,1.791020322688931,-0.0002761668016645913,0.0
3.82008006033107e-07,0.0,1.8000055110045772,1.7910312180955363,-0.0002758364633856715,0.0
3.820160140212893e-07,0.0,1.8000054975952051,1.7910529692731973,-0.00027517692317428254,0.0
3.8203202999765387e-07,0.0,1.8000054708751996,1.7910963135663627,-0.0002738626754512758,0.0
3.82064061950383e-07,0.0,1.8000054178207436,1.791182373723517,-0.0002712531732363653,0.0
3.8212812585584127e-07,0.0,1.8000053132446634,1.7913520105460752,-0.0002661094943843085,0.0
3.8222812585584127e-07,0.0,1.8000051540059094,1.791610315712619,-0.00025827723955786596,0.0
3.823281258558413e-07,0.0,1.8000049995243954,1.7918609055947845,-0.0002506789253525182,0.0
3.824281258558413e-07,0.0,1.8000048496561871,1.7921040106394273,-0.0002433075642071522,0.0
3.825281258558413e-07,0.0,1.800004704265124,1.7923398544102107,-0.00023615637733913214,0.0
3.826281258558413e-07,0.0,1.80000456321609,1.7925686537932077,-0.00022921878834865637,0.0
3.827281258558413e-07,0.0,1.8000044263805743,1.7927906191963463,-0.00022248841734350507,0.0
3.828281258558413e-07,0.0,1.8000042936317198,1.7930059547429078,-0.0002159590749254262,0.0
3.829281258558413e-07,0.0,1.8000041648483163,1.7932148584592396,-0.0002096247566228542,0.0
3.8302812585584133e-07,0.0,1.8000040399111952,1.7934175224568671,-0.00020347963726309563,0.0
3.8312812585584134e-07,0.0,1.800003918706088,1.7936141331091595,-0.00019751806570553727,0.0
3.8322812585584135e-07,0.0,1.800003801121,1.793804871222724,-0.00019173455956818632,0.0
3.8332812585584136e-07,0.0,1.8000036870482512,1.7939899122036767,-0.00018612380025104095,0.0
3.8342812585584136e-07,0.0,1.8000035763825526,1.7941694262189525,-0.0001806806279896316,0.0
3.8352812585584137e-07,0.0,1.8000034690224618,1.7943435783527906,-0.00017540003715715768,0.0
3.836281258558414e-07,0.0,1.8000033648689702,1.7945125287585502,-0.000170277171621151,0.0
3.837281258558414e-07,0.0,1.800003263826533,1.7946764328059897,-0.00016530732031172567,0.0
3.838281258558414e-07,0.0,1.8000031658020286,1.7948354412241478,-0.00016048591286027902,0.0
3.839281258558414e-07,0.0,1.8000030707054833,1.7949897002399573,-0.00015580851542109825,0.0
3.840281258558414e-07,0.0,1.8000029784492986,1.7951393517127172,-0.00015127082657295869,0.0
3.841281258558414e-07,0.0,1.8000028889487583,1.7952845332645482,-0.00014686867338130588,0.0
3.842281258558414e-07,0.0,1.8000028021214511,1.7954253784069532,-0.00014259800754560975,0.0
3.8432812585584143e-07,0.0,1.800002717887665,1.7955620166635984,-0.00013845490166513932,0.0
3.8442812585584144e-07,0.0,1.80000263616968,1.795694573689422,-0.00013443554571043582,0.0
3.8452812585584145e-07,0.0,1.8000025568927072,1.795823171386192,-0.00013053624339652426,0.0
3.8462812585584145e-07,0.0,1.800002479983488,1.7959479280146076,-0.000126753408845837,0.0
3.8472812585584146e-07,0.0,1.800002405371597,1.7960689583030538,-0.00012308356330645626,0.0
3.8482812585584147e-07,0.0,1.8000023329881631,1.7961863735531085,-0.0001195233319162415,0.0
3.849281258558415e-07,0.0,1.8000022627668395,1.7963002817418967,-0.00011606944063050584,0.0
3.850281258558415e-07,0.0,1.800002194642864,1.7964107876213882,-0.00011271871318459718,0.0
3.851281258558415e-07,0.0,1.800002128553746,1.7965179928147297,-0.00010946806819548798,0.0
3.852281258558415e-07,0.0,1.8000020644385752,1.796621995909698,-0.00010631451630896665,0.0
3.853281258558415e-07,0.0,1.8000020022385035,1.7967228925493652,-0.00010325515746682905,0.0
3.854281258558415e-07,0.0,1.8000019418962343,1.796820775520052,-0.00010028717822598604,0.0
3.8543192064497584e-07,0.0,1.8000019396420472,1.7968244315547128,-0.0001001763282823726,0.0
3.8543951022324444e-07,0.0,1.8000019351428922,1.796831731018146,-9.99549814923285e-05,0.0
3.854546893797817e-07,0.0,1.8000019261732128,1.7968462796661717,-9.951386341274956e-05,0.0
3.854850476928562e-07,0.0,1.8000019083596355,1.7968751769986218,-9.863763407272382e-05,0.0
3.854865716822496e-07,0.0,1.800001907469095,1.796876620636412,-9.859388051570733e-05,0.0
3.854896196610365e-07,0.0,1.8000019056907892,1.7968795059116032,-9.85063649224239e-05,0.0
3.854957156186103e-07,0.0,1.8000019021378777,1.7968852684696641,-9.833164885058202e-05,0.0
3.8549602163409635e-07,0.0,1.8000019019599616,1.7968855574678222,-9.832292958512713e-05,0.0
3.854966336650685e-07,0.0,1.8000019016040278,1.796886135383698,-9.830528976624704e-05,0.0
3.8549785772701273e-07,0.0,1.8000019008907837,1.796887290893762,-9.827031094040696e-05,0.0
3.855003058509012e-07,0.0,1.8000018994671039,1.7968896006277424,-9.820027585954074e-05,0.0
3.855052020986781e-07,0.0,1.8000018966228721,1.7968942149558833,-9.806037608392163e-05,0.0
3.8550544788896274e-07,0.0,1.8000018964798614,1.7968944464133074,-9.805340155780914e-05,0.0
3.8550593946953196e-07,0.0,1.8000018961960176,1.79689490927641,-9.803925032304627e-05,0.0
3.855059641467113e-07,0.0,1.8000018961804036,1.7968949325101635,-9.803912792548538e-05,0.0
3.8550601350106986e-07,0.0,1.8000018961515956,1.7968949789771493,-9.80377189686516e-05,0.0
3.85506112209787e-07,0.0,1.8000018960950441,1.7968950719090337,-9.803490110710762e-05,0.0
3.8550630962722135e-07,0.0,1.800001895980515,1.7968952577644595,-9.8028799989565e-05,0.0
3.8550670446209006e-07,0.0,1.8000018957514146,1.7968956294419365,-9.801741367418794e-05,0.0
3.8550672428266717e-07,0.0,1.8000018957396116,1.7968956480988474,-9.801184210884489e-05,0.0
3.8550676392382143e-07,0.0,1.8000018957161645,1.796895685412333,-9.801443599488195e-05,0.0
3.855067659137938e-07,0.0,1.800001895715454,1.7968956872854454,-9.796595042049983e-05,0.0
3.8550676989373855e-07,0.0,1.8000018957120423,1.796895691031666,-9.801054032347894e-05,0.0
3.85506777853628e-07,0.0,1.8000018957084845,1.796895698524095,-9.801031312940461e-05,0.0
3.85506793773407e-07,0.0,1.8000018956992494,1.796895713508899,-9.800985876442448e-05,0.0
3.8550682561296496e-07,0.0,1.800001895681151,1.79689574347829,-9.8012675327485e-05,0.0
3.855068272112999e-07,0.0,1.8000018956798534,1.7968957449827354,-9.796420094000709e-05,0.0
3.855068275254887e-07,0.0,1.8000018956789021,1.7968957452784684,-9.796419198072701e-05,0.0
3.8550682815386634e-07,0.0,1.8000018956789252,1.796895745869935,-9.796417404254047e-05,0.0
3.8550682941062156e-07,0.0,1.8000018956783654,1.7968957470528661,-9.802374281711819e-05,0.0
3.855068295194861e-07,0.0,1.8000018956776378,1.7968957471553357,-9.820255365116943e-05,0.0
3.855068297372152e-07,0.0,1.800001895678368,1.796895747360275,-9.796412884923732e-05,0.0
3.85506829782522e-07,0.0,1.8000018956782244,1.7968957474029201,-9.772570897824672e-05,0.0
3.8550682987313575e-07,0.0,1.80000189567808,1.7968957474882101,-9.820254355122515e-05,0.0
3.8550683005436316e-07,0.0,1.8000018956776203,1.7968957476587917,-9.796411980341296e-05,0.0
3.8550683009569795e-07,0.0,1.800001895677177,1.7968957476976983,-9.58183514160563e-05,0.0
3.8550683012437123e-07,0.0,1.8000018956780948,1.7968957477246872,-9.963304785380433e-05,0.0
3.855068301428924e-07,0.0,1.8000018956775319,1.79689574774212,-0.00010154039596364626,0.0
3.855068301579554e-07,0.0,1.336680681043576,1.7968957466988706,-5.614697244027411e-06,0.0
3.8550683017374324e-07,0.0,1.3366755091426326,1.7968957444971025,-1.7999999784024112e-06,0.0
3.8550683018420865e-07,0.0,1.3366720808124233,1.7968957430375847,-1.7999999784024112e-06,0.0
3.8550683019899737e-07,0.0,1.3366672362406524,1.7968957409751158,-1.7999999784024112e-06,0.0
3.8550683022857476e-07,0.0,1.336657547149391,1.796895736850113,-1.7999999784024112e-06,0.0
3.855068302877296e-07,0.0,1.3366381691774085,1.7968957285998468,-1.7999999784024112e-06,0.0
3.855068304060392e-07,0.0,1.3365994140757502,1.7968957120982734,-2.2768371366055362e-06,0.0
3.8550683064265846e-07,0.0,1.3365219072419279,1.7968956790909594,-2.0384185575039737e-06,0.0
3.85506831115897e-07,0.0,1.3363669070438267,1.7968956130596683,-2.0384185575039737e-06,0.0
3.8550683206237404e-07,0.0,1.3360569605291988,1.7968954809304392,-2.0980232022793643e-06,0.0
3.855068339553281e-07,0.0,1.3354372829564045,1.7968952164054668,-2.068220879891669e-06,0.0
3.855068377412362e-07,0.0,1.3341987891356464,1.7968946862900899,-2.0980232022793643e-06,0.0
3.855068453130524e-07,0.0,1.3317252428125244,1.7968936218025462,-2.0905726216824405e-06,0.0
3.8550686045668486e-07,0.0,1.3267918835931984,1.7968914758397572,-2.0868473313839786e-06,0.0
3.855068907439498e-07,0.0,1.3169798451582573,1.7968871162777058,-2.0887099765332096e-06,0.0
3.855069513184796e-07,0.0,1.2975724755575946,1.7968781291015694,-2.0887099765332096e-06,0.0
3.855070724675392e-07,0.0,1.259608728154894,1.7968591021639944,-2.0887099765332096e-06,0.0
3.8550722006640414e-07,0.0,1.2148514611198704,1.7968340722369942,-2.088244315245902e-06,0.0
3.855074017636731e-07,0.0,1.161927397117008,1.796800572331977,-2.0884771458895557e-06,0.0
3.8550759533545377e-07,0.0,1.1080752031222516,1.7967617535724467,-2.088011484602248e-06,0.0
3.8550781763936613e-07,0.0,1.0492952939441187,1.7967133821058268,-2.088244315245902e-06,0.0
3.855080515887791e-07,0.0,0.9907955322420701,1.7966583231437256,-2.088011484602248e-06,0.0
3.855083119015285e-07,0.0,0.929520970317842,1.7965923404026731,-2.088011484602248e-06,0.0
3.855085840888615e-07,0.0,0.869493745627523,1.7965183509786233,-2.088011484602248e-06,0.0
3.8550888097379744e-07,0.0,0.8084217168201818,1.7964322077859205,-2.088011484602248e-06,0.0
3.8550919060967376e-07,0.0,0.7492839552562718,1.7963367337557936,-2.088244315245902e-06,0.0
3.855095241241303e-07,0.0,0.6904047535821299,1.7962279435651005,-2.088244315245902e-06,0.0
3.8550987172476943e-07,0.0,0.6339473806351845,1.7961084961720342,-2.088127899924075e-06,0.0
3.8551024307295696e-07,0.0,0.5787112643329357,1.7959746181471712,-2.088127899924075e-06,0.0
3.8551063022047836e-07,0.0,0.526230963379874,1.7958287420678452,-2.088127899924075e-06,0.0
3.8551104163455593e-07,0.0,0.4756524852937033,1.7956673173582216,-2.088127899924075e-06,0.0
3.855114709656878e-07,0.0,0.4280331854788606,1.7954924967043115,-2.088127899924075e-06,0.0
3.8551192575741904e-07,0.0,0.38276235642453915,1.7953009330600338,-2.088011484602248e-06,0.0
3.8551240107597027e-07,0.0,0.34054005466717485,1.7950944508663824,-2.088127899924075e-06,0.0
3.85512903807553e-07,0.0,0.30092029471729453,1.7948698590386738,-2.088011484602248e-06,0.0
3.855134303171114e-07,0.0,0.26433887823690616,1.7946286028428364,-2.088127899924075e-06,0.0
3.8551398710493915e-07,0.0,0.2304573281403071,1.7943675705885587,-2.088011484602248e-06,0.0
3.8551457179131245e-07,0.0,0.19951843340997705,1.7940877645329607,-2.088127899924075e-06,0.0
3.8551519078651403e-07,0.0,0.17125120225199464,1.7937860414959257,-2.088127899924075e-06,0.0
3.8551584301345833e-07,0.0,0.14575943915820178,1.7934628691454053,-2.088011484602248e-06,0.0
3.855165351459315e-07,0.0,0.12281282357116839,1.793114914695818,-2.0881861075849883e-06,0.0
3.8551726758188385e-07,0.0,0.10241688111508997,1.7927419686097392,-2.0880696922631614e-06,0.0
3.855180477264362e-07,0.0,0.08436493608427893,1.792340276857279,-2.088127899924075e-06,0.0
3.855188778173414e-07,0.0,0.06859478614944504,1.791908718975584,-2.0881861075849883e-06,0.0
3.855197666759066e-07,0.0,0.054913402768254675,1.7914427627112008,-2.0881861075849883e-06,0.0
3.85520719070503e-07,0.0,0.04321376990354023,1.7909399769271983,-2.0881861075849883e-06,0.0
3.8552174633999734e-07,0.0,0.033311423344689894,1.7903944642568992,-2.088127899924075e-06,0.0
3.855228570780886e-07,0.0,0.025071798845302248,1.789801765490555,-2.0881861075849883e-06,0.0
3.8552406707835516e-07,0.0,0.018317302590442498,1.7891535782033459,-2.088127899924075e-06,0.0
3.855253912769891e-07,0.0,0.01289903803440922,1.7884420462937767,-2.088244315245902e-06,0.0
3.8552685366042355e-07,0.0,0.008646988731551135,1.787654453001668,-2.0881861075849883e-06,0.0
3.855284807578358e-07,0.0,0.0054084649546592145,1.786776713894143,-2.0881861075849883e-06,0.0
3.8553031277173035e-07,0.0,0.0030236807220489666,1.7857873897624736,-2.088127899924075e-06,0.0
3.855323999783223e-07,0.0,0.0013453663603879662,1.7846596410541073,-2.0881570037545316e-06,0.0
3.8553481848245847e-07,0.0,0.00022872575923405046,1.7833527553283064,-2.0881861075849883e-06,0.0
3.855376749298289e-07,0.0,-0.00045859547754057415,1.7818096711693465,-2.08817155566976e-06,0.0
3.855411398898467e-07,0.0,-0.0008386317572370526,1.7799390936081614,-2.0881861075849883e-06,0.0
3.8554548518662686e-07,0.0,-0.0010168421319514522,1.777595668315593,-2.0882006595002167e-06,0.0
3.855511991134456e-07,0.0,-0.0010799930835465525,1.7745186225167444,-2.0881933835426025e-06,0.0
3.855592290798622e-07,0.0,-0.0010911799452792371,1.7702032540210824,-2.088178831627374e-06,0.0
3.855717401920224e-07,0.0,-0.0010871913308849873,1.763500554243286,-2.088204297479024e-06,0.0
3.8559485924238774e-07,0.0,-0.0010795600041392608,1.7511814325608281,-2.088207935457831e-06,0.0
3.8564109734311834e-07,0.0,-0.0010645498042787653,1.7268004603383347,-2.0881942930373043e-06,0.0
3.857335735445796e-07,0.0,-0.0010350970823541322,1.6790498143508361,-2.0881938382899534e-06,0.0
3.858335735445796e-07,0.0,-0.0010041925903961839,1.6288984872109193,-2.0881933835426025e-06,0.0
3.859335735445796e-07,0.0,-0.000974187713027003,1.5802451237075574,-2.0881933835426025e-06,0.0
3.860335735445796e-07,0.0,-0.0009450989713393014,1.5330449814075655,-2.0881933835426025e-06,0.0
3.8613357354457963e-07,0.0,-0.0009168621626267465,1.4872546541844447,-2.0881933835426025e-06,0.0
3.8623357354457964e-07,0.0,-0.0008894831161488966,1.4428320324882116,-2.0881933835426025e-06,0.0
3.8633357354457965e-07,0.0,-0.0008629096590686441,1.3997362644620681,-2.0881933835426025e-06,0.0
3.8643357354457965e-07,0.0,-0.0008371402719506178,1.3579277185090064,-2.0881933835426025e-06,0.0
3.8653357354457966e-07,0.0,-0.0008121317998029979,1.3173679467315476,-2.0881933835426025e-06,0.0
3.8663357354457967e-07,0.0,-0.0007878777630947256,1.278019649671458,-2.0881933835426025e-06,0.0
3.867335735445797e-07,0.0,-0.0007643418332689534,1.239846641926096,-2.0881933835426025e-06,0.0
3.868335735445797e-07,0.0,-0.0007415142725295605,1.2028138189416484,-2.0881933835426025e-06,0.0
3.869335735445797e-07,0.0,-0.0007193639800224928,1.166887124670964,-2.0881933835426025e-06,0.0
3.870335735445797e-07,0.0,-0.0006978791676779964,1.1320335203054475,-2.0881933835426025e-06,0.0
3.871335735445797e-07,0.0,-0.0006770327919313744,1.0982209538491714,-2.0881933835426025e-06,0.0
3.872335735445797e-07,0.0,-0.0006568118675808485,1.0654183306796514,-2.0881933835426025e-06,0.0
3.873335735445797e-07,0.0,-0.0006371925477230015,1.0335954849218218,-2.0881933835426025e-06,0.0
3.8743357354457973e-07,0.0,-0.000618161248431751,1.0027231517331683,-2.0881933835426025e-06,0.0
3.8753357354457974e-07,0.0,-0.0005996966831242434,0.9727729403690208,-2.0881933835426025e-06,0.0
3.8763357354457974e-07,0.0,-0.000581785084923692,0.943717308092811,-2.0881933835426025e-06,0.0
3.8773357354457975e-07,0.0,-0.0005644072538305569,0.9155295348312535,-2.0881933835426025e-06,0.0
3.8783357354457976e-07,0.0,-0.000547549525067807,0.8881836986157103,-2.0881933835426025e-06,0.0
3.8793357354457977e-07,0.0,-0.0005311944295695981,0.8616546517323366,-2.0881933835426025e-06,0.0
3.880335735445798e-07,0.0,-0.0005153285963476995,0.8359179976056115,-2.0881933835426025e-06,0.0
3.881335735445798e-07,0.0,-0.0004999360175704181,0.8109500683544901,-2.0881933835426025e-06,0.0
3.882335735445798e-07,0.0,-0.00048500374124530495,0.7867279030340755,-2.0881933835426025e-06,0.0
3.883335735445798e-07,0.0,-0.0004705170138113113,0.7632292265143265,-2.0881933835426025e-06,0.0
3.884335735445798e-07,0.0,-0.0004564633803227475,0.7404324290005538,-2.0881933835426025e-06,0.0
3.885335735445798e-07,0.0,-0.0004428291804842565,0.7183165461563464,-2.0881933835426025e-06,0.0
3.886335735445798e-07,0.0,-0.00042960250117637293,0.6968612398280726,-2.0881933835426025e-06,0.0
3.8873357354457983e-07,0.0,-0.00041677064818661426,0.6760467793384383,-2.0881933835426025e-06,0.0
3.8883357354457983e-07,0.0,-0.00040432227169545274,0.655854023344457,-2.0881933835426025e-06,0.0
3.8893357354457984e-07,0.0,-0.0003922455414235909,0.6362644022324864,-2.0881933835426025e-06,0.0
3.8903357354457985e-07,0.0,-0.00038052967616268384,0.6172599010431946,-2.0881933835426025e-06,0.0
3.8913357354457986e-07,0.0,-0.00036916362607686455,0.598823042903066,-2.0881933835426025e-06,0.0
3.8923357354457986e-07,0.0,-0.0003581371728290112,0.5809368729537373,-2.0881933835426025e-06,0.0
3.8933357354457987e-07,0.0,-0.00034743997756687506,0.5635849427588439,-2.0881933835426025e-06,0.0
3.894335735445799e-07,0.0,-0.0003370623716822159,0.5467512951787404,-2.0881933835426025e-06,0.0
3.895335735445799e-07,0.0,-0.000326994668505345,0.5304204496951931,-2.0881933835426025e-06,0.0
3.896335735445799e-07,0.0,-0.0003172277312088438,0.514577388175938,-2.0881933835426025e-06,0.0
3.897335735445799e-07,0.0,-0.00030775247470127195,0.4992075410631355,-2.0881933835426025e-06,0.0
3.898335735445799e-07,0.0,-0.0002985602730229882,0.48429677397546395,-2.0881933835426025e-06,0.0
3.899335735445799e-07,0.0,-0.00028964259844817253,0.46983137470945807,-2.0881933835426025e-06,0.0
3.900335735445799e-07,0.0,-0.00028099131330426764,0.455798040629896,-2.0881933835426025e-06,0.0
3.9013357354457993e-07,0.0,-0.0002725984080806762,0.44218386643614715,-2.0881933835426025e-06,0.0
3.9023357354457994e-07,0.0,-0.0002644562100510661,0.42897633229449905,-2.0881933835426025e-06,0.0
3.9033357354457995e-07,0.0,-0.00025655719284708924,0.41616329232447075,-2.0881933835426025e-06,0.0
3.9043357354457995e-07,0.0,-0.0002488941252155,0.403732963429441,-2.0881933835426025e-06,0.0
3.9053357354457996e-07,0.0,-0.00024145993219947356,0.3916739144605411,-2.0881933835426025e-06,0.0
3.9063357354457997e-07,0.0,-0.00023424780084172172,0.37997505570450946,-2.0881933835426025e-06,0.0
3.9073357354458e-07,0.0,-0.00022725107865484862,0.36862562868527804,-2.0881933835426025e-06,0.0
3.9083357354458e-07,0.0,-0.0002204633483818011,0.3576151962703887,-2.0881933835426025e-06,0.0
3.9093357354458e-07,0.0,-0.00021387835343011588,0.34693363307273817,-2.0881933835426025e-06,0.0
3.9103357354458e-07,0.0,-0.00020749005041293615,0.33657111613916635,-2.0881933835426025e-06,0.0
3.9113357354458e-07,0.0,-0.00020129255410045334,0.32651811591703445,-2.0881933835426025e-06,0.0
3.9123357354458e-07,0.0,-0.00019528017402456149,0.31676538749073313,-2.0881933835426025e-06,0.0
3.9133357354458e-07,0.0,-0.00018944737357430447,0.3073039620798516,-2.0881933835426025e-06,0.0
3.9143357354458003e-07,0.0,-0.00018378879518874867,0.2981251387913672,-2.0881933835426025e-06,0.0
3.9153357354458004e-07,0.0,-0.00017829922971924673,0.28922047661811884,-2.0881933835426025e-06,0.0
3.9163357354458004e-07,0.0,-0.0001729736334668392,0.28058178667633643,-2.0881933835426025e-06,0.0
3.9173357354458005e-07,0.0,-0.00016780710501276808,0.272201124674976,-2.0881933835426025e-06,0.0
3.9183357354458006e-07,0.0,-0.00016279489644356008,0.2640707836100296,-2.0881933835426025e-06,0.0
3.9193357354458007e-07,0.0,-0.00015793239562819975,0.2561832866770128,-2.0881933835426025e-06,0.0
3.920335735445801e-07,0.0,-0.00015321513331618812,0.24853138039517747,-2.0881933835426025e-06,0.0
3.921335735445801e-07,0.0,-0.00014863876940064425,0.24110802793707195,-2.0881933835426025e-06,0.0
3.922335735445801e-07,0.0,-0.00014419909709992738,0.23390640265736093,-2.0881933835426025e-06,0.0
3.923335735445801e-07,0.0,-0.00013989203215062068,0.22691988181491365,-2.0881933835426025e-06,0.0
3.924335735445801e-07,0.0,-0.00013571361494198718,0.22014204048242242,-2.0881933835426025e-06,0.0
3.925335735445801e-07,0.0,-0.00013166000187381726,0.21356664563792008,-2.0881933835426025e-06,0.0
3.926335735445801e-07,0.0,-0.00012772746606746094,0.20718765043278903,-2.0881933835426025e-06,0.0
3.9273357354458013e-07,0.0,-0.0001239123903339298,0.20099918863096844,-2.0881933835426025e-06,0.0
3.9283357354458014e-07,0.0,-0.00012021126690773935,0.1949955692142643,-2.0881933835426025e-06,0.0
3.9293357354458014e-07,0.0,-0.00011662069162302521,0.18917127114878582,-2.0881933835426025e-06,0.0
3.9303357354458015e-07,0.0,-0.00011313736298871062,0.1835209383077085,-2.0881933835426025e-06,0.0
3.9313357354458016e-07,0.0,-0.00010975807727976018,0.17803937454568342,-2.0881933835426025e-06,0.0
3.9323357354458017e-07,0.0,-0.00010647972718086475,0.17272153892037262,-2.0881933835426025e-06,0.0
3.9333357354458017e-07,0.0,-0.000103299297579124,0.16756254105670843,-2.0881933835426025e-06,0.0
3.934335735445802e-07,0.0,-0.00010021386393715653,0.16255763664961995,-2.0881933835426025e-06,0.0
3.935335735445802e-07,0.0,-9.722058863091718e-05,0.1577022231010855,-2.0881933835426025e-06,0.0
3.936335735445802e-07,0.0,-9.431671916593275e-05,0.15299183528750393,-2.0881933835426025e-06,0.0
3.937335735445802e-07,0.0,-9.149958494504315e-05,0.14842214145348723,-2.0881933835426025e-06,0.0
3.938335735445802e-07,0.0,-8.876659540757421e-05,0.14398893922830325,-2.0881933835426025e-06,0.0
3.939335735445802e-07,0.0,-8.61152371418382e-05,0.13968815176130095,-2.0881933835426025e-06,0.0
3.940335735445802e-07,0.0,-8.354307200261592e-05,0.13551582397276746,-2.0881933835426025e-06,0.0
3.9413357354458023e-07,0.0,-8.104773450486115e-05,0.1314681189167669,-2.0881933835426025e-06,0.0
3.9423357354458024e-07,0.0,-7.862692995760291e-05,0.12754131425261775,-2.0881933835426025e-06,0.0
3.9433357354458025e-07,0.0,-7.627843209105132e-05,0.12373179882176277,-2.0881933835426025e-06,0.0
3.9443357354458026e-07,0.0,-7.40000812323428e-05,0.12003606932688443,-2.0881933835426025e-06,0.0
3.9453357354458026e-07,0.0,-7.178978213007002e-05,0.11645072711021084,-2.0881933835426025e-06,0.0
3.9463357354458027e-07,0.0,-6.964550218824513e-05,0.11297247502805059,-2.0881933835426025e-06,0.0
3.947335735445803e-07,0.0,-6.756526946058565e-05,0.10959811441868124,-2.0881933835426025e-06,0.0
3.948335735445803e-07,0.0,-6.554717095296541e-05,0.106324542160804,-2.0881933835426025e-06,0.0
3.949335735445803e-07,0.0,-6.358935076578452e-05,0.10314874781985882,-2.0881933835426025e-06,0.0
3.950335735445803e-07,0.0,-6.16900084708271e-05,0.10006781087957595,-2.0881933835426025e-06,0.0
3.951335735445803e-07,0.0,-5.984739738459206e-05,0.09707889805621768,-2.0881933835426025e-06,0.0
3.952335735445803e-07,0.0,-5.8059823022253194e-05,0.09417926069304096,-2.0881933835426025e-06,0.0
3.953335735445803e-07,0.0,-5.632564148823615e-05,0.09136623223258437,-2.0881933835426025e-06,0.0
3.9543357354458033e-07,0.0,-5.464325800789058e-05,0.08863722576445505,-2.0881933835426025e-06,0.0
3.9553357354458034e-07,0.0,-5.301112542403968e-05,0.08598973164636041,-2.0881933835426025e-06,0.0
3.9563357354458035e-07,0.0,-5.142774280548351e-05,0.08342131519619699,-2.0881933835426025e-06,0.0
3.9573357354458035e-07,0.0,-4.9891654040146925e-05,0.08092961445307405,-2.0881933835426025e-06,0.0
3.9583357354458036e-07,0.0,-4.840144651857468e-05,0.07851233800521276,-2.0881933835426025e-06,0.0
3.9593357354458037e-07,0.0,-4.6955749815697826e-05,0.07616726288272382,-2.0881933835426025e-06,0.0
3.960335735445804e-07,0.0,-4.555323444687117e-05,0.07389223251332518,-2.0881933835426025e-06,0.0
3.961335735445804e-07,0.0,-4.419261063141052e-05,0.07168515473912028,-2.0881933835426025e-06,0.0
3.962335735445804e-07,0.0,-4.2872627118212034e-05,0.06954399989261299,-2.0881933835426025e-06,0.0
3.963335735445804e-07,0.0,-4.159207002516075e-05,0.06746679893018959,-2.0881933835426025e-06,0.0
3.964335735445804e-07,0.0,-4.034976173122427e-05,0.06545164162135175,-2.0881933835426025e-06,0.0
3.965335735445804e-07,0.0,-3.91445597863808e-05,0.06349667479203502,-2.0881933835426025e-06,0.0
3.966335735445804e-07,0.0,-3.797535586699459e-05,0.061600100620397384,-2.0881933835426025e-06,0.0
3.9673357354458043e-07,0.0,-3.6841074751556455e-05,0.05976017498351063,-2.0881933835426025e-06,0.0
3.9683357354458044e-07,0.0,-3.5740673336104396e-05,0.0579752058534344,-2.0881933835426025e-06,0.0
3.9693357354458044e-07,0.0,-3.4673139671421196e-05,0.056243551741197446,-2.0881933835426025e-06,0.0
3.9703357354458045e-07,0.0,-3.363749203542098e-05,0.05456362018725565,-2.0881933835426025e-06,0.0
3.9713357354458046e-07,0.0,-3.2632778027815495e-05,0.052933866297038126,-2.0881933835426025e-06,0.0
3.9723357354458047e-07,0.0,-3.165807369639735e-05,0.051352791320235146,-2.0881933835426025e-06,0.0
3.9733357354458047e-07,0.0,-3.071248268556043e-05,0.04981894127252094,-2.0881933835426025e-06,0.0
3.974335735445805e-07,0.0,-2.979513541352027e-05,0.04833090559844422,-2.0881933835426025e-06,0.0
3.975335735445805e-07,0.0,-2.8905188271337412e-05,0.04688731587425656,-2.0881933835426025e-06,0.0
3.976335735445805e-07,0.0,-2.8041822848214545e-05,0.045486844549485934,-2.0881933835426025e-06,0.0
3.977335735445805e-07,0.0,-2.7204245177945037e-05,0.04412820372609792,-2.0881933835426025e-06,0.0
3.978335735445805e-07,0.0,-2.639168500955731e-05,0.042810143974122056,-2.0881933835426025e-06,0.0
3.979335735445805e-07,0.0,-2.5603395098296648e-05,0.04153145318265413,-2.0881933835426025e-06,0.0
3.980335735445805e-07,0.0,-2.4838650519042288e-05,0.040290955445177634,-2.0881933835426025e-06,0.0
3.9813357354458053e-07,0.0,-2.4096747999129698e-05,0.03908750997817953,-2.0881933835426025e-06,0.0
3.9823357354458054e-07,0.0,-2.3377005272066065e-05,0.037920010072065656,-2.0881933835426025e-06,0.0
3.9833357354458055e-07,0.0,-2.267876044970928e-05,0.03678738207341115,-2.0881933835426025e-06,0.0
3.9843357354458056e-07,0.0,-2.2001371413928037e-05,0.035688584397609885,-2.0881933835426025e-06,0.0
3.9853357354458056e-07,0.0,-2.1344215225800944e-05,0.03462260657101498,-2.0881933835426025e-06,0.0
3.9863357354458057e-07,0.0,-2.0706687553004715e-05,0.03358846830168949,-2.0881933835426025e-06,0.0
3.987335735445806e-07,0.0,-2.00882021138472e-05,0.032585218577912696,-2.0881933835426025e-06,0.0
3.988335735445806e-07,0.0,-1.9488190138291376e-05,0.031611934793613045,-2.0881933835426025e-06,0.0
3.989335735445806e-07,0.0,-1.890609984474891e-05,0.030667721899923367,-2.0881933835426025e-06,0.0
3.990335735445806e-07,0.0,-1.8341395932786935e-05,0.029751711582078236,-2.0881933835426025e-06,0.0
3.991335735445806e-07,0.0,-1.7793559090745882e-05,0.028863061460896452,-2.0881933835426025e-06,0.0
3.992335735445806e-07,0.0,-1.7262085518258536e-05,0.02800095431811434,-2.0881933835426025e-06,0.0
3.993335735445806e-07,0.0,-1.6746486462875657e-05,0.027164597344857485,-2.0881933835426025e-06,0.0
3.9943357354458063e-07,0.0,-1.624628777065951e-05,0.026353221412559757,-2.0881933835426025e-06,0.0
3.9953357354458064e-07,0.0,-1.5761029450097912e-05,0.025566080365659157,-2.0881933835426025e-06,0.0
3.9963357354458065e-07,0.0,-1.529026524911619e-05,0.024802450335420088,-2.0881933835426025e-06,0.0
3.9973357354458065e-07,0.0,-1.483356224468323e-05,0.024061629074250933,-2.0881933835426025e-06,0.0
3.9983357354458066e-07,0.0,-1.439050044469598e-05,0.023342935309904802,-2.0881933835426025e-06,0.0
3.9993357354458067e-07,0.0,-1.3960672401734401e-05,0.022645708118969637,-2.0881933835426025e-06,0.0
4e-07,0.0,-1.3682285176259826e-05,0.02219413417820426,-2.0881933835426025e-06,0.0
