time,v(a),v(y),v(out),vdd#branch,va#branch
0.0,0.0,6.572177434151223e-102,6.572177434151223e-102,-1.8100115539709805e-06,0.0
1.0000000000000002e-12,0.0,-1.3321879195316925e-98,-6.8773194101990066e-102,-1.8099837575391575e-06,0.0
2.0000000000000004e-12,0.0,-1.062813999296535e-98,-1.7595041583312176e-101,-1.8099837575391575e-06,0.0
4.000000000000001e-12,0.0,-6.330018526864151e-99,-3.4671699945232326e-101,-1.8099837575391575e-06,0.0
8.000000000000001e-12,0.0,-2.071253685286338e-99,-5.1469943518337214e-101,-1.8100128613696143e-06,0.0
1.6000000000000003e-11,0.0,1.435752243783627e-101,-5.933294664031638e-101,-1.8099983094543859e-06,0.0
3.2000000000000006e-11,0.0,-4.65526092246396e-102,-5.830394339545858e-101,-1.8100237753060355e-06,0.0
6.400000000000001e-11,0.0,3.0681594157789325e-102,-5.6474586969466825e-101,-1.8100092233908072e-06,0.0
1.2800000000000002e-10,0.0,-2.125290513757446e-102,-5.2908495608497555e-101,-1.810010132885509e-06,0.0
2.2800000000000004e-10,0.0,2.072634687987269e-102,-4.782367179161174e-101,-1.8100105876328598e-06,0.0
3.2800000000000006e-10,0.0,-1.536116484379776e-102,-4.319944766724487e-101,-1.8100105876328598e-06,0.0
4.2800000000000007e-10,0.0,1.5222538371110737e-102,-3.904632109574387e-101,-1.8100105876328598e-06,0.0
5.28e-10,0.0,-1.1090668735541208e-102,-3.527200238636673e-101,-1.8100105876328598e-06,0.0
6.28e-10,0.0,1.1189791860108585e-102,-3.187998714188643e-101,-1.8100105876328598e-06,0.0
7.28e-10,0.0,-7.997461309054908e-103,-2.879925601982498e-101,-1.8100105876328598e-06,0.0
8.279999999999999e-10,0.0,8.23313206069763e-103,-2.6028963754689678e-101,-1.8100105876328598e-06,0.0
9.279999999999999e-10,0.0,-5.758766458453446e-103,-2.3514282789804885e-101,-1.8100105876328598e-06,0.0
1.028e-09,0.0,6.06396628584542e-103,-2.1251826753153492e-101,-1.8100105876328598e-06,0.0
1.128e-09,0.0,-4.1399822723037245e-103,-1.9199131949900558e-101,-1.8100105876328598e-06,0.0
1.228e-09,0.0,4.471369643940321e-103,-1.735146836158494e-101,-1.8100105876328598e-06,0.0
1.3280000000000002e-09,0.0,-2.9706523617215956e-103,-1.567584295526803e-101,-1.8100105876328598e-06,0.0
1.4280000000000002e-09,0.0,3.3011323430094844e-103,-1.4166961517351451e-101,-1.8100105876328598e-06,0.0
1.5280000000000003e-09,0.0,-2.126974715092066e-103,-1.2799108690548824e-101,-1.8100105876328598e-06,0.0
1.6280000000000004e-09,0.0,2.440468768244385e-103,-1.1566917979663595e-101,-1.8100105876328598e-06,0.0
1.7280000000000004e-09,0.0,-1.5190713403963006e-103,-1.0450284532446676e-101,-1.8100105876328598e-06,0.0
1.8280000000000005e-09,0.0,1.8068567110154747e-103,-9.444065897737289e-102,-1.8100105876328598e-06,0.0
1.9280000000000004e-09,0.0,-1.0817244755802664e-103,-8.532496425669113e-102,-1.8100105876328598e-06,0.0
2.0280000000000004e-09,0.0,1.3398897773916506e-103,-7.710822897711454e-102,-1.8100105876328598e-06,0.0
2.1280000000000005e-09,0.0,-7.676366911266132e-104,-6.966646402324466e-102,-1.8100105876328598e-06,0.0
2.2280000000000006e-09,0.0,9.953283394341959e-104,-6.2956818845610216e-102,-1.8100105876328598e-06,0.0
2.3280000000000006e-09,0.0,-5.425283173240819e-104,-5.688150934016165e-102,-1.8100105876328598e-06,0.0
2.4280000000000007e-09,0.0,7.407548460986345e-104,-5.140260332049348e-102,-1.8100105876328598e-06,0.0
2.5280000000000008e-09,0.0,-3.815722002913253e-104,-4.6442776912474536e-102,-1.8100105876328598e-06,0.0
2.628000000000001e-09,0.0,5.524000672485509e-104,-4.196891240805598e-102,-1.8100105876328598e-06,0.0
2.728000000000001e-09,0.0,-2.6680169781256325e-104,-3.791970937028926e-102,-1.8100105876328598e-06,0.0
2.828000000000001e-09,0.0,4.1282407657016813e-104,-3.4266563162628876e-102,-1.8100105876328598e-06,0.0
2.928000000000001e-09,0.0,-1.8522682024621056e-104,-3.096075914428361e-102,-1.8100105876328598e-06,0.0
3.028000000000001e-09,0.0,3.092212769769336e-104,-2.7977801800759672e-102,-1.8100105876328598e-06,0.0
3.128000000000001e-09,0.0,-1.2746552351740701e-104,-2.5278890293308767e-102,-1.8100105876328598e-06,0.0
3.2280000000000013e-09,0.0,2.321811305907157e-104,-2.2843193360919793e-102,-1.8100105876328598e-06,0.0
3.3280000000000013e-09,0.0,-8.674967169413974e-105,-2.063974056376902e-102,-1.8100105876328598e-06,0.0
3.4280000000000014e-09,0.0,1.747817409143797e-104,-1.8650917813924877e-102,-1.8100105876328598e-06,0.0
3.5280000000000015e-09,0.0,-5.8203425614768945e-105,-1.685195560511962e-102,-1.8100105876328598e-06,0.0
3.6280000000000015e-09,0.0,1.3192661601265094e-104,-1.5228030874319765e-102,-1.8100105876328598e-06,0.0
3.728000000000001e-09,0.0,-3.831965736759754e-105,-1.3759296801854164e-102,-1.8100105876328598e-06,0.0
3.828000000000001e-09,0.0,9.985914941964775e-105,-1.2433328864557993e-102,-1.8100105876328598e-06,0.0
3.928000000000001e-09,0.0,-2.458026191455418e-105,-1.1234197296451214e-102,-1.8100105876328598e-06,0.0
4.028000000000001e-09,0.0,7.5807018869676e-105,-1.0151523193092683e-102,-1.8100105876328598e-06,0.0
4.1280000000000015e-09,0.0,-1.5180993992632909e-105,-9.172500481022378e-103,-1.8100105876328598e-06,0.0
4.2280000000000015e-09,0.0,5.772159280400069e-105,-8.288484059827375e-103,-1.8100105876328598e-06,0.0
4.328000000000002e-09,0.0,-8.832199245209584e-106,-7.489163987076725e-103,-1.8100105876328598e-06,0.0
4.428000000000002e-09,0.0,4.408684237901231e-105,-6.767357130476374e-103,-1.8100105876328598e-06,0.0
4.528000000000002e-09,0.0,-4.614624988428329e-106,-6.114752011325252e-103,-1.8100105876328598e-06,0.0
4.628000000000002e-09,0.0,3.3779124183705197e-105,-5.525392947774975e-103,-1.8100105876328598e-06,0.0
4.728000000000002e-09,0.0,-1.875183258539614e-106,-4.992571321021364e-103,-1.8100105876328598e-06,0.0
4.828000000000002e-09,0.0,2.5964212924862532e-105,-4.511358259881507e-103,-1.8100105876328598e-06,0.0
4.928000000000002e-09,0.0,-1.5167595292276307e-107,-4.076332824461558e-103,-1.8100105876328598e-06,0.0
5.028000000000002e-09,0.0,2.0021624927362076e-105,-3.683422459178021e-103,-1.8100105876328598e-06,0.0
5.128000000000002e-09,0.0,8.814992571641228e-107,-3.328242264825109e-103,-1.8100105876328598e-06,0.0
5.228000000000002e-09,0.0,1.5488947846530018e-105,-3.0074319294042484e-103,-1.8100105876328598e-06,0.0
5.328000000000002e-09,0.0,1.4524558627851866e-106,-2.717441291783201e-103,-1.8100105876328598e-06,0.0
5.428000000000002e-09,0.0,1.2020846074184307e-105,-2.455501104980155e-103,-1.8100105876328598e-06,0.0
5.5280000000000024e-09,0.0,1.7199417498303653e-106,-2.2187346147020628e-103,-1.8100105876328598e-06,0.0
5.6280000000000025e-09,0.0,9.358839426709494e-106,-2.004862114193377e-103,-1.8100105876328598e-06,0.0
5.7280000000000026e-09,0.0,1.7935267127842494e-106,-1.8115507394565383e-103,-1.8100105876328598e-06,0.0
5.828000000000003e-09,0.0,7.308996742349752e-106,-1.6369255470349898e-103,-1.8100105876328598e-06,0.0
5.928000000000003e-09,0.0,1.7480629610131463e-106,-1.479093424257425e-103,-1.8100105876328598e-06,0.0
6.028000000000003e-09,0.0,5.725449546703489e-106,-1.3365135992082632e-103,-1.8100105876328598e-06,0.0
6.128000000000003e-09,0.0,1.6340179786231988e-106,-1.207648855653367e-103,-1.8100105876328598e-06,0.0
6.228000000000003e-09,0.0,4.498189556370463e-106,-1.0912339557090534e-103,-1.8100105876328598e-06,0.0
6.328000000000003e-09,0.0,1.4848368955768138e-106,-9.86019968311455e-104,-1.8100105876328598e-06,0.0
6.428000000000003e-09,0.0,3.544022658453261e-106,-8.909685838798713e-104,-1.8100105876328598e-06,0.0
6.528000000000003e-09,0.0,1.3221707961048975e-106,-8.050645761291837e-104,-1.8100105876328598e-06,0.0
6.628000000000003e-09,0.0,2.799851415122365e-106,-7.274563465873762e-104,-1.8100105876328598e-06,0.0
6.728000000000003e-09,0.0,1.1595749052194862e-106,-6.573182639193428e-104,-1.8100105876328598e-06,0.0
6.828000000000003e-09,0.0,2.217677518708151e-106,-5.939522167913325e-104,-1.8100105876328598e-06,0.0
6.928000000000003e-09,0.0,1.0051121920564726e-106,-5.366864849022255e-104,-1.8100105876328598e-06,0.0
7.0280000000000034e-09,0.0,1.7608764545363904e-106,-4.849490349766947e-104,-1.8100105876328598e-06,0.0
7.1280000000000035e-09,0.0,8.631760417439008e-107,-4.38193163705076e-104,-1.8100105876328598e-06,0.0
7.2280000000000036e-09,0.0,1.4014146181239749e-106,-3.9595033110555583e-104,-1.8100105876328598e-06,0.0
7.328000000000004e-09,0.0,7.357575062607307e-107,-3.577754352240417e-104,-1.8100105876328598e-06,0.0
7.428000000000004e-09,0.0,1.1177657564527203e-106,-3.232848393725611e-104,-1.8100105876328598e-06,0.0
7.528000000000003e-09,0.0,6.233189712703739e-107,-2.9211605266713596e-104,-1.8100105876328598e-06,0.0
7.628000000000002e-09,0.0,8.93347249939587e-107,-2.6395505403466093e-104,-1.8100105876328598e-06,0.0
7.728000000000001e-09,0.0,5.253901313732611e-107,-2.3850655184953433e-104,-1.8100105876328598e-06,0.0
7.828e-09,0.0,7.153435585968195e-107,-2.1551357889813826e-104,-1.8100105876328598e-06,0.0
7.928e-09,0.0,4.409690582260268e-107,-1.9473552743597006e-104,-1.8100105876328598e-06,0.0
8.027999999999999e-09,0.0,5.738186122716949e-107,-1.759621696214298e-104,-1.8100105876328598e-06,0.0
8.127999999999998e-09,0.0,3.687873243459344e-107,-1.589974126416473e-104,-1.8100105876328598e-06,0.0
8.227999999999998e-09,0.0,4.610443170298857e-107,-1.4366930413565356e-104,-1.8100105876328598e-06,0.0
8.327999999999997e-09,0.0,3.07481035393252e-107,-1.2981799963451275e-104,-1.8100105876328598e-06,0.0
8.427999999999996e-09,0.0,3.709910843565625e-107,-1.1730288081774474e-104,-1.8100105876328598e-06,0.0
8.527999999999995e-09,0.0,2.5569735910877328e-107,-1.059936284101027e-104,-1.8100105876328598e-06,0.0
8.627999999999995e-09,0.0,2.989401303606838e-107,-9.577526810675297e-105,-1.8100105876328598e-06,0.0
8.727999999999994e-09,0.0,2.1215736821695514e-107,-8.654153571674897e-105,-1.8100105876328598e-06,0.0
8.827999999999993e-09,0.0,2.411875315348153e-107,-7.819843877765046e-105,-1.8100105876328598e-06,0.0
8.927999999999992e-09,0.0,1.7568975927526096e-107,-7.065931594851055e-105,-1.8100105876328598e-06,0.0
9.027999999999992e-09,0.0,1.9481761046471163e-107,-6.384733809914705e-105,-1.8100105876328598e-06,0.0
9.12799999999999e-09,0.0,1.452455623594864e-107,-5.76918217832279e-105,-1.8100105876328598e-06,0.0
9.22799999999999e-09,0.0,1.5752885570607665e-107,-5.21299747647413e-105,-1.8100105876328598e-06,0.0
9.32799999999999e-09,0.0,1.199008067375242e-107,-4.710413922666794e-105,-1.8100105876328598e-06,0.0
9.427999999999989e-09,0.0,1.2749976666747887e-107,-4.2563000811920786e-105,-1.8100105876328598e-06,0.0
9.527999999999988e-09,0.0,9.88518867210466e-108,-3.845952228897703e-105,-1.8100105876328598e-06,0.0
9.627999999999987e-09,0.0,1.032851331992457e-107,-3.4751773173694623e-105,-1.8100105876328598e-06,0.0
9.727999999999986e-09,0.0,8.140681414153827e-108,-3.1401377101832618e-105,-1.8100105876328598e-06,0.0
9.827999999999986e-09,0.0,8.37355878386488e-108,-2.8374074380407363e-105,-1.8100105876328598e-06,0.0
9.927999999999985e-09,0.0,6.697445834327111e-108,-2.5638552322378683e-105,-1.8100105876328598e-06,0.0
1.0027999999999984e-08,0.0,6.793501057136355e-108,-2.3166820874606e-105,-1.8100105876328598e-06,0.0
1.0127999999999983e-08,0.0,5.505312404431471e-108,-2.0933329053268134e-105,-1.8100105876328598e-06,0.0
1.0227999999999982e-08,0.0,5.5151672274456886e-108,-1.8915210644477028e-105,-1.8100105876328598e-06,0.0
1.0327999999999982e-08,0.0,4.521930358476453e-108,-1.709161486251485e-105,-1.8100105876328598e-06,0.0
1.0427999999999981e-08,0.0,4.479998508440229e-108,-1.5443862506087025e-105,-1.8100105876328598e-06,0.0
1.052799999999998e-08,0.0,3.711709268099934e-108,-1.3954937405609172e-105,-1.8100105876328598e-06,0.0
1.062799999999998e-08,0.0,3.64104681984915e-108,-1.2609581522335239e-105,-1.8100105876328598e-06,0.0
1.0727999999999979e-08,0.0,3.0448527732929795e-108,-1.1393907385767841e-105,-1.8100105876328598e-06,0.0
1.0827999999999978e-08,0.0,2.960609714569168e-108,-1.0295452126324847e-105,-1.8100105876328598e-06,0.0
1.0927999999999977e-08,0.0,2.496495238314437e-108,-9.302881198335493e-106,-1.8100105876328598e-06,0.0
1.1027999999999976e-08,0.0,2.4083628693176224e-108,-8.406015285943798e-106,-1.8100105876328598e-06,0.0
1.1127999999999976e-08,0.0,2.045942619804727e-108,-7.595603092348666e-106,-1.8100105876328598e-06,0.0
1.1227999999999975e-08,0.0,1.9598816005940443e-108,-6.863330764132257e-106,-1.8100105876328598e-06,0.0
1.1327999999999974e-08,0.0,1.6760131269737145e-108,-6.201647087423594e-106,-1.8100105876328598e-06,0.0
1.1427999999999973e-08,0.0,1.5954674574486187e-108,-5.603762040274969e-106,-1.8100105876328598e-06,0.0
1.1527999999999973e-08,0.0,1.3724700774895811e-108,-5.063511874125965e-106,-1.8100105876328598e-06,0.0
1.1627999999999972e-08,0.0,1.2992147530647789e-108,-4.575351268522242e-106,-1.8100105876328598e-06,0.0
1.1727999999999971e-08,0.0,1.1235378405954226e-108,-4.1342488616481516e-106,-1.8100105876328598e-06,0.0
1.182799999999997e-08,0.0,1.0582663324633297e-108,-3.7356759883295516e-106,-1.8100105876328598e-06,0.0
1.192799999999997e-08,0.0,9.194913124288975e-109,-3.3755255290455126e-106,-1.8100105876328598e-06,0.0
1.2027999999999969e-08,0.0,8.62218986979215e-109,-3.050099175147191e-106,-1.8100105876328598e-06,0.0
1.2127999999999968e-08,0.0,7.523095782820087e-109,-2.756044192649739e-106,-1.8100105876328598e-06,0.0
1.2227999999999967e-08,0.0,7.026475096229038e-109,-2.49034044475654e-106,-1.8100105876328598e-06,0.0
1.2327999999999967e-08,0.0,6.153850064182202e-109,-2.250250963281852e-106,-1.8100105876328598e-06,0.0
1.2427999999999966e-08,0.0,5.727230362704496e-109,-2.0333094725611506e-106,-1.8100105876328598e-06,0.0
1.2527999999999965e-08,0.0,5.032798047937369e-109,-1.8372816372951442e-106,-1.8100105876328598e-06,0.0
1.2627999999999964e-08,0.0,4.669064874141827e-109,-1.660153505683973e-106,-1.8100105876328598e-06,0.0
1.2727999999999963e-08,0.0,4.115229367479933e-109,-1.5001010390681284e-106,-1.8100105876328598e-06,0.0
1.2827999999999963e-08,0.0,3.8070195638325494e-109,-1.3554796771898796e-106,-1.8100105876328598e-06,0.0
1.2927999999999962e-08,0.0,3.3644115982571005e-109,-1.2248003125003676e-106,-1.8100105876328598e-06,0.0
1.3027999999999961e-08,0.0,3.1045804294895615e-109,-1.1067200424509214e-106,-1.8100105876328598e-06,0.0
1.312799999999996e-08,0.0,2.7501877880081e-109,-1.0000231745124917e-106,-1.8100105876328598e-06,0.0
1.322799999999996e-08,0.0,2.532076047441575e-109,-9.03613145048048e-107,-1.8100105876328598e-06,0.0
1.3327999999999959e-08,0.0,2.24781465219034e-109,-8.164974632790226e-107,-1.8100105876328598e-06,0.0
1.3427999999999958e-08,0.0,2.0653834499815092e-109,-7.377807265165122e-107,-1.8100105876328598e-06,0.0
1.3527999999999957e-08,0.0,1.8370018006654577e-109,-6.666526573682586e-107,-1.8100105876328598e-06,0.0
1.3627999999999957e-08,0.0,1.6848819044366006e-109,-6.023821189816423e-107,-1.8100105876328598e-06,0.0
1.3727999999999956e-08,0.0,1.5011184061415874e-109,-5.4430758829539905e-107,-1.8100105876328598e-06,0.0
1.3827999999999955e-08,0.0,1.3746062779388027e-109,-4.918320641956454e-107,-1.8100105876328598e-06,0.0
1.3927999999999954e-08,0.0,1.2265389933326245e-109,-4.4441546450032997e-107,-1.8100105876328598e-06,0.0
1.4027999999999954e-08,0.0,1.121561303774419e-109,-4.0157031886101435e-107,-1.8100105876328598e-06,0.0
1.4127999999999953e-08,0.0,1.0021045723277509e-109,-3.6285568888033505e-107,-1.8100105876328598e-06,0.0
1.4227999999999952e-08,0.0,9.151657220268249e-110,-3.278735423392282e-107,-1.8100105876328598e-06,0.0
1.4327999999999951e-08,0.0,8.186792272408337e-110,-2.9626388226097225e-107,-1.8100105876328598e-06,0.0
1.442799999999995e-08,0.0,7.468013677052888e-110,-2.6770170701496797e-107,-1.8100105876328598e-06,0.0
1.452799999999995e-08,0.0,6.687855743828159e-110,-2.4189310119900528e-107,-1.8100105876328598e-06,0.0
1.4627999999999949e-08,0.0,6.094471502879908e-110,-2.1857269566426096e-107,-1.8100105876328598e-06,0.0
1.4727999999999948e-08,0.0,5.463052952304026e-110,-1.9750052529050903e-107,-1.8100105876328598e-06,0.0
1.4827999999999948e-08,0.0,4.973817651588796e-110,-1.7845991290390296e-107,-1.8100105876328598e-06,0.0
1.4927999999999947e-08,0.0,4.462332968320411e-110,-1.6125493978516274e-107,-1.8100105876328598e-06,0.0
1.5027999999999948e-08,0.0,4.059421003441367e-110,-1.4570868714249438e-107,-1.8100105876328598e-06,0.0
1.512799999999995e-08,0.0,3.644760188322692e-110,-1.3166119712306339e-107,-1.8100105876328598e-06,0.0
1.522799999999995e-08,0.0,3.313268090995921e-110,-1.1896801457142598e-107,-1.8100105876328598e-06,0.0
1.532799999999995e-08,0.0,2.976860483495665e-110,-1.074985413983346e-107,-1.8100105876328598e-06,0.0
1.542799999999995e-08,0.0,2.7043653484327744e-110,-9.713482960122585e-108,-1.8100105876328598e-06,0.0
1.5527999999999952e-08,0.0,2.4312657118487634e-110,-8.777025160562585e-108,-1.8100105876328598e-06,0.0
1.5627999999999953e-08,0.0,2.2074389824148656e-110,-7.930850287097789e-108,-1.8100105876328598e-06,0.0
1.5727999999999954e-08,0.0,1.9856032350737423e-110,-7.166252643041518e-108,-1.8100105876328598e-06,0.0
1.5827999999999955e-08,0.0,1.8018766514387962e-110,-6.4753689851113185e-108,-1.8100105876328598e-06,0.0
1.5927999999999956e-08,0.0,1.6215864951160888e-110,-5.851091456184004e-108,-1.8100105876328598e-06,0.0
1.6027999999999957e-08,0.0,1.470865707045441e-110,-5.2869997526075816e-108,-1.8100105876328598e-06,0.0
1.6127999999999958e-08,0.0,1.324270494066273e-110,-4.777290576298627e-108,-1.8100105876328598e-06,0.0
1.622799999999996e-08,0.0,1.2006912897848523e-110,-4.316721789258448e-108,-1.8100105876328598e-06,0.0
1.632799999999996e-08,0.0,1.0814424551468053e-110,-3.900555206760073e-108,-1.8100105876328598e-06,0.0
1.642799999999996e-08,0.0,9.801644812290702e-111,-3.5245106643137316e-108,-1.8100105876328598e-06,0.0
1.652799999999996e-08,0.0,8.831232505187855e-111,-3.184719596720225e-108,-1.8100105876328598e-06,0.0
1.6627999999999962e-08,0.0,8.001563072855091e-111,-2.8776872895558752e-108,-1.8100105876328598e-06,0.0
1.6727999999999963e-08,0.0,7.211595552411046e-111,-2.600255186780058e-108,-1.8100105876328598e-06,0.0
1.6827999999999964e-08,0.0,6.532179214464171e-111,-2.3495698911874145e-108,-1.8100105876328598e-06,0.0
1.6927999999999965e-08,0.0,5.8889028667045955e-111,-2.123052541934723e-108,-1.8100105876328598e-06,0.0
1.7027999999999966e-08,0.0,5.3327097326441595e-111,-1.9183733738352614e-108,-1.8100105876328598e-06,0.0
1.7127999999999966e-08,0.0,4.808738490099135e-111,-1.7334268259557773e-108,-1.8100105876328598e-06,0.0
1.7227999999999967e-08,0.0,4.3535515121174974e-111,-1.5663106749022311e-108,-1.8100105876328598e-06,0.0
1.7327999999999968e-08,0.0,3.926651352354349e-111,-1.4153057925623787e-108,-1.8100105876328598e-06,0.0
1.742799999999997e-08,0.0,3.5542231219475946e-111,-1.2788590396970394e-108,-1.8100105876328598e-06,0.0
1.752799999999997e-08,0.0,3.2063323595839603e-111,-1.1555667976357122e-108,-1.8100105876328598e-06,0.0
1.762799999999997e-08,0.0,2.9016857883110763e-111,-1.0441609508367066e-108,-1.8100105876328598e-06,0.0
1.7727999999999972e-08,0.0,2.618124437399105e-111,-9.434954839184799e-109,-1.8100105876328598e-06,0.0
1.7827999999999973e-08,0.0,2.3689738612481893e-111,-8.525349999696526e-109,-1.8100105876328598e-06,0.0
1.7927999999999974e-08,0.0,2.1378048551026435e-111,-7.703438086881308e-109,-1.8100105876328598e-06,0.0
1.8027999999999975e-08,0.0,1.934077608788517e-111,-6.960765250419698e-109,-1.8100105876328598e-06,0.0
1.8127999999999975e-08,0.0,1.7455901755255e-111,-6.289691828367652e-109,-1.8100105876328598e-06,0.0
1.8227999999999976e-08,0.0,1.579031762886467e-111,-5.683315392015758e-109,-1.8100105876328598e-06,0.0
1.8327999999999977e-08,0.0,1.4253232027831191e-111,-5.135398356742286e-109,-1.8100105876328598e-06,0.0
1.8427999999999978e-08,0.0,1.289171861907465e-111,-4.640305007505197e-109,-1.8100105876328598e-06,0.0
1.852799999999998e-08,0.0,1.1638086942298177e-111,-4.192942516131556e-109,-1.8100105876328598e-06,0.0
1.862799999999998e-08,0.0,1.052527452992043e-111,-3.788709420278898e-109,-1.8100105876328598e-06,0.0
1.872799999999998e-08,0.0,9.502706567606063e-112,-3.4234475538531624e-109,-1.8100105876328598e-06,0.0
1.8827999999999982e-08,0.0,8.593269337827662e-112,-3.093399905602598e-109,-1.8100105876328598e-06,0.0
1.8927999999999983e-08,0.0,7.759090027294258e-112,-2.795171435863641e-109,-1.8100105876328598e-06,0.0
1.9027999999999984e-08,0.0,7.015934696483816e-112,-2.525694613918879e-109,-1.8100105876328598e-06,0.0
1.9127999999999984e-08,0.0,6.335373954419277e-112,-2.2821974727415394e-109,-1.8100105876328598e-06,0.0
1.9227999999999985e-08,0.0,5.728152169628763e-112,-2.0621754308373504e-109,-1.8100105876328598e-06,0.0
1.9327999999999986e-08,0.0,5.172874312612557e-112,-1.8633652439067285e-109,-1.8100105876328598e-06,0.0
1.9427999999999987e-08,0.0,4.676761754993077e-112,-1.6837219687201396e-109,-1.8100105876328598e-06,0.0
1.9527999999999988e-08,0.0,4.223670184401227e-112,-1.521397720192271e-109,-1.8100105876328598e-06,0.0
1.962799999999999e-08,0.0,3.8183651390736303e-112,-1.374722841552463e-109,-1.8100105876328598e-06,0.0
1.972799999999999e-08,0.0,3.448630314192769e-112,-1.2421885781602426e-109,-1.8100105876328598e-06,0.0
1.982799999999999e-08,0.0,3.1175326755566463e-112,-1.1224316878087894e-109,-1.8100105876328598e-06,0.0
1.992799999999999e-08,0.0,2.815801333174216e-112,-1.0142203075382942e-109,-1.8100105876328598e-06,0.0
2.0027999999999992e-08,0.0,2.5453398398571878e-112,-9.164413769493704e-110,-1.8100105876328598e-06,0.0
2.0127999999999993e-08,0.0,2.2990914225467107e-112,-8.28089108432008e-110,-1.8100105876328598e-06,0.0
2.0227999999999994e-08,0.0,2.0781725804442316e-112,-7.482547103134023e-110,-1.8100105876328598e-06,0.0
2.0327999999999995e-08,0.0,1.8771952926224487e-112,-6.761169800970623e-110,-1.8100105876328598e-06,0.0
2.0427999999999996e-08,0.0,1.6967521359759496e-112,-6.109339076152007e-110,-1.8100105876328598e-06,0.0
2.0527999999999997e-08,0.0,1.5327162616968596e-112,-5.520349997484667e-110,-1.8100105876328598e-06,0.0
2.0627999999999998e-08,0.0,1.3853389813235907e-112,-4.988144201936613e-110,-1.8100105876328598e-06,0.0
2.0728e-08,0.0,1.251449314078935e-112,-4.507247265069919e-110,-1.8100105876328598e-06,0.0
2.0828e-08,0.0,1.1310829845872575e-112,-4.0727126567465297e-110,-1.8100105876328598e-06,0.0
2.0928e-08,0.0,1.0217956316262609e-112,-3.680070632724646e-110,-1.8100105876328598e-06,0.0
2.1028e-08,0.0,9.234929102514528e-113,-3.325282452394452e-110,-1.8100105876328598e-06,0.0
2.1128000000000002e-08,0.0,8.342844978912839e-113,-3.0046986697564556e-110,-1.8100105876328598e-06,0.0
2.1228000000000003e-08,0.0,7.540033425811532e-113,-2.7150217362027236e-110,-1.8100105876328598e-06,0.0
2.1328000000000004e-08,0.0,6.811828896076472e-113,-2.4532719604946787e-110,-1.8100105876328598e-06,0.0
2.1428000000000005e-08,0.0,6.156211335563525e-113,-2.2167569623590544e-110,-1.8100105876328598e-06,0.0
2.1528000000000006e-08,0.0,5.561766775183796e-113,-2.0030438901076677e-110,-1.8100105876328598e-06,0.0
2.1628000000000007e-08,0.0,5.0263676849725293e-113,-1.809934471132884e-110,-1.8100105876328598e-06,0.0
2.1728000000000008e-08,0.0,4.541103052697393e-113,-1.6354423358923342e-110,-1.8100105876328598e-06,0.0
2.182800000000001e-08,0.0,4.103887265613384e-113,-1.477772640598922e-110,-1.8100105876328598e-06,0.0
2.192800000000001e-08,0.0,3.707742220985748e-113,-1.3353035583544778e-110,-1.8100105876328598e-06,0.0
2.202800000000001e-08,0.0,3.3507110383536397e-113,-1.206569636721387e-110,-1.8100105876328598e-06,0.0
2.212800000000001e-08,0.0,3.027313110847261e-113,-1.0902466897217728e-110,-1.8100105876328598e-06,0.0
2.2228000000000012e-08,0.0,2.735765546110173e-113,-9.851382061592486e-111,-1.8100105876328598e-06,0.0
2.2328000000000013e-08,0.0,2.471751605397379e-113,-8.901630172424216e-111,-1.8100105876328598e-06,0.0
2.2428000000000014e-08,0.0,2.2336806570383932e-113,-8.043441967257256e-111,-1.8100105876328598e-06,0.0
2.2528000000000015e-08,0.0,2.018143376170966e-113,-7.2679899396204e-111,-1.8100105876328598e-06,0.0
2.2628000000000016e-08,0.0,1.823742697852529e-113,-6.567297692505928e-111,-1.8100105876328598e-06,0.0
2.2728000000000017e-08,0.0,1.6477789435307656e-113,-5.934157759745079e-111,-1.8100105876328598e-06,0.0
2.2828000000000018e-08,0.0,1.489039759566079e-113,-5.362057581546948e-111,-1.8100105876328598e-06,0.0
2.292800000000002e-08,0.0,1.3453821111673752e-113,-4.845112418960351e-111,-1.8100105876328598e-06,0.0
2.302800000000002e-08,0.0,1.2157638943529866e-113,-4.378004904634587e-111,-1.8100105876328598e-06,0.0
2.312800000000002e-08,0.0,1.0984799683765418e-113,-3.955930277331872e-111,-1.8100105876328598e-06,0.0
2.322800000000002e-08,0.0,9.926414007784362e-114,-3.574547019237867e-111,-1.8100105876328598e-06,0.0
2.3328000000000022e-08,0.0,8.968884878086416e-114,-3.2299321472493276e-111,-1.8100105876328598e-06,0.0
2.3428000000000023e-08,0.0,8.104676832430352e-114,-2.9185409041623476e-111,-1.8100105876328598e-06,0.0
2.3528000000000024e-08,0.0,7.322925105774806e-114,-2.63717025943817e-111,-1.8100105876328598e-06,0.0
2.3628000000000025e-08,0.0,6.617274887885e-114,-2.382925994107882e-111,-1.8100105876328598e-06,0.0
2.3728000000000026e-08,0.0,5.9790280109450746e-114,-2.153192903188911e-111,-1.8100105876328598e-06,0.0
2.3828000000000026e-08,0.0,5.402848488668111e-114,-1.9456079184351882e-111,-1.8100105876328598e-06,0.0
2.3928000000000027e-08,0.0,4.881760309400258e-114,-1.7580357816242053e-111,-1.8100105876328598e-06,0.0
2.4028000000000028e-08,0.0,4.4112993093223666e-114,-1.5885470978325164e-111,-1.8100105876328598e-06,0.0
2.412800000000003e-08,0.0,3.9858614531837216e-114,-1.4353984749273466e-111,-1.8100105876328598e-06,0.0
2.422800000000003e-08,0.0,3.601723536534359e-114,-1.297014603059827e-111,-1.8100105876328598e-06,0.0
2.432800000000003e-08,0.0,3.254376840216314e-114,-1.1719720402475e-111,-1.8100105876328598e-06,0.0
2.4428000000000032e-08,0.0,2.940724371953258e-114,-1.0589845795885016e-111,-1.8100105876328598e-06,0.0
2.4528000000000033e-08,0.0,2.6571335861126146e-114,-9.568900114570077e-112,-1.8100105876328598e-06,0.0
2.4628000000000034e-08,0.0,2.4010342559337742e-114,-8.646381753629664e-112,-1.8100105876328598e-06,0.0
2.4728000000000035e-08,0.0,2.1694959998623394e-114,-7.812801522388448e-112,-1.8100105876328598e-06,0.0
2.4828000000000035e-08,0.0,1.9603899639108068e-114,-7.059585084676206e-112,-1.8100105876328598e-06,0.0
2.4928000000000036e-08,0.0,1.771349438418595e-114,-6.378984721052375e-112,-1.8100105876328598e-06,0.0
2.5028000000000037e-08,0.0,1.6006141621245403e-114,-5.763999669220156e-112,-1.8100105876328598e-06,0.0
2.5128000000000038e-08,0.0,1.446270632647167e-114,-5.2083040833361175e-112,-1.8100105876328598e-06,0.0
2.522800000000004e-08,0.0,1.3068655288014665e-114,-4.7061819906300265e-112,-1.8100105876328598e-06,0.0
2.532800000000004e-08,0.0,1.1808502667016992e-114,-4.252468474321611e-112,-1.8100105876328598e-06,0.0
2.542800000000004e-08,0.0,1.0670265023698271e-114,-3.842496564882481e-112,-1.8100105876328598e-06,0.0
2.5528000000000042e-08,0.0,9.641398716482586e-115,-3.4720492190408883e-112,-1.8100105876328598e-06,0.0
2.5628000000000043e-08,0.0,8.712033969782533e-115,-3.137315956023194e-112,-1.8100105876328598e-06,0.0
2.5728000000000044e-08,0.0,7.872002208979701e-115,-2.8348536508200614e-112,-1.8100105876328598e-06,0.0
2.5828000000000044e-08,0.0,7.11318261889874e-115,-2.561551127432177e-112,-1.8100105876328598e-06,0.0
2.5928000000000045e-08,0.0,6.427326010660419e-115,-2.314597148418047e-112,-1.8100105876328598e-06,0.0
2.6028000000000046e-08,0.0,5.807756466037822e-115,-2.091451505181855e-112,-1.8100105876328598e-06,0.0
2.6128000000000047e-08,0.0,5.247777498421916e-115,-1.889818882858386e-112,-1.8100105876328598e-06,0.0
2.6228000000000048e-08,0.0,4.741905240368818e-115,-1.707625255528792e-112,-1.8100105876328598e-06,0.0
2.632800000000005e-08,0.0,4.284700432561335e-115,-1.5429965479936716e-112,-1.8100105876328598e-06,0.0
2.642800000000005e-08,0.0,3.871661473236072e-115,-1.39423936251804e-112,-1.8100105876328598e-06,0.0
2.652800000000005e-08,0.0,3.498367934215904e-115,-1.2598235570159474e-112,-1.8100105876328598e-06,0.0
2.662800000000005e-08,0.0,3.1611267588700547e-115,-1.1383665085195543e-112,-1.8100105876328598e-06,0.0
2.6728000000000052e-08,0.0,2.8563437840706067e-115,-1.0286188889242635e-112,-1.8100105876328598e-06,0.0
2.6828000000000053e-08,0.0,2.5809908841231686e-115,-9.294518162071138e-113,-1.8100105876328598e-06,0.0
2.6928000000000054e-08,0.0,2.3321444503082477e-115,-8.398452408345823e-113,-1.8100105876328598e-06,0.0
2.7028000000000055e-08,0.0,2.107322736198368e-115,-7.58877454831906e-113,-1.8100105876328598e-06,0.0
2.7128000000000056e-08,0.0,1.9041466575976033e-115,-6.857156096849057e-113,-1.8100105876328598e-06,0.0
2.7228000000000057e-08,0.0,1.720583109508843e-115,-6.196071505917848e-113,-1.8100105876328598e-06,0.0
2.7328000000000058e-08,0.0,1.5546954365747867e-115,-5.598720746432438e-113,-1.8100105876328598e-06,0.0
2.742800000000006e-08,0.0,1.4048186871290213e-115,-5.0589593697929237e-113,-1.8100105876328598e-06,0.0
2.752800000000006e-08,0.0,1.2693758624411734e-115,-4.571235298394774e-113,-1.8100105876328598e-06,0.0
2.762800000000006e-08,0.0,1.1470039464722794e-115,-4.130531721717915e-113,-1.8100105876328598e-06,0.0
2.772800000000006e-08,0.0,1.0364184430116605e-115,-3.732315487711633e-113,-1.8100105876328598e-06,0.0
2.7828000000000062e-08,0.0,9.365038412408205e-116,-3.372490478179625e-113,-1.8100105876328598e-06,0.0
2.7928000000000063e-08,0.0,8.462136292530112e-116,-3.0473554718784625e-113,-1.8100105876328598e-06,0.0
2.8028000000000064e-08,0.0,7.646350941113504e-116,-2.7535660761577623e-113,-1.8100105876328598e-06,0.0
2.8128000000000065e-08,0.0,6.909154224181721e-116,-2.488100323394261e-113,-1.8100105876328598e-06,0.0
2.8228000000000066e-08,0.0,6.243080026062442e-116,-2.2482275887289362e-113,-1.8100105876328598e-06,0.0
2.8328000000000067e-08,0.0,5.641177269480026e-116,-2.0314805005196372e-113,-1.8100105876328598e-06,0.0
2.8428000000000068e-08,0.0,5.097339819881893e-116,-1.8356295621480682e-113,-1.8100105876328598e-06,0.0
2.852800000000007e-08,0.0,4.605900989566594e-116,-1.6586602176718383e-113,-1.8100105876328598e-06,0.0
2.862800000000007e-08,0.0,4.16186780829957e-116,-1.4987521309342644e-113,-1.8100105876328598e-06,0.0
2.872800000000007e-08,0.0,3.760619901002078e-116,-1.3542604602814845e-113,-1.8100105876328598e-06,0.0
2.882800000000007e-08,0.0,3.3980751903117076e-116,-1.2236989402981056e-113,-1.8100105876328598e-06,0.0
2.8928000000000072e-08,0.0,3.070465870047459e-116,-1.1057245931030781e-113,-1.8100105876328598e-06,0.0
2.9028000000000073e-08,0.0,2.7744550581949166e-116,-9.991239148754629e-114,-1.8100105876328598e-06,0.0
2.9128000000000074e-08,0.0,2.5069697970612982e-116,-9.028003930193965e-114,-1.8100105876328598e-06,0.0
2.9228000000000075e-08,0.0,2.265282712665602e-116,-8.15763227704564e-114,-1.8100105876328598e-06,0.0
2.9328000000000076e-08,0.0,2.0468872609750894e-116,-7.37117139945777e-114,-1.8100105876328598e-06,0.0
2.9428000000000077e-08,0.0,1.8495544995704726e-116,-6.660531629432723e-114,-1.8100105876328598e-06,0.0
2.9528000000000078e-08,0.0,1.671239681969289e-116,-6.0184032063230686e-114,-1.8100105876328598e-06,0.0
2.962800000000008e-08,0.0,1.510121393891136e-116,-5.438181089813226e-114,-1.8100105876328598e-06,0.0
2.972800000000008e-08,0.0,1.3645314504723254e-116,-4.913897017309856e-114,-1.8100105876328598e-06,0.0
2.982800000000008e-08,0.0,1.2329815904602879e-116,-4.440158115144999e-114,-1.8100105876328598e-06,0.0
2.992800000000008e-08,0.0,1.1141107291314885e-116,-4.012091425073563e-114,-1.8100105876328598e-06,0.0
3.002800000000008e-08,0.0,1.0067029200341134e-116,-3.625293781485162e-114,-1.8100105876328598e-06,0.0
3.012800000000008e-08,0.0,9.096475608611113e-117,-3.275786518611159e-114,-1.8100105876328598e-06,0.0
3.0228000000000084e-08,0.0,8.219512648272906e-117,-2.959974546232352e-114,-1.8100105876328598e-06,0.0
3.0328000000000085e-08,0.0,7.427077549150046e-117,-2.6746093691812886e-114,-1.8100105876328598e-06,0.0
3.0428000000000086e-08,0.0,6.711055202219203e-117,-2.4167556734546567e-114,-1.8100105876328598e-06,0.0
3.0528000000000086e-08,0.0,6.0640497375587904e-117,-2.1837611325003743e-114,-1.8100105876328598e-06,0.0
3.062800000000009e-08,0.0,5.479432194878242e-117,-1.9732291254362795e-114,-1.8100105876328598e-06,0.0
3.072800000000009e-08,0.0,4.951166692657722e-117,-1.782994084582429e-114,-1.8100105876328598e-06,0.0
3.082800000000009e-08,0.0,4.473838532753648e-117,-1.6110992204290513e-114,-1.8100105876328598e-06,0.0
3.092800000000009e-08,0.0,4.0425215062361915e-117,-1.4557763934628454e-114,-1.8100105876328598e-06,0.0
3.102800000000009e-08,0.0,3.652792956081355e-117,-1.3154279270499605e-114,-1.8100105876328598e-06,0.0
3.112800000000009e-08,0.0,3.300632166069528e-117,-1.1886101732412071e-114,-1.8100105876328598e-06,0.0
3.122800000000009e-08,0.0,2.9824269128977398e-117,-1.0740186633584484e-114,-1.8100105876328598e-06,0.0
3.1328000000000094e-08,0.0,2.694895408591159e-117,-9.704746898469875e-115,-1.8100105876328598e-06,0.0
3.1428000000000095e-08,0.0,2.435087462069416e-117,-8.769131820313802e-115,-1.8100105876328598e-06,0.0
3.1528000000000095e-08,0.0,2.2003243222626092e-117,-7.923717505002702e-115,-1.8100105876328598e-06,0.0
3.1628000000000096e-08,0.0,1.9881965740600334e-117,-7.159807879090748e-115,-1.8100105876328598e-06,0.0
3.17280000000001e-08,0.0,1.7965176274413264e-117,-6.469545239658224e-115,-1.8100105876328598e-06,0.0
3.18280000000001e-08,0.0,1.6233197748228462e-117,-5.845829429401539e-115,-1.8100105876328598e-06,0.0
3.19280000000001e-08,0.0,1.4668181152391568e-117,-5.282244802588861e-115,-1.8100105876328598e-06,0.0
3.20280000000001e-08,0.0,1.3254057137726357e-117,-4.772994233191369e-115,-1.8100105876328598e-06,0.0
3.21280000000001e-08,0.0,1.197625530712152e-117,-4.312839484209274e-115,-1.8100105876328598e-06,0.0
3.22280000000001e-08,0.0,1.082165287533843e-117,-3.897047326680381e-115,-1.8100105876328598e-06,0.0
3.23280000000001e-08,0.0,9.778355565869168e-118,-3.521340852555287e-115,-1.8100105876328598e-06,0.0
3.2428000000000103e-08,0.0,8.83564707936845e-118,-3.181855481990104e-115,-1.8100105876328598e-06,0.0
3.2528000000000104e-08,0.0,7.983817554081987e-118,-2.875099211383679e-115,-1.8100105876328598e-06,0.0
3.2628000000000105e-08,0.0,7.214116030122594e-118,-2.5979166942513927e-115,-1.8100105876328598e-06,0.0
3.2728000000000106e-08,0.0,6.518615750565612e-118,-2.34745678462238e-115,-1.8100105876328598e-06,0.0
3.282800000000011e-08,0.0,5.890170774058239e-118,-2.121143209825775e-115,-1.8100105876328598e-06,0.0
3.292800000000011e-08,0.0,5.322309902247497e-118,-1.9166480703869361e-115,-1.8100105876328598e-06,0.0
3.302800000000011e-08,0.0,4.809197920110846e-118,-1.7318678949736558e-115,-1.8100105876328598e-06,0.0
3.312800000000011e-08,0.0,4.345551836963152e-118,-1.5649020036417142e-115,-1.8100105876328598e-06,0.0
3.322800000000011e-08,0.0,3.9266068094880705e-118,-1.414032957202778e-115,-1.8100105876328598e-06,0.0
3.332800000000011e-08,0.0,3.548049829313043e-118,-1.277708891287184e-115,-1.8100105876328598e-06,0.0
3.342800000000011e-08,0.0,3.205990128430229e-118,-1.1545275536654479e-115,-1.8100105876328598e-06,0.0
3.3528000000000113e-08,0.0,2.8969065488614565e-118,-1.0432218803958238e-115,-1.8100105876328598e-06,0.0
3.3628000000000114e-08,0.0,2.6176220882075307e-118,-9.426469626348277e-116,-1.8100105876328598e-06,0.0
3.3728000000000115e-08,0.0,2.365262030358322e-118,-8.517682698757788e-116,-1.8100105876328598e-06,0.0
3.3828000000000116e-08,0.0,2.1372322214675154e-118,-7.696510086256164e-116,-1.8100105876328598e-06,0.0
3.392800000000012e-08,0.0,1.9311856879386016e-118,-6.954505069352011e-116,-1.8100105876328598e-06,0.0
3.402800000000012e-08,0.0,1.7450042133772713e-118,-6.284035259846378e-116,-1.8100105876328598e-06,0.0
3.412800000000012e-08,0.0,1.5767716684158265e-118,-5.678204092610289e-116,-1.8100105876328598e-06,0.0
3.422800000000012e-08,0.0,1.424758468817732e-118,-5.130779886524092e-116,-1.8100105876328598e-06,0.0
3.432800000000012e-08,0.0,1.2874002266035227e-118,-4.636131744216286e-116,-1.8100105876328598e-06,0.0
3.442800000000012e-08,0.0,1.163284696099943e-118,-4.189171631828807e-116,-1.8100105876328598e-06,0.0
3.452800000000012e-08,0.0,1.0511346540759394e-118,-3.7853020425423006e-116,-1.8100105876328598e-06,0.0
3.462800000000012e-08,0.0,9.497969759364061e-119,-3.4203687059372663e-116,-1.8100105876328598e-06,0.0
3.4728000000000124e-08,0.0,8.582288844140017e-119,-3.090617856395053e-116,-1.8100105876328598e-06,0.0
3.4828000000000125e-08,0.0,7.754888369831221e-119,-2.792657621298703e-116,-1.8100105876328598e-06,0.0
3.4928000000000126e-08,0.0,7.007254634348768e-119,-2.5234231316063198e-116,-1.8100105876328598e-06,0.0
3.502800000000013e-08,0.0,6.331699845920234e-119,-2.2801449961403154e-116,-1.8100105876328598e-06,0.0
3.512800000000013e-08,0.0,5.721273004972652e-119,-2.0603208151243774e-116,-1.8100105876328598e-06,0.0
3.522800000000013e-08,0.0,5.16969697650986e-119,-1.8616894401133087e-116,-1.8100105876328598e-06,0.0
3.532800000000013e-08,0.0,4.6712966047578276e-119,-1.6822077154110068e-116,-1.8100105876328598e-06,0.0
3.542800000000013e-08,0.0,4.220946584821898e-119,-1.5200294618527577e-116,-1.8100105876328598e-06,0.0
3.552800000000013e-08,0.0,3.814013409522405e-119,-1.37348648667488e-116,-1.8100105876328598e-06,0.0
3.562800000000013e-08,0.0,3.446312261609868e-119,-1.2410714242219528e-116,-1.8100105876328598e-06,0.0
3.572800000000013e-08,0.0,3.1140600808295415e-119,-1.121422230914917e-116,-1.8100105876328598e-06,0.0
3.5828000000000134e-08,0.0,2.8138399693132265e-119,-1.013308175055303e-116,-1.8100105876328598e-06,0.0
3.5928000000000135e-08,0.0,2.5425632116488714e-119,-9.15617177300901e-117,-1.8100105876328598e-06,0.0
3.6028000000000136e-08,0.0,2.2974399225498315e-119,-8.273443716405165e-117,-1.8100105876328598e-06,0.0
3.6128000000000137e-08,0.0,2.0759482847186496e-119,-7.475817691651177e-117,-1.8100105876328598e-06,0.0
3.622800000000014e-08,0.0,1.8758103718656646e-119,-6.755089183484439e-117,-1.8100105876328598e-06,0.0
3.632800000000014e-08,0.0,1.6949672125902332e-119,-6.103844657387639e-117,-1.8100105876328598e-06,0.0
3.642800000000014e-08,0.0,1.5315588962933775e-119,-5.515385302778788e-117,-1.8100105876328598e-06,0.0
3.652800000000014e-08,0.0,1.3839043449316478e-119,-4.9836581278763925e-117,-1.8100105876328598e-06,0.0
3.662800000000014e-08,0.0,1.2504849576065037e-119,-4.5031936976466734e-117,-1.8100105876328598e-06,0.0
3.672800000000014e-08,0.0,1.129928190521734e-119,-4.069049874244048e-117,-1.8100105876328598e-06,0.0
3.682800000000014e-08,0.0,1.0209941212818689e-119,-3.6767609813783695e-117,-1.8100105876328598e-06,0.0
3.6928000000000144e-08,0.0,9.225621121652372e-120,-3.322291869595139e-117,-1.8100105876328598e-06,0.0
3.7028000000000145e-08,0.0,8.336197804996165e-120,-3.0019964100702864e-117,-1.8100105876328598e-06,0.0
3.7128000000000146e-08,0.0,7.53252160446064e-120,-2.7125799898996123e-117,-1.8100105876328598e-06,0.0
3.7228000000000146e-08,0.0,6.806326540630294e-120,-2.4510656231715206e-117,-1.8100105876328598e-06,0.0
3.732800000000015e-08,0.0,6.150142192591041e-120,-2.21476332917747e-117,-1.8100105876328598e-06,0.0
3.742800000000015e-08,0.0,5.557219498379248e-120,-2.001242462829109e-117,-1.8100105876328598e-06,0.0
3.752800000000015e-08,0.0,5.0214590770788515e-120,-1.808306712625567e-117,-1.8100105876328598e-06,0.0
3.762800000000015e-08,0.0,4.5373504154890094e-120,-1.63397150903212e-117,-1.8100105876328598e-06,0.0
3.772800000000015e-08,0.0,4.099913541857986e-120,-1.4764436108580054e-117,-1.8100105876328598e-06,0.0
3.782800000000015e-08,0.0,3.704649204745919e-120,-1.3341026596819186e-117,-1.8100105876328598e-06,0.0
3.792800000000015e-08,0.0,3.347491394610946e-120,-1.2054845125683033e-117,-1.8100105876328598e-06,0.0
3.8028000000000154e-08,0.0,3.0247665432145184e-120,-1.0892661816512635e-117,-1.8100105876328598e-06,0.0
3.8128000000000155e-08,0.0,2.733154863272048e-120,-9.842522256556384e-118,-1.8100105876328598e-06,0.0
3.8228000000000155e-08,0.0,2.4696569462109264e-120,-8.893624533902175e-118,-1.8100105876328598e-06,0.0
3.8328000000000156e-08,0.0,2.23156227317477e-120,-8.036208127171492e-118,-1.8100105876328598e-06,0.0
3.842800000000016e-08,0.0,2.0164218776292986e-120,-7.261453507178656e-118,-1.8100105876328598e-06,0.0
3.852800000000016e-08,0.0,1.8220226909192957e-120,-6.561391417753523e-118,-1.8100105876328598e-06,0.0
3.862800000000016e-08,0.0,1.6463651743666582e-120,-5.928820902649683e-118,-1.8100105876328598e-06,0.0
3.872800000000016e-08,0.0,1.4876424135260034e-120,-5.357235235285344e-118,-1.8100105876328598e-06,0.0
3.882800000000016e-08,0.0,1.344221820647969e-120,-4.840754989472249e-118,-1.8100105876328598e-06,0.0
3.892800000000016e-08,0.0,1.2146280951477827e-120,-4.374067562640401e-118,-1.8100105876328598e-06,0.0
3.902800000000016e-08,0.0,1.097528258823138e-120,-3.9523725295240303e-118,-1.8100105876328598e-06,0.0
3.9128000000000163e-08,0.0,9.917177649873805e-121,-3.571332264173734e-118,-1.8100105876328598e-06,0.0
3.9228000000000164e-08,0.0,8.961082616530402e-121,-3.2270273224134523e-118,-1.8100105876328598e-06,0.0
3.9328000000000165e-08,0.0,8.097162656396525e-121,-2.915916125774037e-118,-1.8100105876328598e-06,0.0
3.9428000000000166e-08,0.0,7.316531580704269e-121,-2.634798532226673e-118,-1.8100105876328598e-06,0.0
3.952800000000017e-08,0.0,6.61115948468947e-121,-2.3807829189805805e-118,-1.8100105876328598e-06,0.0
3.962800000000017e-08,0.0,5.973790965265111e-121,-2.1512564387685086e-118,-1.8100105876328598e-06,0.0
3.972800000000017e-08,0.0,5.3978697952659595e-121,-1.9438581436580499e-118,-1.8100105876328598e-06,0.0
3.982800000000017e-08,0.0,4.877472078723145e-121,-1.7564546999469886e-118,-1.8100105876328598e-06,0.0
3.992800000000017e-08,0.0,4.4072448097977165e-121,-1.5871184443324462e-118,-1.8100105876328598e-06,0.0
4e-08,0.0,4.097135869921779e-121,-1.475443312074995e-118,-1.8100110423802107e-06,0.0
4.000000164002209e-08,2.7060364466719947e-06,4.097129063859032e-121,-1.4754408610901636e-118,-1.7841104522631213e-06,-0.007425000008845817
4.000000492006627e-08,8.118109340015983e-06,4.09711545155601e-121,-1.4754359591286433e-118,-1.7841104522631213e-06,-0.007425000014282495
4.0000011480154616e-08,1.894225511578518e-05,4.097088227385859e-121,-1.4754261552544615e-118,-1.799011613456969e-06,-0.007425000010176026
4.0000024600331314e-08,4.059054666732357e-05,4.097033779549714e-121,-1.47540654770153e-118,-1.8064621940538927e-06,-0.007425000046902568
4.000005084068472e-08,8.388712978131913e-05,4.096924885781404e-121,-1.4753673333773813e-118,-1.8083248392031237e-06,-0.007425000079161142
4.0000103321391515e-08,0.0001704802959983915,4.096707106987459e-121,-1.475288907855833e-118,-1.8092561617777392e-06,-0.007425000175510416
4.000020828280512e-08,0.00034366662844345495,4.096271584271934e-121,-1.4751320693189079e-118,-1.809721823065047e-06,-0.00742500034105803
4.0000418205632324e-08,0.000690039293333582,4.095400677698553e-121,-1.4748184422630967e-118,-1.809721823065047e-06,-0.0074250006974317245
4.0000838051286736e-08,0.0013827846231138359,4.09365942005845e-121,-1.4741913881704627e-118,-1.8098382383868739e-06,-0.007425001384900626
4.0001677742595554e-08,0.002768275282663425,4.090179125537561e-121,-1.4729380796360263e-118,-1.8098964460477873e-06,-0.007425002784999857
4.00033571252132e-08,0.005539256601773522,4.08322740990948e-121,-1.4704346577727428e-118,-1.8099546537087008e-06,-0.007425005560329323
4.0006715890448475e-08,0.011081219239982797,4.069359395905781e-121,-1.465440567738548e-118,-1.8099983094543859e-06,-0.007425011135710813
4.001343342091903e-08,0.022165144516401347,4.0417644325679285e-121,-1.455503186227677e-118,-1.8099910334967717e-06,-0.007425022261808856
4.002686848186015e-08,0.04433299506924936,3.98713398867207e-121,-1.435829900891267e-118,-9.97816997028167e-06,-0.007425044538673653
4.0053738603742385e-08,0.08866869617493447,3.8800734651651405e-121,-1.3972757160151682e-118,-9.504178541419606e-05,-0.007425089067714552
4.010747884750685e-08,0.1773400983863047,3.6744623720751954e-121,-1.3232319150780643e-118,-0.0005424183683828687,-0.007425178150491263
4.020747884750685e-08,0.34234009838630625,3.3202148646038783e-121,-1.1956617945303333e-118,-0.002358835557402017,-0.007425343892421665
4.0307478847506854e-08,0.5073400983863077,3.0001196449210782e-121,-1.0803904520509974e-118,-0.005455252745065309,-0.007425509650822448
4.0407478847506855e-08,0.6723400983863091,2.7108841599115286e-121,-9.762321872477846e-119,-0.009831669932708564,-0.007425675392752851
4.041537940443138e-08,0.6853760173117736,2.6892767093332945e-121,-9.684510031446485e-119,-0.010231989604562841,-0.007425688496169869
4.0431180518280426e-08,0.711447855162702,2.646576432141088e-121,-9.530739591467071e-119,-0.011056597853723815,-0.007425714678291229
4.046278274597852e-08,0.7635915308645593,2.5631938394008427e-121,-9.230465710006639e-119,-0.012801689553839424,-0.007425767067289257
4.0466931147648995e-08,0.7704363936208408,2.552446031684851e-121,-9.191761157480997e-119,-0.013040258186720166,-0.00742577393504007
4.047522795098994e-08,0.7841261191334037,2.5310853342840334e-121,-9.1148379135748e-119,-0.013524003810232443,-0.007425787695225949
4.049182155767183e-08,0.8115055701585187,2.4888979896954003e-121,-8.96291462488591e-119,-0.014517928488032794,-0.007425815190941876
4.049482396093687e-08,0.8164595355458317,2.4813403642582795e-121,-8.9356984224356e-119,-0.01470153199434776,-0.007425820175640752
4.0496815168449825e-08,0.8197450279422102,2.476340776021774e-121,-8.917694115832917e-119,-0.014823935071831329,-0.007425823467855253
4.0497994120871795e-08,0.8216902994384598,2.473385373942201e-121,-8.907051246321768e-119,-0.014896646548919534,-0.007425825430146915
4.0498919271333546e-08,0.8232167977003501,2.4710686737258607e-121,-8.898708443070264e-119,-0.014953829543316033,-0.007425826955397952
4.049970172284437e-08,0.8245078426932101,2.469111004553964e-121,-8.89165856728443e-119,-0.01500227774704399,-0.007425828260494427
4.0500413513185454e-08,0.8256822967559978,2.467331474628653e-121,-8.88525019906477e-119,-0.014995090932472976,-0.00742582943220782
4.050113751378101e-08,0.826876897738665,2.4655227338597307e-121,-8.878736637982299e-119,-0.014950282873485321,-0.007425830640315212
4.0501680726069414e-08,0.8277731980145323,2.4641665197645965e-121,-8.873852696893671e-119,-0.014916679048354808,-0.00742583153262899
4.050241542688817e-08,0.8289854543654823,2.4623334114448847e-121,-8.867251384403996e-119,-0.014871333111187823,-0.007425832758372053
4.0503884828525694e-08,0.8314099670673931,2.4586712842600544e-121,-8.854063486215385e-119,-0.0147807090072547,-0.007425835185983942
4.050682363180073e-08,0.8362589924712038,2.451363357343631e-121,-8.827746487569724e-119,-0.014600635226685199,-0.007425840064939848
4.0512701238350804e-08,0.8459570432788251,2.4368125710308e-121,-8.77534680867671e-119,-0.014243527823595059,-0.007425849799204798
4.052445645145096e-08,0.8653531448940788,2.407969343044058e-121,-8.671477790734639e-119,-0.013542578708040764,-0.007425869291381559
4.0547966877651265e-08,0.9041453481245862,2.3513010661652448e-121,-8.467406378525457e-119,-0.012193743583111427,-0.0074259082520597985
4.0594987730051874e-08,0.98172975458559,2.2419188148534652e-121,-8.073503621542806e-119,-0.009708325488873015,-0.007425986197105772
4.068902943485309e-08,1.1368985675075978,2.038072661019942e-121,-7.339421436983957e-119,-0.005586498176995747,-0.0074261420634798014
4.078902943485309e-08,1.3018985675075994,1.8415861856797262e-121,-6.631842616674589e-119,-0.002445387003547239,-0.0074263078215324185
4.088902943485309e-08,1.4668985675076007,1.6640425751991133e-121,-5.99248004355161e-119,-0.0005842758300786954,-0.007426473563839409
4.098902943485309e-08,1.631898567507602,1.5036155861764003e-121,-5.414757126786372e-119,-1.8100105876328598e-06,-0.007426639321863604
4.1089029434853094e-08,1.7968985675076037,1.3586550396537314e-121,-4.892731311409879e-119,-1.8100105876328598e-06,-0.007426805064142172
4.1189029434853095e-08,1.961898567507605,1.2276698470987322e-121,-4.421032952194144e-119,-1.8100105876328598e-06,-0.007426970822166368
4.1289029434853096e-08,2.1268985675076064,1.109312672817639e-121,-3.9948100805793625e-119,-1.8100105876328598e-06,-0.0074271365645017795
4.1389029434853097e-08,2.2918985675076082,1.0023660750338947e-121,-3.6096784965102654e-119,-1.8100105876328598e-06,-0.007427302322525975
4.14890294348531e-08,2.4568985675076096,9.057299830775561e-122,-3.26167667181788e-119,-1.8100105876328598e-06,-0.007427468064804543
4.15890294348531e-08,2.621898567507611,8.184103818736528e-122,-2.947225001275319e-119,-1.8100105876328598e-06,-0.007427633822828739
4.16890294348531e-08,2.7868985675076123,7.395090873360542e-122,-2.663088982177111e-119,-1.8100105876328598e-06,-0.00742779956516415
4.17890294348531e-08,2.951898567507614,6.68214507495103e-122,-2.406345943701029e-119,-1.8100105876328598e-06,-0.007427965323188346
4.18890294348531e-08,3.1168985675076155,6.037932943264192e-122,-2.1743549838250543e-119,-1.8100105876328598e-06,-0.007428131065410071
4.19890294348531e-08,3.281898567507617,5.455828004096122e-122,-1.9647298045655607e-119,-1.8100105876328598e-06,-0.007428296823547953
4.2e-08,3.2999999999999967,5.395537002753984e-122,-1.943018063067452e-119,-1.8099946714755788e-06,-0.007428314999401664
4.2000083882260586e-08,3.3000000000000003,5.395078610753903e-122,-1.9428529888734253e-119,-1.8104203149960085e-06,-3.3150035392282007e-06
4.200025164678176e-08,3.3000000000000003,5.394161904661829e-122,-1.9425228685339944e-119,-1.8104203149960085e-06,-3.3150031981676875e-06
4.200058717582411e-08,3.3000000000000003,5.392328959716993e-122,-1.9418627961182715e-119,-1.8099546537087008e-06,-3.3150035392282007e-06
4.200125823390881e-08,3.3000000000000003,5.388664938015132e-122,-1.9405433240535495e-119,-1.8099546537087008e-06,-3.3150031413242687e-06
4.2002600350078215e-08,3.3000000000000003,5.381344361046859e-122,-1.9379070687060907e-119,-1.8100128613696143e-06,-3.3150035392282007e-06
4.200528458241702e-08,3.3000000000000003,5.366733022184331e-122,-1.9326452948877657e-119,-1.8099837575391575e-06,-3.3150031413242687e-06
4.2010653047094625e-08,3.3000000000000003,5.337629200509995e-122,-1.9221645491921478e-119,-1.810005585412e-06,-3.3150035392282007e-06
4.202138997644984e-08,3.3000000000000003,5.279893767305143e-122,-1.9013731081276647e-119,-1.8099983094543859e-06,-3.3150031413242687e-06
4.2042863835160266e-08,3.3000000000000003,5.166286340084981e-122,-1.8604612798772926e-119,-1.810021956316632e-06,-3.315003482384782e-06
4.208581155258112e-08,3.3000000000000003,4.946326898339743e-122,-1.78125041203476e-119,-1.8100110423802107e-06,-3.3150031413242687e-06
4.217170698742283e-08,3.3000000000000003,4.533917330392204e-122,-1.6327352152182536e-119,-1.8100105876328598e-06,-3.3150035392282007e-06
4.227170698742283e-08,3.3000000000000003,4.0968115035176774e-122,-1.4753265056379447e-119,-1.8100105876328598e-06,-3.3150031981676875e-06
4.237170698742283e-08,3.3000000000000003,3.701846167952847e-122,-1.333093252323168e-119,-1.8100105876328598e-06,-3.3150035392282007e-06
4.247170698742283e-08,3.3000000000000003,3.344958643921339e-122,-1.2045724201376772e-119,-1.8100105876328598e-06,-3.3150031981676875e-06
4.257170698742283e-08,3.3000000000000003,3.022477926389854e-122,-1.0884420222124049e-119,-1.8100105876328598e-06,-3.3150035392282007e-06
4.2671706987422834e-08,3.3000000000000003,2.731086924535619e-122,-9.835075217664563e-120,-1.8100105876328598e-06,-3.3150031981676875e-06
4.2771706987422835e-08,3.3000000000000003,2.4677883415576004e-122,-8.886895449011196e-120,-1.8100105876328598e-06,-3.3150035392282007e-06
4.2871706987422836e-08,3.3000000000000003,2.229873844008279e-122,-8.030127779786288e-120,-1.8100105876328598e-06,-3.3150031981676875e-06
4.2971706987422836e-08,3.3000000000000003,2.0148962033948217e-122,-7.255959353822511e-120,-1.8100105876328598e-06,-3.3150035392282007e-06
4.307170698742284e-08,3.3000000000000003,1.82064412359839e-122,-6.556426944643908e-120,-1.8100105876328598e-06,-3.3150031981676875e-06
4.317170698742284e-08,3.3000000000000003,1.645119495091073e-122,-5.924335044380701e-120,-1.8100105876328598e-06,-3.3150035392282007e-06
4.327170698742284e-08,3.3000000000000003,1.4865168420626988e-122,-5.3531818495666193e-120,-1.8100105876328598e-06,-3.3150031981676875e-06
4.337170698742284e-08,3.3000000000000003,1.3432047509786154e-122,-4.837092382496253e-120,-1.8100105876328598e-06,-3.3150035392282007e-06
4.347170698742284e-08,3.3000000000000003,1.2137090895988145e-122,-4.3707580602174923e-120,-1.8100105876328598e-06,-3.3150031981676875e-06
4.357170698742284e-08,3.3000000000000003,1.0966978437950159e-122,-3.949382089555526e-120,-1.8100105876328598e-06,-3.3150035392282007e-06
4.367170698742284e-08,3.3000000000000003,9.909674162391289e-123,-3.568630126492479e-120,-1.8100105876328598e-06,-3.3150031981676875e-06
4.3771706987422844e-08,3.3000000000000003,8.954302459906843e-123,-3.2245856923767455e-120,-1.8100105876328598e-06,-3.3150035392282007e-06
4.3871706987422844e-08,3.3000000000000003,8.091036216695333e-123,-2.913709888365684e-120,-1.8100105876328598e-06,-3.3150031981676875e-06
4.3971706987422845e-08,3.3000000000000003,7.310995731152402e-123,-2.632804993717645e-120,-1.8100105876328598e-06,-3.3150035392282007e-06
4.4071706987422846e-08,3.3000000000000003,6.606157375822234e-123,-2.3789815734992673e-120,-1.8100105876328598e-06,-3.3150031981676875e-06
4.417170698742285e-08,3.3000000000000003,5.969271064971844e-123,-2.1496287573723768e-120,-1.8100105876328598e-06,-3.3150035392282007e-06
4.427170698742285e-08,3.3000000000000003,5.3937856790306995e-123,-1.9423873837431103e-120,-1.8100105876328598e-06,-3.3150031981676875e-06
4.437170698742285e-08,3.3000000000000003,4.873781678640575e-123,-1.755125733029462e-120,-1.8100105876328598e-06,-3.3150035392282007e-06
4.447170698742285e-08,3.3000000000000003,4.403910215308226e-123,-1.5859176004355742e-120,-1.8100105876328598e-06,-3.3150031981676875e-06
4.457170698742285e-08,3.3000000000000003,3.979338112226337e-123,-1.4330224826856381e-120,-1.8100105876328598e-06,-3.3150035392282007e-06
4.467170698742285e-08,3.3000000000000003,3.595698149426904e-123,-1.2948676749148246e-120,-1.8100105876328598e-06,-3.3150031981676875e-06
4.477170698742285e-08,3.3000000000000003,3.2490441418037e-123,-1.1700320935628596e-120,-1.8100105876328598e-06,-3.3150035392282007e-06
4.477550172275976e-08,3.3000000000000003,-1.3290451291430193e-17,-2.5422864705057704e-20,-1.8099983094547582e-06,-3.3150031981676875e-06
4.478309119343358e-08,3.3000000000000003,9.768060507444361e-18,-3.8678715459598907e-20,-1.8099910334970688e-06,-3.315003482384782e-06
4.479827013478122e-08,3.3000000000000003,-3.0857285059501082e-18,1.2747714168598203e-20,-1.8100237753059417e-06,-3.3150031413242687e-06
4.4799032111737006e-08,3.3000000000000003,-6.19226225373314e-17,-1.2250867603796057e-20,-1.8098964460484726e-06,-3.315003482384782e-06
4.479912999758184e-08,3.3000000000000003,-8.448020820376471e-17,-1.9475636759763562e-20,-1.8101874843533154e-06,-3.3150031981676875e-06
4.4799325769271495e-08,3.3000000000000003,6.9188169373531396e-18,-2.7121973207586995e-20,-1.8099546537089113e-06,-3.3150035392282007e-06
4.479971731265081e-08,3.3000000000000003,6.264675082788959e-18,-2.450473931149944e-20,-1.8099546537088914e-06,-3.3150031981676875e-06
4.479973696797331e-08,3.3000000000000003,-8.654331856674734e-17,-2.5301378209084068e-20,-1.810187484353392e-06,-3.315003482384782e-06
4.4799776278618305e-08,3.3000000000000003,6.86095068357281e-18,-2.6882770418193287e-20,-1.8101874843525635e-06,-3.315003482384782e-06
4.4799854899908295e-08,3.3000000000000003,6.725584410814023e-18,-2.6341166655447774e-20,-1.8101874843525592e-06,-3.3150035960716195e-06
4.479985884666589e-08,3.3000000000000003,-8.701708548088787e-17,-2.6501127093617688e-20,-1.81391277465187e-06,-3.3150048466268345e-06
4.479986674018107e-08,3.3000000000000003,6.845874941854376e-18,-2.6820566505672965e-20,-1.8064621940541011e-06,-3.315003482384782e-06
4.4799882527211444e-08,3.3000000000000003,6.818537806277465e-18,-2.671118993672607e-20,-1.8101874843525622e-06,-3.3150032550111064e-06
4.479991410127218e-08,3.3000000000000003,6.7641903726575096e-18,-2.6493744593097075e-20,-1.8101874843525605e-06,-3.3150037097584573e-06
4.4799915686277516e-08,3.3000000000000003,-8.70885951545164e-17,-2.655797112263052e-20,-1.7692092910703284e-06,-3.315006665616238e-06
4.479991885628818e-08,3.3000000000000003,6.8125897212644475e-18,-2.668634638523225e-20,-1.7990116134571762e-06,-3.3150048466268345e-06
4.479992519630951e-08,3.3000000000000003,6.801651523991335e-18,-2.6642582402179947e-20,-1.8064621940540996e-06,-3.315003027637431e-06
4.479993787635217e-08,3.3000000000000003,6.77982777379425e-18,-2.6555265085069337e-20,-1.810187484352561e-06,-3.315003482384782e-06
4.479993851288529e-08,3.3000000000000003,-8.708262809277594e-17,-2.658104874956736e-20,-1.709604646294938e-06,-3.315010303595045e-06
4.4799939785951517e-08,3.3000000000000003,6.799232416642663e-18,-2.663260355237527e-20,-1.7692092910694805e-06,-3.315006665616238e-06
4.479994233208398e-08,3.3000000000000003,6.794846176965067e-18,-2.661505410775138e-20,-1.7692092910694803e-06,-3.3150048466268345e-06
4.47999474243489e-08,3.3000000000000003,6.78608218362885e-18,-2.657998917425946e-20,-1.8064621940540992e-06,-3.315003027637431e-06
4.479994767997858e-08,3.3000000000000003,-8.716636066641946e-17,-2.6590357713649573e-20,-1.6500000015195482e-06,-3.3150175795526593e-06
4.479994819123794e-08,3.3000000000000003,6.793883341119407e-18,-2.6611092770047576e-20,-1.650000001518699e-06,-3.315003027637431e-06
4.4799949213756657e-08,3.3000000000000003,6.7921228871702946e-18,-2.6604049154295526e-20,-1.7692092910694803e-06,-3.315010303595045e-06
4.4799949314425874e-08,3.3000000000000003,-8.716189630832065e-17,-2.6608134559234516e-20,-1.1731628433164232e-06,-3.3150175795526593e-06
4.47999495157643e-08,3.3000000000000003,6.7951954350525514e-18,-2.6616305055430903e-20,-1.650000001518699e-06,-3.315046683383116e-06
4.479994991844116e-08,3.3000000000000003,6.794501964500147e-18,-2.6613530463975825e-20,-1.650000001518699e-06,-3.315003027637431e-06
4.4799950723794876e-08,3.3000000000000003,6.793115235641619e-18,-2.6607982130560213e-20,-1.7692092910694803e-06,-3.3150175795526593e-06
4.479995081313414e-08,3.3000000000000003,-8.716101872726514e-17,-2.6611607613583747e-20,-1.6500000015195482e-06,-3.3150175795526593e-06
4.479995099181267e-08,3.3000000000000003,6.795843498184536e-18,-2.6618858332446322e-20,-1.8884185806202615e-06,-3.3150175795526593e-06
4.4799951033890237e-08,3.3000000000000003,-8.715877153139899e-17,-2.6620565188024996e-20,-1.6500000015195484e-06,-3.3150175795526593e-06
4.479995106327076e-08,3.3000000000000003,0.3782579464620538,5.612836458150977e-09,-0.011462482753708958,-3.3150175795526593e-06
4.4799951097155974e-08,3.3000000000000003,0.3782689147963266,1.8559843699457052e-08,-0.011462814746006402,-3.3151339948744862e-06
4.479995111303536e-08,3.3000000000000003,0.3782740547737659,2.4627235052849957e-08,-0.011464877672811657,-3.3151339948744862e-06
4.479995113743052e-08,3.3000000000000003,0.37828195117043883,3.394859896061645e-08,-0.011465116683004225,-3.3149011642308324e-06
4.4799951186220834e-08,3.3000000000000003,0.3782977438182427,5.259190982234991e-08,-0.011465594698920965,-3.3150175795526593e-06
4.479995128380146e-08,3.3000000000000003,0.3783293285267778,8.988086369436957e-08,-0.01146655071292543,-3.314959371891746e-06
4.4799951478962706e-08,3.3000000000000003,0.3783924955994692,1.6446809974252827e-07,-0.011468701088164973,-3.3150175795526593e-06
4.47999518692852e-08,3.3000000000000003,0.3785188203653021,3.136798827349607e-07,-0.011472405506843602,-3.3149884757222026e-06
4.47999526499302e-08,3.3000000000000003,0.37877143238561295,6.122526737432907e-07,-0.011480111226135287,-3.315003027637431e-06
4.47999542112202e-08,3.3000000000000003,0.37927650641506416,1.2099950073983937e-06,-0.011495369089104413,-3.315003027637431e-06
4.47999573338002e-08,3.3000000000000003,0.3802860547283373,2.4078654941467644e-06,-0.011525926172691174,-3.315003027637431e-06
4.47999635789602e-08,3.3000000000000003,0.38230275474747955,4.813140256939617e-06,-0.01158697487463619,-3.315003027637431e-06
4.479997606928019e-08,3.3000000000000003,0.3863265873002075,9.66174916708175e-06,-0.011708770016007477,-3.315003482384782e-06
4.480000104992018e-08,3.3000000000000003,0.39433613352460223,1.9510600498012624e-05,-0.011951193097476083,-3.315003482384782e-06
4.480005101120015e-08,3.3000000000000003,0.41020395034444485,3.981003920678052e-05,-0.012431436764734592,-3.315003027637431e-06
4.4800150933760094e-08,3.3000000000000003,0.44134394551597045,8.277801716434629e-05,-0.01337380206213924,-3.315003425541363e-06
4.4800295436244026e-08,3.3000000000000003,0.48500619554113317,0.00015036701026557137,-0.014694896058731062,-3.3150031981676875e-06
4.4800440902848354e-08,3.3000000000000003,0.5273728324232704,0.00022471689779455893,-0.01597652241413591,-3.3150035960716195e-06
4.480059127706016e-08,3.3000000000000003,0.5695565203363405,0.00030798446460225724,-0.01725233537704601,-3.3150031981676875e-06
4.480073694715095e-08,3.3000000000000003,0.608914328799662,0.000394633760123292,-0.01844241032686719,-3.315003482384782e-06
4.4800902244928484e-08,3.3000000000000003,0.6518502548307101,0.0004998124135071622,-0.019740354465681145,-3.3150031413242687e-06
4.480107708624503e-08,3.3000000000000003,0.6953487265560215,0.0006186762950807922,-0.021054931535222525,-3.3150035960716195e-06
4.480127371364603e-08,3.3000000000000003,0.7420190364808589,0.0007612796033629843,-0.02246490847627672,-3.3150031413242687e-06
4.4801481613113996e-08,3.3000000000000003,0.7888985076308074,0.000921848806097936,-0.023880679191564665,-3.3150035392282007e-06
4.480171175670274e-08,3.3000000000000003,0.837992889690801,0.0011107128685367432,-0.025362713679859535,-3.3150031413242687e-06
4.480195591094665e-08,3.3000000000000003,0.887037539203162,0.0013231266401739126,-0.026842527676801623,-3.3150035960716195e-06
4.480222390117599e-08,3.3000000000000003,0.9374890017636761,0.0015696822167640143,-0.028363938946019834,-3.3150032550111064e-06
4.480250920568125e-08,3.3000000000000003,0.9875630634852628,0.0018465768394796069,-0.029872994083740445,-3.3150035392282007e-06
4.4802820709273285e-08,3.3000000000000003,1.0382549094917264,0.0021646576785875516,-0.031399522275117074,-3.3150031413242687e-06
4.480315347348213e-08,3.3000000000000003,1.0881614988196224,0.0025212415039688263,-0.03290108773287285,-3.315003482384782e-06
4.480351578802547e-08,3.3000000000000003,1.1379207332133763,0.0029275888660139056,-0.034396679523407574,-3.3150031981676875e-06
4.480390424755883e-08,3.3000000000000003,1.186429841410501,0.003382369157040514,-0.03585291978729323,-3.3150035392282007e-06
4.480431608307108e-08,3.3000000000000003,1.2328978041240009,0.0038840724204297814,-0.037245883208326266,-3.3150032550111064e-06
4.480474705320502e-08,3.3000000000000003,1.2765969122422203,0.004428483940895624,-0.038553645102636654,-3.315003482384782e-06
4.480520123751473e-08,3.3000000000000003,1.3177619932410642,0.005021425914556734,-0.03978314479325984,-3.3150031981676875e-06
4.4805677571844645e-08,3.3000000000000003,1.3561303699563958,0.005662121766354712,-0.040926446450938674,-3.315003482384782e-06
4.4806179911414094e-08,3.3000000000000003,1.3918723263502586,0.006356259737423269,-0.04198853718028516,-3.3150031981676875e-06
4.480670763382792e-08,3.3000000000000003,1.424823140492532,0.007103396287226651,-0.04296443926549692,-3.3150035392282007e-06
4.4807264620389334e-08,3.3000000000000003,1.4551327779990282,0.00790932298479531,-0.04385852118501373,-3.3150031981676875e-06
4.480785112207981e-08,3.3000000000000003,1.482740685353031,0.008774617223949914,-0.044668931124972354,-3.3150035392282007e-06
4.480847137932714e-08,3.3000000000000003,1.507795063522751,0.009705646998615107,-0.045399966736779276,-3.3150031413242687e-06
4.4809126647007766e-08,3.3000000000000003,1.530310460981032,0.010704333039143971,-0.046052010752121,-3.3150035392282007e-06
4.4809821814540626e-08,3.3000000000000003,1.5504372964022144,0.011778073836382874,-0.04662939732451469,-3.3150031413242687e-06
4.4810559409683676e-08,3.3000000000000003,1.5682439063219507,0.012930649126184992,-0.047134082963621045,-3.315003482384782e-06
4.481134542598515e-08,3.3000000000000003,1.5838849710535163,0.014171215880866547,-0.04757047733129484,-3.3150031413242687e-06
4.4812184147198084e-08,3.3000000000000003,1.5974660849722626,0.015506254008618518,-0.0479415841182265,-3.3150035392282007e-06
4.481308338926959e-08,3.3000000000000003,1.6091457912367766,0.01694783795871747,-0.04825184192864529,-3.3150031413242687e-06
4.481405004746268e-08,3.3000000000000003,1.6190538711284417,0.018506571977253146,-0.04850486237595054,-3.315003482384782e-06
4.4815094982365504e-08,3.3000000000000003,1.6273508021730803,0.02019941859913465,-0.048704994443299926,-3.3150031413242687e-06
4.481622927509756e-08,3.3000000000000003,1.634180115876736,0.022043668492595786,-0.04885606381228898,-3.3150035392282007e-06
4.4817469076857266e-08,3.3000000000000003,1.6397012868343595,0.024064778891555304,-0.048962131716467044,-3.3150031981676875e-06
4.481883273436146e-08,3.3000000000000003,1.6440630092054245,0.02629167831758436,-0.0490268277116803,-3.3150035392282007e-06
4.482034619669442e-08,3.3000000000000003,1.6474200188053576,0.028765521037336653,-0.04905359370142058,-3.3150031413242687e-06
4.482204164748022e-08,3.3000000000000003,1.6499186347277428,0.03153735681993401,-0.04904531678126351,-3.3150035392282007e-06
4.482396492257591e-08,3.3000000000000003,1.6517041622063497,0.03468007124943092,-0.049004191718556134,-3.3150031413242687e-06
4.482617840549474e-08,3.3000000000000003,1.6529133013155373,0.03829279353177596,-0.04893135707398424,-3.3150035392282007e-06
4.482877409166007e-08,3.3000000000000003,1.6536752816607376,0.042521630580584086,-0.048826301543145094,-3.3150031981676875e-06
4.4831888843322696e-08,3.3000000000000003,1.6541077205797827,0.04758338202906791,-0.048686019821310426,-3.3150035392282007e-06
4.483574370238551e-08,3.3000000000000003,1.6543149433958269,0.05382710927067294,-0.04850309565202262,-3.3150031981676875e-06
4.484071487698697e-08,3.3000000000000003,1.6543834781751507,0.06184382500129933,-0.048262241766863855,-3.3150035392282007e-06
4.4847513182095586e-08,3.3000000000000003,1.6543778617229516,0.07274231564408572,-0.047931814251747584,-3.3150031413242687e-06
4.48576551885347e-08,3.3000000000000003,1.6543353164015768,0.08886251419605025,-0.04744203409909006,-3.315003482384782e-06
4.4875085323046435e-08,3.3000000000000003,1.654259110030049,0.11618335701483191,-0.04661182043654371,-3.3150031413242687e-06
4.49099455920699e-08,3.3000000000000003,1.654111477121283,0.1694030885182016,-0.04499462741334072,-3.3150035392282007e-06
4.495512727969218e-08,3.3000000000000003,1.653927427384483,0.2356465008452599,-0.04298167383526735,-3.3150031413242687e-06
4.500535112013343e-08,3.3000000000000003,1.653732655600732,0.3058127775316868,-0.04084952065560813,-3.3150035392282007e-06
4.5060092377947376e-08,3.3000000000000003,1.6535312196010379,0.3783343483649082,-0.038645792975312065,-3.3150031413242687e-06
4.5119188408750316e-08,3.3000000000000003,1.6533260251858737,0.4522425992332781,-0.03639993079182756,-3.315003482384782e-06
4.5182991970777356e-08,3.3000000000000003,1.6531177719778691,0.5272270631444599,-0.03412136339812293,-3.3150031981676875e-06
4.525117727535758e-08,3.3000000000000003,1.6529096518648427,0.6021832747406901,-0.0318436561666826,-3.315003482384782e-06
4.5323957305177764e-08,3.3000000000000003,1.6527027599410935,0.6766816302868102,-0.029579860582844134,-3.3150031981676875e-06
4.540110784651909e-08,3.3000000000000003,1.652499505366424,0.7498826103804452,-0.027355489632106992,-3.3150035392282007e-06
4.548289040919889e-08,3.3000000000000003,1.6523006726673888,0.8214810355512061,-0.02517981495322868,-3.3150031413242687e-06
4.5569190549249664e-08,3.3000000000000003,1.6521079923473418,0.8908722488422192,-0.02307121192292885,-3.3150035392282007e-06
4.565706258240288e-08,3.3000000000000003,1.651928352479469,0.9555604295015337,-0.021105520213084518,-3.3150031413242687e-06
4.574419851057096e-08,3.3000000000000003,1.6517653541212294,1.01426151730306,-0.019321759862522467,-3.3150035392282007e-06
4.583149556849813e-08,3.3000000000000003,1.6516158569685586,1.0680957583254973,-0.017685888859697286,-3.3150031413242687e-06
4.591842178887421e-08,3.3000000000000003,1.6514795866477083,1.1171708278239325,-0.016194636001653315,-3.315003482384782e-06
4.6005664809130176e-08,3.3000000000000003,1.651354364292457,1.1622639755806916,-0.014824382236635639,-3.3150031981676875e-06
4.609265335571074e-08,3.3000000000000003,1.6512400671143521,1.2034255880707394,-0.013573596980425647,-3.315003482384782e-06
4.617987608292482e-08,3.3000000000000003,1.6511351398266059,1.2412106062130972,-0.012425416711431972,-3.3150031413242687e-06
4.626689203951164e-08,3.3000000000000003,1.6510393137662545,1.2757200700698992,-0.011376771466609158,-3.315003482384782e-06
4.63540902105574e-08,3.3000000000000003,1.6509513969488803,1.3073796554682418,-0.010414725857018359,-3.3150031413242687e-06
4.644112747854311e-08,3.3000000000000003,1.6508710626658218,1.3363099995509535,-0.009535614310595958,-3.3150035392282007e-06
4.652830792469212e-08,3.3000000000000003,1.6507973928117579,1.362839239017367,-0.008729465470514768,-3.3150031413242687e-06
4.6615362385121516e-08,3.3000000000000003,1.6507300491696526,1.3870912467921364,-0.00799251535932156,-3.315003482384782e-06
4.6702529351368156e-08,3.3000000000000003,1.6506683145996925,1.4093225463008339,-0.007316968810829066,-3.3150031413242687e-06
4.67895974895621e-08,3.3000000000000003,1.650611863349567,1.4296518898439095,-0.006699217396519784,-3.315003482384782e-06
4.68767543221811e-08,3.3000000000000003,1.6505601285033442,1.4482822294483497,-0.006133093876634234,-3.3150031981676875e-06
4.696383354241251e-08,3.3000000000000003,1.6505128094190142,1.4653228356262797,-0.00561527791228288,-3.3150035392282007e-06
4.705098291719846e-08,3.3000000000000003,1.6504694532955089,1.480935931999449,-0.005140839914929295,-3.3150031981676875e-06
4.713807128550091e-08,3.3000000000000003,1.650429790065692,1.4952194729120067,-0.004706803386076644,-3.315003482384782e-06
4.7225215362876134e-08,3.3000000000000003,1.6503934548737302,1.5083042664076358,-0.004309193388602385,-3.3150031413242687e-06
4.731231147586758e-08,3.3000000000000003,1.6503602094966767,1.5202765865761845,-0.003945388339285132,-3.3150035392282007e-06
4.739945203405277e-08,3.3000000000000003,1.6503297577632776,1.5312426843353724,-0.003612159536801913,-3.3150031981676875e-06
4.748655491480736e-08,3.3000000000000003,1.6503018922023167,1.5412776116410725,-0.00330722639174685,-3.315003482384782e-06
4.757369346121099e-08,3.3000000000000003,1.6502763709219177,1.5504681957978024,-0.0030279504443455835,-3.3150031981676875e-06
4.7660802486450025e-08,3.3000000000000003,1.6502530148858086,1.558879146046712,-0.0027723653815984956,-3.315003482384782e-06
4.774794034334516e-08,3.3000000000000003,1.650231625540995,1.566581768462017,-0.0025383043972973464,-3.3150031413242687e-06
4.783505518420572e-08,3.3000000000000003,1.6502120494297328,1.5736314893178762,-0.0023240832579581863,-3.315003482384782e-06
4.792219356143894e-08,3.3000000000000003,1.6501941229050607,1.5800871042540703,-0.0021279153161203124,-3.3150031413242687e-06
4.800931415597103e-08,3.3000000000000003,1.6501777150980859,1.5859958552315911,-0.0019483650344009696,-3.315003482384782e-06
4.8096454199820924e-08,3.3000000000000003,1.6501626906855742,1.5914063792894937,-0.0017839544596468906,-3.3150031413242687e-06
4.81835807283022e-08,3.3000000000000003,1.6501489384852823,1.596358794419429,-0.0016334645272496025,-3.315003482384782e-06
4.827072359784239e-08,3.3000000000000003,1.650136346299407,1.600893438750342,-0.001495669467777134,-3.3150031413242687e-06
4.835785646234464e-08,3.3000000000000003,1.650124819948155,1.6050442831424383,-0.0013695370095375358,-3.315003482384782e-06
4.844500335855615e-08,3.3000000000000003,1.6501142662060422,1.6088448538773306,-0.0012540483779400044,-3.3150031413242687e-06
4.853214319633335e-08,3.3000000000000003,1.6501046054758448,1.612323853132765,-0.0011483313994825922,-3.3150035392282007e-06
4.861929542093253e-08,3.3000000000000003,1.6500957601621251,1.615509192973893,-0.0010515379015493289,-3.3150031981676875e-06
4.870644312709283e-08,3.3000000000000003,1.6500876631115762,1.6184250825020008,-0.0009629322391047685,-3.3150035392282007e-06
4.879360209916047e-08,3.3000000000000003,1.6500802496506872,1.621094790000466,-0.0008818073541640737,-3.3150031981676875e-06
4.888075883820838e-08,3.3000000000000003,1.6500734631980227,1.623538709566565,-0.000807543529094655,-3.315003482384782e-06
4.896792618651283e-08,3.3000000000000003,1.6500672497940159,1.6257762577852781,-0.0007395507468576177,-3.3150031413242687e-06
4.905509340449799e-08,3.3000000000000003,1.650061561814556,1.6278245974400565,-0.0006773074786512,-3.3150035392282007e-06
4.914227102408116e-08,3.3000000000000003,1.6500563541989512,1.6296999453625538,-0.0006203209419659395,-3.3150031413242687e-06
4.922945049968389e-08,3.3000000000000003,1.6500515868985268,1.6314167321854487,-0.0005681526313350996,-3.315003482384782e-06
4.93166405729214e-08,3.3000000000000003,1.6500472222551796,1.6329885122471368,-0.000520390665763123,-3.3150031981676875e-06
4.940383450823974e-08,3.3000000000000003,1.6500432266129914,1.63442741145612,-0.00047666657489578657,-3.315003482384782e-06
4.949103958991075e-08,3.3000000000000003,1.6500395684845566,1.635744763996023,-0.0004366359454129967,-3.3150031981676875e-06
4.957825063423729e-08,3.3000000000000003,1.6500362195992904,1.6369507548419202,-0.00039998928354204125,-3.3150035392282007e-06
4.966547375524229e-08,3.3000000000000003,1.650033153618609,1.6380548653292117,-0.0003664384783923593,-3.3150031981676875e-06
4.975270507509449e-08,3.3000000000000003,1.6500303468050834,1.6390656467216926,-0.00033572368099486104,-3.315003482384782e-06
4.98399498578463e-08,3.3000000000000003,1.6500277771179268,1.6399910337767682,-0.0003076037776063343,-3.3150031981676875e-06
4.9927205264503035e-08,3.3000000000000003,1.6500254246349713,1.6408382029127098,-0.00028186069635421316,-3.315003482384782e-06
5.0014475956211725e-08,3.3000000000000003,1.6500232709055396,1.6416137967612265,-0.00025829258486300137,-3.3150031413242687e-06
5.0101760023498226e-08,3.3000000000000003,1.6500212992132077,1.6423238366343207,-0.00023671647485723084,-3.315003482384782e-06
5.018906171245817e-08,3.3000000000000003,1.650019494109389,1.6429738846588786,-0.0002169633479493684,-3.3150031413242687e-06
5.027637990707803e-08,3.3000000000000003,1.65001784157133,1.643568991643857,-0.00019887972525720694,-3.315003482384782e-06
5.0363718609956396e-08,3.3000000000000003,1.6500163286609597,1.6441138158849204,-0.00018232405251959386,-3.3150031413242687e-06
5.0451077516681185e-08,3.3000000000000003,1.650014943616619,1.6446125938797693,-0.00016716759449259612,-3.315003482384782e-06
5.053846039386871e-08,3.3000000000000003,1.6500136756029373,1.6450692267245566,-0.00015329181013172012,-3.3150031413242687e-06
5.062586779436375e-08,3.3000000000000003,1.650012514754912,1.645487267880724,-0.00014058871834220107,-3.3150035392282007e-06
5.071330342762552e-08,3.3000000000000003,1.6500114519963036,1.6458699848642757,-0.00012895902770687767,-3.3150031413242687e-06
5.080076868793972e-08,3.3000000000000003,1.6500104790546486,1.6462203578146128,-0.00011831218102507178,-3.315003482384782e-06
5.08882672730956e-08,3.3000000000000003,1.6500095883271186,1.6465411234777714,-0.00010856501682539817,-3.3150031413242687e-06
5.097580148656483e-08,3.3000000000000003,1.6500087728768034,1.646834781160101,-9.964158818714969e-05,-3.3150035392282007e-06
5.106337523332479e-08,3.3000000000000003,1.6500080263342103,1.647103623476837,-9.14722280246457e-05,-3.3150031981676875e-06
5.115191003557189e-08,3.3000000000000003,1.6500073360264909,1.647352215063709,-8.391823052901495e-05,-3.3150035392282007e-06
5.1243898691265513e-08,3.3000000000000003,1.6500066814437437,1.6475879411622147,-7.675517851041357e-05,-3.3150031981676875e-06
5.1338202575308025e-08,3.3000000000000003,1.6500060708140971,1.6478078393289388,-7.007309317295578e-05,-3.315003482384782e-06
5.143605503870624e-08,3.3000000000000003,1.6500054959561423,1.6480148552206804,-6.37824633734727e-05,-3.3150031413242687e-06
5.153605503870624e-08,3.3000000000000003,1.650004964511721,1.6482062374334934,-5.796689835479955e-05,-3.3150035392282007e-06
5.1636055038706243e-08,3.3000000000000003,1.6500044843020791,1.648379168873244,-5.271199940814753e-05,-3.3150031981676875e-06
5.1736055038706244e-08,3.3000000000000003,1.650004050389126,1.64853542834174,-4.7963714687889295e-05,-3.3150035392282007e-06
5.1836055038706245e-08,3.3000000000000003,1.6500036583082942,1.6486766231501024,-4.3673202502053287e-05,-3.3150031981676875e-06
5.1936055038706246e-08,3.3000000000000003,1.650003304027655,1.648804205651821,-3.979632995510158e-05,-3.3150035392282007e-06
5.203605503870625e-08,3.3000000000000003,1.6500029839020953,1.6489194881819225,-3.6293218857376123e-05,-3.3150031981676875e-06
5.213605503870625e-08,3.3000000000000003,1.6500026946395387,1.6490236565558547,-3.312783564421281e-05,-3.3150035392282007e-06
5.223605503870625e-08,3.3000000000000003,1.6500024332639085,1.6491177822669962,-3.0267620632173292e-05,-3.3150031981676875e-06
5.233605503870625e-08,3.3000000000000003,1.6500021970872256,1.6492028335082052,-2.7683153187148214e-05,-3.3150035392282007e-06
5.243605503870625e-08,3.3000000000000003,1.6500019836796467,1.6492796851308238,-2.5347849028360024e-05,-3.3150031981676875e-06
5.253605503870625e-08,3.3000000000000003,1.6500017908464442,1.6493491276435377,-2.3237686838067237e-05,-3.3150035392282007e-06
5.263605503870625e-08,3.3000000000000003,1.6500016166037461,1.6494118753436875,-2.1330961122972256e-05,-3.3150031981676875e-06
5.2736055038706253e-08,3.3000000000000003,1.650001459159568,1.6494685736646464,-1.9608058991682994e-05,-3.3150035392282007e-06
5.2836055038706254e-08,3.3000000000000003,1.650001316894152,1.6495198058148597,-1.8051258375808494e-05,-3.3150031981676875e-06
5.2936055038706255e-08,3.3000000000000003,1.6500011883443548,1.649566098776821,-1.664454576972411e-05,-3.3150035392282007e-06
5.3036055038706256e-08,3.3000000000000003,1.6500010721877014,1.6496079287277068,-1.5373451485708875e-05,-3.3150031981676875e-06
5.313605503870626e-08,3.3000000000000003,1.6500009672295475,1.6496457259374107,-1.4224900839605408e-05,-3.3150035392282007e-06
5.323605503870626e-08,3.3000000000000003,1.650000872390137,1.6496798791943756,-1.3187079642485655e-05,-3.3150031981676875e-06
5.333605503870626e-08,3.3000000000000003,1.650000786694054,1.6497107398047335,-1.2249312694934788e-05,-3.3150035392282007e-06
5.343605503870626e-08,3.3000000000000003,1.6500007092597135,1.6497386252059023,-1.1401953965717738e-05,-3.3150031981676875e-06
5.353605503870626e-08,3.3000000000000003,1.6500006392906992,1.6497638222317974,-1.0636287383336913e-05,-3.3150035392282007e-06
5.363605503870626e-08,3.3000000000000003,1.6500005760672247,1.649786590063256,-9.944437170624684e-06,-3.3150031981676875e-06
5.373605503870626e-08,3.3000000000000003,1.650000518939025,1.6498071628940132,-9.31928684207613e-06,-3.3150035392282007e-06
5.383605503870626e-08,3.3000000000000003,1.6500004673184163,1.6498257523396584,-8.754405994877606e-06,-3.3150031981676875e-06
5.3936055038706264e-08,3.3000000000000003,1.6500004206744663,1.6498425496143494,-8.243984171247472e-06,-3.3150035392282007e-06
5.4036055038706265e-08,3.3000000000000003,1.6500003785273485,1.649857727497673,-7.78277108541666e-06,-3.3150031981676875e-06
5.4136055038706266e-08,3.3000000000000003,1.6500003404435637,1.649871442111883,-7.366022623253673e-06,-3.3150035392282007e-06
5.423605503870627e-08,3.3000000000000003,1.6500003060313475,1.6498838345278035,-6.989452039240925e-06,-3.3150031981676875e-06
5.433605503870627e-08,3.3000000000000003,1.6500002749367546,1.6498950322159045,-6.6491858658939955e-06,-3.3150035392282007e-06
5.443605503870627e-08,3.3000000000000003,1.650000246839919,1.649905150357485,-6.341724067619177e-06,-3.3150031981676875e-06
5.453605503870627e-08,3.3000000000000003,1.6500002214518508,1.6499142930294466,-6.063904041326322e-06,-3.3150035392282007e-06
5.463605503870627e-08,3.3000000000000003,1.6500001985113881,1.6499225542748477,-5.812868083121894e-06,-3.3150031981676875e-06
5.473605503870627e-08,3.3000000000000003,1.6500001777825748,1.6499300190702455,-5.586033995389218e-06,-3.3150035392282007e-06
5.483605503870627e-08,3.3000000000000003,1.65000015905218,1.649936764199778,-5.381068524320732e-06,-3.3150031981676875e-06
5.493605503870627e-08,3.3000000000000003,1.6500001421275488,1.6499428590449792,-5.195863360953377e-06,-3.3150035392282007e-06
5.5036055038706274e-08,3.3000000000000003,1.6500001268345836,1.6499483662984493,-5.028513453676108e-06,-3.3150031981676875e-06
5.5136055038706275e-08,3.3000000000000003,1.6500001130159854,1.649953342608722,-4.87729741347244e-06,-3.3150035392282007e-06
5.5236055038706276e-08,3.3000000000000003,1.6500001005296077,1.64995783916296,-4.74065980657455e-06,-3.3150031981676875e-06
5.5336055038706277e-08,3.3000000000000003,1.6500000892470188,1.6499619022134748,-4.6171951557826524e-06,-3.3150035392282007e-06
5.543605503870628e-08,3.3000000000000003,1.6500000790521594,1.6499655735534862,-4.505633482837928e-06,-3.3150031981676875e-06
5.553605503870628e-08,3.3000000000000003,1.6500000698401678,1.6499688909470132,-4.404827245788899e-06,-3.3150035392282007e-06
5.563605503870628e-08,3.3000000000000003,1.6500000615162842,1.6499718885173225,-4.313739534647356e-06,-3.3150031981676875e-06
5.573605503870628e-08,3.3000000000000003,1.6500000539948902,1.6499745970979252,-4.2314334060175676e-06,-3.3150035392282007e-06
5.583605503870628e-08,3.3000000000000003,1.6500000471986183,1.649977044549736,-4.1570622451899324e-06,-3.3150031981676875e-06
5.593605503870628e-08,3.3000000000000003,1.6500000410575615,1.6499792560476547,-4.089861057987936e-06,-3.3150035392282007e-06
5.603605503870628e-08,3.3000000000000003,1.6500000355085516,1.6499812543395205,-4.029138601647038e-06,-3.3150031981676875e-06
5.6136055038706284e-08,3.3000000000000003,1.6500000304945106,1.6499830599800982,-3.9742702748543875e-06,-3.3150035392282007e-06
5.6236055038706285e-08,3.3000000000000003,1.650000025963863,1.6499846915425105,-3.924691692753169e-06,-3.3150031981676875e-06
5.6336055038706286e-08,3.3000000000000003,1.6500000218700062,1.6499861658092823,-3.879892881722692e-06,-3.3150035392282007e-06
5.6436055038706286e-08,3.3000000000000003,1.6500000181708296,1.6499874979449687,-3.839413033695487e-06,-3.3150031981676875e-06
5.653605503870629e-08,3.3000000000000003,1.6500000148282832,1.6499887016521408,-3.802835766160636e-06,-3.3150035392282007e-06
5.663605503870629e-08,3.3000000000000003,1.650000011807985,1.6499897893123328,-3.769784839199626e-06,-3.3150031981676875e-06
5.673605503870629e-08,3.3000000000000003,1.6500000090788676,1.6499907721133997,-3.739920285428786e-06,-3.3150035392282007e-06
5.683605503870629e-08,3.3000000000000003,1.6500000066128593,1.6499916601645985,-3.712934913045824e-06,-3.3150031981676875e-06
5.693605503870629e-08,3.3000000000000003,1.6500000043845935,1.6499924626005726,-3.688551145979994e-06,-3.3150035392282007e-06
5.703605503870629e-08,3.3000000000000003,1.6500000023711503,1.6499931876753131,-3.666518168696552e-06,-3.3150031981676875e-06
5.713605503870629e-08,3.3000000000000003,1.6500000005518192,1.6499938428470604,-3.6466093463181275e-06,-3.3150035392282007e-06
5.7236055038706294e-08,3.3000000000000003,1.6499999989078862,1.6499944348550213,-3.6286198933532953e-06,-3.3150031981676875e-06
5.7336055038706295e-08,3.3000000000000003,1.6499999974224413,1.6499949697886889,-3.612364767240163e-06,-3.3150035392282007e-06
5.7436055038706295e-08,3.3000000000000003,1.6499999960802052,1.649995453150481,-3.597676765055166e-06,-3.3150031981676875e-06
5.7536055038706296e-08,3.3000000000000003,1.6499999948673716,1.649995889912338,-3.5844048035102464e-06,-3.3150035392282007e-06
5.76360550387063e-08,3.3000000000000003,1.6499999937714644,1.649996284566865,-3.572412365022026e-06,-3.3150031981676875e-06
5.77360550387063e-08,3.3000000000000003,1.649999992781212,1.6499966411735452,-3.5615760933362004e-06,-3.3150035392282007e-06
5.78360550387063e-08,3.3000000000000003,1.6499999918864272,1.649996963400495,-3.5517845247244264e-06,-3.3150031981676875e-06
5.79360550387063e-08,3.3000000000000003,1.649999991077907,1.6499972545621946,-3.5429369415126147e-06,-3.3150035392282007e-06
5.80360550387063e-08,3.3000000000000003,1.6499999903473348,1.649997517653582,-3.5349423359332962e-06,-3.3150031981676875e-06
5.81360550387063e-08,3.3000000000000003,1.6499999896871955,1.6499977553808596,-3.527718474163794e-06,-3.3150035392282007e-06
5.82360550387063e-08,3.3000000000000003,1.649999989090699,1.6499979701893301,-3.5211910503171933e-06,-3.3150031981676875e-06
5.8336055038706303e-08,3.3000000000000003,1.6499999885517094,1.649998164288549,-3.5152929222456806e-06,-3.3150035392282007e-06
5.8436055038706304e-08,3.3000000000000003,1.6499999880646825,1.6499983396750535,-3.5099634208097865e-06,-3.3150031981676875e-06
5.8536055038706305e-08,3.3000000000000003,1.6499999876246092,1.649998498152899,-3.5051477258587655e-06,-3.3150035392282007e-06
5.8636055038706306e-08,3.3000000000000003,1.6499999872269624,1.649998641352215,-3.500796302348044e-06,-3.3150031981676875e-06
5.873605503870631e-08,3.3000000000000003,1.6499999868676518,1.6499987707459738,-3.49686439079712e-06,-3.3150035392282007e-06
5.883605503870631e-08,3.3000000000000003,1.6499999865429817,1.6499988876651417,-3.493311546897501e-06,-3.3150031981676875e-06
5.893605503870631e-08,3.3000000000000003,1.6499999862496124,1.6499989933123687,-3.4901012255148456e-06,-3.3150035392282007e-06
5.903605503870631e-08,3.3000000000000003,1.6499999859845262,1.6499990887743592,-3.487200404726726e-06,-3.3150031981676875e-06
5.913605503870631e-08,3.3000000000000003,1.6499999857449965,1.6499991750330518,-3.484579246237812e-06,-3.3150035392282007e-06
5.923605503870631e-08,3.3000000000000003,1.6499999855285592,1.6499992529757186,-3.48221078832522e-06,-3.3150031981676875e-06
5.933605503870631e-08,3.3000000000000003,1.6499999853329883,1.6499993234040895,-3.4800706686838976e-06,-3.3150035392282007e-06
5.9436055038706313e-08,3.3000000000000003,1.6499999851562723,1.6499993870426033,-3.478136873668463e-06,-3.3150031981676875e-06
5.9536055038706314e-08,3.3000000000000003,1.6499999849965927,1.6499994445458566,-3.4763895119022434e-06,-3.3150035392282007e-06
5.963605503870632e-08,3.3000000000000003,1.6499999848523077,1.6499994965053373,-3.4748106097653764e-06,-3.3150031981676875e-06
5.973605503870631e-08,3.3000000000000003,1.6499999847219329,1.6499995434555093,-3.4733839263950714e-06,-3.3150035392282007e-06
5.98360550387063e-08,3.3000000000000003,1.6499999846041271,1.6499995858793097,-3.472094786699104e-06,-3.3150031981676875e-06
5.99360550387063e-08,3.3000000000000003,1.649999984497679,1.649999624213117,-3.470929930361905e-06,-3.3150035392282007e-06
6.000000000000001e-08,3.299999999999995,1.6499999844350852,1.6499996467542146,-3.4702445152089605e-06,-3.3150031413242687e-06
6.000029577984519e-08,3.2995119632554473,1.6499999844349555,1.6499996468550724,-3.470302384764613e-06,0.007421685487088325
6.000088733953554e-08,3.2985358897663746,1.6499999844343742,1.6499996470567275,-3.4702962563918667e-06,0.007421686467353084
6.000207045891623e-08,3.2965837427882287,1.64999998443356,1.6499996474596754,-3.4702257981861275e-06,0.0074216884286215645
6.000443669767763e-08,3.292679448831915,1.649999984430863,1.649999648264125,-3.470172248782109e-06,0.007421692350419562
6.000916917520044e-08,3.284870860919288,1.6499999844259685,1.6499996498672527,-3.4701526538894218e-06,0.007421700194811365
6.001863413024603e-08,3.2692536850940557,1.6499999844182487,1.6499996530505672,-3.470041351617421e-06,0.007421715882685476
6.003756404033722e-08,3.238019333443591,1.649999984399456,1.6499996593265074,-3.4698761281988344e-06,0.007421747259343192
6.00754238605196e-08,3.1755506301426615,1.6499999843667228,1.6499996715241665,-3.469492788429562e-06,0.00742181001174913
6.015114350088438e-08,3.050613223540781,1.649999984302085,1.6499996945680462,-3.4687924825109986e-06,0.007421935517413658
6.025114350088437e-08,2.88561322354079,1.6499999842251405,1.6499997224233889,-3.4679456025017174e-06,0.007422101267309245
6.035114350088437e-08,2.7206132235408,1.6499999841549144,1.6499997475932582,-3.4671807510552513e-06,0.007422267017830109
6.045114350088436e-08,2.555613223540809,1.6499999840920427,1.6499997703365488,-3.466489655176742e-06,0.0074224327676972734
6.055114350088436e-08,2.3906132235408184,1.649999984034734,1.6499997908872064,-3.4658651712796506e-06,0.007422598518104451
6.065114350088435e-08,2.225613223540828,1.6499999839833759,1.6499998094566153,-3.4653009055667306e-06,0.007422764268000037
6.075114350088435e-08,2.0606132235408374,1.6499999839366053,1.649999826235786,-3.4647910285127704e-06,0.007422930018464058
6.085114350088434e-08,1.8956132235408467,1.6499999838946549,1.6499998413973094,-3.4643303171238114e-06,0.007423095768274379
6.095114350088433e-08,1.7306132235408564,1.649999983856483,1.6499998550971418,-3.4639140139328297e-06,0.007423261518766822
6.105114350088433e-08,1.5656132235408657,1.649999983822218,1.6499998674762004,-8.444815846215287e-05,0.007423427268633986
6.115114350088432e-08,1.400613223540875,1.649999983791063,1.64999987866182,-0.0011797725694663178,0.007423593019126429
6.125114350088432e-08,1.2356132235408843,1.6499999837630765,1.6499998887690561,-0.003555097013224762,0.007423758768979383
6.135114350088431e-08,1.070613223540894,1.6499999837376473,1.6499998979018744,-0.007210421486596896,0.0074239245194291925
6.14511435008843e-08,0.9056132235409038,1.6499999837147903,1.6499999061542152,-0.012145745986708057,0.0074240902692821464
6.148063564470096e-08,0.8569511862434203,1.6499999837083617,1.6499999084307437,-0.013845695047141454,0.0074241391528886425
6.150084839624563e-08,0.8236001461947136,1.6499999837044015,1.6499999099521099,-0.014969859310840957,0.007424172655220218
6.152387760142592e-08,0.7856019576472453,1.64999998369928,1.6499999116479387,-0.013578332997647562,0.007424210826485478
6.153525729516792e-08,0.7668254629729381,1.6499999836974486,1.6499999124713998,-0.012915781620385673,0.007424229688055561
6.15524756775011e-08,0.7384151321231935,1.6499999836933732,1.6499999136994703,-0.011944803123287667,0.007424258227842984
6.158691244216744e-08,0.6815944704237258,1.649999983687627,1.649999916092461,-0.010116691578522621,0.007424315306536755
6.165578597150013e-08,0.5679531470247907,1.649999983674236,1.6499999206364762,-0.0069158505784198765,0.007424429464826687
6.175578597150013e-08,0.40295314702480045,1.6499999836579449,1.6499999266970162,-0.0033492228903802363,0.007424595214679641
6.185578597150012e-08,0.23795314702480974,1.649999983642318,1.6499999321732777,-0.001062595219598218,0.00742476096515432
6.195578597150011e-08,0.07295314702481903,1.6499999836289356,1.6499999371215808,-5.596756486291073e-05,0.007424926715017044
6.2e-08,8.881784197001252e-15,1.6499999836229013,1.649999939153129,-3.4613593588946775e-06,0.007425000000151411
6.200000108429517e-08,0.0,1.6499999836229797,1.6499999391531777,-3.4503608372803465e-06,3.686083815283423e-11
6.200000325288552e-08,0.0,1.6499999836229793,1.6499999391532745,-3.4503608343243036e-06,-3.6860838152852044e-11
6.200000759006622e-08,0.0,1.6499999836239088,1.649999939153469,-3.450360820006416e-06,3.6860838152852044e-11
6.20000162644276e-08,0.0,1.6499999836229842,1.649999939153859,-3.4578113970601172e-06,-3.6860838152852044e-11
6.200003361315037e-08,0.0,1.6499999836237216,1.6499999391546385,-3.4615366569719786e-06,3.6860838152852044e-11
6.200006831059591e-08,0.0,1.6499999836236003,1.6499999391561966,-3.4615366104816113e-06,-3.6860838152852044e-11
6.2000137705487e-08,0.0,1.6499999836235368,1.6499999391593132,-3.4615365159522745e-06,3.6860838152852044e-11
6.200027649526916e-08,0.0,1.6499999836233805,1.6499999391655462,-3.4615363273064167e-06,-3.6860838152852044e-11
6.200055407483348e-08,0.0,1.6499999836235792,1.6499999391780094,-3.461303114716067e-06,3.6860838152852044e-11
6.200110923396212e-08,0.0,1.649999983623955,1.6499999392029256,-3.4613023494553634e-06,-3.6860838152852044e-11
6.20022195522194e-08,0.0,1.6499999836230126,1.649999939252717,-3.461300837467989e-06,3.6860838152852044e-11
6.200444018873396e-08,0.0,1.6499999836228265,1.6499999393521307,-3.4613269150488896e-06,-3.6860838152852044e-11
6.200888146176308e-08,0.0,1.6499999836216757,1.6499999395502871,-3.461350005084507e-06,3.6860838152852044e-11
6.201776400782133e-08,0.0,1.649999983621529,1.6499999399439411,-3.4613234717649363e-06,-3.6860838152852044e-11
6.203552909993782e-08,0.0,1.649999983618346,1.649999940720718,-3.4613253282079802e-06,3.6860838152852044e-11
6.20710592841708e-08,0.0,1.6499999836148225,1.6499999422330731,-3.461264846744994e-06,-3.6860838152852044e-11
6.214211965263676e-08,0.0,1.64999998360645,1.6499999451001806,-3.4611786081573706e-06,3.6860838152852044e-11
6.224211965263676e-08,0.0,1.649999983596459,1.6499999488022266,-3.4610665861437655e-06,-3.6860838152852044e-11
6.234211965263675e-08,0.0,1.6499999835869401,1.6499999521473685,-3.460964929749653e-06,3.6860838152852044e-11
6.244211965263675e-08,0.0,1.649999983578743,1.6499999551700102,-3.4608730861369823e-06,-3.6860838152852044e-11
6.254211965263674e-08,0.0,1.6499999835709909,1.6499999579012468,-3.4607900864745407e-06,3.6860838152852044e-11
6.264211965263674e-08,0.0,1.649999983564281,1.6499999603691693,-3.4607150975974883e-06,-3.6860838152852044e-11
6.274211965263673e-08,0.0,1.6499999835579664,1.6499999625991653,-3.460647330613574e-06,3.6860838152852044e-11
6.284211965263672e-08,0.0,1.6499999835524752,1.6499999646141712,-3.460586103421423e-06,-3.6860838152852044e-11
6.294211965263672e-08,0.0,1.6499999835473302,1.6499999664349152,-3.460530773438902e-06,3.6860838152852044e-11
6.304211965263671e-08,0.0,1.6499999835428378,1.6499999680801238,-3.460480782491369e-06,-3.6860838152852044e-11
6.314211965263671e-08,0.0,1.6499999835386447,1.649999969566722,-3.460435607000198e-06,3.6860838152852044e-11
6.32421196526367e-08,0.0,1.64999998353497,1.6499999709099995,-3.4603947902614675e-06,-3.6860838152852044e-11
6.33421196526367e-08,0.0,1.6499999835315522,1.6499999721237746,-3.4603579056219628e-06,3.6860838152852044e-11
6.344211965263669e-08,0.0,1.649999983528547,1.649999973220532,-3.4603245794904766e-06,-3.6860838152852044e-11
6.354211965263668e-08,0.0,1.6499999835257604,1.6499999742115534,-3.460294464086842e-06,3.6860838152852044e-11
6.364211965263668e-08,0.0,1.6499999835233032,1.6499999751070322,-3.4602672539091707e-06,-3.6860838152852044e-11
6.374211965263667e-08,0.0,1.6499999835210313,1.64999997591618,-3.4602426654166043e-06,3.6860838152852044e-11
6.384211965263667e-08,0.0,1.6499999835190227,1.6499999766473197,-3.4602204488106452e-06,-3.6860838152852044e-11
6.394211965263666e-08,0.0,1.6499999835171697,1.6499999773079714,-3.4602003729054558e-06,3.6860838152852044e-11
6.404211965263666e-08,0.0,1.6499999835155277,1.6499999779049308,-3.4601822334704795e-06,-3.6860838152852044e-11
6.414211965263665e-08,0.0,1.6499999835140164,1.6499999784443389,-3.4601658419679693e-06,3.6860838152852044e-11
6.424211965263664e-08,0.0,1.6499999835126742,1.6499999789317434,-3.4601510314630465e-06,-3.6860838152852044e-11
6.434211965263664e-08,0.0,1.6499999835114418,1.649999979372159,-3.460137648192592e-06,3.6860838152852044e-11
6.444211965263663e-08,0.0,1.6499999835103447,1.6499999797701144,-3.4601255556895227e-06,-3.6860838152852044e-11
6.454211965263663e-08,0.0,1.6499999835093393,1.6499999801297038,-3.460114628572315e-06,3.6860838152852044e-11
6.464211965263662e-08,0.0,1.649999983508443,1.649999980454626,-3.4601047552878105e-06,-3.6860838152852044e-11
6.474211965263662e-08,0.0,1.6499999835076224,1.649999980748223,-3.460095833534164e-06,3.6860838152852044e-11
6.484211965263661e-08,0.0,1.64999998350689,1.6499999810135153,-3.4600877721823423e-06,-3.6860838152852044e-11
6.49421196526366e-08,0.0,1.6499999835062207,1.649999981253231,-3.460080487787781e-06,3.6860838152852044e-11
6.50421196526366e-08,0.0,1.6499999835056225,1.649999981469836,-3.460073905873245e-06,-3.6860838152852044e-11
6.514211965263659e-08,0.0,1.6499999835050763,1.6499999816655586,-3.4600679583331395e-06,3.6860838152852044e-11
6.524211965263659e-08,0.0,1.6499999835045875,1.649999981842412,-3.4600625843294026e-06,-3.6860838152852044e-11
6.534211965263658e-08,0.0,1.6499999835041417,1.6499999820022153,-3.4600577283015625e-06,3.6860838152852044e-11
6.544211965263658e-08,0.0,1.6499999835037424,1.6499999821466125,-3.46005334052385e-06,-3.6860838152852044e-11
6.554211965263657e-08,0.0,1.6499999835033787,1.6499999822770886,-3.4600493756802936e-06,3.6860838152852044e-11
6.554591438797365e-08,0.0,1.6499999835026669,1.6499999822817784,-3.460036974521699e-06,-3.6860838152852044e-11
6.555350385864781e-08,0.0,1.6499999835041939,1.6499999822911071,-3.4600293952388408e-06,3.6860838152852044e-11
6.556868279999614e-08,0.0,1.649999983502811,1.6499999823095544,-3.4600579221591877e-06,-3.6860838152852044e-11
6.556944477695199e-08,0.0,1.6499999835028756,1.6499999823104725,-3.4598759980962107e-06,3.6860838152852044e-11
6.557096873086368e-08,0.0,1.649999983503169,1.6499999823123075,-3.460021462796117e-06,-3.6860838152852044e-11
6.557401663868707e-08,0.0,1.6499999835029324,1.6499999823159675,-3.4600068085541476e-06,3.6860838152852044e-11
6.557416964245619e-08,0.0,1.6499999835036028,1.6499999823161509,-3.45975941438176e-06,-3.6860838152852044e-11
6.557447564999445e-08,0.0,1.6499999835029469,1.6499999823165175,-3.4599922397663033e-06,3.6860838152852044e-11
6.557508766507097e-08,0.0,1.6499999835028336,1.6499999823172506,-3.4599922208001324e-06,-3.6860838152852044e-11
6.557631169522402e-08,0.0,1.6499999835025103,1.6499999823187153,-3.4599921864158662e-06,3.6860838152852044e-11
6.557637314105321e-08,0.0,1.6499999835038235,1.649999982318789,-3.4611563256233606e-06,-3.6860838152852044e-11
6.55764960327116e-08,0.0,1.6499999835029309,1.6499999823189364,-3.4606906677704263e-06,3.6860838152852044e-11
6.557650220182414e-08,0.0,1.6499999835032142,1.6499999823189435,-3.44904913282153e-06,-3.6860838152852044e-11
6.557651454004922e-08,0.0,1.6499999835036487,1.6499999823189577,-3.4564997090317836e-06,3.6860838152852044e-11
6.557653921649939e-08,0.0,1.6499999835033767,1.6499999823189873,-3.4583623556728035e-06,-3.6860838152852044e-11
6.55765404552474e-08,0.0,1.6499999835027515,1.6499999823189888,-3.4788514579078586e-06,3.6860838152852044e-11
6.557654293274344e-08,0.0,1.6499999835035066,1.6499999823189928,-3.449049128626292e-06,-3.6860838152852044e-11
6.55765478877355e-08,0.0,1.6499999835026309,1.6499999823189997,-3.4639502975424787e-06,3.6860838152852044e-11
6.557655779771963e-08,0.0,1.6499999835038697,1.649999982319012,-3.4564997054215776e-06,-3.6860838152852044e-11
6.55765582951969e-08,0.0,1.6499999835037245,1.6499999823190123,-3.5384560932732295e-06,3.6860838152852044e-11
6.557655929015145e-08,0.0,1.649999983503422,1.6499999823190132,-3.5384560959609264e-06,-3.6860838152852044e-11
6.557656128006054e-08,0.0,1.6499999835038952,1.6499999823190155,-3.478851446841314e-06,3.6860838152852044e-11
6.557656525987874e-08,0.0,1.6499999835037833,1.6499999823190195,-3.463950286485879e-06,-3.6860838152852044e-11
6.557656545966403e-08,0.0,1.649999983504217,1.64999998231902,-3.538456088539779e-06,3.6860838152852044e-11
6.557656585923462e-08,0.0,1.6499999835030803,1.6499999823190206,-3.4192468092164628e-06,-3.6860838152852044e-11
6.557656592218002e-08,0.0,1.6499999835037225,1.6499999823190206,-3.300037513879736e-06,3.6860838152852044e-11
6.557656596300758e-08,0.0,1.649999983503517,1.6499999823190206,-1.3926888829130856e-06,-3.6860838152852044e-11
6.557656598592686e-08,0.0,1.6499999835040253,1.6499999823190206,-3.3000375111449654e-06,3.6860838152852044e-11
6.557656600354616e-08,0.0,1.6499999835036843,1.6499999823190203,-7.11473477984315e-06,-3.6860838152852044e-11
6.557656601819764e-08,0.0,1.2709214697300328,1.6499999795139397,-1.6500000015184924e-06,3.6860838152852044e-11
6.557656603334931e-08,0.0,1.2709165715895192,1.6499999737122142,2.1646972641065076e-06,-3.6860838152852044e-11
6.557656604391533e-08,0.0,1.2709131558797064,1.6499999696663339,-1.6500000015184924e-06,3.6860838152852044e-11
6.557656605857976e-08,0.0,1.270908415280911,1.6499999640510545,-1.6500000015184924e-06,-3.6860838152852044e-11
6.557656608790862e-08,0.0,1.270898934135182,1.6499999528202842,-1.6500000015184924e-06,3.6860838152852044e-11
6.557656614656634e-08,0.0,1.27087997205516,1.6499999303579014,-1.6500000015184924e-06,-3.6860838152852044e-11
6.557656626388179e-08,0.0,1.2708420487412941,1.64999988542977,-1.6500000015184924e-06,3.6860838152852044e-11
6.557656649851268e-08,0.0,1.2707662054976754,1.6499997955600416,-1.8884185806200549e-06,-3.6860838152852044e-11
6.557656696777448e-08,0.0,1.2706145325399187,1.649999615766727,-1.7692092910692736e-06,3.6860838152852044e-11
6.557656790629808e-08,0.0,1.2703112407338315,1.6499992559646999,-1.8288139358446642e-06,-3.6860838152852044e-11
6.557656978334527e-08,0.0,1.2697048735060308,1.64999853549931,-1.799011613456969e-06,3.6860838152852044e-11
6.557657353743966e-08,0.0,1.2684930040638318,1.6499970911252442,-1.799011613456969e-06,-3.6860838152852044e-11
6.557658104562842e-08,0.0,1.2660727211258855,1.649994188620422,-1.8064621940538927e-06,3.6860838152852044e-11
6.557659606200593e-08,0.0,1.2612459462158387,1.6499883287153356,-1.8101874843523547e-06,-3.6860838152852044e-11
6.557662609476098e-08,0.0,1.2516472988143537,1.6499763903694862,-1.8101874843523547e-06,3.6860838152852044e-11
6.557668616027107e-08,0.0,1.232667539949632,1.6499516478326894,-1.8101874843523547e-06,-3.6860838152852044e-11
6.557680629129125e-08,0.0,1.1955618558931345,1.6498987646397931,-1.8101874843523547e-06,3.6860838152852044e-11
6.557695088301709e-08,0.0,1.1523721311048223,1.6498292588103127,-1.8101874843523547e-06,-3.6860838152852044e-11
6.557712883334513e-08,0.0,1.1013428897685054,1.649735264233546,-1.8101874843523547e-06,3.6860838152852044e-11
6.557731721909128e-08,0.0,1.0497706361912273,1.64962601498619,-1.8104203149960085e-06,-3.6860838152852044e-11
6.557753392703953e-08,0.0,0.9934090889167544,1.6494885548531968,-1.809721823065047e-06,3.6860838152852044e-11
6.557776112650757e-08,0.0,0.93754999357263,1.6493315966172195,-1.8099546537087008e-06,-3.6860838152852044e-11
6.557801431734402e-08,0.0,0.8789725111614153,1.6491420933545102,-1.809721823065047e-06,3.6860838152852044e-11
6.55782783585071e-08,0.0,0.8217592324455086,1.648929081555889,-1.8099546537087008e-06,-3.6860838152852044e-11
6.557856671574486e-08,0.0,0.7634968738507342,1.648679703127404,-1.8101874843523547e-06,3.6860838152852044e-11
6.557886688175145e-08,0.0,0.7072060919339206,1.6484028258243748,-1.809721823065047e-06,-3.6860838152852044e-11
6.557919051081601e-08,0.0,0.6511239672849689,1.6480860356626867,-1.8099546537087008e-06,3.6860838152852044e-11
6.557952732838917e-08,0.0,0.5974416096234001,1.6477377767987877,-1.8100710690305277e-06,-3.6860838152852044e-11
6.557988742679042e-08,0.0,0.5448963983548287,1.6473462614433354,-1.8099546537087008e-06,3.6860838152852044e-11
6.558026244136751e-08,0.0,0.4950412325445583,1.6469192888012625,-1.8098382383868739e-06,-3.6860838152852044e-11
6.558066119008638e-08,0.0,0.4469788872393725,1.6464457555809144,-1.8099546537087008e-06,3.6860838152852044e-11
6.558107695990674e-08,0.0,0.401778970185738,1.6459326325157315,-1.8099546537087008e-06,-3.6860838152852044e-11
6.55815175765287e-08,0.0,0.35880163987043623,1.6453694618331485,-1.8099546537087008e-06,3.6860838152852044e-11
6.558197778335985e-08,0.0,0.31875562954905273,1.6447622271893152,-1.8099546537087008e-06,-3.6860838152852044e-11
6.55824646885449e-08,0.0,0.28117637433407205,1.6441009875181967,-1.8099546537087008e-06,3.6860838152852044e-11
6.558297436320332e-08,0.0,0.2465065259540625,1.6433905811846772,-1.8100710690305277e-06,-3.6860838152852044e-11
6.558351347454626e-08,0.0,0.21439691159448598,1.6426213650018255,-1.8099546537087008e-06,3.6860838152852044e-11
6.558407936609779e-08,0.0,0.18509649122934477,1.641796842489825,-1.8099546537087008e-06,-3.6860838152852044e-11
6.558467856180016e-08,0.0,0.15832944150808306,1.6409073460762085,-1.8100710690305277e-06,3.6860838152852044e-11
6.558530971174452e-08,0.0,0.13420575567820328,1.639954779220433,-1.8098382383868739e-06,-3.6860838152852044e-11
6.558597954756927e-08,0.0,0.11249461309058353,1.6389289887820433,-1.8099546537087008e-06,3.6860838152852044e-11
6.558668818220826e-08,0.0,0.09320811892462631,1.637829869211773,-1.8098964460477873e-06,-3.6860838152852044e-11
6.55874430141095e-08,0.0,0.0761422601969144,1.6366461076670484,-1.8098382383868739e-06,3.6860838152852044e-11
6.5588245961623e-08,0.0,0.06124195490019601,1.6353749213865056,-1.8100128613696143e-06,-3.6860838152852044e-11
6.558910575615055e-08,0.0,0.04831910392636333,1.634002803670494,-1.8100128613696143e-06,3.6860838152852044e-11
6.559002677811239e-08,0.0,0.03727435554372313,1.63252315281753,-1.8099546537087008e-06,-3.6860838152852044e-11
6.559102015653209e-08,0.0,0.027929749384522334,1.630918576939969,-1.8099546537087008e-06,3.6860838152852044e-11
6.559209397026801e-08,0.0,0.02015884058733429,1.6291766088579012,-1.8098964460477873e-06,-3.6860838152852044e-11
6.559326361064565e-08,0.0,0.01379157181814999,1.6272729900874603,-1.8099546537087008e-06,3.6860838152852044e-11
6.559454326188773e-08,0.0,0.008687475180841522,1.6251854915039452,-1.8099837575391575e-06,-3.6860838152852044e-11
6.559595616458724e-08,0.0,0.004684667429010173,1.622877257620102,-1.8099837575391575e-06,3.6860838152852044e-11
6.559752762655752e-08,0.0,0.0016390104780134558,1.6203082650483398,-1.8099546537087008e-06,-3.6860838152852044e-11
6.559929641458974e-08,0.0,-0.0006009250401025192,1.6174168442040093,-1.8100128613696143e-06,3.6860838152852044e-11
6.560131055647969e-08,0.0,-0.0021739641211896803,1.614126755136779,-1.8099837575391575e-06,-3.6860838152852044e-11
6.560364402205366e-08,0.0,-0.0032169903633342926,1.6103203329742057,-1.8099837575391575e-06,3.6860838152852044e-11
6.560639837161879e-08,0.0,-0.003853799177124786,1.60583654725171,-1.8099692056239292e-06,-3.6860838152852044e-11
6.560973702065043e-08,0.0,-0.004198737847089966,1.6004166287385169,-1.8100128613696143e-06,3.6860838152852044e-11
6.561391889885364e-08,0.0,-0.004349983248551598,1.593652508629658,-1.8100274132848426e-06,-3.6860838152852044e-11
6.561941000249583e-08,0.0,-0.004387320660838318,1.5848134865871168,-1.810005585412e-06,3.6860838152852044e-11
6.562710969823445e-08,0.0,-0.004366489165795752,1.5725014834092494,-1.8099910334967717e-06,-3.6860838152852044e-11
6.563906982357894e-08,0.0,-0.004314107973686588,1.553566139151146,-1.8099910334967717e-06,3.6860838152852044e-11
6.566110239470215e-08,0.0,-0.004218843448608532,1.5192779278801785,-1.8100201373272284e-06,-3.6860838152852044e-11
6.570516753694859e-08,0.0,-0.004034677438199813,1.4529470150170187,-1.8100092233908072e-06,3.6860838152852044e-11
6.579329782144144e-08,0.0,-0.003689880257026958,1.328787508739483,-1.810010132885509e-06,-3.6860838152852044e-11
6.587931186287365e-08,0.0,-0.0033818386396390725,1.2178506853740745,-1.8100110423802107e-06,3.6860838152852044e-11
6.596267130515892e-08,0.0,-0.003107845348010498,1.1191864972036487,-1.8100105876328598e-06,-3.6860838152852044e-11
6.605167985546647e-08,0.0,-0.0028397476948972254,1.0226360397951293,-1.8100105876328598e-06,3.6860838152852044e-11
6.613731884637881e-08,0.0,-0.0026036463176046225,0.9376157605593652,-1.8100105876328598e-06,-3.6860838152852044e-11
6.622595753913782e-08,0.0,-0.002379934925979749,0.8570507931909581,-1.8100105876328598e-06,3.6860838152852044e-11
6.631181559303477e-08,0.0,-0.00218157945502745,0.7856223284628755,-1.8100110423802107e-06,-3.6860838152852044e-11
6.640001656220603e-08,0.0,-0.001995018035437538,0.7184365551440588,-1.8100105876328598e-06,3.6860838152852044e-11
6.648618154889455e-08,0.0,-0.0018281748278075444,0.6583554006462234,-1.810010132885509e-06,-3.6860838152852044e-11
6.657411767576087e-08,0.0,-0.0016722840591457352,0.6022152407267736,-1.8100105876328598e-06,3.6860838152852044e-11
6.666051657198205e-08,0.0,-0.0015320679922639952,0.5517224163045992,-1.810010132885509e-06,-3.6860838152852044e-11
6.674824679682592e-08,0.0,-0.0014017189752544264,0.5047806809216623,-1.8100110423802107e-06,3.6860838152852044e-11
6.683482012480171e-08,0.0,-0.001283962131433571,0.4623754131987518,-1.810010132885509e-06,-3.6860838152852044e-11
6.692239584674919e-08,0.0,-0.001174905911012768,0.4231018535775374,-1.810010132885509e-06,3.6860838152852044e-11
6.700910122706931e-08,0.0,-0.0010760594761934682,0.3875062695297691,-1.8100110423802107e-06,-3.6860838152852044e-11
6.70965609353831e-08,0.0,-0.0009847776179737603,0.3546337494300906,-1.8100110423802107e-06,3.6860838152852044e-11
6.718336594047107e-08,0.0,-0.0009018359687035351,0.32476555373803884,-1.8100110423802107e-06,-3.6860838152852044e-11
6.727073842492493e-08,0.0,-0.0008254063294788973,0.2972416989566733,-1.8100105876328598e-06,3.6860838152852044e-11
6.735761855091513e-08,0.0,-0.0007558300523216602,0.27218646238311683,-1.810010132885509e-06,-3.6860838152852044e-11
6.74449254555819e-08,0.0,-0.0006918201760681033,0.2491352623901973,-1.8100105876328598e-06,3.6860838152852044e-11
6.7531862197854e-08,0.0,-0.000633468031976267,0.22812192823936664,-1.8100105876328598e-06,-3.6860838152852044e-11
6.761911979098858e-08,0.0,-0.0005798497034828972,0.20881295962479052,-1.8100105876328598e-06,3.6860838152852044e-11
6.770609918251065e-08,0.0,-0.0005309188942602544,0.19119233773261474,-1.810010132885509e-06,-3.6860838152852044e-11
6.779331969704738e-08,0.0,-0.0004859988096952999,0.17501579343302884,-1.810010132885509e-06,3.6860838152852044e-11
6.788033120266227e-08,0.0,-0.0004449731875886779,0.16024191308538682,-1.810010132885509e-06,-3.6860838152852044e-11
6.796752383947045e-08,0.0,-0.0004073362952499159,0.14668819560860274,-1.8100105876328598e-06,3.6860838152852044e-11
6.80545595166211e-08,0.0,-0.00037294186129760117,0.1343022822011394,-1.810010132885509e-06,-3.6860838152852044e-11
6.814173119685806e-08,0.0,-0.00034140478162059053,0.12294522742922685,-1.8100105876328598e-06,3.6860838152852044e-11
6.822878506018058e-08,0.0,-0.0003125716914790437,0.11256202183942864,-1.8100105876328598e-06,-3.6860838152852044e-11
6.831594099029193e-08,0.0,-0.00028614424725045704,0.10304504405599015,-1.810010132885509e-06,3.6860838152852044e-11
6.840300853108211e-08,0.0,-0.0002619745256506209,0.09434117727286477,-1.8100105876328598e-06,-3.6860838152852044e-11
6.849015262742945e-08,0.0,-0.00023982785807189437,0.08636578628392451,-1.810009678138158e-06,3.6860838152852044e-11
6.857723045055805e-08,0.0,-0.00021956805961042335,0.0790699349364279,-1.8100105876328598e-06,-3.6860838152852044e-11
6.866436565874603e-08,0.0,-0.00020100813124120613,0.07238619338753681,-1.8100110423802107e-06,3.6860838152852044e-11
6.875145120850912e-08,0.0,-0.0001840262494994227,0.06627076491627906,-1.810010132885509e-06,-3.6860838152852044e-11
6.883857974362426e-08,0.0,-0.00016847177851374778,0.06066934160062766,-1.8100110423802107e-06,3.6860838152852044e-11
6.892567109686238e-08,0.0,-0.000154237780891324,0.055543464935446825,-1.8100105876328598e-06,-3.6860838152852044e-11
6.901279462427029e-08,0.0,-0.00014120183672757094,0.050849006770646944,-1.8100110423802107e-06,3.6860838152852044e-11
6.909989033431757e-08,0.0,-0.000129271279296713,0.04655263205287297,-1.810010132885509e-06,-3.6860838152852044e-11
6.918701010574028e-08,0.0,-0.00011834591389128801,0.04261822931876484,-1.810010132885509e-06,3.6860838152852044e-11
6.927410908476383e-08,0.0,-0.00010834616377329097,0.03901716655062102,-1.8100105876328598e-06,-3.6860838152852044e-11
6.936122604071405e-08,0.0,-9.918956612316143e-05,0.03571972688674292,-1.810010132885509e-06,3.6860838152852044e-11
6.944832747102618e-08,0.0,-9.080822579038124e-05,0.03270147747124237,-1.810010132885509e-06,-3.6860838152852044e-11
6.953544231791605e-08,0.0,-8.313397823237885e-05,0.029937856783680383,-1.8100105876328598e-06,3.6860838152852044e-11
6.962254558514465e-08,0.0,-7.610916572623537e-05,0.02740811336912226,-1.8100110423802107e-06,-3.6860838152852044e-11
6.970965885332827e-08,0.0,-6.96772534318966e-05,0.025091878131418242,-1.8100110423802107e-06,3.6860838152852044e-11
6.979676349607203e-08,0.0,-6.378944465997431e-05,0.022971586957357338,-1.8100105876328598e-06,-3.6860838152852044e-11
6.988387558353094e-08,0.0,-5.839872932400081e-05,0.02103030381386316,-1.810010132885509e-06,3.6860838152852044e-11
6.997098125544353e-08,0.0,-5.346391373774713e-05,0.019253200006803306,-1.810010132885509e-06,-3.6860838152852044e-11
7.005809246066383e-08,0.0,-4.894583115499352e-05,0.017626166133787553,-1.8100105876328598e-06,3.6860838152852044e-11
7.014519890190533e-08,0.0,-4.4809770834407003e-05,0.01613670634366765,-1.8100105876328598e-06,-3.6860838152852044e-11
7.023230944861325e-08,0.0,-4.102305217792605e-05,0.014773048472562767,-1.8100105876328598e-06,3.6860838152852044e-11
7.031941646436196e-08,0.0,-3.755646737004359e-05,0.013524677130538128,-1.810010132885509e-06,-3.6860838152852044e-11
7.040652652013477e-08,0.0,-3.438271715499263e-05,0.012381759085086635,-1.810009678138158e-06,3.6860838152852044e-11
7.049363396441537e-08,0.0,-3.1477249345816574e-05,0.011335454656864339,-1.810010132885509e-06,-3.6860838152852044e-11
7.058074365467807e-08,0.0,-2.881724058357567e-05,0.010377543167230942,-1.8100105876328598e-06,3.6860838152852044e-11
7.066785141819495e-08,0.0,-2.6382067902886553e-05,0.009500599317230428,-1.810009678138158e-06,-3.6860838152852044e-11
7.075496083674123e-08,0.0,-2.4152637835079386e-05,0.008697746116198238,-1.8100105876328598e-06,3.6860838152852044e-11
7.084206883773045e-08,0.0,-2.2111637616368394e-05,0.007962749907769788,-1.8100105876328598e-06,-3.6860838152852044e-11
7.092917805463219e-08,0.0,-2.0243086486334945e-05,0.007289854981282058,-1.8100105876328598e-06,3.6860838152852044e-11
7.101628623198293e-08,0.0,-1.8532456675961456e-05,0.006673830313591925,-1.8100105876328598e-06,-3.6860838152852044e-11
7.110339529953432e-08,0.0,-1.6966367905792206e-05,0.006109856907913937,-1.810010132885509e-06,3.6860838152852044e-11
7.11905036076187e-08,0.0,-1.5532633212575306e-05,0.005593546502406937,-1.8100105876328598e-06,-3.6860838152852044e-11
7.127761256479937e-08,0.0,-1.4220046643821688e-05,0.005120863276370923,-1.810010132885509e-06,3.6860838152852044e-11
7.136472096958919e-08,0.0,-1.3018387255190993e-05,0.004688126823480455,-1.8100105876328598e-06,-3.6860838152852044e-11
7.145182984541261e-08,0.0,-1.1918268221866779e-05,0.004291956535487615,-1.8100110423802107e-06,3.6860838152852044e-11
7.15389383215643e-08,0.0,-1.0911118938313613e-05,0.0039292662225177055,-1.8100105876328598e-06,-3.6860838152852044e-11
7.162604713759425e-08,0.0,-9.989075234936691e-06,0.003597223689068759,-1.810010132885509e-06,3.6860838152852044e-11
7.171315566625961e-08,0.0,-9.144951291579304e-06,0.003293241361167579,-1.8100105876328598e-06,-3.6860838152852044e-11
7.180026443849378e-08,0.0,-8.372157877778781e-06,0.003014946225041167,-1.8100105876328598e-06,3.6860838152852044e-11
7.188737300567903e-08,0.0,-7.664670785200451e-06,0.00276016897476252,-1.8100105876328598e-06,-3.6860838152852044e-11
7.197448175364687e-08,0.0,-7.0169685258888586e-06,0.002526921146444357,-1.810010132885509e-06,3.6860838152852044e-11
7.206159034466173e-08,0.0,-6.424001221107162e-06,0.0023133842731518795,-1.8100105876328598e-06,-3.6860838152852044e-11
7.214869907165304e-08,0.0,-5.881141740904329e-06,0.0021178919905185255,-1.810010132885509e-06,3.6860838152852044e-11
7.223580768046115e-08,0.0,-5.384157124849437e-06,0.0019389199942066724,-1.810010132885509e-06,-3.6860838152852044e-11
7.232291639190464e-08,0.0,-4.929169622678808e-06,0.0017750718021384932,-1.8100110423802107e-06,3.6860838152852044e-11
7.241002501423785e-08,0.0,-4.512631147514797e-06,0.0016250697280524877,-1.8100105876328598e-06,-3.6860838152852044e-11
7.249713371395429e-08,0.0,-4.13129188126041e-06,0.0014877434312531,-1.810010132885509e-06,3.6860838152852044e-11
7.25842423464745e-08,0.0,-3.782177865851426e-06,0.0013620219674100977,-1.8100105876328598e-06,-3.6860838152852044e-11
7.267135103734292e-08,0.0,-3.4625654811255766e-06,0.001246924497117451,-1.8100105876328598e-06,3.6860838152852044e-11
7.275845967754604e-08,0.0,-3.169962037085637e-06,0.0011415533806813354,-1.8100110423802107e-06,-3.6860838152852044e-11
7.284556836174254e-08,0.0,-2.902084879023419e-06,0.0010450865836501956,-1.8100110423802107e-06,3.6860838152852044e-11
7.29326770077396e-08,0.0,-2.656844728467333e-06,0.0009567717359097258,-1.810010132885509e-06,-3.6860838152852044e-11
7.301978568690473e-08,0.0,-2.4323284815354907e-06,0.0008759198884978607,-1.810010132885509e-06,3.6860838152852044e-11
7.310689433727096e-08,0.0,-2.226785000279463e-06,0.0008019004373711973,-1.8100105876328598e-06,-3.6860838152852044e-11
7.319400301264202e-08,0.0,-2.038610890267478e-06,0.0007341359678913527,-1.8100105876328598e-06,3.6860838152852044e-11
7.328111166630285e-08,0.0,-1.8663384377275643e-06,0.0006720979389829664,-1.810010132885509e-06,-3.6860838152852044e-11
7.336822033881308e-08,0.0,-1.7086238112025767e-06,0.0006153024108617788,-1.810010132885509e-06,3.6860838152852044e-11
7.345532899495807e-08,0.0,-1.564236854898516e-06,0.0005633063890557911,-1.8100105876328598e-06,-3.6860838152852044e-11
7.354243766531122e-08,0.0,-1.432051276313763e-06,0.0005157042744739482,-1.8100105876328598e-06,3.6860838152852044e-11
7.362954632332926e-08,0.0,-1.311036031519242e-06,0.00047212477473552105,-1.8100105876328598e-06,-3.6860838152852044e-11
7.371665499205601e-08,0.0,-1.2002471486567401e-06,0.0004322279483216092,-1.8100110423802107e-06,3.6860838152852044e-11
7.38037636514862e-08,0.0,-1.0988204701217382e-06,0.0003957026003932956,-1.810010132885509e-06,-3.6860838152852044e-11
7.389087231898685e-08,0.0,-1.005964829220974e-06,0.0003622638176997964,-1.8100105876328598e-06,3.6860838152852044e-11
7.397798097948165e-08,0.0,-9.209559437795775e-07,0.0003316507761563537,-1.8100105876328598e-06,-3.6860838152852044e-11
7.406508964605793e-08,0.0,-8.431307157306253e-07,0.0003036246825439022,-1.8100110423802107e-06,3.6860838152852044e-11
7.415241899111678e-08,0.0,-7.717092403854894e-07,0.0002779046818176737,-1.8100105876328598e-06,-3.6860838152852044e-11
7.424356012304431e-08,0.0,-7.036104080052662e-07,0.0002533812169231856,-1.810010132885509e-06,3.6860838152852044e-11
7.4336598476433e-08,0.0,-6.40286585264714e-07,0.00023057730869330953,-1.810010132885509e-06,-3.6860838152852044e-11
7.443347398464664e-08,0.0,-5.803963539722199e-07,0.00020900989070058132,-1.8100110423802107e-06,3.6860838152852044e-11
7.453259062512795e-08,0.0,-5.249121680816638e-07,0.00018902915943915714,-1.810010132885509e-06,-3.6860838152852044e-11
7.463259062512794e-08,0.0,-4.7430644470051894e-07,0.00017080523936746983,-1.8100105876328598e-06,3.6860838152852044e-11
7.473259062512794e-08,0.0,-4.285795166466699e-07,0.00015433825068014836,-1.8100105876328598e-06,-3.6860838152852044e-11
7.483259062512793e-08,0.0,-3.8726102986856205e-07,0.00013945881116539778,-1.8100105876328598e-06,3.6860838152852044e-11
7.493259062512793e-08,0.0,-3.499259747775436e-07,0.00012601386840888618,-1.8100105876328598e-06,-3.6860838152852044e-11
7.503259062512792e-08,0.0,-3.161903173168145e-07,0.00011386512547091187,-1.8100105876328598e-06,3.6860838152852044e-11
7.513259062512791e-08,0.0,-2.8570704634176336e-07,0.00010288761834084063,-1.8100105876328598e-06,-3.6860838152852044e-11
7.523259062512791e-08,0.0,-2.581626062376543e-07,9.296843053630888e-05,-1.8100105876328598e-06,3.6860838152852044e-11
7.53325906251279e-08,0.0,-2.3327366989846298e-07,8.400553162531112e-05,-1.8100105876328598e-06,-3.6860838152852044e-11
7.54325906251279e-08,0.0,-2.1078422585841044e-07,7.590672772404292e-05,-1.8100105876328598e-06,3.6860838152852044e-11
7.553259062512789e-08,0.0,-1.9046294364999335e-07,6.858871317512013e-05,-1.8100105876328598e-06,-3.6860838152852044e-11
7.563259062512789e-08,0.0,-1.7210079537976506e-07,6.197621365159754e-05,-1.8100105876328598e-06,3.6860838152852044e-11
7.573259062512788e-08,0.0,-1.5550890471068303e-07,5.600121187259345e-05,-1.8100105876328598e-06,-3.6860838152852044e-11
7.583259062512787e-08,0.0,-1.4051660483500006e-07,5.060224796611594e-05,-1.8100105876328598e-06,3.6860838152852044e-11
7.593259062512787e-08,0.0,-1.2696968229536882e-07,4.5723787282492754e-05,-1.8100105876328598e-06,-3.6860838152852044e-11
7.603259062512786e-08,0.0,-1.147287912924283e-07,4.1315649155638274e-05,-1.8100105876328598e-06,3.6860838152852044e-11
7.613259062512786e-08,0.0,-1.036680198613377e-07,3.7332490736290675e-05,-1.8100105876328598e-06,-3.6860838152852044e-11
7.623259062512785e-08,0.0,-9.367359513770971e-08,3.373334058784932e-05,-1.8100105876328598e-06,3.6860838152852044e-11
7.633259062512785e-08,0.0,-8.464271271433193e-08,3.0481177247294e-05,-1.8100105876328598e-06,-3.6860838152852044e-11
7.643259062512784e-08,0.0,-7.648247948214747e-08,2.754254841619859e-05,-1.8100105876328598e-06,3.6860838152852044e-11
7.653259062512783e-08,0.0,-6.910895785620392e-08,2.4887226864769003e-05,-1.8100105876328598e-06,-3.6860838152852044e-11
7.663259062512783e-08,0.0,-6.244630260152562e-08,2.2487899509480752e-05,-1.8100105876328598e-06,3.6860838152852044e-11
7.673259062512782e-08,0.0,-5.642598048677091e-08,2.0319886466112975e-05,-1.8100105876328598e-06,-3.6860838152852044e-11
7.683259062512782e-08,0.0,-5.0986065501650176e-08,1.8360887188314208e-05,-1.8100105876328598e-06,3.6860838152852044e-11
7.693259062512781e-08,0.0,-4.607060173754723e-08,1.659075108043596e-05,-1.8100105876328598e-06,-3.6860838152852044e-11
7.70325906251278e-08,0.0,-4.16290279334709e-08,1.4991270225121394e-05,-1.8100105876328598e-06,3.6860838152852044e-11
7.71325906251278e-08,0.0,-3.761565729381855e-08,1.354599209360841e-05,-1.8100105876328598e-06,-3.6860838152852044e-11
7.72325906251278e-08,0.0,-3.398920763224452e-08,1.2240050312255389e-05,-1.8100105876328598e-06,3.6860838152852044e-11
7.733259062512779e-08,0.0,-3.0712376662794227e-08,1.1060011744524343e-05,-1.8100105876328598e-06,-3.6860838152852044e-11
7.743259062512778e-08,0.0,-2.7751458364941394e-08,9.993738315482212e-06,-1.8100105876328598e-06,3.6860838152852044e-11
7.753259062512778e-08,0.0,-2.5075996224361205e-08,9.0302621575229e-06,-1.8100105876328598e-06,-3.6860838152852044e-11
7.763259062512777e-08,0.0,-2.2658469997720443e-08,8.159672793038869e-06,-1.8100105876328598e-06,3.6860838152852044e-11
7.773259062512777e-08,0.0,-2.0474012595892902e-08,7.373015193583516e-06,-1.8100105876328598e-06,-3.6860838152852044e-11
7.783259062512776e-08,0.0,-1.850015433014154e-08,6.662197666944429e-06,-1.8100105876328598e-06,3.6860838152852044e-11
7.793259062512775e-08,0.0,-1.6716591756752757e-08,6.0199086246379044e-06,-1.8100105876328598e-06,-3.6860838152852044e-11
7.803259062512775e-08,0.0,-1.5104978856632628e-08,5.439541373681692e-06,-1.8100105876328598e-06,3.6860838152852044e-11
7.813259062512774e-08,0.0,-1.3648738304375338e-08,4.915126159041096e-06,-1.8100105876328598e-06,-3.6860838152852044e-11
7.823259062512774e-08,0.0,-1.2332890968789793e-08,4.441268757725935e-06,-1.8100105876328598e-06,3.6860838152852044e-11
7.833259062512773e-08,0.0,-1.1143901819937996e-08,4.013094992906677e-06,-1.8100105876328598e-06,-3.6860838152852044e-11
7.843259062512773e-08,0.0,-1.0069540718445262e-08,3.626200597312844e-06,-1.8100105876328598e-06,3.6860838152852044e-11
7.853259062512772e-08,0.0,-9.098756603207263e-09,3.276605910199991e-06,-1.8100105876328598e-06,-3.6860838152852044e-11
7.863259062512771e-08,0.0,-8.221563827738806e-09,2.9607149418908116e-06,-1.8100105876328598e-06,3.6860838152852044e-11
7.873259062512771e-08,0.0,-7.428939438093809e-09,2.675278384821222e-06,-1.8100105876328598e-06,-3.6860838152852044e-11
7.88325906251277e-08,0.0,-6.7127303681081875e-09,2.4173601906169603e-06,-1.8100105876328598e-06,3.6860838152852044e-11
7.89325906251277e-08,0.0,-6.065569569735794e-09,2.1843073694067795e-06,-1.8100105876328598e-06,-3.6860838152852044e-11
7.903259062512769e-08,0.0,-5.4808002393538005e-09,1.973722700722999e-06,-1.8100105876328598e-06,3.6860838152852044e-11
7.913259062512769e-08,0.0,-4.9524073404930745e-09,1.783440075289065e-06,-1.8100105876328598e-06,-3.6860838152852044e-11
7.923259062512768e-08,0.0,-4.474955735809755e-09,1.6115022140556792e-06,-1.8100105876328598e-06,3.6860838152852044e-11
7.933259062512767e-08,0.0,-4.043534277232327e-09,1.4561405352996986e-06,-1.8100105876328598e-06,-3.6860838152852044e-11
7.943259062512767e-08,0.0,-3.6537052917333906e-09,1.3157569626954504e-06,-1.8100105876328598e-06,3.6860838152852044e-11
7.953259062512766e-08,0.0,-3.3014589323991003e-09,1.188907487233189e-06,-1.8100105876328598e-06,-3.6860838152852044e-11
7.963259062512766e-08,0.0,-2.9831719344206694e-09,1.0742873138998625e-06,-1.8100105876328598e-06,3.6860838152852044e-11
7.973259062512765e-08,0.0,-2.695570343916294e-09,9.707174403384172e-07,-1.8100105876328598e-06,-3.6860838152852044e-11
7.983259062512765e-08,0.0,-2.43569584291643e-09,8.7713252943151e-07,-1.8100105876328598e-06,3.6860838152852044e-11
7.993259062512764e-08,0.0,-2.200875318391139e-09,7.925699510649558e-07,-1.8100105876328598e-06,-3.6860838152852044e-11
8e-08,0.0,-2.055561920616829e-09,7.402403022042052e-07,-1.8100110423802107e-06,3.6860838152852044e-11
8.000000154820834e-08,2.554543765956167e-06,-2.0555586969400446e-09,7.402391413690015e-07,-1.8139127746508166e-06,-0.007424999976411574
8.000000464462504e-08,7.663631319706068e-06,-2.0555522499473953e-09,7.402368197022347e-07,-1.8139127746508166e-06,-0.0074250000450166494
8.000001083745844e-08,1.788180642720587e-05,-2.0555393561722537e-09,7.40232176390546e-07,-1.8139127746508166e-06,-0.00742499999180853
8.000002322312523e-08,3.831815662036791e-05,-2.055513568595499e-09,7.402228898545478e-07,-1.8139127746508166e-06,-0.007425000059942358
8.000004799445881e-08,7.919085702852956e-05,-2.055461994203211e-09,7.402043171320604e-07,-1.8120501295015856e-06,-0.00742500006133043
8.000009753712596e-08,0.00016093625782301528,-2.0553588494932037e-09,7.401671730850768e-07,-1.8111188069269701e-06,-0.007425000179150924
8.000019662246025e-08,0.0003244270594119867,-2.055152575545126e-09,7.400928905827232e-07,-1.8106531456396624e-06,-0.007425000307681645
8.000039479312886e-08,0.0006514086626117671,-2.0547400897746546e-09,7.399443479416664e-07,-1.8101874843523547e-06,-0.007425000672845128
8.000079113446606e-08,0.0013053718689894904,-2.053915366556965e-09,7.396473520917137e-07,-1.8100710690305277e-06,-0.0074250012925906606
8.000158381714047e-08,0.002613298281766775,-2.0522669130040822e-09,7.390537179410075e-07,-1.8100128613696143e-06,-0.007425002643902834
8.000316918248929e-08,0.005229151107321342,-2.0489739734066213e-09,7.378678784021411e-07,-1.8100128613696143e-06,-0.007425005234210191
8.000633991318693e-08,0.01046085675843048,-2.0424039324418932e-09,7.355019029212623e-07,-1.8100274132848426e-06,-0.007425010527141618
8.001268137458221e-08,0.020924268060648753,-2.0293269499275017e-09,7.307926750502928e-07,-1.810005585412e-06,-0.007425021000686982
8.002536429737278e-08,0.0418510906650853,-2.003423368908114e-09,7.214643865426364e-07,-7.947863224444518e-06,-0.007425042060093645
8.00507301429539e-08,0.08370473587393656,-1.9526018639675735e-09,7.031627602091236e-07,-8.09234460348307e-05,-0.007425084066579046
8.010146183411615e-08,0.16741202629163907,-1.854778030828295e-09,6.679348533872903e-07,-0.00047395027527841194,-0.007425168191886655
8.020146183411614e-08,0.33241202629162964,-1.6759626211596836e-09,6.035406011071668e-07,-0.002213349691089661,-0.00742533390459954
8.030146183411614e-08,0.49741202629162024,-1.5143864445429413e-09,5.453544688340883e-07,-0.005232749107364043,-0.007425499692217841
8.040146183411613e-08,0.6624120262916108,-1.3683875012858325e-09,4.927779442372611e-07,-0.009532148523618389,-0.00742566540492362
8.040936248665277e-08,0.6754481029770615,-1.3574804613872658e-09,4.888501469623126e-07,-0.009926388189199997,-0.007425678537728686
8.042516379172603e-08,0.7015202563479409,-1.3359261573245743e-09,4.81088101755302e-07,-0.010738836987826517,-0.007425704690959378
8.045676640187255e-08,0.7536645630896999,-1.293836190759259e-09,4.6593084025033177e-07,-0.012459612111086926,-0.007425757109800202
8.046091483797525e-08,0.7605094826591665,-1.288410921096106e-09,4.63977114987279e-07,-0.012694988070194313,-0.00742576394839034
8.046921171018067e-08,0.7741993217980996,-1.2776284861530003e-09,4.6009418992335764e-07,-0.013172348419402624,-0.007425777737921635
8.048580545459148e-08,0.8015790000759441,-1.2563331958996915e-09,4.524254196788652e-07,-0.014153502998368594,-0.007425805204604785
8.048880787217441e-08,0.8065329890877717,-1.2525182782247735e-09,4.510516075918845e-07,-0.014334795348645457,-0.007425810218606443
8.049481270734025e-08,0.8164409671114052,-1.2449231427499915e-09,4.483164793899582e-07,-0.014700841687016464,-0.007425820134130845
8.04966173002044e-08,0.8194185453372483,-1.2426496469429424e-09,4.4749775765466887e-07,-0.014811749047765943,-0.007425823162805045
8.049794700244535e-08,0.8216125540348214,-1.2409770940848756e-09,4.468954449628243e-07,-0.014893737180386779,-0.007425825329249847
8.049889413131017e-08,0.8231753166617755,-1.239787130458029e-09,4.46466920272795e-07,-0.014952274148868128,-0.007425826936668045
8.049969773591334e-08,0.8245012642570095,-1.238778384187562e-09,4.4610365481347294e-07,-0.015002030683120893,-0.007425828230864795
8.050041875923345e-08,0.8256909527351893,-1.2378739988961784e-09,4.457779713915545e-07,-0.01499476235571251,-0.0074258294637559175
8.050115320829619e-08,0.8269027936887073,-1.2369534523987537e-09,4.454464680638038e-07,-0.01494931114763176,-0.007425830643498443
8.050170003365675e-08,0.8278050555336299,-1.236268515018471e-09,4.4519981129949454e-07,-0.014915484234677479,-0.0074258315875823655
8.050244163121276e-08,0.829028691501058,-1.2353402176183222e-09,4.4486551674849837e-07,-0.014869715698637265,-0.007425832778864105
8.05039248263248e-08,0.8314759634359138,-1.2334857131686305e-09,4.441976804157316e-07,-0.014778246224580016,-0.007425835275185477
8.050689121654887e-08,0.8363705073056258,-1.229785050002109e-09,4.4286501318101656e-07,-0.014596503829892526,-0.007425840154070329
8.051282399699701e-08,0.8461595950450713,-1.2224169816025013e-09,4.4021165541841735e-07,-0.014236116476126881,-0.007425850025597924
8.05246895578933e-08,0.8657377705239407,-1.2078128832131022e-09,4.349524890091217e-07,-0.013528857701430752,-0.007425869654824169
8.054842067968587e-08,0.9048941214816795,-1.1791249996557319e-09,4.2462152919630554e-07,-0.012168404148923173,-0.007425909027162447
8.059588292327102e-08,0.9832068233971789,-1.1237694184424926e-09,4.0468711041039377e-07,-0.009663752781335688,-0.0074259876579674255
8.069080741044132e-08,1.1398322272281776,-1.0206756738663005e-09,3.675614252747476e-07,-0.005519473259994356,-0.007426145033406328
8.079080741044132e-08,1.304832227228168,-9.222743904084883e-10,3.3212556947600866e-07,-0.0024011201740563592,-0.007426310745614728
8.089080741044131e-08,1.4698322272281588,-8.33359776257247e-10,3.001060130760721e-07,-0.0005627670881551694,-0.007426476533737514
8.09908074104413e-08,1.6348322272281492,-7.530172407530382e-10,2.7117339753909364e-07,-1.8100105876328598e-06,-0.007426642245917492
8.10908074104413e-08,1.7998322272281397,-6.804203670817625e-10,2.450301171214965e-07,-1.8100105876328598e-06,-0.0074268080340402776
8.119080741044129e-08,1.9648322272281304,-6.148224116037662e-10,2.2140725764930044e-07,-1.8100105876328598e-06,-0.007426973746248677
8.129080741044129e-08,2.129832227228121,-5.555486227316437e-10,2.0006183042175544e-07,-1.8100105876328598e-06,-0.007427139534371463
8.139080741044128e-08,2.294832227228112,-5.019893003143782e-10,1.8077427278874788e-07,-1.8100105876328598e-06,-0.0074273052466082845
8.149080741044128e-08,2.4598322272281017,-4.53593524166092e-10,1.6334618969249905e-07,-1.8100105876328598e-06,-0.0074274710347026485
8.159080741044127e-08,2.6248322272280924,-4.09863487202434e-10,1.4759831294267373e-07,-1.8100105876328598e-06,-0.007427636746911048
8.169080741044126e-08,2.789832227228083,-3.703493749183618e-10,1.3336865723366088e-07,-1.8100105876328598e-06,-0.007427802535062256
8.179080741044126e-08,2.954832227228074,-3.3464473851639565e-10,1.2051085393650918e-07,-1.8100105876328598e-06,-0.007427968247213812
8.189080741044125e-08,3.1198322272280645,-3.0238231410950736e-10,1.0889264552662241e-07,-1.8100105876328598e-06,-0.007428134035308176
8.199080741044125e-08,3.2848322272280552,-2.7323024498005575e-10,9.83945251606448e-08,-1.8100105876328598e-06,-0.007428299747630263
8.2e-08,3.3000000000000003,-2.7069792521129296e-10,9.748259682992344e-08,-1.8099983094543859e-06,-0.007428315022309562
8.200007677035825e-08,3.3000000000000003,-2.706768770652671e-10,9.747501706028758e-08,-1.8101874843523547e-06,-3.315003425541363e-06
8.200023031107471e-08,3.3000000000000003,-2.7063478404613005e-10,9.745985869974745e-08,-1.8101874843523547e-06,-3.315003425541363e-06
8.200053739250765e-08,3.3000000000000003,-2.70550617646471e-10,9.74295490499569e-08,-1.8099546537087008e-06,-3.3150033118545252e-06
8.200115155537354e-08,3.3000000000000003,-2.703823633590063e-10,9.736895802454075e-08,-1.8099546537087008e-06,-3.315003368697944e-06
8.200237988110529e-08,3.3000000000000003,-2.7004616859625006e-10,9.72478889824777e-08,-1.8099546537087008e-06,-3.3150033118545252e-06
8.200483653256882e-08,3.3000000000000003,-2.6937503237084506e-10,9.700620223128663e-08,-1.8099837575391575e-06,-3.3150033118545252e-06
8.200974983549586e-08,3.3000000000000003,-2.6803775756280904e-10,9.652462845919632e-08,-1.8100128613696143e-06,-3.3150033118545252e-06
8.201957644134996e-08,3.3000000000000003,-2.653830747773501e-10,9.556863527424275e-08,-1.8099983094543859e-06,-3.3150033118545252e-06
8.203922965305814e-08,3.3000000000000003,-2.601521975563121e-10,9.368491379827613e-08,-1.8100237753060355e-06,-3.315003368697944e-06
8.207853607647449e-08,3.3000000000000003,-2.4999673671398926e-10,9.002777200773889e-08,-1.8100092233908072e-06,-3.315003368697944e-06
8.215714892330721e-08,3.3000000000000003,-2.308523506356943e-10,8.313357631642179e-08,-1.810010132885509e-06,-3.315003368697944e-06
8.22571489233072e-08,3.3000000000000003,-2.0859634103985683e-10,7.511883586812758e-08,-1.8100105876328598e-06,-3.315003368697944e-06
8.23571489233072e-08,3.3000000000000003,-1.8848598844867041e-10,6.787678038419762e-08,-1.8100105876328598e-06,-3.315003368697944e-06
8.24571489233072e-08,3.3000000000000003,-1.7031443439674983e-10,6.133291686538798e-08,-1.8100105876328598e-06,-3.315003368697944e-06
8.255714892330719e-08,3.3000000000000003,-1.5389476322698665e-10,5.541993403229184e-08,-1.8100105876328598e-06,-3.315003368697944e-06
8.265714892330718e-08,3.3000000000000003,-1.3905807944321717e-10,5.007700995021233e-08,-1.8100105876328598e-06,-3.315003368697944e-06
8.275714892330718e-08,3.3000000000000003,-1.256517704239832e-10,4.524918640452524e-08,-1.8100105876328598e-06,-3.315003368697944e-06
8.285714892330717e-08,3.3000000000000003,-1.135379366225008e-10,4.088680359125136e-08,-1.8100105876328598e-06,-3.315003368697944e-06
8.295714892330717e-08,3.3000000000000003,-1.0259197310953656e-10,3.694498930797085e-08,-1.8100105876328598e-06,-3.315003368697944e-06
8.305714892330716e-08,3.3000000000000003,-9.27012878655426e-11,3.3383197390811395e-08,-1.8100105876328598e-06,-3.315003368697944e-06
8.315714892330715e-08,3.3000000000000003,-8.376414364074656e-11,3.016479064979558e-08,-1.8100105876328598e-06,-3.315003368697944e-06
8.325714892330715e-08,3.3000000000000003,-7.568861146826974e-11,2.7256664012550387e-08,-1.8100105876328598e-06,-3.315003368697944e-06
8.335714892330714e-08,3.3000000000000003,-6.839162506774447e-11,2.46289039999717e-08,-1.8100105876328598e-06,-3.315003368697944e-06
8.345714892330714e-08,3.3000000000000003,-6.179812641119381e-11,2.2254481031153322e-08,-1.8100105876328598e-06,-3.315003368697944e-06
8.355714892330713e-08,3.3000000000000003,-5.5840293663925506e-11,2.0108971392577274e-08,-1.8100105876328598e-06,-3.315003368697944e-06
8.365714892330713e-08,3.3000000000000003,-5.0456843557433247e-11,1.8170306011693817e-08,-1.8100105876328598e-06,-3.315003368697944e-06
8.375714892330712e-08,3.3000000000000003,-4.559240101964357e-11,1.6418543450733974e-08,-1.8100105876328598e-06,-3.315003368697944e-06
8.385714892330711e-08,3.3000000000000003,-4.11969295774301e-11,1.4835664785730852e-08,-1.8100105876328598e-06,-3.315003368697944e-06
8.395714892330711e-08,3.3000000000000003,-3.7225216673222566e-11,1.3405388260840836e-08,-1.8100105876328598e-06,-3.315003368697944e-06
8.40571489233071e-08,3.3000000000000003,-3.363640860086789e-11,1.2113001811467962e-08,-1.8100105876328598e-06,-3.315003368697944e-06
8.41571489233071e-08,3.3000000000000003,-3.039359027771314e-11,1.0945211733496114e-08,-1.8100105876328598e-06,-3.315003368697944e-06
8.425714892330709e-08,3.3000000000000003,-2.7463405529725436e-11,9.890005942015363e-09,-1.8100105876328598e-06,-3.315003368697944e-06
8.435714892330709e-08,3.3000000000000003,-2.4815713984389773e-11,8.936530412998788e-09,-1.8100105876328598e-06,-3.315003368697944e-06
8.445714892330708e-08,3.3000000000000003,-2.2423281041681646e-11,8.074977536988038e-09,-1.8100105876328598e-06,-3.315003368697944e-06
8.446094365864446e-08,3.3000000000000003,-2.2337257776829492e-11,8.04399920111487e-09,-1.8100128613696143e-06,-3.3150033118545252e-06
8.446853312931922e-08,3.3000000000000003,-2.216619939435653e-11,7.982398376810393e-09,-1.8099983094543859e-06,-3.315003368697944e-06
8.448371207066874e-08,3.3000000000000003,-2.1827997526881717e-11,7.860606544569671e-09,-1.8100237753060355e-06,-3.315003368697944e-06
8.448447404762466e-08,3.3000000000000003,-2.181115693743587e-11,7.854541982414909e-09,-1.8098964460477873e-06,-3.315003368697944e-06
8.448599800153649e-08,3.3000000000000003,-2.1777514721702022e-11,7.84242688936303e-09,-1.8099837575391575e-06,-3.315003368697944e-06
8.448904590936015e-08,3.3000000000000003,-2.1710385842686618e-11,7.81825272016198e-09,-1.8099837575391575e-06,-3.3150033118545252e-06
8.449514172500747e-08,3.3000000000000003,-2.157674790087663e-11,7.770127587342739e-09,-1.810005585412e-06,-3.315003368697944e-06
8.450733335630211e-08,3.3000000000000003,-2.131193226399906e-11,7.674763295421547e-09,-1.8099946714755788e-06,-3.315003368697944e-06
8.450794537143558e-08,3.3000000000000003,-2.129872479754356e-11,7.67000707822193e-09,-1.8099546537087008e-06,-3.315003368697944e-06
8.450916940170253e-08,3.3000000000000003,-2.1272334411899524e-11,7.660503483676302e-09,-1.8100128613696143e-06,-3.315003368697944e-06
8.45116174622364e-08,3.3000000000000003,-2.1219651677589006e-11,7.641531599267867e-09,-1.8099837575391575e-06,-3.315003368697944e-06
8.451174035390772e-08,3.3000000000000003,-2.121701046839631e-11,7.640580458154474e-09,-1.8101874843523547e-06,-3.315003368697944e-06
8.451198613725038e-08,3.3000000000000003,-2.1211729036346898e-11,7.638678531071068e-09,-1.8099546537087008e-06,-3.315003368697944e-06
8.45124777039357e-08,3.3000000000000003,-2.120117011572795e-11,7.634876097035802e-09,-1.8099546537087008e-06,-3.315003368697944e-06
8.451346083730633e-08,3.3000000000000003,-2.1180068038776326e-11,7.627276905957757e-09,-1.8100128613696143e-06,-3.315003368697944e-06
8.451351019021228e-08,3.3000000000000003,-2.117900927683654e-11,7.626895629045652e-09,-1.8111188069269701e-06,-3.315003482384782e-06
8.451360889602417e-08,3.3000000000000003,-2.1176891911553607e-11,7.626133132398517e-09,-1.8106531456396624e-06,-3.315003368697944e-06
8.45136138510168e-08,3.3000000000000003,-2.117678562584385e-11,7.626094857378583e-09,-1.8064621940538927e-06,-3.315003027637431e-06
8.451362376100207e-08,3.3000000000000003,-2.1176573057848557e-11,7.62601830791501e-09,-1.8064621940538927e-06,-3.315003482384782e-06
8.451364358097259e-08,3.3000000000000003,-2.1176147924970134e-11,7.62586521129303e-09,-1.8064621940538927e-06,-3.315003482384782e-06
8.451364457592726e-08,3.3000000000000003,-2.117612658871105e-11,7.625857525984316e-09,-1.8884185806200549e-06,-3.315006665616238e-06
8.451364656583659e-08,3.3000000000000003,-2.1176083903484197e-11,7.625842155390126e-09,-1.8288139358446642e-06,-3.3150048466268345e-06
8.451365054565524e-08,3.3000000000000003,-2.1175998536389435e-11,7.625811414294681e-09,-1.8288139358446642e-06,-3.3150039371321327e-06
8.451365074544056e-08,3.3000000000000003,-2.1175994234836006e-11,7.625809871107143e-09,-1.8884185806200549e-06,-3.3150175795526593e-06
8.45136511450112e-08,3.3000000000000003,-2.1175985672374133e-11,7.625806784733002e-09,-1.7692092910692736e-06,-3.315003027637431e-06
8.451365194415248e-08,3.3000000000000003,-2.1175968540675037e-11,7.625800611988472e-09,-1.8288139358446642e-06,-3.315010303595045e-06
8.451365354243503e-08,3.3000000000000003,-2.1175934260336784e-11,7.625788266514402e-09,-1.799011613456969e-06,-3.315006665616238e-06
8.451365673900012e-08,3.3000000000000003,-2.1175865694561432e-11,7.625763575626222e-09,-1.8139127746508166e-06,-3.3150048466268345e-06
8.451365691704233e-08,3.3000000000000003,-2.117586191962871e-11,7.625762200396082e-09,-1.4115814224169299e-06,-3.3150175795526593e-06
8.451365727312674e-08,3.3000000000000003,-2.117585424444014e-11,7.625759449936549e-09,-1.530790711967711e-06,-3.315003027637431e-06
8.451365733252868e-08,3.3000000000000003,-2.117585302859561e-11,7.625758991105399e-09,-6.963256851122424e-07,-3.3150757872135728e-06
8.451365745133258e-08,3.3000000000000003,-2.11758503801318e-11,7.625758073443182e-09,-1.1731628433153674e-06,-3.3150175795526593e-06
8.451365768894037e-08,3.3000000000000003,-2.117584527288196e-11,7.625756238119088e-09,-1.6500000015184924e-06,-3.3150321314678877e-06
8.451365773746341e-08,3.3000000000000003,-2.117584432964656e-11,7.625755863318709e-09,-2.6036743179247424e-06,-3.3150175795526593e-06
8.451365783450948e-08,3.3000000000000003,-2.1175842226400987e-11,7.625755113718006e-09,-2.1268371597216174e-06,-3.3150175795526593e-06
8.451365786551928e-08,3.3000000000000003,-2.117584159444441e-11,7.625754874193008e-09,-1.6500000015184924e-06,-3.3151339948744862e-06
8.451365792753887e-08,3.3000000000000003,-2.1175840222143888e-11,7.625754395143036e-09,-1.6500000015184924e-06,-3.3150175795526593e-06
8.451365795232864e-08,3.3000000000000003,-2.1175839629826447e-11,7.625754203662643e-09,-1.6500000015184924e-06,-3.3151339948744862e-06
8.451365797197859e-08,3.3000000000000003,0.3782563715888476,1.1379651478604206e-08,-0.011466249551216594,-3.3149011642308324e-06
8.451365799329539e-08,3.3000000000000003,0.37826327166451096,1.9524389785046462e-08,-0.011460736358510016,-3.3149011642308324e-06
8.451365800560851e-08,3.3000000000000003,0.3782672573018296,2.422906172813026e-08,-0.011468486391361563,-3.3149011642308324e-06
8.451365802389951e-08,3.3000000000000003,0.37827317790082493,3.121789272681743e-08,-0.01146103620305387,-3.3151339948744862e-06
8.451365806048153e-08,3.3000000000000003,0.3782850190161921,4.519588249806791e-08,-0.01146330196162902,-3.3150175795526593e-06
8.451365813364556e-08,3.3000000000000003,0.3783087009172096,7.315317312077619e-08,-0.01146497244580414,-3.3150175795526593e-06
8.451365827997361e-08,3.3000000000000003,0.37835606340124434,1.2907299856476634e-07,-0.011466882862569297,-3.3150175795526593e-06
8.451365857262973e-08,3.3000000000000003,0.3784507830961854,2.4093362526895635e-07,-0.011470226698519322,-3.315003027637431e-06
8.451365915794195e-08,3.3000000000000003,0.3786402013967338,4.647387741181077e-07,-0.011475960054463155,-3.315010303595045e-06
8.451366032856639e-08,3.3000000000000003,0.37901895365546423,9.126845909977268e-07,-0.011487543409563412,-3.315003027637431e-06
8.451366266981529e-08,3.3000000000000003,0.37977612092903795,1.8099178009949332e-06,-0.011510461440681371,-3.3150048466268345e-06
8.451366735231308e-08,3.3000000000000003,0.3812891075012745,3.6097465247168763e-06,-0.011556286293670462,-3.315003027637431e-06
8.451367671730866e-08,3.3000000000000003,0.3843096967400993,7.230821219989028e-06,-0.011647712591962513,-3.3150039371321327e-06
8.451369544729983e-08,3.3000000000000003,0.39032940338040284,1.4558384546908993e-05,-0.01182991936762494,-3.315003482384782e-06
8.451373290728215e-08,3.3000000000000003,0.40228343687763235,2.9553137359474787e-05,-0.012191722237172752,-3.3150032550111064e-06
8.45138078272468e-08,3.3000000000000003,0.42585400226440656,6.088508283203794e-05,-0.012905056843371206,-3.315003368697944e-06
8.451395227081194e-08,3.3000000000000003,0.4700560127037707,0.00012622922886887803,-0.014242576247239408,-3.3150033118545252e-06
8.451409222793949e-08,3.3000000000000003,0.5113674275511751,0.00019557880779799556,-0.01549237757794141,-3.315003368697944e-06
8.451423278384911e-08,3.3000000000000003,0.5514056317922117,0.00027098964372207886,-0.016703410890080258,-3.3150032550111064e-06
8.451438224774457e-08,3.3000000000000003,0.592444644162138,0.0003572878322441637,-0.017944443733625127,-3.315003368697944e-06
8.451453485009975e-08,3.3000000000000003,0.6327708705157854,0.00045165516887814636,-0.019163630837172967,-3.3150033118545252e-06
8.451470923208497e-08,3.3000000000000003,0.6769830965266874,0.0005669177325863465,-0.02049994736754995,-3.315003368697944e-06
8.451489327367524e-08,3.3000000000000003,0.7215719321387712,0.0006967963768307957,-0.021847233076668787,-3.3150033118545252e-06
8.451509931955972e-08,3.3000000000000003,0.7690853787448065,0.0008517583620538691,-0.023282385719076353,-3.3150032550111064e-06
8.451531705918476e-08,3.3000000000000003,0.8166695767123799,0.0010259365644835654,-0.024719100568940916,-3.315003368697944e-06
8.451555768055113e-08,3.3000000000000003,0.86628832174687,0.0012301854321208569,-0.026216559162491267,-3.315003368697944e-06
8.451581297737671e-08,3.3000000000000003,0.9157264261644077,0.0014596076607306656,-0.02770778055533967,-3.315003425541363e-06
8.451609291621188e-08,3.3000000000000003,0.9663831723535015,0.0017252561463896093,-0.029234834172854194,-3.315003368697944e-06
8.451639102566101e-08,3.3000000000000003,1.016517761355498,0.002023237986541227,-0.030745084757366457,-3.315003368697944e-06
8.451671636599155e-08,3.3000000000000003,1.0670776005768319,0.002364879386637287,-0.032266898887556655,-3.315003368697944e-06
8.451706408802472e-08,3.3000000000000003,1.1166982417448066,0.002747490140355745,-0.03375901003596135,-3.3150033118545252e-06
8.451744270187766e-08,3.3000000000000003,1.1659787221695002,0.003182847621308712,-0.035239214557235894,-3.315003368697944e-06
8.451784557906634e-08,3.3000000000000003,1.2134731440304265,0.0036656091321505798,-0.03666385781985221,-3.315003368697944e-06
8.451826807461666e-08,3.3000000000000003,1.2583322613879642,0.004191370367583921,-0.03800733771305015,-3.315003368697944e-06
8.451871240005527e-08,3.3000000000000003,1.3005999455269752,0.0047636025660274355,-0.039270878524407006,-3.3150033118545252e-06
8.451917890756037e-08,3.3000000000000003,1.340138172388095,0.005383395747922733,-0.04045026465425009,-3.3150033118545252e-06
8.45196702101867e-08,3.3000000000000003,1.3770167910491473,0.0060547723982388,-0.04154749056827235,-3.315003368697944e-06
8.452018674843461e-08,3.3000000000000003,1.4111387834416111,0.006778792584181834,-0.04255958433776178,-3.315003368697944e-06
8.452073122103932e-08,3.3000000000000003,1.442579141594533,0.007559582674698027,-0.04348869371465488,-3.3150033118545252e-06
8.452130473271598e-08,3.3000000000000003,1.4713193321894822,0.008398977815363959,-0.044334201221377725,-3.315003368697944e-06
8.452191045694832e-08,3.3000000000000003,1.497458109908407,0.009301775119470333,-0.04509895392303908,-3.3150033118545252e-06
8.452255032168001e-08,3.3000000000000003,1.5210357348121695,0.010270918492056677,-0.04578408294341351,-3.3150033118545252e-06
8.452322820555866e-08,3.3000000000000003,1.5421702888502649,0.01131226550616708,-0.046392989197512294,-3.315003368697944e-06
8.45239471190522e-08,3.3000000000000003,1.5609451777815435,0.012430347675858777,-0.046928062606364986,-3.315003368697944e-06
8.452471203735853e-08,3.3000000000000003,1.577494512026222,0.013632728407184267,-0.04739313852769405,-3.315003368697944e-06
8.452552750573233e-08,3.3000000000000003,1.5919324672720987,0.014926303395801017,-0.0477914674607336,-3.315003368697944e-06
8.452640022220921e-08,3.3000000000000003,1.6044050565354815,0.01632136706541327,-0.048127162585257635,-3.315003368697944e-06
8.452733704256968e-08,3.3000000000000003,1.6150469265974043,0.01782846600906631,-0.04840398435673653,-3.315003368697944e-06
8.4528347453653e-08,3.3000000000000003,1.6240114986407825,0.019462355641817343,-0.04862613527077293,-3.315003368697944e-06
8.452944201671897e-08,3.3000000000000003,1.6314452880978285,0.021239503121778032,-0.04879755609779991,-3.3150033118545252e-06
8.453063495004262e-08,3.3000000000000003,1.6375044748535192,0.023182254086985522,-0.04892230263551343,-3.315003368697944e-06
8.45319431909074e-08,3.3000000000000003,1.6423400670465607,0.025317293263803387,-0.04900414241097537,-3.3150033118545252e-06
8.453338952672756e-08,3.3000000000000003,1.6461061933647647,0.027680699689802923,-0.04904665286962218,-3.3150033118545252e-06
8.453500283366823e-08,3.3000000000000003,1.6489516630064625,0.030318260086391602,-0.04905295599528878,-3.3150033118545252e-06
8.453682285984545e-08,3.3000000000000003,1.6510233086535882,0.033293142114380725,-0.049025587238362714,-3.315003368697944e-06
8.453890358041256e-08,3.3000000000000003,1.6524610725088351,0.03669112705720862,-0.04896618806624478,-3.315003368697944e-06
8.454132335760762e-08,3.3000000000000003,1.6533981692817101,0.04063674654118261,-0.048875021619345274,-3.3150033118545252e-06
8.454419627245307e-08,3.3000000000000003,1.6539570623776847,0.045310902938209704,-0.048750317258824886,-3.3150033118545252e-06
8.454770209014375e-08,3.3000000000000003,1.654248369186431,0.05099793520984033,-0.04858681073250693,-3.315003368697944e-06
8.455213701061987e-08,3.3000000000000003,1.6543665790002813,0.05816425770314016,-0.04837323167856841,-3.3150033118545252e-06
8.455803737054118e-08,3.3000000000000003,1.6543862364153845,0.06764935210753366,-0.04808640028883506,-3.315003368697944e-06
8.456647995180953e-08,3.3000000000000003,1.6543568244665792,0.08112324475805273,-0.047677209189143956,-3.3150033118545252e-06
8.458001649702341e-08,3.3000000000000003,1.6542971636903987,0.10248803361476885,-0.04702798341215425,-3.3150033118545252e-06
8.460647725812158e-08,3.3000000000000003,1.6541836179702185,0.1434163679275076,-0.04578428995337024,-3.315003368697944e-06
8.465421800553545e-08,3.3000000000000003,1.6539860236218806,0.21455015672813796,-0.04362273269153896,-3.3150033118545252e-06
8.469870878032215e-08,3.3000000000000003,1.6538103957966233,0.2778131864859342,-0.04170034895278237,-3.3150033118545252e-06
8.475623183970954e-08,3.3000000000000003,1.6535946331595663,0.3555010076469426,-0.03933963407649769,-3.315003368697944e-06
8.481013092555567e-08,3.3000000000000003,1.6534036232391638,0.4242958781639886,-0.0372491526601315,-3.3150033118545252e-06
8.487600363074111e-08,3.3000000000000003,1.6531838361475082,0.5034380583613571,-0.034844244341572544,-3.3150033118545252e-06
8.493954961309727e-08,3.3000000000000003,1.6529853080370356,0.5749367353748667,-0.0326716015626288,-3.3150033118545252e-06
8.501385491131103e-08,3.3000000000000003,1.652768757263348,0.6529160652391455,-0.0303020292045612,-3.315003368697944e-06
8.508683427992305e-08,3.3000000000000003,1.652571390364595,0.723994632738298,-0.028142152209109327,-3.3150033118545252e-06
8.516962417761193e-08,3.3000000000000003,1.6523644264648651,0.7985230251705404,-0.025877444233583118,-3.3150033118545252e-06
8.525211007496675e-08,3.3000000000000003,1.6521748040707143,0.8668115440768782,-0.02380234885305837,-3.315003368697944e-06
8.534293872256834e-08,3.3000000000000003,1.65198351284923,0.9356968142341654,-0.02170911952909155,-3.315003368697944e-06
8.542781097046836e-08,3.3000000000000003,1.6518200253303845,0.994573022713942,-0.0199200376686646,-3.315003368697944e-06
8.551728626858199e-08,3.3000000000000003,1.651662221998018,1.0513993224014933,-0.018193246510706484,-3.3150033118545252e-06
8.560240894240706e-08,3.3000000000000003,1.6515248279254053,1.1008783543096547,-0.016689718312836745,-3.315003368697944e-06
8.569125841175015e-08,3.3000000000000003,1.6513935045219008,1.1481691927142297,-0.015252682975680137,-3.3150033118545252e-06
8.577688572637925e-08,3.3000000000000003,1.651277666669934,1.1898851273641469,-0.013985053390089609,-3.315003368697944e-06
8.586531899680871e-08,3.3000000000000003,1.6511681231036501,1.2293329627262062,-0.012786344828616389,-3.3150033118545252e-06
8.595130682990583e-08,3.3000000000000003,1.6510706282379461,1.2644430433354827,-0.01171944850414255,-3.315003368697944e-06
8.603941417949925e-08,3.3000000000000003,1.6509791594285133,1.2973820513178025,-0.010718524873073183,-3.315003368697944e-06
8.612567481362165e-08,3.3000000000000003,1.6508971871563978,1.326902020653465,-0.009821496257530492,-3.315003368697944e-06
8.621353863118469e-08,3.3000000000000003,1.650820739013836,1.3544319705915053,-0.008984938663912602,-3.315003368697944e-06
8.630000699104319e-08,3.3000000000000003,1.6507518703334407,1.3792330018609076,-0.008231305263246636,-3.3150033118545252e-06
8.6387687791283e-08,3.3000000000000003,1.6506879321094097,1.4022580148008084,-0.007531640012567511,-3.3150033118545252e-06
8.647431385022055e-08,3.3000000000000003,1.6506301061559177,1.423082294982837,-0.0068988488597296945,-3.3150033118545252e-06
8.656185709097967e-08,3.3000000000000003,1.65057660297415,1.442349539801822,-0.006313371594053768,-3.3150033118545252e-06
8.664860300321086e-08,3.3000000000000003,1.6505280705550636,1.4598270066202996,-0.005782280659067122,-3.3150033118545252e-06
8.673604296302169e-08,3.3000000000000003,1.6504832818434811,1.4759560701277052,-0.005292163880822302,-3.315003368697944e-06
8.682288011072735e-08,3.3000000000000003,1.6504425629693669,1.4906197095187401,-0.004846577226038274,-3.3150033118545252e-06
8.691024267689915e-08,3.3000000000000003,1.6504050582788303,1.5041257065661713,-0.004436168044476129,-3.3150033118545252e-06
8.699714947507172e-08,3.3000000000000003,1.650370903646914,1.516425425133545,-0.004062414277467423,-3.315003368697944e-06
8.708445426118116e-08,3.3000000000000003,1.650339491385296,1.5277374582794183,-0.0037186734761385917,-3.3150033118545252e-06
8.717141448474987e-08,3.3000000000000003,1.650310848269153,1.5380523687275438,-0.003405232430410743,-3.3150033118545252e-06
8.725867640370893e-08,3.3000000000000003,1.650284534339611,1.547528422199437,-0.003117281875861418,-3.3150033118545252e-06
8.734567791083286e-08,3.3000000000000003,1.6502605168290334,1.5561775613623978,-0.0028544589227541928,-3.315003368697944e-06
8.743290836818947e-08,3.3000000000000003,1.650238470958664,1.5641166256016434,-0.0026132131402760526,-3.315003368697944e-06
8.751994213955116e-08,3.3000000000000003,1.6502183342663368,1.5713682078599978,-0.002392858000447024,-3.315003368697944e-06
8.760714992431524e-08,3.3000000000000003,1.6501998624184673,1.5780202139703388,-0.0021907222858383603,-3.3150033118545252e-06
8.769420932835966e-08,3.3000000000000003,1.650182980870626,1.5840995577153607,-0.0020059881691419615,-3.3150033118545252e-06
8.778140129637848e-08,3.3000000000000003,1.6501675025138525,1.589673562465055,-0.0018366098786225622,-3.315003368697944e-06
8.786848155878905e-08,3.3000000000000003,1.6501533507950061,1.5947698445028524,-0.001681748235052262,-3.3150033118545252e-06
8.795566314596084e-08,3.3000000000000003,1.6501403801048533,1.5994407999805633,-0.001539811065484163,-3.3150033118545252e-06
8.804276092606433e-08,3.3000000000000003,1.6501285173517335,1.6037127839319487,-0.0014099975175384616,-3.3150033118545252e-06
8.812993654850951e-08,3.3000000000000003,1.6501176476088353,1.6076271554250035,-0.0012910508020896844,-3.3150033118545252e-06
8.821704966606554e-08,3.3000000000000003,1.6501077039491254,1.6112080394101054,-0.0011822378332657017,-3.3150033118545252e-06
8.830422302754074e-08,3.3000000000000003,1.6500985945652837,1.6144884778421282,-0.001082554556546004,-3.3150033118545252e-06
8.839135021430692e-08,3.3000000000000003,1.6500902597656275,1.617489982748591,-0.000991347285290024,-3.3150033118545252e-06
8.847852455677981e-08,3.3000000000000003,1.6500826254690422,1.6202392186476806,-0.0009078057561088141,-3.315003368697944e-06
8.856566535033733e-08,3.3000000000000003,1.650075639362456,1.6227550354450089,-0.0008313571758543143,-3.3150033118545252e-06
8.865284363733767e-08,3.3000000000000003,1.6500692411778535,1.6250591275234982,-0.000761342313437375,-3.3150033118545252e-06
8.873999823857505e-08,3.3000000000000003,1.6500633856176934,1.627167814809526,-0.0006972652516209654,-3.3150033118545252e-06
8.882718334061677e-08,3.3000000000000003,1.650058023326444,1.6290988648343034,-0.0006385860851400615,-3.3150033118545252e-06
8.891435259550838e-08,3.3000000000000003,1.6500531154161004,1.6308662869407888,-0.0005848791096192895,-3.3150033118545252e-06
8.900154742325885e-08,3.3000000000000003,1.650048621257025,1.6324847084343155,-0.0005356998429288539,-3.315003368697944e-06
8.908873275741685e-08,3.3000000000000003,1.6500445076688586,1.633966081450068,-0.000490685094120391,-3.3150033118545252e-06
8.91759403916679e-08,3.3000000000000003,1.6500407410659137,1.6353224979527214,-0.0004494674195602827,-3.315003368697944e-06
8.926314388851443e-08,3.3000000000000003,1.6500372932649436,1.6365641095683314,-0.0004117383433509098,-3.3150033118545252e-06
8.93503677159628e-08,3.3000000000000003,1.6500341364165674,1.637700943382002,-0.00037719316909736703,-3.3150033118545252e-06
8.943759205914315e-08,3.3000000000000003,1.6500312466605307,1.638741593504732,-0.00034557074473752915,-3.315003368697944e-06
8.952483590175302e-08,3.3000000000000003,1.6500286008454146,1.639694395769474,-0.0003166177708727836,-3.3150033118545252e-06
8.96120845191974e-08,3.3000000000000003,1.650026178821163,1.6405666076926282,-0.00029011370941984957,-3.3150033118545252e-06
8.969935278242127e-08,3.3000000000000003,1.6500239613052714,1.6413651722510207,-0.00026584758330373847,-3.3150033118545252e-06
8.978662990156047e-08,3.3000000000000003,1.650021931312816,1.6420962068771447,-0.00024363350194581555,-3.3150033118545252e-06
8.987392768328822e-08,3.3000000000000003,1.6500200727601826,1.6427655028481198,-0.00022329548417661979,-3.3150033118545252e-06
8.996123842589761e-08,3.3000000000000003,1.6500183713492769,1.6433782095859661,-0.0002046770541951837,-3.3150033118545252e-06
9.004857178961444e-08,3.3000000000000003,1.6500168136486875,1.6439391637629506,-0.00018763123769953576,-3.3150033118545252e-06
9.013592237751937e-08,3.3000000000000003,1.650015387637275,1.64445269447442,-0.00017202648663625807,-3.3150033118545252e-06
9.022329836037642e-08,3.3000000000000003,1.6500140820877878,1.6449228447998872,-0.00015773994366918978,-3.315003368697944e-06
9.031069633594488e-08,3.3000000000000003,1.6500128868998,1.645353252112706,-0.00014466107927459427,-3.315003368697944e-06
9.039812332412349e-08,3.3000000000000003,1.650011792684432,1.6457472974703413,-0.00013268715082414035,-3.315003368697944e-06
9.048557766299308e-08,3.3000000000000003,1.6500107909592383,1.646108035601233,-0.00012172533688339826,-3.315003368697944e-06
9.057306563423807e-08,3.3000000000000003,1.6500098738684552,1.646438295352274,-0.00011168967412211218,-3.315003368697944e-06
9.066058713507096e-08,3.3000000000000003,1.6500090342917932,1.646740641104372,-0.00010250223909375395,-3.315003368697944e-06
9.074814794034371e-08,3.3000000000000003,1.6500082656547732,1.6470174402074216,-9.409109419930406e-05,-3.315003368697944e-06
9.083574935878469e-08,3.3000000000000003,1.650007561981747,1.6472708446864308,-8.639084647848265e-05,-3.3150033118545252e-06
9.092694029994527e-08,3.3000000000000003,1.6500068928758018,1.6475118010489667,-7.906886187835758e-05,-3.315003368697944e-06
9.102014514311745e-08,3.3000000000000003,1.6500062699800218,1.6477361161857313,-7.225255775284825e-05,-3.3150033118545252e-06
9.111711409077456e-08,3.3000000000000003,1.6500056814238693,1.6479480653233103,-6.581202140970841e-05,-3.315003368697944e-06
9.121642460399638e-08,3.3000000000000003,1.6500051357042411,1.6481445879800398,-5.984025097338387e-05,-3.3150033118545252e-06
9.131642460399638e-08,3.3000000000000003,1.6500046389909775,1.6483234629192296,-5.440474631775364e-05,-3.315003368697944e-06
9.141642460399637e-08,3.3000000000000003,1.650004190164189,1.6484850928863792,-4.949326726476442e-05,-3.315003368697944e-06
9.151642460399636e-08,3.3000000000000003,1.6500037846084294,1.6486311404344496,-4.5055294015877e-05,-3.315003368697944e-06
9.161642460399636e-08,3.3000000000000003,1.6500034181510186,1.6487631078330338,-4.104517680107179e-05,-3.315003368697944e-06
9.171642460399635e-08,3.3000000000000003,1.6500030870234235,1.6488823525209364,-3.742166690940393e-05,-3.315003368697944e-06
9.181642460399635e-08,3.3000000000000003,1.6500027878188335,1.6489901010690318,-3.414749228639961e-05,-3.315003368697944e-06
9.191642460399634e-08,3.3000000000000003,1.6500025174602433,1.649087461796965,-3.118897424260906e-05,-3.315003368697944e-06
9.201642460399634e-08,3.3000000000000003,1.6500022731661328,1.6491754361735251,-2.851568094769666e-05,-3.315003368697944e-06
9.211642460399633e-08,3.3000000000000003,1.6500020524241352,1.649254929117911,-2.610011447290338e-05,-3.315003368697944e-06
9.221642460399632e-08,3.3000000000000003,1.6500018529632485,1.6493267583078903,-2.3917427883574805e-05,-3.315003368697944e-06
9.231642460399632e-08,3.3000000000000003,1.6500016727321372,1.649391662590564,-2.1945169709840003e-05,-3.315003368697944e-06
9.241642460399631e-08,3.3000000000000003,1.6500015098766128,1.649450309582277,-2.0163052964030778e-05,-3.315003368697944e-06
9.251642460399631e-08,3.3000000000000003,1.6500013627217727,1.6495033025358268,-1.8552746502030758e-05,-3.315003368697944e-06
9.26164246039963e-08,3.3000000000000003,1.650001229753738,1.6495511865456276,-1.7097686434667536e-05,-3.315003368697944e-06
9.27164246039963e-08,3.3000000000000003,1.6500011096049654,1.6495944541546397,-1.5782905775585198e-05,-3.315003368697944e-06
9.281642460399629e-08,3.3000000000000003,1.6500010010394237,1.649633550420751,-1.4594880465413983e-05,-3.315003368697944e-06
9.291642460399628e-08,3.3000000000000003,1.6500009029405263,1.6496688774947152,-1.3521390280602197e-05,-3.315003368697944e-06
9.301642460399628e-08,3.3000000000000003,1.650000814299095,1.6497007987567442,-1.2551393117398928e-05,-3.315003368697944e-06
9.311642460399627e-08,3.3000000000000003,1.6500007342034486,1.6497296425542953,-1.1674911425259589e-05,-3.315003368697944e-06
9.321642460399627e-08,3.3000000000000003,1.650000661829625,1.6497557055795113,-1.0882929563808003e-05,-3.315003368697944e-06
9.331642460399626e-08,3.3000000000000003,1.650000596433247,1.649779255921043,-1.0167301076905184e-05,-3.315003368697944e-06
9.341642460399626e-08,3.3000000000000003,1.6500005373415751,1.6498005358216556,-9.520664887979359e-06,-3.315003368697944e-06
9.351642460399625e-08,3.3000000000000003,1.6500004839468352,1.6498197641699783,-8.936369590268777e-06,-3.315003368697944e-06
9.361642460399624e-08,3.3000000000000003,1.6500004356997549,1.6498371387520285,-8.408405022906054e-06,-3.315003368697944e-06
9.371642460399624e-08,3.3000000000000003,1.6500003921040947,1.649852838285673,-7.931340454940145e-06,-3.315003368697944e-06
9.381642460399623e-08,3.3000000000000003,1.6500003527113902,1.649867024258949,-7.500268719146421e-06,-3.315003368697944e-06
9.391642460399623e-08,3.3000000000000003,1.6500003171164688,1.6498798425911585,-7.110755740201688e-06,-3.315003368697944e-06
9.401642460399622e-08,3.3000000000000003,1.6500002849531716,1.6498914251338184,-6.7587949214634855e-06,-3.315003368697944e-06
9.411642460399622e-08,3.3000000000000003,1.650000255890682,1.649901891026906,-6.440765935507758e-06,-3.315003368697944e-06
9.421642460399621e-08,3.3000000000000003,1.650000229630041,1.6499113479243537,-6.153397482310546e-06,-3.315003368697944e-06
9.43164246039962e-08,3.3000000000000003,1.6500002059011414,1.6499198931013959,-5.89373364218426e-06,-3.315003368697944e-06
9.44164246039962e-08,3.3000000000000003,1.650000184459892,1.649927614455158,-5.6591034688662115e-06,-3.315003368697944e-06
9.451642460399619e-08,3.3000000000000003,1.6500001650857545,1.6499345914087797,-5.4470935174051655e-06,-3.315003368697944e-06
9.461642460399619e-08,3.3000000000000003,1.6500001475794353,1.6499408957283774,-5.255523017557712e-06,-3.315003368697944e-06
9.471642460399618e-08,3.3000000000000003,1.6500001317608677,1.6499465922612404,-5.082421443236124e-06,-3.315003368697944e-06
9.481642460399618e-08,3.3000000000000003,1.6500001174673338,1.6499517396028616,-4.926008242429883e-06,-3.315003368697944e-06
9.491642460399617e-08,3.3000000000000003,1.6500001045518125,1.649956390699661,-4.784674522836688e-06,-3.315003368697944e-06
9.501642460399616e-08,3.3000000000000003,1.6500000928814489,1.649960593393601,-4.656966501968445e-06,-3.315003368697944e-06
9.511642460399616e-08,3.3000000000000003,1.6500000823362035,1.6499643909142963,-4.541570553825876e-06,-3.315003368697944e-06
9.521642460399615e-08,3.3000000000000003,1.650000072807602,1.6499678223236818,-4.437299696207773e-06,-3.315003368697944e-06
9.531642460399615e-08,3.3000000000000003,1.6500000641976356,1.6499709229178106,-4.343081381666289e-06,-3.315003368697944e-06
9.541642460399614e-08,3.3000000000000003,1.650000056417737,1.6499737245899144,-4.257946464734018e-06,-3.315003368697944e-06
9.551642460399614e-08,3.3000000000000003,1.650000049387884,1.6499762561584623,-4.181019233432314e-06,-3.315003368697944e-06
9.561642460399613e-08,3.3000000000000003,1.650000043035764,1.6499785436635936,-4.1115084012816095e-06,-3.315003368697944e-06
9.571642460399612e-08,3.3000000000000003,1.65000003729604,1.64998061063497,-4.048698968253431e-06,-3.315003368697944e-06
9.581642460399612e-08,3.3000000000000003,1.6500000321096704,1.6499824783338053,-3.991944865944141e-06,-3.315003368697944e-06
9.591642460399611e-08,3.3000000000000003,1.6500000274233089,1.6499841659715635,-3.940662312177075e-06,-3.315003368697944e-06
9.601642460399611e-08,3.3000000000000003,1.6500000231887493,1.6499856909075699,-3.89432380594896e-06,-3.315003368697944e-06
9.61164246039961e-08,3.3000000000000003,1.6500000193624356,1.649987068827572,-3.852452701641659e-06,-3.315003368697944e-06
9.62164246039961e-08,3.3000000000000003,1.650000015905009,1.6499883139050866,-3.814618306022843e-06,-3.315003368697944e-06
9.631642460399609e-08,3.3000000000000003,1.650000012780906,1.6499894389471899,-3.7804314481662806e-06,-3.315003368697944e-06
9.641642460399608e-08,3.3000000000000003,1.6500000099579912,1.6499904555262532,-3.7495404762991747e-06,-3.315003368697944e-06
9.651642460399608e-08,3.3000000000000003,1.6500000074072279,1.6499913740989802,-3.7216276407249983e-06,-3.315003368697944e-06
9.661642460399607e-08,3.3000000000000003,1.6500000051023789,1.6499922041139634,-3.696405825320945e-06,-3.315003368697944e-06
9.671642460399607e-08,3.3000000000000003,1.6500000030197353,1.6499929541088765,-3.673615594257229e-06,-3.315003368697944e-06
9.681642460399606e-08,3.3000000000000003,1.6500000011378755,1.6499936317982933,-3.6530225233784137e-06,-3.315003368697944e-06
9.691642460399606e-08,3.3000000000000003,1.649999999437442,1.6499942441530404,-3.6344147889286964e-06,-3.315003368697944e-06
9.701642460399605e-08,3.3000000000000003,1.6499999979009436,1.6499947974719016,-3.6176009886314407e-06,-3.315003368697944e-06
9.711642460399604e-08,3.3000000000000003,1.649999996512576,1.6499952974464076,-3.602408172890849e-06,-3.315003368697944e-06
9.721642460399604e-08,3.3000000000000003,1.6499999952580584,1.6499957492193797,-3.588680065875689e-06,-3.315003368697944e-06
9.731642460399603e-08,3.3000000000000003,1.649999994124486,1.649996157437831,-3.5762754579672678e-06,-3.315003368697944e-06
9.741642460399603e-08,3.3000000000000003,1.6499999931001992,1.649996526300765,-3.5650667532807287e-06,-3.315003368697944e-06
9.751642460399602e-08,3.3000000000000003,1.649999992174662,1.6499968596023677,-3.554938657195948e-06,-3.315003368697944e-06
9.761642460399602e-08,3.3000000000000003,1.6499999913383536,1.6499971607710353,-3.5457869904299895e-06,-3.315003368697944e-06
9.771642460399601e-08,3.3000000000000003,1.6499999905826723,1.649997432904639,-3.537517617396001e-06,-3.315003368697944e-06
9.7816424603996e-08,3.3000000000000003,1.6499999898998445,1.6499976788023907,-3.5300454779459785e-06,-3.315003368697944e-06
9.7916424603996e-08,3.3000000000000003,1.6499999892828467,1.6499979009936365,-3.5232937123639716e-06,-3.315003368697944e-06
9.801642460399599e-08,3.3000000000000003,1.6499999887253327,1.6499981017638725,-3.517192870898561e-06,-3.315003368697944e-06
9.811642460399599e-08,3.3000000000000003,1.6499999882215672,1.6499982831782551,-3.511680199249626e-06,-3.315003368697944e-06
9.821642460399598e-08,3.3000000000000003,1.649999987766369,1.6499984471028433,-3.5066989931368643e-06,-3.315003368697944e-06
9.831642460399598e-08,3.3000000000000003,1.6499999873550555,1.6499985952237923,-3.5021980150799525e-06,-3.315003368697944e-06
9.841642460399597e-08,3.3000000000000003,1.6499999869833955,1.6499987290646996,-3.498130967210945e-06,-3.315003368697944e-06
9.851642460399596e-08,3.3000000000000003,1.649999986647567,1.6499988500022749,-3.49445601524261e-06,-3.315003368697944e-06
9.861642460399596e-08,3.3000000000000003,1.6499999863441146,1.6499989592805029,-3.491135357966213e-06,-3.315003368697944e-06
9.871642460399595e-08,3.3000000000000003,1.6499999860699177,1.6499990580234374,-3.4881348385526997e-06,-3.315003368697944e-06
9.881642460399595e-08,3.3000000000000003,1.6499999858221555,1.6499991472467643,-3.4854235931774653e-06,-3.315003368697944e-06
9.891642460399594e-08,3.3000000000000003,1.6499999855982797,1.6499992278682505,-3.4829737335093656e-06,-3.315003368697944e-06
9.901642460399594e-08,3.3000000000000003,1.649999985395987,1.6499993007171816,-3.480760059849272e-06,-3.315003368697944e-06
9.911642460399593e-08,3.3000000000000003,1.6499999852131975,1.6499993665428945,-3.4787598020092332e-06,-3.315003368697944e-06
9.921642460399592e-08,3.3000000000000003,1.6499999850480298,1.6499994260224833,-3.4769523849967714e-06,-3.315003368697944e-06
9.931642460399592e-08,3.3000000000000003,1.6499999848987859,1.6499994797677646,-3.475319217407868e-06,-3.315003368697944e-06
9.941642460399591e-08,3.3000000000000003,1.6499999847639302,1.6499995283315718,-3.4738435002200604e-06,-3.315003368697944e-06
9.95164246039959e-08,3.3000000000000003,1.6499999846420756,1.6499995722134402,-3.472510053952525e-06,-3.315003368697944e-06
9.96164246039959e-08,3.3000000000000003,1.6499999845319688,1.6499996118647462,-3.4713051625355785e-06,-3.315003368697944e-06
9.97164246039959e-08,3.3000000000000003,1.6499999844324773,1.64999964769335,-3.470216432276197e-06,-3.315003368697944e-06
9.981642460399589e-08,3.3000000000000003,1.6499999843425772,1.6499996800677903,-3.469232664301768e-06,-3.315003368697944e-06
9.991642460399588e-08,3.3000000000000003,1.6499999842613446,1.6499997093210759,-3.4683437394154034e-06,-3.315003368697944e-06
1.0000000000000001e-07,3.299999999999995,1.6499999841995199,1.6499997315888915,-3.4676661694530443e-06,-3.3150033118545252e-06
1.0000037430158403e-07,3.2993824023863567,1.6499999841993636,1.649999731684363,-3.46760824249179e-06,0.007421685617316598
1.0000112290475206e-07,3.298147207159103,1.6499999841988133,1.649999731875234,-3.4676024418415386e-06,0.007421686857753684
1.0000262011108813e-07,3.2956768167045953,1.6499999841979782,1.6499997322565416,-3.4676490574816094e-06,0.007421689339651039
1.0000561452376026e-07,3.2907360357955797,1.6499999841954278,1.6499997330174234,-3.4675968334321455e-06,0.007421694302649939
1.0001160334910452e-07,3.2808544739775485,1.6499999841912087,1.6499997345322832,-3.467572636306765e-06,0.007421704229386705
1.0002358099979306e-07,3.2610913503414642,1.6499999841831723,1.6499997375346045,-3.4674741228319543e-06,0.007421724082178116
1.0004753630117012e-07,3.2215651030693175,1.6499999841665631,1.6499997434312845,-3.4673185750461556e-06,0.007421763788329372
1.0009544690392423e-07,3.142512608525024,1.64999998413497,1.6499997548055678,-3.4669620601501586e-06,0.007421843200006606
1.0019126810943248e-07,2.9844076194364155,1.6499999840763726,1.6499997759748404,-3.4663183065718687e-06,0.007422002024043195
1.0029126810943248e-07,2.8194076194364253,1.6499999840205677,1.6499997959819206,-3.4657103567056263e-06,0.007422167773995625
1.0039126810943247e-07,2.6544076194364346,1.6499999839706083,1.6499998140601582,-3.4651610173597614e-06,0.007422333524345959
1.0049126810943246e-07,2.4894076194364443,1.6499999839250408,1.6499998303955108,-3.4646646257903808e-06,0.007422499274269967
1.0059126810943246e-07,2.3244076194364536,1.649999983884229,1.6499998451560036,-3.4642161013665278e-06,0.007422665024705566
1.0069126810943245e-07,2.159407619436463,1.649999983847042,1.6499998584934685,-3.4638108088494987e-06,0.007422830774629574
1.0079126810943245e-07,1.9944076194364724,1.6499999838137045,1.6499998705450942,-3.463444597818912e-06,0.007422996525036751
1.0089126810943244e-07,1.829407619436482,1.6499999837833554,1.6499998814348482,-3.4631136855621397e-06,0.0074231622749607595
1.0099126810943244e-07,1.6644076194364912,1.6499999837561246,1.6499998912747422,-3.4628146817688432e-06,0.007423328025339515
1.0109126810943243e-07,1.4994076194365007,1.649999983731355,1.6499999001659924,-0.00037018342854475383,0.007423493775291945
1.0119126810943242e-07,1.3344076194365102,1.6499999837091137,1.6499999082000545,-0.0019791029247205163,0.0074236595256707005
1.0129126810943242e-07,1.1694076194365195,1.6499999836888966,1.6499999154595693,-0.004868022444437133,0.00742382527560892
1.0139126810943241e-07,1.0044076194365288,1.649999983670731,1.6499999220192085,-0.009036941985404232,0.007423991026001886
1.014912681094324e-07,0.8394076194365381,1.6499999836542292,1.6499999279464463,-0.014485861545593837,0.007424156775925894
1.0152078694351228e-07,0.790701543204746,1.6499999836497303,1.6499999295830194,-0.013761139751343335,0.007424205703685516
1.0155093325588991e-07,0.7409601277816527,1.6499999836450565,1.6499999312046345,-0.01203023531469992,0.007424255671011792
1.015670330033449e-07,0.7143955444809142,1.6499999836431447,1.649999932050546,-0.011153490729800637,0.007424282356609524
1.0158704994410865e-07,0.6813675922207292,1.6499999836395776,1.6499999330832273,-0.010109695901098026,0.007424315534464654
1.0162708382563614e-07,0.6153116877003812,1.6499999836349268,1.6499999350870302,-0.008175966544024865,0.0074243818909423
1.0170715158869112e-07,0.48319987865966363,1.6499999836234598,1.6499999388603652,-0.004923949149330158,0.007424514603151522
1.0180715158869111e-07,0.31819987865967336,1.649999983612414,1.649999943163978,-0.0020148014137948995,0.007424680353551594
1.0190715158869111e-07,0.15319987865968265,1.6499999836008326,1.6499999470526945,-0.0003856536912847255,0.007424846103480931
1.0200000000000001e-07,0.0,1.6499999835924384,1.6499999503264962,-3.4610198036027905e-06,0.007425000000118129
1.0200000205699594e-07,0.0,1.6499999835913506,1.6499999503265652,-3.4798236142798296e-06,-6.413481890516725e-23
1.020000061709878e-07,0.0,1.6499999835913506,1.6499999503267033,-3.4798236101080264e-06,0.0
1.0200001439897151e-07,0.0,1.6499999835912413,1.6499999503269795,-3.464922441555187e-06,0.0
1.0200003085493894e-07,0.0,1.6499999835917307,1.6499999503275324,-3.464922420432589e-06,0.0
1.0200006376687382e-07,0.0,1.6499999835919479,1.6499999503286387,-3.463059739775867e-06,0.0
1.0200012959074356e-07,0.0,1.6499999835923227,1.6499999503308505,-3.4621283465399225e-06,0.0
1.0200026123848305e-07,0.0,1.6499999835921186,1.6499999503352736,-3.461662552407655e-06,0.0
1.0200052453396202e-07,0.0,1.6499999835917305,1.6499999503441174,-3.4611966260364887e-06,0.0
1.0200105112491997e-07,0.0,1.6499999835915067,1.6499999503617977,-3.4610796771996114e-06,0.0
1.0200210430683587e-07,0.0,1.6499999835918584,1.649999950397129,-3.4610786023709707e-06,0.0
1.0200421067066766e-07,0.0,1.6499999835917702,1.64999995046768,-3.4610182497562513e-06,0.0
1.0200842339833125e-07,0.0,1.649999983591308,1.649999950608332,-3.4610285272891036e-06,0.0
1.0201684885365844e-07,0.0,1.6499999835902452,1.6499999508878422,-3.4609982215004184e-06,0.0
1.0203369976431279e-07,0.0,1.6499999835892505,1.6499999514397683,-3.4610032779545243e-06,0.0
1.020674015856215e-07,0.0,1.6499999835860735,1.649999952515839,-3.4609541612824546e-06,0.0
1.0213480522823893e-07,0.0,1.6499999835801216,1.6499999545614024,-3.4608929715886284e-06,0.0
1.0223480522823893e-07,0.0,1.649999983572852,1.649999957351315,-3.4608068074697583e-06,0.0
1.0233480522823892e-07,0.0,1.6499999835653756,1.6499999598722574,-3.4607301887194126e-06,0.0
1.0243480522823891e-07,0.0,1.6499999835594565,1.6499999621501575,-3.4606609820648093e-06,0.0
1.0253480522823891e-07,0.0,1.6499999835533938,1.6499999642084529,-3.460598425766193e-06,0.0
1.026348052282389e-07,0.0,1.6499999835485255,1.6499999660683096,-3.4605419189223214e-06,0.0
1.027348052282389e-07,0.0,1.649999983543606,1.6499999677488628,-3.4604908439926897e-06,0.0
1.0283480522823889e-07,0.0,1.6499999835396053,1.649999969267396,-3.460444706598928e-06,0.0
1.0293480522823889e-07,0.0,1.6499999835356105,1.6499999706395319,-3.460403005654963e-06,0.0
1.0303480522823888e-07,0.0,1.6499999835323251,1.6499999718793819,-3.460365334890487e-06,0.0
1.0313480522823887e-07,0.0,1.6499999835290793,1.6499999729997015,-3.4603312874575183e-06,0.0
1.0323480522823887e-07,0.0,1.6499999835263834,1.6499999740120124,-3.4603005296579145e-06,0.0
1.0333480522823886e-07,0.0,1.649999983523745,1.649999974926729,-3.4602727310296864e-06,0.0
1.0343480522823886e-07,0.0,1.6499999835215338,1.649999975753259,-3.4602476176611835e-06,0.0
1.0353480522823885e-07,0.0,1.6499999835193884,1.6499999765001059,-3.4602249209257355e-06,0.0
1.0363480522823885e-07,0.0,1.6499999835175756,1.6499999771749498,-3.4602044161655503e-06,0.0
1.0373480522823884e-07,0.0,1.6499999835158303,1.6499999777847338,-3.460185884968009e-06,0.0
1.0383480522823883e-07,0.0,1.6499999835143446,1.6499999783357295,-3.4601691431185235e-06,0.0
1.0393480522823883e-07,0.0,1.6499999835129242,1.6499999788336055,-3.4601540129086444e-06,0.0
1.0403480522823882e-07,0.0,1.6499999835117072,1.6499999792834819,-3.460140343416025e-06,0.0
1.0413480522823882e-07,0.0,1.6499999835105505,1.6499999796899867,-3.4601279900436656e-06,0.0
1.0423480522823881e-07,0.0,1.6499999835095545,1.6499999800573009,-3.460116829112464e-06,0.0
1.043348052282388e-07,0.0,1.6499999835086125,1.6499999803892034,-3.4601067429285783e-06,0.0
1.044348052282388e-07,0.0,1.649999983507797,1.649999980689108,-3.4600976301997446e-06,0.0
1.045348052282388e-07,0.0,1.6499999835070296,1.6499999809600991,-3.460089395088355e-06,0.0
1.0463480522823879e-07,0.0,1.6499999835063623,1.6499999812049644,-3.460081954700155e-06,0.0
1.0473480522823878e-07,0.0,1.649999983505737,1.649999981426223,-3.4600752309526345e-06,0.0
1.0483480522823878e-07,0.0,1.649999983505191,1.6499999816261504,-3.460069155998782e-06,0.0
1.0493480522823877e-07,0.0,1.649999983504682,1.6499999818068032,-3.460063666237725e-06,0.0
1.0503480522823877e-07,0.0,1.6499999835042352,1.6499999819700397,-3.4600587061411657e-06,0.0
1.0513480522823876e-07,0.0,1.64999998350382,1.649999982117539,-3.4600542238865472e-06,0.0
1.0523480522823875e-07,0.0,1.6499999835034544,1.6499999822508178,-3.460050174064917e-06,0.0
1.0533480522823875e-07,0.0,1.649999983503116,1.6499999823712475,-3.460046514417493e-06,0.0
1.0543480522823874e-07,0.0,1.6499999835028172,1.6499999824800669,-3.4600432078036298e-06,0.0
1.0553480522823874e-07,0.0,1.6499999835025414,1.649999982578395,-3.460040219790359e-06,0.0
1.055385999635758e-07,0.0,1.649999983501841,1.6499999825819291,-3.4600278535562733e-06,0.0
1.0554618943424994e-07,0.0,1.6499999835033723,1.64999998258896,-3.4600203436387134e-06,0.0
1.055613683755982e-07,0.0,1.6499999835020023,1.649999982602863,-3.4600490077818698e-06,0.0
1.0559172625829473e-07,0.0,1.6499999835026962,1.649999982630029,-3.4600372880754483e-06,0.0
1.0559325021244864e-07,0.0,1.6499999835024826,1.6499999826313712,-3.4600699880792413e-06,0.0
1.0559629812075647e-07,0.0,1.6499999835019226,1.6499999826340481,-3.4600262617172054e-06,0.0
1.0559645112454992e-07,0.0,1.6499999835029662,1.6499999826341827,-3.459749761754289e-06,0.0
1.0559675713213682e-07,0.0,1.649999983502774,1.6499999826344518,-3.45974975384728e-06,0.0
1.0559736914731061e-07,0.0,1.6499999835029482,1.6499999826349891,-3.459866148380281e-06,0.0
1.055985931776582e-07,0.0,1.649999983502099,1.6499999826360607,-3.459924329394697e-06,0.0
1.0560104123835337e-07,0.0,1.6499999835030512,1.6499999826382008,-3.4599824586170817e-06,0.0
1.056011641300328e-07,0.0,1.6499999835026689,1.6499999826383078,-3.4602152888527114e-06,0.0
1.0560140991339166e-07,0.0,1.6499999835027874,1.6499999826385219,-3.4602152803952064e-06,0.0
1.0560190148010937e-07,0.0,1.6499999835017478,1.6499999826389506,-3.4600988619329866e-06,0.0
1.0560192615656385e-07,0.0,1.6499999835019168,1.649999982638972,-3.4602152752110382e-06,0.0
1.056019755094728e-07,0.0,1.6499999835017967,1.6499999826390148,-3.460215275238277e-06,0.0
1.0560207421529072e-07,0.0,1.6499999835028996,1.6499999826391014,-3.460215262706256e-06,0.0
1.0560207917028366e-07,0.0,1.6499999835027916,1.6499999826391059,-3.4490393926292837e-06,0.0
1.0560208908026953e-07,0.0,1.6499999835016819,1.649999982639115,-3.4527646926809607e-06,0.0
1.0560210890024126e-07,0.0,1.649999983502477,1.6499999826391325,-3.456489975347789e-06,0.0
1.0560214854018473e-07,0.0,1.6499999835023924,1.6499999826391678,-3.4583526201815504e-06,0.0
1.0560215053009418e-07,0.0,1.6499999835026027,1.6499999826391696,-3.4192370700981527e-06,0.0
1.0560215450991308e-07,0.0,1.6499999835022665,1.6499999826391731,-3.434138234211136e-06,0.0
1.0560216246955087e-07,0.0,1.649999983501543,1.6499999826391796,-3.449039401755539e-06,0.0
1.0560217838882647e-07,0.0,1.6499999835016734,1.6499999826391927,-3.456489980876073e-06,0.0
1.0560217918796779e-07,0.0,1.6499999835027146,1.6499999826391931,-3.4192370684868453e-06,0.0
1.0560218078625043e-07,0.0,1.6499999835027197,1.6499999826391938,-3.4192370683938733e-06,0.0
1.0560218398281573e-07,0.0,1.649999983502184,1.6499999826391958,-3.449039395523782e-06,0.0
1.0560218416091555e-07,0.0,1.6499999835021348,1.6499999826391958,-3.538446363124882e-06,0.0
1.0560218451711519e-07,0.0,1.6499999835023618,1.6499999826391956,-3.4192370715198636e-06,0.0
1.0560218522951447e-07,0.0,1.6499999835022818,1.6499999826391956,-3.4192370722212535e-06,0.0
1.0560218665431304e-07,0.0,1.649999983502369,1.6499999826391967,-3.478841716171988e-06,0.0
1.0560218677319079e-07,0.0,1.649999983501724,1.6499999826391971,-3.3000277876578463e-06,0.0
1.056021870109463e-07,0.0,1.6499999835021273,1.649999982639198,-3.538446363119925e-06,0.0
1.056021874864573e-07,0.0,1.6499999835023633,1.6499999826391987,-3.4192370714269056e-06,0.0
1.0560218843747932e-07,0.0,1.6499999835023493,1.6499999826391996,-3.4788417163056135e-06,0.0
1.0560218853459581e-07,0.0,1.6499999835016477,1.6499999826391998,-3.3000277883020326e-06,0.0
1.0560218872882879e-07,0.0,1.6499999835025676,1.6499999826392004,-3.5384463591069837e-06,0.0
1.0560218877271391e-07,0.0,1.6499999835019206,1.6499999826392007,-1.3926791530222195e-06,0.0
1.0560218880309812e-07,0.0,1.270918926740521,1.6499999768219893,-1.6500000015184924e-06,0.0
1.0560218883830447e-07,0.0,1.2709075454909489,1.6499999633409141,-1.6500000015184924e-06,0.0
1.0560218885459497e-07,0.0,1.2709022792532545,1.6499999571028863,2.1646972641065076e-06,0.0
1.0560218887954724e-07,0.0,1.2708942129659335,1.649999947547892,-1.6500000015184924e-06,0.0
1.0560218892945176e-07,0.0,1.2708780805471362,1.6499999284372937,-1.6500000015184924e-06,0.0
1.056021890292608e-07,0.0,1.270845816318928,1.6499998902136601,-1.6500000015184924e-06,0.0
1.0560218922887888e-07,0.0,1.270781290311929,1.6499998137566467,-1.8884185806200549e-06,0.0
1.0560218962811505e-07,0.0,1.270652248090387,1.6499996608036367,-1.7692092910692736e-06,0.0
1.0560219042658739e-07,0.0,1.270394202816303,1.6499993547417016,-1.8288139358446642e-06,0.0
1.0560219202353207e-07,0.0,1.2698782689031383,1.6499987419943296,-1.799011613456969e-06,0.0
1.0560219521742143e-07,0.0,1.2688470272971946,1.6499975140068441,-1.799011613456969e-06,0.0
1.0560220160520015e-07,0.0,1.2667870464352307,1.6499950480710401,-1.8064621940538927e-06,0.0
1.056022143807576e-07,0.0,1.262677073879705,1.6499900764370208,-1.8101874843523547e-06,0.0
1.0560223993187251e-07,0.0,1.254496924258494,1.6499799747643444,-1.8101874843523547e-06,0.0
1.0560229103410232e-07,0.0,1.23829452669239,1.649959142923155,-1.8101874843523547e-06,0.0
1.0560239323856194e-07,0.0,1.20651124343425,1.649915005649643,-1.8101874843523547e-06,0.0
1.0560253779216488e-07,0.0,1.1629387583402055,1.6498470864756414,-1.8101874843523547e-06,0.0
1.0560270368565563e-07,0.0,1.114860620449733,1.6497614746109315,-1.8101874843523547e-06,0.0
1.056028934517427e-07,0.0,1.0622844672640388,1.649653914588837,-1.8104203149960085e-06,0.0
1.0560309947082478e-07,0.0,1.0079953531677204,1.649526047478151,-1.8099546537087008e-06,0.0
1.056033274561315e-07,0.0,0.9511292947232116,1.6493717805087682,-1.8099546537087008e-06,0.0
1.0560357108647325e-07,0.0,0.8938840562417407,1.6491929273704655,-1.8099546537087008e-06,0.0
1.056038352957002e-07,0.0,0.835669338231095,1.6489836118611505,-1.8099546537087008e-06,0.0
1.056041149634463e-07,0.0,0.7781503448901066,1.648745765785946,-1.809721823065047e-06,0.0
1.0560441458779477e-07,0.0,0.7208853271206617,1.6484736548596164,-1.809721823065047e-06,0.0
1.0560473013402744e-07,0.0,0.6650980697923702,1.6481691592126448,-1.8098382383868739e-06,0.0
1.0560506566673827e-07,0.0,0.6104722136428862,1.647826775931853,-1.8099546537087008e-06,0.0
1.0560541805858065e-07,0.0,0.5578893706226694,1.647448237072393,-1.8098382383868739e-06,0.0
1.0560579101887819e-07,0.0,0.5071221873524651,1.6470282866092747,-1.8099546537087008e-06,0.0
1.0560618221935023e-07,0.0,0.4587853935651103,1.6465683911176447,-1.8099546537087008e-06,0.0
1.0560659512231804e-07,0.0,0.41270748253574535,1.6460634944093158,-1.8099546537087008e-06,0.0
1.0560702813097518e-07,0.0,0.36929660241559137,1.6455146725389946,-1.8099546537087008e-06,0.0
1.0560748458365778e-07,0.0,0.3284115998189457,1.6449169677064124,-1.8099546537087008e-06,0.0
1.0560796358843772e-07,0.0,0.29030195593654506,1.6442709222666059,-1.8098382383868739e-06,0.0
1.0560846850063739e-07,0.0,0.2548389441514304,1.6435715164752287,-1.8099546537087008e-06,0.0
1.0560899915295434e-07,0.0,0.22215128427594127,1.6428185798342547,-1.8098382383868739e-06,0.0
1.0560955908732456e-07,0.0,0.1921112394057155,1.6420067986199722,-1.8100710690305277e-06,0.0
1.0561014893951833e-07,0.0,0.16475670271351145,1.6411350465587196,-1.8098382383868739e-06,0.0
1.0561077265693682e-07,0.0,0.1399545843887105,1.6401973847123217,-1.8099546537087008e-06,0.0
1.05611431839646e-07,0.0,0.11767559158035563,1.639191379150475,-1.8099546537087008e-06,0.0
1.0561213114478671e-07,0.0,0.09777869467153437,1.638109982483879,-1.8098964460477873e-06,0.0
1.0561287342577743e-07,0.0,0.08018611672592493,1.6369489147735798,-1.8099546537087008e-06,0.0
1.0561366450422784e-07,0.0,0.06474891948205794,1.6356992852367354,-1.8099546537087008e-06,0.0
1.056145089894665e-07,0.0,0.05135568949561754,1.6343541018091878,-1.8098964460477873e-06,0.0
1.0561541459563488e-07,0.0,0.03985133778176303,1.6329014507306305,-1.8099546537087008e-06,0.0
1.0561638857392185e-07,0.0,0.030102681957909008,1.6313301593086504,-1.8099546537087008e-06,0.0
1.0561744178002699e-07,0.0,0.021951328559242103,1.6296232742262942,-1.8099546537087008e-06,0.0
1.0561858573468928e-07,0.0,0.015251947432480747,1.6277627979015028,-1.8099546537087008e-06,0.0
1.0561983674440253e-07,0.0,0.009846390660303352,1.6257230281512092,-1.8100128613696143e-06,0.0
1.056212137883811e-07,0.0,0.005585230171749063,1.623474019459771,-1.8100128613696143e-06,0.0
1.0562274328450376e-07,0.0,0.002314708489512463,1.620973874233502,-1.8099837575391575e-06,0.0
1.0562445850028998e-07,0.0,-0.0001114934405743326,1.618169807875843,-1.8099837575391575e-06,0.0
1.0562640646272037e-07,0.0,-0.0018377621165793644,1.6149870476926067,-1.8099837575391575e-06,0.0
1.0562865189870581e-07,0.0,-0.0030002493306952286,1.6113227368161782,-1.8099837575391575e-06,0.0
1.0563128988334958e-07,0.0,-0.0037270202652272327,1.607025918248373,-1.8099983094543859e-06,0.0
1.0563446329345798e-07,0.0,-0.00413460337333088,1.601870316276973,-1.8099983094543859e-06,0.0
1.0563840334566797e-07,0.0,-0.00432576451444615,1.5954909704713323,-1.8100128613696143e-06,0.0
1.0564350745821481e-07,0.0,-0.00438518798345293,1.5872638993871384,-1.810005585412e-06,0.0
1.056505328026823e-07,0.0,-0.004375091625536989,1.5760090377658964,-1.8099910334967717e-06,0.0
1.0566111979111782e-07,0.0,-0.004329904970362069,1.559198650273711,-1.8099983094543859e-06,0.0
1.0567963069383964e-07,0.0,-0.004249210963796611,1.5302355076758436,-1.8100274132848426e-06,0.0
1.0571665249928328e-07,0.0,-0.004092923209823861,1.4739084005231085,-1.8100110423802107e-06,0.0
1.0579069611017058e-07,0.0,-0.0037969661358187054,1.3673618817830315,-1.8100110423802107e-06,0.0
1.0588392261481581e-07,0.0,-0.003454655553570932,1.2440638338283643,-1.8100105876328598e-06,0.0
1.0597159160633113e-07,0.0,-0.003160863265432011,1.1382869323293714,-1.810010132885509e-06,0.0
1.0606076124878878e-07,0.0,-0.002887757799895926,1.0399186657835513,-1.810010132885509e-06,0.0
1.0614619157189928e-07,0.0,-0.0026481937745537615,0.9536634620173524,-1.8100105876328598e-06,0.0
1.0623448127047373e-07,0.0,-0.0024215387257062967,0.8720284161740897,-1.8100105876328598e-06,0.0
1.0632048336808449e-07,0.0,-0.00221936929881744,0.7992348435377633,-1.810010132885509e-06,0.0
1.0640856266621334e-07,0.0,-0.002029845211515389,0.7309751998784301,-1.810010132885509e-06,0.0
1.0649485060425791e-07,0.0,-0.0018598420088224187,0.6697618925365467,-1.810010132885509e-06,0.0
1.0658267406810724e-07,0.0,-0.001701458240646592,0.6127191195438193,-1.810010132885509e-06,0.0
1.066691651956451e-07,0.0,-0.0015586394554322636,0.5612930557508661,-1.810010132885509e-06,0.0
1.067568059662775e-07,0.0,-0.0014261680738163873,0.5135836547048017,-1.810010132885509e-06,0.0
1.0684345377692468e-07,0.0,-0.001306251140073631,0.47040331395607876,-1.810010132885509e-06,0.0
1.0693095838038263e-07,0.0,-0.0011953942020194162,0.4304789451050207,-1.8100105876328598e-06,0.0
1.0701772334035519e-07,0.0,-0.001094752713687962,0.3942388874118595,-1.8100105876328598e-06,0.0
1.0710512614701816e-07,0.0,-0.0010019472642433026,0.3608160692986848,-1.8100105876328598e-06,0.0
1.0719197889934917e-07,0.0,-0.0009175114820072408,0.3304111710242809,-1.810009678138158e-06,0.0
1.0727930577626422e-07,0.0,-0.0008397952143375495,0.30242284848154444,-1.8100110423802107e-06,0.0
1.0736622423760035e-07,0.0,-0.0007689736425415771,0.276920106101748,-1.8100110423802107e-06,0.0
1.0745349450169393e-07,0.0,-0.0007038789085991508,0.2534774442217367,-1.8100105876328598e-06,0.0
1.0754046207380957e-07,0.0,-0.0006444877646397419,0.23209060652174754,-1.8100105876328598e-06,0.0
1.0762769016635419e-07,0.0,-0.0005899558040477337,0.21245207697917015,-1.810010132885509e-06,0.0
1.0771469439463604e-07,0.0,-0.0005401573692285454,0.19451946604096176,-1.8100110423802107e-06,0.0
1.0780189110873771e-07,0.0,-0.0004944685810090144,0.17806571866107848,-1.810010132885509e-06,0.0
1.0788892265756051e-07,0.0,-0.00045271793679479977,0.16303106391572592,-1.810010132885509e-06,0.0
1.0797609605559778e-07,0.0,-0.00041443476460933275,0.14924434610628176,-1.8100105876328598e-06,0.0
1.080631479350844e-07,0.0,-0.00037943413300039455,0.13664035212782324,-1.8100110423802107e-06,0.0
1.0815030403552048e-07,0.0,-0.00034735402474124857,0.12508756009437125,-1.8100110423802107e-06,0.0
1.0823737101809487e-07,0.0,-0.0003180138568621416,0.11452190131897219,-1.810010132885509e-06,0.0
1.0832451430973195e-07,0.0,-0.0002911303576353178,0.1048405629212709,-1.8100105876328598e-06,0.0
1.0841159249046356e-07,0.0,-0.00026653631522337133,0.0959839982581141,-1.810010132885509e-06,0.0
1.0849872631768906e-07,0.0,-0.00024400678300272929,0.0878706426569946,-1.810009678138158e-06,0.0
1.0858581278337083e-07,0.0,-0.00022339180891379018,0.0804469611813675,-1.8100105876328598e-06,0.0
1.0867293963481682e-07,0.0,-0.00020451055936775603,0.07364744491147696,-1.810010132885509e-06,0.0
1.0876003221512121e-07,0.0,-0.00018723130810238358,0.06742498058987945,-1.810010132885509e-06,0.0
1.0884715393993815e-07,0.0,-0.00017140723370882467,0.06172642579438509,-1.8100105876328598e-06,0.0
1.0893425102046046e-07,0.0,-0.0001569242159653699,0.05651090893848453,-1.8100105876328598e-06,0.0
1.0902136899032909e-07,0.0,-0.00014366210751575012,0.05173497551887276,-1.8100105876328598e-06,0.0
1.091084693722422e-07,0.0,-0.0001315229852252753,0.047363518255519974,-1.8100110423802107e-06,0.0
1.0919558460268899e-07,0.0,-0.00012040792657639791,0.04336078318165063,-1.810010132885509e-06,0.0
1.092826873974762e-07,0.0,-0.00011023347213245038,0.03969682397841787,-1.8100105876328598e-06,0.0
1.0936980063866849e-07,0.0,-0.00010091779205749912,0.036342081753166,-1.8100105876328598e-06,0.0
1.0945690518923404e-07,0.0,-9.239009536910853e-05,0.03327113916810379,-1.810010132885509e-06,0.0
1.095440169938924e-07,0.0,-8.458245090031279e-05,0.03045947008628213,-1.8100110423802107e-06,0.0
1.0963112281549087e-07,0.0,-7.743501975502267e-05,0.02788557815296091,-1.810010132885509e-06,0.0
1.0971823358964355e-07,0.0,-7.089125868467117e-05,0.025529057409587764,-1.8100105876328598e-06,0.0
1.0980534032569074e-07,0.0,-6.490071180872923e-05,0.02337177445550097,-1.810009678138158e-06,0.0
1.0989245036657383e-07,0.0,-5.941622178969394e-05,0.021396716703818843,-1.810009678138158e-06,0.0
1.0997955775562288e-07,0.0,-5.43953204643312e-05,0.01958861611907253,-1.8100105876328598e-06,0.0
1.10066667279948e-07,0.0,-4.979862122571678e-05,0.017933267764729723,-1.810010132885509e-06,0.0
1.1015377513103854e-07,0.0,-4.559042508215581e-05,0.016417833546228635,-1.8100105876328598e-06,0.0
1.1024088429605215e-07,0.0,-4.1737800761727485e-05,0.015030439653122212,-1.8100105876328598e-06,0.0
1.1032799247033186e-07,0.0,-3.821076721795054e-05,0.013760301728038889,-1.810010132885509e-06,0.0
1.1041510138948532e-07,0.0,-3.498176934324471e-05,0.012597486492717651,-1.8100110423802107e-06,0.0
1.1050220978652521e-07,0.0,-3.202564482987413e-05,0.011532941149176728,-1.810010132885509e-06,0.0
1.1058931854111241e-07,0.0,-2.9319324330758178e-05,0.010558350934773267,-1.8100105876328598e-06,0.0
1.106764270887347e-07,0.0,-2.684169969618976e-05,0.009666120414132963,-1.8100105876328598e-06,0.0
1.1076353573652137e-07,0.0,-2.4573449515658193e-05,0.008849286686903376,-1.8100105876328598e-06,0.0
1.1085064438325038e-07,0.0,-2.2496872446334496e-05,0.008101479352189939,-1.8100105876328598e-06,0.0
1.1093775296485937e-07,0.0,-2.0595781649614858e-05,0.007416865828171699,-1.8100105876328598e-06,0.0
1.1102486167433061e-07,0.0,-1.88553361564524e-05,0.006790104520820105,-1.8100105876328598e-06,0.0
1.1111197021795625e-07,0.0,-1.7261972580521012e-05,0.00621630864465756,-1.8100105876328598e-06,0.0
1.1119907896478451e-07,0.0,-1.5803250080742787e-05,0.00569100005426853,-1.810010132885509e-06,0.0
1.1128618748966262e-07,0.0,-1.4467802057237919e-05,0.005210083791599621,-1.810010132885509e-06,0.0
1.1137329625639644e-07,0.0,-1.324520074637456e-05,0.0047698060435317725,-1.8100110423802107e-06,0.0
1.1146040477535117e-07,0.0,-1.2125919714037376e-05,0.004366735032312876,-1.810010132885509e-06,0.0
1.115475135502348e-07,0.0,-1.1101219138528188e-05,0.003997724376129717,-1.810010132885509e-06,0.0
1.1163462207154043e-07,0.0,-1.0163114403341112e-05,0.0036598978830172206,-1.8100110423802107e-06,0.0
1.1172173084687511e-07,0.0,-9.304280718204586e-06,0.003350618452028546,-1.8100105876328598e-06,0.0
1.1180883937561173e-07,0.0,-8.518025523817628e-06,0.0030674754267994158,-1.810010132885509e-06,0.0
1.1189594814656017e-07,0.0,-7.798210113527851e-06,0.002808258629188372,-1.810010132885509e-06,0.0
1.1198305671868043e-07,0.0,-7.13922456412502e-06,0.002570947447817436,-1.810010132885509e-06,0.0
1.1207016546379852e-07,0.0,-6.5359248823130556e-06,0.0023536897742402465,-1.8100105876328598e-06,0.0
1.121572740571544e-07,0.0,-5.983608231455996e-06,0.002154791771928761,-1.810010132885509e-06,0.0
1.1224438278199234e-07,0.0,-5.477963966669466e-06,0.001972701335415172,-1.8100105876328598e-06,0.0
1.123314913925621e-07,0.0,-5.015049922043997e-06,0.0018059986402143605,-1.8100105876328598e-06,0.0
1.1241860010253734e-07,0.0,-4.591253675273016e-06,0.0016533829530355306,-1.810009678138158e-06,0.0
1.1250570872610477e-07,0.0,-4.203270803159244e-06,0.0015136641679813674,-1.8100110423802107e-06,0.0
1.1259281742479582e-07,0.0,-3.848073918653579e-06,0.0013857521843565494,-1.810009678138158e-06,0.0
1.126799260581651e-07,0.0,-3.5228932415285673e-06,0.0012686494695287424,-1.8100105876328598e-06,0.0
1.1276703474833305e-07,0.0,-3.2251916159884534e-06,0.0011614424295540312,-1.8100105876328598e-06,0.0
1.1285414338911053e-07,0.0,-2.9526474475196197e-06,0.0010632949582885993,-1.8100110423802107e-06,0.0
1.1294125207283916e-07,0.0,-2.7031343906761182e-06,0.0009734413779533903,-1.810010132885509e-06,0.0
1.1302836071921443e-07,0.0,-2.4747065439636723e-06,0.0008911808946781104,-1.810009678138158e-06,0.0
1.1311546939807675e-07,0.0,-2.265581831202449e-06,0.0008158717914001041,-1.810010132885509e-06,0.0
1.1320257804868256e-07,0.0,-2.0741292662038845e-06,0.0007469266936335377,-1.810010132885509e-06,0.0
1.1328968672386684e-07,0.0,-1.8988552873810274e-06,0.0006838077717927456,-1.810010132885509e-06,0.0
1.1337679537767047e-07,0.0,-1.7383928717097785e-06,0.0006260227180203926,-1.810009678138158e-06,0.0
1.1346390405007436e-07,0.0,-1.5914902524314783e-06,0.0005731207690900061,-1.8100105876328598e-06,0.0
1.135510127062956e-07,0.0,-1.4570016570825077e-06,0.0005246892994484548,-1.8100105876328598e-06,0.0
1.1363812137659718e-07,0.0,-1.3338779628694555e-06,0.0004803505157539638,-1.8100105876328598e-06,0.0
1.1372523003464663e-07,0.0,-1.2211588439387263e-06,0.0004397585792139351,-1.8100110423802107e-06,0.0
1.138123387033583e-07,0.0,-1.1179650120571083e-06,0.0004025968528337498,-1.8100105876328598e-06,0.0
1.1389944736279051e-07,0.0,-1.0234915762169545e-06,0.0003685754754979776,-1.8100105876328598e-06,0.0
1.1398655603029948e-07,0.0,-9.370015868462055e-07,0.00033742906599696775,-1.8100105876328598e-06,0.0
1.1407366469077783e-07,0.0,-8.578204318133418e-07,0.00030891468087552217,-1.8100110423802107e-06,0.0
1.1416077335737682e-07,0.0,-7.853304567775064e-07,0.00028280989720222654,-1.8100105876328598e-06,0.0
1.1425125936727986e-07,0.0,-7.165059394353722e-07,0.000258025101142068,-1.8100105876328598e-06,0.0
1.1434382887034841e-07,0.0,-6.523319433325623e-07,0.00023491503252649691,-1.810010132885509e-06,0.0
1.1444002831341776e-07,0.0,-5.917210676707051e-07,0.0002130880987252102,-1.810010132885509e-06,0.0
1.1453861689245599e-07,0.0,-5.354413092364681e-07,0.0001928208695638095,-1.810010132885509e-06,0.0
1.1463861689245598e-07,0.0,-4.838204933390117e-07,0.00017423139836524252,-1.8100105876328598e-06,0.0
1.1473861689245598e-07,0.0,-4.3717633440157577e-07,0.00015743410059802015,-1.8100105876328598e-06,0.0
1.1483861689245597e-07,0.0,-3.950290463062053e-07,0.00014225619643567654,-1.8100105876328598e-06,0.0
1.1493861689245597e-07,0.0,-3.5694509194865044e-07,0.0001285415634063685,-1.8100105876328598e-06,0.0
1.1503861689245596e-07,0.0,-3.225327359542371e-07,0.00011614913049095313,-1.8100105876328598e-06,0.0
1.1513861689245596e-07,0.0,-2.9143800484825583e-07,0.000104951427042746,-1.8100105876328598e-06,0.0
1.1523861689245595e-07,0.0,-2.633410548816459e-07,9.483327160307192e-05,-1.8100105876328598e-06,0.0
1.1533861689245594e-07,0.0,-2.3795287450357594e-07,8.569058712540228e-05,-1.8100105876328598e-06,0.0
1.1543861689245594e-07,0.0,-2.1501231799505696e-07,7.742933042139734e-05,-1.8100105876328598e-06,0.0
1.1553861689245593e-07,0.0,-1.9428341376929206e-07,6.996452481685124e-05,-1.8100105876328598e-06,0.0
1.1563861689245593e-07,0.0,-1.755529418333717e-07,6.321938606736545e-05,-1.8100105876328598e-06,0.0
1.1573861689245592e-07,0.0,-1.5862823655446254e-07,5.712453254269627e-05,-1.8100105876328598e-06,0.0
1.1583861689245592e-07,0.0,-1.4333520829852852e-07,5.161727155566523e-05,-1.8100105876328598e-06,0.0
1.1593861689245591e-07,0.0,-1.2951654978684277e-07,4.664095449463563e-05,-1.8100105876328598e-06,0.0
1.160386168924559e-07,0.0,-1.1703012050696664e-07,4.2144394126387303e-05,-1.8100105876328598e-06,0.0
1.161386168924559e-07,0.0,-1.0574748249709049e-07,3.808133807562873e-05,-1.8100105876328598e-06,0.0
1.1623861689245589e-07,0.0,-9.555258103388007e-08,3.4409993065302376e-05,-1.8100105876328598e-06,0.0
1.1633861689245589e-07,0.0,-8.634054931833998e-08,3.109259502391022e-05,-1.8100105876328598e-06,0.0
1.1643861689245588e-07,0.0,-7.80166311265065e-08,2.809502063793593e-05,-1.8100105876328598e-06,0.0
1.1653861689245588e-07,0.0,-7.049520499708013e-08,2.5386436353705387e-05,-1.8100105876328598e-06,0.0
1.1663861689245587e-07,0.0,-6.369890448274631e-08,2.2938981218277958e-05,-1.8100105876328598e-06,0.0
1.1673861689245586e-07,0.0,-5.755782151947547e-08,2.0727480297001125e-05,-1.8100105876328598e-06,0.0
1.1683861689245586e-07,0.0,-5.200878804596213e-08,1.8729185719906525e-05,-1.8100105876328598e-06,0.0
1.1693861689245585e-07,0.0,-4.699472564400326e-08,1.6923542693295803e-05,-1.8100105876328598e-06,0.0
1.1703861689245585e-07,0.0,-4.246405893451584e-08,1.5291978069681862e-05,-1.8100105876328598e-06,0.0
1.1713861689245584e-07,0.0,-3.837018462555908e-08,1.3817709301272067e-05,-1.8100105876328598e-06,0.0
1.1723861689245584e-07,0.0,-3.4670992517775965e-08,1.2485571811864014e-05,-1.8100105876328598e-06,0.0
1.1733861689245583e-07,0.0,-3.1328432031880096e-08,1.128186301146605e-05,-1.8100105876328598e-06,0.0
1.1743861689245582e-07,0.0,-2.8308121087172108e-08,1.0194201349155901e-05,-1.8100105876328598e-06,0.0
1.1753861689245582e-07,0.0,-2.557899220843693e-08,9.211398954367088e-06,-1.8100105876328598e-06,0.0
1.1763861689245581e-07,0.0,-2.311297315983152e-08,8.323346556573704e-06,-1.8100105876328598e-06,0.0
1.1773861689245581e-07,0.0,-2.0884698019099198e-08,7.52090949963494e-06,-1.8100105876328598e-06,0.0
1.178386168924558e-07,0.0,-1.8871246404634673e-08,6.795833781188135e-06,-1.8100105876328598e-06,0.0
1.179386168924558e-07,0.0,-1.705190758861053e-08,6.140661150593451e-06,-1.8100105876328598e-06,0.0
1.1803861689245579e-07,0.0,-1.5407967568798245e-08,5.548652392115362e-06,-1.8100105876328598e-06,0.0
1.1813861689245578e-07,0.0,-1.3922516482835044e-08,5.013718004217172e-06,-1.8100105876328598e-06,0.0
1.1823861689245578e-07,0.0,-1.2580274747684617e-08,4.530355561925593e-06,-1.8100105876328598e-06,0.0
1.1833861689245577e-07,0.0,-1.1367435825418116e-08,4.093593117962887e-06,-1.8100105876328598e-06,0.0
1.1843861689245577e-07,0.0,-1.0271524263068268e-08,3.6989380604622024e-06,-1.8100105876328598e-06,0.0
1.1853861689245576e-07,0.0,-9.281267320036237e-09,3.342330901207034e-06,-1.8100105876328598e-06,0.0
1.1863861689245576e-07,0.0,-8.38647905574403e-09,3.0201035190536755e-06,-1.8100105876328598e-06,0.0
1.1873861689245575e-07,0.0,-7.577955520384388e-09,2.7289414290208163e-06,-1.8100105876328598e-06,0.0
1.1883861689245574e-07,0.0,-6.8473801113840786e-09,2.4658496889403645e-06,-1.8100105876328598e-06,0.0
1.1893861689245574e-07,0.0,-6.187238001957281e-09,2.2281220929791116e-06,-1.8100105876328598e-06,0.0
1.1903861689245573e-07,0.0,-5.590738864090404e-09,2.013313335151022e-06,-1.8100105876328598e-06,0.0
1.1913861689245573e-07,0.0,-5.051747003508624e-09,1.8192138564890207e-06,-1.8100105876328598e-06,0.0
1.1923861689245573e-07,0.0,-4.564718262758537e-09,1.6438271171503522e-06,-1.8100105876328598e-06,0.0
1.1933861689245574e-07,0.0,-4.124642979526773e-09,1.485349059672324e-06,-1.8100105876328598e-06,0.0
1.1943861689245575e-07,0.0,-3.726994467978912e-09,1.34214955213424e-06,-1.8100105876328598e-06,0.0
1.1953861689245576e-07,0.0,-3.3676824466325805e-09,1.2127556203465915e-06,-1.8100105876328598e-06,0.0
1.1963861689245576e-07,0.0,-3.043010973466414e-09,1.0958362965911455e-06,-1.8100105876328598e-06,0.0
1.1973861689245577e-07,0.0,-2.7496404216419136e-09,9.90188929063386e-07,-1.8100105876328598e-06,0.0
1.1983861689245578e-07,0.0,-2.4845531336850447e-09,8.947268111940542e-07,-1.8100105876328598e-06,0.0
1.1993861689245579e-07,0.0,-2.2450223761097274e-09,8.084680036028089e-07,-1.8100105876328598e-06,0.0
1.2000000000000002e-07,2.183756817139993e-14,-2.109645940250162e-09,7.597168115662768e-07,-1.810010132885509e-06,-3.201849302814864e-15
1.200000014276814e-07,2.3556743173107248e-06,-2.1096428895221738e-09,7.597157129361006e-07,-1.7841104522631213e-06,-0.007425000067572686
1.2000000428304416e-07,7.0670228645819025e-06,-2.1096367880988153e-09,7.597135156789258e-07,-1.7841104522631213e-06,-0.007424999934643011
1.2000000999376967e-07,1.6489719959124257e-05,-2.109624584921159e-09,7.597091211836411e-07,-1.8064621940538927e-06,-0.007425000081770993
1.200000214152207e-07,3.5335114148208965e-05,-2.109600179138877e-09,7.597003322693304e-07,-1.8064621940538927e-06,-0.007424999963039625
1.2000004425812275e-07,7.302590252637838e-05,-2.1095513683761027e-09,7.596827547457387e-07,-1.8064621940538927e-06,-0.007425000138564236
1.2000008994392687e-07,0.00014840747932639233,-2.109453750274503e-09,7.596476009186381e-07,-1.8092561617777392e-06,-0.007425000085230008
1.200001813155351e-07,0.0002991706329264203,-2.109258527577501e-09,7.595772981444857e-07,-1.809721823065047e-06,-0.007425000365737174
1.2000036405875157e-07,0.0006006969400828011,-2.1088681363783365e-09,7.594367121141177e-07,-1.8101874843523547e-06,-0.007425000537424925
1.200007295451845e-07,0.0012037495544392376,-2.108087570741116e-09,7.591556181070692e-07,-1.8099546537087008e-06,-0.007425001275504453
1.2000146051805037e-07,0.0024098547831084356,-2.106527306057811e-09,7.585937421632969e-07,-1.8098964460477873e-06,-0.007425002354270738
1.2000292246378212e-07,0.004822065240490506,-2.1034102398189386e-09,7.574712374026139e-07,-1.8099837575391575e-06,-0.007425004910540434
1.200058463552456e-07,0.009646486155254649,-2.097189934258178e-09,7.552312071685355e-07,-1.8099692056239292e-06,-0.007425009623804657
1.200116941381726e-07,0.019295327984782933,-2.084804426650676e-09,7.507709903332956e-07,-1.810005585412e-06,-0.007425019449607717
1.2002338970402657e-07,0.038593011643839506,-2.0602522030260104e-09,7.419293469606491e-07,-5.722196249280387e-06,-0.00742503870193767
1.200467808357345e-07,0.07718837896190897,-2.01201011420422e-09,7.245566090969183e-07,-6.41484487573507e-05,-0.00742507760585287
1.2009356309915036e-07,0.15437911359809156,-1.9188755753099377e-09,6.910173911701863e-07,-0.0003911045891697995,-0.007425155014464835
1.201871276259821e-07,0.30876058287045677,-1.7452473276454838e-09,6.284911178265562e-07,-0.0018854316754470801,-0.007425310230889437
1.202871276259821e-07,0.47376058287046924,-1.5769915521947116e-09,5.678995565509335e-07,-0.004721353228035241,-0.007425475847988139
1.203871276259821e-07,0.6387605828704815,-1.4249569767552699e-09,5.131495055109905e-07,-0.00883727478017704,-0.007425641731209964
1.2048712762598212e-07,0.803760582870494,-1.287579748146828e-09,4.636777964846981e-07,-0.014233196332327225,-0.007425807348312219
1.2049502827759778e-07,0.8167966580363338,-1.2773168057857238e-09,4.5998194890196986e-07,-0.01471406835261746,-0.007425820576756337
1.204994070216005e-07,0.8240215856408178,-1.2716641145443117e-09,4.579463255375551e-07,-0.014984021168828576,-0.007425827701425192
1.2050121223476755e-07,0.8270001873664462,-1.2693409864675247e-09,4.571097304382086e-07,-0.014945694558832656,-0.007425830826605306
1.2050344381188383e-07,0.8306822896083135,-1.2664750354414455e-09,4.5607765622409295e-07,-0.014807986377576299,-0.007425834392549291
1.205045422447008e-07,0.8324947037562989,-1.2650667272040102e-09,4.5557050219213663e-07,-0.01474036954238045,-0.007425836346058645
1.2050593770778472e-07,0.8347972178447807,-1.2632798525764645e-09,4.549270204269211e-07,-0.014654720483264327,-0.007425838526287976
1.2050872863395255e-07,0.8394022460217004,-1.259713669726298e-09,4.536427816771053e-07,-0.014484408136951288,-0.007425843284863731
1.205143104862882e-07,0.84861230237554,-1.2526114629834903e-09,4.510851648944696e-07,-0.014146525368801122,-0.007425852404182365
1.2052547419095953e-07,0.8670324150832192,-1.2385268375453106e-09,4.460130688967458e-07,-0.013482724105870147,-0.00742587104065251
1.2054780160030217e-07,0.9038726404985773,-1.2108300419053797e-09,4.3603901549102135e-07,-0.012202978902536188,-0.007425907915745711
1.2059245641898745e-07,0.9775530913292938,-1.157274028852844e-09,4.1675264961251816e-07,-0.009834917504065288,-0.007425982063793413
1.2068176605635805e-07,1.12491399299077,-1.057114720625309e-09,3.806837013369449e-07,-0.005864511020007512,-0.007426129962070149
1.2078176605635805e-07,1.2899139929907826,-9.552004221514918e-10,3.4398275336498985e-07,-0.0026304286013498768,-0.007426295844851438
1.2088176605635806e-07,1.454913992990795,-8.631114756771255e-10,3.1082006977711447e-07,-0.0006763461831553741,-0.007426461462387124
1.2098176605635807e-07,1.6199139929908073,-7.79900638828433e-10,2.808545336391946e-07,-2.263764969256954e-06,-0.007426627345154202
1.2108176605635808e-07,1.7849139929908195,-7.047119909605556e-10,2.537779144128399e-07,-1.8100105876328598e-06,-0.007426792962718309
1.2118176605635808e-07,1.949913992990832,-6.367721290103524e-10,2.2931169744429898e-07,-1.8100105876328598e-06,-0.007426958845485387
1.212817660563581e-07,2.1149139929908447,-5.753822121458871e-10,2.0720421911594542e-07,-1.8100105876328598e-06,-0.007427124463049495
1.213817660563581e-07,2.279913992990857,-5.199107733691389e-10,1.872280781920317e-07,-1.8100105876328598e-06,-0.007427290345816573
1.214817660563581e-07,2.444913992990869,-4.697872241433181e-10,1.6917779673137905e-07,-1.8100105876328598e-06,-0.007427455963409102
1.215817660563581e-07,2.6099139929908817,-4.244959852206554e-10,1.5286770650675782e-07,-1.8100105876328598e-06,-0.007427621846147758
1.2168176605635812e-07,2.774913992990894,-3.8357118330997933e-10,1.3813003919031328e-07,-1.8100105876328598e-06,-0.007427787463655022
1.2178176605635813e-07,2.9399139929909066,-3.465918590236552e-10,1.2481320066036328e-07,-1.8100105876328598e-06,-0.007427953346450522
1.2188176605635814e-07,3.104913992990919,-3.1317763682080005e-10,1.1278021167879739e-07,-1.8100105876328598e-06,-0.007428118964071473
1.2198176605635814e-07,3.269913992990931,-2.829848123982742e-10,1.0190729889962364e-07,-1.8100105876328598e-06,-0.007428284846753286
1.22e-07,3.3000000000000003,-2.7780611292021354e-10,1.0004236745271004e-07,-1.8100201373272284e-06,-0.00742831493698759
1.2200011293577457e-07,3.3000000000000003,-2.7777433739240826e-10,1.0003092458340856e-07,-1.8101874843523547e-06,-3.315003368697944e-06
1.2200033880732371e-07,3.3000000000000003,-2.7771079360507393e-10,1.000080414624817e-07,-1.8101874843523547e-06,-3.315003368697944e-06
1.2200079055042198e-07,3.3000000000000003,-2.775837496352497e-10,9.996229092309212e-08,-1.8100710690305277e-06,-3.315003368697944e-06
1.2200169403661852e-07,3.3000000000000003,-2.7732983601186006e-10,9.987085261826097e-08,-1.8100128613696143e-06,-3.315003368697944e-06
1.2200350100901159e-07,3.3000000000000003,-2.7682270523158734e-10,9.968822681741643e-08,-1.8100128613696143e-06,-3.3150033118545252e-06
1.2200711495379775e-07,3.3000000000000003,-2.758112231780597e-10,9.932397615992332e-08,-1.8100128613696143e-06,-3.315003368697944e-06
1.2201434284337008e-07,3.3000000000000003,-2.737993264092908e-10,9.859946036832716e-08,-1.8099983094543859e-06,-3.315003368697944e-06
1.220287986225147e-07,3.3000000000000003,-2.6981940004136975e-10,9.71662260455263e-08,-1.8100274132848426e-06,-3.3150033118545252e-06
1.2205771018080397e-07,3.3000000000000003,-2.6203185074020117e-10,9.436180658697911e-08,-1.8100110423802107e-06,-3.315003368697944e-06
1.2211553329738253e-07,3.3000000000000003,-2.471214544207979e-10,8.899233745710895e-08,-1.8100110423802107e-06,-3.315003368697944e-06
1.2221553329738253e-07,3.3000000000000003,-2.2329697333723104e-10,8.041276566182165e-08,-1.8100105876328598e-06,-3.315003368697944e-06
1.2231553329738254e-07,3.3000000000000003,-2.0176936243065364e-10,7.266033308204227e-08,-1.8100105876328598e-06,-3.315003368697944e-06
1.2241553329738255e-07,3.3000000000000003,-1.8231718508026916e-10,6.56552968939848e-08,-1.8100105876328598e-06,-3.315003368697944e-06
1.2251553329738256e-07,3.3000000000000003,-1.6474035292116972e-10,5.932560211869774e-08,-1.8100105876328598e-06,-3.315003368697944e-06
1.2261553329738257e-07,3.3000000000000003,-1.4885806770607084e-10,5.360614045244666e-08,-1.8100105876328598e-06,-3.315003368697944e-06
1.2271553329738257e-07,3.3000000000000003,-1.3450696158054478e-10,4.843808055176494e-08,-1.8100105876328598e-06,-3.315003368697944e-06
1.2281553329738258e-07,3.3000000000000003,-1.2153941665690763e-10,4.376826288437228e-08,-1.8100105876328598e-06,-3.315003368697944e-06
1.229155332973826e-07,3.3000000000000003,-1.0982204658919893e-10,3.954865292129581e-08,-1.8100105876328598e-06,-3.315003368697944e-06
1.230155332973826e-07,3.3000000000000003,-9.923432454107086e-11,3.573584704563611e-08,-1.8100105876328598e-06,-3.315003368697944e-06
1.231155332973826e-07,3.3000000000000003,-8.966734342459395e-11,3.2290626095672756e-08,-1.8100105876328598e-06,-3.315003368697944e-06
1.232155332973826e-07,3.3000000000000003,-8.102269566522832e-11,2.917755194997876e-08,-1.8100105876328598e-06,-3.315003368697944e-06
1.2331553329738262e-07,3.3000000000000003,-7.321146096374251e-11,2.6364603004950577e-08,-1.8100105876328598e-06,-3.315003368697944e-06
1.2341553329738263e-07,3.3000000000000003,-6.615329164803308e-11,2.3822844795214384e-08,-1.8100105876328598e-06,-3.315003368697944e-06
1.2351553329738263e-07,3.3000000000000003,-5.977558620271537e-11,2.15261323688548e-08,-1.8100105876328598e-06,-3.315003368697944e-06
1.2361553329738264e-07,3.3000000000000003,-5.4012742478376277e-11,1.9450841356047562e-08,-1.8100105876328598e-06,-3.315003368697944e-06
1.2371553329738265e-07,3.3000000000000003,-4.88054828962871e-11,1.7575624964823053e-08,-1.8100105876328598e-06,-3.315003368697944e-06
1.2381553329738266e-07,3.3000000000000003,-4.410024470977599e-11,1.588119440437824e-08,-1.8100105876328598e-06,-3.315003368697944e-06
1.2391553329738266e-07,3.3000000000000003,-3.984862904835282e-11,1.4350120477334273e-08,-1.8100105876328598e-06,-3.315003368697944e-06
1.2401553329738267e-07,3.3000000000000003,-3.600690307922452e-11,1.2966654300084465e-08,-1.8100105876328598e-06,-3.315003368697944e-06
1.2411553329738268e-07,3.3000000000000003,-3.253555016364765e-11,1.1716565307131975e-08,-1.8100105876328598e-06,-3.315003368697944e-06
1.2421553329738269e-07,3.3000000000000003,-2.9398863382482777e-11,1.0586994873102643e-08,-1.8100105876328598e-06,-3.315003368697944e-06
1.243155332973827e-07,3.3000000000000003,-2.6564578248521248e-11,9.566324046764362e-09,-1.8100105876328598e-06,-3.315003368697944e-06
1.244155332973827e-07,3.3000000000000003,-2.4003540828829832e-11,8.644054036542916e-09,-1.8100105876328598e-06,-3.315003368697944e-06
1.244193280327201e-07,3.3000000000000003,-2.391145515471141e-11,8.610892531383847e-09,-1.8100128613696143e-06,-3.3150033118545252e-06
1.2442691750339493e-07,3.3000000000000003,-2.372834159253056e-11,8.544950446523667e-09,-1.8099983094543859e-06,-3.315003368697944e-06
1.2444209644474458e-07,3.3000000000000003,-2.3366305264334378e-11,8.414575448663292e-09,-1.8100237753060355e-06,-3.3150033118545252e-06
1.244724543274439e-07,3.3000000000000003,-2.2658678506613188e-11,8.159747880727596e-09,-1.8100092233908072e-06,-3.315003368697944e-06
1.2447397828159802e-07,3.3000000000000003,-2.2623729041366613e-11,8.147162026481505e-09,-1.8099837575391575e-06,-3.3150033118545252e-06
1.244770261899063e-07,3.3000000000000003,-2.2553991707725314e-11,8.122048511573276e-09,-1.8099837575391575e-06,-3.315003368697944e-06
1.2448312200652282e-07,3.3000000000000003,-2.24151609411189e-11,8.072053360568232e-09,-1.810005585412e-06,-3.3150033118545252e-06
1.2449531363975589e-07,3.3000000000000003,-2.2140055253958232e-11,7.972983459067973e-09,-1.8099946714755788e-06,-3.315003368697944e-06
1.2449592565498667e-07,3.3000000000000003,-2.2126334579539868e-11,7.968042427582294e-09,-1.8099546537087008e-06,-3.3150033118545252e-06
1.2449714968544822e-07,3.3000000000000003,-2.2098918731826895e-11,7.95816954795983e-09,-1.8099546537087008e-06,-3.3150033118545252e-06
1.2449959774637134e-07,3.3000000000000003,-2.2044188882903954e-11,7.938460465252102e-09,-1.8099837575391575e-06,-3.3150033118545252e-06
1.2450449386821756e-07,3.3000000000000003,-2.193513531152726e-11,7.899188552384396e-09,-1.8100128613696143e-06,-3.315003368697944e-06
1.2450473965160537e-07,3.3000000000000003,-2.1929675119669223e-11,7.897222251069148e-09,-1.8099546537087008e-06,-3.315003368697944e-06
1.2450523121838098e-07,3.3000000000000003,-2.1918758812819294e-11,7.893291116637448e-09,-1.8099546537087008e-06,-3.315003368697944e-06
1.245062143519322e-07,3.3000000000000003,-2.1896942497152485e-11,7.88543471691588e-09,-1.8100128613696143e-06,-3.315003368697944e-06
1.2450818061903466e-07,3.3000000000000003,-2.1853374976484338e-11,7.869745364846088e-09,-1.8099837575391575e-06,-3.315003368697944e-06
1.245121131532396e-07,3.3000000000000003,-2.1766499730628348e-11,7.838460217169968e-09,-1.8100128613696143e-06,-3.315003368697944e-06
1.245123105649055e-07,3.3000000000000003,-2.176214774846206e-11,7.83689299966742e-09,-1.8099546537087008e-06,-3.3150033118545252e-06
1.2451270538823733e-07,3.3000000000000003,-2.1753446394146313e-11,7.833759504614219e-09,-1.8100710690305277e-06,-3.3150033118545252e-06
1.245127131926133e-07,3.3000000000000003,0.37951505491027243,1.503725869049036e-06,-0.011502604070269038,-3.315003482384782e-06
1.245127147394904e-07,3.3000000000000003,0.3800151756448041,2.0971068628071855e-06,-0.011517726861651239,-3.315006665616238e-06
1.2451271504520384e-07,3.3000000000000003,0.38011399261119705,2.2144706878240536e-06,-0.011520807264488148,-3.315003027637431e-06
1.2451271565663068e-07,3.3000000000000003,0.3803116035608857,2.4492897664704327e-06,-0.011526669347678703,-3.315010303595045e-06
1.245127168794844e-07,3.3000000000000003,0.38070673354515966,2.919293566970011e-06,-0.011538688740793007,-3.315006665616238e-06
1.245127193251918e-07,3.3000000000000003,0.38149662599385636,3.860763171042226e-06,-0.011562567333799435,-3.3150048466268345e-06
1.245127242166066e-07,3.3000000000000003,0.38307494195393127,5.749545836626454e-06,-0.011610339432646145,-3.315003027637431e-06
1.245127339994362e-07,3.3000000000000003,0.3862257072234623,9.550448609534611e-06,-0.011705712590558599,-3.315003482384782e-06
1.245127535650954e-07,3.3000000000000003,0.39250384375637737,1.7245313628662715e-05,-0.011895735977868164,-3.315003482384782e-06
1.2451279269641385e-07,3.3000000000000003,0.4049671183521186,3.300497211149033e-05,-0.012272945863497942,-3.315003368697944e-06
1.245128709590507e-07,3.3000000000000003,0.429526243011335,6.598573151899242e-05,-0.013016186904462258,-3.3150033118545252e-06
1.2451301779876311e-07,3.3000000000000003,0.474313849799164,0.00013300108512039895,-0.014371401595169928,-3.315003368697944e-06
1.2451315723399866e-07,3.3000000000000003,0.5153259384197951,0.0002026696975609054,-0.015612121070165049,-3.315003368697944e-06
1.2451329744026665e-07,3.3000000000000003,0.5551279839393217,0.00027843580639980555,-0.01681598798672793,-3.3150033118545252e-06
1.2451344706116804e-07,3.3000000000000003,0.5960706831158591,0.0003653787630301139,-0.018054082148237772,-3.315003368697944e-06
1.2451360154079603e-07,3.3000000000000003,0.6367441260041234,0.0004614984788924167,-0.01928373867543515,-3.315003425541363e-06
1.2451377693824988e-07,3.3000000000000003,0.6810353080539385,0.000578141310870841,-0.02062240536720057,-3.315003368697944e-06
1.245139628595586e-07,3.3000000000000003,0.725882391168684,0.0007101294234482598,-0.021977453093204095,-3.315003368697944e-06
1.2451417004200876e-07,3.3000000000000003,0.7734305199209902,0.0008668489185137139,-0.023413603719355688,-3.315003368697944e-06
1.2451438974273453e-07,3.3000000000000003,0.8211961246661591,0.0010435766504547205,-0.024855738667230738,-3.315003368697944e-06
1.2451463175071938e-07,3.3000000000000003,0.8708227340571707,0.0012501054307438484,-0.026353366494208694,-3.315003368697944e-06
1.2451488917460115e-07,3.3000000000000003,0.9203730374734697,0.0014826271973373234,-0.027847894043557208,-3.315003425541363e-06
1.245151707954221e-07,3.3000000000000003,0.9710032157177098,0.0017511828664887503,-0.029374054681593206,-3.315003368697944e-06
1.2451547126584898e-07,3.3000000000000003,1.0211811384457683,0.0020529250187048867,-0.030885504503793234,-3.3150033118545252e-06
1.2451579864626182e-07,3.3000000000000003,1.0716736122026531,0.002398229277078889,-0.032405165960389344,-3.3150033118545252e-06
1.2451614905348265e-07,3.3000000000000003,1.1212700582283217,0.002785404486318431,-0.03389640546522698,-3.315003368697944e-06
1.2451653015521134e-07,3.3000000000000003,1.170437910501677,0.003225345476891512,-0.03537305812175442,-3.3150033118545252e-06
1.2451693458774587e-07,3.3000000000000003,1.2176716627058408,0.003711721048610895,-0.03678969264266498,-3.3150033118545252e-06
1.245173592247123e-07,3.3000000000000003,1.2623174612685881,0.004241881485341988,-0.038126574807459915,-3.315003368697944e-06
1.2451780534863475e-07,3.3000000000000003,1.3043202948661154,0.004818142399448017,-0.03938196726485793,-3.3150033118545252e-06
1.2451827423064722e-07,3.3000000000000003,1.343630876686536,0.005442771448099545,-0.040554308174645504,-3.3150033118545252e-06
1.2451876762459556e-07,3.3000000000000003,1.3802458952558379,0.006118650225798339,-0.0416434096318618,-3.315003368697944e-06
1.2451928678147142e-07,3.3000000000000003,1.4141312596730509,0.006847937306932334,-0.04264817313353385,-3.315003368697944e-06
1.245198336928715e-07,3.3000000000000003,1.445315131958391,0.007633767418098042,-0.04356935711056374,-3.315003368697944e-06
1.2452041016867842e-07,3.3000000000000003,1.4738209525479267,0.008478980913133446,-0.04440758594784529,-3.315003368697944e-06
1.2452101878589945e-07,3.3000000000000003,1.4997171212868792,0.009387502443281532,-0.0451648132745816,-3.315003368697944e-06
1.245216620934529e-07,3.3000000000000003,1.5230712344504889,0.010363197800402131,-0.045842970443458794,-3.315003368697944e-06
1.2452234347154947e-07,3.3000000000000003,1.543982245838858,0.011411170772464832,-0.046444901667744516,-3.315003368697944e-06
1.2452306649228995e-07,3.3000000000000003,1.5625509880971902,0.012536813736935945,-0.0469734988865697,-3.3150033118545252e-06
1.2452383572253175e-07,3.3000000000000003,1.5788998332765458,0.013747056477902935,-0.047432260880246484,-3.315003368697944e-06
1.245246562355569e-07,3.3000000000000003,1.593153744379216,0.01504962376363281,-0.04782474009831041,-3.3150033118545252e-06
1.2452553441191645e-07,3.3000000000000003,1.6054517269694766,0.016454307450922478,-0.04815485230489307,-3.315003368697944e-06
1.2452647763488984e-07,3.3000000000000003,1.6159348433022296,0.017972496171694913,-0.04842652731930306,-3.315003368697944e-06
1.245274951805493e-07,3.3000000000000003,1.624752431882132,0.019618605569717867,-0.04864385374608272,-3.315003368697944e-06
1.245285981885415e-07,3.3000000000000003,1.6320545909152098,0.02141003448756296,-0.04881085281172771,-3.315003368697944e-06
1.2452980081958554e-07,3.3000000000000003,1.637995135602228,0.02336902975215673,-0.04893151170688723,-3.315003368697944e-06
1.2453112073682068e-07,3.3000000000000003,1.6427268426086574,0.025523447660827918,-0.04900961616640968,-3.315003368697944e-06
1.2453258094239465e-07,3.3000000000000003,1.6464023970264938,0.02790970092738773,-0.049048689632064844,-3.3150033118545252e-06
1.2453421140140255e-07,3.3000000000000003,1.6491712069336268,0.030575327305000597,-0.049051819145367,-3.3150033118545252e-06
1.24536052667282e-07,3.3000000000000003,1.651179049876192,0.03358476494611666,-0.04902146979871663,-3.315003368697944e-06
1.2453816081778273e-07,3.3000000000000003,1.6525656991787938,0.03702715413522365,-0.048959176037289304,-3.3150033118545252e-06
1.2454061647729712e-07,3.3000000000000003,1.6534632246936167,0.041030587542189224,-0.04886505851382872,-3.3150033118545252e-06
1.2454353864701871e-07,3.3000000000000003,1.6539932831128077,0.045783750689664435,-0.04873708617329763,-3.3150033118545252e-06
1.2454711459233872e-07,3.3000000000000003,1.6542650856580352,0.05158272737129686,-0.048569596334375305,-3.315003368697944e-06
1.2455165628682326e-07,3.3000000000000003,1.6543715297529988,0.05891856250705343,-0.04835052399954812,-3.3150033118545252e-06
1.2455773192804474e-07,3.3000000000000003,1.6543850598788066,0.06867996405252506,-0.048055133970040756,-3.3150033118545252e-06
1.2456649844528224e-07,3.3000000000000003,1.6543526149189625,0.08265945206284663,-0.047630529886368726,-3.315003368697944e-06
1.2458074538554052e-07,3.3000000000000003,1.6542898453487611,0.1051154187802968,-0.04694814390821783,-3.315003368697944e-06
1.246092392660571e-07,3.3000000000000003,1.6541679357794574,0.1490690046983836,-0.04561252269638908,-3.315003368697944e-06
1.2465601146713863e-07,3.3000000000000003,1.6539749579450171,0.21853145027122522,-0.043501752097167244,-3.3150033118545252e-06
1.2470197169102708e-07,3.3000000000000003,1.6537941803804599,0.28365528629265,-0.041522824232898145,-3.315003368697944e-06
1.2475847487349834e-07,3.3000000000000003,1.6535830259625548,0.35967897548851935,-0.03921267724550854,-3.3150033118545252e-06
1.2481370183720127e-07,3.3000000000000003,1.653388078724591,0.4298952315944943,-0.03707900422198133,-3.315003368697944e-06
1.248787800869114e-07,3.3000000000000003,1.6531718423404391,0.5077560536854514,-0.034713032537733134,-3.3150033118545252e-06
1.2494350510795505e-07,3.3000000000000003,1.6529705143725293,0.5802651145939273,-0.032509687218016545,-3.3150033118545252e-06
1.250171849782571e-07,3.3000000000000003,1.6527567805108418,0.6572283472079639,-0.030170991051362773,-3.315003368697944e-06
1.2509121158144803e-07,3.3000000000000003,1.6525575528684202,0.728978356784377,-0.02799071093641449,-3.3150033118545252e-06
1.251735292415281e-07,3.3000000000000003,1.6523528268605494,0.802699736869305,-0.025750525697642808,-3.315003368697944e-06
1.252569556379416e-07,3.3000000000000003,1.6521620728828428,0.8713966757708231,-0.02366301966208804,-3.315003368697944e-06
1.2534699248208773e-07,3.3000000000000003,1.651973484894391,0.9393077012577141,-0.021599394822274392,-3.315003368697944e-06
1.254324669837766e-07,3.3000000000000003,1.6518097192391252,0.9982847099628498,-0.019807249982273307,-3.3150033118545252e-06
1.255213579254587e-07,3.3000000000000003,1.6516537886434577,1.0544360729065179,-0.018100968203520935,-3.315003368697944e-06
1.25606953933373e-07,3.3000000000000003,1.6515163642786743,1.1039264578980093,-0.016597095055319866,-3.3150033118545252e-06
1.2569537258380845e-07,3.3000000000000003,1.6513863748732356,1.150736530665578,-0.01517466879928992,-3.3150033118545252e-06
1.257813579448557e-07,3.3000000000000003,1.6512706687187964,1.192405347789137,-0.01390847100802327,-3.3150033118545252e-06
1.2586946811283517e-07,3.3000000000000003,1.6511621054679695,1.2314998973637654,-0.012720497783561343,-3.315003368697944e-06
1.259557265570235e-07,3.3000000000000003,1.6510648209491616,1.2665344434554184,-0.011655896758695154,-3.315003368697944e-06
1.2604359203179252e-07,3.3000000000000003,1.6509740868926503,1.2992086753126808,-0.010663018913455032,-3.3150033118545252e-06
1.2613005702455459e-07,3.3000000000000003,1.6508923545816436,1.3286423800992506,-0.009768611646042114,-3.3150033118545252e-06
1.2621773960269913e-07,3.3000000000000003,1.650816468046438,1.3559699611358462,-0.0089382034627794,-3.3150033118545252e-06
1.2630436206414862e-07,3.3000000000000003,1.6507478410499852,1.3806840618824223,-0.008187211644388251,-3.3150033118545252e-06
1.2639190699313227e-07,3.3000000000000003,1.6506843395955577,1.4035517001346611,-0.00749232855898063,-3.315003368697944e-06
1.26478649134804e-07,3.3000000000000003,1.650626741965255,1.4242938294218521,-0.006862033745907443,-3.315003368697944e-06
1.265660904984786e-07,3.3000000000000003,1.650573583577027,1.4434368481733875,-0.006280331355605814,-3.315003368697944e-06
1.266529237755206e-07,3.3000000000000003,1.6505252588516524,1.4608395711056252,-0.005751511681304875,-3.315003368697944e-06
1.2674028734769537e-07,3.3000000000000003,1.6504807457670934,1.4768693348916337,-0.005264412336795442,-3.3150033118545252e-06
1.26827190198479e-07,3.3000000000000003,1.650440211300887,1.4914666007936992,-0.0048208425890334285,-3.315003368697944e-06
1.269144955004185e-07,3.3000000000000003,1.6504029292324511,1.504892398707147,-0.004412870431559492,-3.3150033118545252e-06
1.2700145168069143e-07,3.3000000000000003,1.6503689356893296,1.5171341308448514,-0.0040408787089137995,-3.3150033118545252e-06
1.2708871355588745e-07,3.3000000000000003,1.6503377047418946,1.5283808494305013,-0.0036991226316422914,-3.315003368697944e-06
1.2717571087252044e-07,3.3000000000000003,1.6503092007634057,1.5386456709538785,-0.00338720364944285,-3.3150033118545252e-06
1.2726294066165906e-07,3.3000000000000003,1.650283035482983,1.5480681792932833,-0.0031008801802272033,-3.3150033118545252e-06
1.273499700188346e-07,3.3000000000000003,1.6502591371897644,1.556674397942822,-0.002839361460687749,-3.3150033118545252e-06
1.2743717644216306e-07,3.3000000000000003,1.650237213822537,1.564569337090207,-0.002599456513623654,-3.3150033118545252e-06
1.275242311155877e-07,3.3000000000000003,1.6502171786907238,1.5717843537531486,-0.0023802124998131024,-3.315003368697944e-06
1.2761142094812128e-07,3.3000000000000003,1.6501988082057235,1.5783998506988821,-0.00217918619562757,-3.315003368697944e-06
1.2769849604609845e-07,3.3000000000000003,1.6501820128110072,1.5844481747635133,-0.001995394680523209,-3.3150033118545252e-06
1.277856746303608e-07,3.3000000000000003,1.6501666185860766,1.5899918776243747,-0.0018269371772664735,-3.315003368697944e-06
1.2787276668050941e-07,3.3000000000000003,1.6501525397253718,1.5950619261291983,-0.0016728726975281847,-3.3150033118545252e-06
1.2795993831156707e-07,3.3000000000000003,1.6501396390318712,1.599707671343341,-0.0015317015964993567,-3.315003368697944e-06
1.280470449689142e-07,3.3000000000000003,1.6501278377506903,1.6039575208884482,-0.001402560650602581,-3.3150033118545252e-06
1.281342132198475e-07,3.3000000000000003,1.6501170263494722,1.6078508803754021,-0.001284252431068055,-3.3150033118545252e-06
1.2822133302648607e-07,3.3000000000000003,1.6501071344693932,1.6114131195484351,-0.0011760060260424235,-3.315003368697944e-06
1.2830850096344087e-07,3.3000000000000003,1.6500980737790778,1.6146760209238171,-0.001076855650488916,-3.315003368697944e-06
1.2839563323785707e-07,3.3000000000000003,1.650089782537569,1.6176618412804529,-0.0009861249885879076,-3.3150033118545252e-06
1.284828036133416e-07,3.3000000000000003,1.650082188925774,1.6203964246317804,-0.0009030287094083608,-3.315003368697944e-06
1.2856994830089158e-07,3.3000000000000003,1.6500752394278566,1.6228990591727963,-0.0008269807012387144,-3.3150033118545252e-06
1.2865712373886862e-07,3.3000000000000003,1.6500688752619295,1.6251908995006987,-0.0007573381349545722,-3.315003368697944e-06
1.2874428136753352e-07,3.3000000000000003,1.6500630504478226,1.6272885155748438,-0.0006935974951813128,-3.315003368697944e-06
1.2883146446870498e-07,3.3000000000000003,1.6500577166187707,1.6292093150114877,-0.0006352298151512988,-3.3150033118545252e-06
1.2891863612109463e-07,3.3000000000000003,1.6500528345174776,1.6309674436364336,-0.0005818052423652696,-3.3150033118545252e-06
1.2900582961612533e-07,3.3000000000000003,1.6500483641817967,1.6325772852374731,-0.0005328866957250981,-3.315003368697944e-06
1.2909301689455389e-07,3.3000000000000003,1.6500442722501423,1.6340508599426469,-0.0004881089133759256,-3.315003368697944e-06
1.29180223743012e-07,3.3000000000000003,1.6500405255939306,1.6354000928144596,-0.00044710953090405266,-3.315003368697944e-06
1.2926742885996776e-07,3.3000000000000003,1.6500370959603508,1.636635162427579,-0.0004095792464174971,-3.3150033118545252e-06
1.2935465234897238e-07,3.3000000000000003,1.6500339558172776,1.6377659801270061,-0.00037521688439767786,-3.3150033118545252e-06
1.294418781001199e-07,3.3000000000000003,1.6500310812982688,1.6388011433432248,-0.00034376119300832817,-3.3150033118545252e-06
1.2952912199326282e-07,3.3000000000000003,1.6500284494758233,1.6397489064059025,-0.00031496134583232723,-3.315003368697944e-06
1.2961637193364885e-07,3.3000000000000003,1.6500260402281952,1.6406165174278415,-0.0002885970923676571,-3.3150033118545252e-06
1.2970364054396853e-07,3.3000000000000003,1.6500238344359042,1.6414108599977872,-0.0002644592614563375,-3.3150033118545252e-06
1.297909189715139e-07,3.3000000000000003,1.6500218151556192,1.6421380370781737,-0.0002423624004998056,-3.3150033118545252e-06
1.2987821741540035e-07,3.3000000000000003,1.6500199664255308,1.6428037956816426,-0.00022213187247884552,-3.315003368697944e-06
1.2996552952971095e-07,3.3000000000000003,1.650018273995227,1.643413268470662,-0.00020361171309517658,-3.3150033118545252e-06
1.3005286381465936e-07,3.3000000000000003,1.6500167245259303,1.6439712583205575,-0.00018665597504727147,-3.315003368697944e-06
1.3014021591732253e-07,3.3000000000000003,1.6500153060425629,1.6444820781564102,-0.00017113360029632438,-3.315003368697944e-06
1.3022759312508808e-07,3.3000000000000003,1.6500140073908456,1.6449497443999253,-0.00015692254109070435,-3.3150033118545252e-06
1.3031499279793565e-07,3.3000000000000003,1.6500128185131289,1.6453778792987273,-0.0001439127285334208,-3.315003368697944e-06
1.3040242136970894e-07,3.3000000000000003,1.650011730078162,1.6457698430561658,-0.00013200205494171954,-3.3150033118545252e-06
1.3048987759541268e-07,3.3000000000000003,1.650010733642922,1.6461286761496665,-0.00012109812927133856,-3.3150033118545252e-06
1.3057736754999085e-07,3.3000000000000003,1.6500098213961705,1.6464571915330566,-0.00011111547200656309,-3.3150033118545252e-06
1.3066489125804265e-07,3.3000000000000003,1.6500089862535026,1.6467579404824908,-0.00010197655975362643,-3.315003368697944e-06
1.30752454450405e-07,3.3000000000000003,1.650008221676225,1.647033277626104,-9.360984061202751e-05,-3.3150033118545252e-06
1.3084005851613235e-07,3.3000000000000003,1.6500075217195185,1.6472853438112072,-8.595026029737726e-05,-3.315003368697944e-06
1.3093149104651919e-07,3.3000000000000003,1.65000685448295,1.647525626907186,-7.864873396098029e-05,-3.3150033118545252e-06
1.3102480587860378e-07,3.3000000000000003,1.6500062343507633,1.6477489469715085,-7.186266586660554e-05,-3.3150033118545252e-06
1.3112201717655275e-07,3.3000000000000003,1.650005647735818,1.6479601968558102,-6.544337787921325e-05,-3.315003368697944e-06
1.3122145987941793e-07,3.3000000000000003,1.650005104555661,1.6481558051850551,-5.949939176122157e-05,-3.3150033118545252e-06
1.3132145987941794e-07,3.3000000000000003,1.650004610845027,1.648333598696141,-5.409674862714652e-05,-3.315003368697944e-06
1.3142145987941795e-07,3.3000000000000003,1.6500041647319938,1.6484942514934848,-4.921496301809133e-05,-3.315003368697944e-06
1.3152145987941796e-07,3.3000000000000003,1.650003761627878,1.648639416078721,-4.480382051340865e-05,-3.315003368697944e-06
1.3162145987941796e-07,3.3000000000000003,1.6500033973861656,1.6487705856391346,-4.0817947357475384e-05,-3.315003368697944e-06
1.3172145987941797e-07,3.3000000000000003,1.6500030682603062,1.6488891094068368,-3.721634419314592e-05,-3.315003368697944e-06
1.3182145987941798e-07,3.3000000000000003,1.6500027708647689,1.648996206537193,-3.396196432321332e-05,-3.315003368697944e-06
1.3192145987941799e-07,3.3000000000000003,1.6500025021405675,1.6490929786492583,-3.1021332652474644e-05,-3.315003368697944e-06
1.32021459879418e-07,3.3000000000000003,1.650002259323497,1.6491804211572174,-2.836420134815904e-05,-3.315003368697944e-06
1.32121459879418e-07,3.3000000000000003,1.6500020399159538,1.6492594335093815,-2.5963238713369115e-05,-3.315003368697944e-06
1.32221459879418e-07,3.3000000000000003,1.6500018416610296,1.6493308284400652,-2.379374804214601e-05,-3.315003368697944e-06
1.3232145987941802e-07,3.3000000000000003,1.6500016625194796,1.6493953403295067,-2.1833413590530167e-05,-3.315003368697944e-06
1.3242145987941802e-07,3.3000000000000003,1.65000150064859,1.649453632757827,-2.006207102837277e-05,-3.315003368697944e-06
1.3252145987941803e-07,3.3000000000000003,1.6500013543833596,1.6495063053307262,-1.846150002968278e-05,-3.315003368697944e-06
1.3262145987941804e-07,3.3000000000000003,1.6500012222192535,1.6495538998471284,-1.701523685183161e-05,-3.315003368697944e-06
1.3272145987941805e-07,3.3000000000000003,1.650001102796832,1.6495969058722166,-1.5708404989671715e-05,-3.315003368697944e-06
1.3282145987941805e-07,3.3000000000000003,1.650000994887677,1.6496357657731822,-1.4527562150845093e-05,-3.315003368697944e-06
1.3292145987941806e-07,3.3000000000000003,1.650000897381833,1.6496708792694879,-1.3460561988188604e-05,-3.315003368697944e-06
1.3302145987941807e-07,3.3000000000000003,1.6500008092763248,1.649702607544449,-1.2496429158592959e-05,-3.315003368697944e-06
1.3312145987941808e-07,3.3000000000000003,1.6500007296648957,1.6497312769604264,-1.162524643030285e-05,-3.315003368697944e-06
1.3322145987941808e-07,3.3000000000000003,1.65000065772864,1.6497571824158443,-1.0838052671277432e-05,-3.315003368697944e-06
1.333214598794181e-07,3.3000000000000003,1.6500005927276171,1.649780590378564,-1.0126750674681867e-05,-3.315003368697944e-06
1.334214598794181e-07,3.3000000000000003,1.6500005339932085,1.6498017416268187,-9.48402386857759e-06,-3.315003368697944e-06
1.335214598794181e-07,3.3000000000000003,1.6500004809212683,1.6498208537258976,-8.903261057349819e-06,-3.315003368697944e-06
1.3362145987941811e-07,3.3000000000000003,1.6500004329658846,1.649838123266059,-8.378488417112181e-06,-3.315003368697944e-06
1.3372145987941812e-07,3.3000000000000003,1.6500003896337845,1.6498537278846912,-7.904308048579027e-06,-3.315003368697944e-06
1.3382145987941813e-07,3.3000000000000003,1.6500003504792435,1.6498678280935202,-7.475842452755677e-06,-3.315003368697944e-06
1.3392145987941814e-07,3.3000000000000003,1.650000315099514,1.6498805689296603,-7.088684360712665e-06,-3.315003368697944e-06
1.3402145987941814e-07,3.3000000000000003,1.6500002831306715,1.64989208144749,-6.738851399297568e-06,-3.315003368697944e-06
1.3412145987941815e-07,3.3000000000000003,1.650000254243882,1.6499024840667003,-6.422745127978109e-06,-3.315003368697944e-06
1.3422145987941816e-07,3.3000000000000003,1.6500002281420083,1.6499118837903777,-6.1371140245736405e-06,-3.315003368697944e-06
1.3432145987941817e-07,3.3000000000000003,1.650000204556565,1.6499203773056577,-5.879020039668725e-06,-3.315003368697944e-06
1.3442145987941817e-07,3.3000000000000003,1.6500001832449454,1.6499280519782633,-5.645808375173787e-06,-3.315003368697944e-06
1.3452145987941818e-07,3.3000000000000003,1.6500001639879367,1.6499349867511652,-5.4350801768140325e-06,-3.315003368697944e-06
1.346214598794182e-07,3.3000000000000003,1.6500001465874572,1.6499412529566013,-5.244667858940352e-06,-3.315003368697944e-06
1.347214598794182e-07,3.3000000000000003,1.650000130864523,1.649946915049812,-5.072612808519829e-06,-3.315003368697944e-06
1.348214598794182e-07,3.3000000000000003,1.6500001166574048,1.6499520312720382,-4.917145238422694e-06,-3.315003368697944e-06
1.349214598794182e-07,3.3000000000000003,1.6500001038199665,1.6499566542496005,-4.776665983146225e-06,-3.315003368697944e-06
1.3502145987941822e-07,3.3000000000000003,1.6500000922201594,1.6499608315352219,-4.649730049476172e-06,-3.315003368697944e-06
1.3512145987941823e-07,3.3000000000000003,1.6500000817386666,1.6499646060971633,-4.535031753109506e-06,-3.315003368697944e-06
1.3522145987941823e-07,3.3000000000000003,1.6500000722676733,1.6499680167612025,-4.431391288096992e-06,-3.315003368697944e-06
1.3532145987941824e-07,3.3000000000000003,1.6500000637097596,1.649971098610002,-4.337742591267475e-06,-3.315003368697944e-06
1.3542145987941825e-07,3.3000000000000003,1.6500000559768973,1.6499738833439759,-4.25312237636271e-06,-3.315003368697944e-06
1.3552145987941826e-07,3.3000000000000003,1.650000048989544,1.649976399607365,-4.1766602256615465e-06,-3.315003368697944e-06
1.3562145987941826e-07,3.3000000000000003,1.6500000426758274,1.6499786732828767,-4.10756963668163e-06,-3.315003368697944e-06
1.3572145987941827e-07,3.3000000000000003,1.6500000369708039,1.649980727757919,-4.045139932005447e-06,-3.315003368697944e-06
1.3582145987941828e-07,3.3000000000000003,1.65000003181579,1.6499825841651674,-3.988728949214583e-06,-3.315003368697944e-06
1.3592145987941829e-07,3.3000000000000003,1.6500000271577604,1.6499842615999378,-3.937756435476756e-06,-3.315003368697944e-06
1.360214598794183e-07,3.3000000000000003,1.650000022948802,1.6499857773166056,-3.891698078950632e-06,-3.315003368697944e-06
1.361214598794183e-07,3.3000000000000003,1.6500000191456212,1.649987146906087,-3.8500801156946405e-06,-3.315003368697944e-06
1.362214598794183e-07,3.3000000000000003,1.650000015709097,1.6499883844562098,-3.8124744562913336e-06,-3.315003368697944e-06
1.3632145987941832e-07,3.3000000000000003,1.6500000126038814,1.6499895026966214,-3.778494282654108e-06,-3.315003368697944e-06
1.3642145987941832e-07,3.3000000000000003,1.6500000097980334,1.649990513129731,-3.747790069016235e-06,-3.315003368697944e-06
1.3652145987941833e-07,3.3000000000000003,1.6500000072626915,1.649991426149023,-3.7200459866672325e-06,-3.315003368697944e-06
1.3662145987941834e-07,3.3000000000000003,1.6500000049717767,1.6499922511459668,-3.694976655331448e-06,-3.315003368697944e-06
1.3672145987941835e-07,3.3000000000000003,1.6500000029017243,1.6499929966066196,-3.6723242076504372e-06,-3.315003368697944e-06
1.3682145987941835e-07,3.3000000000000003,1.650000001031242,1.6499936701989144,-3.651855636759669e-06,-3.315003368697944e-06
1.3692145987941836e-07,3.3000000000000003,1.6499999993410885,1.6499942788515345,-3.6333603995151348e-06,-3.315003368697944e-06
1.3702145987941837e-07,3.3000000000000003,1.6499999978138795,1.6499948288251838,-3.616648250764792e-06,-3.315003368697944e-06
1.3712145987941838e-07,3.3000000000000003,1.6499999964339058,1.6499953257769833,-3.601547286560895e-06,-3.315003368697944e-06
1.3722145987941838e-07,3.3000000000000003,1.6499999951869724,1.6499957748186622,-3.5879021758583874e-06,-3.315003368697944e-06
1.373214598794184e-07,3.3000000000000003,1.6499999940602534,1.6499961805691388,-3.5755725627451174e-06,-3.315003368697944e-06
1.374214598794184e-07,3.3000000000000003,1.6499999930421592,1.6499965472020302,-3.5644316227622194e-06,-3.315003368697944e-06
1.375214598794184e-07,3.3000000000000003,1.6499999921222173,1.649996878488584,-3.554364758329726e-06,-3.315003368697944e-06
1.3762145987941841e-07,3.3000000000000003,1.6499999912909649,1.649997177836469,-3.545268420009651e-06,-3.315003368697944e-06
1.3772145987941842e-07,3.3000000000000003,1.6499999905398524,1.6499974483248285,-3.5370490413018255e-06,-3.315003368697944e-06
1.3782145987941843e-07,3.3000000000000003,1.6499999898611526,1.6499976927359512,-3.5296220763213894e-06,-3.315003368697944e-06
1.3792145987941844e-07,3.3000000000000003,1.6499999892478852,1.6499979135838905,-3.522911130047239e-06,-3.315003368697944e-06
1.3802145987941844e-07,3.3000000000000003,1.6499999886937418,1.6499981131403256,-3.5168471725690994e-06,-3.315003368697944e-06
1.3812145987941845e-07,3.3000000000000003,1.6499999881930218,1.6499982934579276,-3.5113678289820192e-06,-3.315003368697944e-06
1.3822145987941846e-07,3.3000000000000003,1.6499999877405755,1.6499984563914734,-3.506416737843329e-06,-3.315003368697944e-06
1.3832145987941847e-07,3.3000000000000003,1.6499999873317486,1.6499986036169247,-3.501942971437343e-06,-3.315003368697944e-06
1.3842145987941847e-07,3.3000000000000003,1.6499999869623356,1.649998736648667,-3.4979005118266917e-06,-3.315003368697944e-06
1.3852145987941848e-07,3.3000000000000003,1.6499999866285373,1.6499988568550874,-3.494247777590655e-06,-3.315003368697944e-06
1.386214598794185e-07,3.3000000000000003,1.64999998632692,1.6499989654726495,-3.490947196084052e-06,-3.315003368697944e-06
1.387214598794185e-07,3.3000000000000003,1.6499999860543808,1.6499990636186115,-3.4879648169923742e-06,-3.315003368697944e-06
1.388214598794185e-07,3.3000000000000003,1.6499999858081165,1.649999152302519,-3.4852699630475638e-06,-3.315003368697944e-06
1.389214598794185e-07,3.3000000000000003,1.6499999855855938,1.64999923243659,-3.4828349145414685e-06,-3.315003368697944e-06
1.3902145987941852e-07,3.3000000000000003,1.6499999853845246,1.649999304845097,-3.480634624151239e-06,-3.315003368697944e-06
1.3912145987941853e-07,3.3000000000000003,1.6499999852028397,1.6499993702728455,-3.4786464593189796e-06,-3.315003368697944e-06
1.3922145987941853e-07,3.3000000000000003,1.6499999850386706,1.6499994293928366,-3.4768499694586385e-06,-3.315003368697944e-06
1.3932145987941854e-07,3.3000000000000003,1.649999984890329,1.649999482813189,-3.475226675552002e-06,-3.315003368697944e-06
1.3942145987941855e-07,3.3000000000000003,1.6499999847562885,1.6499995310833928,-3.4737598801277095e-06,-3.315003368697944e-06
1.3952145987941856e-07,3.3000000000000003,1.649999984635171,1.6499995746999638,-3.4724344955092606e-06,-3.315003368697944e-06
1.3962145987941856e-07,3.3000000000000003,1.6499999845257296,1.649999614111549,-3.4712368885391868e-06,-3.315003368697944e-06
1.3972145987941857e-07,3.3000000000000003,1.6499999844268396,1.6499996497235425,-3.4701547404404897e-06,-3.315003368697944e-06
1.3982145987941858e-07,3.3000000000000003,1.6499999843374833,1.649999681902256,-3.469176920069155e-06,-3.315003368697944e-06
1.399214598794186e-07,3.3000000000000003,1.6499999842567417,1.6499997109786848,-3.4682933693674135e-06,-3.315003368697944e-06
1.4e-07,3.299999999999995,1.6499999841989226,1.6499997318294044,-3.4676592877845453e-06,-3.3150033118545252e-06
1.4000035416048233e-07,3.299415635204172,1.6499999841980595,1.6499997319196538,-3.4676010735768053e-06,0.007421685583551607
1.4000106248144699e-07,3.2982469056124826,1.6499999841976463,1.6499997321000885,-3.4675955933407512e-06,0.0074216867581640145
1.4000247912337628e-07,3.295909446429148,1.6499999841960826,1.6499997324605693,-3.4676428623315273e-06,0.0074216891053993095
1.400053124072349e-07,3.2912345280624344,1.6499999841950461,1.6499997331799818,-3.4676064557094564e-06,0.007421693802598384
1.400109789749521e-07,3.2818846913290516,1.6499999841912212,1.6499997346126325,-3.467577470256769e-06,0.007421703193870144
1.400223121103865e-07,3.2631850178622854,1.649999984183188,1.6499997374534054,-3.467476592547562e-06,0.007421721979596896
1.400449783812553e-07,3.2257856709287536,1.6499999841677733,1.6499997430382294,-3.467330529231698e-06,0.007421759547867168
1.4009031092299295e-07,3.150986977061646,1.649999984137682,1.6499997538318478,-3.4669916298484653e-06,0.007421834687761475
1.4018097600646823e-07,3.001389589327431,1.6499999840817596,1.6499997739975067,-3.466378873449913e-06,0.0074219849641963265
1.4028097600646824e-07,2.8363895893274185,1.6499999840256727,1.6499997941952196,-3.4657646538613706e-06,0.007422150715399312
1.4038097600646825e-07,2.671389589327406,1.6499999839749693,1.6499998124457103,-3.4652100721738243e-06,0.00742231646449909
1.4048097600646825e-07,2.5063895893273935,1.6499999839291961,1.6499998289367077,-3.464708957876948e-06,0.0074224822157873405
1.4058097600646826e-07,2.341389589327381,1.6499999838878003,1.6499998438378418,-3.464256153883955e-06,0.007422647964887119
1.4068097600646827e-07,2.176389589327369,1.6499999838504256,1.6499998573023877,-3.4638470047480296e-06,0.007422813716090104
1.4078097600646828e-07,2.011389589327356,1.6499999838166282,1.6499998694688436,-3.463477300063766e-06,0.007422979465161461
1.4088097600646828e-07,1.846389589327344,1.6499999837861115,1.649999880462356,-3.463143238545963e-06,0.00742314521642129
1.409809760064683e-07,1.6813895893273316,1.6499999837585175,1.649999890396006,-3.462841382647379e-06,0.00742331096554949
1.410809760064683e-07,1.5163895893273194,1.6499999837336004,1.6499998993719731,-0.00027724058790596886,0.007423476716724053
1.411809760064683e-07,1.351389589327307,1.6499999837110715,1.6499999074825853,-0.0017544211637957213,0.007423642465852254
1.412809760064683e-07,1.1863895893272947,1.6499999836907262,1.6499999148112696,-0.004511601763483248,0.0074238082170836606
1.4138097600646832e-07,1.0213895893272817,1.6499999836723325,1.6499999214334107,-0.008548782384620273,0.0074239739661550175
1.4148097600646833e-07,0.8563895893272697,1.6499999836557206,1.6499999274171238,-0.013865963025165975,0.007424139717414846
1.4151049409621312e-07,0.8076847412483694,1.6499999836511463,1.6499999290692495,-0.014378760966308036,0.007424188642616514
1.4154063921886275e-07,0.7579452888764737,1.6499999836465078,1.6499999307062534,-0.012608206815545567,0.007424238609289091
1.4155673834023146e-07,0.7313817386181012,1.6499999836442196,1.6499999315601919,-0.011710282884544265,0.007424265292527821
1.4157675450689488e-07,0.6983550636234552,1.6499999836414216,1.6499999326026777,-0.010640151789127061,0.007424298470439794
1.4161678684022173e-07,0.6323017136341642,1.6499999836357835,1.649999934625504,-0.008653737998636873,0.00742436482301656
1.416968515068754e-07,0.5001950136555813,1.6499999836249994,1.6499999384346664,-0.005296304136220714,0.007424497531410168
1.4179685150687542e-07,0.3351950136555688,1.6499999836131438,1.6499999427793208,-0.0022553153530953294,0.00742466328048863
1.4189685150687543e-07,0.17019501365555678,1.6499999836020864,1.649999946705119,-0.0004943265822280632,0.007424829031737801
1.4199685150687543e-07,0.005195013655544312,1.649999983592369,1.6499999502524374,-3.4610225164156394e-06,0.007424994780827698
1.42e-07,8.881784197001252e-15,1.649999983591372,1.6499999503582985,-3.4610215887898984e-06,0.007425000000538804
1.4200000018891214e-07,0.0,1.6499999835919306,1.6499999503583047,-3.4202180132591966e-06,2.1156941336484005e-10
1.420000005667364e-07,0.0,1.6499999835919306,1.6499999503583171,-3.420218012873749e-06,-2.115694133648406e-10
1.4200000132238493e-07,0.0,1.6499999835919834,1.649999950358342,-3.4202180116256025e-06,2.115694133648406e-10
1.4200000283368197e-07,0.0,1.6499999835923678,1.6499999503583918,-3.420218006617598e-06,-2.115694133648406e-10
1.4200000585627608e-07,0.0,1.6499999835924566,1.6499999503584928,-3.4500203251057105e-06,2.115694133648406e-10
1.420000119014643e-07,0.0,1.6499999835917094,1.649999950358695,-3.457470906262181e-06,-2.115694133648406e-10
1.4200002399184073e-07,0.0,1.6499999835924777,1.6499999503591003,-3.4611961772833368e-06,2.115694133648406e-10
1.420000481725936e-07,0.0,1.6499999835929058,1.6499999503599112,-3.461196148574415e-06,-2.115694133648406e-10
1.420000965340993e-07,0.0,1.6499999835917387,1.6499999503615341,-3.4611961095743122e-06,2.115694133648406e-10
1.4200019325711075e-07,0.0,1.6499999835925803,1.64999995036478,-3.4611960030988496e-06,-2.115694133648406e-10
1.4200038670313364e-07,0.0,1.6499999835916428,1.649999950371272,-3.4609629832302927e-06,2.115694133648406e-10
1.4200077359517943e-07,0.0,1.6499999835928607,1.6499999503842522,-3.4609625763713005e-06,-2.115694133648406e-10
1.4200154737927097e-07,0.0,1.649999983592329,1.649999950410197,-3.4609617867911284e-06,2.115694133648406e-10
1.4200309494745405e-07,0.0,1.6499999835912118,1.6499999504620246,-3.4609893248859967e-06,-2.115694133648406e-10
1.4200619008382022e-07,0.0,1.6499999835907042,1.649999950565437,-3.461000755628723e-06,2.115694133648406e-10
1.4201238035655258e-07,0.0,1.649999983591129,1.6499999507712948,-3.4609872298132945e-06,-2.115694133648406e-10
1.420247609020173e-07,0.0,1.6499999835899106,1.6499999511791685,-3.461007551213232e-06,2.115694133648406e-10
1.4204952199294672e-07,0.0,1.6499999835873558,1.6499999519797561,-3.4609686721331767e-06,-2.115694133648406e-10
1.4209904417480559e-07,0.0,1.6499999835835013,1.64999995352217,-3.4609226791754556e-06,2.115694133648406e-10
1.421980885385233e-07,0.0,1.6499999835750008,1.6499999563859706,-3.4608352076357917e-06,-2.115694133648406e-10
1.422980885385233e-07,0.0,1.6499999835682364,1.6499999589999754,-3.460756708188198e-06,2.115694133648406e-10
1.423980885385233e-07,0.0,1.6499999835612709,1.6499999613619736,-3.4606849214023364e-06,-2.115694133648406e-10
1.424980885385233e-07,0.0,1.6499999835556916,1.6499999634962537,-3.4606200771677234e-06,2.115694133648406e-10
1.4259808853852332e-07,0.0,1.6499999835500396,1.6499999654247743,-3.4605614658702554e-06,-2.115694133648406e-10
1.4269808853852332e-07,0.0,1.6499999835454537,1.649999967167368,-3.460508521037459e-06,2.115694133648406e-10
1.4279808853852333e-07,0.0,1.6499999835408652,1.6499999687419635,-3.4604606669703957e-06,-2.115694133648406e-10
1.4289808853852334e-07,0.0,1.6499999835370989,1.649999970164754,-3.4604174379623967e-06,2.115694133648406e-10
1.4299808853852335e-07,0.0,1.6499999835333712,1.6499999714503772,-3.4603783667390274e-06,-2.115694133648406e-10
1.4309808853852335e-07,0.0,1.6499999835302799,1.6499999726120549,-3.4603430707076286e-06,2.115694133648406e-10
1.4319808853852336e-07,0.0,1.6499999835272503,1.6499999736617386,-3.4603111702911305e-06,-2.115694133648406e-10
1.4329808853852337e-07,0.0,1.6499999835247148,1.6499999746102239,-3.4602823514692467e-06,2.115694133648406e-10
1.4339808853852338e-07,0.0,1.6499999835222507,1.6499999754672685,-3.4602563057671577e-06,-2.115694133648406e-10
1.4349808853852339e-07,0.0,1.649999983520172,1.6499999762416864,-3.4602327755612655e-06,2.115694133648406e-10
1.435980885385234e-07,0.0,1.6499999835181678,1.6499999769414446,-3.460211510021987e-06,-2.115694133648406e-10
1.436980885385234e-07,0.0,1.6499999835164643,1.6499999775737404,-3.4601922979194316e-06,2.115694133648406e-10
1.437980885385234e-07,0.0,1.6499999835148331,1.649999978145078,-3.4601749352315375e-06,-2.115694133648406e-10
1.4389808853852342e-07,0.0,1.6499999835134374,1.6499999786613335,-3.4601592488348855e-06,2.115694133648406e-10
1.4399808853852342e-07,0.0,1.6499999835121095,1.6499999791278184,-3.4601450726849034e-06,-2.115694133648406e-10
1.4409808853852343e-07,0.0,1.6499999835109669,1.6499999795493299,-3.4601322649768647e-06,2.115694133648406e-10
1.4419808853852344e-07,0.0,1.6499999835098855,1.6499999799302048,-3.4601206905541116e-06,-2.115694133648406e-10
1.4429808853852345e-07,0.0,1.6499999835089498,1.6499999802743603,-3.4601102332492956e-06,2.115694133648406e-10
1.4439808853852345e-07,0.0,1.6499999835080694,1.6499999805853367,-3.460100783030736e-06,-2.115694133648406e-10
1.4449808853852346e-07,0.0,1.6499999835073038,1.649999980866332,-3.460092244820168e-06,2.115694133648406e-10
1.4459808853852347e-07,0.0,1.6499999835065862,1.6499999811202375,-3.46008452897386e-06,-2.115694133648406e-10
1.4469808853852348e-07,0.0,1.6499999835059596,1.6499999813496642,-3.4600775576584257e-06,2.115694133648406e-10
1.4479808853852348e-07,0.0,1.649999983505375,1.6499999815569726,-3.460071257872485e-06,-2.115694133648406e-10
1.448980885385235e-07,0.0,1.6499999835048624,1.6499999817442952,-3.4600655658978156e-06,2.115694133648406e-10
1.449980885385235e-07,0.0,1.6499999835043857,1.649999981913558,-3.4600604222679105e-06,-2.115694133648406e-10
1.450980885385235e-07,0.0,1.6499999835039667,1.6499999820665021,-3.4600557749084454e-06,2.115694133648406e-10
1.451980885385235e-07,0.0,1.6499999835035781,1.6499999822047018,-3.460051575269078e-06,-2.115694133648406e-10
1.4529808853852352e-07,0.0,1.6499999835032355,1.6499999823295777,-3.4600477807604526e-06,2.115694133648406e-10
1.4539808853852353e-07,0.0,1.6499999835029184,1.6499999824424143,-3.4600443518645644e-06,-2.115694133648406e-10
1.4549808853852354e-07,0.0,1.6499999835026387,1.6499999825443727,-3.460041253733912e-06,2.115694133648406e-10
1.455018832738606e-07,0.0,1.6499999835019352,1.6499999825480374,-3.46002888349903e-06,-2.115694133648406e-10
1.4550947274453474e-07,0.0,1.6499999835034656,1.6499999825553278,-3.4600213657064367e-06,2.115694133648406e-10
1.45524651685883e-07,0.0,1.6499999835020935,1.6499999825697438,-3.4600500143413507e-06,-2.115694133648406e-10
1.4555500956857954e-07,0.0,1.6499999835027845,1.649999982597912,-3.4600382643705937e-06,2.115694133648406e-10
1.4555653352273345e-07,0.0,1.6499999835025785,1.649999982599304,-3.460041858921432e-06,-2.115694133648406e-10
1.4555958143104128e-07,0.0,1.6499999835020143,1.6499999826020804,-3.4600126813640853e-06,2.115694133648406e-10
1.4556567724765694e-07,0.0,1.6499999835024177,1.6499999826076057,-3.4600416288957036e-06,-2.115694133648406e-10
1.4557786888088825e-07,0.0,1.6499999835025674,1.6499999826185587,-3.4600267368924885e-06,2.115694133648406e-10
1.4557848089611893e-07,0.0,1.6499999835026182,1.649999982619105,-3.459866647761036e-06,-2.115694133648406e-10
1.455797049265803e-07,0.0,1.6499999835023231,1.6499999826201959,-3.4599248243639438e-06,2.115694133648406e-10
1.4558215298750305e-07,0.0,1.6499999835022732,1.6499999826223746,-3.4599829692796618e-06,-2.115694133648406e-10
1.4558704910934852e-07,0.0,1.6499999835025967,1.6499999826267162,-3.460011937157386e-06,2.115694133648406e-10
1.455872948927363e-07,0.0,1.649999983502719,1.649999982626934,-3.4599828249981422e-06,-2.115694133648406e-10
1.4558778645951184e-07,0.0,1.6499999835021972,1.6499999826273695,-3.459982816235798e-06,2.115694133648406e-10
1.4558876959306293e-07,0.0,1.6499999835032435,1.6499999826282383,-3.459982777296058e-06,-2.115694133648406e-10
1.4559073586016512e-07,0.0,1.6499999835029575,1.649999982629974,-3.4599827133923374e-06,2.115694133648406e-10
1.455908345659961e-07,0.0,1.6499999835029768,1.6499999826300613,-3.4602155406564823e-06,-2.115694133648406e-10
1.4559103197765808e-07,0.0,1.6499999835029577,1.649999982630236,-3.459982703774363e-06,2.115694133648406e-10
1.4559142680098202e-07,0.0,1.649999983501796,1.6499999826305842,-3.4600991190711004e-06,-2.115694133648406e-10
1.4559144662095644e-07,0.0,1.649999983502635,1.649999982630602,-3.458352881187274e-06,2.115694133648406e-10
1.4559148626090527e-07,0.0,1.6499999835020227,1.649999982630638,-3.460215530823725e-06,-2.115694133648406e-10
1.4559156554080296e-07,0.0,1.6499999835024446,1.6499999826307084,-3.4597498637389518e-06,2.115694133648406e-10
1.455915695206224e-07,0.0,1.649999983502017,1.6499999826307117,-3.4341384966951097e-06,-2.115694133648406e-10
1.4559157748026127e-07,0.0,1.649999983502735,1.6499999826307186,-3.449039651201783e-06,2.115694133648406e-10
1.45591577879832e-07,0.0,1.649999983502031,1.6499999826307188,-3.3000280456000175e-06,-2.115694133648406e-10
1.4559157867897343e-07,0.0,1.6499999835027386,1.6499999826307192,-3.4192373287509228e-06,2.115694133648406e-10
1.4559158027725629e-07,0.0,1.6499999835026746,1.6499999826307206,-3.419237329279109e-06,-2.115694133648406e-10
1.4559158347382202e-07,0.0,1.649999983502,1.6499999826307228,-3.434138496469483e-06,2.115694133648406e-10
1.4559158365192184e-07,0.0,1.649999983502221,1.649999982630723,-3.538446622830695e-06,-2.115694133648406e-10
1.455915840081215e-07,0.0,1.6499999835024417,1.6499999826307237,-3.4192373312808814e-06,2.115694133648406e-10
1.455915840675523e-07,0.0,1.6499999835020362,1.649999982630724,-3.3000280453854e-06,-2.115694133648406e-10
1.4559158410646444e-07,0.0,1.6499999835011108,1.6499999826307241,-3.3000280537252294e-06,2.115694133648406e-10
1.4559158412880406e-07,0.0,1.6499999835018089,1.6499999826307243,-1.3926794146204983e-06,-2.115694133648406e-10
1.455915841461271e-07,0.0,1.2709210379064095,1.6499999793141609,-5.464697267143492e-06,2.115694133648406e-10
1.455915841645597e-07,0.0,1.2709150791323047,1.6499999722561172,-1.6500000015184924e-06,-2.115694133648406e-10
1.4559158417609317e-07,0.0,1.2709113506818075,1.6499999678397728,-1.6500000015184924e-06,2.115694133648406e-10
1.4559158419273258e-07,0.0,1.2709059716360824,1.649999961468202,-1.6500000015184924e-06,-2.115694133648406e-10
1.455915842260114e-07,0.0,1.2708952136140717,1.6499999487247898,-1.6500000015184924e-06,2.115694133648406e-10
1.4559158429256902e-07,0.0,1.2708736978427293,1.649999923236882,-1.6500000015184924e-06,-2.115694133648406e-10
1.455915844256843e-07,0.0,1.270830667388431,1.649999872256732,-1.6500000015184924e-06,2.115694133648406e-10
1.4559158469191482e-07,0.0,1.2707446108345823,1.649999770279094,-1.8884185806200549e-06,-2.115694133648406e-10
1.455915852243759e-07,0.0,1.2705725151466976,1.6499995662544766,-1.7692092910692736e-06,2.115694133648406e-10
1.4559158628929805e-07,0.0,1.2702283934356922,1.649999157927928,-1.8288139358446642e-06,-2.115694133648406e-10
1.4559158841914233e-07,0.0,1.2695404285828686,1.6499983401659561,-1.799011613456969e-06,2.115694133648406e-10
1.4559159267883092e-07,0.0,1.2681656123992973,1.6499967002095186,-1.799011613456969e-06,-2.115694133648406e-10
1.455916011982081e-07,0.0,1.2654204281137786,1.649993402590696,-1.8064621940538927e-06,2.115694133648406e-10
1.4559161823696243e-07,0.0,1.2599478039546086,1.6499867367210026,-1.8101874843523547e-06,-2.115694133648406e-10
1.455916523144711e-07,0.0,1.2490731517868046,1.649973123979896,-1.8101874843523547e-06,2.115694133648406e-10
1.4559172046948843e-07,0.0,1.2276032094960323,1.6499447865849122,-1.8101874843523547e-06,-2.115694133648406e-10
1.4559185677952313e-07,0.0,1.1857570544936091,1.649883759048438,-1.8101874843523547e-06,2.115694133648406e-10
1.455920014130917e-07,0.0,1.1429080101567841,1.6498128278594169,-1.8101874843523547e-06,-2.115694133648406e-10
1.45592189879832e-07,0.0,1.0893749492140583,1.649711242276964,-1.8104203149960085e-06,2.115694133648406e-10
1.4559237742651978e-07,0.0,1.0385827448468175,1.6496002909977798,-1.8099546537087008e-06,-2.115694133648406e-10
1.4559260348084225e-07,0.0,0.9804812348111444,1.6494541559584532,-1.809721823065047e-06,2.115694133648406e-10
1.455928303232306e-07,0.0,0.9254299840804378,1.6492945829333914,-1.809721823065047e-06,-2.115694133648406e-10
1.45593091856266e-07,0.0,0.8657620138668508,1.649095501069566,-1.8099546537087008e-06,2.115694133648406e-10
1.4559335604369636e-07,0.0,0.809373982250694,1.6488789689855536,-1.8099546537087008e-06,-2.115694133648406e-10
1.455936519882921e-07,0.0,0.7505294403860732,1.6486192559596233,-1.8099546537087008e-06,2.115694133648406e-10
1.455939528920804e-07,0.0,0.6950580276807439,1.6483379003269443,-1.8101874843523547e-06,-2.115694133648406e-10
1.4559428359555804e-07,0.0,0.6387765600253914,1.6480101174904374,-1.8098382383868739e-06,2.115694133648406e-10
1.455946217805394e-07,0.0,0.585900087117382,1.6476563913955842,-1.8098382383868739e-06,-2.115694133648406e-10
1.4559498864842427e-07,0.0,0.5334364792654822,1.647253286392678,-1.8100710690305277e-06,2.115694133648406e-10
1.4559536569270413e-07,0.0,0.4843690104239459,1.6468198249350239,-1.8101874843523547e-06,-2.115694133648406e-10
1.4559577110157483e-07,0.0,0.4365861586548813,1.6463341125997806,-1.8099546537087008e-06,2.115694133648406e-10
1.4559618961088651e-07,0.0,0.3921503108931326,1.6458134254933803,-1.8099546537087008e-06,-2.115694133648406e-10
1.455966369739284e-07,0.0,0.349583457066822,1.6452374304190578,-1.8100710690305277e-06,2.115694133648406e-10
1.4559710070563074e-07,0.0,0.3102711001323579,1.6446214625464077,-1.8099546537087008e-06,-2.115694133648406e-10
1.4559759465322425e-07,0.0,0.27318000398482034,1.6439466211210394,-1.8100710690305277e-06,2.115694133648406e-10
1.4559810875562216e-07,0.0,0.2392056423135887,1.643226154092413,-1.8099546537087008e-06,-2.115694133648406e-10
1.4559865544696563e-07,0.0,0.20761994198046269,1.642442330436336,-1.8099546537087008e-06,2.115694133648406e-10
1.4559922684661057e-07,0.0,0.17896884077684025,1.641606165056984,-1.8099546537087008e-06,-2.115694133648406e-10
1.4559983445809904e-07,0.0,0.1527289954276437,1.6407006984191492,-1.8100710690305277e-06,2.115694133648406e-10
1.4560047246133705e-07,0.0,0.12920091533961006,1.6397345084756498,-1.8098964460477873e-06,-2.115694133648406e-10
1.4560115194089076e-07,0.0,0.10799565483765562,1.6386908454570903,-1.8099546537087008e-06,2.115694133648406e-10
1.4560186917076506e-07,0.0,0.08924452915014354,1.6375755072995446,-1.8098964460477873e-06,-2.115694133648406e-10
1.456026354210095e-07,0.0,0.0726451233764052,1.636371156569414,-1.8099546537087008e-06,2.115694133648406e-10
1.456034493107047e-07,0.0,0.05821484457196893,1.6350801995150355,-1.8100128613696143e-06,-2.115694133648406e-10
1.456043231038085e-07,0.0,0.045706302069938705,1.633683523950246,-1.8099546537087008e-06,2.115694133648406e-10
1.456052583660674e-07,0.0,0.035062797532418935,1.6321790301628225,-1.8099546537087008e-06,-2.115694133648406e-10
1.456062695798563e-07,0.0,0.02607212518128697,1.6305439342163546,-1.8099546537087008e-06,2.115694133648406e-10
1.45607362493749e-07,0.0,0.018632038676900716,1.6287695447314463,-1.8098964460477873e-06,-2.115694133648406e-10
1.4560855589289241e-07,0.0,0.012553877789059207,1.626826106440851,-1.8098964460477873e-06,2.115694133648406e-10
1.4560986222225715e-07,0.0,0.007710440409466869,1.6246942455105964,-1.8099837575391575e-06,-2.115694133648406e-10
1.4561130853907818e-07,0.0,0.003930754035776905,1.6223309170986375,-1.8099837575391575e-06,2.115694133648406e-10
1.4561291936831197e-07,0.0,0.0010778949490795617,1.6196974393334362,-1.8100128613696143e-06,-2.115694133648406e-10
1.4561473855517626e-07,0.0,-0.0010029838778423319,1.6167239448929005,-1.8099837575391575e-06,2.115694133648406e-10
1.4561681559613548e-07,0.0,-0.0024465001374361596,1.613331963508114,-1.8099546537087008e-06,-2.115694133648406e-10
1.4561923288841934e-07,0.0,-0.0033892716729140944,1.6093903632153757,-1.8099837575391575e-06,2.115694133648406e-10
1.4562209939591627e-07,0.0,-0.003951784509145499,1.6047265584454373,-1.8099837575391575e-06,-2.115694133648406e-10
1.4562559873837334e-07,0.0,-0.004245914504017493,1.5990498930333936,-1.8100128613696143e-06,2.115694133648406e-10
1.4563001977333441e-07,0.0,-0.0043657308878255795,1.5919057521989912,-1.8100128613696143e-06,-2.115694133648406e-10
1.4563590086814826e-07,0.0,-0.004386285145620684,1.5824511233131275,-1.810005585412e-06,2.115694133648406e-10
1.4564430072090276e-07,0.0,-0.004357304756747621,1.5690442837959795,-1.8099983094543859e-06,-2.115694133648406e-10
1.4565775076399276e-07,0.0,-0.004298032599308862,1.5478128306871,-1.8100237753060355e-06,2.115694133648406e-10
1.4568393090470923e-07,0.0,-0.004185647000745326,1.5073049930823719,-1.8100110423802107e-06,-2.115694133648406e-10
1.4573629118614213e-07,0.0,-0.003969332623753522,1.4294286314154905,-1.8100110423802107e-06,2.115694133648406e-10
1.4581750589746555e-07,0.0,-0.0036557489051126857,1.316485261260044,-1.810010132885509e-06,-2.115694133648406e-10
1.4590948840667112e-07,0.0,-0.003330267696078225,1.1992884096538377,-1.8100105876328598e-06,2.115694133648406e-10
1.45997021302186e-07,0.0,-0.0030475628445133553,1.0974701292579667,-1.810010132885509e-06,-2.115694133648406e-10
1.4608524758077245e-07,0.0,-0.0027868401060702373,1.003589609317338,-1.8100105876328598e-06,2.115694133648406e-10
1.461712837922958e-07,0.0,-0.002554138790120138,0.9197819720435839,-1.8100110423802107e-06,-2.115694133648406e-10
1.4625911730402595e-07,0.0,-0.0023365640535474817,0.8414367242526415,-1.8100105876328598e-06,2.115694133648406e-10
1.4634554414368452e-07,0.0,-0.0021406089346790967,0.7708644790548824,-1.810010132885509e-06,-2.115694133648406e-10
1.464332596735247e-07,0.0,-0.001958497897040479,0.705288182024976,-1.810010132885509e-06,2.115694133648406e-10
1.4651984937969385e-07,0.0,-0.001793950461986917,0.6460280802604619,-1.8100105876328598e-06,-2.115694133648406e-10
1.4660741239332589e-07,0.0,-0.0016415870700205153,0.5911629291289711,-1.810010132885509e-06,2.115694133648406e-10
1.4669412336054693e-07,0.0,-0.0015034790459026084,0.5414252870032711,-1.8100110423802107e-06,-2.115694133648406e-10
1.4678157776241028e-07,0.0,-0.0013759388198084873,0.49549834083280425,-1.810009678138158e-06,2.115694133648406e-10
1.4686838340748055e-07,0.0,-0.001260057870026184,0.4537658606582508,-1.8100110423802107e-06,-2.115694133648406e-10
1.4695575537868762e-07,0.0,-0.0011532644254110783,0.41530945646116163,-1.8100110423802107e-06,2.115694133648406e-10
1.4704263274162331e-07,0.0,-0.001056059419237979,0.38030306358745436,-1.810009678138158e-06,-2.115694133648406e-10
1.4712994207250424e-07,0.0,-0.0009666174710130935,0.3480947193407452,-1.810010132885509e-06,2.115694133648406e-10
1.4721687404119643e-07,0.0,-0.0008850947889018321,0.31873618582408764,-1.8100105876328598e-06,-2.115694133648406e-10
1.473041358086502e-07,0.0,-0.0008101720559373867,0.2917561010025839,-1.8100105876328598e-06,2.115694133648406e-10
1.473911093674003e-07,0.0,-0.0007418120202338997,0.267137927177714,-1.810009678138158e-06,-2.115694133648406e-10
1.4747833497386744e-07,0.0,-0.0006790432988734102,0.24453445794938028,-1.8100105876328598e-06,2.115694133648406e-10
1.4756534022563637e-07,0.0,-0.00062172729617786,0.22389361148963563,-1.810010132885509e-06,-2.115694133648406e-10
1.4765253831511412e-07,0.0,-0.0005691356892906954,0.20495491784785258,-1.810010132885509e-06,2.115694133648406e-10
1.4773956773572524e-07,0.0,-0.0005210837060452195,0.18765032783619312,-1.8100105876328598e-06,-2.115694133648406e-10
1.4782674486615455e-07,0.0,-0.0004770157791514242,0.17178103188865912,-1.810010132885509e-06,2.115694133648406e-10
1.4791379273259593e-07,0.0,-0.00043673316284898323,0.15727440868718268,-1.810009678138158e-06,-2.115694133648406e-10
1.4800095388330448e-07,0.0,-0.00039980532389272393,0.14397629183545144,-1.8100105876328598e-06,2.115694133648406e-10
1.480880158404267e-07,0.0,-0.00036603759278956363,0.13181584778617889,-1.810010132885509e-06,-2.115694133648406e-10
1.4817516479528456e-07,0.0,-0.0003350916121139476,0.12067183740423201,-1.8100105876328598e-06,2.115694133648406e-10
1.4826223752689025e-07,0.0,-0.00030678621742593514,0.11047851292409278,-1.8100105876328598e-06,-2.115694133648406e-10
1.48349377163738e-07,0.0,-0.00028085223973611535,0.10113936560719196,-1.8100110423802107e-06,2.115694133648406e-10
1.4843645814298976e-07,0.0,-0.00025712628626256903,0.09259520218539537,-1.8100105876328598e-06,-2.115694133648406e-10
1.4852359065248368e-07,0.0,-0.00023539201504157246,0.08476840881425059,-1.8100105876328598e-06,2.115694133648406e-10
1.4861067795251737e-07,0.0,-0.00021550505948702523,0.07760675138829458,-1.810010132885509e-06,-2.115694133648406e-10
1.4869780500372793e-07,0.0,-0.00019729004712043692,0.07104728015625854,-1.810010132885509e-06,2.115694133648406e-10
1.4878489715392755e-07,0.0,-0.0001806212055785718,0.06504453185513866,-1.8100105876328598e-06,-2.115694133648406e-10
1.4887202001973823e-07,0.0,-0.00016535537986448983,0.0595470964096477,-1.810010132885509e-06,2.115694133648406e-10
1.4895911589664393e-07,0.0,-0.0001513840809636439,0.05451578655350642,-1.8100105876328598e-06,-2.115694133648406e-10
1.4904623554877073e-07,0.0,-0.00013858979506763933,0.04990838265536791,-1.8100105876328598e-06,2.115694133648406e-10
1.491333342932462e-07,0.0,-0.00012687961034205765,0.045691343188156305,-1.8100110423802107e-06,-2.115694133648406e-10
1.4922045147428589e-07,0.0,-0.00011615662858264532,0.041829842380085205,-1.810010132885509e-06,2.115694133648406e-10
1.4930755242859993e-07,0.0,-0.00010634169578464316,0.038295318252774664,-1.8100110423802107e-06,-2.115694133648406e-10
1.4939466770669608e-07,0.0,-9.735462904585308e-05,0.035058943517598695,-1.8100110423802107e-06,2.115694133648406e-10
1.4948177036670616e-07,0.0,-8.912825749841913e-05,0.03209648899176232,-1.810009678138158e-06,-2.115694133648406e-10
1.49568884177055e-07,0.0,-8.159604476259938e-05,0.029384027139782252,-1.8100105876328598e-06,2.115694133648406e-10
1.496559881558483e-07,0.0,-7.470115517274991e-05,0.026901062802073307,-1.810010132885509e-06,-2.115694133648406e-10
1.497431008322342e-07,0.0,-6.838825552040076e-05,0.024627692747387964,-1.8100105876328598e-06,2.115694133648406e-10
1.4983020583246373e-07,0.0,-6.260936090266399e-05,0.02254661756651477,-1.8100105876328598e-06,-2.115694133648406e-10
1.4991731763123697e-07,0.0,-5.731837627201108e-05,0.020641253788808874,-1.8100110423802107e-06,2.115694133648406e-10
1.500044234240566e-07,0.0,-5.247485681912201e-05,0.018897023188096652,-1.8100105876328598e-06,-2.115694133648406e-10
1.5009153454237936e-07,0.0,-4.804035212090265e-05,0.01730009034362086,-1.8100105876328598e-06,2.115694133648406e-10
1.5017864095139344e-07,0.0,-4.398081603908681e-05,0.01583818537770424,-1.8100105876328598e-06,-2.115694133648406e-10
1.5026575154113483e-07,0.0,-4.026414165732983e-05,0.014499753859309197,-1.810010132885509e-06,2.115694133648406e-10
1.5035285843015656e-07,0.0,-3.6861697121590893e-05,0.013274478521173187,-1.8100105876328598e-06,-2.115694133648406e-10
1.5043996860848436e-07,0.0,-3.374665080726151e-05,0.012152702278926097,-1.8100105876328598e-06,2.115694133648406e-10
1.5052707587219254e-07,0.0,-3.089494215629266e-05,0.011125756036750162,-1.8100114971275616e-06,-2.115694133648406e-10
1.5061418572965293e-07,0.0,-2.8284133970357295e-05,0.010185563565182819,-1.8100105876328598e-06,2.115694133648406e-10
1.507012932864509e-07,0.0,-2.589401882047848e-05,0.009324844714720911,-1.810009678138158e-06,-2.115694133648406e-10
1.507884028931404e-07,0.0,-2.370582502223153e-05,0.008536842119842552,-1.8100110423802107e-06,2.115694133648406e-10
1.5087551067969434e-07,0.0,-2.1702588803211168e-05,0.007815444678180905,-1.810010132885509e-06,-2.115694133648406e-10
1.5096262008997763e-07,0.0,-1.9868599158354828e-05,0.007154996426669488,-1.8100110423802107e-06,2.115694133648406e-10
1.5104972805703508e-07,0.0,-1.8189620238577534e-05,0.0065503692953825104,-1.8100105876328598e-06,-2.115694133648406e-10
1.5113683731315555e-07,0.0,-1.6652498753458675e-05,0.005996827840837092,-1.810010132885509e-06,2.115694133648406e-10
1.5122394542233774e-07,0.0,-1.5245291320675371e-05,0.005490070008413957,-1.810009678138158e-06,-2.115694133648406e-10
1.5131105455718495e-07,0.0,-1.3956983401962772e-05,0.0050261301679445205,-1.8100110423802107e-06,2.115694133648406e-10
1.513981627785244e-07,0.0,-1.2777557018828452e-05,0.004601399954256996,-1.8100110423802107e-06,-2.115694133648406e-10
1.5148527181775765e-07,0.0,-1.1697786931803344e-05,0.0042125578241480385,-1.8100105876328598e-06,2.115694133648406e-10
1.5157238012780491e-07,0.0,-1.0709271549166784e-05,0.003856577722139483,-1.8100105876328598e-06,-2.115694133648406e-10
1.5165948909148474e-07,0.0,-9.80428315122336e-06,0.0035306771993414243,-1.810009678138158e-06,2.115694133648406e-10
1.5174659747185194e-07,0.0,-8.975776637411408e-06,0.003232318849427558,-1.8100105876328598e-06,-2.115694133648406e-10
1.5183370637569493e-07,0.0,-8.217277986769677e-06,0.002959171570742032,-1.8100105876328598e-06,2.115694133648406e-10
1.5192081483179616e-07,0.0,-7.522880020744066e-06,0.002709107848604437,-1.810010132885509e-06,-2.115694133648406e-10
1.520079236769744e-07,0.0,-6.887158936399727e-06,0.002480174691423614,-1.8100110423802107e-06,2.115694133648406e-10
1.5209503218330944e-07,0.0,-6.3051618365578545e-06,0.0022705883113813487,-1.8100105876328598e-06,-2.115694133648406e-10
1.5218214098375366e-07,0.0,-5.772344323013618e-06,0.0020787123418131727,-1.810010132885509e-06,2.115694133648406e-10
1.5226924952870264e-07,0.0,-5.2845540447743735e-06,0.001903051336424091,-1.8100105876328598e-06,-2.115694133648406e-10
1.5235635829566105e-07,0.0,-4.837983137921178e-06,0.0017422341226446206,-1.8100105876328598e-06,2.115694133648406e-10
1.5244346686974778e-07,0.0,-4.429150639592917e-06,0.0015950070679451285,-1.810010132885509e-06,-2.115694133648406e-10
1.5253057561140098e-07,0.0,-4.054865655546499e-06,0.0014602211500092809,-1.8100105876328598e-06,2.115694133648406e-10
1.5261768420746758e-07,0.0,-3.7122102057339027e-06,0.0013368255005463932,-1.8100105876328598e-06,-2.115694133648406e-10
1.5270479293002392e-07,0.0,-3.3985102810691633e-06,0.0012238572147002776,-1.8100105876328598e-06,2.115694133648406e-10
1.5279190154268064e-07,0.0,-3.1113199278842577e-06,0.0011204354258817983,-1.8100105876328598e-06,-2.115694133648406e-10
1.5287901025082433e-07,0.0,-2.8483982170206844e-06,0.0010257531735205947,-1.810010132885509e-06,2.115694133648406e-10
1.529661188760023e-07,0.0,-2.6076949248233396e-06,0.0009390721118557203,-1.810010132885509e-06,-2.115694133648406e-10
1.530532275732679e-07,0.0,-2.3873320123592856e-06,0.0008597159526412967,-1.8100105876328598e-06,2.115694133648406e-10
1.531403362078966e-07,0.0,-2.1855909996653795e-06,0.0007870658247427204,-1.810010132885509e-06,-2.115694133648406e-10
1.5322744489695137e-07,0.0,-2.000897941692136e-06,0.0007205549418473413,-1.8100105876328598e-06,2.115694133648406e-10
1.5331455353871366e-07,0.0,-1.8318124478273552e-06,0.000659664583086202,-1.8100110423802107e-06,-2.115694133648406e-10
1.5340166222157067e-07,0.0,-1.6770154080973825e-06,0.0006039197273615542,-1.810009678138158e-06,2.115694133648406e-10
1.5348877086871772e-07,0.0,-1.5352995356965343e-06,0.0005528856022678753,-1.810010132885509e-06,-2.115694133648406e-10
1.5357587954689628e-07,0.0,-1.4055592832636608e-06,0.0005061640905549365,-1.8100105876328598e-06,2.115694133648406e-10
1.5366298819810827e-07,0.0,-1.286782753717143e-06,0.00046339078559490753,-1.810010132885509e-06,-2.115694133648406e-10
1.5375009687275492e-07,0.0,-1.1780433787672192e-06,0.0004242320209475968,-1.8100105876328598e-06,2.115694133648406e-10
1.538372055270357e-07,0.0,-1.0784930351507367e-06,0.0003883823695071587,-1.810010132885509e-06,-2.115694133648406e-10
1.5392431419901587e-07,0.0,-9.873551533236118e-07,0.0003555621800955575,-1.810010132885509e-06,2.115694133648406e-10
1.540114228556136e-07,0.0,-9.039188813852036e-07,0.0003255154605714767,-1.810010132885509e-06,-2.115694133648406e-10
1.540985315255805e-07,0.0,-8.275333625492442e-07,0.00029800782975538965,-1.810010132885509e-06,2.115694133648406e-10
1.541866800176099e-07,0.0,-7.568037001138349e-07,0.0002725369611317218,-1.8100105876328598e-06,-2.115694133648406e-10
1.542781944818591e-07,0.0,-6.897587517758444e-07,0.0002483930170641745,-1.8100105876328598e-06,2.115694133648406e-10
1.5437205286185868e-07,0.0,-6.271592459330942e-07,0.0002258499463268393,-1.810010132885509e-06,-2.115694133648406e-10
1.544693755039164e-07,0.0,-5.682388599335092e-07,0.00020463178532486486,-1.810010132885509e-06,2.115694133648406e-10
1.5456934611106616e-07,0.0,-5.134714241882552e-07,0.00018490916677680477,-1.810010132885509e-06,-2.115694133648406e-10
1.5466934611106617e-07,0.0,-4.639686791123623e-07,0.00016708244688945332,-1.8100105876328598e-06,2.115694133648406e-10
1.5476934611106617e-07,0.0,-4.1923839482591465e-07,0.000150974365117682,-1.8100105876328598e-06,-2.115694133648406e-10
1.5486934611106618e-07,0.0,-3.7882046622445176e-07,0.00013641923102650824,-1.8100105876328598e-06,2.115694133648406e-10
1.549693461110662e-07,0.0,-3.422991493153569e-07,0.00012326732806167378,-1.8100105876328598e-06,-2.115694133648406e-10
1.550693461110662e-07,0.0,-3.0929877832305075e-07,0.00011138337353999176,-1.8100105876328598e-06,2.115694133648406e-10
1.551693461110662e-07,0.0,-2.794799070618606e-07,0.00010064512710896444,-1.8100105876328598e-06,-2.115694133648406e-10
1.552693461110662e-07,0.0,-2.5253581261079605e-07,9.094213336196437e-05,-1.8100105876328598e-06,2.115694133648406e-10
1.5536934611106622e-07,0.0,-2.281893443438244e-07,8.217458567538345e-05,-1.8100105876328598e-06,-2.115694133648406e-10
1.5546934611106623e-07,0.0,-2.06190069668069e-07,7.425229958092296e-05,-1.8100105876328598e-06,2.115694133648406e-10
1.5556934611106624e-07,0.0,-1.8631170097240926e-07,6.709378511301495e-05,-1.8100105876328598e-06,-2.115694133648406e-10
1.5566934611106624e-07,0.0,-1.6834976548478183e-07,6.0625408589337714e-05,-1.8100105876328598e-06,2.115694133648406e-10
1.5576934611106625e-07,0.0,-1.5211950417402886e-07,5.478063520239857e-05,-1.8100105876328598e-06,-2.115694133648406e-10
1.5586934611106626e-07,0.0,-1.37453969457855e-07,4.949934463132025e-05,-1.8100105876328598e-06,2.115694133648406e-10
1.5596934611106627e-07,0.0,-1.2420230951391085e-07,4.472721263412736e-05,-1.8100105876328598e-06,-2.115694133648406e-10
1.5606934611106627e-07,0.0,-1.1222821525915887e-07,4.041515225946256e-05,-1.8100105876328598e-06,2.115694133648406e-10
1.5616934611106628e-07,0.0,-1.0140851939007567e-07,3.651880892996379e-05,-1.8100105876328598e-06,-2.115694133648406e-10
1.562693461110663e-07,0.0,-9.163192849136248e-08,3.299810420362683e-05,-1.8100105876328598e-06,2.115694133648406e-10
1.563693461110663e-07,0.0,-8.27978790826466e-08,2.9816823520221668e-05,-1.8100105876328598e-06,-2.115694133648406e-10
1.564693461110663e-07,0.0,-7.48155024975949e-08,2.694224369223977e-05,-1.8100105876328598e-06,2.115694133648406e-10
1.565693461110663e-07,0.0,-6.760269079792846e-08,2.43447963086929e-05,-1.8100105876328598e-06,-2.115694133648406e-10
1.5666934611106632e-07,0.0,-6.108525168147397e-08,2.1997763589468616e-05,-1.8100105876328598e-06,2.115694133648406e-10
1.5676934611106633e-07,0.0,-5.5196145768047333e-08,1.9877003561757717e-05,-1.8100105876328598e-06,-2.115694133648406e-10
1.5686934611106633e-07,0.0,-4.9874796645260954e-08,1.7960701731664995e-05,-1.8100105876328598e-06,2.115694133648406e-10
1.5696934611106634e-07,0.0,-4.50664680901691e-08,1.622914669666185e-05,-1.8100105876328598e-06,-2.115694133648406e-10
1.5706934611106635e-07,0.0,-4.0721700769472016e-08,1.4664527390787651e-05,-1.8100105876328598e-06,2.115694133648406e-10
1.5716934611106636e-07,0.0,-3.6795803726239856e-08,1.3250749877034238e-05,-1.8100105876328598e-06,-2.115694133648406e-10
1.5726934611106636e-07,0.0,-3.324839448168752e-08,1.1973271802405566e-05,-1.8100105876328598e-06,2.115694133648406e-10
1.5736934611106637e-07,0.0,-3.0042983824544247e-08,1.0818952812832618e-05,-1.8100105876328598e-06,-2.115694133648406e-10
1.5746934611106638e-07,0.0,-2.7146600331505772e-08,9.77591938928352e-06,-1.8100105876328598e-06,2.115694133648406e-10
1.5756934611106639e-07,0.0,-2.452945134174518e-08,8.83344271475274e-06,-1.8100105876328598e-06,-2.115694133648406e-10
1.576693461110664e-07,0.0,-2.2164616398648738e-08,7.981828315846687e-06,-1.8100105876328598e-06,2.115694133648406e-10
1.577693461110664e-07,0.0,-2.0027770431918295e-08,7.212316343802269e-06,-1.8100105876328598e-06,-2.115694133648406e-10
1.578693461110664e-07,0.0,-1.8096933468623832e-08,6.5169914692106816e-06,-1.8100105876328598e-06,2.115694133648406e-10
1.5796934611106642e-07,0.0,-1.6352244609382337e-08,5.888701463609752e-06,-1.8100105876328598e-06,-2.115694133648406e-10
1.5806934611106642e-07,0.0,-1.4775757679585454e-08,5.320983630460307e-06,-1.8100105876328598e-06,2.115694133648406e-10
1.5816934611106643e-07,0.0,-1.335125668003464e-08,4.8079983287641426e-06,-1.8100105876328598e-06,-2.115694133648406e-10
1.5826934611106644e-07,0.0,-1.2064088945464938e-08,4.3444689055355966e-06,-1.8100105876328598e-06,2.115694133648406e-10
1.5836934611106645e-07,0.0,-1.090101445975495e-08,3.925627419262693e-06,-1.8100105876328598e-06,-2.115694133648406e-10
1.5846934611106645e-07,0.0,-9.850069637040003e-09,3.547165596059704e-06,-1.8100105876328598e-06,2.115694133648406e-10
1.5856934611106646e-07,0.0,-8.900444287734948e-09,3.2051905140383498e-06,-1.8100105876328598e-06,-2.115694133648406e-10
1.5866934611106647e-07,0.0,-8.04237040136688e-09,2.8961845600592248e-06,-1.8100105876328598e-06,2.115694133648406e-10
1.5876934611106648e-07,0.0,-7.267021689732698e-09,2.6169692469722275e-06,-1.8100105876328598e-06,-2.115694133648406e-10
1.5886934611106648e-07,0.0,-6.5664227823841026e-09,2.3646725191637386e-06,-1.8100105876328598e-06,2.115694133648406e-10
1.589693461110665e-07,0.0,-5.933367204136458e-09,2.1366992101101817e-06,-1.8100105876328598e-06,-2.115694133648406e-10
1.590693461110665e-07,0.0,-5.361343236523166e-09,1.9307043480591717e-06,-1.8100105876328598e-06,2.115694133648406e-10
1.591693461110665e-07,0.0,-4.844466947013636e-09,1.7445690352561974e-06,-1.8100105876328598e-06,-2.115694133648406e-10
1.592693461110665e-07,0.0,-4.377421657482963e-09,1.5763786526063474e-06,-1.8100105876328598e-06,2.115694133648406e-10
1.5936934611106652e-07,0.0,-3.955403263152185e-09,1.4244031655807067e-06,-1.8100105876328598e-06,-2.115694133648406e-10
1.5946934611106653e-07,0.0,-3.574070810623529e-09,1.2870793287905537e-06,-1.8100105876328598e-06,2.115694133648406e-10
1.5956934611106654e-07,0.0,-3.2295018513450745e-09,1.162994606182714e-06,-1.8100105876328598e-06,-2.115694133648406e-10
1.5966934611106654e-07,0.0,-2.9181520901714533e-09,1.050872641456419e-06,-1.8100105876328598e-06,2.115694133648406e-10
1.5976934611106655e-07,0.0,-2.636818931967694e-09,9.495601292480069e-07,-1.8100105876328598e-06,-2.115694133648406e-10
1.5986934611106656e-07,0.0,-2.3826085359184535e-09,8.580149520382041e-07,-1.8100105876328598e-06,2.115694133648406e-10
1.5996934611106657e-07,0.0,-2.1529060517769657e-09,7.75295460756276e-07,-1.8100105876328598e-06,-2.115694133648406e-10
1.6e-07,0.0,-2.087081294751559e-09,7.515909264986546e-07,-1.8100092233908072e-06,2.115694133648406e-10
1.6000000081308874e-07,1.3415964163268612e-06,-2.0870795759759615e-09,7.515903075021002e-07,-1.799011613456969e-06,-0.007425000074005827
1.600000024392662e-07,4.024789161630311e-06,-2.087076138377248e-09,7.515890695100109e-07,-1.799011613456969e-06,-0.007424999593265389
1.600000056916211e-07,9.391174826937756e-06,-2.0870692625276447e-09,7.515865935319499e-07,-1.8139127746508166e-06,-0.007425000565527838
1.6000001219633095e-07,2.0123946070202373e-05,-2.0870555116881227e-09,7.515816416002974e-07,-1.8064621940538927e-06,-0.007424999488578792
1.6000002520575062e-07,4.1589488469381335e-05,-2.0870280100336237e-09,7.515717378348719e-07,-1.8101874843523547e-06,-0.007425000537443066
1.6000005122458994e-07,8.452057335508953e-05,-2.0869730078795732e-09,7.51551930695532e-07,-1.8101874843523547e-06,-0.007424999583482953
1.6000010326226862e-07,0.00017038274321385622,-2.0868630079745055e-09,7.515123179828406e-07,-1.8101874843523547e-06,-0.0074250006819292814
1.6000020733762597e-07,0.00034210708284403927,-2.0866430255056587e-09,7.514330988209988e-07,-1.8101874843523547e-06,-0.007424999834686946
1.6000041548834065e-07,0.0006855557620170552,-2.086203130117033e-09,7.512746855481819e-07,-1.8099546537087008e-06,-0.007425001195667816
1.6000083178977e-07,0.0013724531204504372,-2.0853236175338797e-09,7.509579591796097e-07,-1.8099546537087008e-06,-0.007425000871606108
1.600016643926287e-07,0.002746247837317201,-2.0835657045025653e-09,7.503249069395927e-07,-1.8100128613696143e-06,-0.007425003265729202
1.6000332959834612e-07,0.005493837271050728,-2.0800543222850843e-09,7.490604027606992e-07,-1.8099837575391575e-06,-0.007425005011728825
1.6000666000978098e-07,0.010989016138605135,-2.073049295839972e-09,7.465377821340866e-07,-1.8100128613696143e-06,-0.007425011546211113
1.6001332083265069e-07,0.021979373873626598,-2.059109896725459e-09,7.415179844261361e-07,-1.8099983094543859e-06,-0.007425021572101453
1.6002664247839008e-07,0.04396008934358217,-2.0315113461871037e-09,7.315793106324559e-07,-9.654631355715537e-06,-0.00742504466713001
1.6005328576986887e-07,0.08792152028358068,-1.9774165799358646e-09,7.120989312210676e-07,-9.284262699793544e-05,-0.007425087814082687
1.6010657235282644e-07,0.17584438216357767,-1.873491551082226e-09,6.746738874921415e-07,-0.0005318068018596023,-0.00742517715102764
1.6020657235282645e-07,0.3408443821635901,-1.6928720086617006e-09,6.096299385236787e-07,-0.0023366208571360403,-0.007425341886850845
1.6030657235282646e-07,0.5058443821636025,-1.5296656320958773e-09,5.50856745509827e-07,-0.005421434912904033,-0.00742550865135172
1.6040657235282646e-07,0.6708443821636149,-1.382193653177367e-09,4.977497575143979e-07,-0.00978624896865199,-0.007425673387160714
1.6041447300551592e-07,0.683880459101224,-1.371176568032652e-09,4.937823312086924e-07,-0.010185656825427714,-0.007425687496862565
1.6043027431089484e-07,0.7099526129764421,-1.3494047944578415e-09,4.859419717966472e-07,-0.011008442010961517,-0.007425712673210683
1.6046187692165268e-07,0.7620969207268783,-1.306890166345337e-09,4.7063178296404005e-07,-0.012749889902693212,-0.007425766068934081
1.6046602535781042e-07,0.7689418403871892,-1.301410159126584e-09,4.6865834584266077e-07,-0.012987979548228168,-0.007425771930698488
1.604743222301259e-07,0.7826316797077235,-1.2905189362015902e-09,4.64736244508892e-07,-0.01347076727415697,-0.007425786696956038
1.6049091597475685e-07,0.8100113583487922,-1.2690087898763234e-09,4.569901012009118e-07,-0.01446277660721762,-0.0074258131869555655
1.6049391839236266e-07,0.8149653473983771,-1.2651553821066134e-09,4.5560242822293414e-07,-0.014646032965515587,-0.0074258191776550575
1.6049992322757427e-07,0.8248733254975467,-1.2574836165413892e-09,4.5283970431552746e-07,-0.015016007356422278,-0.007425828116481625
1.6050172782044554e-07,0.8278509037351384,-1.255187182616308e-09,4.520127222012637e-07,-0.014913821656108439,-0.007425832121882081
1.6050369280389614e-07,0.8310931264286259,-1.2526914127894226e-09,4.5111395608179164e-07,-0.014792657423527089,-0.007425834364468642
1.6050476367587557e-07,0.832860065194649,-1.251333364224754e-09,4.50624901351913e-07,-0.014726791227275271,-0.007425837153490988
1.6050608962739127e-07,0.8350478851955881,-1.2496538710496897e-09,4.5002008934265554e-07,-0.014645429440349744,-0.00742583833782362
1.6050874153042266e-07,0.8394235251973794,-1.2463016426237183e-09,4.488128989596327e-07,-0.01448362287194982,-0.007425843746489136
1.6051404533648543e-07,0.8481748052009618,-1.239624126955215e-09,4.4640822013783157e-07,-0.014162485294036742,-0.007425851524416771
1.60524652948611e-07,0.8656773652081267,-1.226376140527054e-09,4.416374110570979e-07,-0.013531012123223718,-0.007425870119675437
1.605458681728621e-07,0.9006824852224563,-1.2003026577242323e-09,4.322479382339325e-07,-0.01231127406538235,-0.007425904270832007
1.6058829862136434e-07,0.9706927252511157,-1.149801212787878e-09,4.140615705616309e-07,-0.010044630815713163,-0.007425975612491698
1.6067315951836883e-07,1.110713205308522,-1.055041370298346e-09,3.799370551487716e-07,-0.006202676034348542,-0.007426115256450316
1.6077315951836884e-07,1.2757132053085345,-9.53326959348519e-10,3.4330808983015663e-07,-0.0028584299299154736,-0.0074262820197219526
1.6087315951836885e-07,1.4407132053085467,-8.61418629645054e-10,3.1021044919317085e-07,-0.000794183825462369,-0.007426446756795713
1.6097315951836885e-07,1.605713205308559,-7.783709966686201e-10,2.803036853464086e-07,-9.937720989228183e-06,-0.007426613520038927
1.6107315951836886e-07,1.7707132053085717,-7.033298185166325e-10,2.5328017229313925e-07,-1.8100105876328598e-06,-0.007426778257098476
1.6117315951836887e-07,1.935713205308584,-6.355232090246808e-10,2.288619416386287e-07,-1.8100105876328598e-06,-0.007426945020370113
1.6127315951836888e-07,2.1007132053085966,-5.742536980172937e-10,2.0679782336053742e-07,-1.8100105876328598e-06,-0.0074271097574580835
1.6137315951836888e-07,2.2657132053086086,-5.188910570121593e-10,1.8686086223187863e-07,-1.8100105876328598e-06,-0.007427276520701298
1.614731595183689e-07,2.430713205308621,-4.688658165838265e-10,1.68845983321429e-07,-1.8100105876328598e-06,-0.007427441257789269
1.615731595183689e-07,2.5957132053086336,-4.2366340870603486e-10,1.5256788255853733e-07,-1.8100105876328598e-06,-0.0074276080210324835
1.616731595183689e-07,2.760713205308646,-3.8281887381802413e-10,1.3785912066432588e-07,-1.8100105876328598e-06,-0.007427772758092033
1.6177315951836891e-07,2.9257132053086585,-3.4591207817292166e-10,1.2456840084314115e-07,-1.8100105876328598e-06,-0.007427939521392091
1.6187315951836892e-07,3.0907132053086706,-3.125633922708851e-10,1.1255901251829856e-07,-1.8100105876328598e-06,-0.007428104258337953
1.6197315951836893e-07,3.255713205308683,-2.824297859269099e-10,1.0170742510412573e-07,-1.8100105876328598e-06,-0.007428271021694854
1.62e-07,3.299999999999986,-2.748543761630615e-10,9.897940044251092e-08,-1.8100092233908072e-06,-0.007428314496792154
1.620001473619265e-07,3.3000000000000003,-2.748133564850642e-10,9.896462860881881e-08,-1.809721823065047e-06,-3.315003766601876e-06
1.6200044208577957e-07,3.3000000000000003,-2.7473132937314306e-10,9.893508935057568e-08,-1.809721823065047e-06,-3.315002913950593e-06
1.6200103153348565e-07,3.3000000000000003,-2.7456734858828197e-10,9.887603728104079e-08,-1.8099546537087008e-06,-3.3150037097584573e-06
1.6200221042889785e-07,3.3000000000000003,-2.7423968056076124e-10,9.875803885087216e-08,-1.8099546537087008e-06,-3.315002913950593e-06
1.6200456821972225e-07,3.3000000000000003,-2.735855169208731e-10,9.8522464195752e-08,-1.8099546537087008e-06,-3.315003766601876e-06
1.6200928380137101e-07,3.3000000000000003,-2.722818653351256e-10,9.805299867679652e-08,-1.8099983094543859e-06,-3.315002913950593e-06
1.6201871496466858e-07,3.3000000000000003,-2.696931538050064e-10,9.712076278253945e-08,-1.8099910334967717e-06,-3.315003766601876e-06
1.6203757729126367e-07,3.3000000000000003,-2.645892176955164e-10,9.528275480508003e-08,-1.8100201373272284e-06,-3.315002913950593e-06
1.6207530194445387e-07,3.3000000000000003,-2.5466840476645433e-10,9.171011343283706e-08,-1.8100074044014036e-06,-3.315003766601876e-06
1.6215075125083428e-07,3.3000000000000003,-2.3592218977528686e-10,8.495930543667057e-08,-1.810010132885509e-06,-3.315002913950593e-06
1.622507512508343e-07,3.3000000000000003,-2.1317740721187543e-10,7.676855012559713e-08,-1.8100105876328598e-06,-3.315003766601876e-06
1.623507512508343e-07,3.3000000000000003,-1.926254032689064e-10,6.936744901686276e-08,-1.8100105876328598e-06,-3.315002913950593e-06
1.624507512508343e-07,3.3000000000000003,-1.7405477658169114e-10,6.267987314121007e-08,-1.8100105876328598e-06,-3.315003766601876e-06
1.625507512508343e-07,3.3000000000000003,-1.5727450656444057e-10,5.663703296978863e-08,-1.8100105876328598e-06,-3.315002913950593e-06
1.6265075125083432e-07,3.3000000000000003,-1.4211198854104446e-10,5.117677083350581e-08,-1.8100105876328598e-06,-3.315003766601876e-06
1.6275075125083432e-07,3.3000000000000003,-1.2841125830404777e-10,4.624292155880118e-08,-1.8100105876328598e-06,-3.315002913950593e-06
1.6285075125083433e-07,3.3000000000000003,-1.1603138784079047e-10,4.178473474323641e-08,-1.8100105876328598e-06,-3.315003766601876e-06
1.6295075125083434e-07,3.3000000000000003,-1.048450357240329e-10,3.7756352728330766e-08,-1.8100105876328598e-06,-3.315002913950593e-06
1.6305075125083435e-07,3.3000000000000003,-9.473713725686729e-11,3.411633889998258e-08,-1.8100105876328598e-06,-3.315003766601876e-06
1.6315075125083435e-07,3.3000000000000003,-8.560372089764073e-11,3.082725146449606e-08,-1.8100105876328598e-06,-3.315002913950593e-06
1.6325075125083436e-07,3.3000000000000003,-7.735083879149474e-11,2.7855258316001777e-08,-1.8100105876328598e-06,-3.315003766601876e-06
1.6335075125083437e-07,3.3000000000000003,-6.989360040669249e-11,2.516978903373247e-08,-1.8100105876328598e-06,-3.315002913950593e-06
1.6345075125083438e-07,3.3000000000000003,-6.31552993365758e-11,2.274322042953978e-08,-1.8100105876328598e-06,-3.315003766601876e-06
1.6355075125083438e-07,3.3000000000000003,-5.706662428437765e-11,2.055059241114072e-08,-1.8100105876328598e-06,-3.315002913950593e-06
1.636507512508344e-07,3.3000000000000003,-5.1564946115764586e-11,1.8569351238415643e-08,-1.8100105876328598e-06,-3.315003766601876e-06
1.637507512508344e-07,3.3000000000000003,-4.659367364487065e-11,1.6779117531848724e-08,-1.8100105876328598e-06,-3.315002913950593e-06
1.638507512508344e-07,3.3000000000000003,-4.210167152800914e-11,1.5161476646806884e-08,-1.8100105876328598e-06,-3.315003766601876e-06
1.6395075125083441e-07,3.3000000000000003,-3.804273427680223e-11,1.3699789257411758e-08,-1.8100105876328598e-06,-3.315002913950593e-06
1.6405075125083442e-07,3.3000000000000003,-3.4375110980879116e-11,1.2379020201638623e-08,-1.8100105876328598e-06,-3.315003766601876e-06
1.6415075125083443e-07,3.3000000000000003,-3.1061075850897116e-11,1.1185583827114155e-08,-1.8100105876328598e-06,-3.315002913950593e-06
1.6425075125083444e-07,3.3000000000000003,-2.8066540164839544e-11,1.0107204246813964e-08,-1.8100105876328598e-06,-3.315003766601876e-06
1.6435075125083444e-07,3.3000000000000003,-2.5360701625581315e-11,9.132789067226547e-09,-1.8100105876328598e-06,-3.315002913950593e-06
1.6445075125083445e-07,3.3000000000000003,-2.2915727523402538e-11,8.252315290130296e-09,-1.8100105876328598e-06,-3.315003766601876e-06
1.6445454598617184e-07,3.3000000000000003,-2.2827815067835973e-11,8.220656626856168e-09,-1.8100128613696143e-06,-3.315002970794012e-06
1.6446213545684663e-07,3.3000000000000003,-2.265300000504835e-11,8.157702962655203e-09,-1.8099983094543859e-06,-3.315003766601876e-06
1.644773143981962e-07,3.3000000000000003,-2.2307370753531377e-11,8.03323641215249e-09,-1.8100237753060355e-06,-3.315002913950593e-06
1.6450767228089532e-07,3.3000000000000003,-2.163181283966005e-11,7.789957341207285e-09,-1.8100092233908072e-06,-3.315003766601876e-06
1.6450919623504945e-07,3.3000000000000003,-2.1598447244605363e-11,7.777941863632257e-09,-1.8099837575391575e-06,-3.315002913950593e-06
1.6451224414335768e-07,3.3000000000000003,-2.153187032801266e-11,7.753966464798787e-09,-1.8099692056239292e-06,-3.315003766601876e-06
1.6451239714715114e-07,3.3000000000000003,-2.1528533610673408e-11,7.75276486019164e-09,-1.809721823065047e-06,-3.315002913950593e-06
1.6451270315473806e-07,3.3000000000000003,-2.152186172699184e-11,7.750362209559241e-09,-1.8099546537087008e-06,-3.315003823445295e-06
1.6451331516991194e-07,3.3000000000000003,-2.150852416182786e-11,7.745559141756612e-09,-1.8099546537087008e-06,-3.315002913950593e-06
1.6451334589283124e-07,3.3000000000000003,-2.1507854838827038e-11,7.74531810814031e-09,-1.8083248392031237e-06,-3.3150037097584573e-06
1.6451340733866982e-07,3.3000000000000003,-2.150651625674101e-11,7.744836063409492e-09,-1.8092561617777392e-06,-3.315002913950593e-06
1.64513530230347e-07,3.3000000000000003,-2.1503839341406464e-11,7.743872063947982e-09,-1.809721823065047e-06,-3.315003823445295e-06
1.645135363994605e-07,3.3000000000000003,-2.1503704969477216e-11,7.743823674720187e-09,-1.8064621940538927e-06,-3.3150039371321327e-06
1.6451354873768747e-07,3.3000000000000003,-2.1503436229471973e-11,7.743726897171704e-09,-1.8101874843523547e-06,-3.3150039371321327e-06
1.645135734141414e-07,3.3000000000000003,-2.1502898759370413e-11,7.743533345703122e-09,-1.8101874843523547e-06,-3.315003027637431e-06
1.6451362276704929e-07,3.3000000000000003,-2.1501823859861558e-11,7.743146257279005e-09,-1.8101874843523547e-06,-3.315003823445295e-06
1.6451372147286502e-07,3.3000000000000003,-2.1499674221505106e-11,7.742372138479359e-09,-1.8101874843523547e-06,-3.315002913950593e-06
1.6451372642785783e-07,3.3000000000000003,-2.1499566316410257e-11,7.742333280062606e-09,-1.799011613456969e-06,-3.315003027637431e-06
1.645137363378435e-07,3.3000000000000003,-2.149935050646667e-11,7.742255563814181e-09,-1.8027369037554308e-06,-3.315003027637431e-06
1.6451373683532085e-07,3.3000000000000003,-2.1499339664097912e-11,7.742251662509885e-09,-1.7692092910692736e-06,-3.315003027637431e-06
1.6451373783027555e-07,3.3000000000000003,-2.1499318006455467e-11,7.74224385990719e-09,-1.7692092910692736e-06,-3.315010303595045e-06
1.6451373982018496e-07,3.3000000000000003,-2.1499274677615e-11,7.742228254725378e-09,-1.7692092910692736e-06,-3.3150048466268345e-06
1.6451374380000378e-07,3.3000000000000003,-2.1499188004663515e-11,7.742197044456123e-09,-1.799011613456969e-06,-3.3150048466268345e-06
1.645137517596414e-07,3.3000000000000003,-2.1499014672194608e-11,7.74213462429505e-09,-1.8064621940538927e-06,-3.3150039371321327e-06
1.6451375215921203e-07,3.3000000000000003,0.3783178572285422,8.408793084370026e-08,-0.011466203261993747,-3.315003027637431e-06
1.6451375233513831e-07,3.3000000000000003,0.3783747992439922,1.5132130193044707e-07,-0.011467688378503047,-3.3149884757222026e-06
1.6451375239607635e-07,3.3000000000000003,0.3783945224526591,1.7461222134261626e-07,-0.011468523784009742,-3.3150175795526593e-06
1.6451375250258087e-07,3.3000000000000003,0.37842899298173777,2.1532186457411307e-07,-0.011469567146340313,-3.3150175795526593e-06
1.6451375271558994e-07,3.3000000000000003,0.37849793124633135,2.9675226265005354e-07,-0.011471892204601283,-3.315046683383116e-06
1.6451375314160807e-07,3.3000000000000003,0.3786357966041036,4.5965750223705437e-07,-0.01147594593476249,-3.315003027637431e-06
1.6451375399364434e-07,3.3000000000000003,0.37891148263685276,7.856457310206621e-07,-0.011484350058869093,-3.315010303595045e-06
1.6451375569771687e-07,3.3000000000000003,0.3794626760212248,1.4383329940250475e-06,-0.011501003859163972,-3.315006665616238e-06
1.6451375910586193e-07,3.3000000000000003,0.3805643484501753,2.746549198523805e-06,-0.011534364232087592,-3.3150048466268345e-06
1.6451376592215205e-07,3.3000000000000003,0.38276483903534986,5.374335987409194e-06,-0.011600960884973952,-3.3150039371321327e-06
1.6451377955473229e-07,3.3000000000000003,0.38715442774087566,1.0675228603722561e-05,-0.011733826206311616,-3.315003482384782e-06
1.6451380681989274e-07,3.3000000000000003,0.39588823155806924,2.145750519635009e-05,-0.011998168926199653,-3.3150039371321327e-06
1.6451386135021367e-07,3.3000000000000003,0.4131759027936732,4.37377939742592e-05,-0.012521379878948535,-3.315003027637431e-06
1.6451397041085554e-07,3.3000000000000003,0.4470437722221108,9.111223996929292e-05,-0.01354627723117568,-3.315003823445295e-06
1.6451411503153968e-07,3.3000000000000003,0.49053579861905167,0.00015957544417748764,-0.01486218580887082,-3.315002913950593e-06
1.6451426227081804e-07,3.3000000000000003,0.5332065531483879,0.00023567488293811884,-0.016152976069290975,-3.315003823445295e-06
1.6451441085499328e-07,3.3000000000000003,0.5746816077903197,0.00031877198728726326,-0.017407318822290282,-3.315003027637431e-06
1.6451455818136714e-07,3.3000000000000003,0.6142907263017525,0.0004071861437675775,-0.01860495553311121,-3.315003766601876e-06
1.6451472488565375e-07,3.3000000000000003,0.6573618240741829,0.0005141741925036141,-0.01990694202162899,-3.315003027637431e-06
1.6451490229608066e-07,3.3000000000000003,0.7012428630295077,0.0006358037982975158,-0.021233028377453726,-3.315003823445295e-06
1.6451510056071128e-07,3.3000000000000003,0.7480031357285817,0.0007807802448198382,-0.022645659407018907,-3.315002970794012e-06
1.6451531106256795e-07,3.3000000000000003,0.7951429968578889,0.0009446549512302905,-0.02406922175267959,-3.3150037097584573e-06
1.6451554312609335e-07,3.3000000000000003,0.8442782150989152,0.0011365574222225781,-0.025552401668858502,-3.315002913950593e-06
1.64515790101394e-07,3.3000000000000003,0.8934905944027934,0.0013530074793554675,-0.02703717600998781,-3.3150037097584573e-06
1.6451606039401296e-07,3.3000000000000003,0.9439334299802601,0.0016034332609749238,-0.028558208335062518,-3.315002970794012e-06
1.645163488294434e-07,3.3000000000000003,0.9940828181161705,0.0018852445197629856,-0.030069397177734793,-3.315003766601876e-06
1.6451666309708076e-07,3.3000000000000003,1.0447074859936787,0.00220819369997898,-0.031593742308452036,-3.315002970794012e-06
1.6451699941641917e-07,3.3000000000000003,1.0945975718471386,0.0025707605721816094,-0.0330946261071165,-3.315003766601876e-06
1.6451736507220825e-07,3.3000000000000003,1.1442249269174931,0.002983188639706046,-0.034586037158844646,-3.315002913950593e-06
1.6451775766411156e-07,3.3000000000000003,1.192627652393034,0.0034452621973464384,-0.03603883258941794,-3.315003823445295e-06
1.6451817123482734e-07,3.3000000000000003,1.2386639420682188,0.003951551035556565,-0.03741857562082943,-3.315002913950593e-06
1.6451860574859622e-07,3.3000000000000003,1.2821013355820101,0.004502881163875244,-0.03871819673660725,-3.315003766601876e-06
1.645190621140304e-07,3.3000000000000003,1.3228510256806914,0.005101076770435437,-0.03993494944064158,-3.315002913950593e-06
1.645195422781768e-07,3.3000000000000003,1.3609259982585356,0.005749280584157863,-0.041069131907261934,-3.3150037097584573e-06
1.6452004730014107e-07,3.3000000000000003,1.3962700281180367,0.006449423987886508,-0.04211898199240964,-3.315002913950593e-06
1.645205791656787e-07,3.3000000000000003,1.4289074336304253,0.007204652471132569,-0.04308514132287496,-3.315003766601876e-06
1.645211394075962e-07,3.3000000000000003,1.458840599732239,0.008017435018611177,-0.043967607121329716,-3.315002913950593e-06
1.645217305290789e-07,3.3000000000000003,1.486133655225094,0.008891597773955227,-0.04476820692163982,-3.315003766601876e-06
1.6452235476764437e-07,3.3000000000000003,1.5108392440762322,0.009830556850961972,-0.04548843241307557,-3.315002913950593e-06
1.6452301534297677e-07,3.3000000000000003,1.5330522828778161,0.01083917591240076,-0.04613101285829103,-3.3150037097584573e-06
1.6452371543525351e-07,3.3000000000000003,1.552862883832003,0.011922251808925819,-0.04669853342826064,-3.315002913950593e-06
1.6452445931836935e-07,3.3000000000000003,1.5703899700305928,0.01308625769604916,-0.04719440193208229,-3.315003766601876e-06
1.6452525153075909e-07,3.3000000000000003,1.585751173577472,0.014338080028170856,-0.047621974299814074,-3.315002913950593e-06
1.6452609794981326e-07,3.3000000000000003,1.5990829815757182,0.015686711723845066,-0.04798511424446653,-3.315003766601876e-06
1.6452700516886236e-07,3.3000000000000003,1.610521857604668,0.01714228321912362,-0.04828765000495381,-3.315002913950593e-06
1.6452798159972597e-07,3.3000000000000003,1.620215722993941,0.01871782714203148,-0.04853366944022882,-3.315003766601876e-06
1.6452903711888839e-07,3.3000000000000003,1.6283123213430564,0.020428717885499728,-0.048727183827929836,-3.315002913950593e-06
1.6453018435165649e-07,3.3000000000000003,1.6349652500584866,0.022294740718643458,-0.04887224823487194,-3.315003766601876e-06
1.6453143876301078e-07,3.3000000000000003,1.640326850519276,0.02434022767101743,-0.048972741826402225,-3.315002913950593e-06
1.6453282045406735e-07,3.3000000000000003,1.6445508867818426,0.026596948252391922,-0.04903236179350768,-3.315003766601876e-06
1.6453435517128917e-07,3.3000000000000003,1.6477881101750482,0.029105696510226056,-0.04905444000576306,-3.315002913950593e-06
1.6453607745920136e-07,3.3000000000000003,1.6501868659608991,0.03192133101745173,-0.04904180971600614,-3.315003766601876e-06
1.6453803397690028e-07,3.3000000000000003,1.651890028414838,0.03511800184865774,-0.04899655356046449,-3.3150028571071743e-06
1.6454029125867768e-07,3.3000000000000003,1.65303446022894,0.03880148100132544,-0.04891961390559613,-3.315003766601876e-06
1.6454294475556755e-07,3.3000000000000003,1.6537473573535708,0.0431232730156747,-0.0488102541817988,-3.3150028571071743e-06
1.6454614076932506e-07,3.3000000000000003,1.6541451880148335,0.048315107238938455,-0.04866498174444592,-3.3150037097584573e-06
1.6455011376350143e-07,3.3000000000000003,1.6543299986144864,0.05474696967214133,-0.04847567732817656,-3.315002913950593e-06
1.6455527131202432e-07,3.3000000000000003,1.654385846174649,0.06305872418507766,-0.048225498385485094,-3.315003766601876e-06
1.6456238919344281e-07,3.3000000000000003,1.6543739976473264,0.07445898955442465,-0.047879676740395456,-3.315002970794012e-06
1.6457316406170753e-07,3.3000000000000003,1.6543277417599884,0.09156100058788744,-0.047360032241999674,-3.3150037097584573e-06
1.645921441272453e-07,3.3000000000000003,1.6542451020336477,0.1212367651693889,-0.046458262360962524,-3.315002970794012e-06
1.6463010425832087e-07,3.3000000000000003,1.6540850664314348,0.178909024422674,-0.04470576840101573,-3.315003766601876e-06
1.6467469296668403e-07,3.3000000000000003,1.6539045672431463,0.24388238907388388,-0.04273140871027419,-3.315002970794012e-06
1.6472688721970839e-07,3.3000000000000003,1.653703509228894,0.31630637825832963,-0.040530649502301626,-3.315003766601876e-06
1.6478099393043861e-07,3.3000000000000003,1.6535059119341295,0.3874499555793398,-0.0383687955284679,-3.315002913950593e-06
1.6484187670818722e-07,3.3000000000000003,1.6532962031093597,0.46298062340651713,-0.03607363238897548,-3.315003766601876e-06
1.6490523901637317e-07,3.3000000000000003,1.6530912063612888,0.5367948929210371,-0.03383062411722399,-3.3150028571071743e-06
1.6497501850512666e-07,3.3000000000000003,1.6528801942361349,0.6127906030132652,-0.03152132929268029,-3.315003766601876e-06
1.6504750933313465e-07,3.3000000000000003,1.6526761857534502,0.6862521359658642,-0.02928903995514791,-3.315002913950593e-06
1.65126101445841e-07,3.3000000000000003,1.6524713096021857,0.760035821961245,-0.02704696210950044,-3.315003823445295e-06
1.6520774820538698e-07,3.3000000000000003,1.6522750358559954,0.8307137426813702,-0.024899259050129508,-3.3150028571071743e-06
1.6529538062018966e-07,3.3000000000000003,1.6520816839315797,0.9003459728262598,-0.022783332126940788,-3.315003766601876e-06
1.6538231211668626e-07,3.3000000000000003,1.6519061063692586,0.9635719470174272,-0.02086207280781575,-3.315002970794012e-06
1.6547019445641754e-07,3.3000000000000003,1.6517436655384774,1.0220716763671371,-0.01908443112383402,-3.315003823445295e-06
1.655567975477606e-07,3.3000000000000003,1.6515971307183015,1.0748396179603505,-0.017480961996446154,-3.3150028571071743e-06
1.6564432338728337e-07,3.3000000000000003,1.651461548907763,1.1236663373990428,-0.0159972557623894,-3.315003766601876e-06
1.657310515232824e-07,3.3000000000000003,1.6513385532550444,1.1679579503057367,-0.01465135840987634,-3.315002913950593e-06
1.6581849149793183e-07,3.3000000000000003,1.65122502829412,1.2088411922631943,-0.013409032026033609,-3.315003766601876e-06
1.6590532308850254e-07,3.3000000000000003,1.6511218193070003,1.2460076565269538,-0.01227964788452791,-3.3150028571071743e-06
1.6599267986374782e-07,3.3000000000000003,1.6510267620127883,1.2802400786623247,-0.011239421140520163,-3.3150037097584573e-06
1.6607958233052261e-07,3.3000000000000003,1.6509401894733418,1.3114157304066032,-0.010292080924158736,-3.315002913950593e-06
1.6616687730878553e-07,3.3000000000000003,1.6508605760576327,1.3400863416738564,-0.009420861914299293,-3.315003766601876e-06
1.6625383410553036e-07,3.3000000000000003,1.6507879722083616,1.3662318085518401,-0.008626374849935142,-3.315002913950593e-06
1.6634108344166223e-07,3.3000000000000003,1.6507212812576262,1.3902486763449844,-0.007896569973294893,-3.315003766601876e-06
1.664280812288839e-07,3.3000000000000003,1.650660401684819,1.4121721560944809,-0.007230377205682078,-3.315002913950593e-06
1.6651529678776377e-07,3.3000000000000003,1.6506045281859298,1.4322933756904614,-0.006618950085853591,-3.315003766601876e-06
1.6660232563399978e-07,3.3000000000000003,1.6505534855609048,1.4506744898837578,-0.006060399828647264,-3.3150028571071743e-06
1.6668951642247934e-07,3.3000000000000003,1.6505066701590678,1.467533665529089,-0.005548097022832989,-3.315003823445295e-06
1.667765689640192e-07,3.3000000000000003,1.6504638787531831,1.4829434359300258,-0.005079837531350933,-3.315002913950593e-06
1.6686374180930276e-07,3.3000000000000003,1.6504246499992197,1.497070482767279,-0.004650556414072429,-3.315003766601876e-06
1.6695081261765391e-07,3.3000000000000003,1.6503887783171112,1.5099883853014222,-0.004258017765120376,-3.315002913950593e-06
1.6703797273331525e-07,3.3000000000000003,1.6503559048984247,1.521826734712244,-0.003898283707094271,-3.315003766601876e-06
1.671250578541631e-07,3.3000000000000003,1.6503258354337873,1.5326551896256697,-0.003569237483772147,-3.315002913950593e-06
1.672122092652423e-07,3.3000000000000003,1.6502982865739386,1.542576052034506,-0.0032677704476290646,-3.315003766601876e-06
1.6729930587183597e-07,3.3000000000000003,1.6502730817448705,1.5516526896968255,-0.0029919570140319427,-3.3150028571071743e-06
1.6738645173220626e-07,3.3000000000000003,1.6502499942861966,1.5599669098896076,-0.0027393113045184455,-3.315003766601876e-06
1.6747355787603963e-07,3.3000000000000003,1.650228867668852,1.5675749286936183,-0.002508125058046328,-3.315002913950593e-06
1.6756070071765046e-07,3.3000000000000003,1.6502095186525607,1.5745428613430013,-0.0022963892311327104,-3.3150037097584573e-06
1.6764781513296065e-07,3.3000000000000003,1.6501918107422737,1.5809197558719719,-0.0021026133819308465,-3.315002970794012e-06
1.677349570529247e-07,3.3000000000000003,1.6501755945349608,1.5867595032519086,-0.0019251599236908075,-3.315003823445295e-06
1.6782207902775722e-07,3.3000000000000003,1.650160752342069,1.592104411424159,-0.0017627432315689084,-3.315002913950593e-06
1.6790922184372585e-07,3.3000000000000003,1.650147161530705,1.5969987039931652,-0.001614019478242773,-3.315003766601876e-06
1.6799635111830604e-07,3.3000000000000003,1.6501347214296076,1.6014785830783769,-0.0014778885813863483,-3.315002913950593e-06
1.6808349648602953e-07,3.3000000000000003,1.650123330852419,1.6055805304467645,-0.0013532419665235969,-3.315003823445295e-06
1.6817063319662194e-07,3.3000000000000003,1.6501129041716405,1.6093353462890878,-0.0012391436973363257,-3.315002913950593e-06
1.6825778269537908e-07,3.3000000000000003,1.6501033575613757,1.6127732473610625,-0.0011346755762350934,-3.315003766601876e-06
1.68344927347682e-07,3.3000000000000003,1.6500946184840468,1.615920331130246,-0.001039044572107493,-3.315002913950593e-06
1.6843208258228437e-07,3.3000000000000003,1.6500866172870412,1.6188017009555375,-0.0009514878660116284,-3.315003766601876e-06
1.6851923601042045e-07,3.3000000000000003,1.6500792927013272,1.6214394040778661,-0.0008713355043224606,-3.315002913950593e-06
1.6860639869137353e-07,3.3000000000000003,1.6500725867179709,1.6238543443647366,-0.0007979522773064537,-3.315003766601876e-06
1.6869356207269783e-07,3.3000000000000003,1.6500664476980176,1.6260651063467493,-0.0007307734529611212,-3.3150028571071743e-06
1.6878073408283474e-07,3.3000000000000003,1.6500608272459514,1.6280891277520908,-0.0006692691490621578,-3.315003766601876e-06
1.6886790895149835e-07,3.3000000000000003,1.65005568190838,1.6299420486391065,-0.0006129641063850533,-3.315002913950593e-06
1.6895509242162733e-07,3.3000000000000003,1.6500509712567442,1.6316384350752164,-0.0005614157050269947,-3.315003766601876e-06
1.6904228072620226e-07,3.3000000000000003,1.6500466587687594,1.6331914332319695,-0.0005142244690873094,-3.315002913950593e-06
1.691294780968141e-07,3.3000000000000003,1.6500427106393314,1.634613222206275,-0.0004710203091122222,-3.3150037097584573e-06
1.6921668224217374e-07,3.3000000000000003,1.6500390961968325,1.635914842811068,-0.00043146772967900856,-3.315002913950593e-06
1.6930389634212662e-07,3.3000000000000003,1.6500357871557778,1.6371064849820995,-0.00039525708357233963,-3.315003766601876e-06
1.693911192642237e-07,3.3000000000000003,1.650032757771354,1.6381974165776525,-0.0003621067478532641,-3.315002913950593e-06
1.694783534491784e-07,3.3000000000000003,1.6500299843667372,1.6391961668715098,-0.00033175754208665396,-3.315003766601876e-06
1.695655986499626e-07,3.3000000000000003,1.6500274453415626,1.6401105120332657,-0.00030397317024258606,-3.315002913950593e-06
1.6965285688914525e-07,3.3000000000000003,1.6500251208682728,1.640947594413639,-0.00027853659704792766,-3.315003766601876e-06
1.6974012861748215e-07,3.3000000000000003,1.6500229928300731,1.6417139364025282,-0.0002552496239573626,-3.315002913950593e-06
1.6982741560327277e-07,3.3000000000000003,1.6500210446195234,1.6424155201386965,-0.00023393047254075338,-3.315003766601876e-06
1.699147189082082e-07,3.3000000000000003,1.6500192610439401,1.64305781540842,-0.00021441292954969574,-3.315002913950593e-06
1.7000204026196593e-07,3.3000000000000003,1.6500176281900496,1.6436458338743385,-0.00019654470605565545,-3.315003766601876e-06
1.700893811836336e-07,3.3000000000000003,1.6500161333204966,1.6441841612500865,-0.0001801864551731638,-3.315002913950593e-06
1.7017674358219954e-07,3.3000000000000003,1.6500147647764927,1.6446769972319644,-0.00016521055817892878,-3.315003823445295e-06
1.7026412937046575e-07,3.3000000000000003,1.6500135118812949,1.6451281856695457,-0.00015150021441054782,-3.3150028571071743e-06
1.7035154068793074e-07,3.3000000000000003,1.6500123648644747,1.6455412458725949,-0.00013894847844329088,-3.315003766601876e-06
1.7043898004720392e-07,3.3000000000000003,1.6500113147755042,1.6459194004903615,-0.00012745742656493372,-3.3150028571071743e-06
1.7052644972377577e-07,3.3000000000000003,1.6500103534279793,1.6462655979497567,-0.0001169374608752352,-3.315003766601876e-06
1.7061395296491162e-07,3.3000000000000003,1.6500094733179462,1.6465825403649816,-0.00010730647484105416,-3.315002913950593e-06
1.7070149230463828e-07,3.3000000000000003,1.6500086675859882,1.6468726980181925,-9.848940175748679e-05,-3.315003766601876e-06
1.7078907166597394e-07,3.3000000000000003,1.6500079299417774,1.6471383361028495,-9.041740831659797e-05,-3.315002913950593e-06
1.708781386567495e-07,3.3000000000000003,1.6500072439840519,1.6473853610092688,-8.291101873257931e-05,-3.315003766601876e-06
1.7097037253766396e-07,3.3000000000000003,1.6500065959499144,1.6476187290271775,-7.581962256887177e-05,-3.315002913950593e-06
1.7106521026946212e-07,3.3000000000000003,1.6500059898578143,1.6478369929801784,-6.918719588942056e-05,-3.315003766601876e-06
1.7116335639379523e-07,3.3000000000000003,1.650005421023664,1.6480418397138172,-6.296248071572439e-05,-3.3150028571071743e-06
1.7126335639379524e-07,3.3000000000000003,1.6500048968031242,1.6482306204060844,-5.7225968554133226e-05,-3.315003766601876e-06
1.7136335639379524e-07,3.3000000000000003,1.65000442312129,1.6484012011326348,-5.20425011596984e-05,-3.315002913950593e-06
1.7146335639379525e-07,3.3000000000000003,1.6500039951065184,1.6485553365154493,-4.7358761410882155e-05,-3.315003766601876e-06
1.7156335639379526e-07,3.3000000000000003,1.650003608355486,1.6486946120169448,-4.3126571553593055e-05,-3.315002913950593e-06
1.7166335639379527e-07,3.3000000000000003,1.650003258890598,1.6488204602483005,-3.93023985906873e-05,-3.315003766601876e-06
1.7176335639379527e-07,3.3000000000000003,1.650002943116695,1.6489341757055458,-3.584690642194534e-05,-3.315002913950593e-06
1.7186335639379528e-07,3.3000000000000003,1.6500026577861047,1.6490369280849553,-3.272455128812753e-05,-3.315003766601876e-06
1.719633563937953e-07,3.3000000000000003,1.650002399963501,1.6491297743147484,-2.9903216109177853e-05,-3.315002913950593e-06
1.720633563937953e-07,3.3000000000000003,1.650002166997191,1.6492136694268253,-2.735388016751847e-05,-3.315003766601876e-06
1.721633563937953e-07,3.3000000000000003,1.6500019564905761,1.6492894763803891,-2.5050320557656722e-05,-3.315002913950593e-06
1.722633563937953e-07,3.3000000000000003,1.650001766278579,1.6493579749384841,-2.296884248587037e-05,-3.315003766601876e-06
1.7236335639379532e-07,3.3000000000000003,1.6500015944044522,1.6494198696887759,-2.1088035513434694e-05,-3.315002913950593e-06
1.7246335639379533e-07,3.3000000000000003,1.6500014391004354,1.6494757972910516,-1.938855334925201e-05,-3.315003766601876e-06
1.7256335639379533e-07,3.3000000000000003,1.6500012987689034,1.649526333026015,-1.7852914830287812e-05,-3.315002913950593e-06
1.7266335639379534e-07,3.3000000000000003,1.6500011719665046,1.6495719967127163,-1.646532412469652e-05,-3.315003766601876e-06
1.7276335639379535e-07,3.3000000000000003,1.6500010573888237,1.6496132580555003,-1.5211508238461886e-05,-3.315002913950593e-06
1.7286335639379536e-07,3.3000000000000003,1.650000953857385,1.6496505414754625,-1.4078570213678542e-05,-3.315003766601876e-06
1.7296335639379536e-07,3.3000000000000003,1.6500008603071703,1.6496842304761181,-1.3054856457399403e-05,-3.315002913950593e-06
1.7306335639379537e-07,3.3000000000000003,1.6500007757759712,1.6497146715881807,-1.2129836880075962e-05,-3.315003766601876e-06
1.7316335639379538e-07,3.3000000000000003,1.6500006993942304,1.6497421779340389,-1.1293996573423099e-05,-3.315002913950593e-06
1.7326335639379539e-07,3.3000000000000003,1.6500006303763195,1.6497670324485811,-1.053873794523008e-05,-3.315003766601876e-06
1.733633563937954e-07,3.3000000000000003,1.650000568012269,1.6497894907895154,-9.85629227725993e-06,-3.315002913950593e-06
1.734633563937954e-07,3.3000000000000003,1.6500005116606256,1.6498097839671053,-9.239639819900055e-06,-3.315003766601876e-06
1.735633563937954e-07,3.3000000000000003,1.6500004607417178,1.6498281207203815,-8.682437581586033e-06,-3.315002913950593e-06
1.7366335639379542e-07,3.3000000000000003,1.6500004147318097,1.649844689664265,-8.178954087350301e-06,-3.315003766601876e-06
1.7376335639379542e-07,3.3000000000000003,1.650000373157615,1.649859661229693,-7.724010420844794e-06,-3.315002913950593e-06
1.7386335639379543e-07,3.3000000000000003,1.6500003355915125,1.6498731894167002,-7.312926955713066e-06,-3.315003766601876e-06
1.7396335639379544e-07,3.3000000000000003,1.6500003016470755,1.6498854133784884,-6.941475217963942e-06,-3.315002913950593e-06
1.7406335639379545e-07,3.3000000000000003,1.6500002709751587,1.64989645885278,-6.605834393101285e-06,-3.315003766601876e-06
1.7416335639379545e-07,3.3000000000000003,1.6500002432602547,1.6499064394551772,-6.302552022935722e-06,-3.315002913950593e-06
1.7426335639379546e-07,3.3000000000000003,1.6500002182172933,1.6499154578478312,-6.028508494378651e-06,-3.315003766601876e-06
1.7436335639379547e-07,3.3000000000000003,1.6500001955886687,1.649923606795442,-5.7808849494811345e-06,-3.315002913950593e-06
1.7446335639379548e-07,3.3000000000000003,1.6500001751416282,1.6499309701194522,-5.5571342911339164e-06,-3.315003766601876e-06
1.7456335639379548e-07,3.3000000000000003,1.6500001566658424,1.649937623560249,-5.3549549822771356e-06,-3.315002913950593e-06
1.746633563937955e-07,3.3000000000000003,1.6500001399712723,1.6499436355562405,-5.172267372804719e-06,-3.315003766601876e-06
1.747633563937955e-07,3.3000000000000003,1.65000012488619,1.6499490679478261,-5.007192307179796e-06,-3.315002913950593e-06
1.748633563937955e-07,3.3000000000000003,1.6500001112554321,1.649953976613498,-4.858031795659079e-06,-3.315003766601876e-06
1.7496335639379551e-07,3.3000000000000003,1.6500000989387862,1.649958412044615,-4.723251548121235e-06,-3.315002913950593e-06
1.7506335639379552e-07,3.3000000000000003,1.6500000878095649,1.649962419864765,-4.601465192401975e-06,-3.315003766601876e-06
1.7516335639379553e-07,3.3000000000000003,1.6500000777532882,1.64996604129906,-4.491420013509005e-06,-3.315002913950593e-06
1.7526335639379554e-07,3.3000000000000003,1.6500000686665175,1.6499693135981797,-4.391984068345128e-06,-3.315003766601876e-06
1.7536335639379554e-07,3.3000000000000003,1.6500000604557836,1.6499722704215425,-4.302134542049605e-06,-3.315002913950593e-06
1.7546335639379555e-07,3.3000000000000003,1.6500000530366303,1.6499749421835295,-4.22094722734599e-06,-3.315003766601876e-06
1.7556335639379556e-07,3.3000000000000003,1.6500000463327422,1.6499773563663331,-4.147587017867701e-06,-3.315002913950593e-06
1.7566335639379557e-07,3.3000000000000003,1.6500000402751627,1.649979537802643,-4.081299318208413e-06,-3.315003766601876e-06
1.7576335639379557e-07,3.3000000000000003,1.6500000348015822,1.6499815089310783,-4.02140228193676e-06,-3.315002913950593e-06
1.7586335639379558e-07,3.3000000000000003,1.650000029855699,1.649983290026998,-3.967279798110795e-06,-3.315003766601876e-06
1.759633563937956e-07,3.3000000000000003,1.6500000253866376,1.6499848994110533,-3.9183751537469505e-06,-3.315002913950593e-06
1.760633563937956e-07,3.3000000000000003,1.65000002134843,1.6499863536376382,-3.874185307504276e-06,-3.315003766601876e-06
1.761633563937956e-07,3.3000000000000003,1.6500000176995375,1.649987667665172,-3.834255715198847e-06,-3.315002913950593e-06
1.762633563937956e-07,3.3000000000000003,1.6500000144024276,1.649988855009962,-3.7981756543255418e-06,-3.315003766601876e-06
1.7636335639379562e-07,3.3000000000000003,1.6500000114231852,1.649989927885236,-3.765573999332977e-06,-3.315002913950593e-06
1.7646335639379563e-07,3.3000000000000003,1.6500000087311657,1.649990897326769,-3.736115404136021e-06,-3.315003766601876e-06
1.7656335639379563e-07,3.3000000000000003,1.6500000062986782,1.6499917733063996,-3.7094968526691592e-06,-3.315002913950593e-06
1.7666335639379564e-07,3.3000000000000003,1.6500000041007024,1.6499925648346008,-3.6854445420772785e-06,-3.315003766601876e-06
1.7676335639379565e-07,3.3000000000000003,1.6500000021146284,1.6499932800531647,-3.6637110662060656e-06,-3.315002913950593e-06
1.7686335639379566e-07,3.3000000000000003,1.650000000320028,1.64999392631895,-3.644072870916658e-06,-3.315003766601876e-06
1.7696335639379566e-07,3.3000000000000003,1.6499999986984417,1.6499945102795541,-3.6263279544266156e-06,-3.315002913950593e-06
1.7706335639379567e-07,3.3000000000000003,1.649999997233189,1.6499950379416946,-3.6102937895319547e-06,-3.315003766601876e-06
1.7716335639379568e-07,3.3000000000000003,1.6499999959091982,1.6499955147329926,-3.59580544613927e-06,-3.315002913950593e-06
1.772633563937957e-07,3.3000000000000003,1.649999994712851,1.6499959455578035,-3.5827138946853507e-06,-3.315003766601876e-06
1.773633563937957e-07,3.3000000000000003,1.6499999936318408,1.6499963348476632,-3.570884473310869e-06,-3.315002913950593e-06
1.774633563937957e-07,3.3000000000000003,1.649999992655049,1.6499966866068732,-3.560195502584579e-06,-3.315003766601876e-06
1.775633563937957e-07,3.3000000000000003,1.6499999917724277,1.6499970044536871,-3.5505370339609497e-06,-3.315002913950593e-06
1.7766335639379572e-07,3.3000000000000003,1.6499999909748981,1.6499972916575314,-3.541809718810106e-06,-3.315003766601876e-06
1.7776335639379572e-07,3.3000000000000003,1.6499999902542566,1.6499975511726324,-3.5339237864961485e-06,-3.315002913950593e-06
1.7786335639379573e-07,3.3000000000000003,1.6499999896030908,1.649997785668406,-3.5267981210026213e-06,-3.315003766601876e-06
1.7796335639379574e-07,3.3000000000000003,1.6499999890147024,1.649997997556915,-3.520359426560004e-06,-3.315002913950593e-06
1.7806335639379575e-07,3.3000000000000003,1.6499999884830396,1.6499981890176803,-3.5145414736637943e-06,-3.315003766601876e-06
1.7816335639379575e-07,3.3000000000000003,1.649999988002633,1.6499983620200993,-3.5092844178637264e-06,-3.315002913950593e-06
1.7826335639379576e-07,3.3000000000000003,1.6499999875685418,1.6499985183437043,-3.504534184208577e-06,-3.315003766601876e-06
1.7836335639379577e-07,3.3000000000000003,1.6499999871763003,1.6499986595964657,-3.500241911000033e-06,-3.315002913950593e-06
1.7846335639379578e-07,3.3000000000000003,1.6499999868218742,1.6499987872313333,-3.4963634471901874e-06,-3.315003766601876e-06
1.7856335639379578e-07,3.3000000000000003,1.649999986501617,1.649998902561181,-3.492858898251445e-06,-3.315002913950593e-06
1.786633563937958e-07,3.3000000000000003,1.6499999862122359,1.6499990067723107,-3.489692215811018e-06,-3.315003766601876e-06
1.787633563937958e-07,3.3000000000000003,1.6499999859507533,1.649999100936656,-3.486830826823064e-06,-3.315002913950593e-06
1.788633563937958e-07,3.3000000000000003,1.6499999857144791,1.6499991860228063,-3.484245298591071e-06,-3.315003766601876e-06
1.7896335639379581e-07,3.3000000000000003,1.6499999855009841,1.649999262905972,-3.4819090359194563e-06,-3.315002913950593e-06
1.7906335639379582e-07,3.3000000000000003,1.6499999853080718,1.649999332376987,-3.47979800762064e-06,-3.315003766601876e-06
1.7916335639379583e-07,3.3000000000000003,1.6499999851337577,1.6499993951504421,-3.4778904992888036e-06,-3.315002913950593e-06
1.7926335639379584e-07,3.3000000000000003,1.6499999849762488,1.649999451872035,-3.4761668899982537e-06,-3.315003766601876e-06
1.7936335639379584e-07,3.3000000000000003,1.6499999848339248,1.649999503125213,-3.474609450401016e-06,-3.315002913950593e-06
1.7946335639379585e-07,3.3000000000000003,1.6499999847053226,1.6499995494371757,-3.4732021604068344e-06,-3.315003766601876e-06
1.7956335639379586e-07,3.3000000000000003,1.6499999845891182,1.6499995912842955,-3.4719305444190763e-06,-3.315002913950593e-06
1.7966335639379587e-07,3.3000000000000003,1.6499999844841169,1.6499996290970191,-3.470781522346503e-06,-3.315003766601876e-06
1.7976335639379587e-07,3.3000000000000003,1.6499999843892388,1.6499996632642944,-3.469743275180117e-06,-3.315002913950593e-06
1.7986335639379588e-07,3.3000000000000003,1.6499999843035076,1.6499996941375716,-3.4688051233143405e-06,-3.315003766601876e-06
1.799633563937959e-07,3.3000000000000003,1.649999984226041,1.6499997220344185,-3.467957416780136e-06,-3.315002913950593e-06
1.8000000000000002e-07,3.299999999999973,1.6499999841996558,1.6499997315622925,-3.4676683325105116e-06,-3.3150036529150384e-06
1.8000018657442485e-07,3.2996921521990483,1.649999984199079,1.6499997316098953,-3.4677269173467575e-06,0.007421685305359915
1.8000055972327449e-07,3.299076456597111,1.6499999841988486,1.649999731705083,-3.467724025886359e-06,0.007421685926033206
1.8000130602097375e-07,3.2978450653933247,1.6499999841980642,1.6499997318953499,-3.4676600423317425e-06,0.0074216871598764556
1.8000279861637228e-07,3.2953822829857513,1.6499999841972037,1.6499997322754523,-3.4676776015517655e-06,0.007421689636998963
1.8000578380716934e-07,3.2904567181706046,1.6499999841959563,1.649999733033937,-3.467610888936826e-06,0.007421694581751126
1.8001175418876345e-07,3.2806055885403116,1.649999984191336,1.649999734544049,-3.467579542002062e-06,0.00742170448086199
1.8002369495195172e-07,3.2609033292797256,1.6499999841827488,1.6499997375370368,-3.4674740566641998e-06,0.007421724269477181
1.800475764783282e-07,3.221498810758466,1.6499999841666948,1.6499997434157117,-3.4673209094922415e-06,0.007421763856484631
1.800953395310812e-07,3.142689773716034,1.6499999841352115,1.6499997547565335,-3.466963546015087e-06,0.007421843020495089
1.801908656365872e-07,2.9850716996311704,1.649999984076564,1.649999775868146,-3.466322001222778e-06,0.0074220013584636035
1.802908656365872e-07,2.820071699631158,1.6499999840209267,1.6499997958855117,-3.465713289056457e-06,0.007422167105403332
1.8039086563658722e-07,2.6550716996311454,1.6499999839707722,1.6499998139730445,-3.465163662136872e-06,0.007422332858823211
1.8049086563658723e-07,2.490071699631133,1.6499999839253257,1.6499998303167953,-3.4646670197559574e-06,0.007422498605649253
1.8059086563658723e-07,2.325071699631121,1.6499999838843697,1.6499998450848774,-3.4642182609655197e-06,0.0074226643591259744
1.8069086563658724e-07,2.160071699631108,1.649999983847269,1.649999858429199,-3.4638127632871387e-06,0.0074228301060372814
1.8079086563658725e-07,1.995071699631096,1.6499999838138242,1.6499998704870216,-3.4634463612201817e-06,0.007422995859428738
1.8089086563658726e-07,1.8300716996310835,1.6499999837835366,1.6499998813823735,-3.4631152811998652e-06,0.007423161606340045
1.8099086563658726e-07,1.6650716996310713,1.6499999837562263,1.6499998912273264,-3.462816121680543e-06,0.007423327359759924
1.8109086563658727e-07,1.5000716996310588,1.6499999837314996,1.6499999001231476,-0.0003662941579953337,0.007423493106642809
1.8119086563658728e-07,1.3350716996310463,1.6499999837091992,1.6499999081613406,-0.0019700620016416754,0.007423658860119531
1.8129086563658729e-07,1.1700716996310336,1.6499999836890125,1.6499999154245877,-0.0048538298688152485,0.007423824607016627
1.813908656365873e-07,1.0050716996310216,1.6499999836708028,1.6499999219876,-0.009017597757276351,0.007423990360408084
1.814908656365873e-07,0.8400716996310091,1.6499999836543224,1.6499999279178854,-0.014461365664971793,0.0074241561073336015
1.8152038443112113e-07,0.7913656886501981,1.6499999836497856,1.6499999295552976,-0.013785037682236661,0.007424205038020659
1.815505306802886e-07,0.7416243775238542,1.6499999836452826,1.6499999311777445,-0.012052583572133202,0.007424255002234759
1.8156663039447985e-07,0.7150598491083056,1.6499999836431796,1.6499999320240903,-0.011175011153141852,0.00742428169081677
1.8158664729411577e-07,0.6820319647089974,1.6499999836398092,1.6499999330573016,-0.010130186863121548,0.007424314865588144
1.816266810933876e-07,0.6159761959104677,1.649999983634724,1.6499999350621268,-0.00819439795847474,0.007424381224907961
1.8170674869193127e-07,0.4838646583134083,1.6499999836237185,1.6499999388373916,-0.004938258939589567,0.007424513933855792
1.8180674869193128e-07,0.3188646583133963,1.6499999836123178,1.6499999431432208,-0.002023954125436751,0.007424679687243696
1.819067486919313e-07,0.1538646583133838,1.6499999836010164,1.6499999470339373,-0.0003896493243413476,0.007424845434183425
1.8200000000000002e-07,0.0,1.6499999835922872,1.649999950322995,-3.4610208397891275e-06,0.0074250000016105894
1.8200000206505398e-07,0.0,1.649999983592531,1.6499999503230642,-3.450021406548646e-06,-6.463830644974068e-23
1.8200000619516193e-07,0.0,1.6499999835925303,1.649999950323203,-3.4500214023169143e-06,0.0
1.8200001445537782e-07,0.0,1.6499999835926011,1.6499999503234803,-3.4574719737952303e-06,0.0
1.820000309758096e-07,0.0,1.649999983591919,1.6499999503240355,-3.4611972533350685e-06,0.0
1.820000640166732e-07,0.0,1.6499999835920274,1.6499999503251457,-3.4593345734876115e-06,0.0
1.8200013009840036e-07,0.0,1.6499999835927361,1.6499999503273657,-3.460265821958677e-06,0.0
1.8200026226185466e-07,0.0,1.6499999835924348,1.6499999503318061,-3.4607313502654586e-06,0.0
1.8200052658876328e-07,0.0,1.6499999835917816,1.649999950340685,-3.4609639166727766e-06,0.0
1.8200105524258053e-07,0.0,1.649999983592921,1.649999950358437,-3.4609633648918538e-06,0.0
1.8200211255021503e-07,0.0,1.649999983591798,1.6499999503939116,-3.4609622919907013e-06,0.0
1.8200422716548403e-07,0.0,1.6499999835919692,1.6499999504647462,-3.460960134806279e-06,0.0
1.82008456396022e-07,0.0,1.64999998359189,1.6499999506059624,-3.460999479400289e-06,0.0
1.8201691485709796e-07,0.0,1.6499999835900807,1.6499999508865841,-3.4609836813099048e-06,0.0
1.8203383177924987e-07,0.0,1.6499999835890569,1.649999951440673,-3.4609959785453444e-06,0.0
1.820676656235537e-07,0.0,1.6499999835861925,1.6499999525208568,-3.4609522005000313e-06,0.0
1.8213533331216137e-07,0.0,1.6499999835800867,1.6499999545738386,-3.4608907420046767e-06,0.0
1.8223533331216137e-07,0.0,1.6499999835727606,1.6499999573625488,-3.4608064642866534e-06,0.0
1.8233533331216138e-07,0.0,1.649999983565399,1.6499999598824076,-3.4607298818377046e-06,0.0
1.824353333121614e-07,0.0,1.6499999835593875,1.6499999621593295,-3.460660702024384e-06,0.0
1.825353333121614e-07,0.0,1.6499999835534083,1.6499999642167402,-3.460598175065958e-06,0.0
1.826353333121614e-07,0.0,1.649999983548473,1.6499999660757982,-3.4605416904045925e-06,0.0
1.827353333121614e-07,0.0,1.6499999835436145,1.6499999677556298,-3.4604906391868167e-06,0.0
1.8283533331216142e-07,0.0,1.6499999835395647,1.6499999692735108,-3.4604445200776294e-06,0.0
1.8293533331216143e-07,0.0,1.649999983535615,1.649999970645057,-3.460402838372643e-06,0.0
1.8303533331216143e-07,0.0,1.649999983532294,1.6499999718843743,-3.4603651826715786e-06,0.0
1.8313533331216144e-07,0.0,1.6499999835290817,1.6499999730042125,-3.460331150826206e-06,0.0
1.8323533331216145e-07,0.0,1.6499999835263595,1.6499999740160887,-3.4603004054299957e-06,0.0
1.8333533331216146e-07,0.0,1.6499999835237458,1.6499999749304126,-3.4602726194210326e-06,0.0
1.8343533331216146e-07,0.0,1.6499999835215153,1.6499999757565877,-3.4602475162273347e-06,0.0
1.8353533331216147e-07,0.0,1.6499999835193877,1.6499999765031135,-3.4602248297692813e-06,0.0
1.8363533331216148e-07,0.0,1.6499999835175612,1.6499999771776677,-3.4602043333790446e-06,0.0
1.8373533331216149e-07,0.0,1.649999983515829,1.6499999777871897,-3.4601858105073117e-06,0.0
1.838353333121615e-07,0.0,1.6499999835143333,1.6499999783379489,-3.460169075529294e-06,0.0
1.839353333121615e-07,0.0,1.6499999835129229,1.6499999788356108,-3.4601539521037604e-06,0.0
1.840353333121615e-07,0.0,1.6499999835116983,1.6499999792852935,-3.4601402882567854e-06,0.0
1.8413533331216152e-07,0.0,1.6499999835105492,1.6499999796916234,-3.460127940399967e-06,0.0
1.8423533331216152e-07,0.0,1.6499999835095478,1.64999998005878,-3.4601167841002087e-06,0.0
1.8433533331216153e-07,0.0,1.649999983508611,1.6499999803905399,-3.4601067023848703e-06,0.0
1.8443533331216154e-07,0.0,1.6499999835077916,1.6499999806903152,-3.460097593457852e-06,0.0
1.8453533331216155e-07,0.0,1.6499999835070283,1.6499999809611894,-3.4600893619997474e-06,0.0
1.8463533331216155e-07,0.0,1.6499999835063581,1.6499999812059492,-3.4600819247385477e-06,0.0
1.8473533331216156e-07,0.0,1.6499999835057362,1.6499999814271125,-3.4600752039692277e-06,0.0
1.8483533331216157e-07,0.0,1.6499999835051877,1.649999981626954,-3.4600691315519064e-06,0.0
1.8493533331216158e-07,0.0,1.6499999835046808,1.6499999818075293,-3.4600636441937045e-06,0.0
1.8503533331216158e-07,0.0,1.6499999835042325,1.6499999819706959,-3.460058686181649e-06,0.0
1.851353333121616e-07,0.0,1.6499999835038188,1.6499999821181317,-3.460054205888756e-06,0.0
1.852353333121616e-07,0.0,1.6499999835034524,1.6499999822513536,-3.460050157755923e-06,0.0
1.853353333121616e-07,0.0,1.6499999835031154,1.6499999823717315,-3.4600464997236297e-06,0.0
1.8543533331216161e-07,0.0,1.6499999835028156,1.6499999824805043,-3.4600431945005923e-06,0.0
1.8553533331216162e-07,0.0,1.6499999835025405,1.6499999825787905,-3.4600402077945603e-06,0.0
1.855391280474987e-07,0.0,1.6499999835018397,1.649999982582323,-3.460027841602258e-06,0.0
1.8554671751817282e-07,0.0,1.6499999835033716,1.6499999825893508,-3.460020331760153e-06,0.0
1.855618964595211e-07,0.0,1.6499999835020007,1.6499999826032472,-3.46004899609736e-06,0.0
1.8559225434221762e-07,0.0,1.6499999835026953,1.6499999826304006,-3.4600372767821447e-06,0.0
1.8559377829637154e-07,0.0,1.6499999835024812,1.6499999826317422,-3.4600699768038915e-06,0.0
1.8559682620467937e-07,0.0,1.6499999835019217,1.649999982634418,-3.460040802391714e-06,0.0
1.855969792084728e-07,0.0,1.649999983502965,1.6499999826345524,-3.459749750516967e-06,0.0
1.855972852160597e-07,0.0,1.649999983502773,1.6499999826348215,-3.45974974261334e-06,0.0
1.855978972312335e-07,0.0,1.649999983502947,1.6499999826353584,-3.4599825524778042e-06,0.0
1.855991212615811e-07,0.0,1.6499999835020982,1.6499999826364298,-3.4599825258403142e-06,0.0
1.8560156932227626e-07,0.0,1.64999998350305,1.6499999826385685,-3.459982447435399e-06,0.0
1.856016922139557e-07,0.0,1.6499999835026675,1.6499999826386758,-3.46068093896005e-06,0.0
1.8560170800099015e-07,0.0,1.6499999835017884,1.6499999826386893,-3.460215285201359e-06,0.0
1.856017395750591e-07,0.0,1.649999983502175,1.6499999826387166,-3.4602152810028674e-06,0.0
1.8560174116006483e-07,0.0,1.6499999835021488,1.649999982638718,-3.3894347655276057e-06,0.0
1.8560174433007632e-07,0.0,1.6499999835016128,1.6499999826387202,-3.434138253871916e-06,0.0
1.856017506700993e-07,0.0,1.6499999835024444,1.6499999826387246,-3.449039407423785e-06,0.0
1.8560176335014525e-07,0.0,1.6499999835021786,1.6499999826387353,-3.4564899900897463e-06,0.0
1.8560176398667852e-07,0.0,1.649999983501867,1.649999982638736,-3.4192370898989984e-06,0.0
1.8560176525974508e-07,0.0,1.6499999835026666,1.649999982638737,-3.47884172743248e-06,0.0
1.856017678058782e-07,0.0,1.649999983502071,1.6499999826387388,-3.4490394103463593e-06,0.0
1.8560176796481568e-07,0.0,1.6499999835019061,1.649999982638739,-3.5384463789959703e-06,0.0
1.8560176828269066e-07,0.0,1.6499999835030943,1.6499999826387395,-3.4192370787227057e-06,0.0
1.8560176891844058e-07,0.0,1.6499999835013441,1.6499999826387397,-3.4192370944824042e-06,0.0
1.856017689978411e-07,0.0,1.6499999835027581,1.6499999826387397,-2.823190633981635e-06,0.0
1.8560176915664218e-07,0.0,1.649999983501801,1.64999998263874,-3.300027800807478e-06,0.0
1.856017694742443e-07,0.0,1.649999983502289,1.6499999826387406,-3.3000277964025755e-06,0.0
1.856017695303626e-07,0.0,1.6499999835027122,1.6499999826387404,-3.300027792588094e-06,0.0
1.8560176964259917e-07,0.0,1.649999983502303,1.6499999826387397,-3.3000277962712557e-06,0.0
1.8560176967595858e-07,0.0,1.6499999835012749,1.6499999826387395,-5.207376438351694e-06,0.0
1.8560176970048326e-07,0.0,1.2709198738568435,1.6499999779433792,-1.6500000015184924e-06,0.0
1.8560176972802064e-07,0.0,1.2709109717598923,1.6499999673989374,-3.5573486343309924e-06,0.0
1.856017697418509e-07,0.0,1.2709065008379847,1.6499999621030559,-1.6500000015184924e-06,0.0
1.856017697634944e-07,0.0,1.2708995041380708,1.6499999538151855,-5.464697267143492e-06,0.0
1.8560176980678144e-07,0.0,1.27088551085241,1.6499999372389849,-3.5573486343309924e-06,0.0
1.8560176989335552e-07,0.0,1.2708575247430343,1.6499999040847502,-2.6036743179247424e-06,0.0
1.856017700665037e-07,0.0,1.2708015543660371,1.6499998377689473,-2.36525573882318e-06,0.0
1.856017704128e-07,0.0,1.2706896209800462,1.6499997051080098,-2.007627870170836e-06,0.0
1.8560177110539264e-07,0.0,1.2704657836786653,1.6499994396688216,-1.8884185806200549e-06,0.0
1.8560177249057794e-07,0.0,1.2700182269324582,1.6499989083213036,-1.8586162582323595e-06,0.0
1.856017752609485e-07,0.0,1.2691235846585383,1.6499978437505276,-1.8139127746508166e-06,0.0
1.8560178080168965e-07,0.0,1.2673361833314858,1.6499957071126246,-1.8213633552477404e-06,0.0
1.8560179188317196e-07,0.0,1.2637689003611092,1.6499914039042545,-1.8139127746508166e-06,0.0
1.8560181404613654e-07,0.0,1.2566643078458288,1.6499826781786067,-1.8120501295015856e-06,0.0
1.8560185837206572e-07,0.0,1.2425741793796294,1.6499647528412669,-1.8111188069269701e-06,0.0
1.8560194702392406e-07,0.0,1.2148635353799322,1.6499270330842017,-1.8106531456396624e-06,0.0
1.8560209153800177e-07,0.0,1.1710023276128183,1.6498603287799105,-1.8106531456396624e-06,0.0
1.8560224800485987e-07,0.0,1.125289475302804,1.6497810404191997,-1.8101874843523547e-06,0.0
1.856024392225286e-07,0.0,1.0718271906470405,1.649674582497231,-1.809721823065047e-06,0.0
1.85602636900028e-07,0.0,1.0192160622645743,1.6495539607563297,-1.8099546537087008e-06,0.0
1.8560286583394865e-07,0.0,0.9614873464890668,1.6494015402412325,-1.8099546537087008e-06,0.0
1.8560310198438783e-07,0.0,0.9053466237755847,1.6492307726617288,-1.8099546537087008e-06,0.0
1.8560336661976083e-07,0.0,0.8462971745426073,1.6490240615564884,-1.8099546537087008e-06,0.0
1.856036394918333e-07,0.0,0.7894186625177584,1.6487950001668124,-1.8099546537087008e-06,0.0
1.8560393895652896e-07,0.0,0.7313590371087559,1.648526307191655,-1.8099546537087008e-06,0.0
1.8560424819575707e-07,0.0,0.6758548250707086,1.6482311955669746,-1.8099546537087008e-06,0.0
1.8560458296597582e-07,0.0,0.6204724907636475,1.6478930781603824,-1.8098382383868739e-06,0.0
1.8560492936607793e-07,0.0,0.5679050405869664,1.647524452468012,-1.8099546537087008e-06,0.0
1.8560530095025426e-07,0.0,0.5164158864405235,1.6471096457007788,-1.8101874843523547e-06,0.0
1.85605686308796e-07,0.0,0.46790183949717185,1.6466601673732502,-1.8099546537087008e-06,0.0
1.8560609719771275e-07,0.0,0.42113513156870624,1.6461613348368316,-1.8099546537087008e-06,0.0
1.8560652434843854e-07,0.0,0.37741580165094907,1.645623462788981,-1.8100710690305277e-06,0.0
1.8560697810036814e-07,0.0,0.33587654943872947,1.6450328143774882,-1.8099546537087008e-06,0.0
1.8560745105487135e-07,0.0,0.29737677421916825,1.6443983440399796,-1.8100710690305277e-06,0.0
1.856079524957114e-07,0.0,0.261297540633373,1.6437071075540706,-1.8099546537087008e-06,0.0
1.8560847670507598e-07,0.0,0.2281773397274372,1.6429665430137013,-1.8099546537087008e-06,0.0
1.856090322647294e-07,0.0,0.19756379598456283,1.642164239215222,-1.8098382383868739e-06,0.0
1.8560961503801326e-07,0.0,0.16976492258027157,1.6413059314726637,-1.8100710690305277e-06,0.0
1.8561023327508822e-07,0.0,0.14443708583187587,1.640379361681768,-1.8100710690305277e-06,0.0
1.8561088442807458e-07,0.0,0.12172532993720096,1.6393882919593668,-1.8098964460477873e-06,0.0
1.8561157684189318e-07,0.0,0.10135522681427699,1.6383200765514978,-1.8098964460477873e-06,0.0
1.8561230970997324e-07,0.0,0.08335880497202773,1.637176068696256,-1.8098382383868739e-06,0.0
1.8561309202048377e-07,0.0,0.06750482159655581,1.6359424460621321,-1.8099546537087008e-06,0.0
1.8561392508145056e-07,0.0,0.05374902076719296,1.6346174137815241,-1.8099546537087008e-06,0.0
1.8561481931485868e-07,0.0,0.041887058893108745,1.633184758783353,-1.8099546537087008e-06,0.0
1.8561577889169914e-07,0.0,0.03182532020219243,1.6316382356309267,-1.8099546537087008e-06,0.0
1.8561681693601845e-07,0.0,0.02337693540013391,1.6299572365077473,-1.8099546537087008e-06,0.0
1.8561794193329456e-07,0.0,0.01641871336702304,1.6281286669268227,-1.8100128613696143e-06,0.0
1.8561917195975871e-07,0.0,0.010776621153941256,1.6261239367034115,-1.8099546537087008e-06,0.0
1.8562052271892854e-07,0.0,0.006312646608957194,1.6239184109366105,-1.8099546537087008e-06,0.0
1.856220216612297e-07,0.0,0.0028643760808414725,1.6214684655602143,-1.8099837575391575e-06,0.0
1.8562369794930369e-07,0.0,0.0002904658599973218,1.618727953342812,-1.8099837575391575e-06,0.0
1.8562559816680723e-07,0.0,-0.00155836285019901,1.6156227114106023,-1.8099837575391575e-06,0.0
1.8562778040090064e-07,0.0,-0.002817097098759506,1.6120605352986903,-1.8099837575391575e-06,0.0
1.856303355947544e-07,0.0,-0.0036173262704107243,1.6078968703636327,-1.8099546537087008e-06,0.0
1.856333925104628e-07,0.0,-0.004076872378563107,1.6029278092945296,-1.8099983094543859e-06,0.0
1.8563716438967716e-07,0.0,-0.004301985775209245,1.5968163685890682,-1.8100128613696143e-06,0.0
1.8564200397055216e-07,0.0,-0.004380806993696225,1.5890082489083666,-1.8100128613696143e-06,0.0
1.8564857980997883e-07,0.0,-0.004380319414852642,1.5784595763988454,-1.8099983094543859e-06,0.0
1.8565828537472903e-07,0.0,-0.004340617519802866,1.5630179324636688,-1.8099983094543859e-06,0.0
1.856746790691227e-07,0.0,-0.004268737741453032,1.53727731030247,-1.8100201373272284e-06,0.0
1.8570746645791007e-07,0.0,-0.00412945053525021,1.4870574147879247,-1.8100092233908072e-06,0.0
1.857730412354848e-07,0.0,-0.0038638747054011353,1.3914602842896098,-1.810010132885509e-06,0.0
1.8585690564184387e-07,0.0,-0.003549111149445616,1.278076058869856,-1.8100105876328598e-06,0.0
1.8594924831145623e-07,0.0,-0.0032319058953106635,1.163872895862905,-1.810010132885509e-06,0.0
1.8603536237678863e-07,0.0,-0.0029618432437204262,1.0665960680844833,-1.8100105876328598e-06,0.0
1.8612415859953286e-07,0.0,-0.0027068621876391516,0.9747925537404245,-1.810010132885509e-06,0.0
1.8620964669544384e-07,0.0,-0.002482240620013895,0.8938867738890311,-1.810010132885509e-06,0.0
1.862980362630325e-07,0.0,-0.0022694916754206797,0.8172858584327966,-1.8100105876328598e-06,0.0
1.8638401471212414e-07,0.0,-0.0020801226638623932,0.7490799609791451,-1.8100105876328598e-06,0.0
1.8647212943131746e-07,0.0,-0.0019023742577297179,0.6850792282346776,-1.8100110423802107e-06,0.0
1.8655837150361476e-07,0.0,-0.0017431673164517234,0.627738558760332,-1.8100110423802107e-06,0.0
1.8664624015099266e-07,0.0,-0.0015946137566910175,0.5742485256391049,-1.810010132885509e-06,0.0
1.8673268547542872e-07,0.0,-0.001460858554575944,0.5260757865253722,-1.8100105876328598e-06,0.0
1.868203731184694e-07,0.0,-0.0013366114393745206,0.4813369230785835,-1.810010132885509e-06,0.0
1.8690697480478536e-07,0.0,-0.0012243009808618585,0.4408884136550757,-1.8100105876328598e-06,0.0
1.869945249668358e-07,0.0,-0.0011203312691841875,0.4034503971670001,-1.8100105876328598e-06,0.0
1.8708124567819482e-07,0.0,-0.0010260686585350843,0.3695023422489861,-1.8100105876328598e-06,0.0
1.8716869140592264e-07,0.0,-0.0009390338735211562,0.3381619102452945,-1.810010132885509e-06,0.0
1.8725550294091822e-07,0.0,-0.0008599450399348142,0.3096789643477175,-1.810009678138158e-06,0.0
1.8734286928226617e-07,0.0,-0.0007870656801518394,0.2834354638946905,-1.810010132885509e-06,0.0
1.8742975014322782e-07,0.0,-0.0007207247643485535,0.2595437953785541,-1.8100105876328598e-06,0.0
1.8751705605746395e-07,0.0,-0.0006596851893132559,0.2375635290233,-1.8100110423802107e-06,0.0
1.876039898669893e-07,0.0,-0.0006040481017642401,0.2175268611227925,-1.810010132885509e-06,0.0
1.8769124973197523e-07,0.0,-0.0005529163354377611,0.1991142337264682,-1.810009678138158e-06,0.0
1.8777822401303464e-07,0.0,-0.0005062628846461497,0.18231298161437628,-1.810010132885509e-06,0.0
1.8786544874429373e-07,0.0,-0.0004634252900228086,0.1668869943179995,-1.810010132885509e-06,0.0
1.879524539876172e-07,0.0,-0.0004243092667089845,0.152800274048913,-1.810010132885509e-06,0.0
1.8803965188112913e-07,0.0,-0.00038841697444919727,0.13987524536621393,-1.8100105876328598e-06,0.0
1.8812668083567803e-07,0.0,-0.0003556234093071724,0.12806547088482467,-1.8100105876328598e-06,0.0
1.8821385820325583e-07,0.0,-0.00032554816397288653,0.11723514526571137,-1.810010132885509e-06,0.0
1.8830090533640775e-07,0.0,-0.0002980569247044018,0.10733491159080624,-1.810009678138158e-06,0.0
1.8838806698533893e-07,0.0,-0.0002728545504763194,0.0982593091290701,-1.8100105876328598e-06,0.0
1.884751280724275e-07,0.0,-0.0002498094609132052,0.08996026642401271,-1.8100105876328598e-06,0.0
1.885622776680308e-07,0.0,-0.00022868954059333745,0.08235476815414766,-1.810010132885509e-06,0.0
1.8864934948032372e-07,0.0,-0.00020937226172095569,0.07539821222909512,-1.8100110423802107e-06,0.0
1.8873648982030096e-07,0.0,-0.0001916729139713083,0.06902448004807674,-1.810010132885509e-06,0.0
1.8882356988780932e-07,0.0,-0.00017548090148451564,0.0631934119955485,-1.8100110423802107e-06,0.0
1.8891070311005885e-07,0.0,-0.00016064776179275231,0.05785182148802664,-1.8100110423802107e-06,0.0
1.889977895412052e-07,0.0,-0.0001470756949004553,0.05296425814146803,-1.8100105876328598e-06,0.0
1.890849172813786e-07,0.0,-0.00013464437587099338,0.048487583721723,-1.8100110423802107e-06,0.0
1.8917200862585155e-07,0.0,-0.00012326853032934904,0.044390928913728825,-1.810010132885509e-06,0.0
1.8925913213691257e-07,0.0,-0.0001128499701816321,0.04063906860942677,-1.810010132885509e-06,0.0
1.893462272813257e-07,0.0,-0.00010331508125241515,0.037205381464323305,-1.8100105876328598e-06,0.0
1.894333475243513e-07,0.0,-9.458329525383284e-05,0.03406094672394056,-1.8100105876328598e-06,0.0
1.895204456128133e-07,0.0,-8.659152178436359e-05,0.031182966856816548,-1.8100105876328598e-06,0.0
1.896075633260143e-07,0.0,-7.927335634577407e-05,0.028547593331220773,-1.810010132885509e-06,0.0
1.8969466369962648e-07,0.0,-7.25750149676172e-05,0.026135403674984285,-1.8100105876328598e-06,0.0
1.8978177945085848e-07,0.0,-6.644157302179841e-05,0.023926663704050853,-1.8100110423802107e-06,0.0
1.8986888160159875e-07,0.0,-6.082736176582336e-05,0.021904889824240076,-1.810010132885509e-06,0.0
1.8995599582834618e-07,0.0,-5.5686824298666435e-05,0.02005370759552624,-1.8100105876328598e-06,0.0
1.9004309936388566e-07,0.0,-5.098129826680354e-05,0.018359167977711918,-1.810010132885509e-06,0.0
1.9013021240373807e-07,0.0,-4.667291306734864e-05,0.01680765494636299,-1.8100105876328598e-06,0.0
1.902173170205771e-07,0.0,-4.272901188240149e-05,0.015387390106048386,-1.810010132885509e-06,0.0
1.9030442913448115e-07,0.0,-3.911805869516131e-05,0.014087031982043929,-1.8100110423802107e-06,0.0
1.9039153459741838e-07,0.0,-3.581251701234963e-05,0.012896651621187256,-1.8100105876328598e-06,0.0
1.9047864598743523e-07,0.0,-3.278608983901827e-05,0.011806789589830079,-1.8100110423802107e-06,0.0
1.9056575211385953e-07,0.0,-3.001558896419579e-05,0.010809086666906265,-1.8100105876328598e-06,0.0
1.9065286293674124e-07,0.0,-2.7479062471973614e-05,0.009895644942445101,-1.810010132885509e-06,0.0
1.9073996958459617e-07,0.0,-2.515700375803251e-05,0.009059433675030783,-1.810009678138158e-06,0.0
1.9082707996217978e-07,0.0,-2.3031072563566274e-05,0.008293853338858934,-1.8100105876328598e-06,0.0
1.9091418702073717e-07,0.0,-2.108487234616651e-05,0.007592995034927593,-1.8100105876328598e-06,0.0
1.9100129704790934e-07,0.0,-1.9303070126289898e-05,0.006951340655164291,-1.810010132885509e-06,0.0
1.910884044306822e-07,0.0,-1.7671892041159934e-05,0.006363927062251985,-1.810010132885509e-06,0.0
1.911755141814915e-07,0.0,-1.6178512596508158e-05,0.005826138054677301,-1.8100105876328598e-06,0.0
1.9126262182078277e-07,0.0,-1.4811366649662472e-05,0.0053338067894182365,-1.8100105876328598e-06,0.0
1.9134973135313829e-07,0.0,-1.3559721725494869e-05,0.004883070044287552,-1.810009678138158e-06,0.0
1.9143683919584423e-07,0.0,-1.24138708603355e-05,0.00447043076119103,-1.8100110423802107e-06,0.0
1.915239485551305e-07,0.0,-1.1364830128946325e-05,0.004092654876919781,-1.810010132885509e-06,0.0
1.916110565595042e-07,0.0,-1.0404454587288142e-05,0.003746808276126271,-1.810009678138158e-06,0.0
1.9169816578136742e-07,0.0,-9.52522206376743e-06,0.003430182933589626,-1.8100110423802107e-06,0.0
1.9178527391451538e-07,0.0,-8.72029985822846e-06,0.0031403175960456583,-1.8100110423802107e-06,0.0
1.9187238302701588e-07,0.0,-7.983388442699562e-06,0.0028749442794323483,-1.8100105876328598e-06,0.0
1.9195949130277662e-07,0.0,-7.308756693426349e-06,0.0026319986357698877,-1.810010132885509e-06,0.0
1.9204660030566865e-07,0.0,-6.69112892314519e-06,0.0024095812068952696,-1.810010132885509e-06,0.0
1.9213370867518724e-07,0.0,-6.125698217204509e-06,0.002205960613300955,-1.8100105876328598e-06,0.0
1.9222081759443407e-07,0.0,-5.608045518962006e-06,0.002019545761137576,-1.810010132885509e-06,0.0
1.923079260361216e-07,0.0,-5.13413986509096e-06,0.0018488848048696933,-1.8100105876328598e-06,0.0
1.9239503489279087e-07,0.0,-4.7002792179909125e-06,0.0016926447757627985,-1.8100105876328598e-06,0.0
1.924821433889375e-07,0.0,-4.303083738004821e-06,0.0015496083788766018,-1.8100105876328598e-06,0.0
1.925692521983111e-07,0.0,-3.939451718688715e-06,0.001418658775265519,-1.810010132885509e-06,0.0
1.9265636073553817e-07,0.0,-3.606549542080459e-06,0.0012987754221932307,-1.8100105876328598e-06,0.0
1.9274346950921885e-07,0.0,-3.3017782634662517e-06,0.001189022492168615,-1.8100105876328598e-06,0.0
1.9283057807745404e-07,0.0,-3.022762385527723e-06,0.0010885444531063006,-1.810010132885509e-06,0.0
1.929176868241961e-07,0.0,-2.7673240927244003e-06,0.0009965571042827007,-1.810010132885509e-06,0.0
1.930047954158351e-07,0.0,-2.5334720534639573e-06,0.0009123432815184728,-1.810010132885509e-06,0.0
1.9309190414224408e-07,0.0,-2.3193812538529036e-06,0.0008352458137187817,-1.8100105876328598e-06,0.0
1.9317901275154838e-07,0.0,-2.123382471293921e-06,0.0007646635497615718,-1.8100105876328598e-06,0.0
1.9326612146260953e-07,0.0,-1.94394628415866e-06,0.0007000457522161601,-1.8100105876328598e-06,0.0
1.9335323008524837e-07,0.0,-1.7796735208413684e-06,0.0006408885310751765,-1.8100105876328598e-06,0.0
1.9344033878472406e-07,0.0,-1.629282439939761e-06,0.0005867303328873427,-1.810010132885509e-06,0.0
1.935274474174289e-07,0.0,-1.4916002599215623e-06,0.0005371488022741093,-1.8100105876328598e-06,0.0
1.936145561081586e-07,0.0,-1.3655527865385263e-06,0.0004917571201298002,-1.8100114971275616e-06,0.0
1.9370166474846255e-07,0.0,-1.2501570159812624e-06,0.00045020127858472545,-1.8100110423802107e-06,0.0
1.9378877343258945e-07,0.0,-1.1445126793468292e-06,0.00041215708716437366,-1.810009678138158e-06,0.0
1.9387588207863063e-07,0.0,-1.0477958526281096e-06,0.0003773278290099305,-1.8100105876328598e-06,0.0
1.9396299075777237e-07,0.0,-9.592520223226976e-07,0.0003454417992470099,-1.8100105876328598e-06,0.0
1.9405009940814532e-07,0.0,-8.781906077096242e-07,0.0003162503027253491,-1.810010132885509e-06,0.0
1.9413720808352293e-07,0.0,-8.03979246661352e-07,0.0002895256209695496,-1.8100105876328598e-06,0.0
1.942266384888257e-07,0.0,-7.343067467772937e-07,0.00026443545284188615,-1.810010132885509e-06,0.0
1.943187334135402e-07,0.0,-6.688605679654191e-07,0.00024086725128491418,-1.8100105876328598e-06,0.0
1.9441387545959794e-07,0.0,-6.073656453533999e-07,0.00021872195810290106,-1.8100105876328598e-06,0.0
1.94511894166496e-07,0.0,-5.499160230435872e-07,0.0001980334425872034,-1.810010132885509e-06,0.0
1.94611894166496e-07,0.0,-4.968997293963282e-07,0.00017894143773495118,-1.8100105876328598e-06,0.0
1.9471189416649601e-07,0.0,-4.489946274987241e-07,0.00016169005457020134,-1.8100105876328598e-06,0.0
1.9481189416649602e-07,0.0,-4.057079617579118e-07,0.00014610184246781392,-1.8100105876328598e-06,0.0
1.9491189416649603e-07,0.0,-3.66594474560073e-07,0.0001320164584595473,-1.8100105876328598e-06,0.0
1.9501189416649604e-07,0.0,-3.3125184116308075e-07,0.00011928901791941186,-1.8100105876328598e-06,0.0
1.9511189416649604e-07,0.0,-2.9931651860722916e-07,0.00010778860425601795,-1.8100105876328598e-06,0.0
1.9521189416649605e-07,0.0,-2.70460017101465e-07,9.739692228256872e-05,-1.8100105876328598e-06,0.0
1.9531189416649606e-07,0.0,-2.4438551185925505e-07,8.800708141266018e-05,-1.8100105876328598e-06,0.0
1.9541189416649607e-07,0.0,-2.2082479781689602e-07,7.952249616578537e-05,-1.8100105876328598e-06,0.0
1.9551189416649608e-07,0.0,-1.9953552408005204e-07,7.18558926728302e-05,-1.8100105876328598e-06,0.0
1.9561189416649608e-07,0.0,-1.802987068252673e-07,6.49284109624184e-05,-1.8100105876328598e-06,0.0
1.957118941664961e-07,0.0,-1.6291647187525028e-07,5.866879379397911e-05,-1.8100105876328598e-06,0.0
1.958118941664961e-07,0.0,-1.472100235323255e-07,5.3012653693817304e-05,-1.8100105876328598e-06,0.0
1.959118941664961e-07,0.0,-1.33017801869798e-07,4.7901810654728994e-05,-1.8100105876328598e-06,0.0
1.960118941664961e-07,0.0,-1.2019382396098354e-07,4.328369368668626e-05,-1.8100105876328598e-06,0.0
1.9611189416649612e-07,0.0,-1.0860617966055269e-07,3.911080006279232e-05,-1.8100105876328598e-06,0.0
1.9621189416649613e-07,0.0,-9.813567698595582e-08,3.5340206698261985e-05,-1.8100105876328598e-06,0.0
1.9631189416649614e-07,0.0,-8.867461418381129e-08,3.193312863635364e-05,-1.8100105876328598e-06,0.0
1.9641189416649614e-07,0.0,-8.012567351777306e-08,2.8854520099795526e-05,-1.8100105876328598e-06,0.0
1.9651189416649615e-07,0.0,-7.240091885359783e-08,2.6072714004028106e-05,-1.8100105876328598e-06,0.0
1.9661189416649616e-07,0.0,-6.542089231860659e-08,2.355909622425751e-05,-1.8100105876328598e-06,0.0
1.9671189416649617e-07,0.0,-5.9113795972686705e-08,2.1287811265757207e-05,-1.8100105876328598e-06,0.0
1.9681189416649617e-07,0.0,-5.341475414660452e-08,1.9235496309909435e-05,-1.8100105876328598e-06,0.0
1.9691189416649618e-07,0.0,-4.826514538235274e-08,1.738104090032541e-05,-1.8100105876328598e-06,0.0
1.970118941664962e-07,0.0,-4.361200007268816e-08,1.5705369797147242e-05,-1.8100105876328598e-06,0.0
1.971118941664962e-07,0.0,-3.940745506930864e-08,1.419124676592434e-05,-1.8100105876328598e-06,0.0
1.972118941664962e-07,0.0,-3.5608261813344175e-08,1.2823097282812259e-05,-1.8100105876328598e-06,0.0
1.973118941664962e-07,0.0,-3.217534108167937e-08,1.1586848332402666e-05,-1.8100105876328598e-06,0.0
1.9741189416649622e-07,0.0,-2.90733813459264e-08,1.046978365032416e-05,-1.8100105876328598e-06,0.0
1.9751189416649623e-07,0.0,-2.6270475266629387e-08,9.460412921609695e-06,-1.8100105876328598e-06,0.0
1.9761189416649623e-07,0.0,-2.3737791732691583e-08,8.548353589387643e-06,-1.8100105876328598e-06,0.0
1.9771189416649624e-07,0.0,-2.144927909172799e-08,7.72422405815689e-06,-1.8100105876328598e-06,0.0
1.9781189416649625e-07,0.0,-1.9381397355942614e-08,6.9795471931202815e-06,-1.8100105876328598e-06,0.0
1.9791189416649626e-07,0.0,-1.7512875914280067e-08,6.306663122951494e-06,-1.8100105876328598e-06,0.0
1.9801189416649626e-07,0.0,-1.582449486876678e-08,5.698650449072359e-06,-1.8100105876328598e-06,0.0
1.9811189416649627e-07,0.0,-1.429888722491251e-08,5.1492550509839755e-06,-1.8100105876328598e-06,0.0
1.9821189416649628e-07,0.0,-1.2920360346225865e-08,4.652825755333057e-06,-1.8100105876328598e-06,0.0
1.9831189416649629e-07,0.0,-1.1674734456584843e-08,4.204256206993205e-06,-1.8100105876328598e-06,0.0
1.984118941664963e-07,0.0,-1.0549196853425965e-08,3.7989323442385683e-06,-1.8100105876328598e-06,0.0
1.985118941664963e-07,0.0,-9.532170055446347e-09,3.432684937729625e-06,-1.8100105876328598e-06,0.0
1.986118941664963e-07,0.0,-8.613192764784752e-09,3.1017467051200354e-06,-1.8100105876328598e-06,0.0
1.9871189416649632e-07,0.0,-7.78281221758795e-09,2.8027135601574185e-06,-1.8100105876328598e-06,0.0
1.9881189416649632e-07,0.0,-7.032486987799646e-09,2.5325095976804845e-06,-1.8100105876328598e-06,0.0
1.9891189416649633e-07,0.0,-6.354499097457406e-09,2.288355454341723e-06,-1.8100105876328598e-06,0.0
1.9901189416649634e-07,0.0,-5.741874654872201e-09,2.067739719609234e-06,-1.8100105876328598e-06,0.0
1.9911189416649635e-07,0.0,-5.188312097300494e-09,1.8683931029760297e-06,-1.8100105876328598e-06,0.0
1.9921189416649635e-07,0.0,-4.68811739140091e-09,1.6882650916567621e-06,-1.8100105876328598e-06,0.0
1.9931189416649636e-07,0.0,-4.236145446890879e-09,1.5255028586686942e-06,-1.8100105876328598e-06,0.0
1.9941189416649637e-07,0.0,-3.8277472074259015e-09,1.3784322043421705e-06,-1.8100105876328598e-06,0.0
1.9951189416649638e-07,0.0,-3.4587218175508254e-09,1.2455403352215307e-06,-1.8100105876328598e-06,0.0
1.9961189416649638e-07,0.0,-3.1252734223010256e-09,1.1254603032175447e-06,-1.8100105876328598e-06,0.0
1.997118941664964e-07,0.0,-2.823972113604026e-09,1.0169569449497086e-06,-1.8100105876328598e-06,0.0
1.998118941664964e-07,0.0,-2.551718657178087e-09,9.189141766482567e-07,-1.8100105876328598e-06,0.0
1.999118941664964e-07,0.0,-2.3057126068766782e-09,8.303235139289986e-07,-1.8100105876328598e-06,0.0
2e-07,0.0,-2.108733568255728e-09,7.593882519961653e-07,-1.8100105876328598e-06,0.0
2.0000000196214308e-07,3.237536094024075e-06,-2.108729377011806e-09,7.593867427405257e-07,-1.7841104522631213e-06,-0.007424999970715843
2.0000000588642928e-07,9.712608282072225e-06,-2.10872099483164e-09,7.59383724235246e-07,-1.7841104522631213e-06,-0.007424999977220355
2.0000001373500165e-07,2.2662752745518798e-05,-2.1087042311107286e-09,7.593776872606813e-07,-1.799011613456969e-06,-0.00742500009039441
2.0000002943214643e-07,4.856304158506167e-05,-2.108670703625289e-09,7.593656134555301e-07,-1.8064621940538927e-06,-0.007424999966164907
2.0000006082643596e-07,0.00010036361935149769,-2.108603650159951e-09,7.593414664211288e-07,-1.8083248392031237e-06,-0.007425000193489819
2.0000012361501502e-07,0.00020396477479701946,-2.1084695494546958e-09,7.592931746558404e-07,-1.8092561617777392e-06,-0.007425000109752583
2.0000024919217316e-07,0.000411167085688063,-2.108201373711573e-09,7.591966003385908e-07,-1.809721823065047e-06,-0.007425000505706436
2.0000050034648945e-07,0.0008255717075575003,-2.1076651245443928e-09,7.590034885515407e-07,-1.809721823065047e-06,-0.007425000737315959
2.00001002655122e-07,0.0016543809512963748,-2.106593035381949e-09,7.586174123203817e-07,-1.8098382383868739e-06,-0.007425001754572835
2.0000200727238707e-07,0.003311999438686774,-2.104450492629534e-09,7.578458488551857e-07,-1.8098964460477873e-06,-0.007425003234266203
2.0000401650691727e-07,0.006627236413467572,-2.1001719411373863e-09,7.563050749195584e-07,-1.8099546537087008e-06,-0.007425006750038432
2.0000803497597764e-07,0.013257710363116518,-2.091640907803475e-09,7.532329151323252e-07,-1.8099983094543859e-06,-0.007425013225392352
2.0001607191409837e-07,0.026518658262327063,-2.0746825912743936e-09,7.471259576054264e-07,-1.8260332694808312e-06,-0.007425026731800788
2.0003214579033986e-07,0.053040554060748146,-2.0411767697537563e-09,7.350599822628399e-07,-1.9391794921830297e-05,-0.007425053189110464
2.0006429354282285e-07,0.10608434565767767,-1.975775465742612e-09,7.11507940089201e-07,-0.00015373713429767122,-0.007425106659255221
2.0012858904778883e-07,0.2121719288515367,-1.8511602975248297e-09,6.666320505051419e-07,-0.0008192833884095307,-0.007425213043966039
2.0022858904778884e-07,0.3771719288515491,-1.6726936662268313e-09,6.023633988236979e-07,-0.0029059111410560945,-0.007425378979320385
2.0032858904778884e-07,0.5421719288515615,-1.5114326429646288e-09,5.44290758248862e-07,-0.00627253889231838,-0.00742554454430433
2.0042858904778885e-07,0.7071719288515739,-1.3657184697598382e-09,4.918167838445137e-07,-0.010919166643589051,-0.0074257104796515705
2.0043648970029583e-07,0.7202080054880866,-1.3548327040181502e-09,4.878966477289878e-07,-0.011340839619123244,-0.007425723389772543
2.004522910053098e-07,0.7462801587611994,-1.3333204415735351e-09,4.801497423726999e-07,-0.012208155019266087,-0.007425749765729961
2.0048389361533774e-07,0.79842446530725,-1.2913125713849975e-09,4.6502204506890705e-07,-0.014038663352067715,-0.007425801961801426
2.0048804205142978e-07,0.8052693848591591,-1.2858978836900367e-09,4.630721305397329e-07,-0.014288443852393584,-0.0074258090233172425
2.0049633892361384e-07,0.8189592239628029,-1.2751364798457104e-09,4.59196779106683e-07,-0.014794613298562354,-0.007425822589738118
2.0049846053608324e-07,0.8224598845373536,-1.2723991605936841e-09,4.582110272254614e-07,-0.014925461699249354,-0.007425826292205784
2.0049996732047432e-07,0.8249460787826017,-1.2704586665411925e-09,4.57512224679492e-07,-0.015018741117984291,-0.007425828603246032
2.0050098143171442e-07,0.8266193623288017,-1.2691543221964916e-09,4.5704250968661885e-07,-0.014959973474191202,-0.007425830471220252
2.0050207279071315e-07,0.8284201046766606,-1.2677521181727516e-09,4.565375538789896e-07,-0.014892438866667135,-0.007425832092422979
2.0050273317933976e-07,0.8295097459105771,-1.266904387646594e-09,4.562322727322504e-07,-0.014851638556677926,-0.007425833375080515
2.0050368709711954e-07,0.8310837102472503,-1.2656808590050796e-09,4.5579166075052283e-07,-0.014792953841094914,-0.007425834768710615
2.005055949326791e-07,0.8342316389205093,-1.2632373449248611e-09,4.5491171275040423e-07,-0.01467584649856235,-0.0074258381180243305
2.0050941060379816e-07,0.8405274962669399,-1.258364455407636e-09,4.5315690829856447e-07,-0.014442913050515926,-0.007425844255209313
2.0051704194603631e-07,0.8531192109598884,-1.24867495877013e-09,4.496675675752539e-07,-0.01398263689239343,-0.007425857091575949
2.0053230463051264e-07,0.8783026403458728,-1.2295189365091054e-09,4.4276918151067466e-07,-0.013084447797240273,-0.00742588220214202
2.0056282999946527e-07,0.928669499117667,-1.1920818031467535e-09,4.2928747870425894e-07,-0.011377522169226495,-0.007425932985299255
2.0062388073737055e-07,1.0294032166614302,-1.1205759794088121e-09,4.0353710259412177e-07,-0.008321481435473288,-0.0074260339897165295
2.0072388073737056e-07,1.1944032166614424,-1.0125435089499883e-09,3.6463290429236205e-07,-0.004346466933782267,-0.0074261999271669765
2.0082388073737057e-07,1.3594032166614551,-9.149262311131383e-10,3.294793812959781e-07,-0.001651452432554379,-0.007426365490033504
2.0092388073737058e-07,1.5244032166614674,-8.267200381810878e-10,2.977149385622642e-07,-0.00023643793133487634,-0.007426531427512373
2.0102388073737058e-07,1.6894032166614799,-7.470176264357167e-10,2.6901284169740154e-07,-1.8100105876328598e-06,-0.007426696990393111
2.011238807373706e-07,1.8544032166614923,-6.749991634817773e-10,2.4307785611159774e-07,-1.8100105876328598e-06,-0.007426862927786715
2.012238807373706e-07,2.0194032166615044,-6.099238553110241e-10,2.196432101865022e-07,-1.8100105876328598e-06,-0.007427028490724297
2.013238807373706e-07,2.184403216661517,-5.511223263724568e-10,1.9846785121752684e-07,-1.8100105876328598e-06,-0.0074271944281179
2.0142388073737061e-07,2.3494032166615297,-4.979897342615777e-10,1.793339659052342e-07,-1.8100105876328598e-06,-0.007427359991055482
2.0152388073737062e-07,2.5144032166615418,-4.4997954821079054e-10,1.6204473989115058e-07,-1.8100105876328598e-06,-0.007427525928449086
2.0162388073737063e-07,2.6794032166615542,-4.065979273813659e-10,1.4642233329221345e-07,-1.8100105876328598e-06,-0.007427691491386668
2.0172388073737064e-07,2.8444032166615667,-3.6739864113427957e-10,1.323060514098605e-07,-1.8100105876328598e-06,-0.007427857428808693
2.0182388073737064e-07,3.0094032166615787,-3.319784790261791e-10,1.195506917973662e-07,-1.8100105876328598e-06,-0.007428022991632588
2.0192388073737065e-07,3.1744032166615916,-2.999731033199949e-10,1.0802505068308359e-07,-1.8100105876328598e-06,-0.0074281889291683
2.0199999999999998e-07,3.299999999999986,-2.7770320405479534e-10,1.0000530834554334e-07,-1.8100110423802107e-06,-0.007428314909702749
2.020003444770505e-07,3.3000000000000003,-2.7760634085866793e-10,9.997042637924877e-08,-1.8099546537087008e-06,-3.315003482384782e-06
2.0200103343115155e-07,3.3000000000000003,-2.7741268203802194e-10,9.990068678039938e-08,-1.8099546537087008e-06,-3.3150031413242687e-06
2.020024113393536e-07,3.3000000000000003,-2.770257695465061e-10,9.976135348332286e-08,-1.8100128613696143e-06,-3.3150035392282007e-06
2.0200516715575775e-07,3.3000000000000003,-2.7625356233674955e-10,9.948326947491679e-08,-1.8099837575391575e-06,-3.3150031413242687e-06
2.0201067878856604e-07,3.3000000000000003,-2.7471559649434327e-10,9.89294236926269e-08,-1.8100128613696143e-06,-3.3150035392282007e-06
2.020217020541826e-07,3.3000000000000003,-2.716652801136849e-10,9.783095660356046e-08,-1.8099983094543859e-06,-3.3150031413242687e-06
2.0204374858541572e-07,3.3000000000000003,-2.656656943185974e-10,9.567041103317343e-08,-1.810021956316632e-06,-3.3150035392282007e-06
2.0208784164788198e-07,3.3000000000000003,-2.540596746054266e-10,9.149090009084291e-08,-1.8100110423802107e-06,-3.3150031413242687e-06
2.0217602777281448e-07,3.3000000000000003,-2.3233620117074406e-10,8.366793432213438e-08,-1.8100105876328598e-06,-3.315003482384782e-06
2.022760277728145e-07,3.3000000000000003,-2.0993713653713503e-10,7.560167749607781e-08,-1.8100105876328598e-06,-3.3150031413242687e-06
2.023760277728145e-07,3.3000000000000003,-1.8969752055584484e-10,6.831307222447933e-08,-1.8100105876328598e-06,-3.3150035392282007e-06
2.024760277728145e-07,3.3000000000000003,-1.714091651366266e-10,6.172714668915957e-08,-1.8100105876328598e-06,-3.3150031413242687e-06
2.025760277728145e-07,3.3000000000000003,-1.5488395318380893e-10,5.57761569537442e-08,-1.8100105876328598e-06,-3.3150035392282007e-06
2.0267602777281452e-07,3.3000000000000003,-1.3995190359107427e-10,5.039889013815464e-08,-1.8100105876328598e-06,-3.3150031413242687e-06
2.0277602777281452e-07,3.3000000000000003,-1.2645942278820343e-10,4.554003477264079e-08,-1.8100105876328598e-06,-3.3150035392282007e-06
2.0287602777281453e-07,3.3000000000000003,-1.1426772485096949e-10,4.114961185471193e-08,-1.8100105876328598e-06,-3.3150031413242687e-06
2.0297602777281454e-07,3.3000000000000003,-1.032514039265701e-10,3.7182460756721496e-08,-1.8100105876328598e-06,-3.3150035392282007e-06
2.0307602777281455e-07,3.3000000000000003,-9.32971442872856e-11,3.359777469606493e-08,-1.8100105876328598e-06,-3.3150031413242687e-06
2.0317602777281455e-07,3.3000000000000003,-8.430255474645714e-11,3.0358680989758996e-08,-1.8100105876328598e-06,-3.3150035392282007e-06
2.0327602777281456e-07,3.3000000000000003,-7.617511544502077e-11,2.7431861775830662e-08,-1.8100105876328598e-06,-3.3150031413242687e-06
2.0337602777281457e-07,3.3000000000000003,-6.883122617715831e-11,2.4787211300192037e-08,-1.8100105876328598e-06,-3.3150035392282007e-06
2.0347602777281458e-07,3.3000000000000003,-6.219534646414073e-11,2.2397526243796587e-08,-1.8100105876328598e-06,-3.3150031413242687e-06
2.0357602777281458e-07,3.3000000000000003,-5.6199218532587105e-11,2.023822590472977e-08,-1.8100105876328598e-06,-3.3150035392282007e-06
2.036760277728146e-07,3.3000000000000003,-5.078116520330263e-11,1.8287099356979993e-08,-1.8100105876328598e-06,-3.3150031413242687e-06
2.037760277728146e-07,3.3000000000000003,-4.588545546964718e-11,1.6524076985122648e-08,-1.8100105876328598e-06,-3.3150035392282007e-06
2.038760277728146e-07,3.3000000000000003,-4.1461731238879217e-11,1.493102404488449e-08,-1.8100105876328598e-06,-3.3150031413242687e-06
2.0397602777281462e-07,3.3000000000000003,-3.746448934047571e-11,1.3491554126117741e-08,-1.8100105876328598e-06,-3.3150035392282007e-06
2.0407602777281462e-07,3.3000000000000003,-3.385261347278317e-11,1.2190860599432701e-08,-1.8100105876328598e-06,-3.3150031413242687e-06
2.0417602777281463e-07,3.3000000000000003,-3.0588951273919254e-11,1.101556431272058e-08,-1.8100105876328598e-06,-3.3150035392282007e-06
2.0427602777281464e-07,3.3000000000000003,-2.763993216624422e-11,9.953575970947441e-09,-1.8100105876328598e-06,-3.3150031413242687e-06
2.0437602777281465e-07,3.3000000000000003,-2.49752220438586e-11,8.993971783634705e-09,-1.8100105876328598e-06,-3.3150035392282007e-06
2.0447602777281465e-07,3.3000000000000003,-2.2567411250796956e-11,8.12688110091528e-09,-1.8100105876328598e-06,-3.3150031413242687e-06
2.0447982250815204e-07,3.3000000000000003,-2.2480835053874735e-11,8.095703645474385e-09,-1.8100128613696143e-06,-3.3150035392282007e-06
2.044874119788268e-07,3.3000000000000003,-2.2308677158795533e-11,8.033706869316417e-09,-1.8099983094543859e-06,-3.3150031413242687e-06
2.0450259092017634e-07,3.3000000000000003,-2.196830142987537e-11,7.91113219525077e-09,-1.8100237753060355e-06,-3.315003482384782e-06
2.0450335289713227e-07,3.3000000000000003,-2.1951352594096988e-11,7.9050286518867e-09,-1.8098382383868739e-06,-3.3150031413242687e-06
2.045048768510441e-07,3.3000000000000003,-2.1917494136145542e-11,7.892835686604975e-09,-1.8099546537087008e-06,-3.315003482384782e-06
2.0450792475886776e-07,3.3000000000000003,-2.1849933772611434e-11,7.868506133004285e-09,-1.8099546537087008e-06,-3.3150031413242687e-06
2.045080777626369e-07,3.3000000000000003,-2.1846547766671615e-11,7.867286778785943e-09,-1.8101874843523547e-06,-3.3150035392282007e-06
2.0450838377017517e-07,3.3000000000000003,-2.1839777328686006e-11,7.864848637182208e-09,-1.8099546537087008e-06,-3.3150031413242687e-06
2.0450899578525174e-07,3.3000000000000003,-2.1826242746440097e-11,7.859974620428343e-09,-1.8099546537087008e-06,-3.3150035392282007e-06
2.045102198154049e-07,3.3000000000000003,-2.1799198737218224e-11,7.850235645714346e-09,-1.8099546537087008e-06,-3.3150031413242687e-06
2.0451266787571116e-07,3.3000000000000003,-2.1745211183894326e-11,7.83079387537415e-09,-1.8099837575391575e-06,-3.3150035392282007e-06
2.0451279076737107e-07,3.3000000000000003,-2.174250455861355e-11,7.829819176883908e-09,-1.8101874843523547e-06,-3.3150031413242687e-06
2.0451280655440303e-07,3.3000000000000003,-2.174215688221026e-11,7.829693972980724e-09,-1.8101874843523547e-06,-3.3150037097584573e-06
2.0451283812846694e-07,3.3000000000000003,-2.1741461544837236e-11,7.829443571180578e-09,-1.8101874843523547e-06,-3.3150032550111064e-06
2.0451283971347242e-07,3.3000000000000003,-2.1741426638752594e-11,7.829431001320571e-09,-1.799011613456969e-06,-3.315003027637431e-06
2.045128428834834e-07,3.3000000000000003,-2.1741356830375473e-11,7.829405861661099e-09,-1.8139127746508166e-06,-3.315003027637431e-06
2.0451284922350537e-07,3.3000000000000003,-2.1741217210160775e-11,7.829355582584314e-09,-1.8064621940538927e-06,-3.315003027637431e-06
2.045128619035493e-07,3.3000000000000003,-2.1740937974518584e-11,7.829255025399392e-09,-1.8101874843523547e-06,-3.315003482384782e-06
2.045128872636372e-07,3.3000000000000003,-2.174037951412702e-11,7.82905391490407e-09,-1.8101874843523547e-06,-3.315003482384782e-06
2.0451288853670354e-07,3.3000000000000003,-2.1740351480306688e-11,7.829043819373102e-09,-1.8288139358446642e-06,-3.315003027637431e-06
2.0451289108283625e-07,3.3000000000000003,-2.174029540969048e-11,7.829023628350222e-09,-1.799011613456969e-06,-3.315003027637431e-06
2.045128961751017e-07,3.3000000000000003,-2.1740183276878505e-11,7.828983246460678e-09,-1.8139127746508166e-06,-3.315003027637431e-06
2.045128964307314e-07,3.3000000000000003,-2.1740177650238472e-11,7.828981219311323e-09,-1.8884185806200549e-06,-3.3150175795526593e-06
2.0451289694199079e-07,3.3000000000000003,-2.174016640034502e-11,7.828977165014189e-09,-1.7692092910692736e-06,-3.3149957516798167e-06
2.045128979645096e-07,3.3000000000000003,-2.1740143866685158e-11,7.828969056426212e-09,-1.8288139358446642e-06,-3.315010303595045e-06
2.0451290000954726e-07,3.3000000000000003,-2.1740098836615967e-11,7.828952839275454e-09,-1.799011613456969e-06,-3.3150048466268345e-06
2.0451290015193355e-07,3.3000000000000003,-2.1740095652693894e-11,7.828951710153167e-09,-2.1268371597216174e-06,-3.3150175795526593e-06
2.0451290043670616e-07,3.3000000000000003,-2.1740089481301722e-11,7.828949451909083e-09,-2.1268371597216174e-06,-3.315003027637431e-06
2.0451290048982754e-07,3.3000000000000003,-2.1740088172782497e-11,7.828949030657092e-09,-2.6036743179247424e-06,-3.3150175795526593e-06
2.045129005960703e-07,3.3000000000000003,-2.174008593509982e-11,7.828948188153182e-09,-2.1268371597216174e-06,-3.3150175795526593e-06
2.0451290080855582e-07,3.3000000000000003,-2.1740081215862803e-11,7.828946503145638e-09,-2.1268371597216174e-06,-3.3150175795526593e-06
2.045129008544419e-07,3.3000000000000003,-2.174008026931798e-11,7.828946139269666e-09,-2.6036743179247424e-06,-3.3150175795526593e-06
2.0451290094621405e-07,3.3000000000000003,-2.1740078322034616e-11,7.828945411517773e-09,-2.1268371597216174e-06,-3.314959371891746e-06
2.0451290097636946e-07,3.3000000000000003,-2.174007774415263e-11,7.828945172385916e-09,-1.6500000015184924e-06,-3.3151339948744862e-06
2.045129009990834e-07,3.3000000000000003,0.3782568674796104,1.2168185048568326e-08,-0.01146626455480381,-3.3151339948744862e-06
2.0451290102429077e-07,3.3000000000000003,0.3782650268947466,2.1799465341328825e-08,-0.011464604177386713,-3.3151339948744862e-06
2.0451290103757286e-07,3.3000000000000003,0.37826932616869374,2.6874388920742086e-08,-0.01146473430893275,-3.3149011642308324e-06
2.0451290105798757e-07,3.3000000000000003,0.3782759341741555,3.467471720461873e-08,-0.011463026973123635,-3.3151339948744862e-06
2.04512901098817e-07,3.3000000000000003,0.3782891500823373,5.027578207711306e-08,-0.011464380669965621,-3.3151339948744862e-06
2.0451290118047584e-07,3.3000000000000003,0.37831558148842886,8.147954501982407e-08,-0.011465657539681678,-3.3150175795526593e-06
2.045129013437935e-07,3.3000000000000003,0.3783684426581822,1.4389360352614759e-07,-0.011467734391996118,-3.3150175795526593e-06
2.0451290167042884e-07,3.3000000000000003,0.3784741584295392,2.687478496625352e-07,-0.011470934222469965,-3.315003027637431e-06
2.0451290232369953e-07,3.3000000000000003,0.3786855637016986,5.185608475525438e-07,-0.011477392688796814,-3.315010303595045e-06
2.045129036302409e-07,3.3000000000000003,0.37910826918610485,1.0186047787957979e-06,-0.011490276622722699,-3.315006665616238e-06
2.0451290624332364e-07,3.3000000000000003,0.3799532600885762,2.0203636873488745e-06,-0.01151583799515764,-3.3150048466268345e-06
2.0451291146948913e-07,3.3000000000000003,0.381641563021771,4.030560126582651e-06,-0.011566961815104136,-3.3150039371321327e-06
2.0451292192182008e-07,3.3000000000000003,0.3850114645100745,8.077623062715644e-06,-0.01166896077365188,-3.315003482384782e-06
2.04512942826482e-07,3.3000000000000003,0.39172453860064316,1.6278074776089142e-05,-0.011872147338435503,-3.3150032550111064e-06
2.0451298463580582e-07,3.3000000000000003,0.4050444760458055,3.3101463271845745e-05,-0.012275286258100178,-3.3150037097584573e-06
2.0451306825445347e-07,3.3000000000000003,0.43126507989632257,6.841590031184018e-05,-0.013068806562975105,-3.3150031981676875e-06
2.0451321271823558e-07,3.3000000000000003,0.4752784782332795,0.00013454387541922595,-0.014400586507585826,-3.3150035960716195e-06
2.0451335468418074e-07,3.3000000000000003,0.5169876438450722,0.0002056649359266288,-0.01566238667693629,-3.3150032550111064e-06
2.0451350883831506e-07,3.3000000000000003,0.5606095999947145,0.00028952338792029135,-0.01698176705845224,-3.315003482384782e-06
2.0451365125807355e-07,3.3000000000000003,0.5994222296026991,0.000372915867005505,-0.01815541911746311,-3.3150031413242687e-06
2.045138144222026e-07,3.3000000000000003,0.6422000110857758,0.00047516325864036045,-0.01944866013087122,-3.3150035960716195e-06
2.045139844666473e-07,3.3000000000000003,0.6849376632749178,0.0005890478170739747,-0.020740332190715742,-3.3150031413242687e-06
2.0451417850742584e-07,3.3000000000000003,0.7315088206054401,0.0007277310845845706,-0.02214742319765346,-3.315003482384782e-06
2.0451438159792925e-07,3.3000000000000003,0.7778589028882474,0.0008823832319917656,-0.023547330834207562,-3.3150031413242687e-06
2.045146086224224e-07,3.3000000000000003,0.826924385186501,0.0010661623961331188,-0.025028643631076066,-3.315003482384782e-06
2.0451484762742224e-07,3.3000000000000003,0.8756162996999293,0.0012713932287760083,-0.026497986000767176,-3.3150031981676875e-06
2.0451511179770657e-07,3.3000000000000003,0.9261123412378014,0.0015114073874338196,-0.028020945951764995,-3.3150035392282007e-06
2.0451539144923432e-07,3.3000000000000003,0.9760074818370591,0.001779594448436213,-0.029524842923891417,-3.3150031981676875e-06
2.045156983018363e-07,3.3000000000000003,1.0268364285410483,0.002089387710046714,-0.031055777423345452,-3.3150035392282007e-06
2.04516024707133e-07,3.3000000000000003,1.076734930033914,0.002435417969095777,-0.03255741747570828,-3.3150031413242687e-06
2.0451638134640197e-07,3.3000000000000003,1.1267372945391414,0.0028313605869141525,-0.03406069226738611,-3.3150035392282007e-06
2.0451676247350326e-07,3.3000000000000003,1.175404156827874,0.0032733211114071184,-0.035522101477403756,-3.3150031413242687e-06
2.0451717139633322e-07,3.3000000000000003,1.222646807878394,0.0037671285792102165,-0.036938780343798196,-3.315003482384782e-06
2.045175960696981e-07,3.3000000000000003,1.2667877596488597,0.004299336125532618,-0.03826030169894804,-3.3150031981676875e-06
2.0451804655519356e-07,3.3000000000000003,1.3086958942008549,0.004883215632341016,-0.03951259375999055,-3.3150035392282007e-06
2.0451851612286117e-07,3.3000000000000003,1.347568903395114,0.005510698167571783,-0.040671587869943786,-3.3150031981676875e-06
2.0451901388177988e-07,3.3000000000000003,1.3840209728769282,0.006194459216387882,-0.041755512572773996,-3.315003482384782e-06
2.045195343162275e-07,3.3000000000000003,1.417517107988874,0.006927382380645185,-0.04274837078983925,-3.3150031413242687e-06
2.0452008572173231e-07,3.3000000000000003,1.4484978977565248,0.007721452584078868,-0.043663150615559525,-3.315003482384782e-06
2.0452066413168973e-07,3.3000000000000003,1.4766578009506686,0.008571207809401887,-0.04449075913335183,-3.3150031413242687e-06
2.045212775488964e-07,3.3000000000000003,1.5023339424634106,0.00948852429602834,-0.045241052351004354,-3.315003482384782e-06
2.0452192355783427e-07,3.3000000000000003,1.5253823818566135,0.010469856878985634,-0.045909775431201796,-3.3150031981676875e-06
2.045226102581843e-07,3.3000000000000003,1.5460733323995515,0.011527465033219381,-0.04650474583331129,-3.315003482384782e-06
2.0452333692754222e-07,3.3000000000000003,1.5643749549392711,0.012660137290990954,-0.0470250354138089,-3.3150031981676875e-06
2.0452411229459387e-07,3.3000000000000003,1.5805159224171035,0.013881281445414825,-0.04747716741308198,-3.3150035392282007e-06
2.0452493769261217e-07,3.3000000000000003,1.5945403329658328,0.015192739779573677,-0.04786242253013907,-3.3150031413242687e-06
2.0452582324296005e-07,3.3000000000000003,1.6066510974908272,0.01661024131688815,-0.0481864728550507,-3.315003482384782e-06
2.0452677305609983e-07,3.3000000000000003,1.6169416312783194,0.01813994058541208,-0.04845196303768887,-3.3150031413242687e-06
2.0452779986658054e-07,3.3000000000000003,1.6255981651394005,0.019801816773783874,-0.048663931017639474,-3.3150035392282007e-06
2.0452891195593877e-07,3.3000000000000003,1.6327438307662867,0.021608642696924505,-0.0488257211264804,-3.3150031981676875e-06
2.0453012682768822e-07,3.3000000000000003,1.6385525999912502,0.023588085822754123,-0.04894176717824572,-3.3150035392282007e-06
2.0453145970856277e-07,3.3000000000000003,1.6431626771649714,0.025764022715190547,-0.04901553361503024,-3.3150031981676875e-06
2.0453293708291807e-07,3.3000000000000003,1.6467368717522062,0.028178527707335692,-0.04905067926910197,-3.315003482384782e-06
2.0453458704633684e-07,3.3000000000000003,1.6494170539137758,0.03087605069013741,-0.0490501564407331,-3.3150031981676875e-06
2.0453645428819992e-07,3.3000000000000003,1.6513533242632297,0.03392773366566175,-0.04901635802353338,-3.3150035392282007e-06
2.0453859423136913e-07,3.3000000000000003,1.6526815915980149,0.03742155362983734,-0.04895073654483577,-3.3150031981676875e-06
2.0454109353376056e-07,3.3000000000000003,1.6535348764270665,0.0414952898265804,-0.04885314796271319,-3.3150035392282007e-06
2.0454407376879604e-07,3.3000000000000003,1.6540324995644775,0.04634152912499476,-0.04872137219851739,-3.3150031413242687e-06
2.0454773513396321e-07,3.3000000000000003,1.654282769074539,0.05227681826873572,-0.048549099170182776,-3.3150035392282007e-06
2.0455240506121195e-07,3.3000000000000003,1.6543763094324153,0.05981607661384899,-0.04832347144591377,-3.3150031413242687e-06
2.04558696631913e-07,3.3000000000000003,1.654383244187585,0.0699176250522341,-0.04801757405397223,-3.315003482384782e-06
2.0456786307077226e-07,3.3000000000000003,1.6543474598570584,0.08452046866674888,-0.0475739792246638,-3.3150031413242687e-06
2.0458301468636715e-07,3.3000000000000003,1.6542808137415639,0.10836317820010852,-0.046849453258384514,-3.3150035392282007e-06
2.046133179175569e-07,3.3000000000000003,1.6541515660828388,0.15496743219772438,-0.0454332863995789,-3.3150031981676875e-06
2.0465956813010262e-07,3.3000000000000003,1.6539614253147266,0.22340240373540304,-0.04335373735441502,-3.3150035392282007e-06
2.0470677443166325e-07,3.3000000000000003,1.6537765024574707,0.29002318698659973,-0.041329321833756046,-3.3150031413242687e-06
2.0476269532251168e-07,3.3000000000000003,1.6535684290896557,0.3649342336951077,-0.03905298465273443,-3.315003482384782e-06
2.048190540626045e-07,3.3000000000000003,1.6533704134145844,0.4362578352847475,-0.03688566271945984,-3.3150031413242687e-06
2.048837041085754e-07,3.3000000000000003,1.65315666978832,0.5132191470899201,-0.03454702446145976,-3.3150035392282007e-06
2.0494944237992666e-07,3.3000000000000003,1.6529532729157825,0.5864746927876154,-0.03232099569622047,-3.3150031413242687e-06
2.0502281153905478e-07,3.3000000000000003,1.6527416403590731,0.6626800576660954,-0.030005328895612218,-3.315003482384782e-06
2.0509775192410646e-07,3.3000000000000003,1.652541152942115,0.734884667074183,-0.027811234852863905,-3.3150031413242687e-06
2.0517987117372976e-07,3.3000000000000003,1.652338208283108,0.8079637862508724,-0.025590566048393583,-3.3150035392282007e-06
2.0526413584111146e-07,3.3000000000000003,1.6521468143135156,0.8768918331895523,-0.023496037343694844,-3.3150031981676875e-06
2.0535351998447122e-07,3.3000000000000003,1.6519608544310496,0.9438559023432389,-0.021461187793910787,-3.3150035392282007e-06
2.054394875149339e-07,3.3000000000000003,1.65179723864074,1.002779385233628,-0.019670669488939738,-3.3150031413242687e-06
2.0552789852474868e-07,3.3000000000000003,1.6516431826085598,1.058255316671451,-0.01798491213787701,-3.3150035392282007e-06
2.056138883577713e-07,3.3000000000000003,1.6515060383719575,1.1076451308797273,-0.01648409507776841,-3.3150031413242687e-06
2.0570195408292446e-07,3.3000000000000003,1.65137742674157,1.1539587866596603,-0.015076753512933921,-3.315003482384782e-06
2.0578823660727143e-07,3.3000000000000003,1.6512620872990034,1.1954957590036848,-0.013814562131748656,-3.3150031413242687e-06
2.0587608128147592e-07,3.3000000000000003,1.6511545677946,1.2342142591056913,-0.012638015976042277,-3.3150035392282007e-06
2.059625640530725e-07,3.3000000000000003,1.6510576738649916,1.2691082966011995,-0.011577684623357468,-3.3150031413242687e-06
2.0605023049313192e-07,3.3000000000000003,1.6509677439363997,1.3014928240284742,-0.010593610067646931,-3.3150035392282007e-06
2.0613686481114228e-07,3.3000000000000003,1.650886391782226,1.3307897317009374,-0.009703359688529069,-3.3150031981676875e-06
2.062243980582814e-07,3.3000000000000003,1.6508111350079409,1.357890438651263,-0.00887984556147578,-3.3150035392282007e-06
2.063111481710065e-07,3.3000000000000003,1.6507428602161431,1.382477776858319,-0.008132705705786359,-3.3150031413242687e-06
2.0639858102288202e-07,3.3000000000000003,1.6506798588543006,1.4051652630138691,-0.007443296929665944,-3.3150035392282007e-06
2.0648541932590463e-07,3.3000000000000003,1.6506225777131283,1.4257934696233017,-0.006816463910238657,-3.3150031413242687e-06
2.065727765681612e-07,3.3000000000000003,1.650569821047301,1.444791779273817,-0.006239158817611711,-3.3150035392282007e-06
2.0665968223701378e-07,3.3000000000000003,1.6505217750676742,1.4620941563401344,-0.005713388373766957,-3.3150031413242687e-06
2.0674698267751638e-07,3.3000000000000003,1.6504775877268898,1.4780065849435122,-0.0052298545140452325,-3.3150035392282007e-06
2.068339399957421e-07,3.3000000000000003,1.6504372954171578,1.4925166707453963,-0.004788933924894789,-3.3150031413242687e-06
2.0692119793451525e-07,3.3000000000000003,1.650400279474667,1.5058466117970517,-0.004383874584548224,-3.315003482384782e-06
2.070081950770148e-07,3.3000000000000003,1.6503664942817482,1.5180133305211565,-0.004014162310874546,-3.3150031981676875e-06
2.0709542144015525e-07,3.3000000000000003,1.6503354820463427,1.5291812730247332,-0.0036748000150464747,-3.3150035392282007e-06
2.071824495525593e-07,3.3000000000000003,1.6503071560973959,1.5393819949991996,-0.0033648288370527702,-3.3150031413242687e-06
2.0726965273416285e-07,3.3000000000000003,1.6502811713978198,1.548739463175994,-0.0030804817546867492,-3.3150035392282007e-06
2.073567052452628e-07,3.3000000000000003,1.650257424464129,1.5572911830955625,-0.0028206190990213036,-3.3150031413242687e-06
2.074438917541447e-07,3.3000000000000003,1.6502356507304747,1.5651322296639925,-0.0025823517948874173,-3.3150035392282007e-06
2.0753096384031635e-07,3.3000000000000003,1.650215743811632,1.5723010805170337,-0.0023645106303722117,-3.3150031413242687e-06
2.0761813879622674e-07,3.3000000000000003,1.6501974976581328,1.5788717986986252,-0.0021648450266618254,-3.315003482384782e-06
2.077052269954564e-07,3.3000000000000003,1.6501808105767264,1.5848811214353722,-0.0019822386518390904,-3.3150031413242687e-06
2.077923944927923e-07,3.3000000000000003,1.6501655198779925,1.5903875393338995,-0.001814914133176338,-3.3150035392282007e-06
2.0787949641677687e-07,3.3000000000000003,1.6501515323352582,1.595424705509359,-0.0016618488545747697,-3.3150031413242687e-06
2.0796665982103955e-07,3.3000000000000003,1.6501387179823288,1.6000393557585757,-0.001521622642561175,-3.315003482384782e-06
2.080537739314465e-07,3.3000000000000003,1.6501269935768603,1.6042615229524726,-0.0013933228849671078,-3.3150031413242687e-06
2.0814093611627564e-07,3.3000000000000003,1.650116254270758,1.6081289181926557,-0.0012758036460146745,-3.315003482384782e-06
2.082280615825748e-07,3.3000000000000003,1.6501064270350523,1.6116678791244907,-0.0011682646008110548,-3.3150031981676875e-06
2.083152250821192e-07,3.3000000000000003,1.6500974266015491,1.6149090800255206,-0.0010697736422487529,-3.3150035392282007e-06
2.0840236167982057e-07,3.3000000000000003,1.6500891896743197,1.617875341600952,-0.0009796373157959935,-3.3150031981676875e-06
2.084895288726354e-07,3.3000000000000003,1.6500816464588646,1.6205917759132034,-0.000897092535084812,-3.3150035392282007e-06
2.085766768922161e-07,3.3000000000000003,1.6500747425681102,1.6230779868291143,-0.0008215435942151144,-3.3150031981676875e-06
2.08663850109083e-07,3.3000000000000003,1.6500684205739737,1.6253546402505648,-0.0007523625142165134,-3.315003482384782e-06
2.0875101035709662e-07,3.3000000000000003,1.6500626340372577,1.6274384719674573,-0.0006890407436758381,-3.3150031981676875e-06
2.0883819198011684e-07,3.3000000000000003,1.6500573355120982,1.629346558010545,-0.000631059387357873,-3.315003482384782e-06
2.0892536574404864e-07,3.3000000000000003,1.6500524855256216,1.6310931214242983,-0.0005779862496219208,-3.3150031413242687e-06
2.0901255833435877e-07,3.3000000000000003,1.650048044753419,1.6326923168482366,-0.0005293912084379801,-3.315003482384782e-06
2.0909974741353448e-07,3.3000000000000003,1.6500439797575335,1.6341561913801745,-0.0004849081888243234,-3.3150031413242687e-06
2.0918695380696405e-07,3.3000000000000003,1.6500402578638589,1.6354965069305745,-0.00044417977777163535,-3.3150035392282007e-06
2.0927416053324924e-07,3.3000000000000003,1.6500368508186298,1.6367234421296946,-0.00040689667512569695,-3.3150031413242687e-06
2.0936138391468187e-07,3.3000000000000003,1.650033731420859,1.6378467890233692,-0.0003727613302710864,-3.315003482384782e-06
2.0944861121805124e-07,3.3000000000000003,1.6500308758402515,1.6388751322322854,-0.000341512880167011,-3.3150031413242687e-06
2.095358553454698e-07,3.3000000000000003,1.6500282613990434,1.6398166360020185,-0.00031290323436874523,-3.315003482384782e-06
2.0962310678857408e-07,3.3000000000000003,1.6500258680301791,1.6406785288722436,-0.000286712739383149,-3.3150031413242687e-06
2.0971037595877015e-07,3.3000000000000003,1.6500236768013183,1.64146762680903,-0.0002627342785625354,-3.3150035392282007e-06
2.0979765596812306e-07,3.3000000000000003,1.6500216708322621,1.6421900104043572,-0.000240783076734514,-3.3150031413242687e-06
2.098849552685578e-07,3.3000000000000003,1.6500198343061343,1.6428513740615034,-0.00022068609963103969,-3.3150035392282007e-06
2.0997226907860724e-07,3.3000000000000003,1.6500181530344704,1.6434568285154785,-0.00020228804611535623,-3.3150031413242687e-06
2.10059604572205e-07,3.3000000000000003,1.6500166137916483,1.64401113554695,-0.0001854442185522551,-3.315003482384782e-06
2.1014695854526392e-07,3.3000000000000003,1.6500152046623071,1.644518586951118,-0.00017002420093292585,-3.3150031413242687e-06
2.1023433730169694e-07,3.3000000000000003,1.6500139145807036,1.644983166802134,-0.0001559069289924563,-3.3150035392282007e-06
2.1032173913032685e-07,3.3000000000000003,1.650012733543633,1.6454084783566996,-0.00014298290987618042,-3.3150031413242687e-06
2.104091695939829e-07,3.3000000000000003,1.6500116522912653,1.645797855320677,-0.0001311508416423712,-3.315003482384782e-06
2.1049662834981496e-07,3.3000000000000003,1.6500106624275286,1.6461543220731203,-0.00012031882154482237,-3.3150031413242687e-06
2.1058412067295191e-07,3.3000000000000003,1.65000975620034,1.6464806696282503,-0.00011040203978515091,-3.3150035392282007e-06
2.1067164719882138e-07,3.3000000000000003,1.650008926566732,1.6467794347234592,-0.00010132340989182632,-3.3150031981676875e-06
2.107592134048943e-07,3.3000000000000003,1.6500081670332365,1.647052955438487,-9.301188691655754e-05,-3.3150035392282007e-06
2.1084698800524763e-07,3.3000000000000003,1.6500074704235212,1.6473038163827356,-8.53889295957418e-05,-3.3150031413242687e-06
2.1093862517579957e-07,3.3000000000000003,1.6500068063099222,1.6475429748427444,-7.812157863799224e-05,-3.315003482384782e-06
2.110321668578204e-07,3.3000000000000003,1.6500061890961575,1.6477652438948176,-7.136744830403048e-05,-3.3150031413242687e-06
2.1112959880906476e-07,3.3000000000000003,1.6500056054685688,1.6479754180297441,-6.498084975499588e-05,-3.3150035392282007e-06
2.1122928710336685e-07,3.3000000000000003,1.6500050650741442,1.6481700231423906,-5.9067348072804956e-05,-3.3150031413242687e-06
2.1132928710336685e-07,3.3000000000000003,1.6500045751697616,1.6483464459288875,-5.370635743959595e-05,-3.3150035392282007e-06
2.1142928710336686e-07,3.3000000000000003,1.6500041324962578,1.6485058601504383,-4.886220866192475e-05,-3.3150031413242687e-06
2.1152928710336687e-07,3.3000000000000003,1.650003732499797,1.648649905568476,-4.44850744892497e-05,-3.3150035392282007e-06
2.1162928710336688e-07,3.3000000000000003,1.650003371066373,1.6487800638583425,-4.0529930997811725e-05,-3.3150031413242687e-06
2.1172928710336688e-07,3.3000000000000003,1.6500030444778584,1.6488976738500514,-3.6956094906861195e-05,-3.3150035392282007e-06
2.118292871033669e-07,3.3000000000000003,1.6500027493752187,1.6490039452997136,-3.372680514806683e-05,-3.3150031413242687e-06
2.119292871033669e-07,3.3000000000000003,1.650002482722714,1.6490999713332957,-3.0808844696965024e-05,-3.3150035392282007e-06
2.120292871033669e-07,3.3000000000000003,1.6500022417777371,1.649186739690693,-2.8172198929534426e-05,-3.3150031413242687e-06
2.1212928710336691e-07,3.3000000000000003,1.6500020240616962,1.6492651428857914,-2.578974685909651e-05,-3.3150035392282007e-06
2.1222928710336692e-07,3.3000000000000003,1.6500018273352908,1.6493359873870128,-2.3636982188838584e-05,-3.3150031413242687e-06
2.1232928710336693e-07,3.3000000000000003,1.6500016495748202,1.6494000019127864,-2.1691761215797264e-05,-3.3150035392282007e-06
2.1242928710336694e-07,3.3000000000000003,1.65000148895193,1.6494578449272663,-1.993407507427331e-05,-3.3150031413242687e-06
2.1252928710336694e-07,3.3000000000000003,1.6500013438143246,1.649510111413407,-1.8345843906522447e-05,-3.3150035392282007e-06
2.1262928710336695e-07,3.3000000000000003,1.6500012126691805,1.6495573389930558,-1.6910730902874685e-05,-3.3150031413242687e-06
2.1272928710336696e-07,3.3000000000000003,1.650001094167443,1.649600013457023,-1.5613974247856073e-05,-3.3150035392282007e-06
2.1282928710336697e-07,3.3000000000000003,1.6500009870902463,1.6496385737620063,-1.4442235286839662e-05,-3.3150031413242687e-06
2.1292928710336697e-07,3.3000000000000003,1.6500008903361227,1.6496734165457738,-1.3383461314594318e-05,-3.3150035392282007e-06
2.1302928710336698e-07,3.3000000000000003,1.6500008029098894,1.6497049002070463,-1.2426761605778005e-05,-3.3150031413242687e-06
2.13129287103367e-07,3.3000000000000003,1.6500007239122252,1.6497333485920476,-1.1562295385407168e-05,-3.3150035392282007e-06
2.13229287103367e-07,3.3000000000000003,1.6500006525305815,1.6497590543256397,-1.0781170609913303e-05,-3.3150031413242687e-06
2.13329287103367e-07,3.3000000000000003,1.6500005880306854,1.6497822818213121,-1.0075352497878957e-05,-3.3150035392282007e-06
2.13429287103367e-07,3.3000000000000003,1.650000529749105,1.6498032700009837,-9.437580886500754e-06,-3.3150031413242687e-06
2.1352928710336702e-07,3.3000000000000003,1.6500004770863248,1.6498222347525928,-8.861295549316695e-06,-3.3150035392282007e-06
2.1362928710336703e-07,3.3000000000000003,1.650000429500665,1.6498393711507569,-8.340568719181827e-06,-3.3150031413242687e-06
2.1372928710336703e-07,3.3000000000000003,1.6500003865026358,1.6498548554633428,-7.870044112104639e-06,-3.3150035392282007e-06
2.1382928710336704e-07,3.3000000000000003,1.6500003476499658,1.6498688469645888,-7.444881833363857e-06,-3.3150031413242687e-06
2.1392928710336705e-07,3.3000000000000003,1.6500003125429985,1.6498814895734248,-7.0607085920994e-06,-3.3150035392282007e-06
2.1402928710336706e-07,3.3000000000000003,1.650000280820627,1.649892913333847,-6.71357271814762e-06,-3.3150031413242687e-06
2.1412928710336706e-07,3.3000000000000003,1.650000252156542,1.649903235752572,-6.39990351341852e-06,-3.3150035392282007e-06
2.1422928710336707e-07,3.3000000000000003,1.6500002262559066,1.649912563007731,-6.116474524062379e-06,-3.3150031413242687e-06
2.1432928710336708e-07,3.3000000000000003,1.6500002028522964,1.649920991041036,-5.860370351706876e-06,-3.3150035392282007e-06
2.1442928710336709e-07,3.3000000000000003,1.6500001817049836,1.649928606544652,-5.628956666052689e-06,-3.3150031413242687e-06
2.145292871033671e-07,3.3000000000000003,1.6500001625964384,1.6499354878529275,-5.419853106912919e-06,-3.3150035392282007e-06
2.146292871033671e-07,3.3000000000000003,1.6500001453301114,1.649941705748154,-5.2309088001393275e-06,-3.3150031413242687e-06
2.147292871033671e-07,3.3000000000000003,1.6500001297283944,1.6499473241886446,-5.060180232801964e-06,-3.3150035392282007e-06
2.1482928710336712e-07,3.3000000000000003,1.650000115630809,1.649952400966622,-4.905911262258458e-06,-3.3150031413242687e-06
2.1492928710336712e-07,3.3000000000000003,1.6500001028923421,1.6499569883026757,-4.7665150519238365e-06,-3.3150035392282007e-06
2.1502928710336713e-07,3.3000000000000003,1.650000091381966,1.6499611333829145,-4.64055774905514e-06,-3.3150031413242687e-06
2.1512928710336714e-07,3.3000000000000003,1.6500000809812816,1.649964878844329,-4.5267437356437045e-06,-3.3150035392282007e-06
2.1522928710336715e-07,3.3000000000000003,1.6500000715833065,1.6499682632133643,-4.423902301696385e-06,-3.3150031413242687e-06
2.1532928710336715e-07,3.3000000000000003,1.6500000630913705,1.6499713213022082,-4.330975602917938e-06,-3.3150035392282007e-06
2.1542928710336716e-07,3.3000000000000003,1.650000055418126,1.6499740845668758,-4.2470077797144135e-06,-3.3150031413242687e-06
2.1552928710336717e-07,3.3000000000000003,1.6500000484846427,1.6499765814307712,-4.171135124946727e-06,-3.3150035392282007e-06
2.1562928710336718e-07,3.3000000000000003,1.650000042219603,1.6499788375770552,-4.102577199773192e-06,-3.3150031413242687e-06
2.1572928710336718e-07,3.3000000000000003,1.6500000365585628,1.6499808762128272,-4.0406288058663064e-06,-3.3150035392282007e-06
2.158292871033672e-07,3.3000000000000003,1.6500000314432923,1.6499827183078368,-3.9846527316532e-06,-3.3150031413242687e-06
2.159292871033672e-07,3.3000000000000003,1.6500000268211745,1.649984382810183,-3.934073197825314e-06,-3.3150035392282007e-06
2.160292871033672e-07,3.3000000000000003,1.650000022644666,1.6499858868412156,-3.888369934828266e-06,-3.3150031413242687e-06
2.1612928710336721e-07,3.3000000000000003,1.650000018870806,1.6499872458716505,-3.847072831201028e-06,-3.3150035392282007e-06
2.1622928710336722e-07,3.3000000000000003,1.6500000154607766,1.6499884738807031,-3.809757098034867e-06,-3.3150031413242687e-06
2.1632928710336723e-07,3.3000000000000003,1.650000012379501,1.6499895834998803,-3.776038899408241e-06,-3.3150035392282007e-06
2.1642928710336724e-07,3.3000000000000003,1.6500000095952847,1.6499905861429107,-3.7455714043114775e-06,-3.3150031413242687e-06
2.1652928710336724e-07,3.3000000000000003,1.6500000070794894,1.6499914921231489,-3.7180412189674743e-06,-3.3150035392282007e-06
2.1662928710336725e-07,3.3000000000000003,1.6500000048062367,1.64999231075966,-3.693165163246604e-06,-3.3150031413242687e-06
2.1672928710336726e-07,3.3000000000000003,1.6500000027521442,1.6499930504730764,-3.670687357884345e-06,-3.3150035392282007e-06
2.1682928710336727e-07,3.3000000000000003,1.650000000896082,1.6499937188722147,-3.650376592374732e-06,-3.3150031413242687e-06
2.1692928710336727e-07,3.3000000000000003,1.6499999992189593,1.6499943228323408,-3.632023946791231e-06,-3.3150035392282007e-06
2.1702928710336728e-07,3.3000000000000003,1.6499999977035245,1.6499948685658894,-3.6154406427576345e-06,-3.3150031413242687e-06
2.171292871033673e-07,3.3000000000000003,1.6499999963341898,1.6499953616863674,-3.6004561015994215e-06,-3.3150035392282007e-06
2.172292871033673e-07,3.3000000000000003,1.6499999950968696,1.6499958072660945,-3.5869161898473096e-06,-3.3150031413242687e-06
2.173292871033673e-07,3.3000000000000003,1.6499999939788375,1.6499962098883794,-3.57468163366648e-06,-3.3150035392282007e-06
2.174292871033673e-07,3.3000000000000003,1.6499999929685922,1.6499965736946618,-3.563626586360214e-06,-3.3150031413242687e-06
2.1752928710336732e-07,3.3000000000000003,1.6499999920557429,1.6499969024271146,-3.5536373338742913e-06,-3.3150035392282007e-06
2.1762928710336733e-07,3.3000000000000003,1.6499999912308994,1.6499971994671347,-3.5446111250563153e-06,-3.3150031413242687e-06
2.1772928710336733e-07,3.3000000000000003,1.6499999904855776,1.6499974678701257,-3.5364551148321145e-06,-3.3150035392282007e-06
2.1782928710336734e-07,3.3000000000000003,1.6499999898121103,1.6499977103969257,-3.529085409099877e-06,-3.3150031413242687e-06
2.1792928710336735e-07,3.3000000000000003,1.6499999892035708,1.649997929542206,-3.522426201819926e-06,-3.3150035392282007e-06
2.1802928710336736e-07,3.3000000000000003,1.6499999886536996,1.649998127560132,-3.516408995292074e-06,-3.3150031413242687e-06
2.1812928710336736e-07,3.3000000000000003,1.6499999881568401,1.6499983064875496,-3.5109718955025698e-06,-3.3150035392282007e-06
2.1822928710336737e-07,3.3000000000000003,1.6499999877078821,1.6499984681649356,-3.5060589755286266e-06,-3.3150031413242687e-06
2.1832928710336738e-07,3.3000000000000003,1.649999987302207,1.6499986142553311,-3.501619700258232e-06,-3.3150035392282007e-06
2.1842928710336739e-07,3.3000000000000003,1.6499999869356423,1.6499987462614465,-3.4976084065534594e-06,-3.3150031413242687e-06
2.185292871033674e-07,3.3000000000000003,1.6499999866044175,1.6499988655411182,-3.4939838335988904e-06,-3.3150035392282007e-06
2.186292871033674e-07,3.3000000000000003,1.6499999863051251,1.6499989733212774,-3.490708698413797e-06,-3.3150031413242687e-06
2.187292871033674e-07,3.3000000000000003,1.6499999860346872,1.6499990707105687,-3.4877493123976267e-06,-3.3150035392282007e-06
2.1882928710336742e-07,3.3000000000000003,1.6499999857903214,1.649999158710755,-3.485075234814038e-06,-3.3150031413242687e-06
2.1892928710336742e-07,3.3000000000000003,1.6499999855695144,1.6499992382270208,-3.482658959673224e-06,-3.3150035392282007e-06
2.1902928710336743e-07,3.3000000000000003,1.6499999853699954,1.649999310077284,-3.4804756327308756e-06,-3.3150031413242687e-06
2.1912928710336744e-07,3.3000000000000003,1.6499999851897111,1.6499993750006088,-3.478502795929297e-06,-3.3150035392282007e-06
2.1922928710336745e-07,3.3000000000000003,1.649999985026808,1.649999433664806,-3.4767201563494146e-06,-3.3150031413242687e-06
2.1932928710336745e-07,3.3000000000000003,1.6499999848796099,1.649999486673307,-3.4751093774439613e-06,-3.3150035392282007e-06
2.1942928710336746e-07,3.3000000000000003,1.6499999847466031,1.6499995345713652,-3.4736538904874896e-06,-3.3150031413242687e-06
2.1952928710336747e-07,3.3000000000000003,1.6499999846264188,1.6499995778516678,-3.4723387241000702e-06,-3.3150035392282007e-06
2.1962928710336748e-07,3.3000000000000003,1.6499999845178217,1.649999616959404,-3.471150350250946e-06,-3.3150031413242687e-06
2.1972928710336748e-07,3.3000000000000003,1.6499999844196938,1.6499996522968419,-3.470076545133904e-06,-3.3150035392282007e-06
2.198292871033675e-07,3.3000000000000003,1.6499999843310265,1.649999684227469,-3.4691062633960937e-06,-3.3150031413242687e-06
2.199292871033675e-07,3.3000000000000003,1.649999984250907,1.6499997130797286,-3.4682295245638064e-06,-3.3150035392282007e-06
2.1999999999999998e-07,3.3000000000000003,1.6499999841989321,1.6499997317790427,-3.467661777794178e-06,-3.3150031981676875e-06
2.200003228515865e-07,3.299467294882258,1.6499999841989155,1.6499997318613329,-3.4676028861109327e-06,0.007421685531369349
2.2000096855475957e-07,3.298401884646741,1.649999984198434,1.6499997320258595,-3.467597885846692e-06,0.00742168660212883
2.200022599611057e-07,3.2962710641756194,1.649999984196761,1.64999973235459,-3.4676461142636367e-06,0.007421688742738297
2.2000484277379795e-07,3.292009423233376,1.6499999841960922,1.6499997330107647,-3.4675970619170016e-06,0.0074216930236161716
2.2001000839918243e-07,3.2834861413489764,1.6499999841922572,1.6499997343179797,-3.467579146990278e-06,0.007421701585542451
2.2002033964995143e-07,3.266439577580178,1.649999984184553,1.6499997369119945,-3.4674930429951987e-06,0.007421718709736069
2.200410021514894e-07,3.232346450042493,1.6499999841704176,1.649999742019426,-3.467361520147075e-06,0.0074217529578390895
2.2008232715456532e-07,3.164160194967211,1.6499999841432071,1.649999751920187,-3.4670497417235164e-06,0.007421821454158817
2.201649771607172e-07,3.027787684816647,1.6499999840912372,1.6499997705283709,-3.466483834027224e-06,0.007421958446627741
2.202649771607172e-07,2.8627876848166345,1.6499999840345154,1.6499997910605348,-3.4658599122798237e-06,0.007422124196807545
2.2036497716071722e-07,2.697787684816622,1.6499999839827166,1.6499998096132351,-3.465296139533298e-06,0.007422289946987348
2.2046497716071723e-07,2.5327876848166095,1.6499999839364043,1.649999826377305,-3.464786733962664e-06,0.007422455697110308
2.2056497716071724e-07,2.367787684816597,1.6499999838941357,1.6499998415251866,-3.4643264263399253e-06,0.007422621447290112
2.2066497716071724e-07,2.2027876848165846,1.649999983856302,1.6499998552126902,-3.4639105069948556e-06,0.007422787197413072
2.2076497716071725e-07,2.037787684816572,1.6499999838218087,1.6499998675806105,-3.463534676244524e-06,0.007422952947621297
2.2086497716071726e-07,1.8727876848165599,1.6499999837909027,1.6499998787561632,-3.4631950865491504e-06,0.007423118697744258
2.2096497716071727e-07,1.7077876848165476,1.649999983762753,1.6499998888543044,-3.4628882292254593e-06,0.007423284447924061
2.2106497716071727e-07,1.5427876848165352,1.6499999837375077,1.6499998979789035,-0.00015968299798763946,0.007423450198103865
2.2116497716071728e-07,1.377787684816523,1.6499999837145336,1.6499999062238184,-0.001432078344188601,0.007423615948255247
2.212649771607173e-07,1.2127876848165102,1.6499999836939132,1.6499999136738572,-0.003984473714584858,0.00742378169843505
2.213649771607173e-07,1.0477876848164982,1.6499999836751622,1.6499999204056537,-0.007816869106754228,0.007423947448600643
2.214649771607173e-07,0.8827876848164857,1.6499999836583201,1.649999926488451,-0.012929264518684893,0.007424113198737814
2.2149449395802817e-07,0.8340849692535532,1.6499999836536419,1.6499999281678623,-0.014682946859796863,0.0074241621228878785
2.2151472753897813e-07,0.8006995606861267,1.6499999836505659,1.6499999292903762,-0.014123091957523171,0.0074241956600928916
2.2153777810144977e-07,0.7626661326078739,1.6499999836469217,1.649999930541459,-0.01277125667954331,0.007424233866473173
2.2154917109737298e-07,0.7438676893345728,1.6499999836454549,1.6499999311490963,-0.012128211674631458,0.007424252750297455
2.2156641081525348e-07,0.7154221548317481,1.649999983642678,1.649999932055346,-0.011186756933702167,0.007424281325256743
2.2160089025101448e-07,0.6585310858260995,1.6499999836380104,1.6499999338211844,-0.009417975221770975,0.00742433847487689
2.2166984912253648e-07,0.544748947814802,1.6499999836286199,1.6499999371740954,-0.006336923118356868,0.007424452774415613
2.2176984912253649e-07,0.3797489478147895,1.6499999836162205,1.6499999416402806,-0.002950303811976449,0.007424618524495941
2.218698491225365e-07,0.21474894781477705,1.6499999836050185,1.6499999456758905,-0.0008436845182585395,0.007424784274743246
2.219698491225365e-07,0.04974894781476458,1.6499999835948886,1.6499999493224353,-1.706523634293838e-05,0.007424950024823573
2.22e-07,0.0,1.6499999835919485,1.6499999503505172,-3.461020002956898e-06,0.007425000000037861
2.2200000080302837e-07,0.0,1.6499999835920443,1.649999950350544,-3.420218249965374e-06,-9.773845789187094e-24
2.220000024090851e-07,0.0,1.6499999835920445,1.6499999503505982,-3.420218248323311e-06,0.0
2.2200000562119855e-07,0.0,1.6499999835919368,1.6499999503507057,-3.450020568401787e-06,0.0
2.2200001204542547e-07,0.0,1.6499999835919652,1.64999995035092,-3.4500205615897327e-06,0.0
2.220000248938793e-07,0.0,1.6499999835924042,1.6499999503513503,-3.45747112508909e-06,0.0
2.2200005059078698e-07,0.0,1.6499999835918318,1.649999950352213,-3.459333749138463e-06,0.0
2.220001019846023e-07,0.0,1.649999983592023,1.6499999503539378,-3.4602650175656386e-06,0.0
2.2200020477223293e-07,0.0,1.6499999835929011,1.6499999503573888,-3.4607305655372065e-06,0.0
2.220004103474942e-07,0.0,1.6499999835914652,1.649999950364289,-3.4607303682598255e-06,0.0
2.2200082149801672e-07,0.0,1.6499999835923516,1.6499999503780858,-3.460962771609995e-06,0.0
2.220016437990618e-07,0.0,1.6499999835922434,1.6499999504056622,-3.4609619308306693e-06,0.0
2.2200328840115194e-07,0.0,1.6499999835916321,1.6499999504607459,-3.460960258956927e-06,0.0
2.220065776053322e-07,0.0,1.649999983591611,1.6499999505706382,-3.4610005713534525e-06,0.0
2.2201315601369277e-07,0.0,1.6499999835907495,1.6499999507893282,-3.460986648400547e-06,0.0
2.2202631283041387e-07,0.0,1.6499999835899783,1.6499999512223662,-3.461002570102725e-06,0.0
2.2205262646385608e-07,0.0,1.6499999835868544,1.649999952071354,-3.460965869858998e-06,0.0
2.2210525373074052e-07,0.0,1.6499999835830004,1.6499999537032053,-3.460917219445298e-06,0.0
2.2220525373074053e-07,0.0,1.6499999835745334,1.6499999565758556,-3.460830357190712e-06,0.0
2.2230525373074053e-07,0.0,1.6499999835677246,1.649999959171555,-3.4607514932944876e-06,0.0
2.2240525373074054e-07,0.0,1.649999983560871,1.6499999615170116,-3.4606802111576448e-06,0.0
2.2250525373074055e-07,0.0,1.6499999835552766,1.6499999636363454,-3.4606158193890285e-06,0.0
2.2260525373074056e-07,0.0,1.6499999835497103,1.64999996555136,-3.460557619976436e-06,0.0
2.2270525373074056e-07,0.0,1.6499999835451171,1.64999996728175,-3.460505044718661e-06,0.0
2.2280525373074057e-07,0.0,1.6499999835405945,1.6499999688453182,-3.460457526805572e-06,0.0
2.2290525373074058e-07,0.0,1.6499999835368255,1.6499999702581445,-3.460414599678086e-06,0.0
2.2300525373074059e-07,0.0,1.6499999835331487,1.6499999715347644,-3.4603758028015948e-06,0.0
2.231052537307406e-07,0.0,1.649999983530058,1.649999972688307,-3.4603407533159425e-06,0.0
2.232052537307406e-07,0.0,1.6499999835270676,1.6499999737306397,-3.460309076846073e-06,0.0
2.233052537307406e-07,0.0,1.6499999835245343,1.6499999746724825,-3.4602804593915326e-06,0.0
2.2340525373074062e-07,0.0,1.649999983522101,1.6499999755235246,-3.460254596492143e-06,0.0
2.2350525373074062e-07,0.0,1.6499999835200254,1.649999976292519,-3.460231230728425e-06,0.0
2.2360525373074063e-07,0.0,1.6499999835180448,1.6499999769873768,-3.4602101144164145e-06,0.0
2.2370525373074064e-07,0.0,1.6499999835163448,1.6499999776152445,-3.4601910366126166e-06,0.0
2.2380525373074065e-07,0.0,1.6499999835147319,1.6499999781825805,-3.4601737957311413e-06,0.0
2.2390525373074065e-07,0.0,1.6499999835133405,1.6499999786952204,-3.460158219016215e-06,0.0
2.2400525373074066e-07,0.0,1.649999983512027,1.6499999791584383,-3.460144142312773e-06,0.0
2.2410525373074067e-07,0.0,1.6499999835108878,1.6499999795769982,-3.460131424154783e-06,0.0
2.2420525373074068e-07,0.0,1.6499999835098176,1.6499999799552056,-3.4601199309014017e-06,0.0
2.2430525373074068e-07,0.0,1.649999983508886,1.6499999802969507,-3.4601095467493377e-06,0.0
2.244052537307407e-07,0.0,1.649999983508014,1.6499999806057488,-3.4601001628043138e-06,0.0
2.245052537307407e-07,0.0,1.6499999835072514,1.6499999808847765,-3.460091684313961e-06,0.0
2.246052537307407e-07,0.0,1.6499999835065406,1.6499999811369035,-3.460084022565263e-06,0.0
2.2470525373074071e-07,0.0,1.6499999835059171,1.6499999813647233,-3.460077100036362e-06,0.0
2.2480525373074072e-07,0.0,1.6499999835053378,1.6499999815705793,-3.4600708444198774e-06,0.0
2.2490525373074073e-07,0.0,1.6499999835048278,1.6499999817565891,-3.4600651922964853e-06,0.0
2.2500525373074074e-07,0.0,1.6499999835043555,1.6499999819246671,-3.4600600847063397e-06,0.0
2.2510525373074074e-07,0.0,1.6499999835039385,1.6499999820765407,-3.460055469854444e-06,0.0
2.2520525373074075e-07,0.0,1.6499999835035533,1.6499999822137723,-3.4600512996482273e-06,0.0
2.2530525373074076e-07,0.0,1.6499999835032124,1.6499999823377736,-3.4600475317014996e-06,0.0
2.2540525373074077e-07,0.0,1.6499999835028982,1.64999998244982,-3.4600441268401403e-06,0.0
2.2550525373074077e-07,0.0,1.6499999835026196,1.6499999825510643,-3.460041050382358e-06,0.0
2.2550904846607784e-07,0.0,1.6499999835019168,1.6499999825547036,-3.460028680929315e-06,0.0
2.2551663793675197e-07,0.0,1.6499999835034473,1.6499999825619436,-3.460021164668004e-06,0.0
2.2553181687810024e-07,0.0,1.6499999835020756,1.649999982576259,-3.4600534543059115e-06,0.0
2.2556217476079678e-07,0.0,1.6499999835027672,1.6499999826042306,-3.4600380722925812e-06,0.0
2.255636987149507e-07,0.0,1.6499999835025596,1.6499999826056126,-3.460070770993554e-06,0.0
2.2556674662325852e-07,0.0,1.6499999835019958,1.6499999826083689,-3.4600270421403914e-06,0.0
2.2557284243987418e-07,0.0,1.6499999835024004,1.6499999826138558,-3.460041438942451e-06,0.0
2.255850340731055e-07,0.0,1.6499999835025496,1.6499999826247307,-3.4600265492985863e-06,0.0
2.2558564608833617e-07,0.0,1.6499999835025996,1.649999982625273,-3.4598664602979434e-06,0.0
2.2558687011879753e-07,0.0,1.6499999835023054,1.6499999826263563,-3.4599246371389913e-06,0.0
2.2558931817972029e-07,0.0,1.649999983502255,1.6499999826285188,-3.4599827825421057e-06,0.0
2.2559421430156576e-07,0.0,1.6499999835025798,1.6499999826328298,-3.4600117513580348e-06,0.0
2.2559446008495354e-07,0.0,1.6499999835027015,1.649999982633046,-3.4599826392528683e-06,0.0
2.2559495165172908e-07,0.0,1.6499999835021792,1.6499999826334781,-3.4599826305886995e-06,0.0
2.2559593478528017e-07,0.0,1.6499999835032253,1.6499999826343403,-3.4599825918445257e-06,0.0
2.2559790105238236e-07,0.0,1.6499999835029395,1.6499999826360634,-3.4600116321603253e-06,0.0
2.2559799975821334e-07,0.0,1.649999983502959,1.64999998263615,-3.460215355608444e-06,0.0
2.2559819716987532e-07,0.0,1.6499999835029395,1.6499999826363234,-3.4599825187705893e-06,0.0
2.2559859199319926e-07,0.0,1.649999983501779,1.6499999826366696,-3.4599825188193526e-06,0.0
2.2559938163984714e-07,0.0,1.6499999835018304,1.6499999826373601,-3.4599825019038814e-06,0.0
2.2559942127979613e-07,0.0,1.64999998350202,1.6499999826373946,-3.459284007390579e-06,0.0
2.2559950055969411e-07,0.0,1.6499999835023411,1.6499999826374636,-3.4597496638329675e-06,0.0
2.255996591194901e-07,0.0,1.6499999835027792,1.649999982637602,-3.4602153166709153e-06,0.0
2.255999762390821e-07,0.0,1.6499999835029466,1.6499999826378786,-3.4599824745554284e-06,0.0
2.2560061047826603e-07,0.0,1.6499999835029442,1.6499999826384326,-3.4599242464711377e-06,0.0
2.2560064231682183e-07,0.0,1.6499999835017365,1.6499999826384604,-3.4602152948273302e-06,0.0
2.2560070599393345e-07,0.0,1.6499999835025003,1.6499999826385152,-3.460215286417869e-06,0.0
2.256007091904992e-07,0.0,1.6499999835019414,1.6499999826385179,-3.4341382592881283e-06,0.0
2.2560071558363072e-07,0.0,1.6499999835019608,1.6499999826385228,-3.44903942016599e-06,0.0
2.2560072836989376e-07,0.0,1.6499999835027852,1.6499999826385334,-3.4564899929906423e-06,0.0
2.256007290117591e-07,0.0,1.649999983501362,1.6499999826385343,-3.3596324580455524e-06,0.0
2.2560073029548978e-07,0.0,1.6499999835027976,1.649999982638536,-3.4490394122355956e-06,0.0
2.2560073286295112e-07,0.0,1.6499999835016959,1.6499999826385383,-3.4341382609116837e-06,0.0
2.256007379978738e-07,0.0,1.649999983502102,1.6499999826385425,-3.4564899989269312e-06,0.0
2.2560073825564488e-07,0.0,1.649999983502204,1.6499999826385428,-3.5384463845691583e-06,0.0
2.2560073877118704e-07,0.0,1.6499999835024655,1.6499999826385432,-3.419237092647419e-06,0.0
2.2560073980227137e-07,0.0,1.6499999835013286,1.6499999826385443,-3.478841747645659e-06,0.0
2.256007399033942e-07,0.0,1.6499999835022647,1.6499999826385445,-3.300027804881429e-06,0.0
2.2560074010563985e-07,0.0,1.6499999835025514,1.6499999826385452,-3.5384463813928216e-06,0.0
2.2560074051013114e-07,0.0,1.649999983502546,1.6499999826385459,-3.4192370918774425e-06,0.0
2.2560074057346298e-07,0.0,1.649999983502162,1.6499999826385459,-3.300027805787502e-06,0.0
2.2560074070012664e-07,0.0,1.6499999835023418,1.649999982638546,-3.3000278041657997e-06,0.0
2.2560074073556536e-07,0.0,1.6499999835019445,1.6499999826385459,-3.300027807743676e-06,0.0
2.2560074076125585e-07,0.0,1.2709196854190552,1.649999977719982,2.5734863129400765e-07,0.0
2.2560074079030571e-07,0.0,1.2709102943831985,1.6499999665963812,2.5734863129400765e-07,0.0
2.2560074080464103e-07,0.0,1.2709056601867226,1.6499999611070837,-1.6500000015184924e-06,0.0
2.2560074082696017e-07,0.0,1.2708984450851952,1.6499999525604798,-1.6500000015184924e-06,0.0
2.2560074087159843e-07,0.0,1.2708840150063327,1.649999935466785,-1.6500000015184924e-06,0.0
2.2560074096087496e-07,0.0,1.2708551553374592,1.6499999012774453,-1.6500000015184924e-06,0.0
2.2560074113942805e-07,0.0,1.2707974379573543,1.6499998328909695,-1.8884185806200549e-06,0.0
2.2560074149653423e-07,0.0,1.2706820110323158,1.6499996960868275,-1.7692092910692736e-06,0.0
2.256007422107466e-07,0.0,1.270451188523049,1.649999422353793,-1.7692092910692736e-06,0.0
2.2560074363917128e-07,0.0,1.269989668830687,1.6499988743888425,-1.8288139358446642e-06,0.0
2.2560074649602066e-07,0.0,1.2690671305284484,1.6499977764643232,-1.799011613456969e-06,0.0
2.2560075220971944e-07,0.0,1.267224056442517,1.6499955726440676,-1.8139127746508166e-06,0.0
2.2560076363711698e-07,0.0,1.2635459038634762,1.6499911331766188,-1.8064621940538927e-06,0.0
2.2560078649191206e-07,0.0,1.2562214656223256,1.6499821273959292,-1.8083248392031237e-06,0.0
2.256008322015022e-07,0.0,1.241699139175714,1.649963612123096,-1.8101874843523547e-06,0.0
2.2560092362068255e-07,0.0,1.2131534399126116,1.6499245957268687,-1.8101874843523547e-06,0.0
2.2560106814300867e-07,0.0,1.169351287339362,1.6498576426563656,-1.8106531456396624e-06,0.0
2.2560122655755796e-07,0.0,1.123145588404348,1.649777064229293,-1.8104203149960085e-06,0.0
2.2560141744384943e-07,0.0,1.0698750379786042,1.6496703966963433,-1.8101874843523547e-06,0.0
2.2560161684401054e-07,0.0,1.0169129573280815,1.6495482962536911,-1.8099546537087008e-06,0.0
2.256018455537787e-07,0.0,0.9593689171003156,1.6493955155945699,-1.8099546537087008e-06,0.0
2.2560208325043685e-07,0.0,0.9029952496000081,1.649223094947335,-1.8101874843523547e-06,0.0
2.2560234777305653e-07,0.0,0.8441226770544326,1.6490158693916186,-1.809721823065047e-06,0.0
2.2560262204971095e-07,0.0,0.7871073095908696,1.6487850100538277,-1.8099546537087008e-06,0.0
2.256029215253938e-07,0.0,0.7292146574860613,1.6485156364143534,-1.809721823065047e-06,0.0
2.256032320670908e-07,0.0,0.6736479123323587,1.6482186030192991,-1.8099546537087008e-06,0.0
2.2560356697478584e-07,0.0,0.6184234664884618,1.6478796312945716,-1.8098382383868739e-06,0.0
2.2560391461054626e-07,0.0,0.5658493362422543,1.6475089750583396,-1.8100710690305277e-06,0.0
2.2560428646011821e-07,0.0,0.5145100894061702,1.647093134051246,-1.8099546537087008e-06,0.0
2.2560467302131502e-07,0.0,0.46602971182567565,1.6466415222474013,-1.8099546537087008e-06,0.0
2.2560508430780487e-07,0.0,0.4194054855116339,1.6461414668821968,-1.8099546537087008e-06,0.0
2.2560551266209513e-07,0.0,0.3757474326163351,1.645601353248072,-1.8099546537087008e-06,0.0
2.2560596695308756e-07,0.0,0.3343431652467675,1.6450092790019066,-1.8100710690305277e-06,0.0
2.2560644114808786e-07,0.0,0.29592198639214795,1.6443724407282658,-1.8099546537087008e-06,0.0
2.2560694328598407e-07,0.0,0.2599696793606336,1.6436795512139575,-1.8099546537087008e-06,0.0
2.2560746881359976e-07,0.0,0.22693722279387124,1.642936458056551,-1.8100710690305277e-06,0.0
2.2560802525473915e-07,0.0,0.19644169137362516,1.6421322348640721,-1.8098382383868739e-06,0.0
2.2560860947345338e-07,0.0,0.16873333357698855,1.6412711825210096,-1.8098382383868739e-06,0.0
2.25609228816949e-07,0.0,0.1435136303672685,1.6403423654099423,-1.8099546537087008e-06,0.0
2.2560988160631983e-07,0.0,0.12089028867690807,1.6393482507100519,-1.8098382383868739e-06,0.0
2.2561057541278318e-07,0.0,0.10061751716022685,1.6382773647054838,-1.8098964460477873e-06,0.0
2.2561131019553785e-07,0.0,0.0827037867003727,1.6371298841860833,-1.8099546537087008e-06,0.0
2.2561209427843137e-07,0.0,0.06693556030782723,1.6358930197331245,-1.8099546537087008e-06,0.0
2.2561292965892364e-07,0.0,0.05325414336780804,1.6345638925757866,-1.8099546537087008e-06,0.0
2.256138261906163e-07,0.0,0.04146581409976529,1.633127190972531,-1.8099546537087008e-06,0.0
2.256147886859327e-07,0.0,0.031468426166956213,1.631575644344339,-1.8100128613696143e-06,0.0
2.2561582979179741e-07,0.0,0.02308126775362307,1.6298894128330728,-1.8099546537087008e-06,0.0
2.256169586229409e-07,0.0,0.01617635501948855,1.6280543859660686,-1.8099546537087008e-06,0.0
2.2561819288070262e-07,0.0,0.010583098633786129,1.626042584763997,-1.8099546537087008e-06,0.0
2.2561954894292248e-07,0.0,0.006160997397284241,1.623828281195971,-1.8100128613696143e-06,0.0
2.2562105403380934e-07,0.0,0.0027495152871557043,1.621368228387285,-1.8100128613696143e-06,0.0
2.2562273815213973e-07,0.0,0.0002062047091176519,1.618614926751164,-1.8099546537087008e-06,0.0
2.2562464794852954e-07,0.0,-0.0016171591721763645,1.6154941265340115,-1.8099837575391575e-06,0.0
2.256268428437386e-07,0.0,-0.002855849616086788,1.6119114826477468,-1.8099837575391575e-06,0.0
2.2562941457042228e-07,0.0,-0.0036407124865792096,1.607721218651959,-1.8099692056239292e-06,0.0
2.2563249468027096e-07,0.0,-0.004089333638593311,1.6027150036932631,-1.8100128613696143e-06,0.0
2.2563629988753014e-07,0.0,-0.004307250044077633,1.5965504487110658,-1.8100128613696143e-06,0.0
2.256411915952789e-07,0.0,-0.004381915955260071,1.5886597304406362,-1.8100128613696143e-06,0.0
2.2564785527086185e-07,0.0,-0.0043793518926933854,1.5779729651777061,-1.8099983094543859e-06,0.0
2.2565773095279435e-07,0.0,-0.004338513730107214,1.562266851797805,-1.8099910334967717e-06,0.0
2.2567452474805448e-07,0.0,-0.0042649608826159395,1.535915976500796,-1.8100201373272284e-06,0.0
2.2570811233857475e-07,0.0,-0.004122448815729711,1.4845364650486874,-1.8100092233908072e-06,0.0
2.2577528751961528e-07,0.0,-0.0038510700819636753,1.386848863113387,-1.810010132885509e-06,0.0
2.2585988476783456e-07,0.0,-0.00353471910605542,1.272893459620018,-1.8100110423802107e-06,0.0
2.2595196908688983e-07,0.0,-0.003219645136711282,1.1594574262557207,-1.810010132885509e-06,0.0
2.2603815053708304e-07,0.0,-0.0029504046207496876,1.0624769850262548,-1.810010132885509e-06,0.0
2.2612678560079418e-07,0.0,-0.002696849909275724,0.9711868495177222,-1.810009678138158e-06,0.0
2.2621239529480594e-07,0.0,-0.002472753588243596,0.890470445693785,-1.810009678138158e-06,0.0
2.2630068298883745e-07,0.0,-0.0022610518969750494,0.8142464746609979,-1.810009678138158e-06,0.0
2.2638675068942496e-07,0.0,-0.00207219910633452,0.7462266336455934,-1.8100105876328598e-06,0.0
2.2647478551446188e-07,0.0,-0.0018952817047995407,0.6825250280701368,-1.810010132885509e-06,0.0
2.265610946969576e-07,0.0,-0.0017365498426298192,0.6253555512930227,-1.8100105876328598e-06,0.0
2.266489034369826e-07,0.0,-0.0015886569923312425,0.5721033591804401,-1.810010132885509e-06,0.0
2.267353997618034e-07,0.0,-0.0014553259658453943,0.524083448319586,-1.810010132885509e-06,0.0
2.268230422917078e-07,0.0,-0.001331610491379722,0.4795359738828074,-1.8100105876328598e-06,0.0
2.269096825962725e-07,0.0,-0.00121967233883957,0.4392215904890084,-1.810010132885509e-06,0.0
2.269971987395678e-07,0.0,-0.0011161343192204179,0.40193898916886106,-1.8100105876328598e-06,0.0
2.2708394868994848e-07,0.0,-0.0010221944282546044,0.368107187391006,-1.810009678138158e-06,0.0
2.2717136875254102e-07,0.0,-0.0009355126959512468,0.3368938646744916,-1.8100105876328598e-06,0.0
2.2725820242007204e-07,0.0,-0.0008567011360359932,0.30851079491015776,-1.8100105876328598e-06,0.0
2.273455493871317e-07,0.0,-0.0007841121523839963,0.28237184223002204,-1.810009678138158e-06,0.0
2.274324469989507e-07,0.0,-0.0007180079455800202,0.2585654340957964,-1.810010132885509e-06,0.0
2.2751973828061287e-07,0.0,-0.0006572082516547822,0.23667153793446583,-1.8100105876328598e-06,0.0
2.2760668476749687e-07,0.0,-0.0006017722998141635,0.216707314508495,-1.810010132885509e-06,0.0
2.2769393357631256e-07,0.0,-0.0005508393774812512,0.19836628369536352,-1.810010132885509e-06,0.0
2.2778091745226783e-07,0.0,-0.000504356246371499,0.1816263749630857,-1.810010132885509e-06,0.0
2.278681338262885e-07,0.0,-0.00046168391225461923,0.16625989343720307,-1.810010132885509e-06,0.0
2.2795514633235583e-07,0.0,-0.00042271174491975016,0.15222498393846987,-1.8100105876328598e-06,0.0
2.2804233790631925e-07,0.0,-0.0003869570783586013,0.13934951147301217,-1.810010132885509e-06,0.0
2.281293723592548e-07,0.0,-0.00035428478540613483,0.12758341316664426,-1.810010132885509e-06,0.0
2.2821654494636183e-07,0.0,-0.00032432432835647696,0.1167944211654236,-1.810010132885509e-06,0.0
2.2830359624308794e-07,0.0,-0.0002969351767998143,0.10693095376939378,-1.810010132885509e-06,0.0
2.2839075427444937e-07,0.0,-0.00027182865526950684,0.09788986697455251,-1.810010132885509e-06,0.0
2.2847781851519643e-07,0.0,-0.0002488694116211171,0.08962174074272669,-1.8100105876328598e-06,0.0
2.2856496537219945e-07,0.0,-0.0002278296034033683,0.08204509043480383,-1.810009678138158e-06,0.0
2.2865203957395282e-07,0.0,-0.00020858445442175377,0.07511451101566398,-1.8100105876328598e-06,0.0
2.2873917783991242e-07,0.0,-0.00019095210838981363,0.0687649060492079,-1.810010132885509e-06,0.0
2.2882625971851491e-07,0.0,-0.0001748206644105746,0.06295565064143734,-1.810010132885509e-06,0.0
2.2891339136939824e-07,0.0,-0.00016004359037578365,0.057634249454297716,-1.8100110423802107e-06,0.0
2.290004791738187e-07,0.0,-0.00014652236041235714,0.05276499396218376,-1.8100105876328598e-06,0.0
2.290876057229288e-07,0.0,-0.00013413797426007707,0.04830522025075685,-1.810010132885509e-06,0.0
2.291746981091629e-07,0.0,-0.00012280478287411676,0.04422392634612453,-1.8100105876328598e-06,0.0
2.292618207169941e-07,0.0,-0.00011242552211594074,0.0404862179818702,-1.8100105876328598e-06,0.0
2.2934891665207422e-07,0.0,-0.00010292641231280431,0.03706541579070164,-1.810010132885509e-06,0.0
2.2943603620979644e-07,0.0,-9.422754115360376e-05,0.03393283393205091,-1.810010132885509e-06,0.0
2.295231348986768e-07,0.0,-8.626577396236605e-05,0.03106566002597048,-1.8100105876328598e-06,0.0
2.29610252091636e-07,0.0,-7.897518072515378e-05,0.028440215496557772,-1.810010132885509e-06,0.0
2.296973529214655e-07,0.0,-7.230200043721994e-05,0.026037086903656647,-1.8100105876328598e-06,0.0
2.2978446827752698e-07,0.0,-6.619165823004975e-05,0.023836665382003182,-1.8100105876328598e-06,0.0
2.2987157077513942e-07,0.0,-6.059854284612072e-05,0.021822488568301438,-1.810010132885509e-06,0.0
2.2995868470152745e-07,0.0,-5.547736001877367e-05,0.01997827615964916,-1.8100105876328598e-06,0.0
2.3004578850098565e-07,0.0,-5.078951992692415e-05,0.018290105604220026,-1.8100105876328598e-06,0.0
2.3013290131238525e-07,0.0,-4.6497352652123885e-05,0.016744432840101374,-1.810009678138158e-06,0.0
2.3022000613018076e-07,0.0,-4.2568277688327786e-05,0.015329507209056745,-1.8100110423802107e-06,0.0
2.303071180701945e-07,0.0,-3.8970914826676e-05,0.014034043131721565,-1.8100105876328598e-06,0.0
2.303942236862728e-07,0.0,-3.567780143142635e-05,0.0128481384302551,-1.8100105876328598e-06,0.0
2.3048133494382378e-07,0.0,-3.2662763189116396e-05,0.011762377702077387,-1.810010132885509e-06,0.0
2.305684411870534e-07,0.0,-2.990268010866603e-05,0.010768426416988455,-1.810010132885509e-06,0.0
2.3065555190893862e-07,0.0,-2.7375698049224392e-05,0.009858421772119812,-1.810010132885509e-06,0.0
2.307426586459694e-07,0.0,-2.5062371619376234e-05,0.009025355155877489,-1.810010132885509e-06,0.0
2.3082976894647844e-07,0.0,-2.2944439282531194e-05,0.00826265531978525,-1.8100110423802107e-06,0.0
2.3091687607318804e-07,0.0,-2.1005558381024676e-05,0.007564432829444723,-1.8100110423802107e-06,0.0
2.3100398604148243e-07,0.0,-1.9230459851260468e-05,0.006925192544014477,-1.810010132885509e-06,0.0
2.3109109347639722e-07,0.0,-1.76054166442887e-05,0.006339988226192238,-1.810009678138158e-06,0.0
2.3117820318218133e-07,0.0,-1.6117655514449713e-05,0.005804222455313491,-1.8100105876328598e-06,0.0
2.3126531086141238e-07,0.0,-1.4755651613150778e-05,0.0053137429278234845,-1.8100105876328598e-06,0.0
2.3135242035929656e-07,0.0,-1.3508715409488743e-05,0.004864701862303693,-1.8100110423802107e-06,0.0
2.314395282326338e-07,0.0,-1.236717439004866e-05,0.004453614626856611,-1.8100105876328598e-06,0.0
2.3152663756549668e-07,0.0,-1.1322080078966271e-05,0.004077259907378417,-1.810009678138158e-06,0.0
2.316137455933936e-07,0.0,-1.0365316841745553e-05,0.003732714157338245,-1.8100110423802107e-06,0.0
2.317008547949763e-07,0.0,-9.489391868789266e-06,0.0034172799135699003,-1.8100105876328598e-06,0.0
2.317879629462144e-07,0.0,-8.687497305326702e-06,0.003128504879751794,-1.8100105876328598e-06,0.0
2.318750720431277e-07,0.0,-7.9533580079186e-06,0.002864129844964163,-1.8100105876328598e-06,0.0
2.319621803324084e-07,0.0,-7.281263861018337e-06,0.0026220980333805117,-1.8100105876328598e-06,0.0
2.32049289323535e-07,0.0,-6.6659594592380135e-06,0.0024005172850192777,-1.8100105876328598e-06,0.0
2.321363977032692e-07,0.0,-6.102655621859277e-06,0.002197662611347584,-1.8100105876328598e-06,0.0
2.3222350661364362e-07,0.0,-5.5869501921652584e-06,0.0020119490005219703,-1.8100105876328598e-06,0.0
2.323106150630389e-07,0.0,-5.11482714916256e-06,0.0018419299912491563,-1.8100110423802107e-06,0.0
2.3239772391301296e-07,0.0,-4.68259855662805e-06,0.0016862776901954857,-1.810010132885509e-06,0.0
2.3248483241497526e-07,0.0,-4.286897148639537e-06,0.0015437793326949496,-1.810010132885509e-06,0.0
2.32571941219297e-07,0.0,-3.9246329976686705e-06,0.0014133223196803081,-1.810010132885509e-06,0.0
2.3265904976091234e-07,0.0,-3.5929830559656195e-06,0.0012938899164948192,-1.810010132885509e-06,0.0
2.327461585307811e-07,0.0,-3.2893582257972844e-06,0.0011845498403844918,-1.8100105876328598e-06,0.0
2.3283326710232753e-07,0.0,-3.011391889219005e-06,0.00108444975796344,-1.8100105876328598e-06,0.0
2.329203758461932e-07,0.0,-2.75691446770784e-06,0.0009928084338742189,-1.8100110423802107e-06,0.0
2.3300748444033084e-07,0.0,-2.523942084534054e-06,0.0009089113893128026,-1.810009678138158e-06,0.0
2.3309459316456936e-07,0.0,-2.310656619327823e-06,0.0008321039350161914,-1.810010132885509e-06,0.0
2.3318170177575913e-07,0.0,-2.115395105754475e-06,0.0007617871733706661,-1.8100105876328598e-06,0.0
2.3326881048518243e-07,0.0,-1.9366338934048502e-06,0.0006974124448113456,-1.8100110423802107e-06,0.0
2.3335591910924405e-07,0.0,-1.7729790593910302e-06,0.000638477749844675,-1.8100105876328598e-06,0.0
2.3344302780748373e-07,0.0,-1.6231536952473303e-06,0.0005845232751302003,-1.8100110423802107e-06,0.0
2.3353013644126228e-07,0.0,-1.4859894218274033e-06,0.0005351282509126155,-1.810009678138158e-06,0.0
2.3361724513105922e-07,0.0,-1.3604160929130908e-06,0.0004899073156337531,-1.810010132885509e-06,0.0
2.3370435377217344e-07,0.0,-1.2454543965488932e-06,0.0004485077910956148,-1.810009678138158e-06,0.0
2.3379146245559643e-07,0.0,-1.1402074549583918e-06,0.00041060670787446764,-1.8100105876328598e-06,0.0
2.3387857110224914e-07,0.0,-1.0438544397125875e-06,0.0003759084640008634,-1.810009678138158e-06,0.0
2.3396567978085958e-07,0.0,-9.556436784663296e-07,0.00034414237764381664,-1.810010132885509e-06,0.0
2.3405278843169408e-07,0.0,-8.748871858394435e-07,0.00031506068836120336,-1.810010132885509e-06,0.0
2.3413989710667072e-07,0.0,-8.009549802977557e-07,0.0002884365348962505,-1.810010132885509e-06,0.0
2.3422949619008565e-07,0.0,-7.314193272453189e-07,0.00026339564748531274,-1.8100105876328598e-06,0.0
2.3432166715392032e-07,0.0,-6.66179070632367e-07,0.00023990160175346348,-1.810009678138158e-06,0.0
2.3441697814319743e-07,0.0,-6.048269340485202e-07,0.00021780772808288338,-1.8100105876328598e-06,0.0
2.345150881106046e-07,0.0,-5.475667002285443e-07,0.00019718741434566345,-1.810010132885509e-06,0.0
2.346150881106046e-07,0.0,-4.947769000409911e-07,0.00017817697337010595,-1.8100105876328598e-06,0.0
2.347150881106046e-07,0.0,-4.4707645585375136e-07,0.0001609992906731778,-1.8100105876328598e-06,0.0
2.348150881106046e-07,0.0,-4.0397471716196e-07,0.0001454776737251311,-1.8100105876328598e-06,0.0
2.3491508811060462e-07,0.0,-3.650283285899469e-07,0.00013145246456666894,-1.8100105876328598e-06,0.0
2.3501508811060463e-07,0.0,-3.2983668415955786e-07,0.00011877939754041478,-1.8100105876328598e-06,0.0
2.3511508811060464e-07,0.0,-2.980377940435939e-07,0.00010732811535007667,-1.8100105876328598e-06,0.0
2.3521508811060464e-07,0.0,-2.6930457178849404e-07,9.698082818344276e-05,-1.8100105876328598e-06,0.0
2.3531508811060465e-07,0.0,-2.433414607038824e-07,8.76311021065496e-05,-1.8100105876328598e-06,0.0
2.3541508811060466e-07,0.0,-2.1988140152372646e-07,7.918276426638968e-05,-1.8100105876328598e-06,0.0
2.3551508811060467e-07,0.0,-1.986830787247355e-07,7.154891364076333e-05,-1.8100105876328598e-06,0.0
2.3561508811060467e-07,0.0,-1.7952844400455742e-07,6.465102715978949e-05,-1.8100105876328598e-06,0.0
2.3571508811060468e-07,0.0,-1.6222046854242564e-07,5.841815200439882e-05,-1.8100105876328598e-06,0.0
2.358150881106047e-07,0.0,-1.4658112047503478e-07,5.278617577373464e-05,-1.8100105876328598e-06,0.0
2.359150881106047e-07,0.0,-1.3244953008994888e-07,4.769716701421377e-05,-1.8100105876328598e-06,0.0
2.360150881106047e-07,0.0,-1.196803381158454e-07,4.3098779326875636e-05,-1.8100105876328598e-06,0.0
2.361150881106047e-07,0.0,-1.0814219795165348e-07,3.894371292351897e-05,-1.8100105876328598e-06,0.0
2.3621508811060472e-07,0.0,-9.77164268167712e-08,3.518922809314366e-05,-1.8100105876328598e-06,0.0
2.3631508811060473e-07,0.0,-8.829578307901682e-08,3.1796705574096394e-05,-1.8100105876328598e-06,0.0
2.3641508811060473e-07,0.0,-7.978336475497389e-08,2.8731249309864338e-05,-1.8100105876328598e-06,0.0
2.3651508811060474e-07,0.0,-7.20916113890912e-08,2.5961327502370452e-05,-1.8100105876328598e-06,0.0
2.3661508811060475e-07,0.0,-6.514140456235634e-08,2.3458448270606393e-05,-1.8100105876328598e-06,0.0
2.3671508811060476e-07,0.0,-5.886125306797718e-08,2.1196866578354317e-05,-1.8100105876328598e-06,0.0
2.3681508811060476e-07,0.0,-5.318655839358439e-08,1.915331941642306e-05,-1.8100105876328598e-06,0.0
2.3691508811060477e-07,0.0,-4.80589495221182e-08,1.73067865154249e-05,-1.8100105876328598e-06,0.0
2.3701508811060478e-07,0.0,-4.3425683139186746e-08,1.56382741277561e-05,-1.8100105876328598e-06,0.0
2.3711508811060479e-07,0.0,-3.923910057594102e-08,1.413061965471633e-05,-1.8100105876328598e-06,0.0
2.372150881106048e-07,0.0,-3.54561380369285e-08,1.2768315109137221e-05,-1.8100105876328598e-06,0.0
2.373150881106048e-07,0.0,-3.203788325199795e-08,1.1537347597619755e-05,-1.8100105876328598e-06,0.0
2.374150881106048e-07,0.0,-2.8949175548228697e-08,1.0425055181560153e-05,-1.8100105876328598e-06,0.0
2.3751508811060482e-07,0.0,-2.6158243899573064e-08,9.419996634321304e-06,-1.8100105876328598e-06,0.0
2.3761508811060482e-07,0.0,-2.363638036527989e-08,8.511833754854603e-06,-1.8100105876328598e-06,0.0
2.3771508811060483e-07,0.0,-2.135764458985804e-08,7.691225027226514e-06,-1.8100105876328598e-06,0.0
2.3781508811060484e-07,0.0,-1.9298597151514124e-08,6.949729532217171e-06,-1.8100105876328598e-06,0.0
2.3791508811060485e-07,0.0,-1.743805831067191e-08,6.279720122606763e-06,-1.8100105876328598e-06,0.0
2.3801508811060485e-07,0.0,-1.5756890279376607e-08,5.674304969058515e-06,-1.8100105876328598e-06,0.0
2.3811508811060486e-07,0.0,-1.4237800257716472e-08,5.1272566696039915e-06,-1.8100105876328598e-06,0.0
2.3821508811060487e-07,0.0,-1.286516265030045e-08,4.632948193540725e-06,-1.8100105876328598e-06,0.0
2.3831508811060488e-07,0.0,-1.1624858259256183e-08,4.18629500084885e-06,-1.8100105876328598e-06,0.0
2.3841508811060488e-07,0.0,-1.0504129119667598e-08,3.782702741758629e-06,-1.8100105876328598e-06,0.0
2.385150881106049e-07,0.0,-9.491447211047496e-09,3.4180199984967082e-06,-1.8100105876328598e-06,0.0
2.386150881106049e-07,0.0,-8.576395927669331e-09,3.0884955831057414e-06,-1.8100105876328598e-06,0.0
2.387150881106049e-07,0.0,-7.749562889356251e-09,2.790739952094756e-06,-1.8100105876328598e-06,0.0
2.388150881106049e-07,0.0,-7.002443160235691e-09,2.521690341025568e-06,-1.8100105876328598e-06,0.0
2.389150881106049e-07,0.0,-6.327351734738499e-09,2.2785792604031587e-06,-1.8100105876328598e-06,0.0
2.3901508811060493e-07,0.0,-5.717344514635765e-09,2.0589060288139438e-06,-1.8100105876328598e-06,0.0
2.3911508811060494e-07,0.0,-5.166146858428508e-09,1.8604110504965911e-06,-1.8100105876328598e-06,0.0
2.3921508811060494e-07,0.0,-4.6680890585014996e-09,1.681052572760528e-06,-1.8100105876328598e-06,0.0
2.3931508811060495e-07,0.0,-4.218048005185966e-09,1.5189856841747233e-06,-1.8100105876328598e-06,0.0
2.3941508811060496e-07,0.0,-3.811394503574258e-09,1.3725433374988482e-06,-1.8100105876328598e-06,0.0
2.3951508811060497e-07,0.0,-3.443945644906912e-09,1.240219202155282e-06,-1.8100105876328598e-06,0.0
2.3961508811060497e-07,0.0,-3.1119217906596927e-09,1.1206521698597951e-06,-1.8100105876328598e-06,0.0
2.39715088110605e-07,0.0,-2.8119076858488804e-09,1.0126123540330597e-06,-1.8100105876328598e-06,0.0
2.39815088110605e-07,0.0,-2.5408173365706747e-09,9.14988438980726e-07,-1.8100105876328598e-06,0.0
2.39915088110605e-07,0.0,-2.2958622606086814e-09,8.267762487134843e-07,-1.8100105876328598e-06,0.0
2.4e-07,0.0,-2.106541810006605e-09,7.585989652464013e-07,-1.810010132885509e-06,0.0
2.4000000189826333e-07,3.1321345380869053e-06,-2.10653775967867e-09,7.585975066437646e-07,-1.7841104522631213e-06,-0.007425000014976862
2.4000000569479005e-07,9.396403614260716e-06,-2.1065296587479884e-09,7.585945894441001e-07,-1.7841104522631213e-06,-0.007425000021269614
2.4000001328784347e-07,2.1924941766608337e-05,-2.106513457526754e-09,7.585887550784259e-07,-1.799011613456969e-06,-0.0074250000338551125
2.400000284739503e-07,4.698201807130358e-05,-2.1064810551518917e-09,7.58577086481694e-07,-1.8064621940538927e-06,-0.007425000059026113
2.40000058846164e-07,9.709617059334379e-05,-2.106416251973246e-09,7.585537498266843e-07,-1.8083248392031237e-06,-0.007425000083484189
2.400001195905913e-07,0.00019732447563742422,-2.1062866515751355e-09,7.585070786703993e-07,-1.8092561617777392e-06,-0.007425000210052143
2.4000024107944587e-07,0.0003977810857255851,-2.106027474670032e-09,7.584137449721027e-07,-1.809721823065047e-06,-0.007425000385536243
2.400004840571551e-07,0.0007986943059892571,-2.1055092165038024e-09,7.582271120273035e-07,-1.809721823065047e-06,-0.007425000817391739
2.4000097001257357e-07,0.0016005207464292507,-2.1044730827363858e-09,7.578539839024981e-07,-1.8098382383868739e-06,-0.007425001592126668
2.400019419234105e-07,0.0032041736273965885,-2.1024023444923627e-09,7.571082783731683e-07,-1.8098964460477873e-06,-0.007425003234616923
2.4000388574508437e-07,0.0064114793892439135,-2.0982669776412802e-09,7.556190674875028e-07,-1.8099546537087008e-06,-0.007425006424554792
2.400077733884321e-07,0.012826090913025914,-2.090020622442387e-09,7.526494247910134e-07,-1.8099837575391575e-06,-0.007425012900484029
2.400155486751276e-07,0.025655313960589912,-2.07362494788868e-09,7.467450835234375e-07,-1.8099837575391575e-06,-0.007425025755883663
2.400310992485186e-07,0.051313760055717916,-2.041217950796357e-09,7.350748122066387e-07,-1.724160998151092e-05,-0.007425051563139995
2.4006220039530057e-07,0.10263065224597392,-1.9779115637944944e-09,7.122771827235721e-07,-0.00014096371947402986,-0.007425103081187601
2.401244026888645e-07,0.20526443662648594,-1.857099003635015e-09,6.687706723399125e-07,-0.0007598439969171977,-0.007425206213746094
2.402244026888645e-07,0.37026443662649833,-1.678059833657629e-09,6.042958404400509e-07,-0.002792886355337032,-0.007425371931759628
2.4032440268886453e-07,0.5352644366265107,-1.5162814690139757e-09,5.460368970658793e-07,-0.006105928712372588,-0.007425537714070174
2.4042440268886454e-07,0.7002644366265232,-1.3700998302682715e-09,4.933945809393872e-07,-0.010698971069388108,-0.007425703432105024
2.4043230334142017e-07,0.7133005133433107,-1.3591791418415714e-09,4.894618686136877e-07,-0.011116410451734282,-0.007425716559538387
2.404481046465315e-07,0.7393726667769732,-1.3375978657921052e-09,4.816901103684078e-07,-0.011975258669423283,-0.007425742718169204
2.404797072567541e-07,0.7915169736442982,-1.2954552299323884e-09,4.665138818192656e-07,-0.013788832627568581,-0.007425795131595692
2.4048385569286363e-07,0.798361893225033,-1.2900231713625535e-09,4.6455771176302494e-07,-0.014036390158736367,-0.007425801975514901
2.4049215256508276e-07,0.8120517323865898,-1.2792272438228303e-09,4.6066992780269364e-07,-0.014538113695749644,-0.007425815759816601
2.404942741775568e-07,0.8155523929687403,-1.2764811429730437e-09,4.596810135297501e-07,-0.014667825236983845,-0.007425819244005538
2.404985174025049e-07,0.8225537141331284,-1.2710066073743186e-09,4.5770954682448523e-07,-0.01492897682450689,-0.007425826309727768
2.405000341562968e-07,0.8250563578897165,-1.2690554219821016e-09,4.570068941582988e-07,-0.015018649554320973,-0.00742582879125564
2.405017917776109e-07,0.8279564330580573,-1.2667981255108112e-09,4.5619400605903633e-07,-0.014909870307604933,-0.007425831737094768
2.405027624229518e-07,0.8295579978705004,-1.2655532564725763e-09,4.557457090637313e-07,-0.014849919091830088,-0.0074258333133059296
2.4050397801040913e-07,0.8315637171750978,-1.2639959701472638e-09,4.5518490567076024e-07,-0.014775021537644761,-0.007425835360635347
2.405064091853238e-07,0.8355751557842924,-1.2608871427724251e-09,4.540653678482271e-07,-0.01462598273545268,-0.0074258393578077175
2.405112715351531e-07,0.8435980330026818,-1.254692398542566e-09,4.5183454264473035e-07,-0.014329985709935045,-0.007425847449667344
2.4052099623481177e-07,0.8596437874394602,-1.2423939907651653e-09,4.4740569182837625e-07,-0.013747070263548267,-0.007425863535857502
2.405404456341291e-07,0.8917352963130174,-1.2181570558645703e-09,4.386775889015366e-07,-0.01261755421126054,-0.007425895805781124
2.405793444327637e-07,0.9559183140601317,-1.171087944563312e-09,4.2172725876330285e-07,-0.010503781224969089,-0.007425960248113483
2.4065714203003287e-07,1.0842843495542729,-1.0823025033249059e-09,3.8975421956873954e-07,-0.006857272024632266,-0.0074260892302362436
2.407571420300329e-07,1.2492843495542851,-9.77959901513767e-10,3.5217880122535895e-07,-0.0033080020699287616,-0.007426254947915822
2.408571420300329e-07,1.4142843495542978,-8.836767595301108e-10,3.182259531911397e-07,-0.0010387321147788953,-0.00742642073058164
2.409571420300329e-07,1.57928434955431,-7.984832651364366e-10,2.87546430767729e-07,-4.9462159637414516e-05,-0.007426586448218586
2.410571420300329e-07,1.7442843495543225,-7.215031037392521e-10,2.598246592338669e-07,-1.8100105876328598e-06,-0.007426752230884404
2.411571420300329e-07,1.9092843495543348,-6.519444444665278e-10,2.347754877907929e-07,-1.8100105876328598e-06,-0.007426917948578193
2.412571420300329e-07,2.0742843495543473,-5.890917952647896e-10,2.1214125645322962e-07,-1.8100105876328598e-06,-0.007427083731244011
2.413571420300329e-07,2.2392843495543593,-5.322986432259799e-10,1.9168914571549166e-07,-1.8100105876328598e-06,-0.007427249448909379
2.4145714203003293e-07,2.404284349554372,-4.809808044480926e-10,1.7320878173094083e-07,-1.8100105876328598e-06,-0.007427415231518353
2.4155714203003294e-07,2.5692843495543847,-4.346104150209476e-10,1.565100723712605e-07,-1.8100105876328598e-06,-0.007427580949183721
2.4165714203003295e-07,2.7342843495543967,-3.927105013295363e-10,1.414212519068917e-07,-1.8100105876328598e-06,-0.00742774673187796
2.4175714203003295e-07,2.899284349554409,-3.548500738230963e-10,1.2778711419588518e-07,-1.8100105876328598e-06,-0.007427912449600171
2.4185714203003296e-07,3.0642843495544216,-3.2063969378458204e-10,1.1546741620745355e-07,-1.8100105876328598e-06,-0.007428078232180724
2.4195714203003297e-07,3.229284349554434,-2.8972746749796325e-10,1.0433543545859828e-07,-1.8100105876328598e-06,-0.007428243949902935
2.4199999999999997e-07,3.299999999999986,-2.77417280922084e-10,9.990234291107843e-08,-1.810010132885509e-06,-0.007428315019581078
2.4200021143187986e-07,3.3000000000000003,-2.7735788178981404e-10,9.988095234560794e-08,-1.8099546537087008e-06,-3.3150036529150384e-06
2.420006342956396e-07,3.3000000000000003,-2.772391089609576e-10,9.983818037473822e-08,-1.8099546537087008e-06,-3.31500308448085e-06
2.4200148002315904e-07,3.3000000000000003,-2.770017158568172e-10,9.97526913698958e-08,-1.8099546537087008e-06,-3.3150035960716195e-06
2.42003171478198e-07,3.3000000000000003,-2.7652753921010975e-10,9.958193287269424e-08,-1.8099546537087008e-06,-3.315003027637431e-06
2.420065543882759e-07,3.3000000000000003,-2.7558161894651846e-10,9.924129205100314e-08,-1.8099983094543859e-06,-3.3150035960716195e-06
2.420133202084317e-07,3.3000000000000003,-2.7369946899939204e-10,9.856350013839646e-08,-1.8099910334967717e-06,-3.31500308448085e-06
2.4202685184874323e-07,3.3000000000000003,-2.6997360162970644e-10,9.722175647213395e-08,-1.8100201373272284e-06,-3.3150035960716195e-06
2.420539151293664e-07,3.3000000000000003,-2.6267299876732595e-10,9.459269411444952e-08,-1.8100092233908072e-06,-3.31500308448085e-06
2.421080416906126e-07,3.3000000000000003,-2.486561586790447e-10,8.954500869140752e-08,-1.810010132885509e-06,-3.3150035960716195e-06
2.4220804169061263e-07,3.3000000000000003,-2.2468371985255187e-10,8.09121549769197e-08,-1.8100105876328598e-06,-3.31500308448085e-06
2.4230804169061263e-07,3.3000000000000003,-2.0302241551110528e-10,7.311157728032341e-08,-1.8100105876328598e-06,-3.3150036529150384e-06
2.4240804169061264e-07,3.3000000000000003,-1.834494338399307e-10,6.606303754907353e-08,-1.8100105876328598e-06,-3.31500308448085e-06
2.4250804169061265e-07,3.3000000000000003,-1.657634438613032e-10,5.969403331946546e-08,-1.8100105876328598e-06,-3.3150036529150384e-06
2.4260804169061266e-07,3.3000000000000003,-1.4978252451168124e-10,5.3939051944114315e-08,-1.8100105876328598e-06,-3.31500308448085e-06
2.4270804169061266e-07,3.3000000000000003,-1.3534229336985217e-10,4.873889671785903e-08,-1.8100105876328598e-06,-3.3150036529150384e-06
2.4280804169061267e-07,3.3000000000000003,-1.222942157928258e-10,4.404007797050901e-08,-1.8100105876328598e-06,-3.31500308448085e-06
2.429080416906127e-07,3.3000000000000003,-1.1050407706259922e-10,3.979426286311125e-08,-1.8100105876328598e-06,-3.3150036529150384e-06
2.430080416906127e-07,3.3000000000000003,-9.985060183183067e-11,3.595777822824987e-08,-1.8100105876328598e-06,-3.31500308448085e-06
2.431080416906127e-07,3.3000000000000003,-9.022420666455498e-11,3.249116134050967e-08,-1.8100105876328598e-06,-3.3150036529150384e-06
2.432080416906127e-07,3.3000000000000003,-8.152587284315899e-11,2.935875399625357e-08,-1.8100105876328598e-06,-3.31500308448085e-06
2.433080416906127e-07,3.3000000000000003,-7.366612784464366e-11,2.652833572734998e-08,-1.8100105876328598e-06,-3.3150036529150384e-06
2.434080416906127e-07,3.3000000000000003,-6.656412501180984e-11,2.3970792376025163e-08,-1.8100105876328598e-06,-3.31500308448085e-06
2.435080416906127e-07,3.3000000000000003,-6.014681195036527e-11,2.1659816621745723e-08,-1.8100105876328598e-06,-3.3150036529150384e-06
2.4360804169061273e-07,3.3000000000000003,-5.434817910029786e-11,1.957163737970043e-08,-1.8100105876328598e-06,-3.31500308448085e-06
2.4370804169061274e-07,3.3000000000000003,-4.9108580749917536e-11,1.768477528742875e-08,-1.8100105876328598e-06,-3.3150036529150384e-06
2.4380804169061275e-07,3.3000000000000003,-4.437412151055336e-11,1.597982176449039e-08,-1.8100105876328598e-06,-3.31500308448085e-06
2.4390804169061276e-07,3.3000000000000003,-4.0096101939062374e-11,1.4439239372546623e-08,-1.8100105876328598e-06,-3.3150036529150384e-06
2.4400804169061276e-07,3.3000000000000003,-3.623051760757965e-11,1.3047181422323554e-08,-1.8100105876328598e-06,-3.31500308448085e-06
2.4410804169061277e-07,3.3000000000000003,-3.273760646626823e-11,1.178932897190428e-08,-1.8100105876328598e-06,-3.3150036529150384e-06
2.442080416906128e-07,3.3000000000000003,-2.958143984441448e-11,1.0652743539687011e-08,-1.8100105876328598e-06,-3.31500308448085e-06
2.443080416906128e-07,3.3000000000000003,-2.672955288194839e-11,9.62573401698988e-09,-1.8100105876328598e-06,-3.3150036529150384e-06
2.444080416906128e-07,3.3000000000000003,-2.4152610590517983e-11,8.697736411343141e-09,-1.8100105876328598e-06,-3.31500308448085e-06
2.445080416906128e-07,3.3000000000000003,-2.1824106108826014e-11,7.859205183488066e-09,-1.8100105876328598e-06,-3.3150036529150384e-06
2.4451029483897477e-07,3.3000000000000003,-2.1774355307877832e-11,7.841289134570565e-09,-1.8100128613696143e-06,-3.315003027637431e-06
2.445107110027971e-07,3.3000000000000003,-2.1765178593332325e-11,7.837984454769005e-09,-1.8099546537087008e-06,-3.3150037097584573e-06
2.4451154333044174e-07,3.3000000000000003,-2.1746836764230476e-11,7.831379272517698e-09,-1.8099546537087008e-06,-3.315003027637431e-06
2.445115851129599e-07,3.3000000000000003,-2.1745916419171617e-11,7.831047841769264e-09,-1.8092561617777392e-06,-3.3150039371321327e-06
2.4451166867799617e-07,3.3000000000000003,-2.1744075846101675e-11,7.830385022350814e-09,-1.809721823065047e-06,-3.3150031413242687e-06
2.4451167287292784e-07,3.3000000000000003,-2.1743983457321477e-11,7.830351750557614e-09,-1.8288139358446642e-06,-3.3150039371321327e-06
2.4451168126279125e-07,3.3000000000000003,-2.174379867222328e-11,7.830285207395337e-09,-1.8139127746508166e-06,-3.31500257289008e-06
2.4451168168395906e-07,3.3000000000000003,-2.174378938736646e-11,7.830281866969878e-09,-1.6500000015184924e-06,-3.315003027637431e-06
2.445116825262947e-07,3.3000000000000003,-2.1743770844748387e-11,7.830275186123233e-09,-1.7692092910692736e-06,-3.315010303595045e-06
2.445116842109659e-07,3.3000000000000003,-2.1743733735797305e-11,7.830261824447047e-09,-1.7692092910692736e-06,-3.315003027637431e-06
2.4451168758030846e-07,3.3000000000000003,-2.174365953480996e-11,7.83023510116307e-09,-1.799011613456969e-06,-3.3150048466268345e-06
2.4451168776310304e-07,3.3000000000000003,-2.174365547593337e-11,7.83023365136607e-09,-1.8884185806200549e-06,-3.3150175795526593e-06
2.445116881286922e-07,3.3000000000000003,-2.1743647439470483e-11,7.830230751772873e-09,-1.7692092910692736e-06,-3.315003027637431e-06
2.445116888598705e-07,3.3000000000000003,-2.17436313529953e-11,7.830224952589702e-09,-1.7692092910692736e-06,-3.315010303595045e-06
2.4451169032222716e-07,3.3000000000000003,-2.174359915294419e-11,7.830213354236234e-09,-1.8288139358446642e-06,-3.315003027637431e-06
2.4451169324694045e-07,3.3000000000000003,-2.1743534729116634e-11,7.830190157580839e-09,-1.799011613456969e-06,-3.315003027637431e-06
2.4451169341723775e-07,3.3000000000000003,-2.1743530975534056e-11,7.830188806910977e-09,-1.8884185806200549e-06,-3.3150175795526593e-06
2.445116935158615e-07,3.3000000000000003,-2.1743528936360506e-11,7.830188024701863e-09,-1.6500000015184924e-06,-3.3150175795526593e-06
2.4451169355219e-07,3.3000000000000003,-2.1743528048159888e-11,7.83018773657168e-09,-1.6500000015184924e-06,-3.3150175795526593e-06
2.44511693624847e-07,3.3000000000000003,-2.1743526271758643e-11,7.830187160311348e-09,-1.6500000015184924e-06,-3.3150175795526593e-06
2.445116936516786e-07,3.3000000000000003,-2.174352568590223e-11,7.83018694750307e-09,2.5734863129400765e-07,-3.3149011642308324e-06
2.4451169367250113e-07,3.3000000000000003,-2.1743525085607826e-11,7.830186782354637e-09,-1.6500000015184924e-06,-3.3151339948744862e-06
2.4451169368840105e-07,3.3000000000000003,-2.1743525123810265e-11,7.830186656248379e-09,-1.6500000015184924e-06,-3.3151339948744862e-06
2.44511693702329e-07,3.3000000000000003,0.37825544550765505,1.0490957089628044e-08,-0.011460499468246982,-3.3149011642308324e-06
2.445116937166372e-07,3.3000000000000003,0.3782600769556598,1.5957804597856812e-08,-0.011460639654037404,-3.31536682551814e-06
2.445116937269267e-07,3.3000000000000003,0.3782634075796334,1.9889246799591118e-08,-0.01146836986076205,-3.3149011642308324e-06
2.4451169374105225e-07,3.3000000000000003,0.37826797987477323,2.5286421208750447e-08,-0.01146469355892558,-3.31536682551814e-06
2.445116937693033e-07,3.3000000000000003,0.37827712441660444,3.608096551076638e-08,-0.011464970348282583,-3.3151339948744862e-06
2.445116938258054e-07,3.3000000000000003,0.37829541330302047,5.767083604254819e-08,-0.01146552392102255,-3.3150175795526593e-06
2.4451169393880967e-07,3.3000000000000003,0.3783319902904526,1.00853704760806e-07,-0.011466631042574539,-3.3150175795526593e-06
2.445116941648181e-07,3.3000000000000003,0.3784051411197169,1.8723195236560671e-07,-0.01146908360858638,-3.3150175795526593e-06
2.4451169461683503e-07,3.3000000000000003,0.3785514302007142,3.600384846446145e-07,-0.011473392311468971,-3.315003027637431e-06
2.445116955208689e-07,3.3000000000000003,0.37884395805623,7.058516686542836e-07,-0.01148230620993615,-3.315010303595045e-06
2.445116973289366e-07,3.3000000000000003,0.379428812602973,1.3982782839323054e-06,-0.011499978874889457,-3.315006665616238e-06
2.4451170094507196e-07,3.3000000000000003,0.38059771749675364,2.786330660091433e-06,-0.011535359342022815,-3.3150048466268345e-06
2.4451170817734277e-07,3.3000000000000003,0.382932314171839,5.575217262565243e-06,-0.011606029969274482,-3.3150039371321327e-06
2.4451172264188433e-07,3.3000000000000003,0.3875886844845554,1.120400025284505e-05,-0.01174696991244772,-3.315003027637431e-06
2.445117515709675e-07,3.3000000000000003,0.3968503673017588,2.266466832144009e-05,-0.012027288936239621,-3.3150037097584573e-06
2.4451180942913385e-07,3.3000000000000003,0.41517136106981883,4.6390977809933494e-05,-0.012581769907509168,-3.3150031413242687e-06
2.445119251454665e-07,3.3000000000000003,0.45101849406576305,9.700497789184184e-05,-0.01366654875454444,-3.3150035392282007e-06
2.445120696744973e-07,3.3000000000000003,0.494340381772216,0.00016599174125046118,-0.014977286044448214,-3.315003027637431e-06
2.445122182530272e-07,3.3000000000000003,0.5372513676439576,0.00024337131850346775,-0.016275317025009974,-3.3150035960716195e-06
2.4451236553138963e-07,3.3000000000000003,0.5782202930653526,0.00032630108575469624,-0.017514327559265335,-3.315003027637431e-06
2.445125140977291e-07,3.3000000000000003,0.6180257465066357,0.00041600392093390473,-0.018717874493220727,-3.3150035960716195e-06
2.4451268169014836e-07,3.3000000000000003,0.6611660829351961,0.0005241985080998011,-0.02002192239747676,-3.315003027637431e-06
2.4451286095636066e-07,3.3000000000000003,0.7053268157967256,0.0006478126010869441,-0.021356425168410822,-3.3150036529150384e-06
2.44513060281397e-07,3.3000000000000003,0.7521296527041321,0.0007943884075284602,-0.022770297366764735,-3.31500308448085e-06
2.4451327265213397e-07,3.3000000000000003,0.7994606254564389,0.0009606205582032492,-0.02419957926147739,-3.3150035960716195e-06
2.445135059849262e-07,3.3000000000000003,0.8486087001035916,0.0011545877653449971,-0.025683086210807355,-3.315003027637431e-06
2.445137549722982e-07,3.3000000000000003,0.8979446421903168,0.0013739009799265064,-0.027171518239890464,-3.3150037097584573e-06
2.4451402681011544e-07,3.3000000000000003,0.9483693931095784,0.0016269728114145924,-0.028691922576446312,-3.31500308448085e-06
2.445143174659039e-07,3.3000000000000003,0.998575726604766,0.0019122567363317343,-0.030204731860746636,-3.3150036529150384e-06
2.445146336084969e-07,3.3000000000000003,1.049144427378426,0.002238549318487286,-0.03172727964738827,-3.31500308448085e-06
2.445149724378098e-07,3.3000000000000003,1.0990259291115445,0.0026053280246509584,-0.03322777568128967,-3.3150036529150384e-06
2.4451534037793356e-07,3.3000000000000003,1.1485546737994867,0.0030219465020110965,-0.03471607157531389,-3.31500308448085e-06
2.4451573587785786e-07,3.3000000000000003,1.1968852405763726,0.0034891415392708305,-0.03616652499370061,-3.3150036529150384e-06
2.445161506189731e-07,3.3000000000000003,1.2426198310029253,0.003998564566799413,-0.03753703046292827,-3.315003027637431e-06
2.4451658762428676e-07,3.3000000000000003,1.2858777890794757,0.0045547408575004585,-0.0388310671083959,-3.3150036529150384e-06
2.4451704547760487e-07,3.3000000000000003,1.3263385729324795,0.005156541658523708,-0.04003895542403951,-3.31500308448085e-06
2.4451752833045874e-07,3.3000000000000003,1.364211987112373,0.005809998623704866,-0.04116687090530496,-3.3150035960716195e-06
2.4451803519468066e-07,3.3000000000000003,1.3992802397293254,0.0065142756962183026,-0.04220823844941637,-3.315003027637431e-06
2.445185699656224e-07,3.3000000000000003,1.4317022486910926,0.007275161040284561,-0.043167698859878915,-3.3150035960716195e-06
2.445191324541674e-07,3.3000000000000003,1.4613752779815028,0.008092675553675105,-0.04404213795520094,-3.31500308448085e-06
2.4451972681316135e-07,3.3000000000000003,1.48845201070954,0.008973035766072312,-0.04483599461855113,-3.3150035960716195e-06
2.445203538098782e-07,3.3000000000000003,1.5129171803787482,0.0099174824004055,-0.045548768266617086,-3.315003027637431e-06
2.4452101810393545e-07,3.3000000000000003,1.5349226304724928,0.010933043508196228,-0.046184847514126603,-3.3150036529150384e-06
2.4452172161874133e-07,3.3000000000000003,1.5545157225657682,0.012022597038629367,-0.04674558033880399,-3.315003027637431e-06
2.4452246990845033e-07,3.3000000000000003,1.5718510982526877,0.013194596206515002,-0.04723539690445205,-3.3150035960716195e-06
2.4452326643897997e-07,3.3000000000000003,1.5870202046898234,0.014454249884280602,-0.0476569107584415,-3.315003027637431e-06
2.445241182564808e-07,3.3000000000000003,1.600181259677882,0.015812397523737295,-0.04801458783677396,-3.3150035960716195e-06
2.4452503104968246e-07,3.3000000000000003,1.6114551781088555,0.017277728566391818,-0.04831182903157471,-3.31500308448085e-06
2.4452601434249865e-07,3.3000000000000003,1.6210025819255163,0.018865058642706677,-0.048553052876507,-3.3150035960716195e-06
2.4452707727825484e-07,3.3000000000000003,1.628962288107883,0.02058857742361991,-0.04874203627026756,-3.315003027637431e-06
2.445282336137849e-07,3.3000000000000003,1.6354948984830524,0.02246989953695763,-0.04888299087380794,-3.3150036529150384e-06
2.445294982943447e-07,3.3000000000000003,1.640747782195245,0.02453250428500911,-0.04897967130502329,-3.315003027637431e-06
2.445308927049122e-07,3.3000000000000003,1.6448781989988839,0.02681024101350953,-0.04903581722678956,-3.3150035960716195e-06
2.445324424193564e-07,3.3000000000000003,1.6480341400083884,0.02934360030456501,-0.04905468646632708,-3.31500308448085e-06
2.4453418370812856e-07,3.3000000000000003,1.6503653199766668,0.03219022544894892,-0.04903906927581521,-3.3150035960716195e-06
2.4453616379980445e-07,3.3000000000000003,1.6520129345862284,0.035425138112576526,-0.04899097101148529,-3.31500308448085e-06
2.445384522651334e-07,3.3000000000000003,1.6531139177012988,0.0391589689541085,-0.048911188789824846,-3.3150036529150384e-06
2.445411470570374e-07,3.3000000000000003,1.6537940593568132,0.04354712709846816,-0.048798825348512424,-3.315003027637431e-06
2.4454440143731927e-07,3.3000000000000003,1.654168986755178,0.04883234516786838,-0.04865002905097292,-3.3150036529150384e-06
2.445484597975858e-07,3.3000000000000003,1.65433914685286,0.055400075086056474,-0.04845616349810554,-3.315003027637431e-06
2.445537532512898e-07,3.3000000000000003,1.6543868363981795,0.06392681067506867,-0.04819922274206139,-3.3150035960716195e-06
2.445611069955022e-07,3.3000000000000003,1.6543710182425042,0.07569701321897265,-0.04784207057656286,-3.315003027637431e-06
2.4457235785321893e-07,3.3000000000000003,1.654322198698912,0.09353621405288348,-0.047300009311405766,-3.3150036529150384e-06
2.445925415157276e-07,3.3000000000000003,1.654234576623655,0.1250348147920007,-0.04634285097671493,-3.315003027637431e-06
2.446329088407449e-07,3.3000000000000003,1.6540649769766071,0.18613883275534537,-0.044486074507702686,-3.3150036529150384e-06
2.446770896103477e-07,3.3000000000000003,1.653886993563673,0.2502143106213015,-0.042538999747345395,-3.315003027637431e-06
2.4473077479694397e-07,3.3000000000000003,1.653681257640027,0.3243171343176081,-0.04028722500583107,-3.3150036529150384e-06
2.4478445847352103e-07,3.3000000000000003,1.6534863533838173,0.3944951299252396,-0.0381547126938426,-3.31500308448085e-06
2.448466937040611e-07,3.3000000000000003,1.6532733144872382,0.4712218248777338,-0.035823205394499034,-3.3150036529150384e-06
2.449097688432621e-07,3.3000000000000003,1.653070641593966,0.5442016864687274,-0.03360555263170358,-3.315003027637431e-06
2.449807534187251e-07,3.3000000000000003,1.6528575336333255,0.620950219125877,-0.03127338149164441,-3.3150036529150384e-06
2.4505306549109937e-07,3.3000000000000003,1.652655615638298,0.6936604632063533,-0.02906392183293934,-3.315003027637431e-06
2.451327480346892e-07,3.3000000000000003,1.6524495995682762,0.767853416223962,-0.026809407411222563,-3.3150036529150384e-06
2.452143273889741e-07,3.3000000000000003,1.6522552068786047,0.83785494788954,-0.024682257994358577,-3.315003027637431e-06
2.453029695839261e-07,3.3000000000000003,1.6520614242744274,0.9076414368674376,-0.02256164350974753,-3.3150036529150384e-06
2.4538921160912447e-07,3.3000000000000003,1.6518888784897314,0.9697763137892069,-0.02067353961884068,-3.315003027637431e-06
2.4547765110569134e-07,3.3000000000000003,1.651726927518119,1.0280990546699056,-0.018901276067464636,-3.3150035960716195e-06
2.4556374519309526e-07,3.3000000000000003,1.6515826178802056,1.0800661560875215,-0.017322142255256714,-3.31500308448085e-06
2.456517190060082e-07,3.3000000000000003,1.6514476087104804,1.1286862530508095,-0.015844714661615116,-3.3150035960716195e-06
2.4573806846236485e-07,3.3000000000000003,1.6513262966478337,1.172371914361688,-0.014517230498729904,-3.315003027637431e-06
2.458258451898146e-07,3.3000000000000003,1.6512133956755393,1.2130301659783407,-0.013281740912962714,-3.3150035960716195e-06
2.4591238833492703e-07,3.3000000000000003,1.6511114926553203,1.2497265644244648,-0.012166640767082912,-3.315003027637431e-06
2.459999991557935e-07,3.3000000000000003,1.6510170476106876,1.283738309272121,-0.011133119767227374,-3.3150035960716195e-06
2.4608668308384063e-07,3.3000000000000003,1.6509315011329084,1.314544622267548,-0.010197002727102838,-3.315003027637431e-06
2.4617417010574637e-07,3.3000000000000003,1.650852456900639,1.3430101248376516,-0.009332016381282919,-3.3150035960716195e-06
2.4626096129535073e-07,3.3000000000000003,1.6507806695130889,1.3688616836098395,-0.008546460365267397,-3.315003027637431e-06
2.4634835586460183e-07,3.3000000000000003,1.6507144910559683,1.392693899176486,-0.007822266541282586,-3.3150036529150384e-06
2.4643522815697705e-07,3.3000000000000003,1.6506542681229044,1.4143809908532574,-0.007163256947430203,-3.315003027637431e-06
2.4652255362583057e-07,3.3000000000000003,1.6505988465696706,1.4343393913754672,-0.006556777435148473,-3.3150035960716195e-06
2.4660948737538457e-07,3.3000000000000003,1.650548336712448,1.452528701811716,-0.006004055557567882,-3.31500308448085e-06
2.466967613993279e-07,3.3000000000000003,1.6505019142826078,1.4692463158496343,-0.005496054405616519,-3.3150035960716195e-06
2.467837418744702e-07,3.3000000000000003,1.6504595582357826,1.4844993443024286,-0.005032557864189559,-3.31500308448085e-06
2.4687097780032976e-07,3.3000000000000003,1.6504206678269107,1.4985045155717849,-0.004606980198215234,-3.3150035960716195e-06
2.469579939920264e-07,3.3000000000000003,1.6503851539368068,1.511293597667815,-0.004218356041920374,-3.315003027637431e-06
2.470452019545877e-07,3.3000000000000003,1.65035256978886,1.5230277537399415,-0.0038617881243290294,-3.3150035960716195e-06
2.471322456826843e-07,3.3000000000000003,1.650322795693657,1.5337498596086878,-0.0035359735501654197,-3.315003027637431e-06
2.4721943341984784e-07,3.3000000000000003,1.6502954928916773,1.54358209699506,-0.003237199577324203,-3.3150036529150384e-06
2.473064986638253e-07,3.3000000000000003,1.6502705327562845,1.5525706292112826,-0.0029640634209706774,-3.31500308448085e-06
2.4739367213756003e-07,3.3000000000000003,1.65024765381832,1.5608097468910693,-0.002713699863742041,-3.3150035960716195e-06
2.4748075452367613e-07,3.3000000000000003,1.6502267304670553,1.5683445750808738,-0.0024847376744457426,-3.315003027637431e-06
2.4756791839364893e-07,3.3000000000000003,1.650207557672895,1.5752490397547851,-0.002274930460180344,-3.3150036529150384e-06
2.476550148277268e-07,3.3000000000000003,1.6501900189695353,1.5815650061775905,-0.0020830060439813182,-3.31500308448085e-06
2.4774217279832613e-07,3.3000000000000003,1.6501739513837086,1.5873512273791366,-0.0019071790949202513,-3.3150036529150384e-06
2.4782928118197847e-07,3.3000000000000003,1.6501592502732214,1.592645333574015,-0.0017463061315997643,-3.31500308448085e-06
2.47916436292433e-07,3.3000000000000003,1.6501457846131231,1.5974945535833853,-0.0015989520074030416,-3.3150036529150384e-06
2.480035553225055e-07,3.3000000000000003,1.650133462290143,1.6019320217294362,-0.0014641098592053973,-3.315003027637431e-06
2.480907101436925e-07,3.3000000000000003,1.650122176980501,1.605996058061307,-0.0013406152531522286,-3.3150036529150384e-06
2.481778391743076e-07,3.3000000000000003,1.650111848714636,1.6097154349975358,-0.0012275938726022148,-3.31500308448085e-06
2.482649959990964e-07,3.3000000000000003,1.6501023905699375,1.6131214765124247,-0.0011240938730344959,-3.3150035960716195e-06
2.483521349315883e-07,3.3000000000000003,1.6500937337880548,1.6162389256122744,-0.001029363384041954,-3.315003027637431e-06
2.4843929589821873e-07,3.3000000000000003,1.6500858068884159,1.619093538673569,-0.0009426197400153858,-3.3150035960716195e-06
2.485264451229242e-07,3.3000000000000003,1.6500785511563127,1.6217064472616844,-0.0008632208148958893,-3.315003027637431e-06
2.486136123583834e-07,3.3000000000000003,1.650071907540222,1.6240989274301147,-0.0007905200870285794,-3.3150036529150384e-06
2.48700772719101e-07,3.3000000000000003,1.6500658261518582,1.626288935840028,-0.0007239719056815723,-3.31500308448085e-06
2.4878794841469893e-07,3.3000000000000003,1.6500602580332824,1.6282941105856468,-0.0006630402976984371,-3.3150035960716195e-06
2.488751212205664e-07,3.3000000000000003,1.6500551609485226,1.6301296552260947,-0.0006072632706726992,-3.315003027637431e-06
2.4896230774191465e-07,3.3000000000000003,1.6500504941993634,1.6318102312876084,-0.0005561953029456558,-3.3150035960716195e-06
2.490494947480975e-07,3.3000000000000003,1.6500462221222487,1.6333486771811834,-0.0005094462687750638,-3.315003027637431e-06
2.4913669473535233e-07,3.3000000000000003,1.650042310814156,1.6347572058015558,-0.000466645054472932,-3.3150035960716195e-06
2.4922389823923753e-07,3.3000000000000003,1.6500387302204043,1.6360466372403928,-0.0004274628685341998,-3.315003027637431e-06
2.4931111468014884e-07,3.3000000000000003,1.6500354520568274,1.6372271595810515,-0.000391590123201355,-3.3150036529150384e-06
2.493983375051323e-07,3.3000000000000003,1.6500324510296231,1.6383078796276913,-0.0003587500867232181,-3.31500308448085e-06
2.4948557388773344e-07,3.3000000000000003,1.6500297035147318,1.6392973062492726,-0.00032868420149199674,-3.3150036529150384e-06
2.495728194976463e-07,3.3000000000000003,1.6500271882479898,1.640203095883337,-0.00030115980713078263,-3.31500308448085e-06
2.4966007993045335e-07,3.3000000000000003,1.6500248854800035,1.6410323615799154,-0.000275960761358884,-3.3150036529150384e-06
2.497473524962392e-07,3.3000000000000003,1.6500227773500902,1.641791534468566,-0.0002528916370229575,-3.315003027637431e-06
2.4983464178429513e-07,3.3000000000000003,1.650020847335108,1.6424865654932785,-0.0002317716049300229,-3.3150036529150384e-06
2.499219463756029e-07,3.3000000000000003,1.6500190804421955,1.6431228532186892,-0.0002124366133608822,-3.315003027637431e-06
2.500092702218886e-07,3.3000000000000003,1.6500174628409379,1.6437053787475433,-0.00019473530479349822,-3.3150036529150384e-06
2.500966129245813e-07,3.3000000000000003,1.6500159819515505,1.6442386718596942,-0.00017853003100627815,-3.315003027637431e-06
2.501839780510386e-07,3.3000000000000003,1.6500146261936166,1.6447269031811174,-0.0001636940570863745,-3.3150035960716195e-06
2.502713661434903e-07,3.3000000000000003,1.6500133850141017,1.6451738727626946,-0.00015011191108298613,-3.31500308448085e-06
2.5035878061325534e-07,3.3000000000000003,1.6500122487142017,1.6455830734711523,-0.00013767745562819463,-3.3150035960716195e-06
2.5044622282856633e-07,3.3000000000000003,1.6500112084438827,1.6459576923220347,-0.00012629384487837042,-3.315003027637431e-06
2.50533696167649e-07,3.3000000000000003,1.6500102560793017,1.6463006548456596,-0.00011587218110191679,-3.3150035960716195e-06
2.506212028409833e-07,3.3000000000000003,1.6500093841987042,1.646614633726458,-0.00010633124804253407,-3.315003027637431e-06
2.5070874651532696e-07,3.3000000000000003,1.6500085859954599,1.6469020801245053,-9.759656189762061e-05,-3.3150036529150384e-06
2.5079633010028454e-07,3.3000000000000003,1.650007855247987,1.6471652345837566,-8.96000402260582e-05,-3.315003027637431e-06
2.508858163227858e-07,3.3000000000000003,1.6500071726784433,1.647411039404485,-8.213072465120848e-05,-3.3150035960716195e-06
2.5097824259737286e-07,3.3000000000000003,1.6500065297297664,1.6476425759538043,-7.509498167964995e-05,-3.315003027637431e-06
2.510735009910541e-07,3.3000000000000003,1.6500059271687302,1.6478595684407373,-6.850119126155125e-05,-3.3150035960716195e-06
2.5117187758534574e-07,3.3000000000000003,1.6500053630121747,1.6480627305745568,-6.232766631164872e-05,-3.31500308448085e-06
2.5127187758534575e-07,3.3000000000000003,1.650004844384596,1.6482494972210788,-5.6652355364653264e-05,-3.3150036529150384e-06
2.5137187758534576e-07,3.3000000000000003,1.6500043757562237,1.6484182580719762,-5.1524188857554775e-05,-3.31500308448085e-06
2.5147187758534577e-07,3.3000000000000003,1.65000395230791,1.6485707490296773,-4.6890418554857054e-05,-3.3150036529150384e-06
2.5157187758534577e-07,3.3000000000000003,1.6500035696829307,1.6487085386417681,-4.270338068526678e-05,-3.31500308448085e-06
2.516718775853458e-07,3.3000000000000003,1.6500032239464493,1.6488330442353183,-3.8920006702215355e-05,-3.3150036529150384e-06
2.517718775853458e-07,3.3000000000000003,1.6500029115413872,1.6489455464957603,-3.550138016240488e-05,-3.31500308448085e-06
2.518718775853458e-07,3.3000000000000003,1.6500026292549548,1.649047202640223,-3.241233651966077e-05,-3.3150036529150384e-06
2.519718775853458e-07,3.3000000000000003,1.650002374182942,1.6491390583208698,-2.9621101335520985e-05,-3.31500308448085e-06
2.520718775853458e-07,3.3000000000000003,1.6500021437021177,1.6492220583806452,-2.7098963511094254e-05,-3.3150036529150384e-06
2.521718775853458e-07,3.3000000000000003,1.650001935441305,1.6492970565720941,-2.4819979900978082e-05,-3.31500308448085e-06
2.522718775853458e-07,3.3000000000000003,1.6500017472586501,1.6493648243391987,-2.2760708507967663e-05,-3.3150036529150384e-06
2.5237187758534583e-07,3.3000000000000003,1.6500015772181749,1.649426058752585,-2.089996731181346e-05,-3.31500308448085e-06
2.5247187758534584e-07,3.3000000000000003,1.6500014235710707,1.649481389679704,-1.9218616424124104e-05,-3.3150036529150384e-06
2.5257187758534585e-07,3.3000000000000003,1.650001284736678,1.6495313862637588,-1.7699361180823606e-05,-3.31500308448085e-06
2.5267187758534586e-07,3.3000000000000003,1.650001159287111,1.6495765627780028,-1.6326574273226933e-05,-3.3150036529150384e-06
2.5277187758534586e-07,3.3000000000000003,1.650001045931814,1.6496173839156434,-1.5086134979936055e-05,-3.31500308448085e-06
2.5287187758534587e-07,3.3000000000000003,1.6500009435049319,1.6496542695697525,-1.3965283938384917e-05,-3.3150036529150384e-06
2.529718775853459e-07,3.3000000000000003,1.6500008509527677,1.649687599152358,-1.2952491883119987e-05,-3.31500308448085e-06
2.530718775853459e-07,3.3000000000000003,1.650000767323415,1.6497177154971405,-1.2037341068117273e-05,-3.3150036529150384e-06
2.531718775853459e-07,3.3000000000000003,1.6500006917565622,1.649744928385876,-1.1210418095934765e-05,-3.31500308448085e-06
2.532718775853459e-07,3.3000000000000003,1.6500006234749884,1.6497695177349048,-1.0463217100308823e-05,-3.3150036529150384e-06
2.533718775853459e-07,3.3000000000000003,1.650000561776277,1.649791736474398,-9.788052244517582e-06,-3.31500308448085e-06
2.534718775853459e-07,3.3000000000000003,1.6500005060258367,1.6498118131500388,-9.177978671161107e-06,-3.3150036529150384e-06
2.535718775853459e-07,3.3000000000000003,1.6500004556501642,1.6498299542738817,-8.62672105971909e-06,-3.31500308448085e-06
2.5367187758534593e-07,3.3000000000000003,1.6500004101311256,1.6498463464485704,-8.128609083065567e-06,-3.3150036529150384e-06
2.5377187758534594e-07,3.3000000000000003,1.6500003690004714,1.6498611582867655,-7.678519076790672e-06,-3.31500308448085e-06
2.5387187758534595e-07,3.3000000000000003,1.6500003318351524,1.6498745421455205,-7.271821340430514e-06,-3.3150036529150384e-06
2.5397187758534595e-07,3.3000000000000003,1.6500002982528568,1.649886635693452,-6.904332512084316e-06,-3.31500308448085e-06
2.5407187758534596e-07,3.3000000000000003,1.6500002679081713,1.6498975633268238,-6.5722725406060365e-06,-3.3150036529150384e-06
2.5417187758534597e-07,3.3000000000000003,1.6500002404889482,1.6499074374491063,-6.272225800902595e-06,-3.31500308448085e-06
2.54271877585346e-07,3.3000000000000003,1.6500002157131635,1.6499163596271789,-6.001105962258002e-06,-3.3150036529150384e-06
2.54371877585346e-07,3.3000000000000003,1.6500001933259567,1.6499244216360618,-5.756124240183555e-06,-3.31500308448085e-06
2.54471877585346e-07,3.3000000000000003,1.6500001730970602,1.649931706402932,-5.5347607118769606e-06,-3.3150036529150384e-06
2.54571877585346e-07,3.3000000000000003,1.6500001548183867,1.6499382888601237,-5.33473839464694e-06,-3.31500308448085e-06
2.54671877585346e-07,3.3000000000000003,1.6500001383019265,1.6499442367158963,-5.153999825619786e-06,-3.3150036529150384e-06
2.54771877585346e-07,3.3000000000000003,1.6500001233777821,1.6499496111508924,-4.990685897360716e-06,-3.31500308448085e-06
2.54871877585346e-07,3.3000000000000003,1.6500001098924468,1.6499544674474522,-4.84311673553848e-06,-3.3150036529150384e-06
2.5497187758534603e-07,3.3000000000000003,1.6500000977072036,1.6499588555582576,-4.70977441884676e-06,-3.31500308448085e-06
2.5507187758534604e-07,3.3000000000000003,1.6500000866967168,1.6499628206201524,-4.589287365963283e-06,-3.3150036529150384e-06
2.5517187758534604e-07,3.3000000000000003,1.6500000767477272,1.6499664034184285,-4.480416226751744e-06,-3.31500308448085e-06
2.5527187758534605e-07,3.3000000000000003,1.6500000677579008,1.6499696408063502,-4.382041134487512e-06,-3.3150036529150384e-06
2.5537187758534606e-07,3.3000000000000003,1.6500000596347644,1.6499725660842333,-4.293150186386499e-06,-3.31500308448085e-06
2.5547187758534607e-07,3.3000000000000003,1.6500000522947644,1.649975209341977,-4.212829035296716e-06,-3.3150036529150384e-06
2.5557187758534607e-07,3.3000000000000003,1.6500000456623976,1.649977597768574,-4.14025148431238e-06,-3.31500308448085e-06
2.556718775853461e-07,3.3000000000000003,1.6500000396694452,1.6499797559317808,-4.074670988645327e-06,-3.3150036529150384e-06
2.557718775853461e-07,3.3000000000000003,1.6500000342542605,1.6499817060308264,-4.0154129762501595e-06,-3.31500308448085e-06
2.558718775853461e-07,3.3000000000000003,1.6500000293611434,1.6499834681247567,-3.961867909303191e-06,-3.3150036529150384e-06
2.559718775853461e-07,3.3000000000000003,1.650000024939761,1.649985060338766,-3.913485014229744e-06,-3.31500308448085e-06
2.560718775853461e-07,3.3000000000000003,1.6500000209446362,1.649986499050635,-3.869766616477694e-06,-3.3150036529150384e-06
2.561718775853461e-07,3.3000000000000003,1.6500000173346725,1.6499877990591947,-3.830263021257029e-06,-3.31500308448085e-06
2.562718775853461e-07,3.3000000000000003,1.6500000140727387,1.6499889737365516,-3.7945678879646457e-06,-3.3150036529150384e-06
2.5637187758534613e-07,3.3000000000000003,1.6500000111252806,1.6499900351656343,-3.762314050459351e-06,-3.31500308448085e-06
2.5647187758534614e-07,3.3000000000000003,1.6500000084619815,1.6499909942644801,-3.7331697403686724e-06,-3.3150036529150384e-06
2.5657187758534615e-07,3.3000000000000003,1.6500000060554458,1.6499918608985409,-3.706835174429276e-06,-3.31500308448085e-06
2.5667187758534616e-07,3.3000000000000003,1.6500000038809193,1.6499926439821602,-3.683039470871782e-06,-3.3150036529150384e-06
2.5677187758534616e-07,3.3000000000000003,1.6500000019160341,1.6499933515702676,-3.6615378630757284e-06,-3.31500308448085e-06
2.5687187758534617e-07,3.3000000000000003,1.6500000001405801,1.6499939909412333,-3.6421091819006306e-06,-3.3150036529150384e-06
2.569718775853462e-07,3.3000000000000003,1.6499999985362934,1.649994568671734,-3.624553580688169e-06,-3.31500308448085e-06
2.570718775853462e-07,3.3000000000000003,1.6499999970866734,1.6499950907044028,-3.608690479576153e-06,-3.3150036529150384e-06
2.571718775853462e-07,3.3000000000000003,1.6499999957768081,1.6499955624089546,-3.594356708050661e-06,-3.31500308448085e-06
2.572718775853462e-07,3.3000000000000003,1.6499999945932242,1.6499959886374223,-3.581404826519287e-06,-3.3150036529150384e-06
2.573718775853462e-07,3.3000000000000003,1.649999993523747,1.6499963737740635,-3.5697016097488874e-06,-3.31500308448085e-06
2.574718775853462e-07,3.3000000000000003,1.6499999925573765,1.6499967217804583,-3.5591266764923342e-06,-3.3150036529150384e-06
2.575718775853462e-07,3.3000000000000003,1.6499999916841714,1.6499970362362586,-3.549571251201759e-06,-3.31500308448085e-06
2.5767187758534623e-07,3.3000000000000003,1.6499999908951506,1.649997320376009,-3.540937045225257e-06,-3.3150036529150384e-06
2.5777187758534624e-07,3.3000000000000003,1.6499999901821971,1.6499975771224193,-3.533135245631335e-06,-3.31500308448085e-06
2.5787187758534625e-07,3.3000000000000003,1.6499999895379784,1.6499978091164265,-3.526085601773429e-06,-3.3150036529150384e-06
2.5797187758534625e-07,3.3000000000000003,1.6499999889558674,1.6499980187443593,-3.5197155998618678e-06,-3.31500308448085e-06
2.5807187758534626e-07,3.3000000000000003,1.6499999884298768,1.649998208162486,-3.5139597169873013e-06,-3.3150036529150384e-06
2.5817187758534627e-07,3.3000000000000003,1.6499999879545957,1.6499983793191928,-3.5087587471737855e-06,-3.31500308448085e-06
2.582718775853463e-07,3.3000000000000003,1.6499999875251354,1.6499985339750265,-3.504059192392953e-06,-3.3150036529150384e-06
2.583718775853463e-07,3.3000000000000003,1.649999987137079,1.6499986737208037,-3.4998127121893973e-06,-3.31500308448085e-06
2.584718775853463e-07,3.3000000000000003,1.649999986786434,1.6499987999939725,-3.495975626570788e-06,-3.3150036529150384e-06
2.585718775853463e-07,3.3000000000000003,1.6499999864695936,1.6499989140934,-3.492508466642291e-06,-3.31500308448085e-06
2.586718775853463e-07,3.3000000000000003,1.6499999861833,1.649999017192732,-3.4893755685914453e-06,-3.3150036529150384e-06
2.587718775853463e-07,3.3000000000000003,1.6499999859246066,1.649999110352465,-3.4865447069330887e-06,-3.31500308448085e-06
2.588718775853463e-07,3.3000000000000003,1.6499999856908536,1.6499991945308565,-3.483986762924245e-06,-3.3150036529150384e-06
2.5897187758534633e-07,3.3000000000000003,1.649999985479636,1.6499992705937792,-3.481675425126062e-06,-3.31500308448085e-06
2.5907187758534634e-07,3.3000000000000003,1.6499999852887817,1.6499993393236285,-3.4795869187690118e-06,-3.3150036529150384e-06
2.5917187758534634e-07,3.3000000000000003,1.6499999851163272,1.649999401427372,-3.4776997610877412e-06,-3.31500308448085e-06
2.5927187758534635e-07,3.3000000000000003,1.6499999849604992,1.6499994575438188,-3.4759945404684197e-06,-3.3150036529150384e-06
2.5937187758534636e-07,3.3000000000000003,1.6499999848196936,1.649999508250192,-3.4744537167402765e-06,-3.31500308448085e-06
2.5947187758534637e-07,3.3000000000000003,1.6499999846924631,1.649999554068066,-3.4730614407230122e-06,-3.3150036529150384e-06
2.595718775853464e-07,3.3000000000000003,1.6499999845774986,1.6499995954687312,-3.4718033912066215e-06,-3.31500308448085e-06
2.596718775853464e-07,3.3000000000000003,1.6499999844736173,1.6499996328780417,-3.4706666277248745e-06,-3.3150036529150384e-06
2.597718775853464e-07,3.3000000000000003,1.6499999843797515,1.6499996666807961,-3.4696394573166227e-06,-3.31500308448085e-06
2.598718775853464e-07,3.3000000000000003,1.6499999842949347,1.6499996972246949,-3.468711314337761e-06,-3.3150036529150384e-06
2.599718775853464e-07,3.3000000000000003,1.649999984218295,1.649999724823918,-3.4678726517549984e-06,-3.31500308448085e-06
2.6e-07,3.299999999999973,1.6499999841979514,1.649999732088924,-3.467648730802887e-06,-3.3150035392282007e-06
2.600001524896586e-07,3.2997483920632855,1.6499999841987727,1.6499997321277504,-3.4675947907516918e-06,0.007421685248687027
2.6000045746897585e-07,3.2992451761898227,1.649999984198501,1.6499997322053919,-3.4675924297439186e-06,0.007421685756810348
2.600010674276103e-07,3.298238744442985,1.6499999841979456,1.6499997323606017,-3.46758771057911e-06,0.0074216867639052
2.600022873448792e-07,3.2962258809493097,1.6499999841972255,1.649999732670734,-3.46757827735263e-06,0.007421688789804648
2.6000472717941703e-07,3.2922001539618715,1.649999984194359,1.64999973328985,-3.4675885747901745e-06,0.007421692830291704
2.600096068484927e-07,3.2841486999869947,1.6499999841917798,1.6499997345235011,-3.4675801839970783e-06,0.007421700921952379
2.60019366186644e-07,3.268045792037329,1.6499999841841217,1.649999736972601,-3.4674912194728594e-06,0.007421717094359792
2.6003888486294665e-07,3.235839976137997,1.6499999841714634,1.6499997417988803,-3.467370034446613e-06,0.0074217494501453984
2.600779222155519e-07,3.171428344339333,1.6499999841449835,1.6499997511707387,-3.4670706719710066e-06,0.007421814151086892
2.601559969207624e-07,3.042605080742006,1.649999984096168,1.6499997688450136,-3.4665345216873536e-06,0.007421943563656441
2.602559969207624e-07,2.8776050807419935,1.6499999840384871,1.649999789539467,-3.4659061256176033e-06,0.007422109310198266
2.603559969207624e-07,2.712605080741981,1.6499999839867485,1.6499998082388088,-3.4653379109900928e-06,0.007422275064016048
2.604559969207624e-07,2.5476050807419686,1.649999983939669,1.649999825135386,-3.464824466815209e-06,0.007422440810557873
2.6055599692076243e-07,2.382605080741956,1.649999983897409,1.6499998404029976,-3.464360531269659e-06,0.0074226065642903905
2.6065599692076244e-07,2.2176050807419436,1.6499999838589838,1.6499998541986907,-3.4639413155221857e-06,0.007422772310889059
2.6075599692076245e-07,2.0526050807419316,1.6499999838244674,1.6499998666643678,-3.463562521733975e-06,0.007422938064678419
2.6085599692076246e-07,1.887605080741919,1.649999983793104,1.6499998779282545,-3.4632202414087317e-06,0.007423103811220244
2.6095599692076246e-07,1.7226050807419067,1.6499999837649137,1.649999888106212,-3.462910964171893e-06,0.007423269564952761
2.6105599692076247e-07,1.5576050807418944,1.6499999837393138,1.6499998973029337,-0.00010805363789067007,0.007423435311494586
2.611559969207625e-07,1.3926050807418817,1.6499999837162904,1.6499999056130177,-0.0012655019107056375,0.00742360106534079
2.612559969207625e-07,1.2276050807418697,1.649999983695394,1.6499999131219434,-0.0037029502078709574,0.007423766811854193
2.613559969207625e-07,1.0626050807418572,1.6499999836765913,1.649999919906948,-0.007420398527016711,0.007423932565657765
2.614559969207625e-07,0.8976050807418443,1.6499999836595336,1.6499999260378242,-0.0124178468660458,0.007424098312171168
2.6148551309638147e-07,0.8489033909705506,1.6499999836548243,1.6499999277304735,-0.014137563116309947,0.007424147238921819
2.6150574615200053e-07,0.8155188491990968,1.6499999836517334,1.649999928861831,-0.014668231292602547,0.007424180771650413
2.6152879617585464e-07,0.7774863098398135,1.6499999836481858,1.6499999301227752,-0.013289928098084268,0.007424218980673913
2.6154018883627647e-07,0.7586884201437996,1.6499999836465724,1.6499999307351987,-0.01263380379535085,0.007424237860462313
2.615574280160144e-07,0.7302437735762379,1.6499999836441173,1.6499999316485872,-0.011672557456099924,0.007424266437979554
2.615919063754902e-07,0.6733544804411151,1.649999983638839,1.6499999334283322,-0.009864185420787257,0.007424323582355896
2.6166086309444193e-07,0.559575894170782,1.6499999836297026,1.649999936807649,-0.006703924175430523,0.007424437881809354
2.6176086309444194e-07,0.39457589417077,1.6499999836171486,1.6499999413091668,-0.00320228370926257,0.0074246036284009165
2.6186086309444195e-07,0.22957589417075752,1.6499999836058419,1.649999945376699,-0.0009806432549586852,0.007424769382126328
2.6196086309444196e-07,0.06457589417074505,1.6499999835956458,1.6499999490520882,-3.900281255150864e-05,0.007424935128726773
2.62e-07,0.0,1.64999998359207,1.6499999503911338,-3.4610169050095234e-06,0.007425000001779
2.6200000098275133e-07,0.0,1.6499999835922234,1.6499999503911666,-3.42021697029832e-06,-1.4638423916587815e-23
2.62000002948254e-07,0.0,1.6499999835922223,1.649999950391232,-3.4202169682980214e-06,0.0
2.620000068792594e-07,0.0,1.6499999835907433,1.649999950391363,-3.4500193000264792e-06,0.0
2.620000147412702e-07,0.0,1.6499999835911254,1.649999950391626,-3.457469869236719e-06,0.0
2.620000304652917e-07,0.0,1.6499999835909254,1.6499999503921532,-3.461195145445433e-06,0.0
2.620000619133348e-07,0.0,1.649999983591439,1.6499999503932075,-3.4611951089715388e-06,0.0
2.6200012480942105e-07,0.0,1.6499999835907455,1.6499999503953158,-3.461195051599506e-06,0.0
2.6200025060159345e-07,0.0,1.6499999835913086,1.6499999503995335,-3.4611949193555767e-06,0.0
2.6200050218593825e-07,0.0,1.6499999835915922,1.6499999504079677,-3.4609618307617505e-06,0.0
2.6200100535462785e-07,0.0,1.6499999835904597,1.649999950424828,-3.4609613323356477e-06,0.0
2.620020116920071e-07,0.0,1.6499999835920642,1.649999950458524,-3.460960298305003e-06,0.0
2.620040243667656e-07,0.0,1.6499999835913117,1.6499999505258154,-3.4609873615171795e-06,0.0
2.6200804971628263e-07,0.0,1.6499999835910066,1.649999950659987,-3.4609978438982466e-06,0.0
2.6201610041531667e-07,0.0,1.6499999835901868,1.6499999509266947,-3.4609824809290464e-06,0.0
2.620322018133847e-07,0.0,1.6499999835890153,1.6499999514536408,-3.460999224191943e-06,0.0
2.6206440460952077e-07,0.0,1.6499999835862107,1.649999952482169,-3.460953395693431e-06,0.0
2.6212881020179295e-07,0.0,1.6499999835804713,1.64999995444175,-3.4608947967145565e-06,0.0
2.6222881020179296e-07,0.0,1.6499999835731514,1.649999957243198,-3.46081009281269e-06,0.0
2.6232881020179297e-07,0.0,1.6499999835656476,1.6499999597745636,-3.4607331573723096e-06,0.0
2.6242881020179297e-07,0.0,1.6499999835597012,1.6499999620618824,-3.4606636644841857e-06,0.0
2.62528810201793e-07,0.0,1.6499999835536159,1.649999964128688,-3.4606008496038705e-06,0.0
2.62628810201793e-07,0.0,1.6499999835487253,1.6499999659962346,-3.460544109080402e-06,0.0
2.62728810201793e-07,0.0,1.649999983543787,1.649999967683737,-3.4604928229952973e-06,0.0
2.62828810201793e-07,0.0,1.6499999835397683,1.6499999692085485,-3.4604464947893604e-06,0.0
2.62928810201793e-07,0.0,1.6499999835357584,1.6499999705863575,-3.4604046214910056e-06,0.0
2.63028810201793e-07,0.0,1.6499999835324584,1.6499999718313338,-3.4603667949284773e-06,0.0
2.63128810201793e-07,0.0,1.6499999835292003,1.6499999729562858,-3.4603326067468582e-06,0.0
2.6322881020179303e-07,0.0,1.6499999835264922,1.6499999739727822,-3.4603017217606393e-06,0.0
2.6332881020179304e-07,0.0,1.6499999835238437,1.649999974891281,-3.460273808202111e-06,0.0
2.6342881020179305e-07,0.0,1.6499999835216226,1.6499999757212285,-3.460248590960795e-06,0.0
2.6352881020179306e-07,0.0,1.6499999835194687,1.6499999764711633,-3.4602258004096996e-06,0.0
2.6362881020179306e-07,0.0,1.6499999835176482,1.6499999771487974,-3.460205210854227e-06,0.0
2.6372881020179307e-07,0.0,1.6499999835158958,1.649999977761103,-3.4601866030436774e-06,0.0
2.638288102017931e-07,0.0,1.6499999835144037,1.6499999783143766,-3.460169791950691e-06,0.0
2.639288102017931e-07,0.0,1.6499999835129775,1.649999978814311,-3.460154599217808e-06,0.0
2.640288102017931e-07,0.0,1.6499999835117556,1.6499999792660478,-3.4601408731930092e-06,0.0
2.641288102017931e-07,0.0,1.6499999835105943,1.6499999796742335,-3.4601284687421674e-06,0.0
2.642288102017931e-07,0.0,1.649999983509594,1.6499999800430667,-3.460117261658479e-06,0.0
2.643288102017931e-07,0.0,1.6499999835086483,1.6499999803763412,-3.460107133772986e-06,0.0
2.644288102017931e-07,0.0,1.6499999835078294,1.6499999806774854,-3.4600979833654648e-06,0.0
2.6452881020179313e-07,0.0,1.649999983507059,1.6499999809495969,-3.460089714219948e-06,0.0
2.6462881020179314e-07,0.0,1.6499999835063888,1.6499999811954742,-3.460082243083932e-06,0.0
2.6472881020179315e-07,0.0,1.649999983505761,1.6499999814176476,-3.4600754915364965e-06,0.0
2.6482881020179315e-07,0.0,1.6499999835052128,1.6499999816184017,-3.4600693914609534e-06,0.0
2.6492881020179316e-07,0.0,1.6499999835047012,1.6499999817998015,-3.4600638790001432e-06,0.0
2.6502881020179317e-07,0.0,1.6499999835042527,1.649999981963713,-3.4600588984034675e-06,0.0
2.651288102017932e-07,0.0,1.649999983503836,1.6499999821118223,-3.460054397588614e-06,0.0
2.652288102017932e-07,0.0,1.6499999835034687,1.6499999822456526,-3.4600503310193526e-06,0.0
2.653288102017932e-07,0.0,1.6499999835031294,1.6499999823665807,-3.460046656234712e-06,0.0
2.654288102017932e-07,0.0,1.649999983502829,1.64999998247585,-3.460043335951865e-06,0.0
2.655288102017932e-07,0.0,1.6499999835025518,1.6499999825745846,-3.4600403355832993e-06,0.0
2.6553260493713025e-07,0.0,1.649999983501851,1.649999982578133,-3.4600279689096864e-06,0.0
2.655401944078044e-07,0.0,1.6499999835033832,1.6499999825851932,-3.460020458105716e-06,0.0
2.6555537334915265e-07,0.0,1.6499999835020123,1.649999982599154,-3.4600491204986697e-06,0.0
2.655857312318492e-07,0.0,1.649999983502706,1.6499999826264322,-3.4600355784221163e-06,0.0
2.6558725518600307e-07,0.0,1.6499999835024932,1.6499999826277798,-3.4600409934068857e-06,0.0
2.655903030943109e-07,0.0,1.6499999835019326,1.6499999826304674,-3.460011818621348e-06,0.0
2.6559045609810436e-07,0.0,1.6499999835029762,1.6499999826306024,-3.459749870556777e-06,0.0
2.6559076210569123e-07,0.0,1.6499999835027843,1.6499999826308729,-3.459749862613897e-06,0.0
2.6559137412086503e-07,0.0,1.6499999835029582,1.6499999826314122,-3.4599826724035965e-06,0.0
2.655914048437843e-07,0.0,1.649999983502553,1.6499999826314393,-3.462078150915335e-06,0.0
2.655914662896229e-07,0.0,1.6499999835022872,1.6499999826314937,-3.4611468290806233e-06,0.0
2.6559146937417963e-07,0.0,1.6499999835027226,1.6499999826314962,-3.4490396315973e-06,0.0
2.655914755432931e-07,0.0,1.6499999835017367,1.649999982631501,-3.456490220926364e-06,0.0
2.655914878815201e-07,0.0,1.6499999835027628,1.649999982631511,-3.4602155016631045e-06,0.0
2.655914885008942e-07,0.0,1.6499999835024122,1.6499999826315117,-3.359632666749271e-06,0.0
2.655914897396424e-07,0.0,1.6499999835017585,1.6499999826315126,-3.4490396397741735e-06,0.0
2.655914922171388e-07,0.0,1.6499999835023913,1.6499999826315137,-3.43413847281647e-06,0.0
2.655914971721316e-07,0.0,1.6499999835030617,1.6499999826315173,-3.456490208416213e-06,0.0
2.655914974208703e-07,0.0,1.6499999835021417,1.6499999826315177,-3.5384466032671847e-06,0.0
2.6559149791834763e-07,0.0,1.6499999835028012,1.649999982631519,-3.419237307757817e-06,0.0
2.6559149891330234e-07,0.0,1.6499999835024513,1.649999982631521,-3.419237310886095e-06,0.0
2.655914990126372e-07,0.0,1.6499999835026302,1.6499999826315213,-3.300028019717484e-06,0.0
2.65591499211307e-07,0.0,1.6499999835025514,1.6499999826315221,-3.538446599526314e-06,0.0
2.655914992556905e-07,0.0,1.6499999835030357,1.6499999826315221,-3.300028016057088e-06,0.0
2.655914993444576e-07,0.0,1.6499999835021626,1.6499999826315217,-3.3000280239232365e-06,0.0
2.655914993741248e-07,0.0,1.6499999835014825,1.6499999826315217,-1.39267939724236e-06,0.0
2.6559149943345913e-07,0.0,1.6499999835020327,1.649999982631522,-2.3463537086843576e-06,0.0
2.6559149945771413e-07,0.0,1.64999998350277,1.649999982631522,-3.300028018444232e-06,0.0
2.655914994770589e-07,0.0,1.6499999835033528,1.649999982631522,-3.300028013192577e-06,0.0
2.655914994923269e-07,0.0,1.2709213700677229,1.6499999797083946,-1.6500000015184924e-06,0.0
2.6559149950820253e-07,0.0,1.2709162378852774,1.6499999736294486,2.1646972641065076e-06,0.0
2.6559149951899643e-07,0.0,1.2709127485178067,1.6499999694963152,-1.6500000015184924e-06,0.0
2.655914995341133e-07,0.0,1.2709078616468805,1.6499999637077658,-1.6500000015184924e-06,0.0
2.6559149956434716e-07,0.0,1.2708980879609058,1.6499999521304431,-1.6500000015184924e-06,0.0
2.655914996248148e-07,0.0,1.2708785408150198,1.6499999289749023,-1.6500000015184924e-06,0.0
2.6559149974575006e-07,0.0,1.270839447419202,1.6499998826602444,-1.6500000015184924e-06,0.0
2.6559149998762064e-07,0.0,1.2707612642245627,1.6499997900166186,-1.8884185806200549e-06,0.0
2.6559150047136174e-07,0.0,1.270604912212065,1.6499996046721357,-1.7692092910692736e-06,0.0
2.6559150143884394e-07,0.0,1.2702922656886004,1.6499992337542766,-1.7692092910692736e-06,0.0
2.655915033738084e-07,0.0,1.2696672025782223,1.649998491003265,-1.7692092910692736e-06,0.0
2.655915072437373e-07,0.0,1.268417995543807,1.6499970018423258,-1.799011613456969e-06,0.0
2.6559151498359506e-07,0.0,1.265923253711862,1.6499940089028013,-1.8064621940538927e-06,0.0
2.6559153046331064e-07,0.0,1.260948423044367,1.6499879646970015,-1.8101874843523547e-06,0.0
2.6559156142274174e-07,0.0,1.2510570873794806,1.649975644124044,-1.8101874843523547e-06,0.0
2.6559162334160394e-07,0.0,1.2315054482414367,1.6499500834175556,-1.8101874843523547e-06,0.0
2.6559174717932833e-07,0.0,1.1933084505282685,1.6498953551778237,-1.8101874843523547e-06,0.0
2.655918917807386e-07,0.0,1.1501969855862348,1.6498255217933528,-1.809721823065047e-06,0.0
2.655920721699956e-07,0.0,1.098581210756505,1.6497297900240995,-1.8106531456396624e-06,0.0
2.655922603342818e-07,0.0,1.047196811426158,1.6496201632367238,-1.8101874843523547e-06,0.0
2.6559247920764523e-07,0.0,0.990426208807777,1.649480716821545,-1.809721823065047e-06,0.0
2.6559270630005216e-07,0.0,0.9347595836461239,1.6493231722560193,-1.8101874843523547e-06,0.0
2.6559296142498944e-07,0.0,0.8759234316549197,1.6491314714260183,-1.8099546537087008e-06,0.0
2.655932254783405e-07,0.0,0.8189050517079712,1.6489176654734603,-1.8099546537087008e-06,0.0
2.655935155942433e-07,0.0,0.7605023866511755,1.6486659128361059,-1.809721823065047e-06,0.0
2.655938159115596e-07,0.0,0.7044038447798613,1.6483880210779733,-1.8099546537087008e-06,0.0
2.6559414117907317e-07,0.0,0.6482709059937715,1.6480687033358086,-1.8099546537087008e-06,0.0
2.6559447829525623e-07,0.0,0.5947766956531316,1.6477192023377607,-1.8099546537087008e-06,0.0
2.655948399595755e-07,0.0,0.5422465788201537,1.647325020935041,-1.809721823065047e-06,0.0
2.655952154268957e-07,0.0,0.4925746752968963,1.6468965709399923,-1.8099546537087008e-06,0.0
2.6559561571392217e-07,0.0,0.4445740314537065,1.646420235827596,-1.8099546537087008e-06,0.0
2.6559603210087453e-07,0.0,0.3995514675561224,1.6459053880554713,-1.8098382383868739e-06,0.0
2.6559647427311197e-07,0.0,0.35666685286872274,1.6453392677187917,-1.8099546537087008e-06,0.0
2.6559693527817964e-07,0.0,0.31679089212377254,1.6447300398448443,-1.8100710690305277e-06,0.0
2.655974238043701e-07,0.0,0.2793229201794429,1.6440656733644958,-1.8099546537087008e-06,0.0
2.655979344846685e-07,0.0,0.24481415152540248,1.6433529695980988,-1.8099546537087008e-06,0.0
2.655984753376586e-07,0.0,0.21282458260793705,1.6425803980782439,-1.8099546537087008e-06,0.0
2.6559904248221645e-07,0.0,0.18367450889695588,1.6417532164450344,-1.8099546537087008e-06,0.0
2.6559964360820764e-07,0.0,0.15702866460039222,1.6408600555238246,-1.8098382383868739e-06,0.0
2.656002763183123e-07,0.0,0.13304290429892437,1.6399043779503668,-1.8100128613696143e-06,0.0
2.656009483622453e-07,0.0,0.11144835577909713,1.638874491799414,-1.8099546537087008e-06,0.0
2.656016589538285e-07,0.0,0.09228589177810004,1.6377716709191945,-1.8098964460477873e-06,0.0
2.656024163956429e-07,0.0,0.07532776237481535,1.636583198341968,-1.8099546537087008e-06,0.0
2.6560322183350984e-07,0.0,0.060536429233360986,1.6353075041482488,-1.8099546537087008e-06,0.0
2.6560408482200147e-07,0.0,0.04770944749607002,1.6339297772773558,-1.8099546537087008e-06,0.0
2.6560500908225675e-07,0.0,0.03675782333785612,1.6324444691190128,-1.8098964460477873e-06,0.0
2.656060065221925e-07,0.0,0.027495277006059374,1.6308329364940253,-1.8099546537087008e-06,0.0
2.6560708467370366e-07,0.0,0.019801262268947527,1.6290835975535864,-1.8099546537087008e-06,0.0
2.656082597125194e-07,0.0,0.013501174741253901,1.6271709239169394,-1.8099546537087008e-06,0.0
2.656095454111458e-07,0.0,0.008457791305866557,1.6250733615946278,-1.8100128613696143e-06,0.0
2.656109658856719e-07,0.0,0.004506981342801392,1.6227526353499147,-1.8100128613696143e-06,0.0
2.656125462475746e-07,0.0,0.0015063713589190115,1.6201690562482889,-1.8099837575391575e-06,0.0
2.6561432641599533e-07,0.0,-0.0006963424582864516,1.617259093940447,-1.8099837575391575e-06,0.0
2.656163547148782e-07,0.0,-0.002238964062331995,1.6139460618763983,-1.8099837575391575e-06,0.0
2.6561870701951155e-07,0.0,-0.003258374998648668,1.6101092479069623,-1.8099546537087008e-06,0.0
2.656214864722055e-07,0.0,-0.0038775829240778694,1.605585154711107,-1.8099837575391575e-06,0.0
2.6562486095346615e-07,0.0,-0.004210402344108789,1.6001079607211635,-1.8099983094543859e-06,0.0
2.656290958358495e-07,0.0,-0.0043540700725560955,1.5932595741301152,-1.8099983094543859e-06,0.0
2.6563467273138313e-07,0.0,-0.004387309435083986,1.5842850367015906,-1.8099983094543859e-06,0.0
2.6564252470306973e-07,0.0,-0.004364495889379088,1.5717346849719844,-1.8099910334967717e-06,0.0
2.6565480324077447e-07,0.0,-0.004310586261801545,1.5523078208195213,-1.8100092233908072e-06,0.0
2.65677692938324e-07,0.0,-0.004211780583594814,1.5167298319111344,-1.810021956316632e-06,0.0
2.6572347233342305e-07,0.0,-0.0040209101417470385,1.4479924183480013,-1.8100110423802107e-06,0.0
2.6581503112362113e-07,0.0,-0.0036645304425669983,1.3196559506696952,-1.8100105876328598e-06,0.0
2.6589948851095935e-07,0.0,-0.0033639018651467133,1.2113936092145872,-1.8100105876328598e-06,0.0
2.6598163705456805e-07,0.0,-0.0030951732420198535,1.1146212182540574,-1.8100110423802107e-06,0.0
2.6607077248472254e-07,0.0,-0.002827795594917088,1.0183334514078868,-1.8100105876328598e-06,0.0
2.6615632719841155e-07,0.0,-0.0025929171788921664,0.9337507385309022,-1.8100110423802107e-06,0.0
2.662451762652914e-07,0.0,-0.00236961540740025,0.8533356504093489,-1.8100105876328598e-06,0.0
2.663308958670555e-07,0.0,-0.0021724304393399524,0.7823267262145044,-1.8100105876328598e-06,0.0
2.664192198877633e-07,0.0,-0.0019863989801158703,0.7153334470757203,-1.810010132885509e-06,0.0
2.665052766038082e-07,0.0,-0.0018204802226810754,0.6555838277992002,-1.810010132885509e-06,0.0
2.665933103757418e-07,0.0,-0.0016650775452831345,0.5996205825524581,-1.810010132885509e-06,0.0
2.6667962748417396e-07,0.0,-0.001525594863307616,0.5493909063438028,-1.8100105876328598e-06,0.0
2.6676743226067603e-07,0.0,-0.0013956888787006664,0.502609510317979,-1.8100105876328598e-06,0.0
2.6685394255750225e-07,0.0,-0.0012785221482811417,0.4604160875345505,-1.8100105876328598e-06,0.0
2.6694157529268813e-07,0.0,-0.0011698588328536235,0.42128457297989313,-1.8100105876328598e-06,0.0
2.670282322219885e-07,0.0,-0.0010714909177437456,0.3858608495930752,-1.8100110423802107e-06,0.0
2.671157356664984e-07,0.0,-0.0009805520692731514,0.35311223778725,-1.8100110423802107e-06,0.0
2.672025033968473e-07,0.0,-0.0008980011274598373,0.32338442088870295,-1.810009678138158e-06,0.0
2.6728990948957413e-07,0.0,-0.0008218677481179229,0.2959675217245489,-1.8100105876328598e-06,0.0
2.673767609094349e-07,0.0,-0.0007526122638049504,0.27102758442756775,-1.810010132885509e-06,0.0
2.674640936886886e-07,0.0,-0.0006888563161885676,0.24806801432904346,-1.8100105876328598e-06,0.0
2.675510082983033e-07,0.0,-0.0006307687384815916,0.22714979944878866,-1.8100105876328598e-06,0.0
2.6763828584941523e-07,0.0,-0.0005773668491465832,0.20791890345370173,-1.810010132885509e-06,0.0
2.677252481538009e-07,0.0,-0.000528655008362572,0.19037702759469619,-1.8100105876328598e-06,0.0
2.6781248409176154e-07,0.0,-0.00048391865505241,0.17426673784087943,-1.810010132885509e-06,0.0
2.678994823861373e-07,0.0,-0.00044307476774224977,0.15955822799518932,-1.810010132885509e-06,0.0
2.679866869650194e-07,0.0,-0.00040559336760388894,0.14606056830955116,-1.8100105876328598e-06,0.0
2.6807371241132953e-07,0.0,-0.00037135009526001017,0.13372903838667524,-1.8100105876328598e-06,0.0
2.681608933562483e-07,0.0,-0.0003399443090375739,0.12241930798547196,-1.810010132885509e-06,0.0
2.6824793928320586e-07,0.0,-0.00031123716449965117,0.1120814211013451,-1.810009678138158e-06,0.0
2.683351024153064e-07,0.0,-0.0002849203901440052,0.10260432755105038,-1.8100105876328598e-06,0.0
2.6842216378846716e-07,0.0,-0.0002608557432680491,0.09393827459787674,-1.8100105876328598e-06,0.0
2.685093134948547e-07,0.0,-0.000238802239659476,0.08599645446975616,-1.8100105876328598e-06,0.0
2.6859638651578274e-07,0.0,-0.00021863019353056222,0.0787321865743485,-1.810010132885509e-06,0.0
2.686835261031339e-07,0.0,-0.00020014861421494814,0.07207667438960337,-1.810010132885509e-06,0.0
2.6877060790642665e-07,0.0,-0.00018324007639564061,0.06598764602078248,-1.810010132885509e-06,0.0
2.68857739867223e-07,0.0,-0.00016775144518133358,0.06040994282117538,-1.8100110423802107e-06,0.0
2.6894482829162827e-07,0.0,-0.00015357878659432196,0.055306146826549524,-1.8100110423802107e-06,0.0
2.6903195450469e-07,0.0,-0.00014059813777388133,0.05063160846290429,-1.810010132885509e-06,0.0
2.691190479202644e-07,0.0,-0.0001287189039196646,0.046353710275754766,-1.8100105876328598e-06,0.0
2.6920616980184277e-07,0.0,-0.00011783995720975317,0.04243602856632353,-1.810010132885509e-06,0.0
2.692932669794725e-07,0.0,-0.00010788316642137475,0.03885043202877864,-1.810010132885509e-06,0.0
2.693803855971183e-07,0.0,-9.876552222918526e-05,0.03556702354087997,-1.810009678138158e-06,0.0
2.694674856100423e-07,0.0,-9.042015042763558e-05,0.0325617241088972,-1.8100110423802107e-06,0.0
2.6955460176843156e-07,0.0,-8.277858286147783e-05,0.02980987438095974,-1.8100105876328598e-06,0.0
2.6964170391793364e-07,0.0,-7.578389241923728e-05,0.0272909764137652,-1.8100105876328598e-06,0.0
2.6972881822356934e-07,0.0,-6.937939125210144e-05,0.024984614009676862,-1.8100105876328598e-06,0.0
2.6981592198291444e-07,0.0,-6.351681275945782e-05,0.02287340727837473,-1.8100110423802107e-06,0.0
2.699030348929002e-07,0.0,-5.814908541599031e-05,0.02094040362397748,-1.8100105876328598e-06,0.0
2.699901398650432e-07,0.0,-5.3235405599196415e-05,0.019170910182212328,-1.810009678138158e-06,0.0
2.700772517238592e-07,0.0,-4.873659915124516e-05,0.017550818749360837,-1.810009678138158e-06,0.0
2.701643576095439e-07,0.0,-4.461824643691805e-05,0.016067735081006347,-1.8100110423802107e-06,0.0
2.7025146867677187e-07,0.0,-4.084768980093037e-05,0.01470989796470358,-1.8100110423802107e-06,0.0
2.703385752504705e-07,0.0,-3.739594169765023e-05,0.013466869090590406,-1.8100105876328598e-06,0.0
2.704256857216962e-07,0.0,-3.423574142582177e-05,0.012328830980266933,-1.8100105876328598e-06,0.0
2.7051279281346474e-07,0.0,-3.13427056763885e-05,0.011287003210636939,-1.8100105876328598e-06,0.0
2.705999028360371e-07,0.0,-2.8694056243124958e-05,0.010333182663563227,-1.8100110423802107e-06,0.0
2.7068701031783286e-07,0.0,-2.626930123585002e-05,0.009459990158057626,-1.810010132885509e-06,0.0
2.7077412000274724e-07,0.0,-2.4049393578737607e-05,0.00866056631440141,-1.810010132885509e-06,0.0
2.7086122777811007e-07,0.0,-2.2017123389359974e-05,0.007928713771489968,-1.810010132885509e-06,0.0
2.7094833720896385e-07,0.0,-2.0156554495634685e-05,0.00725869350430973,-1.810010132885509e-06,0.0
2.710354452052372e-07,0.0,-1.8453240695701415e-05,0.0066453033390995305,-1.810009678138158e-06,0.0
2.711225544449821e-07,0.0,-1.6893842896543716e-05,0.006083739548107733,-1.810010132885509e-06,0.0
2.712096626074484e-07,0.0,-1.5466239378326705e-05,0.005569637000152651,-1.810010132885509e-06,0.0
2.7129677170348123e-07,0.0,-1.4159261265623656e-05,0.005098973530538917,-1.8100105876328598e-06,0.0
2.713838799909396e-07,0.0,-1.2962740202867552e-05,0.0046680874175154,-1.8100105876328598e-06,0.0
2.7147098897893797e-07,0.0,-1.1867322158462125e-05,0.004273610073556311,-1.810010132885509e-06,0.0
2.715580973603716e-07,0.0,-1.0864479195407838e-05,0.003912470498147553,-1.810010132885509e-06,0.0
2.716452062671866e-07,0.0,-9.946375785301515e-06,0.0035818469569045036,-1.810010132885509e-06,0.0
2.7173231471925013e-07,0.0,-9.105860921380728e-06,0.003279164290152266,-1.810009678138158e-06,0.0
2.7181942356508366e-07,0.0,-8.336370157989624e-06,0.0030020585117119794,-1.8100114971275616e-06,0.0
2.7190653207021053e-07,0.0,-7.631907824751207e-06,0.0027483705074097487,-1.810010132885509e-06,0.0
2.7199364087180645e-07,0.0,-6.986973777242292e-06,0.0025161195705599385,-1.810010132885509e-06,0.0
2.720807494159114e-07,0.0,-6.3965415085741485e-06,0.0023034955915455183,-1.810010132885509e-06,0.0
2.7216785818359576e-07,0.0,-5.856002239440849e-06,0.002108838863767445,-1.8100110423802107e-06,0.0
2.722549667570693e-07,0.0,-5.361142246240521e-06,0.0019306319691715238,-1.810010132885509e-06,0.0
2.72342075499226e-07,0.0,-4.908099441709341e-06,0.001767484100531269,-1.8100105876328598e-06,0.0
2.724291840948763e-07,0.0,-4.493341635184286e-06,0.001618123267412963,-1.8100105876328598e-06,0.0
2.72516292817775e-07,0.0,-4.113632316684284e-06,0.0014813839454741414,-1.810010132885509e-06,0.0
2.7260340143015255e-07,0.0,-3.766010707177356e-06,0.0013561999164407145,-1.8100105876328598e-06,0.0
2.726905101385224e-07,0.0,-3.447764455531306e-06,0.0012415944156740997,-1.8100105876328598e-06,0.0
2.7277761876351875e-07,0.0,-3.156411825631168e-06,0.001136673734294518,-1.810010132885509e-06,0.0
2.728647274609285e-07,0.0,-2.8896796810773827e-06,0.0010406192770940493,-1.8100105876328598e-06,0.0
2.7295183609544437e-07,0.0,-2.6454878655713972e-06,0.0009526819493655209,-1.810010132885509e-06,0.0
2.7303894478458597e-07,0.0,-2.4219312996591155e-06,0.0008721756999016567,-1.8100110423802107e-06,0.0
2.7312605342628314e-07,0.0,-2.2172664535458493e-06,0.0007984726577774787,-1.8100105876328598e-06,0.0
2.7321316210918734e-07,0.0,-2.029896688240204e-06,0.0007309978466807207,-1.810010132885509e-06,0.0
2.733002707563019e-07,0.0,-1.8583606426841888e-06,0.0006692250085911394,-1.8100110423802107e-06,0.0
2.733873794345009e-07,0.0,-1.7013201664951416e-06,0.0006126722534529352,-1.8100105876328598e-06,0.0
2.734744880857022e-07,0.0,-1.5575504129885288e-06,0.00056089849544949,-1.8100105876328598e-06,0.0
2.735615967603517e-07,0.0,-1.4259298633910774e-06,0.0005134998572853327,-1.8100105876328598e-06,0.0
2.7364870541463584e-07,0.0,-1.305431913707403e-06,0.00047010664321828254,-1.8100105876328598e-06,0.0
2.7373581408660777e-07,0.0,-1.1951166009345891e-06,0.00043038035725875297,-1.810010132885509e-06,0.0
2.738229227432175e-07,0.0,-1.0941234824354106e-06,0.00039401114082110954,-1.8100110423802107e-06,0.0
2.7391003141316954e-07,0.0,-1.0016647564942231e-06,0.0003607152937411271,-1.8100105876328598e-06,0.0
2.739971400715336e-07,0.0,-9.170192505371915e-07,0.0003302331106623106,-1.810010132885509e-06,0.0
2.7408424873996193e-07,0.0,-8.395266900201683e-07,0.00030232681606810535,-1.810010132885509e-06,0.0
2.7417176533175837e-07,0.0,-7.682644998765164e-07,0.00027666417630129966,-1.8100105876328598e-06,0.0
2.742629919723806e-07,0.0,-7.004088490930992e-07,0.0002522282850704144,-1.8100105876328598e-06,0.0
2.7435621775742366e-07,0.0,-6.372518979071302e-07,0.0002294844698116327,-1.810010132885509e-06,0.0
2.744531956394605e-07,0.0,-5.775854801614668e-07,0.0002079976507042704,-1.810009678138158e-06,0.0
2.745525074708831e-07,0.0,-5.222664767927627e-07,0.00018807640419749413,-1.810009678138158e-06,0.0
2.746525074708831e-07,0.0,-4.7191581899514055e-07,0.00016994433733736063,-1.8100105876328598e-06,0.0
2.747525074708831e-07,0.0,-4.2641936649697033e-07,0.00015356034647869655,-1.8100105876328598e-06,0.0
2.7485250747088313e-07,0.0,-3.8530913530872714e-07,0.00013875590313931202,-1.8100105876328598e-06,0.0
2.7495250747088314e-07,0.0,-3.4816225854704834e-07,0.0001253787263281351,-1.8100105876328598e-06,0.0
2.7505250747088314e-07,0.0,-3.145966373167515e-07,0.00011329121615735944,-1.8100105876328598e-06,0.0
2.7515250747088315e-07,0.0,-2.842670098975839e-07,0.00010236903846688188,-1.8100105876328598e-06,0.0
2.7525250747088316e-07,0.0,-2.5686140073409575e-07,9.249984590224748e-05,-1.8100105876328598e-06,0.0
2.7535250747088317e-07,0.0,-2.3209791105248945e-07,8.358212229088781e-05,-1.8100105876328598e-06,0.0
2.754525074708832e-07,0.0,-2.0972181950144738e-07,7.552413842971813e-05,-1.8100105876328598e-06,0.0
2.755525074708832e-07,0.0,-1.8950296179046098e-07,6.82430085431447e-05,-1.8100105876328598e-06,0.0
2.756525074708832e-07,0.0,-1.7123336339875545e-07,6.166383770605441e-05,-1.8100105876328598e-06,0.0
2.757525074708832e-07,0.0,-1.5472510012905672e-07,5.571895146203344e-05,-1.8100105876328598e-06,0.0
2.758525074708832e-07,0.0,-1.3980836524575015e-07,5.0347199712541065e-05,-1.8100105876328598e-06,0.0
2.759525074708832e-07,0.0,-1.2632972267952635e-07,4.549332771672341e-05,-1.8100105876328598e-06,0.0
2.760525074708832e-07,0.0,-1.1415052887315707e-07,4.110740773186767e-05,-1.8100105876328598e-06,0.0
2.7615250747088323e-07,0.0,-1.03145506572425e-07,3.71443254482532e-05,-1.8100105876328598e-06,0.0
2.7625250747088323e-07,0.0,-9.320145628710694e-08,3.356331593578369e-05,-1.8100105876328598e-06,0.0
2.7635250747088324e-07,0.0,-8.421609183033216e-08,3.0327544329068083e-05,-1.8100105876328598e-06,0.0
2.7645250747088325e-07,0.0,-7.609698824692235e-08,2.7403726937807836e-05,-1.8100105876328598e-06,0.0
2.7655250747088326e-07,0.0,-6.876063106242374e-08,2.4761788885167222e-05,-1.8100105876328598e-06,0.0
2.7665250747088326e-07,0.0,-6.213155728398026e-08,2.2374554752538343e-05,-1.8100105876328598e-06,0.0
2.7675250747088327e-07,0.0,-5.61415791370132e-08,2.021746904862019e-05,-1.8100105876328598e-06,0.0
2.768525074708833e-07,0.0,-5.072908270701781e-08,1.8268343627510366e-05,-1.8100105876328598e-06,0.0
2.769525074708833e-07,0.0,-4.583839414061143e-08,1.6507129457709004e-05,-1.8100105876328598e-06,0.0
2.770525074708833e-07,0.0,-4.1419206998690876e-08,1.4915710394412976e-05,-1.8100105876328598e-06,0.0
2.771525074708833e-07,0.0,-3.7426064775659715e-08,1.3477716833807194e-05,-1.8100105876328598e-06,0.0
2.772525074708833e-07,0.0,-3.38178933435199e-08,1.217835733257e-05,-1.8100105876328598e-06,0.0
2.773525074708833e-07,0.0,-3.05575784416669e-08,1.1004266460602442e-05,-1.8100105876328598e-06,0.0
2.774525074708833e-07,0.0,-2.7611583926028066e-08,9.943367321969144e-06,-1.8100105876328598e-06,0.0
2.7755250747088333e-07,0.0,-2.4949606799849753e-08,8.984747329917985e-06,-1.8100105876328598e-06,0.0
2.7765250747088334e-07,0.0,-2.2544265521207677e-08,8.118545958179667e-06,-1.8100105876328598e-06,0.0
2.7775250747088335e-07,0.0,-2.0370818343978858e-08,7.335853313938105e-06,-1.8100105876328598e-06,0.0
2.7785250747088336e-07,0.0,-1.840690882682994e-08,6.628618489176231e-06,-1.8100105876328598e-06,0.0
2.7795250747088336e-07,0.0,-1.663233586534235e-08,5.989566747683702e-06,-1.8100105876328598e-06,0.0
2.7805250747088337e-07,0.0,-1.502884590498315e-08,5.412124695898235e-06,-1.8100105876328598e-06,0.0
2.781525074708834e-07,0.0,-1.3579945177769171e-08,4.890352667875196e-06,-1.8100105876328598e-06,0.0
2.782525074708834e-07,0.0,-1.2270730048194664e-08,4.4188836288859495e-06,-1.8100105876328598e-06,0.0
2.783525074708834e-07,0.0,-1.1087733708857773e-08,3.992867969197059e-06,-1.8100105876328598e-06,0.0
2.784525074708834e-07,0.0,-1.0018787661249591e-08,3.607923620169934e-06,-1.8100105876328598e-06,0.0
2.785525074708834e-07,0.0,-9.052896546283363e-09,3.260090979566693e-06,-1.8100105876328598e-06,0.0
2.786525074708834e-07,0.0,-8.180125046103343e-09,2.945792182416416e-06,-1.8100105876328598e-06,0.0
2.787525074708834e-07,0.0,-7.391495686104807e-09,2.66179429849502e-06,-1.8100105876328598e-06,0.0
2.7885250747088343e-07,0.0,-6.678896492507596e-09,2.4051760778619117e-06,-1.8100105876328598e-06,0.0
2.7895250747088344e-07,0.0,-6.034997550052336e-09,2.1732979023923743e-06,-1.8100105876328598e-06,0.0
2.7905250747088345e-07,0.0,-5.453175606268119e-09,1.9637746342221313e-06,-1.8100105876328598e-06,0.0
2.7915250747088345e-07,0.0,-4.9274459427210264e-09,1.77445108181861e-06,-1.8100105876328598e-06,0.0
2.7925250747088346e-07,0.0,-4.45240081593666e-09,1.6033798313188088e-06,-1.8100105876328598e-06,0.0
2.7935250747088347e-07,0.0,-4.0231538318067515e-09,1.448801215103167e-06,-1.8100105876328598e-06,0.0
2.794525074708835e-07,0.0,-3.635289683861922e-09,1.3091252115588401e-06,-1.8100105876328598e-06,0.0
2.795525074708835e-07,0.0,-3.284818736224165e-09,1.1829150898502933e-06,-1.8100105876328598e-06,0.0
2.796525074708835e-07,0.0,-2.968135985936051e-09,1.0688726314645842e-06,-1.8100105876328598e-06,0.0
2.797525074708835e-07,0.0,-2.6819839809613483e-09,9.658247765176585e-07,-1.8100105876328598e-06,0.0
2.798525074708835e-07,0.0,-2.4234193137672406e-09,8.727115574633296e-07,-1.8100105876328598e-06,0.0
2.799525074708835e-07,0.0,-2.18978234470259e-09,7.885751960890447e-07,-1.8100105876328598e-06,0.0
2.7999999999999997e-07,0.0,-2.086916061866879e-09,7.515314235145188e-07,-1.8100110423802107e-06,0.0
2.8000000114986604e-07,1.8972789320780291e-06,-2.086913630675036e-09,7.515305482022482e-07,-1.7692092910692736e-06,-0.0074249996849120965
2.800000034495982e-07,5.6918369709346335e-06,-2.0869087693845837e-09,7.51528797579746e-07,-1.7692092910692736e-06,-0.007425000372414366
2.8000000804906247e-07,1.3280953048647842e-05,-2.086899047450297e-09,7.515252963469749e-07,-1.799011613456969e-06,-0.00742499969634753
2.80000017247991e-07,2.8459185116723985e-05,-2.0868796024830254e-09,7.515182939303669e-07,-1.8064621940538927e-06,-0.007425000309823923
2.800000356458481e-07,5.8815649340226545e-05,-2.086840713247898e-09,7.515042892928878e-07,-1.8101874843523547e-06,-0.0074249997848199085
2.800000724415623e-07,0.00011952857778723167,-2.086762936924986e-09,7.514762808008569e-07,-1.8101874843523547e-06,-0.007425000401307386
2.800001460329907e-07,0.00024095443459389162,-2.086607392909228e-09,7.514202669483571e-07,-1.8101874843523547e-06,-0.007424999957104161
2.8000029321584747e-07,0.0004838061482945619,-2.0862963396760558e-09,7.513082517684431e-07,-1.809721823065047e-06,-0.007425000772582568
2.80000587581561e-07,0.0009695095756085519,-2.085674372307707e-09,7.510842714996196e-07,-1.8099546537087008e-06,-0.00742500068630117
2.800011763129881e-07,0.0019409164303238826,-2.0844309937518903e-09,7.506365112513366e-07,-1.8099546537087008e-06,-0.007425002237653272
2.800023537758423e-07,0.003883730139754544,-2.0819464597096246e-09,7.497417913153905e-07,-1.8099546537087008e-06,-0.007425003613771852
2.8000470870155064e-07,0.007769357558528516,-2.0769862706427843e-09,7.479555489176861e-07,-1.8099837575391575e-06,-0.007425008092260765
2.8000941855296734e-07,0.015540612396076459,-2.067101302932252e-09,7.443958159748101e-07,-1.8099983094543859e-06,-0.007425015323653916
2.8001883825580073e-07,0.031083122071172347,-2.0474721685657674e-09,7.373270547711279e-07,-2.49308197908249e-06,-0.007425031512023672
2.8003767766146757e-07,0.062168141421451474,-2.0087704504178205e-09,7.233899550175758e-07,-3.308638980570322e-05,-0.007425062163217255
2.8007535647280124e-07,0.12433818012200971,-1.933541108810906e-09,6.962986813331995e-07,-0.00023056343647454014,-0.0074251251910624205
2.801507140954686e-07,0.24867825752312625,-1.7913791832979465e-09,6.45103927407791e-07,-0.0011706796040868994,-0.007425249521297417
2.802507140954686e-07,0.41367825752313864,-1.6186759286713055e-09,5.829107586612742e-07,-0.003540507966107498,-0.007425415846611827
2.803507140954686e-07,0.578678257523151,-1.4626226465553915e-09,5.267135078969582e-07,-0.0071903363276817345,-0.007425581021621497
2.804507140954686e-07,0.7436782575231634,-1.321614146676714e-09,4.759341207533454e-07,-0.012120164689235935,-0.007425747346957223
2.8045861474747774e-07,0.7567143333382341,-1.3110799250066364e-09,4.7214058120861017e-07,-0.012564212332648594,-0.007425759867118131
2.80474416051496e-07,0.7827864849683756,-1.2902623778770727e-09,4.64643853805664e-07,-0.013476277065535669,-0.007425786632964559
2.804773457145307e-07,0.7876204289756588,-1.286439231518316e-09,4.63267078439428e-07,-0.013648891709209465,-0.007425790913828223
2.804832050406001e-07,0.7972883169901377,-1.278826873351978e-09,4.6052574807494314e-07,-0.013997416905397131,-0.007425801200596993
2.804949236927389e-07,0.8166240930191828,-1.2637368941723028e-09,4.5509160832131675e-07,-0.014707650627684643,-0.00742582004941994
2.8049744582198497e-07,0.8207856062751612,-1.2605125697348873e-09,4.539304781834039e-07,-0.014862808307157138,-0.007425824804727199
2.804991739785958e-07,0.8236370646830715,-1.2583080222568041e-09,4.5313658583006205e-07,-0.014969592034276502,-0.007425827094294846
2.805002663653234e-07,0.8254395027836116,-1.256916493146331e-09,4.5263547422677444e-07,-0.015004255463395566,-0.007425829479828394
2.8050145957150695e-07,0.8274082929864344,-1.2553982942402193e-09,4.520887468305587e-07,-0.014930309037140432,-0.007425830882397122
2.80502166155993e-07,0.828574157388421,-1.2545001225423449e-09,4.5176530102088675e-07,-0.014886636119769037,-0.007425832628896956
2.805031655364827e-07,0.8302231351964459,-1.2532308615387988e-09,4.5130822009402774e-07,-0.014825059706964794,-0.007425833710300367
2.805051642974621e-07,0.8335210908124083,-1.2506961901732307e-09,4.5039544491610843e-07,-0.0147022522548923,-0.0074258375979496805
2.805091618194209e-07,0.8401170020444204,-1.2456422110968417e-09,4.4857542725480534e-07,-0.014458043650449781,-0.007425843649343733
2.805171568633384e-07,0.8533088245083572,-1.2355953977681357e-09,4.449574111495159e-07,-0.013975762736777142,-0.007425857475539033
2.8053314695117355e-07,0.8796924694363185,-1.215743894482839e-09,4.378085713872899e-07,-0.01303574651237227,-0.007425883404778233
2.8056512712684375e-07,0.9324597592921534,-1.1769900862024027e-09,4.238527131545078e-07,-0.011253896231465887,-0.007425936986308557
2.806290874781842e-07,1.0379943390039106,-1.1031303500559912e-09,3.972546560207327e-07,-0.008082924640575584,-0.007426042426388335
2.807290874781842e-07,1.2029943390039233,-9.967797775424344e-10,3.589561357241432e-07,-0.004174556422213982,-0.007426208750842989
2.808290874781842e-07,1.3679943390039355,-9.006822492622865e-10,3.2434989853784084e-07,-0.0015461882034060181,-0.007426373926733731
2.8092908747818423e-07,1.532994339003948,-8.138492898962556e-10,2.9307997889289666e-07,-0.0001978199845780182,-0.007426540251174174
2.8102908747818424e-07,1.6979943390039602,-7.35387721038593e-10,2.64824729143054e-07,-1.8100105876328598e-06,-0.0074267054270080735
2.8112908747818424e-07,1.8629943390039725,-6.644904738112344e-10,2.39293511043008e-07,-1.8100105876328598e-06,-0.007426871751533781
2.8122908747818425e-07,2.027994339003985,-6.004282872203682e-10,2.162237061945923e-07,-1.8100105876328598e-06,-0.007427036927339259
2.8132908747818426e-07,2.192994339003998,-5.425422068527918e-10,1.9537801470982032e-07,-1.8100105876328598e-06,-0.007427203251836545
2.8142908747818427e-07,2.35799433900401,-4.902368067626278e-10,1.765420143043753e-07,-1.8100105876328598e-06,-0.007427368427698866
2.815290874781843e-07,2.5229943390040224,-4.429740648175011e-10,1.5952195471397475e-07,-1.8100105876328598e-06,-0.007427534752139309
2.816290874781843e-07,2.687994339004035,-4.002678285152332e-10,1.4414276474660543e-07,-1.8100105876328598e-06,-0.0074276999280300515
2.817290874781843e-07,2.852994339004047,-3.616788143345258e-10,1.302462514708333e-07,-1.8100105876328598e-06,-0.007427866252498916
2.818290874781843e-07,3.01799433900406,-3.268100891940286e-10,1.1768947301673741e-07,-1.8100105876328598e-06,-0.007428031428332815
2.819290874781843e-07,3.182994339004072,-2.9530298752889003e-10,1.063432682518241e-07,-1.8100105876328598e-06,-0.00742819775280168
2.82e-07,3.299999999999986,-2.748274058651936e-10,9.896968801238374e-08,-1.8100110423802107e-06,-0.007428314716207751
2.8200032365008727e-07,3.3000000000000003,-2.747373395205929e-10,9.89372536996995e-08,-1.8098382383868739e-06,-3.3150035392282007e-06
2.820009709502618e-07,3.3000000000000003,-2.7455726586484266e-10,9.8872406333055e-08,-1.8098382383868739e-06,-3.3150031413242687e-06
2.820022655506108e-07,3.3000000000000003,-2.741974725189507e-10,9.874283906853439e-08,-1.8099837575391575e-06,-3.315003482384782e-06
2.8200485475130895e-07,3.3000000000000003,-2.7347929937351735e-10,9.848421357990686e-08,-1.8099692056239292e-06,-3.3150031413242687e-06
2.8201003315270515e-07,3.3000000000000003,-2.720485887814067e-10,9.796899210667712e-08,-1.8099983094543859e-06,-3.315003482384782e-06
2.8202038995549754e-07,3.3000000000000003,-2.692095633597297e-10,9.694661422793275e-08,-1.8099910334967717e-06,-3.3150031413242687e-06
2.820411035610824e-07,3.3000000000000003,-2.636199330524661e-10,9.493370010139488e-08,-1.8100201373272284e-06,-3.3150035392282007e-06
2.820825307722521e-07,3.3000000000000003,-2.5278526946740605e-10,9.103196667946857e-08,-1.8100092233908072e-06,-3.3150031981676875e-06
2.8216538519459145e-07,3.3000000000000003,-2.3242494239158607e-10,8.36998914368787e-08,-1.810010132885509e-06,-3.3150035392282007e-06
2.8226538519459146e-07,3.3000000000000003,-2.1001732239591326e-10,7.56305536898333e-08,-1.8100105876328598e-06,-3.3150031413242687e-06
2.8236538519459147e-07,3.3000000000000003,-1.8976997585758968e-10,6.833916452262563e-08,-1.8100105876328598e-06,-3.3150035392282007e-06
2.824653851945915e-07,3.3000000000000003,-1.7147463516890152e-10,6.175072348145845e-08,-1.8100105876328598e-06,-3.3150031413242687e-06
2.825653851945915e-07,3.3000000000000003,-1.5494311138225247e-10,5.579746075504173e-08,-1.8100105876328598e-06,-3.3150035392282007e-06
2.826653851945915e-07,3.3000000000000003,-1.400053584669478e-10,5.041814008292959e-08,-1.8100105876328598e-06,-3.3150031413242687e-06
2.827653851945915e-07,3.3000000000000003,-1.2650772418724796e-10,4.555742886905876e-08,-1.8100105876328598e-06,-3.3150035392282007e-06
2.828653851945915e-07,3.3000000000000003,-1.1431136960957272e-10,4.116532902137058e-08,-1.8100105876328598e-06,-3.3150031413242687e-06
2.829653851945915e-07,3.3000000000000003,-1.0329084098197112e-10,3.719666266303728e-08,-1.8100105876328598e-06,-3.3150035392282007e-06
2.830653851945915e-07,3.3000000000000003,-9.333277929573906e-11,3.3610607425231874e-08,-1.8100105876328598e-06,-3.3150031413242687e-06
2.8316538519459153e-07,3.3000000000000003,-8.4334754255575e-11,3.037027654138499e-08,-1.8100105876328598e-06,-3.3150035392282007e-06
2.8326538519459154e-07,3.3000000000000003,-7.620421066442261e-11,2.744233942370758e-08,-1.8100105876328598e-06,-3.3150031413242687e-06
2.8336538519459154e-07,3.3000000000000003,-6.88575163851114e-11,2.4796678819166007e-08,-1.8100105876328598e-06,-3.3150035392282007e-06
2.8346538519459155e-07,3.3000000000000003,-6.221910208617175e-11,2.2406081018358154e-08,-1.8100105876328598e-06,-3.3150031413242687e-06
2.8356538519459156e-07,3.3000000000000003,-5.622068392299522e-11,2.024595593072712e-08,-1.8100105876328598e-06,-3.3150035392282007e-06
2.8366538519459157e-07,3.3000000000000003,-5.08005611587118e-11,1.8294084146759048e-08,-1.8100105876328598e-06,-3.3150031413242687e-06
2.8376538519459157e-07,3.3000000000000003,-4.5902981500110484e-11,1.6530388385404396e-08,-1.8100105876328598e-06,-3.3150035392282007e-06
2.838653851945916e-07,3.3000000000000003,-4.1477567620083706e-11,1.4936726975792433e-08,-1.8100105876328598e-06,-3.3150031413242687e-06
2.839653851945916e-07,3.3000000000000003,-3.747879896810504e-11,1.3496707248957193e-08,-1.8100105876328598e-06,-3.3150035392282007e-06
2.840653851945916e-07,3.3000000000000003,-3.3865543538070746e-11,1.219551692009082e-08,-1.8100105876328598e-06,-3.3150031413242687e-06
2.841653851945916e-07,3.3000000000000003,-3.060063477768239e-11,1.1019771726893831e-08,-1.8100105876328598e-06,-3.3150035392282007e-06
2.842653851945916e-07,3.3000000000000003,-2.7650489286975557e-11,9.957377756804778e-09,-1.8100105876328598e-06,-3.3150031413242687e-06
2.843653851945916e-07,3.3000000000000003,-2.4984761373864753e-11,8.997407046984087e-09,-1.8100105876328598e-06,-3.3150035392282007e-06
2.844653851945916e-07,3.3000000000000003,-2.25760309132392e-11,8.129985177452588e-09,-1.8100105876328598e-06,-3.3150031413242687e-06
2.84469179929929e-07,3.3000000000000003,-2.2489421648381875e-11,8.098795813727722e-09,-1.8100128613696143e-06,-3.3150035392282007e-06
2.8447676940060375e-07,3.3000000000000003,-2.2317197997293e-11,8.036775357792001e-09,-1.8099983094543859e-06,-3.3150031413242687e-06
2.844919483419533e-07,3.3000000000000003,-2.1976692261260668e-11,7.914153866113894e-09,-1.8100237753060355e-06,-3.3150035392282007e-06
2.844927103189092e-07,3.3000000000000003,-2.195973695185457e-11,7.908047991490696e-09,-1.8098964460477873e-06,-3.3150031413242687e-06
2.8449423427282104e-07,3.3000000000000003,-2.192586556161765e-11,7.895850369084421e-09,-1.8100128613696143e-06,-3.3150035392282007e-06
2.844972821806447e-07,3.3000000000000003,-2.1858279393259497e-11,7.87151152276791e-09,-1.8099837575391575e-06,-3.3150031413242687e-06
2.84503377996292e-07,3.3000000000000003,-2.172373109500242e-11,7.823058556218884e-09,-1.810005585412e-06,-3.3150035392282007e-06
2.845036840038397e-07,3.3000000000000003,-2.171699871885828e-11,7.820634121256979e-09,-1.8099546537087008e-06,-3.3150031413242687e-06
2.8450429601893516e-07,3.3000000000000003,-2.1703540224737074e-11,7.815787505045387e-09,-1.8099546537087008e-06,-3.315003482384782e-06
2.84505520049126e-07,3.3000000000000003,-2.167664825035978e-11,7.806103280489874e-09,-1.8099546537087008e-06,-3.3150031981676875e-06
2.845079681095077e-07,3.3000000000000003,-2.1622964202016008e-11,7.786770807077675e-09,-1.8099837575391575e-06,-3.3150035392282007e-06
2.845080910011714e-07,3.3000000000000003,-2.162027279279885e-11,7.78580158810651e-09,-1.8101874843523547e-06,-3.31500308448085e-06
2.845083367844988e-07,3.3000000000000003,-2.1614890979123845e-11,7.783863512057565e-09,-1.8099546537087008e-06,-3.3150035960716195e-06
2.8450882835115353e-07,3.3000000000000003,-2.1604131370418227e-11,7.77998880708286e-09,-1.8099546537087008e-06,-3.3150031981676875e-06
2.8450981148446304e-07,3.3000000000000003,-2.158262821698595e-11,7.772245182025295e-09,-1.8100128613696143e-06,-3.315003482384782e-06
2.8451177775108205e-07,3.3000000000000003,-2.1539686086137174e-11,7.756781042702595e-09,-1.8099837575391575e-06,-3.3150031413242687e-06
2.8451187645688875e-07,3.3000000000000003,-2.1537532662417667e-11,7.756005560839983e-09,-1.8106531456396624e-06,-3.315003482384782e-06
2.845120738685022e-07,3.3000000000000003,-2.153322646099501e-11,7.75445482968884e-09,-1.8101874843523547e-06,-3.31500308448085e-06
2.8451246869172914e-07,3.3000000000000003,-2.1524616640618526e-11,7.751354297450368e-09,-1.8100710690305277e-06,-3.315003482384782e-06
2.845124885116987e-07,3.3000000000000003,-2.1524184521614855e-11,7.751198684645336e-09,-1.8064621940538927e-06,-3.315003027637431e-06
2.845125281516378e-07,3.3000000000000003,-2.15233203102997e-11,7.750887468407223e-09,-1.8092561617777392e-06,-3.315003823445295e-06
2.8451253014154706e-07,3.3000000000000003,-2.1523276928732427e-11,7.750871845804827e-09,-1.799011613456969e-06,-3.315006665616238e-06
2.845125341213655e-07,3.3000000000000003,-2.1523190166416028e-11,7.7508406006945e-09,-1.799011613456969e-06,-3.3150048466268345e-06
2.845125420810024e-07,3.3000000000000003,-2.1523016635741334e-11,7.750778110851706e-09,-1.8064621940538927e-06,-3.315003482384782e-06
2.8451255800027625e-07,3.3000000000000003,-2.1522669587059102e-11,7.750653132677555e-09,-1.8101874843523547e-06,-3.3150037097584573e-06
2.845125898388239e-07,3.3000000000000003,-2.152197550374024e-11,7.750403182374875e-09,-1.8101874843523547e-06,-3.3150032550111064e-06
2.8451259143710635e-07,3.3000000000000003,-2.1521940657684422e-11,7.750390635181244e-09,-1.799011613456969e-06,-3.315006665616238e-06
2.845125946336713e-07,3.3000000000000003,-2.152187097952612e-11,7.750365540854924e-09,-1.799011613456969e-06,-3.3150048466268345e-06
2.845125948117135e-07,3.3000000000000003,-2.152186713180365e-11,7.7503641431541e-09,-1.6500000015184924e-06,-3.3150175795526593e-06
2.845125951677979e-07,3.3000000000000003,-2.1521859334745328e-11,7.750361347753212e-09,-1.6500000015184924e-06,-3.315003027637431e-06
2.845125958799667e-07,3.3000000000000003,-2.1521843808369867e-11,7.750355756954453e-09,-1.709604646293883e-06,-3.315010303595045e-06
2.845125973043043e-07,3.3000000000000003,-2.152181276238951e-11,7.750344575369029e-09,-1.799011613456969e-06,-3.315006665616238e-06
2.8451259742312435e-07,3.3000000000000003,-2.15218101523769e-11,7.750343642587725e-09,-1.1731628433153674e-06,-3.3149884757222026e-06
2.8451259766076447e-07,3.3000000000000003,-2.1521805000093683e-11,7.750341777025457e-09,-1.6500000015184924e-06,-3.3150175795526593e-06
2.8451259813604466e-07,3.3000000000000003,-2.1521794627784747e-11,7.75033804590227e-09,-1.6500000015184924e-06,-3.3149957516798167e-06
2.8451259820467333e-07,3.3000000000000003,0.3782642985458664,2.0861337053820992e-08,-0.01146458213401276,-3.314959371891746e-06
2.845125982592654e-07,3.3000000000000003,0.3782819693700293,4.1720648944860747e-08,-0.011465116998999183,-3.3150175795526593e-06
2.845125982863146e-07,3.3000000000000003,0.3782907247988308,5.205635845846931e-08,-0.011463474661933827,-3.3151339948744862e-06
2.845125983222584e-07,3.3000000000000003,0.37830235916377203,6.579110783729669e-08,-0.0114638268138894,-3.3150175795526593e-06
2.845125983941459e-07,3.3000000000000003,0.3783256275760232,9.326187230841003e-08,-0.01146548478243182,-3.314959371891746e-06
2.84512598537921e-07,3.3000000000000003,0.37837216312799943,1.482084639885445e-07,-0.011467370169320663,-3.3150175795526593e-06
2.8451259882547114e-07,3.3000000000000003,0.3784652291415426,2.5812189737269623e-07,-0.01147066395106652,-3.3149884757222026e-06
2.8451259940057147e-07,3.3000000000000003,0.37865134080926177,4.78029756815117e-07,-0.011476297220800064,-3.315003027637431e-06
2.845126005507721e-07,3.3000000000000003,0.3790234827197452,9.181693870337445e-07,-0.01148768049226234,-3.315003027637431e-06
2.845126028511734e-07,3.3000000000000003,0.3797674409626257,1.7997438180612615e-06,-0.01151019871101548,-3.315003027637431e-06
2.84512607451976e-07,3.3000000000000003,0.3812540560830353,3.5680695670115603e-06,-0.011555225357373643,-3.3150039371321327e-06
2.845126166535812e-07,3.3000000000000003,0.3842220884482709,7.125398288579863e-06,-0.01164506835285182,-3.315003482384782e-06
2.8451263505679163e-07,3.3000000000000003,0.39013742218416375,1.432252267051035e-05,-0.011824112436251024,-3.315003027637431e-06
2.845126718632124e-07,3.3000000000000003,0.4018856472193885,2.90447136590363e-05,-0.012179683014095492,-3.3150035960716195e-06
2.845127454760539e-07,3.3000000000000003,0.4250561397999981,5.9785620564693475e-05,-0.01288091171211845,-3.3150031413242687e-06
2.8451288994429377e-07,3.3000000000000003,0.46929427275255425,0.0001250273025356697,-0.014219528413021097,-3.3150035960716195e-06
2.845130295750108e-07,3.3000000000000003,0.5105375226866796,0.00019410308826148985,-0.015467272368909447,-3.31500308448085e-06
2.845131698295173e-07,3.3000000000000003,0.5505203754676005,0.00026923095050081713,-0.01667663781499354,-3.315003482384782e-06
2.8451331936618327e-07,3.3000000000000003,0.5916119456528088,0.00035544168176381284,-0.017919265091071997,-3.3150031413242687e-06
2.845134714510066e-07,3.3000000000000003,0.6318355089764063,0.0004493534963268417,-0.019135355826042037,-3.3150035392282007e-06
2.8451364570919346e-07,3.3000000000000003,0.6760574708010131,0.0005643708748588034,-0.02047197412218547,-3.3150032550111064e-06
2.84513829226854e-07,3.3000000000000003,0.7205643597726276,0.0006937011236365308,-0.021816793368699797,-3.3150035392282007e-06
2.845140350962416e-07,3.3000000000000003,0.768089411579156,0.0008483227320971307,-0.023252308009895528,-3.3150031981676875e-06
2.845142523059409e-07,3.3000000000000003,0.815614301052494,0.001021852826493465,-0.02468724521297383,-3.3150035392282007e-06
2.845144926807843e-07,3.3000000000000003,0.865246144631597,0.0012256388497009344,-0.02618511453797987,-3.3150031413242687e-06
2.845147474213668e-07,3.3000000000000003,0.914645128781629,0.001454289280718745,-0.02767517451538971,-3.3150035960716195e-06
2.8451502703457607e-07,3.3000000000000003,0.965319023601231,0.0017193273740328252,-0.029202766069408827,-3.3150031413242687e-06
2.845153245437234e-07,3.3000000000000003,1.0154337027172655,0.002016388305921883,-0.030712440744766277,-3.315003482384782e-06
2.8451564946683543e-07,3.3000000000000003,1.0660170687458705,0.0023572420274300546,-0.03223499193395243,-3.3150031413242687e-06
2.8451599652224864e-07,3.3000000000000003,1.1156360058116401,0.002738750066616802,-0.033727084856766835,-3.315003482384782e-06
2.8451637460838246e-07,3.3000000000000003,1.16494813964432,0.003173104638402691,-0.03520827911144116,-3.3150031413242687e-06
2.845167770844216e-07,3.3000000000000003,1.2124976579240376,0.003654981823611997,-0.03663461869897817,-3.3150035392282007e-06
2.8451719912525745e-07,3.3000000000000003,1.2574100595211364,0.004179777444379866,-0.03797974258041163,-3.3150031413242687e-06
2.845176430003952e-07,3.3000000000000003,1.2997354776430985,0.004751034596921813,-0.03924506262743586,-3.3150035960716195e-06
2.845181089938705e-07,3.3000000000000003,1.3393290390165264,0.005369757133665071,-0.04042615794335692,-3.3150031413242687e-06
2.84518599784397e-07,3.3000000000000003,1.3762662887785297,0.006040054423216866,-0.04152519332400068,-3.3150035392282007e-06
2.845191157478379e-07,3.3000000000000003,1.4104448243762275,0.0067629004828984075,-0.04253903627643119,-3.3150031413242687e-06
2.845196596330559e-07,3.3000000000000003,1.4419430058916947,0.0075424919401721,-0.04346993425647761,-3.315003482384782e-06
2.8452023248678386e-07,3.3000000000000003,1.4707386265590152,0.008380582313420551,-0.044317160823386374,-3.3150031413242687e-06
2.845208375231035e-07,3.3000000000000003,1.4969325997771006,0.009282027947714119,-0.04508362713077817,-3.3150035392282007e-06
2.845214766169811e-07,3.3000000000000003,1.5205627499739964,0.010249694715030339,-0.04577039274128709,-3.3150031413242687e-06
2.845221536781072e-07,3.3000000000000003,1.5417484869517164,0.01128948691298401,-0.04638089710219815,-3.3150035392282007e-06
2.8452287166598156e-07,3.3000000000000003,1.5605716287908244,0.01240585825387065,-0.04691748472833267,-3.3150031413242687e-06
2.8452363557664755e-07,3.3000000000000003,1.577167080069923,0.01360640422456259,-0.04738401372229355,-3.3150035392282007e-06
2.845244499028106e-07,3.3000000000000003,1.591648013318262,0.014897938166266483,-0.047783706911902014,-3.3150031413242687e-06
2.845253213508855e-07,3.3000000000000003,1.6041609072581204,0.016290767557186097,-0.048120691136012965,-3.3150035392282007e-06
2.8452625671697283e-07,3.3000000000000003,1.6148398045732715,0.017795343874474207,-0.04839871148390482,-3.3150031413242687e-06
2.845272654783875e-07,3.3000000000000003,1.6238384021376633,0.019426407381030703,-0.04862197914854989,-3.3150035392282007e-06
2.845283581196889e-07,3.3000000000000003,1.6313028832083938,0.021200302022293827,-0.048794428567804915,-3.3150031413242687e-06
2.845295488195125e-07,3.3000000000000003,1.6373896057461292,0.023139310305774465,-0.04892012302354492,-3.315003482384782e-06
2.8453085440127825e-07,3.3000000000000003,1.642249433330256,0.02526993389224383,-0.049002831005657325,-3.3150031413242687e-06
2.8453229755410216e-07,3.3000000000000003,1.6460366373292499,0.027628095199637517,-0.04904613911689568,-3.315003482384782e-06
2.8453390695635e-07,3.3000000000000003,1.6489000183654652,0.030259264095595543,-0.049053178682666516,-3.3150031413242687e-06
2.845357221257606e-07,3.3000000000000003,1.6509865617688713,0.03322624198952038,-0.04902650096527506,-3.3150035392282007e-06
2.845377966117781e-07,3.3000000000000003,1.6524363045126096,0.036614131720432035,-0.04896777068813333,-3.3150031413242687e-06
2.8454020821859013e-07,3.3000000000000003,1.6533826874314594,0.04054658338410841,-0.04887728470289022,-3.3150035392282007e-06
2.845430699754953e-07,3.3000000000000003,1.65394837845923,0.04520283768591144,-0.0487533287765833,-3.3150031413242687e-06
2.8454655991788916e-07,3.3000000000000003,1.6542443039212806,0.05086452068723557,-0.048590730402861874,-3.3150035392282007e-06
2.8455097080155545e-07,3.3000000000000003,1.654365321888686,0.05799267005696164,-0.04837839320864649,-3.3150031413242687e-06
2.845568318612047e-07,3.3000000000000003,1.6543864539000634,0.06741578374094608,-0.04809348470153058,-3.3150035392282007e-06
2.845652024426811e-07,3.3000000000000003,1.654357765064609,0.08077722385461082,-0.047687723182251084,-3.3150031981676875e-06
2.845785829192497e-07,3.3000000000000003,1.6542987976793182,0.10190200490085058,-0.04704579137813085,-3.315003482384782e-06
2.8460458855373753e-07,3.3000000000000003,1.6541871284268053,0.1421507568127591,-0.04582274818812462,-3.3150031413242687e-06
2.846525704288145e-07,3.3000000000000003,1.65398840012209,0.21369535344628868,-0.04364870783975865,-3.3150035392282007e-06
2.846967278170907e-07,3.3000000000000003,1.6538139512133265,0.2765320953496752,-0.041739277639802445,-3.3150031981676875e-06
2.8475450452208685e-07,3.3000000000000003,1.6535970656277748,0.3546255800975154,-0.03936623589762489,-3.3150035392282007e-06
2.848081016021665e-07,3.3000000000000003,1.6534069666775086,0.423091437999015,-0.037285752166562956,-3.3150031981676875e-06
2.8487417284208244e-07,3.3000000000000003,1.6531863241213822,0.5025424188039095,-0.034871460328047194,-3.3150035392282007e-06
2.8493745056396785e-07,3.3000000000000003,1.6529884520838176,0.5738042583513865,-0.03270601432636187,-3.3150031413242687e-06
2.85011913442886e-07,3.3000000000000003,1.6527712314782743,0.6520252623295776,-0.030329098211764043,-3.315003482384782e-06
2.8508465494606894e-07,3.3000000000000003,1.652574308234743,0.7229436938426655,-0.02817408726462881,-3.3150031413242687e-06
2.8516756579470046e-07,3.3000000000000003,1.6523668197962635,0.7976612820340907,-0.02590363018956837,-3.3150035392282007e-06
2.852498388390351e-07,3.3000000000000003,1.6521774750321194,0.865849573404564,-0.023831580420394047,-3.3150031413242687e-06
2.8534085161666116e-07,3.3000000000000003,1.651985578285152,0.9349531102799364,-0.021731718604044437,-3.3150035392282007e-06
2.8542558495269094e-07,3.3000000000000003,1.6518221769118957,0.9937981235549612,-0.019943584662968767,-3.3150031413242687e-06
2.855151960802074e-07,3.3000000000000003,1.6516639579945538,1.0507742264397932,-0.018212241419825807,-3.3150035960716195e-06
2.8560020983657207e-07,3.3000000000000003,1.6515265888332262,1.1002441672077592,-0.01670898946639617,-3.3150031413242687e-06
2.8568915936516674e-07,3.3000000000000003,1.6513949723664112,1.1476406427980246,-0.015268744121860729,-3.3150035392282007e-06
2.857747042068809e-07,3.3000000000000003,1.6512791193269065,1.1893619631979555,-0.014000950871014068,-3.3150031413242687e-06
2.858632123933491e-07,3.3000000000000003,1.65116936248402,1.228886672711198,-0.012799906325736505,-3.3150035392282007e-06
2.859491378618774e-07,3.3000000000000003,1.6510718318563955,1.264009573648699,-0.011732620424127036,-3.3150031413242687e-06
2.8603730122533193e-07,3.3000000000000003,1.6509802046201616,1.2970056822445284,-0.010729961670520744,-3.3150035392282007e-06
2.8612351475547293e-07,3.3000000000000003,1.650898187677124,1.3265416979793523,-0.009832445445806054,-3.3150031981676875e-06
2.8621142049784095e-07,3.3000000000000003,1.6508216194114305,1.3541149398728718,-0.008994572335025092,-3.3150035392282007e-06
2.86297853340661e-07,3.3000000000000003,1.6507527039138943,1.3789328027945922,-0.008240427465533462,-3.3150031413242687e-06
2.863855655383488e-07,3.3000000000000003,1.6506886729213541,1.4019912465950188,-0.007539746346725538,-3.3150035392282007e-06
2.8647216484890437e-07,3.3000000000000003,1.6506308017701945,1.4228317837479272,-0.00690646118868335,-3.31500308448085e-06
2.865597316098838e-07,3.3000000000000003,1.6505772257883147,1.4421252612803892,-0.006320186787560971,-3.3150035392282007e-06
2.8664645739948933e-07,3.3000000000000003,1.6505286517088054,1.459617717217204,-0.005788640373991476,-3.3150031413242687e-06
2.8673391497741613e-07,3.3000000000000003,1.6504838050869635,1.4757676465024794,-0.005297889544512053,-3.3150035392282007e-06
2.8682073699915826e-07,3.3000000000000003,1.6504430489047084,1.490444711767601,-0.004851894913963078,-3.3150031413242687e-06
2.869081127614016e-07,3.3000000000000003,1.650405497625311,1.5039674940159764,-0.00444097567817343,-3.3150035392282007e-06
2.8699500820140253e-07,3.3000000000000003,1.6503713102121595,1.5162790112268603,-0.00406686338310159,-3.3150031413242687e-06
2.8708232286291794e-07,3.3000000000000003,1.6503398601275294,1.5276046704396664,-0.0037227085240005113,-3.3150035392282007e-06
2.8716927456302355e-07,3.3000000000000003,1.6503111885818655,1.537929814356458,-0.003408956511632516,-3.3150031413242687e-06
2.8725654387060577e-07,3.3000000000000003,1.650284843719654,1.5474170109484824,-0.0031206673507441977,-3.3150035392282007e-06
2.873435389832495e-07,3.3000000000000003,1.650260801780016,1.5560749442730353,-0.0028575771671663,-3.3150031413242687e-06
2.8743077496384427e-07,3.3000000000000003,1.6502387304664048,1.5640231737045611,-0.002616052880099971,-3.3150035960716195e-06
2.875178039387455e-07,3.3000000000000003,1.650218572920724,1.5712822634138472,-0.002395469609790016,-3.3150031413242687e-06
2.876050158459484e-07,3.3000000000000003,1.650200080051052,1.5779418416374953,-0.0021931037997014124,-3.315003482384782e-06
2.87692071655932e-07,3.3000000000000003,1.6501831807863272,1.5840275639998131,-0.0020081758556165464,-3.3150031413242687e-06
2.877792666940235e-07,3.3000000000000003,1.650167685001187,1.5896078463066092,-0.0018386068065654295,-3.3150035392282007e-06
2.8786634425861406e-07,3.3000000000000003,1.6501535182835396,1.5947095285600552,-0.0016835810660299623,-3.3150031413242687e-06
2.8795352812877756e-07,3.3000000000000003,1.650140533105325,1.5993857023848543,-0.0015414853251928592,-3.3150035392282007e-06
2.8804062388214544e-07,3.3000000000000003,1.6501286576867964,1.6036622464803025,-0.001411533207783937,-3.3150031413242687e-06
2.881278011986605e-07,3.3000000000000003,1.6501177758758792,1.6075809647065253,-0.0012924544073855907,-3.3150035392282007e-06
2.8821491278108126e-07,3.3000000000000003,1.6501078215425051,1.6111656917185913,-0.0011835246597459554,-3.3150031413242687e-06
2.8830208739604456e-07,3.3000000000000003,1.6500987020904574,1.6144497565056866,-0.0010837311888171298,-3.3150035392282007e-06
2.883892134242822e-07,3.3000000000000003,1.6500903583074116,1.6174544959525317,-0.0009924256285001173,-3.3150031413242687e-06
2.884763886746115e-07,3.3000000000000003,1.6500827156024278,1.6202067602733101,-0.0009087920746465727,-3.315003482384782e-06
2.885635285939771e-07,3.3000000000000003,1.650075721942974,1.62272529673086,-0.000832260851023117,-3.3150031413242687e-06
2.8865070751693855e-07,3.3000000000000003,1.6500693167301945,1.6250319199130834,-0.0007621690759765428,-3.3150035392282007e-06
2.8873786146780973e-07,3.3000000000000003,1.6500634548238289,1.62714289244812,-0.0006980225714441941,-3.3150031413242687e-06
2.888250470034702e-07,3.3000000000000003,1.6500580866540884,1.6290760595107945,-0.0006392790746513595,-3.3150035392282007e-06
2.8891221574460443e-07,3.3000000000000003,1.6500531734163628,1.6308454000738173,-0.0005855138026088114,-3.3150031413242687e-06
2.8899941085666184e-07,3.3000000000000003,1.6500486743372682,1.632465593339906,-0.0005362806962931535,-3.3150035392282007e-06
2.890865957884217e-07,3.3000000000000003,1.650044556277927,1.6339485764798969,-0.0004912170199330922,-3.3150031413242687e-06
2.891738035959044e-07,3.3000000000000003,1.6500407855557861,1.6353064764299523,-0.0004499542694033509,-3.3150035392282007e-06
2.89261006735722e-07,3.3000000000000003,1.6500373340047354,1.636549438479521,-0.00041218415591999383,-3.3150031413242687e-06
2.8934823065678524e-07,3.3000000000000003,1.6500341737060238,1.637687514810577,-0.0003776012246297256,-3.3150035392282007e-06
2.894354546955572e-07,3.3000000000000003,1.6500312808046522,1.6387292976737151,-0.00034594438035327974,-3.3150031413242687e-06
2.895226985330298e-07,3.3000000000000003,1.6500286320998212,1.6396831404859995,-0.00031695978673469634,-3.3150035392282007e-06
2.8960994688646935e-07,3.3000000000000003,1.6500262074375602,1.6405563024681407,-0.0002904268556949479,-3.3150031981676875e-06
2.896972150745277e-07,3.3000000000000003,1.6500239875009994,1.6413557387363695,-0.00026613424119401085,-3.3150035392282007e-06
2.8978449190492154e-07,3.3000000000000003,1.6500219552972053,1.6420875696977266,-0.0002438959618957328,-3.3150031413242687e-06
2.8987178958610785e-07,3.3000000000000003,1.65002009471552,1.6427575963306034,-0.0002235357414065232,-3.3150035392282007e-06
2.899591000297557e-07,3.3000000000000003,1.650018391450959,1.643370970680387,-0.00020489702273880249,-3.3150031413242687e-06
2.900464331915196e-07,3.3000000000000003,1.6500168320506503,1.6439325368473945,-0.00018783261097182234,-3.3150035392282007e-06
2.9013378349604545e-07,3.3000000000000003,1.650015404484722,1.6444466274574931,-0.00017221084665276852,-3.3150031413242687e-06
2.90221159208827e-07,3.3000000000000003,1.6500140975110602,1.6449172905887186,-0.00015790872096459928,-3.315003482384782e-06
2.9030855683105067e-07,3.3000000000000003,1.6500129010204032,1.6453481670838241,-0.00014481559897821787,-3.3150031981676875e-06
2.903959835099248e-07,3.3000000000000003,1.6500118056111404,1.6457426423182555,-0.0001328286082268985,-3.3150035392282007e-06
2.904834374445462e-07,3.3000000000000003,1.6500108027939357,1.6461037737283413,-0.00012185484276155648,-3.3150031413242687e-06
2.9057092505114555e-07,3.3000000000000003,1.6500098847025788,1.6464343938103814,-0.0001118082314550859,-3.3150035392282007e-06
2.906584460227825e-07,3.3000000000000003,1.6500090442110833,1.6467370690054008,-0.00010261078511497539,-3.3150031413242687e-06
2.9074600641208343e-07,3.3000000000000003,1.6500082747351092,1.6470141702078296,-9.419046074363657e-05,-3.3150035392282007e-06
2.908336072564159e-07,3.3000000000000003,1.650007570295202,1.6472678509224248,-8.648181941480976e-05,-3.3150031981676875e-06
2.909247485201622e-07,3.3000000000000003,1.6500069008036287,1.6475089459951378,-7.91556189721993e-05,-3.3150035392282007e-06
2.9101793089194955e-07,3.3000000000000003,1.6500062773374635,1.6477334668176298,-7.233306500673986e-05,-3.3150031413242687e-06
2.9111484971392736e-07,3.3000000000000003,1.6500056883818708,1.647945559438092,-6.58881668418771e-05,-3.3150035392282007e-06
2.912141335018977e-07,3.3000000000000003,1.6500051421367994,1.6481422716808258,-5.9910636346902385e-05,-3.3150031981676875e-06
2.913141335018977e-07,3.3000000000000003,1.6500046448025596,1.648321369929754,-5.446834635561769e-05,-3.3150035392282007e-06
2.914141335018977e-07,3.3000000000000003,1.6500041954161762,1.6484832016777942,-4.9550735772200075e-05,-3.3150031413242687e-06
2.9151413350189773e-07,3.3000000000000003,1.6500037893534956,1.6486294315534715,-4.5107222082561834e-05,-3.3150035392282007e-06
2.9161413350189774e-07,3.3000000000000003,1.650003422439124,1.6487615637018216,-4.1092098602871445e-05,-3.3150031413242687e-06
2.9171413350189775e-07,3.3000000000000003,1.650003090897693,1.6488809572563015,-3.746406506190566e-05,-3.3150035392282007e-06
2.9181413350189775e-07,3.3000000000000003,1.6500027913199584,1.6489888403190445,-3.4185802929671067e-05,-3.3150031413242687e-06
2.9191413350189776e-07,3.3000000000000003,1.6500025206235192,1.649086322593342,-3.1223591424537025e-05,-3.3150035392282007e-06
2.9201413350189777e-07,3.3000000000000003,1.6500022760247106,1.6491744067982244,-2.8546960765066708e-05,-3.3150031413242687e-06
2.921141335018978e-07,3.3000000000000003,1.6500020550068955,1.6492539989826074,-2.6128378659250888e-05,-3.3150035392282007e-06
2.922141335018978e-07,3.3000000000000003,1.6500018552972047,1.649325917845054,-2.394296718263755e-05,-3.3150031413242687e-06
2.923141335018978e-07,3.3000000000000003,1.6500016748409152,1.6493909031550547,-2.1968246811566163e-05,-3.3150035392282007e-06
2.924141335018978e-07,3.3000000000000003,1.6500015117822293,1.6494496233624123,-2.0183905253256853e-05,-3.3150031413242687e-06
2.925141335018978e-07,3.3000000000000003,1.6500013644435516,1.6495026824730357,-1.857158846043188e-05,-3.3150035392282007e-06
2.926141335018978e-07,3.3000000000000003,1.6500012313096273,1.6495506262618393,-1.711471188099265e-05,-3.3150031413242687e-06
2.927141335018978e-07,3.3000000000000003,1.6500011110107662,1.6495939478866817,-1.5798289830289292e-05,-3.3150035392282007e-06
2.9281413350189783e-07,3.3000000000000003,1.650001002309769,1.6496330929610652,-1.4608781376720823e-05,-3.3150031413242687e-06
2.9291413350189784e-07,3.3000000000000003,1.6500009040883363,1.6496684641377952,-1.3533951031132829e-05,-3.3150035392282007e-06
2.9301413350189784e-07,3.3000000000000003,1.6500008153363015,1.6497004252507306,-1.2562742912999566e-05,-3.3150031413242687e-06
2.9311413350189785e-07,3.3000000000000003,1.6500007351406134,1.649729305057243,-1.1685167008534886e-05,-3.3150035392282007e-06
2.9321413350189786e-07,3.3000000000000003,1.6500006626764796,1.6497554006198687,-1.0892196428204213e-05,-3.3150031413242687e-06
2.9331413350189787e-07,3.3000000000000003,1.6500005971984244,1.6497789803619445,-1.0175674540576178e-05,-3.3150035392282007e-06
2.934141335018979e-07,3.3000000000000003,1.6500005380330123,1.6498002868286539,-9.528231083788902e-06,-3.3150031413242687e-06
2.935141335018979e-07,3.3000000000000003,1.6500004845715872,1.6498195391818893,-8.943206343644015e-06,-3.3150035392282007e-06
2.936141335018979e-07,3.3000000000000003,1.6500004362642968,1.649836935454587,-8.414582659340807e-06,-3.3150031413242687e-06
2.937141335018979e-07,3.3000000000000003,1.6500003926141926,1.6498526545877272,-7.936922517364218e-06,-3.3150035392282007e-06
2.938141335018979e-07,3.3000000000000003,1.6500003531723257,1.6498668582709517,-7.505312626676722e-06,-3.3150031413242687e-06
2.939141335018979e-07,3.3000000000000003,1.6500003175329536,1.6498796926057295,-7.1153133743683195e-06,-3.3150035392282007e-06
2.940141335018979e-07,3.3000000000000003,1.6500002853295153,1.6498912896081825,-6.762913163638311e-06,-3.3150031413242687e-06
2.9411413350189793e-07,3.3000000000000003,1.6500002562307334,1.6499017685670236,-6.444487145964578e-06,-3.3150035392282007e-06
2.9421413350189793e-07,3.3000000000000003,1.6500002299373167,1.6499112372705818,-6.156759938619698e-06,-3.3150031413242687e-06
2.9431413350189794e-07,3.3000000000000003,1.6500002061787864,1.649919793115531,-5.8967719306343155e-06,-3.3150035392282007e-06
2.9441413350189795e-07,3.3000000000000003,1.650000184710776,1.6499275241087283,-5.661848842258389e-06,-3.3150031413242687e-06
2.9451413350189796e-07,3.3000000000000003,1.6500001653124463,1.6499345097724674,-5.449574214715526e-06,-3.3150035392282007e-06
2.9461413350189796e-07,3.3000000000000003,1.6500001477842756,1.6499408219624574,-5.25776455596921e-06,-3.3150031413242687e-06
2.9471413350189797e-07,3.3000000000000003,1.6500001319459565,1.6499465256069439,-5.084446879347274e-06,-3.3150035392282007e-06
2.94814133501898e-07,3.3000000000000003,1.6500001176345815,1.6499516793745714,-4.927838410414596e-06,-3.3150031413242687e-06
2.94914133501898e-07,3.3000000000000003,1.650000104702934,1.6499563362778586,-4.786328247948953e-06,-3.3150035392282007e-06
2.95014133501898e-07,3.3000000000000003,1.6500000930180034,1.6499605442184944,-4.658460794859633e-06,-3.3150031413242687e-06
2.95114133501898e-07,3.3000000000000003,1.650000082459591,1.6499643464800624,-4.542920784895611e-06,-3.3150035392282007e-06
2.95214133501898e-07,3.3000000000000003,1.6500000729190956,1.649967782173263,-4.438519754265969e-06,-3.3150031413242687e-06
2.95314133501898e-07,3.3000000000000003,1.6500000642983788,1.649970886638213,-4.344183816341923e-06,-3.3150035392282007e-06
2.95414133501898e-07,3.3000000000000003,1.6500000565087691,1.6499736918079597,-4.258942615936187e-06,-3.3150031413242687e-06
2.9551413350189803e-07,3.3000000000000003,1.6500000494701388,1.6499762265369498,-4.181919347662583e-06,-3.3150035392282007e-06
2.9561413350189804e-07,3.3000000000000003,1.6500000431100899,1.6499785168978311,-4.112321737358722e-06,-3.3150031413242687e-06
2.9571413350189805e-07,3.3000000000000003,1.6500000373631993,1.6499805864496402,-4.0494338922403535e-06,-3.3150035392282007e-06
2.9581413350189805e-07,3.3000000000000003,1.6500000321703558,1.6499824564801344,-3.992608937408706e-06,-3.3150031413242687e-06
2.9591413350189806e-07,3.3000000000000003,1.650000027478143,1.6499841462247613,-3.941262361824341e-06,-3.3150035392282007e-06
2.9601413350189807e-07,3.3000000000000003,1.6500000232382976,1.6499856730645177,-3.894866006016701e-06,-3.3150031413242687e-06
2.961141335018981e-07,3.3000000000000003,1.6500000194072066,1.6499870527047331,-3.8529426292636275e-06,-3.3150035392282007e-06
2.962141335018981e-07,3.3000000000000003,1.6500000159454637,1.6499882993366182,-3.815061000717898e-06,-3.3150031413242687e-06
2.963141335018981e-07,3.3000000000000003,1.6500000128174608,1.6499894257832382,-3.780831463536344e-06,-3.3150035392282007e-06
2.964141335018981e-07,3.3000000000000003,1.6500000099910217,1.6499904436314115,-3.749901927013623e-06,-3.3150031413242687e-06
2.965141335018981e-07,3.3000000000000003,1.6500000074370742,1.6499913633508958,-3.7219542447045435e-06,-3.3150035392282007e-06
2.966141335018981e-07,3.3000000000000003,1.6500000051293475,1.6499921944020803,-3.696700942068585e-06,-3.3150031413242687e-06
2.967141335018981e-07,3.3000000000000003,1.650000003044104,1.6499929453332967,-3.6738822593833733e-06,-3.3150035392282007e-06
2.9681413350189813e-07,3.3000000000000003,1.650000001159895,1.6499936238687491,-3.653263479867458e-06,-3.3150031413242687e-06
2.9691413350189814e-07,3.3000000000000003,1.6499999994573384,1.6499942369879674,-3.6346325152914914e-06,-3.3150035392282007e-06
2.9701413350189814e-07,3.3000000000000003,1.6499999979189222,1.6499947909975985,-3.617797724433858e-06,-3.3150031413242687e-06
2.9711413350189815e-07,3.3000000000000003,1.6499999965288215,1.6499952915962788,-3.602585941801376e-06,-3.3150035392282007e-06
2.9721413350189816e-07,3.3000000000000003,1.6499999952727373,1.6499957439332504,-3.5888406964446513e-06,-3.3150031413242687e-06
2.9731413350189817e-07,3.3000000000000003,1.6499999941377501,1.6499961526613274,-3.5764206024433533e-06,-3.3150035392282007e-06
2.974141335018982e-07,3.3000000000000003,1.6499999931121843,1.6499965219847543,-3.5651979046816343e-06,-3.3150031413242687e-06
2.975141335018982e-07,3.3000000000000003,1.6499999921854913,1.6499968557024545,-3.555057164565445e-06,-3.3150035392282007e-06
2.976141335018982e-07,3.3000000000000003,1.6499999913481391,1.6499971572471048,-3.5458940727470436e-06,-3.3150031413242687e-06
2.977141335018982e-07,3.3000000000000003,1.6499999905915144,1.6499974297204438,-3.53761437610797e-06,-3.3150035392282007e-06
2.978141335018982e-07,3.3000000000000003,1.649999989907834,1.6499976759251778,-3.5301329083379507e-06,-3.3150031413242687e-06
2.979141335018982e-07,3.3000000000000003,1.649999989290066,1.64999789839381,-3.5233727137697687e-06,-3.3150035392282007e-06
2.980141335018982e-07,3.3000000000000003,1.649999988731856,1.6499980994146901,-3.517264255922528e-06,-3.3150031413242687e-06
2.9811413350189823e-07,3.3000000000000003,1.6499999882274619,1.649998281055553,-3.5117447021814014e-06,-3.3150035392282007e-06
2.9821413350189823e-07,3.3000000000000003,1.649999987771695,1.6499984451847864,-3.5067572774809038e-06,-3.3150031413242687e-06
2.9831413350189824e-07,3.3000000000000003,1.6499999873598683,1.6499985934906516,-3.502250680332836e-06,-3.3150035392282007e-06
2.9841413350189825e-07,3.3000000000000003,1.6499999869877444,1.6499987274986472,-3.4981785551338008e-06,-3.3150031413242687e-06
2.9851413350189826e-07,3.3000000000000003,1.6499999866514965,1.6499988485872021,-3.4944990153088503e-06,-3.3150035392282007e-06
2.9861413350189826e-07,3.3000000000000003,1.6499999863476653,1.6499989580018544,-3.491174212496928e-06,-3.3150031413242687e-06
2.9871413350189827e-07,3.3000000000000003,1.6499999860731263,1.6499990568680605,-3.4881699472079752e-06,-3.3150035392282007e-06
2.988141335018983e-07,3.3000000000000003,1.6499999858250547,1.6499991462027752,-3.485455317073079e-06,-3.3150031413242687e-06
2.989141335018983e-07,3.3000000000000003,1.6499999856008993,1.6499992269249104,-3.4830023989494345e-06,-3.3150035392282007e-06
2.990141335018983e-07,3.3000000000000003,1.649999985398354,1.6499992998647874,-3.4807859617115407e-06,-3.3150031413242687e-06
2.991141335018983e-07,3.3000000000000003,1.6499999852153362,1.6499993657726777,-3.478783206734175e-06,-3.3150035392282007e-06
2.992141335018983e-07,3.3000000000000003,1.6499999850499625,1.649999425326521,-3.476973533316168e-06,-3.3150031413242687e-06
2.993141335018983e-07,3.3000000000000003,1.649999984900532,1.6499994791388992,-3.475338326851094e-06,-3.3150035392282007e-06
2.994141335018983e-07,3.3000000000000003,1.649999984765508,1.6499995277633344,-3.4738607673514454e-06,-3.3150031413242687e-06
2.9951413350189833e-07,3.3000000000000003,1.6499999846435016,1.6499995716999858,-3.4725256563784527e-06,-3.3150035392282007e-06
2.9961413350189834e-07,3.3000000000000003,1.6499999845332571,1.6499996114007933,-3.471319260761268e-06,-3.3150031413242687e-06
2.9971413350189835e-07,3.3000000000000003,1.6499999844336415,1.649999647274126,-3.470229171317851e-06,-3.3150035392282007e-06
2.9981413350189835e-07,3.3000000000000003,1.6499999843436293,1.6499996796889833,-3.4692441751734008e-06,-3.3150031413242687e-06
2.9991413350189836e-07,3.3000000000000003,1.6499999842622952,1.6499997089787892,-3.468354140549476e-06,-3.3150035392282007e-06
3.0000000000000004e-07,3.299999999999973,1.6499999841986834,1.6499997318601318,-3.467658418127598e-06,-3.315003027637431e-06
3.000003834659924e-07,3.299367281112541,1.6499999841991504,1.6499997319578346,-3.467599960835832e-06,0.007421685631868513
3.0000115039797724e-07,3.2981018433375895,1.6499999841984898,1.649999732153164,-3.4675940217358318e-06,0.007421686904081071
3.000026842619469e-07,3.295570967787687,1.6499999841980497,1.6499997325433697,-3.4676112492293233e-06,0.0074216894454934845
3.0000575198988616e-07,3.2905092166878815,1.6499999841941073,1.6499997333219638,-3.4676021487384825e-06,0.007421694531217327
3.0001188744576465e-07,3.2803857144883577,1.6499999841907416,1.6499997348719133,-3.4675477731104063e-06,0.0074217046996523095
3.0002415835752165e-07,3.2601387100893104,1.649999984181273,1.6499997379430928,-3.4674726618438694e-06,0.00742172503976235
3.0004870018103565e-07,3.219644701291216,1.649999984165658,1.6499997439723426,-3.467296722523287e-06,0.0074217657167992
3.0009778382806364e-07,3.138656683695027,1.6499999841324726,1.6499997555921189,-3.466936325098727e-06,0.007421847074112975
3.001959511221197e-07,2.9766806485025614,1.6499999840732833,1.6499997771806434,-3.4662812164557374e-06,0.007422009785386763
3.002959511221197e-07,2.8116806485025494,1.6499999840173167,1.649999797071476,-3.4656772413651894e-06,0.007422175536703435
3.003959511221197e-07,2.646680648502537,1.649999983968067,1.64999981504467,-3.4651311066541848e-06,0.007422341285803213
3.004959511221197e-07,2.4816806485025245,1.649999983922406,1.6499998312851092,-3.4646375884181635e-06,0.007422507037063042
3.005959511221197e-07,2.316680648502512,1.649999983882137,1.6499998459598368,-3.4641916793940234e-06,0.007422672786105977
3.006959511221197e-07,2.1516806485024995,1.6499999838449049,1.6499998592198066,-3.4637887338380064e-06,0.007422838537394227
3.0079595112211973e-07,1.9866806485024873,1.6499999838119845,1.6499998712014063,-3.4634246574322025e-06,0.007423004286437163
3.0089595112211974e-07,1.8216806485024748,1.6499999837816213,1.649999882027887,-3.463095662135151e-06,0.007423170037725413
3.0099595112211974e-07,1.6566806485024623,1.6499999837547115,1.6499998918106065,-3.4627984006238434e-06,0.007423335786739926
3.0109595112211975e-07,1.49168064850245,1.6499999837299466,1.6499999006501955,-0.00041696160710905165,0.007423501538056598
3.0119595112211976e-07,1.3266806485024376,1.649999983707953,1.649999908637576,-0.0020858236670944236,0.0074236672870995335
3.0129595112211977e-07,1.1616806485024251,1.6499999836877521,1.6499999158549106,-0.005034685750477235,0.007423833038401995
3.0139595112211977e-07,0.9966806485024131,1.6499999836697787,1.6499999223764352,-0.009263547855021065,0.007423998787416508
3.014959511221198e-07,0.8316806485024006,1.649999983653299,1.6499999282692341,-0.014772409978670856,0.007424164538718969
3.015254704131138e-07,0.7829738183622625,1.6499999836488044,1.6499999298963222,-0.013484597682211911,0.007424213465867524
3.0155561745582527e-07,0.7332311978883497,1.6499999836445831,1.6499999315085574,-0.01177172539815675,0.007424263435780176
3.015717175876103e-07,0.706665980443018,1.6499999836416859,1.649999932349571,-0.010904613558228074,0.007424290120596311
3.01591735003567e-07,0.6736372441144911,1.649999983639191,1.649999933376273,-0.00987279753445345,0.007424323300710967
3.0163176983548036e-07,0.6075797714574374,1.649999983633884,1.649999935368477,-0.007963033099656777,0.007424389657302299
3.0171183949930704e-07,0.4754648261434169,1.64999998362295,1.6499999391199593,-0.0047589747705002895,0.007424522374073206
3.0181183949930705e-07,0.3104648261434044,1.6499999836115538,1.6499999433985455,-0.0019098322916037472,0.007424688123066403
3.0191183949930706e-07,0.1454648261433915,1.6499999836004224,1.6499999472646458,-0.0003406898256677964,0.007424853874406168
3.0200000000000003e-07,0.0,1.649999983592198,1.6499999503621015,-3.461019168010791e-06,0.00742499999941104
3.020000019632365e-07,0.0,1.649999983591457,1.6499999503621672,-3.464921359710435e-06,-5.842120080044829e-23
3.020000058897094e-07,0.0,1.6499999835914565,1.6499999503622986,-3.4649213557285886e-06,0.0
3.0200001374265517e-07,0.0,1.6499999835914174,1.649999950362562,-3.4574707675095342e-06,0.0
3.020000294485468e-07,0.0,1.6499999835920962,1.6499999503630893,-3.4611960356978176e-06,0.0
3.020000608603301e-07,0.0,1.649999983591109,1.6499999503641445,-3.4611960126566372e-06,0.0
3.020001236838966e-07,0.0,1.649999983591083,1.6499999503662532,-3.4611959493322085e-06,0.0
3.020002493310297e-07,0.0,1.6499999835915216,1.6499999503704688,-3.46119581800361e-06,0.0
3.0200050062529586e-07,0.0,1.6499999835923098,1.6499999503788998,-3.461195554603914e-06,0.0
3.0200100321382814e-07,0.0,1.6499999835916332,1.6499999503957565,-3.461078632537336e-06,0.0
3.020020083908927e-07,0.0,1.6499999835913484,1.649999950429444,-3.461019406661901e-06,0.0
3.0200401874502185e-07,0.0,1.6499999835915518,1.649999950496716,-3.46098826056409e-06,0.0
3.020080394532801e-07,0.0,1.6499999835911345,1.6499999506308507,-3.461013292815516e-06,0.0
3.020160808697967e-07,0.0,1.6499999835908497,1.649999950897491,-3.4609906259243727e-06,0.0
3.0203216370282985e-07,0.0,1.6499999835887638,1.6499999514243078,-3.4610000855022602e-06,0.0
3.0206432936889616e-07,0.0,1.6499999835864518,1.649999952452607,-3.46095610645985e-06,0.0
3.021286607010288e-07,0.0,1.6499999835805486,1.649999954411871,-3.4608965600700255e-06,0.0
3.022286607010288e-07,0.0,1.6499999835731318,1.6499999572161952,-3.4608109104834868e-06,0.0
3.023286607010288e-07,0.0,1.6499999835657964,1.6499999597501638,-3.460733901266656e-06,0.0
3.024286607010288e-07,0.0,1.6499999835596932,1.6499999620398351,-3.460664332339337e-06,0.0
3.025286607010288e-07,0.0,1.6499999835537302,1.6499999641087653,-3.4606014567742353e-06,0.0
3.0262866070102883e-07,0.0,1.649999983548725,1.649999965978233,-3.460544654569438e-06,0.0
3.0272866070102884e-07,0.0,1.6499999835438752,1.6499999676674708,-3.460493318577081e-06,0.0
3.0282866070102885e-07,0.0,1.6499999835397723,1.6499999691938514,-3.460446940291191e-06,0.0
3.0292866070102886e-07,0.0,1.6499999835358266,1.6499999705730772,-3.4604050259865984e-06,0.0
3.0302866070102886e-07,0.0,1.649999983532465,1.6499999718193339,-3.460367158768356e-06,0.0
3.0312866070102887e-07,0.0,1.6499999835292534,1.6499999729454422,-3.4603329369518073e-06,0.0
3.032286607010289e-07,0.0,1.6499999835264998,1.6499999739629843,-3.4603020189018356e-06,0.0
3.033286607010289e-07,0.0,1.649999983523885,1.6499999748824272,-3.4602740777474554e-06,0.0
3.034286607010289e-07,0.0,1.6499999835216306,1.6499999757132284,-3.4602488336335513e-06,0.0
3.035286607010289e-07,0.0,1.649999983519501,1.649999976463934,-3.460226020456406e-06,0.0
3.036286607010289e-07,0.0,1.649999983517656,1.6499999771422653,-3.4602054090444823e-06,0.0
3.037286607010289e-07,0.0,1.6499999835159207,1.6499999777552006,-3.460186782667939e-06,0.0
3.038286607010289e-07,0.0,1.6499999835144112,1.6499999783090438,-3.4601699537844026e-06,0.0
3.0392866070102893e-07,0.0,1.6499999835129977,1.6499999788094921,-3.460154745844476e-06,0.0
3.0402866070102894e-07,0.0,1.6499999835117622,1.6499999792616933,-3.4601410053499653e-06,0.0
3.0412866070102895e-07,0.0,1.6499999835106103,1.6499999796702989,-3.4601285884454373e-06,0.0
3.0422866070102895e-07,0.0,1.6499999835095998,1.649999980039511,-3.460117369578228e-06,0.0
3.0432866070102896e-07,0.0,1.649999983508661,1.6499999803731287,-3.4601072314917558e-06,0.0
3.0442866070102897e-07,0.0,1.6499999835078343,1.6499999806745824,-3.4600980714988855e-06,0.0
3.04528660701029e-07,0.0,1.649999983507069,1.6499999809469739,-3.4600897940081435e-06,0.0
3.04628660701029e-07,0.0,1.649999983506393,1.6499999811931048,-3.4600823150205114e-06,0.0
3.04728660701029e-07,0.0,1.6499999835057688,1.6499999814155066,-3.4600755566558724e-06,0.0
3.04828660701029e-07,0.0,1.6499999835052166,1.649999981616467,-3.4600694502049126e-06,0.0
3.04928660701029e-07,0.0,1.6499999835047077,1.6499999817980533,-3.4600639321693627e-06,0.0
3.05028660701029e-07,0.0,1.6499999835042558,1.6499999819621334,-3.4600589463578804e-06,0.0
3.05128660701029e-07,0.0,1.6499999835038406,1.6499999821103943,-3.460054441012029e-06,0.0
3.0522866070102903e-07,0.0,1.6499999835034715,1.649999982244362,-3.460050370209203e-06,0.0
3.0532866070102904e-07,0.0,1.649999983503133,1.6499999823654143,-3.460046691690941e-06,0.0
3.0542866070102904e-07,0.0,1.6499999835028314,1.6499999824747964,-3.4600433679446368e-06,0.0
3.0552866070102905e-07,0.0,1.6499999835025552,1.6499999825736327,-3.4600403645343933e-06,0.0
3.055324554363661e-07,0.0,1.6499999835018537,1.6499999825771847,-3.4600279977453404e-06,0.0
3.055400449070402e-07,0.0,1.6499999835033856,1.6499999825842515,-3.460020486726771e-06,0.0
3.055552238483885e-07,0.0,1.649999983502015,1.6499999825982263,-3.4600491487046042e-06,0.0
3.05585581731085e-07,0.0,1.6499999835027086,1.6499999826255325,-3.460037424777385e-06,0.0
3.055871056852389e-07,0.0,1.6499999835024965,1.6499999826268819,-3.4600119168853726e-06,0.0
3.0559015359354674e-07,0.0,1.649999983501936,1.6499999826295733,-3.460011845815678e-06,0.0
3.055962494101624e-07,0.0,1.6499999835023422,1.6499999826349294,-3.460033522549057e-06,0.0
3.055965554177587e-07,0.0,1.6499999835030945,1.6499999826351976,-3.4599825748942716e-06,0.0
3.0559716743295134e-07,0.0,1.649999983502594,1.6499999826357339,-3.459982560291531e-06,0.0
3.0559839146333663e-07,0.0,1.649999983502743,1.6499999826368046,-3.4599825228726627e-06,0.0
3.056008395241072e-07,0.0,1.6499999835022854,1.6499999826389422,-3.4599824586385307e-06,0.0
3.0560573564564836e-07,0.0,1.6499999835024088,1.6499999826432015,-3.4600259847808315e-06,0.0
3.0560598142902084e-07,0.0,1.6499999835028178,1.6499999826434146,-3.459982318243286e-06,0.0
3.0560647299576585e-07,0.0,1.6499999835025208,1.6499999826438405,-3.459982306441043e-06,0.0
3.056064976722217e-07,0.0,1.649999983502607,1.649999982643862,-3.4602151356065856e-06,0.0
3.056065470251334e-07,0.0,1.6499999835027908,1.6499999826439051,-3.4602151324831567e-06,0.0
3.0560664573095677e-07,0.0,1.6499999835033103,1.649999982643991,-3.460215124513572e-06,0.0
3.0560684314260353e-07,0.0,1.649999983503374,1.649999982644163,-3.4599822861538633e-06,0.0
3.0560685305258996e-07,0.0,1.6499999835016206,1.6499999826441711,-3.4564898420309883e-06,0.0
3.056068728725628e-07,0.0,1.649999983502056,1.6499999826441878,-3.458352482833677e-06,0.0
3.056069125125085e-07,0.0,1.6499999835030428,1.649999982644223,-3.460215117970618e-06,0.0
3.0560699179239994e-07,0.0,1.6499999835024795,1.649999982644292,-3.4602151206401283e-06,0.0
3.056069957722191e-07,0.0,1.64999998350241,1.649999982644295,-3.449039250260943e-06,0.0
3.056070037318573e-07,0.0,1.6499999835033297,1.6499999826443017,-3.4564898223189257e-06,0.0
3.056070196511338e-07,0.0,1.6499999835031633,1.649999982644316,-3.4602151135536394e-06,0.0
3.056070514896868e-07,0.0,1.6499999835031713,1.6499999826443428,-3.4602151123878175e-06,0.0
3.056070530879695e-07,0.0,1.6499999835029355,1.6499999826443439,-3.4192369211765553e-06,0.0
3.05607056284535e-07,0.0,1.649999983502341,1.6499999826443459,-3.4490392488313836e-06,0.0
3.0560706267766593e-07,0.0,1.6499999835025425,1.6499999826443512,-3.4490392468396216e-06,0.0
3.0560706299859857e-07,0.0,1.6499999835021737,1.6499999826443517,-3.180818348667373e-06,0.0
3.0560706364046383e-07,0.0,1.6499999835016168,1.6499999826443525,-3.3000276432245046e-06,0.0
3.056070637202454e-07,0.0,1.6499999835023735,1.649999982644353,-3.300027636400025e-06,0.0
3.056070638798085e-07,0.0,1.6499999835031451,1.6499999826443539,-3.5384462085422372e-06,0.0
3.056070639195844e-07,0.0,1.6499999835026604,1.6499999826443539,-2.3463533174029285e-06,0.0
3.056070639991363e-07,0.0,1.649999983501931,1.6499999826443543,-2.8231904821768744e-06,0.0
3.056070640272213e-07,0.0,1.64999998350209,1.6499999826443545,-1.3926790061339753e-06,0.0
3.0560706404876293e-07,0.0,1.6499999835031114,1.6499999826443548,-3.300027629737943e-06,0.0
3.056070640649689e-07,0.0,1.270921218463015,1.6499999795416556,-1.6500000015184924e-06,0.0
3.056070640819863e-07,0.0,1.2709157171761327,1.6499999730255057,-1.6500000015184924e-06,0.0
3.056070640931215e-07,0.0,1.2709121174692728,1.6499999687616684,-1.6500000015184924e-06,0.0
3.0560706410893133e-07,0.0,1.2709070066017791,1.649999962707777,-1.6500000015184924e-06,0.0
3.0560706414055097e-07,0.0,1.2708967849293444,1.6499999505997502,-1.6500000015184924e-06,0.0
3.0560706420379024e-07,0.0,1.2708763418283833,1.6499999263827179,-1.6500000015184924e-06,0.0
3.056070643302688e-07,0.0,1.2708354566094473,1.6499998779447413,-1.6500000015184924e-06,0.0
3.05607064583226e-07,0.0,1.2707536901047327,1.6499997810531384,-1.8884185806200549e-06,0.0
3.0560706508914036e-07,0.0,1.2705901728197753,1.6499995872073314,-1.7692092910692736e-06,0.0
3.05607066100969e-07,0.0,1.2702632011450292,1.649999199265363,-1.7692092910692736e-06,0.0
3.056070681246264e-07,0.0,1.2696095092868613,1.6499984223803312,-1.7692092910692736e-06,0.0
3.056070721719411e-07,0.0,1.2683031308935164,1.6499968646084637,-1.799011613456969e-06,0.0
3.0560708026657047e-07,0.0,1.2656943902560494,1.649993733078124,-1.8064621940538927e-06,0.0
3.0560709645582924e-07,0.0,1.2604929324586993,1.649987406235526,-1.8101874843523547e-06,0.0
3.0560712883434683e-07,0.0,1.2501537833840948,1.6499744987326366,-1.8101874843523547e-06,0.0
3.0560719359138197e-07,0.0,1.229727956170279,1.6499476788399783,-1.8101874843523547e-06,0.0
3.0560732310545224e-07,0.0,1.18986580146562,1.6498901010691862,-1.809721823065047e-06,0.0
3.056074677215732e-07,0.0,1.14687394366007,1.6498197672288781,-1.809721823065047e-06,0.0
3.056076518112826e-07,0.0,1.094374988923522,1.6497213729334603,-1.8106531456396624e-06,0.0
3.0560783967139954e-07,0.0,1.043267338876312,1.649611153106957,-1.8104203149960085e-06,0.0
3.0560806183265414e-07,0.0,0.9858824875337645,1.6494686635918472,-1.8099546537087008e-06,0.0
3.0560828879134067e-07,0.0,0.9305017886475342,1.649310205783181,-1.8099546537087008e-06,0.0
3.056085468513613e-07,0.0,0.8712798601509221,1.6491151432053326,-1.8101874843523547e-06,0.0
3.0560881094890657e-07,0.0,0.8145530062004434,1.6489001061296555,-1.8101874843523547e-06,0.0
3.0560910373414476e-07,0.0,0.7559436095835986,1.6486447252088647,-1.8099546537087008e-06,0.0
3.0560940430440596e-07,0.0,0.7001341022024482,1.6483652658674524,-1.8099546537087008e-06,0.0
3.0560973206032153e-07,0.0,0.6439294040949983,1.648042087965816,-1.8099546537087008e-06,0.0
3.0561006965139e-07,0.0,0.5907191686724292,1.6476906719996502,-1.8098382383868739e-06,0.0
3.056104336961784e-07,0.0,0.53821642429796,1.6472924203311867,-1.8100710690305277e-06,0.0
3.056108098715667e-07,0.0,0.48882187991045006,1.6468616965074414,-1.8099546537087008e-06,0.0
3.056112124997975e-07,0.0,0.4409184987390033,1.6463810839869246,-1.8100710690305277e-06,0.0
3.056116298444501e-07,0.0,0.39616484274053426,1.6458635847691236,-1.8098382383868739e-06,0.0
3.0561207438729216e-07,0.0,0.3534238095407992,1.6452929606203717,-1.8100710690305277e-06,0.0
3.05612536626005e-07,0.0,0.31380597637115737,1.6446806708530601,-1.8099546537087008e-06,0.0
3.056130276257919e-07,0.0,0.276509118281798,1.644011528134296,-1.8099546537087008e-06,0.0
3.0561353985668443e-07,0.0,0.2422450128094106,1.6432952967113257,-1.8099546537087008e-06,0.0
3.0561408337099014e-07,0.0,0.21043930690029342,1.6425175967569112,-1.8098382383868739e-06,0.0
3.0561465244511257e-07,0.0,0.1815176468230137,1.6416863326611715,-1.8099546537087008e-06,0.0
3.0561525652463993e-07,0.0,0.1550569644648189,1.6407875662726044,-1.8099546537087008e-06,0.0
3.0561589163587894e-07,0.0,0.13128073299426962,1.6398271122506578,-1.8098964460477873e-06,0.0
3.056165670629066e-07,0.0,0.10986396161820343,1.6387909548711024,-1.8098382383868739e-06,0.0
3.056172806659265e-07,0.0,0.09088985822468501,1.6376824484149777,-1.8099546537087008e-06,0.0
3.056180421117213e-07,0.0,0.07409573000154787,1.6364867540774273,-1.8099546537087008e-06,0.0
3.0561885138285706e-07,0.0,0.05946979931030379,1.6352041307084848,-1.8098964460477873e-06,0.0
3.0561971927799123e-07,0.0,0.046788551551608826,1.633817793781194,-1.8099546537087008e-06,0.0
3.056206485257964e-07,0.0,0.035978162888537134,1.6323237816081262,-1.8099546537087008e-06,0.0
3.0562165221424403e-07,0.0,0.026840172461321803,1.6307015539333656,-1.8099546537087008e-06,0.0
3.056227370531586e-07,0.0,0.019262648064569277,1.6289408605974363,-1.8099546537087008e-06,0.0
3.0562392041113924e-07,0.0,0.013064358591471419,1.6270142413887199,-1.8099546537087008e-06,0.0
3.056252154458691e-07,0.0,0.008112806928927217,1.6249011513849718,-1.8099837575391575e-06,0.0
3.056266476124685e-07,0.0,0.0042406157379832376,1.6225611438734897,-1.8099837575391575e-06,0.0
3.0562824174165013e-07,0.0,0.0013079815215461922,1.619955010316681,-1.8099837575391575e-06,0.0
3.056300395295516e-07,0.0,-0.0008386305898511044,1.6170163516507556,-1.8099546537087008e-06,0.0
3.0563208980691045e-07,0.0,-0.0023355327596583713,1.6136677121028986,-1.8099837575391575e-06,0.0
3.0563447137793047e-07,0.0,-0.0033195227097895155,1.6097836987792207,-1.8099837575391575e-06,0.0
3.0563728995708464e-07,0.0,-0.003912447549857051,1.6051967993379408,-1.8099692056239292e-06,0.0
3.0564072043067337e-07,0.0,-0.004227261852928309,1.59963013408056,-1.8100128613696143e-06,0.0
3.0564503852564846e-07,0.0,-0.0043597642921347855,1.5926495046555436,-1.8100128613696143e-06,0.0
3.056507508282696e-07,0.0,-0.004387024219150015,1.5834611866102486,-1.8099910334967717e-06,0.0
3.0565884516810575e-07,0.0,-0.004361313411775985,1.5705317408458987,-1.8099983094543859e-06,0.0
3.056716369087099e-07,0.0,-0.004305011720396113,1.5503136087445606,-1.8100237753060355e-06,0.0
3.0569594123488466e-07,0.0,-0.004200364648647925,1.51261206228033,-1.8100201373272284e-06,0.0
3.057445498872342e-07,0.0,-0.00399849857458906,1.4399264788527375,-1.8100092233908072e-06,0.0
3.058265462184714e-07,0.0,-0.003679665502052696,1.325102337445439,-1.8100105876328598e-06,0.0
3.059173020668088e-07,0.0,-0.0033562527576077136,1.2086423866204374,-1.810009678138158e-06,0.0
3.0600619967699553e-07,0.0,-0.003067072953029938,1.1044990705248916,-1.8100110423802107e-06,0.0
3.060933871308597e-07,0.0,-0.002807654659969825,1.0110827111663956,-1.8100105876328598e-06,0.0
3.0618031684573046e-07,0.0,-0.002570870550810527,0.9258094597443619,-1.8100105876328598e-06,0.0
3.0626734812893717e-07,0.0,-0.0023537965601377804,0.8476406521488187,-1.8100110423802107e-06,0.0
3.063544628423609e-07,0.0,-0.0021548826956638008,0.7760061577803405,-1.8100110423802107e-06,0.0
3.064415760466909e-07,0.0,-0.001972770148474569,0.7104266148942876,-1.810010132885509e-06,0.0
3.06528688461108e-07,0.0,-0.0018060592178605914,0.6503896582859153,-1.8100105876328598e-06,0.0
3.066157950323767e-07,0.0,-0.0016534382047702278,0.5954298546736049,-1.810009678138158e-06,0.0
3.067029026057035e-07,0.0,-0.0015137195291731618,0.5451137587816514,-1.8100110423802107e-06,0.0
3.067900111894618e-07,0.0,-0.0013858003896476331,0.4990490533031357,-1.810010132885509e-06,0.0
3.0687711803744175e-07,0.0,-0.0012686981008585606,0.45687783940439325,-1.810010132885509e-06,0.0
3.0696422783200846e-07,0.0,-0.001161483814292519,0.4182689748330188,-1.8100105876328598e-06,0.0
3.0705133400930684e-07,0.0,-0.0010633370346001807,0.38292419215946644,-1.8100110423802107e-06,0.0
3.071384444310833e-07,0.0,-0.0009734769054127348,0.3505646225924169,-1.8100105876328598e-06,0.0
3.0722555030299087e-07,0.0,-0.0008912169934160116,0.3209411278107427,-1.810010132885509e-06,0.0
3.073126610571415e-07,0.0,-0.0008159022338859978,0.2938194287465628,-1.8100105876328598e-06,0.0
3.0739976685754956e-07,0.0,-0.0007469574641309446,0.2689910492956451,-1.8100110423802107e-06,0.0
3.0748687773149226e-07,0.0,-0.0006838337990954699,0.2462594537902897,-1.810009678138158e-06,0.0
3.0757398360636663e-07,0.0,-0.0006260488260000159,0.22544997841127173,-1.810010132885509e-06,0.0
3.076610944627252e-07,0.0,-0.0005731429714640548,0.2063979068331414,-1.8100110423802107e-06,0.0
3.07748200500935e-07,0.0,-0.0005247113774920277,0.18895679012480807,-1.8100110423802107e-06,0.0
3.0783531125457307e-07,0.0,-0.00048036941412467565,0.17298866162818613,-1.8100105876328598e-06,0.0
3.07922417504864e-07,0.0,-0.0004397772039629186,0.15837067194724144,-1.810010132885509e-06,0.0
3.0800952810676723e-07,0.0,-0.0004026129063658939,0.14498729991172432,-1.8100105876328598e-06,0.0
3.0809663459077205e-07,0.0,-0.0003685911591686376,0.13273546629217406,-1.810010132885509e-06,0.0
3.0818374501661453e-07,0.0,-0.0003374426779243904,0.1215184608508837,-1.810010132885509e-06,0.0
3.0827085173809573e-07,0.0,-0.0003089278707222482,0.1112497831638062,-1.8100110423802107e-06,0.0
3.0835796198001903e-07,0.0,-0.00028282141998804407,0.10184847592805098,-1.8100105876328598e-06,0.0
3.0844506893139736e-07,0.0,-0.0002589221773267628,0.09324194973811586,-1.8100110423802107e-06,0.0
3.085321789921774e-07,0.0,-0.00023704159670997598,0.08536243351814674,-1.810010132885509e-06,0.0
3.086192861590892e-07,0.0,-0.0002170108244884047,0.07814901422976103,-1.8100105876328598e-06,0.0
3.0870639604804304e-07,0.0,-0.00019867206594578925,0.07154495603905535,-1.810010132885509e-06,0.0
3.0879350341248107e-07,0.0,-0.00018188359689186,0.06549914800092037,-1.8100110423802107e-06,0.0
3.088806131426292e-07,0.0,-0.00016651334037263527,0.05996408868070031,-1.810010132885509e-06,0.0
3.089677206850589e-07,0.0,-0.00015244236030534982,0.054896895982567515,-1.810010132885509e-06,0.0
3.0905483027119494e-07,0.0,-0.00013956009034420602,0.05025779602611887,-1.8100110423802107e-06,0.0
3.0914193797194284e-07,0.0,-0.0001277667329360839,0.046010814441784814,-1.8100110423802107e-06,0.0
3.092290474293513e-07,0.0,-0.00011696971626306315,0.042122644421381375,-1.8100105876328598e-06,0.0
3.093161552694801e-07,0.0,-0.00010708531327922629,0.03856310971352925,-1.8100110423802107e-06,0.0
3.094032646131133e-07,0.0,-9.803600801325618e-05,0.03530431628994349,-1.810010132885509e-06,0.0
3.094903725749389e-07,0.0,-8.975156512713736e-05,0.032320954037963194,-1.8100105876328598e-06,0.0
3.0957748181891555e-07,0.0,-8.216706803020719e-05,0.029589659859721822,-1.8100105876328598e-06,0.0
3.096645898862773e-07,0.0,-7.522360594721384e-05,0.027089207054382503,-1.8100105876328598e-06,0.0
3.0975169904360404e-07,0.0,-6.886680787288716e-05,0.02480002577139672,-1.8100105876328598e-06,0.0
3.098388072019719e-07,0.0,-6.304726682944394e-05,0.022704315433542635,-1.810010132885509e-06,0.0
3.099259162844148e-07,0.0,-5.771943987295384e-05,0.020785682265841886,-1.8100110423802107e-06,0.0
3.1001302452088785e-07,0.0,-5.284189446145625e-05,0.019029199953534325,-1.810010132885509e-06,0.0
3.101001335389437e-07,0.0,-4.837647906297969e-05,0.017421134365908034,-1.8100110423802107e-06,0.0
3.101872418421785e-07,0.0,-4.428845129639075e-05,0.015948970188457465,-1.810010132885509e-06,0.0
3.102743508051114e-07,0.0,-4.054584905710819e-05,0.01460120072694762,-1.810010132885509e-06,0.0
3.103614591652152e-07,0.0,-3.71195419161202e-05,0.013367332848605345,-1.810009678138158e-06,0.0
3.1044856808112985e-07,0.0,-3.3982751327154084e-05,0.012237725515420541,-1.810010132885509e-06,0.0
3.105356764895322e-07,0.0,-3.1111053805028976e-05,0.011203581494091166,-1.8100105876328598e-06,0.0
3.1062278536546804e-07,0.0,-2.8482012441264418e-05,0.010256822526235639,-1.810010132885509e-06,0.0
3.107098938147837e-07,0.0,-2.6075151215036583e-05,0.009390073517081932,-1.8100105876328598e-06,0.0
3.107970026568193e-07,0.0,-2.387167003335572e-05,0.008596565387364,-1.810010132885509e-06,0.0
3.1088411114071353e-07,0.0,-2.1854403100678214e-05,0.007870115519934424,-1.8100105876328598e-06,0.0
3.1097121995407225e-07,0.0,-2.0007596994656174e-05,0.007205051645142725,-1.8100105876328598e-06,0.0
3.1105832846713423e-07,0.0,-1.8316861555219703e-05,0.006596190983338273,-1.810010132885509e-06,0.0
3.1114543725628474e-07,0.0,-1.676899583408744e-05,0.00603878021147698,-1.8100110423802107e-06,0.0
3.112325457939067e-07,0.0,-1.5351936892414834e-05,0.005528474818817189,-1.8100105876328598e-06,0.0
3.113196545626592e-07,0.0,-1.4054622356058154e-05,0.005061291450017174,-1.8100110423802107e-06,0.0
3.1140676312093033e-07,0.0,-1.2866940422195387e-05,0.004633588368152065,-1.810010132885509e-06,0.0
3.1149387187252256e-07,0.0,-1.1779620603255835e-05,0.004242027388681278,-1.8100110423802107e-06,0.0
3.1158098044813194e-07,0.0,-1.0784186842083652e-05,0.003883555929117818,-1.8100110423802107e-06,0.0
3.11668089185308e-07,0.0,-9.872870120691725e-06,0.0035553764272747237,-1.8100105876328598e-06,0.0
3.1175519777545615e-07,0.0,-9.038565660224033e-06,0.0032549301868012863,-1.810010132885509e-06,0.0
3.1184230650053746e-07,0.0,-8.274762612876498e-06,0.0029798726764459333,-1.8100105876328598e-06,0.0
3.119294151113989e-07,0.0,-7.575505662926983e-06,0.002728059186387982,-1.8100105876328598e-06,0.0
3.120165238215463e-07,0.0,-6.935338462994006e-06,0.002497524888680451,-1.810010132885509e-06,0.0
3.121036324450695e-07,0.0,-6.34926915907676e-06,0.0022864720637562974,-1.8100105876328598e-06,0.0
3.121907411437458e-07,0.0,-5.8127250028529225e-06,0.0020932540545593173,-1.810010132885509e-06,0.0
3.1227784977712903e-07,0.0,-5.321521851920314e-06,0.0019163640338051267,-1.8100110423802107e-06,0.0
3.1236495846726415e-07,0.0,-4.871827393943671e-06,0.0017544219682949767,-1.810010132885509e-06,0.0
3.124520671080888e-07,0.0,-4.460134567471426e-06,0.0016061648739882765,-1.810010132885509e-06,0.0
3.125391757917618e-07,0.0,-4.083231551334027e-06,0.0014704361532574433,-1.810009678138158e-06,0.0
3.126262844381995e-07,0.0,-3.7381788390813597e-06,0.0013461772184977512,-1.8100105876328598e-06,0.0
3.1271339311699476e-07,0.0,-3.422284604947493e-06,0.0012324187215316414,-1.8100105876328598e-06,0.0
3.1280050176767047e-07,0.0,-3.133085074336523e-06,0.0011282734008987657,-1.8100105876328598e-06,0.0
3.1288761044278346e-07,0.0,-2.868324209088279e-06,0.001032928836087362,-1.8100105876328598e-06,0.0
3.1297471909665874e-07,0.0,-2.6259369898815482e-06,0.0009456413689869591,-1.8100110423802107e-06,0.0
3.1306182776899155e-07,0.0,-2.404032602276069e-06,0.0008657300975115519,-1.810010132885509e-06,0.0
3.1314893642528256e-07,0.0,-2.2008802551035134e-06,0.0007925717280562725,-1.810010132885509e-06,0.0
3.1323604509551627e-07,0.0,-2.0148952243324185e-06,0.0007255955834629706,-1.8100105876328598e-06,0.0
3.133231537536313e-07,0.0,-1.8446268579519636e-06,0.0006642792552132163,-1.8100105876328598e-06,0.0
3.134102624222799e-07,0.0,-1.6887469662769153e-06,0.0006081444460884724,-1.810010132885509e-06,0.0
3.134973710817724e-07,0.0,-1.5460396984355404e-06,0.0005567533049428802,-1.810010132885509e-06,0.0
3.13584479749224e-07,0.0,-1.4153918680594977e-06,0.0005097049591666962,-1.8100105876328598e-06,0.0
3.136715884097568e-07,0.0,-1.295784423430897e-06,0.0004666324293306898,-1.8100105876328598e-06,0.0
3.1375869707630434e-07,0.0,-1.1862843752518908e-06,0.0004271997336064212,-1.8100110423802107e-06,0.0
3.138458057376228e-07,0.0,-1.0860376185295264e-06,0.00039109929334243086,-1.810009678138158e-06,0.0
3.1393291440348747e-07,0.0,-9.942621902469501e-07,0.00035804951294315566,-1.810010132885509e-06,0.0
3.140200230653995e-07,0.0,-9.102422344796283e-07,0.0003277926000261249,-1.8100105876328598e-06,0.0
3.1410713173074826e-07,0.0,-8.333223664452231e-07,0.0003000925413189474,-1.810010132885509e-06,0.0
3.141949735142398e-07,0.0,-7.623351811383117e-07,0.00027452893490051856,-1.810010132885509e-06,0.0
3.142863484126822e-07,0.0,-6.948986415448232e-07,0.000250243972423449,-1.8100105876328598e-06,0.0
3.143798997325231e-07,0.0,-6.320296499777087e-07,0.0002276038558038647,-1.810010132885509e-06,0.0
3.14477055169393e-07,0.0,-5.727489295703697e-07,0.00020625593253826473,-1.8100110423802107e-06,0.0
3.145767060088878e-07,0.0,-5.17714895723227e-07,0.00018643730793584405,-1.810010132885509e-06,0.0
3.146767060088878e-07,0.0,-4.6780304640917957e-07,0.00016846326304094882,-1.8100105876328598e-06,0.0
3.147767060088878e-07,0.0,-4.227030982517772e-07,0.0001522220595685181,-1.8100105876328598e-06,0.0
3.148767060088878e-07,0.0,-3.8195114479508306e-07,0.00013754663777139874,-1.8100105876328598e-06,0.0
3.149767060088878e-07,0.0,-3.4512800529446463e-07,0.00012428604379577921,-1.8100105876328598e-06,0.0
3.150767060088878e-07,0.0,-3.1185491015863704e-07,0.00011230387694448063,-1.8100105876328598e-06,0.0
3.151767060088878e-07,0.0,-2.817896072478805e-07,0.00010147688663648223,-1.8100105876328598e-06,0.0
3.1527670600888783e-07,0.0,-2.5462283937388105e-07,9.16937046307329e-05,-1.8100105876328598e-06,0.0
3.1537670600888784e-07,0.0,-2.3007516496767843e-07,8.285369947372292e-05,-1.8100105876328598e-06,0.0
3.1547670600888784e-07,0.0,-2.07894082211823e-07,7.486594138744286e-05,-1.8100105876328598e-06,0.0
3.1557670600888785e-07,0.0,-1.8785143303190806e-07,6.764826695041742e-05,-1.8100105876328598e-06,0.0
3.1567670600888786e-07,0.0,-1.6974105514214782e-07,6.112643395094585e-05,-1.8100105876328598e-06,0.0
3.1577670600888787e-07,0.0,-1.5337666234929852e-07,5.5233357719244754e-05,-1.8100105876328598e-06,0.0
3.1587670600888787e-07,0.0,-1.385899275928495e-07,4.9908421083262474e-05,-1.8100105876328598e-06,0.0
3.159767060088879e-07,0.0,-1.2522875217806524e-07,4.509685085026749e-05,-1.8100105876328598e-06,0.0
3.160767060088879e-07,0.0,-1.1315570068820832e-07,4.0749154400584744e-05,-1.8100105876328598e-06,0.0
3.161767060088879e-07,0.0,-1.022465877917078e-07,3.6820610598197766e-05,-1.8100105876328598e-06,0.0
3.162767060088879e-07,0.0,-9.238920043192006e-08,3.3270809781629527e-05,-1.8100105876328598e-06,0.0
3.163767060088879e-07,0.0,-8.348214394243708e-08,3.0063238103377923e-05,-1.8100105876328598e-06,0.0
3.164767060088879e-07,0.0,-7.543379877924893e-08,2.7164901942345354e-05,-1.8100105876328598e-06,0.0
3.165767060088879e-07,0.0,-6.816137836728152e-08,2.454598852591087e-05,-1.8100105876328598e-06,0.0
3.1667670600888793e-07,0.0,-6.15900773213761e-08,2.21795592707421e-05,-1.8100105876328598e-06,0.0
3.1677670600888794e-07,0.0,-5.565230217537243e-08,2.0041272688002638e-05,-1.8100105876328598e-06,0.0
3.1687670600888795e-07,0.0,-5.028697594231458e-08,1.8109134002708268e-05,-1.8100105876328598e-06,0.0
3.1697670600888796e-07,0.0,-4.543891000461881e-08,1.6363268911777336e-05,-1.8100105876328598e-06,0.0
3.1707670600888796e-07,0.0,-4.105823631662934e-08,1.478571915361023e-05,-1.8100105876328598e-06,0.0
3.1717670600888797e-07,0.0,-3.70998945542889e-08,1.3360257786394305e-05,-1.8100105876328598e-06,0.0
3.17276706008888e-07,0.0,-3.352316853104609e-08,1.2072222275054212e-05,-1.8100105876328598e-06,0.0
3.17376706008888e-07,0.0,-3.029126745778982e-08,1.0908363669953382e-05,-1.8100105876328598e-06,0.0
3.17476706008888e-07,0.0,-2.7370947443862933e-08,9.856710325972211e-06,-1.8100105876328598e-06,0.0
3.17576706008888e-07,0.0,-2.4732169598411076e-08,8.906444760155545e-06,-1.8100105876328598e-06,0.0
3.17676706008888e-07,0.0,-2.234779099954597e-08,8.047792381265685e-06,-1.8100105876328598e-06,0.0
3.17776706008888e-07,0.0,-2.0193285536740316e-08,7.2719209466951245e-06,-1.8100105876328598e-06,0.0
3.17876706008888e-07,0.0,-1.8246491597828275e-08,6.570849712535279e-06,-1.8100105876328598e-06,0.0
3.1797670600888803e-07,0.0,-1.6487384139349887e-08,5.937367342304139e-06,-1.8100105876328598e-06,0.0
3.1807670600888804e-07,0.0,-1.4897868681349355e-08,5.364957729927746e-06,-1.8100105876328598e-06,0.0
3.1817670600888805e-07,0.0,-1.3461595205199656e-08,4.84773297397861e-06,-1.8100105876328598e-06,0.0
3.1827670600888805e-07,0.0,-1.2163789956916112e-08,4.380372813732488e-06,-1.8100105876328598e-06,0.0
3.1837670600888806e-07,0.0,-1.0991103496899681e-08,3.958069904072932e-06,-1.8100105876328598e-06,0.0
3.1847670600888807e-07,0.0,-9.931473372505943e-09,3.576480366331814e-06,-1.8100105876328598e-06,0.0
3.185767060088881e-07,0.0,-8.974000052605163e-09,3.2316791064237013e-06,-1.8100105876328598e-06,0.0
3.186767060088881e-07,0.0,-8.108834803800609e-09,2.9201194406687096e-06,-1.8100105876328598e-06,0.0
3.187767060088881e-07,0.0,-7.327078392710234e-09,2.638596614008425e-06,-1.8100105876328598e-06,0.0
3.188767060088881e-07,0.0,-6.620689540118033e-09,2.3842148353569982e-06,-1.8100105876328598e-06,0.0
3.189767060088881e-07,0.0,-5.982402212863027e-09,2.1543574910076247e-06,-1.8100105876328598e-06,0.0
3.190767060088881e-07,0.0,-5.405650879220438e-09,1.9466602297043883e-06,-1.8100105876328598e-06,0.0
3.191767060088881e-07,0.0,-4.884502978988529e-09,1.7589866425280908e-06,-1.8100105876328598e-06,0.0
3.1927670600888813e-07,0.0,-4.413597896554974e-09,1.5894062874352193e-06,-1.8100105876328598e-06,0.0
3.1937670600888814e-07,0.0,-3.988091823792157e-09,1.4361748324068162e-06,-1.8100105876328598e-06,0.0
3.1947670600888814e-07,0.0,-3.6036079332001118e-09,1.2977161129563058e-06,-1.8100105876328598e-06,0.0
3.1957670600888815e-07,0.0,-3.2561913593706594e-09,1.172605919436826e-06,-1.8100105876328598e-06,0.0
3.1967670600888816e-07,0.0,-2.9422685166574273e-09,1.0595573473815531e-06,-1.8100105876328598e-06,0.0
3.1977670600888817e-07,0.0,-2.6586103423166153e-09,9.574075601881843e-07,-1.8100105876328598e-06,0.0
3.1987670600888817e-07,0.0,-2.4022990804176215e-09,8.651058279863044e-07,-1.8100105876328598e-06,0.0
3.199767060088882e-07,0.0,-2.170698270521763e-09,7.817027196534415e-07,-1.8100105876328598e-06,0.0
3.2e-07,0.0,-2.1200786407053536e-09,7.634737917533682e-07,-1.8100201373272284e-06,0.0
3.200000006658888e-07,1.098716537316916e-06,-2.1200772109205724e-09,7.634732768038405e-07,-1.799011613456969e-06,-0.007425000226122897
3.200000019976664e-07,3.2961495246004754e-06,-2.120074350634848e-09,7.634722469054798e-07,-1.799011613456969e-06,-0.007424999638027205
3.200000046612215e-07,7.691015499167594e-06,-2.1200686311460103e-09,7.634701871129264e-07,-1.7841104522631213e-06,-0.007425000232745169
3.2000000998833185e-07,1.6480747535652104e-05,-2.1200571915129604e-09,7.634660675444909e-07,-1.8139127746508166e-06,-0.0074249997988475305
3.200000206425525e-07,3.4060211608621124e-05,-2.120034312497629e-09,7.634578284743053e-07,-1.8064621940538927e-06,-0.00742500025923425
3.200000419509938e-07,6.921913975455916e-05,-2.119988555361645e-09,7.63441350600673e-07,-1.8083248392031237e-06,-0.0074249998518257174
3.200000845678764e-07,0.00013953699604643525,-2.119897044031636e-09,7.634083959203332e-07,-1.8101874843523547e-06,-0.007425000365190615
3.2000016980164155e-07,0.00028017270854283717,-2.1197140331801594e-09,7.633424908271238e-07,-1.809721823065047e-06,-0.007425000054514942
3.2000034026917185e-07,0.0005614441335356409,-2.119348058901614e-09,7.632106977087404e-07,-1.8101874843523547e-06,-0.007425000789016048
3.200006812042325e-07,0.0011239869836085989,-2.1186162998738706e-09,7.629471797293825e-07,-1.8099546537087008e-06,-0.007425000904471693
3.200013630743538e-07,0.0022490726837545143,-2.11715353966409e-09,7.624204166824833e-07,-1.8098964460477873e-06,-0.007425002484317794
3.2000272681459635e-07,0.0044992440839589955,-2.114231048007377e-09,7.613679812941403e-07,-1.8099837575391575e-06,-0.007425004294498605
3.200054542950815e-07,0.008999586884455308,-2.1083981588560588e-09,7.592674658164894e-07,-1.8099837575391575e-06,-0.007425009265812688
3.2001090925605174e-07,0.018000272485360583,-2.0967805906027696e-09,7.550837960615602e-07,-1.810005585412e-06,-0.007425017856767191
3.200218191779923e-07,0.036001643687258486,-2.0737369697222008e-09,7.46785424354166e-07,-4.308333558356026e-06,-0.007425036390707795
3.200436390218733e-07,0.07200438609096693,-2.0284053242112223e-09,7.304607830791735e-07,-5.222919151037786e-05,-0.007425072106374664
3.200872787096354e-07,0.14400987089838382,-1.9406827248720265e-09,6.988704900335288e-07,-0.00033089539192587836,-0.007425144889991131
3.2017455808515953e-07,0.2880208405132176,-1.7763778703162833e-09,6.397017177521827e-07,-0.0016195259947835439,-0.007425289104940447
3.2027455808515954e-07,0.45302084051323005,-1.605120862022761e-09,5.780293651446487e-07,-0.004294557424401546,-0.007425455305870798
3.2037455808515955e-07,0.6180208405132424,-1.4503743965480378e-09,5.223027196856165e-07,-0.008249588853999512,-0.007425620605260974
3.2047455808515956e-07,0.7830208405132548,-1.3105467257528412e-09,4.719485677388122e-07,-0.013484620283634285,-0.007425786806209089
3.2048245873704185e-07,0.7960569161190343,-1.3001007196083145e-09,4.6818679599750785e-07,-0.013952780944492815,-0.007425799450729187
3.204982600408065e-07,0.8221290673306805,-1.2794575024734171e-09,4.607528475782233e-07,-0.014913071729750982,-0.007425826092244847
3.205011897038154e-07,0.8269630112954242,-1.2756663718216814e-09,4.593876015737651e-07,-0.014947088140218057,-0.007425830497197694
3.2050373783697416e-07,0.8311674310073547,-1.2723780959457882e-09,4.5820344151333744e-07,-0.014789889955238777,-0.007425835171915196
3.2050506570852516e-07,0.8333584190665052,-1.2706678860967636e-09,4.5758756794437077e-07,-0.014708199962370827,-0.007425836921385098
3.205067676631154e-07,0.8361666441403783,-1.2684792429370002e-09,4.567994029870439e-07,-0.014604056957125522,-0.007425840194372313
3.205101715722958e-07,0.8417830942880372,-1.2641132562758339e-09,4.552271422572542e-07,-0.014396681430383751,-0.007425845384133822
3.205169793906566e-07,0.853015994583355,-1.2554262874539206e-09,4.520988276286754e-07,-0.013986379535793958,-0.007425857120296087
3.205305950273782e-07,0.8754817951739904,-1.2382308267531717e-09,4.4590647073676096e-07,-0.013183572804393862,-0.007425879236024002
3.205578263008214e-07,0.9204133963552613,-1.2045416733504759e-09,4.3377447468949676e-07,-0.011649147328739673,-0.007425924824104868
3.2061228884770777e-07,1.010276598717803,-1.1398762530875696e-09,4.1048743587153314e-07,-0.008865048625466443,-0.007426014643684198
3.207122888477078e-07,1.1752765987178155,-1.0299830821634663e-09,3.7091316995430653e-07,-0.004741657936989441,-0.007426180846039188
3.208122888477078e-07,1.340276598717828,-9.306844902412888e-10,3.351541792100269e-07,-0.0018982672480944984,-0.007426346144001172
3.209122888477078e-07,1.5052765987178403,-8.409590753241947e-10,3.02842640653026e-07,-0.00033487655917951997,-0.007426512346341951
3.210122888477078e-07,1.6702765987178527,-7.598839067218946e-10,2.7364619236994447e-07,-1.8100105876328598e-06,-0.007426677644332358
3.211122888477078e-07,1.8352765987178652,-6.866250316312188e-10,2.4726451478925976e-07,-1.8100105876328598e-06,-0.0074268438467015585
3.212122888477078e-07,2.0002765987178774,-6.204288969565351e-10,2.2342624154372578e-07,-1.8100105876328598e-06,-0.007427009144663543
3.213122888477078e-07,2.16527659871789,-5.606145981369989e-10,2.0188616815033417e-07,-1.8100105876328598e-06,-0.007427175347061166
3.214122888477078e-07,2.3302765987179024,-5.06566875247146e-10,1.8242272979581243e-07,-1.8100105876328598e-06,-0.007427340644994729
3.2151228884770783e-07,2.495276598717915,-4.57729784330294e-10,1.6483572228373537e-07,-1.8100105876328598e-06,-0.007427506847335508
3.2161228884770784e-07,2.6602765987179273,-4.1360097886545874e-10,1.4894424270053025e-07,-1.8100105876328598e-06,-0.007427672145411179
3.2171228884770785e-07,2.8252765987179393,-3.7372654254687825e-10,1.3458482861771907e-07,-1.8100105876328598e-06,-0.00742783834760985
3.2181228884770786e-07,2.9902765987179523,-3.376963202242707e-10,1.216097766899206e-07,-1.8100105876328598e-06,-0.0074280036456571
3.2191228884770786e-07,3.1552765987179643,-3.0513969897851875e-10,1.098856233534281e-07,-1.8100105876328598e-06,-0.0074281698480263
3.22e-07,3.299999999999986,-2.791831580842978e-10,1.0053826315806643e-07,-1.810010132885509e-06,-0.00742831477720074
3.2200039084460915e-07,3.3000000000000003,-2.790726763297467e-10,1.0049847693383372e-07,-1.8099546537087008e-06,-3.315003482384782e-06
3.220011725338275e-07,3.3000000000000003,-2.7885180026266513e-10,1.0041893597474534e-07,-1.8099546537087008e-06,-3.3150031981676875e-06
3.220027359122642e-07,3.3000000000000003,-2.7841057236764023e-10,1.0026004284335379e-07,-1.8099837575391575e-06,-3.315003482384782e-06
3.2200586266913753e-07,3.3000000000000003,-2.7753020938994936e-10,9.994301023530323e-08,-1.8100128613696143e-06,-3.3150031981676875e-06
3.220121161828842e-07,3.3000000000000003,-2.7577782164694985e-10,9.931194774127121e-08,-1.8099983094543859e-06,-3.3150035392282007e-06
3.2202462321037763e-07,3.3000000000000003,-2.723061365946249e-10,9.8061739140544e-08,-1.8100237753060355e-06,-3.3150031981676875e-06
3.220496372653644e-07,3.3000000000000003,-2.654930584208578e-10,9.560824212074606e-08,-1.8100092233908072e-06,-3.3150035392282007e-06
3.2209966537533804e-07,3.3000000000000003,-2.523719717163853e-10,9.088313163387448e-08,-1.810010132885509e-06,-3.3150031413242687e-06
3.2219966537533805e-07,3.3000000000000003,-2.280412988479492e-10,8.212127218491709e-08,-1.8100105876328598e-06,-3.315003482384782e-06
3.2229966537533806e-07,3.3000000000000003,-2.060562970865082e-10,7.420412593656284e-08,-1.8100105876328598e-06,-3.3150031981676875e-06
3.2239966537533806e-07,3.3000000000000003,-1.8619082501051839e-10,6.705025579256177e-08,-1.8100105876328598e-06,-3.315003482384782e-06
3.2249966537533807e-07,3.3000000000000003,-1.6824054303746685e-10,6.058607584289007e-08,-1.8100105876328598e-06,-3.3150031981676875e-06
3.225996653753381e-07,3.3000000000000003,-1.5202081155139047e-10,5.474509444671849e-08,-1.8100105876328598e-06,-3.315003482384782e-06
3.226996653753381e-07,3.3000000000000003,-1.3736479166981323e-10,4.94672302882253e-08,-1.8100105876328598e-06,-3.3150031981676875e-06
3.227996653753381e-07,3.3000000000000003,-1.2412172911011445e-10,4.469819437008921e-08,-1.8100105876328598e-06,-3.315003482384782e-06
3.228996653753381e-07,3.3000000000000003,-1.1215540350632589e-10,4.038893158774332e-08,-1.8100105876328598e-06,-3.3150031981676875e-06
3.229996653753381e-07,3.3000000000000003,-1.0134272722308063e-10,3.6495116140329094e-08,-1.8100105876328598e-06,-3.315003482384782e-06
3.230996653753381e-07,3.3000000000000003,-9.157247925585193e-11,3.297669558806289e-08,-1.8100105876328598e-06,-3.3150031981676875e-06
3.231996653753381e-07,3.3000000000000003,-8.274416119275585e-11,2.979747886611221e-08,-1.8100105876328598e-06,-3.315003482384782e-06
3.2329966537533813e-07,3.3000000000000003,-7.476696347127445e-11,2.6924764017223355e-08,-1.8100105876328598e-06,-3.3150031981676875e-06
3.2339966537533814e-07,3.3000000000000003,-6.755883129553244e-11,2.432900181389578e-08,-1.8100105876328598e-06,-3.315003482384782e-06
3.2349966537533815e-07,3.3000000000000003,-6.104562060720814e-11,2.1983491810064327e-08,-1.8100105876328598e-06,-3.3150031981676875e-06
3.2359966537533815e-07,3.3000000000000003,-5.5160335427003123e-11,1.986410769582573e-08,-1.8100105876328598e-06,-3.315003482384782e-06
3.2369966537533816e-07,3.3000000000000003,-4.9842438722966393e-11,1.79490491301622e-08,-1.8100105876328598e-06,-3.3150031981676875e-06
3.2379966537533817e-07,3.3000000000000003,-4.5037229716267806e-11,1.6218617498971642e-08,-1.8100105876328598e-06,-3.315003482384782e-06
3.238996653753382e-07,3.3000000000000003,-4.069528121988459e-11,1.4655013291813978e-08,-1.8100105876328598e-06,-3.3150031981676875e-06
3.239996653753382e-07,3.3000000000000003,-3.677193122220927e-11,1.3242153013156769e-08,-1.8100105876328598e-06,-3.315003482384782e-06
3.240996653753382e-07,3.3000000000000003,-3.322682348611581e-11,1.1965503744838412e-08,-1.8100105876328598e-06,-3.3150031981676875e-06
3.241996653753382e-07,3.3000000000000003,-3.002349243791093e-11,1.081193365803068e-08,-1.8100105876328598e-06,-3.315003482384782e-06
3.242996653753382e-07,3.3000000000000003,-2.712898807634063e-11,9.76957693704147e-09,-1.8100105876328598e-06,-3.3150031981676875e-06
3.243996653753382e-07,3.3000000000000003,-2.4513537043299998e-11,8.827711725541348e-09,-1.8100105876328598e-06,-3.315003482384782e-06
3.244996653753382e-07,3.3000000000000003,-2.2150236370135587e-11,7.976649839748262e-09,-1.8100105876328598e-06,-3.3150031981676875e-06
3.245034601106756e-07,3.3000000000000003,-2.2065260596664267e-11,7.946048722067607e-09,-1.8099983094543859e-06,-3.315003482384782e-06
3.2451104958135035e-07,3.3000000000000003,-2.189628516451193e-11,7.885198001051334e-09,-1.8099910334967717e-06,-3.3150031981676875e-06
3.245114305697987e-07,3.3000000000000003,-2.188783689855247e-11,7.882155647088961e-09,-1.8099546537087008e-06,-3.315003482384782e-06
3.245114795127188e-07,3.3000000000000003,-2.188675184524542e-11,7.88176490226075e-09,-1.8092561617777392e-06,-3.3150032550111064e-06
3.2451157739855895e-07,3.3000000000000003,-2.1884581899856082e-11,7.880983470714469e-09,-1.809721823065047e-06,-3.315003482384782e-06
3.245117731702393e-07,3.3000000000000003,-2.1880242654884927e-11,7.879420840033698e-09,-1.809721823065047e-06,-3.3150031981676875e-06
3.2451178299790004e-07,3.3000000000000003,-2.188002484944696e-11,7.879342404760842e-09,-1.8139127746508166e-06,-3.3150039371321327e-06
3.2451180265322155e-07,3.3000000000000003,-2.187958924431808e-11,7.879185536557459e-09,-1.8101874843523547e-06,-3.3150032550111064e-06
3.245118419638646e-07,3.3000000000000003,-2.187871806043587e-11,7.87887180951976e-09,-1.8101874843523547e-06,-3.3150035960716195e-06
3.2451184393724333e-07,3.3000000000000003,-2.187867432922778e-11,7.878856060876117e-09,-1.799011613456969e-06,-3.3150048466268345e-06
3.245118478840007e-07,3.3000000000000003,-2.18785868625491e-11,7.878824563683271e-09,-1.799011613456969e-06,-3.3150039371321327e-06
3.245118557775155e-07,3.3000000000000003,-2.187841193754506e-11,7.878761569675328e-09,-1.8064621940538927e-06,-3.315003482384782e-06
3.2451185617376685e-07,3.3000000000000003,-2.1878403164361953e-11,7.878758407414377e-09,-1.7692092910692736e-06,-3.315003027637431e-06
3.2451185696626945e-07,3.3000000000000003,-2.1878385590897745e-11,7.878752082896283e-09,-1.8288139358446642e-06,-3.315010303595045e-06
3.245118585512747e-07,3.3000000000000003,-2.1878350471061546e-11,7.878739433875328e-09,-1.799011613456969e-06,-3.315003027637431e-06
3.245118617212852e-07,3.3000000000000003,-2.1878280216128725e-11,7.878714135894343e-09,-1.799011613456969e-06,-3.3150048466268345e-06
3.2451186189858577e-07,3.3000000000000003,-2.1878276263544266e-11,7.878712720965837e-09,-1.8884185806200549e-06,-3.3150175795526593e-06
3.2451186225318685e-07,3.3000000000000003,-2.1878268395633264e-11,7.878709891109584e-09,-1.7692092910692736e-06,-3.315003027637431e-06
3.24511862962389e-07,3.3000000000000003,-2.1878252727552458e-11,7.878704231400129e-09,-1.7692092910692736e-06,-3.315010303595045e-06
3.2451186304622467e-07,3.3000000000000003,-2.1878250857322222e-11,7.878703562359246e-09,-1.1731628433153674e-06,-3.3150175795526593e-06
3.2451186321389596e-07,3.3000000000000003,-2.1878247143958535e-11,7.87870222427765e-09,-1.6500000015184924e-06,-3.315046683383116e-06
3.245118635492386e-07,3.3000000000000003,-2.187823969013412e-11,7.87869954811514e-09,-1.6500000015184924e-06,-3.315003027637431e-06
3.2451186360688436e-07,3.3000000000000003,-2.1878238555944875e-11,7.878699088079924e-09,-6.963256851122424e-07,-3.314959371891746e-06
3.245118637221759e-07,3.3000000000000003,-2.1878235799823205e-11,7.878698168009573e-09,-1.1731628433153674e-06,-3.3149884757222026e-06
3.245118637559754e-07,3.3000000000000003,-2.1878235122823947e-11,7.878697898277134e-09,-1.6500000015184924e-06,-3.3151339948744862e-06
3.2451186378074343e-07,3.3000000000000003,0.378257199930168,1.2610359405130636e-08,-0.011464367267384394,-3.3151339948744862e-06
3.2451186380859864e-07,3.3000000000000003,0.37826621642409447,2.325335307374087e-08,-0.011462732832229582,-3.3149011642308324e-06
3.24511863822533e-07,3.3000000000000003,0.3782707268329665,2.857752692397304e-08,-0.011460962005829765,-3.3149011642308324e-06
3.2451186384431357e-07,3.3000000000000003,0.3782777769286486,3.68997606796401e-08,-0.01146499009721919,-3.3151339948744862e-06
3.245118638878746e-07,3.3000000000000003,0.37829187700334627,5.3544692956666376e-08,-0.011465416881910743,-3.3150175795526593e-06
3.245118639749967e-07,3.3000000000000003,0.3783200766848767,8.683641654766527e-08,-0.011466270437080716,-3.3150175795526593e-06
3.2451186414924093e-07,3.3000000000000003,0.378376474178976,1.534272996709847e-07,-0.011468215909126727,-3.3150175795526593e-06
3.2451186449772934e-07,3.3000000000000003,0.3784892616906639,2.866388080315238e-07,-0.011471510579301184,-3.315003027637431e-06
3.2451186519470617e-07,3.3000000000000003,0.3787148068117155,5.531807799981928e-07,-0.011478337428446674,-3.315010303595045e-06
3.245118665886598e-07,3.3000000000000003,0.37916577746886765,1.0867404392536533e-06,-0.011492047093075037,-3.315003027637431e-06
3.245118693765671e-07,3.3000000000000003,0.380067240655927,2.155761774106045e-06,-0.011519302863908006,-3.3150048466268345e-06
3.245118749523817e-07,3.3000000000000003,0.3818682562111247,4.301405754979859e-06,-0.011573830775515524,-3.315003027637431e-06
3.24511886104011e-07,3.3000000000000003,0.38546265753641934,8.623045013670144e-06,-0.011682617212855871,-3.315003482384782e-06
3.245119084072695e-07,3.3000000000000003,0.39262104863575303,1.738729850628233e-05,-0.011899281592861752,-3.315003482384782e-06
3.245119530137865e-07,3.3000000000000003,0.4068170398926397,3.539628547052117e-05,-0.012328933477877429,-3.3150031413242687e-06
3.245120422268205e-07,3.3000000000000003,0.43473261464445806,7.330916425266233e-05,-0.013173739026006027,-3.315003425541363e-06
3.245121867036541e-07,3.3000000000000003,0.47862514680788654,0.00013993958236628015,-0.014501840547213566,-3.3150031413242687e-06
3.2451232990777597e-07,3.3000000000000003,0.5205722167592964,0.00021218137825069924,-0.015770816680856642,-3.315003482384782e-06
3.2451248268723784e-07,3.3000000000000003,0.5636763125933049,0.00029580425555107644,-0.017074510480660613,-3.3150031413242687e-06
3.245126262560176e-07,3.3000000000000003,0.6026868103172713,0.00038032761862011875,-0.018254124006162418,-3.3150035392282007e-06
3.245127901199871e-07,3.3000000000000003,0.6455114278753808,0.0004835564865821112,-0.019548755065391336,-3.3150031981676875e-06
3.2451296183946e-07,3.3000000000000003,0.6885199539918962,0.0005991591342574546,-0.020848583633610408,-3.3150035392282007e-06
3.2451315674048033e-07,3.3000000000000003,0.735119792068563,0.0007391631740297076,-0.022256503526529386,-3.3150031413242687e-06
3.245133615055124e-07,3.3000000000000003,0.7816595894750463,0.0008958543782128901,-0.023662098739172754,-3.3150035960716195e-06
3.2451358957626487e-07,3.3000000000000003,0.8307311736923415,0.001081353484944002,-0.025143544329316665,-3.3150031981676875e-06
3.2451383036815123e-07,3.3000000000000003,0.8795507494683051,0.0012890561289181685,-0.026616679980712238,-3.3150035392282007e-06
3.2451409582795593e-07,3.3000000000000003,0.9300289911941402,0.0015312894603115464,-0.028139033743661727,-3.3150031981676875e-06
3.2451437743507157e-07,3.3000000000000003,0.9799909282791751,0.0018024694553164622,-0.029644864223547767,-3.315003482384782e-06
3.2451468586418276e-07,3.3000000000000003,1.0307713156033664,0.0021150802256542714,-0.03117424179906143,-3.3150031413242687e-06
3.2451501446318304e-07,3.3000000000000003,1.0806769452690559,0.0024647341980215485,-0.03267598770503514,-3.3150035392282007e-06
3.2451537303118754e-07,3.3000000000000003,1.1305950674437864,0.002864219349932151,-0.03417660261431096,-3.3150031413242687e-06
3.245157566816505e-07,3.3000000000000003,1.1792112377736443,0.003310577579571585,-0.0356363423898492,-3.315003482384782e-06
3.2451616659115214e-07,3.3000000000000003,1.226186008366775,0.0038070814130675415,-0.03704482169074927,-3.3150032550111064e-06
3.2451659343270395e-07,3.3000000000000003,1.2701772798595288,0.004343481706426656,-0.0383616800772155,-3.315003482384782e-06
3.24517045174498e-07,3.3000000000000003,1.3118286462231887,0.004930456738639245,-0.03960609710714527,-3.3150031981676875e-06
3.2451751706789196e-07,3.3000000000000003,1.3505295449950192,0.005562475777630011,-0.04075973834061071,-3.315003482384782e-06
3.2451801638556034e-07,3.3000000000000003,1.3867363544845155,0.006249782422846104,-0.04183612300208187,-3.3150031981676875e-06
3.245185393213048e-07,3.3000000000000003,1.4200457142405973,0.006987582614375173,-0.04282317338437263,-3.315003482384782e-06
3.2451909262780413e-07,3.3000000000000003,1.4507947171260165,0.007785704085938284,-0.04373080660050651,-3.3150031981676875e-06
3.2451967381090877e-07,3.3000000000000003,1.4787650305829354,0.008640786828585116,-0.04455250822886212,-3.315003482384782e-06
3.2452028955883956e-07,3.3000000000000003,1.5042263964501807,0.009562787831236397,-0.045296150807357126,-3.3150031981676875e-06
3.245209387363669e-07,3.3000000000000003,1.5270913752532986,0.0105500638738191,-0.04595913424566813,-3.3150035392282007e-06
3.2452162832176804e-07,3.3000000000000003,1.5475873761865884,0.011613180101455884,-0.04654803009400369,-3.3150031413242687e-06
3.2452235872491454e-07,3.3000000000000003,1.5657183331565194,0.012752660606176502,-0.04706294150940285,-3.315003482384782e-06
3.245231377190689e-07,3.3000000000000003,1.581686425874468,0.013980430801522324,-0.04750963391759082,-3.3150031981676875e-06
3.245239676634987e-07,3.3000000000000003,1.5955577588272527,0.015299943442754503,-0.04789000598019779,-3.315003482384782e-06
3.2452485787375635e-07,3.3000000000000003,1.6075193194034116,0.016725651805276957,-0.04820928619065308,-3.3150031981676875e-06
3.245258134260172e-07,3.3000000000000003,1.6176775722255552,0.018265252080137222,-0.04847046769645557,-3.315003482384782e-06
3.245268463982329e-07,3.3000000000000003,1.626209481580826,0.019937667556357466,-0.048678339679249664,-3.3150031413242687e-06
3.2452796603866e-07,3.3000000000000003,1.6332455290296533,0.021757230337592037,-0.04883642195005721,-3.315003482384782e-06
3.24529189372677e-07,3.3000000000000003,1.6389544583329583,0.023750827307307973,-0.04894901348727982,-3.3150031413242687e-06
3.24530532697431e-07,3.3000000000000003,1.643478280765014,0.02594406809960627,-0.04901964172626049,-3.315003482384782e-06
3.2453202229506984e-07,3.3000000000000003,1.6469768943206198,0.02837868184678942,-0.04905188770151969,-3.3150031413242687e-06
3.245336876508913e-07,3.3000000000000003,1.6495938145772502,0.031101362545154266,-0.049048685398363455,-3.315003482384782e-06
3.2453557381333083e-07,3.3000000000000003,1.6514774259687786,0.03418379596447319,-0.04901235934174663,-3.3150031981676875e-06
3.245377385445655e-07,3.3000000000000003,1.652763977897529,0.03771770866188297,-0.04894425878684803,-3.315003482384782e-06
3.245402702430537e-07,3.3000000000000003,1.6535851588233834,0.04184359445988686,-0.048844117021578363,-3.3150031413242687e-06
3.245432955522833e-07,3.3000000000000003,1.654059748676524,0.04676207381377371,-0.04870945417793906,-3.315003482384782e-06
3.245470214717447e-07,3.3000000000000003,1.6542946901010227,0.05280030653001971,-0.04853359713012699,-3.3150031413242687e-06
3.245517913421131e-07,3.3000000000000003,1.654379235395421,0.06049804756735577,-0.04830289434250087,-3.3150035392282007e-06
3.2455824968999456e-07,3.3000000000000003,1.654381611132637,0.07086206740739286,-0.047988905100511285,-3.3150031413242687e-06
3.245677334235715e-07,3.3000000000000003,1.6543434492622469,0.0859589453105612,-0.04753026749344116,-3.315003482384782e-06
3.2458361157518353e-07,3.3000000000000003,1.6542737320257732,0.1109128669005832,-0.046771975363530165,-3.3150031981676875e-06
3.246153678784076e-07,3.3000000000000003,1.6541386052418843,0.15963575642250727,-0.045291429265209356,-3.315003482384782e-06
3.2466124516690367e-07,3.3000000000000003,1.6539505465163544,0.22731944578571733,-0.04323470943900156,-3.3150031981676875e-06
3.247094312029678e-07,3.3000000000000003,1.653762396933108,0.2951033308498813,-0.041174950625173075,-3.315003482384782e-06
3.2476493715466474e-07,3.3000000000000003,1.6535565939056334,0.36919591975665966,-0.03892348399618083,-3.3150031413242687e-06
3.248221850048895e-07,3.3000000000000003,1.6533562104816113,0.441372853692344,-0.03673023175557229,-3.315003482384782e-06
3.2488653389774117e-07,3.3000000000000003,1.6531443260401977,0.5176641072764313,-0.03441195463379531,-3.3150031981676875e-06
3.249530676100866e-07,3.3000000000000003,1.6529393538739912,0.5914873675666262,-0.0321686746583157,-3.315003482384782e-06
3.2502622295493065e-07,3.3000000000000003,1.6527293095925266,0.667120420231413,-0.029870398783216356,-3.3150031981676875e-06
3.2510188135963247e-07,3.3000000000000003,1.6525278828559558,0.7396635784192314,-0.027666017219570935,-3.315003482384782e-06
3.251838714696585e-07,3.3000000000000003,1.6523263020933405,0.8122512989725541,-0.025460280615368716,-3.3150031413242687e-06
3.252687963225804e-07,3.3000000000000003,1.6521344528415354,0.8813434982336761,-0.023360763801011167,-3.315003482384782e-06
3.2535767934420104e-07,3.3000000000000003,1.651950555091311,0.9475647931775505,-0.021348485051551333,-3.3150031981676875e-06
3.2544402990483197e-07,3.3000000000000003,1.651787104272847,1.0064290048611724,-0.019559767841669212,-3.315003425541363e-06
3.255320720485415e-07,3.3000000000000003,1.6516345284115745,1.0613717865180636,-0.017890211401136058,-3.3150031981676875e-06
3.2561836845190005e-07,3.3000000000000003,1.6514976407285311,1.1106693075531444,-0.016392198877952065,-3.3150035392282007e-06
3.25706162298887e-07,3.3000000000000003,1.6513701240081082,1.1565885875688586,-0.014996841274433417,-3.3150031981676875e-06
3.257926760718482e-07,3.3000000000000003,1.6512551016627286,1.1980114346462714,-0.013738117843121617,-3.315003482384782e-06
3.258803156673257e-07,3.3000000000000003,1.6511484161124121,1.2364295581700124,-0.01257069927963511,-3.3150031981676875e-06
3.259669730582681e-07,3.3000000000000003,1.6510518521521445,1.2712048144567758,-0.01151397735788958,-3.3150035392282007e-06
3.260544853910604e-07,3.3000000000000003,1.6509625676407462,1.3033568776854716,-0.010536966730575949,-3.3150031413242687e-06
3.261412516127048e-07,3.3000000000000003,1.6508815326964783,1.3325395849270771,-0.009650186583285918,-3.315003482384782e-06
3.2622866896812453e-07,3.3000000000000003,1.6508067832725464,1.3594575595892802,-0.008832225173512285,-3.3150031981676875e-06
3.263155186321164e-07,3.3000000000000003,1.6507388001854455,1.3839398724229994,-0.00808827674428681,-3.3150035392282007e-06
3.264028643019104e-07,3.3000000000000003,1.6506762029186965,1.406481818442084,-0.007403290520614687,-3.3150031981676875e-06
3.264897777058937e-07,3.3000000000000003,1.6506191826488932,1.4270160964962064,-0.006779311727395471,-3.315003482384782e-06
3.265770693563565e-07,3.3000000000000003,1.6505667513595474,1.4458972195613449,-0.00620556760318339,-3.3150031981676875e-06
3.2666403166247294e-07,3.3000000000000003,1.6505189344032118,1.4631171323656396,-0.005682303017146095,-3.315003482384782e-06
3.267512827552431e-07,3.3000000000000003,1.6504750113844244,1.4789343651211142,-0.005201661888704216,-3.3150031981676875e-06
3.268382827755143e-07,3.3000000000000003,1.6504349175963617,1.4933729674198208,-0.004762913482354084,-3.315003482384782e-06
3.269255035952459e-07,3.3000000000000003,1.6503981179025249,1.5066250274441508,-0.004360220727284724,-3.3150031981676875e-06
3.2701253292889295e-07,3.3000000000000003,1.6503645032538419,1.5187303356031345,-0.0039923745483934035,-3.3150035392282007e-06
3.270997313780858e-07,3.3000000000000003,1.650333668928737,1.5298342051244633,-0.003654959249074638,-3.3150031413242687e-06
3.271867837641292e-07,3.3000000000000003,1.650305488545172,1.5399825103412221,-0.003346580869337371,-3.3150035392282007e-06
3.2727396596389393e-07,3.3000000000000003,1.65027965085506,1.549287034763097,-0.0030638425981678705,-3.3150031981676875e-06
3.273610367814249e-07,3.3000000000000003,1.650256027585276,1.5577942238970548,-0.0028053331068325733,-3.315003482384782e-06
3.2744820753584653e-07,3.3000000000000003,1.650234375737267,1.5655913751110866,-0.002568399659088295,-3.3150031981676875e-06
3.275352934372123e-07,3.3000000000000003,1.6502145735146267,1.5727225250567785,-0.002351704119466633,-3.315003482384782e-06
3.276224565773732e-07,3.3000000000000003,1.6501964286802466,1.5792567548613905,-0.0021531472936351923,-3.3150031981676875e-06
3.27709555215248e-07,3.3000000000000003,1.6501798300106807,1.5852342403929964,-0.001971508361851484,-3.3150035392282007e-06
3.277967138728041e-07,3.3000000000000003,1.6501646237021812,1.5907102668255677,-0.0018051073544893207,-3.3150031413242687e-06
3.2788382369504744e-07,3.3000000000000003,1.6501507106792908,1.5957205980841345,-0.001652857513411881,-3.315003482384782e-06
3.279709805117457e-07,3.3000000000000003,1.650137966722323,1.6003098967252862,-0.0015134016648235223,-3.3150031981676875e-06
3.2805810062127503e-07,3.3000000000000003,1.650126305038642,1.6045094774968032,-0.0013857882458890168,-3.3150035392282007e-06
3.2814525791429926e-07,3.3000000000000003,1.6501156245240693,1.6083557003033073,-0.001268912376974148,-3.3150031981676875e-06
3.2823238796252324e-07,3.3000000000000003,1.6501058500238777,1.6118756707937698,-0.0011619503973182305,-3.3150035392282007e-06
3.283195478688938e-07,3.3000000000000003,1.6500968987322056,1.61509917443767,-0.001063997208046686,-3.3150031981676875e-06
3.2840668799217656e-07,3.3000000000000003,1.6500887061099279,1.6180494815041713,-0.0009743456950302685,-3.315003482384782e-06
3.284938525730893e-07,3.3000000000000003,1.6500812039982746,1.6207511131517969,-0.0008922507247119306,-3.3150031413242687e-06
3.285810033554572e-07,3.3000000000000003,1.6500743373066242,1.6232239285528003,-0.0008171088371529481,-3.315003482384782e-06
3.286681747056978e-07,3.3000000000000003,1.6500680497110756,1.6254881940054091,-0.0007483041921256372,-3.3150031413242687e-06
3.287553371561377e-07,3.3000000000000003,1.650062294393746,1.6275607835404293,-0.0006853240402248332,-3.315003482384782e-06
3.2884251751225556e-07,3.3000000000000003,1.6500570246653024,1.6294584989624774,-0.0006276578178313069,-3.3150031413242687e-06
3.2892969307612054e-07,3.3000000000000003,1.6500522008713927,1.6311956304048565,-0.0005748712911129343,-3.315003482384782e-06
3.2901688487065277e-07,3.3000000000000003,1.6500477842134962,1.632786141429412,-0.0005265401448402254,-3.3150031413242687e-06
3.291040754758163e-07,3.3000000000000003,1.6500437411873354,1.6342421047254458,-0.0004822975249485498,-3.3150035392282007e-06
3.29191281453057e-07,3.3000000000000003,1.6500400394917276,1.6355751462896047,-0.0004417901488299331,-3.3150031413242687e-06
3.292784895194892e-07,3.3000000000000003,1.6500366508705342,1.6367954468778578,-0.00040470865471875457,-3.315003482384782e-06
3.293657128596663e-07,3.3000000000000003,1.6500335483916968,1.6379127008421297,-0.0003707584563459478,-3.3150031413242687e-06
3.294529413663029e-07,3.3000000000000003,1.6500307082608043,1.6389354804306817,-0.0003396790681199124,-3.315003482384782e-06
3.295401857587705e-07,3.3000000000000003,1.6500281079944132,1.6398718796155332,-0.00031122453666649903,-3.3150031413242687e-06
3.296274383651602e-07,3.3000000000000003,1.6500257275786838,1.6407291077507598,-0.0002851757903364437,-3.315003482384782e-06
3.297147081065476e-07,3.3000000000000003,1.650023548226409,1.6415139289051213,-0.00026132728700549446,-3.3150031981676875e-06
3.298019892804773e-07,3.3000000000000003,1.6500215531170475,1.6422324015596195,-0.0002394949285174654,-3.315003482384782e-06
3.2988928942928e-07,3.3000000000000003,1.6500197265424719,1.6428901815731198,-0.00021950684877999755,-3.3150031981676875e-06
3.2997660455859664e-07,3.3000000000000003,1.6500180543737437,1.6434923579218792,-0.00020120840670353728,-3.315003482384782e-06
3.30063941054712e-07,3.3000000000000003,1.6500165234720756,1.6440436611200724,-0.00018445585762844928,-3.3150031981676875e-06
3.301512965879856e-07,3.3000000000000003,1.650015121971801,1.6445483651761776,-0.00016911932467683014,-3.315003425541363e-06
3.3023867663659183e-07,3.3000000000000003,1.650013838880789,1.6450104276949336,-0.00015507854683432303,-3.3150031981676875e-06
3.303260801566135e-07,3.3000000000000003,1.6500126642391197,1.6454334359868479,-0.0001422245173949566,-3.315003482384782e-06
3.30413512354452e-07,3.3000000000000003,1.6500115888441151,1.6458207038052017,-0.00013045653968285403,-3.3150031413242687e-06
3.3050097301002573e-07,3.3000000000000003,1.6500106043416969,1.6461752396937916,-0.00011968319396766205,-3.3150035392282007e-06
3.305884674074388e-07,3.3000000000000003,1.6500097030234662,1.6464998195224,-0.00010982012804661871,-3.3150031413242687e-06
3.3067599629001733e-07,3.3000000000000003,1.6500088778829274,1.6467969665868043,-0.00010079066598653178,-3.315003482384782e-06
3.3076356482781683e-07,3.3000000000000003,1.650008122464868,1.6470690052594523,-9.25241780920621e-05,-3.3150031981676875e-06
3.3085157817751093e-07,3.3000000000000003,1.6500074278448884,1.6473191496625486,-8.492299489286487e-05,-3.315003482384782e-06
3.309433258006765e-07,3.3000000000000003,1.6500067667475373,1.6475572219101766,-7.76886499774678e-05,-3.3150031981676875e-06
3.310371068417558e-07,3.3000000000000003,1.6500061516137756,1.6477787419419698,-7.09572802604344e-05,-3.315003425541363e-06
3.3113467091894173e-07,3.3000000000000003,1.6500055707616537,1.6479879165579352,-6.460105382736317e-05,-3.3150031981676875e-06
3.312346089001447e-07,3.3000000000000003,1.6500050324229658,1.6481817813649313,-5.871004935526952e-05,-3.315003482384782e-06
3.313346089001447e-07,3.3000000000000003,1.6500045456666155,1.648357070564918,-5.3383504707755305e-05,-3.3150031981676875e-06
3.314346089001447e-07,3.3000000000000003,1.6500041058371742,1.6485154604867427,-4.857048150229615e-05,-3.315003482384782e-06
3.315346089001447e-07,3.3000000000000003,1.650003708411098,1.648658580355723,-4.4221472163767905e-05,-3.3150031981676875e-06
3.316346089001447e-07,3.3000000000000003,1.6500033492998152,1.6487879023268515,-4.0291742034612064e-05,-3.315003482384782e-06
3.317346089001447e-07,3.3000000000000003,1.6500030248099429,1.6489047566276236,-3.674086926634603e-05,-3.3150031981676875e-06
3.3183460890014473e-07,3.3000000000000003,1.6500027316032997,1.649010345240989,-3.3532328972896033e-05,-3.315003482384782e-06
3.3193460890014474e-07,3.3000000000000003,1.6500024666642754,1.6491057542691427,-3.063311758133763e-05,-3.3150031981676875e-06
3.3203460890014475e-07,3.3000000000000003,1.6500022272673533,1.6491919651053617,-2.801341330736734e-05,-3.315003482384782e-06
3.3213460890014476e-07,3.3000000000000003,1.6500020109503206,1.6492698645287733,-2.5646269441218907e-05,-3.3150031981676875e-06
3.3223460890014476e-07,3.3000000000000003,1.6500018154878782,1.64934025382592,-2.3507337137007216e-05,-3.315003482384782e-06
3.3233460890014477e-07,3.3000000000000003,1.6500016388696597,1.649403857032925,-2.1574614983910646e-05,-3.3150031981676875e-06
3.324346089001448e-07,3.3000000000000003,1.6500014792787756,1.6494613283830497,-1.982822267253921e-05,-3.315003482384782e-06
3.325346089001448e-07,3.3000000000000003,1.6500013350737877,1.649513259036245,-1.8250196522776673e-05,-3.3150031981676875e-06
3.326346089001448e-07,3.3000000000000003,1.6500012047712596,1.6495601831599254,-1.6824304689201593e-05,-3.315003482384782e-06
3.327346089001448e-07,3.3000000000000003,1.6500010870309805,1.6496025834235017,-1.5535880212186836e-05,-3.3150031981676875e-06
3.328346089001448e-07,3.3000000000000003,1.6500009806417655,1.6496408959632007,-1.4371670138715826e-05,-3.315003482384782e-06
3.329346089001448e-07,3.3000000000000003,1.6500008845093528,1.6496755148682358,-1.3319699210831542e-05,-3.3150031981676875e-06
3.330346089001448e-07,3.3000000000000003,1.6500007976448443,1.6497067962344734,-1.2369146677126597e-05,-3.315003482384782e-06
3.3313460890014483e-07,3.3000000000000003,1.6500007191547916,1.649735061827295,-1.151023499637099e-05,-3.3150031981676875e-06
3.3323460890014484e-07,3.3000000000000003,1.6500006482317862,1.6497606023913332,-1.0734129257466346e-05,-3.315003482384782e-06
3.3333460890014485e-07,3.3000000000000003,1.6500005841463419,1.649783680641115,-1.0032846307749864e-05,-3.3150031981676875e-06
3.3343460890014485e-07,3.3000000000000003,1.6500005262392317,1.6498045339633913,-9.399172632050539e-06,-3.315003482384782e-06
3.3353460890014486e-07,3.3000000000000003,1.6500004739148413,1.6498233768589345,-8.826590157499377e-06,-3.3150031981676875e-06
3.3363460890014487e-07,3.3000000000000003,1.6500004266349293,1.6498404031489304,-8.309209203928301e-06,-3.315003482384782e-06
3.337346089001449e-07,3.3000000000000003,1.6500003839131874,1.6498557879686548,-7.841707904644963e-06,-3.3150031981676875e-06
3.338346089001449e-07,3.3000000000000003,1.6500003453101542,1.649869689568945,-7.419277462311377e-06,-3.315003482384782e-06
3.339346089001449e-07,3.3000000000000003,1.6500003104287688,1.6498822509439952,-7.037572686940987e-06,-3.3150031981676875e-06
3.340346089001449e-07,3.3000000000000003,1.6500002789102215,1.6498936013022163,-6.692667298801074e-06,-3.315003482384782e-06
3.341346089001449e-07,3.3000000000000003,1.6500002504303188,1.6499038573952982,-6.381013543519431e-06,-3.3150031981676875e-06
3.342346089001449e-07,3.3000000000000003,1.6500002246961014,1.649913124719136,-6.099405697948363e-06,-3.315003482384782e-06
3.343346089001449e-07,3.3000000000000003,1.650000201442872,1.6499214985989776,-5.844947096792043e-06,-3.3150031981676875e-06
3.3443460890014493e-07,3.3000000000000003,1.6500001804314366,1.6499290651699563,-5.615020335945711e-06,-3.315003482384782e-06
3.3453460890014494e-07,3.3000000000000003,1.6500001614456734,1.649935902263091,-5.407260350354418e-06,-3.3150031981676875e-06
3.3463460890014494e-07,3.3000000000000003,1.6500001442902876,1.6499420802058693,-5.219530085796707e-06,-3.315003482384782e-06
3.3473460890014495e-07,3.3000000000000003,1.6500001287888195,1.649947662545647,-5.049898517400407e-06,-3.3150031981676875e-06
3.3483460890014496e-07,3.3000000000000003,1.650000114781815,1.649952706703308,-4.896620786260217e-06,-3.315003482384782e-06
3.3493460890014497e-07,3.3000000000000003,1.6500001021251993,1.6499572645639045,-4.7581202520251116e-06,-3.3150031981676875e-06
3.3503460890014497e-07,3.3000000000000003,1.6500000906887813,1.6499613830103554,-4.632972274848552e-06,-3.315003482384782e-06
3.35134608900145e-07,3.3000000000000003,1.6500000803549257,1.649965104405692,-4.519889561724871e-06,-3.3150031981676875e-06
3.35234608900145e-07,3.3000000000000003,1.650000071017336,1.6499684670288113,-4.417708924835089e-06,-3.315003482384782e-06
3.35334608900145e-07,3.3000000000000003,1.6500000625799647,1.6499715054682191,-4.325379317036243e-06,-3.3150031981676875e-06
3.35434608900145e-07,3.3000000000000003,1.6500000549560232,1.6499742509778133,-4.241951020461985e-06,-3.315003482384782e-06
3.35534608900145e-07,3.3000000000000003,1.6500000480670909,1.6499767317983656,-4.166565877664607e-06,-3.3150031981676875e-06
3.35634608900145e-07,3.3000000000000003,1.650000041842306,1.6499789734480128,-4.098448464410944e-06,-3.315003482384782e-06
3.35734608900145e-07,3.3000000000000003,1.6500000362176404,1.6499809989847396,-4.036898113564472e-06,-3.3150031981676875e-06
3.3583460890014503e-07,3.3000000000000003,1.6500000311352372,1.649982829243557,-3.981281707864961e-06,-3.315003482384782e-06
3.3593460890014504e-07,3.3000000000000003,1.6500000265428185,1.6499844830508141,-3.931027167648421e-06,-3.3150031981676875e-06
3.3603460890014505e-07,3.3000000000000003,1.6500000223931457,1.64998597741785,-3.885617566248803e-06,-3.315003482384782e-06
3.3613460890014506e-07,3.3000000000000003,1.6500000186435346,1.649987327715974,-3.844585812950445e-06,-3.3150031981676875e-06
3.3623460890014506e-07,3.3000000000000003,1.6500000152554157,1.64998854783458,-3.807509848200461e-06,-3.315003482384782e-06
3.3633460890014507e-07,3.3000000000000003,1.6500000121939384,1.6499896503240123,-3.774008302432834e-06,-3.3150031981676875e-06
3.364346089001451e-07,3.3000000000000003,1.6500000094276122,1.6499906465246628,-3.7437365731041e-06,-3.315003482384782e-06
3.365346089001451e-07,3.3000000000000003,1.650000006927982,1.6499915466836184,-3.7163832801216602e-06,-3.3150031981676875e-06
3.366346089001451e-07,3.3000000000000003,1.6500000046693355,1.6499923600600648,-3.6916670629305156e-06,-3.315003482384782e-06
3.367346089001451e-07,3.3000000000000003,1.6500000026284412,1.6499930950205288,-3.6693336863811803e-06,-3.3150031981676875e-06
3.368346089001451e-07,3.3000000000000003,1.650000000784305,1.6499937591249374,-3.649153425620591e-06,-3.315003482384782e-06
3.369346089001451e-07,3.3000000000000003,1.6499999991179584,1.6499943592043798,-3.630918703076008e-06,-3.3150031981676875e-06
3.370346089001451e-07,3.3000000000000003,1.6499999976122612,1.649994901431373,-3.6144419533481967e-06,-3.315003482384782e-06
3.3713460890014513e-07,3.3000000000000003,1.6499999962517249,1.6499953913833558,-3.5995536938547916e-06,-3.3150031981676875e-06
3.3723460890014514e-07,3.3000000000000003,1.6499999950223556,1.6499958341000567,-3.5861007813977875e-06,-3.315003482384782e-06
3.3733460890014515e-07,3.3000000000000003,1.6499999939115066,1.6499962341353334,-3.5739448370912785e-06,-3.3150031981676875e-06
3.3743460890014515e-07,3.3000000000000003,1.649999992907753,1.6499965956040157,-3.5629608228636594e-06,-3.315003482384782e-06
3.3753460890014516e-07,3.3000000000000003,1.6499999920007686,1.6499969222242319,-3.553035755287413e-06,-3.3150031981676875e-06
3.3763460890014517e-07,3.3000000000000003,1.649999991181225,1.649997217355652,-3.5440675434436824e-06,-3.315003482384782e-06
3.377346089001452e-07,3.3000000000000003,1.6499999904406921,1.6499974840340472,-3.535963938830283e-06,-3.3150031981676875e-06
3.378346089001452e-07,3.3000000000000003,1.6499999897715525,1.6499977250025162,-3.5286415863714996e-06,-3.315003482384782e-06
3.379346089001452e-07,3.3000000000000003,1.649999989166923,1.6499979427397014,-3.522025167148351e-06,-3.3150031981676875e-06
3.380346089001452e-07,3.3000000000000003,1.649999988620585,1.6499981394852836,-3.5160466235627498e-06,-3.315003482384782e-06
3.381346089001452e-07,3.3000000000000003,1.649999988126918,1.649998317263021,-3.5106444592893866e-06,-3.3150031981676875e-06
3.382346089001452e-07,3.3000000000000003,1.6499999876808444,1.6499984779015657,-3.505763106782586e-06,-3.315003482384782e-06
3.383346089001452e-07,3.3000000000000003,1.6499999872777762,1.6499986230532722,-3.501352355628264e-06,-3.3150031981676875e-06
3.3843460890014523e-07,3.3000000000000003,1.6499999869135669,1.6499987542111958,-3.4973668360873297e-06,-3.315003482384782e-06
3.3853460890014524e-07,3.3000000000000003,1.6499999865844701,1.6499988727244486,-3.4937655524470795e-06,-3.3150031981676875e-06
3.3863460890014524e-07,3.3000000000000003,1.649999986287101,1.6499989798120775,-3.4905114612987166e-06,-3.315003482384782e-06
3.3873460890014525e-07,3.3000000000000003,1.649999986018401,1.6499990765756039,-3.4875710905230914e-06,-3.3150031981676875e-06
3.3883460890014526e-07,3.3000000000000003,1.6499999857756054,1.6499991640103542,-3.484914194954808e-06,-3.315003482384782e-06
3.3893460890014527e-07,3.3000000000000003,1.6499999855562173,1.6499992430156964,-3.482513445323737e-06,-3.3150031981676875e-06
3.390346089001453e-07,3.3000000000000003,1.6499999853579799,1.649999314404293,-3.480344147129135e-06,-3.315003482384782e-06
3.391346089001453e-07,3.3000000000000003,1.649999985178854,1.6499993789104592,-3.478383986591654e-06,-3.3150031981676875e-06
3.392346089001453e-07,3.3000000000000003,1.6499999850169975,1.649999437197716,-3.476612801178796e-06,-3.315003482384782e-06
3.393346089001453e-07,3.3000000000000003,1.6499999848707452,1.649999489865616,-3.4750123721676674e-06,-3.3150031981676875e-06
3.394346089001453e-07,3.3000000000000003,1.649999984738593,1.64999953745591,-3.4735662373034715e-06,-3.315003482384782e-06
3.395346089001453e-07,3.3000000000000003,1.6499999846191813,1.64999958045812,-3.4722595213741537e-06,-3.3150031981676875e-06
3.396346089001453e-07,3.3000000000000003,1.6499999845112814,1.6499996193145736,-3.471078783289784e-06,-3.315003482384782e-06
3.397346089001453e-07,3.3000000000000003,1.6499999844137845,1.6499996544249547,-3.470011877784896e-06,-3.3150031981676875e-06
3.3983460890014533e-07,3.3000000000000003,1.6499999843256867,1.6499996861504147,-3.469047830502196e-06,-3.315003482384782e-06
3.3993460890014534e-07,3.3000000000000003,1.6499999842460822,1.6499997148172874,-3.4681767250562407e-06,-3.3150031981676875e-06
3.4000000000000003e-07,3.299999999999973,1.6499999841982962,1.6499997320430226,-3.4676537224276745e-06,-3.315003425541363e-06
3.4000030156439945e-07,3.299502418740929,1.6499999841983959,1.6499997321198083,-3.467594996545781e-06,0.00742168549663802
3.400009046931983e-07,3.2985072562228415,1.6499999841979183,1.6499997322733326,-3.467590329815088e-06,0.00742168649622954
3.4000211095079597e-07,3.2965169311866664,1.6499999841960706,1.6499997325800995,-3.467581019265593e-06,0.007421688495639955
3.4000452346599133e-07,3.292536281114316,1.6499999841946478,1.64999973319251,-3.4675915243235325e-06,0.007421692494460785
3.40009348496382e-07,3.2845749809697025,1.64999998419139,1.6499997344128543,-3.4675690087455134e-06,0.0074217004917045415
3.400189985571634e-07,3.2686523806803884,1.6499999841854254,1.6499997368357413,-3.467488091168602e-06,0.007421716486987862
3.400382986787262e-07,3.2368071801017604,1.6499999841712205,1.649999741611155,-3.4673720895566378e-06,0.007421748476758694
3.4007689892185177e-07,3.1731167789445913,1.6499999841463895,1.6499997508872837,-3.467079289805054e-06,0.007421812456925636
3.401540994081029e-07,3.0457359766302528,1.6499999840968333,1.649999768392436,-3.4665482788360306e-06,0.007421940416634243
3.402540994081029e-07,2.8807359766302407,1.6499999840401698,1.6499997891305198,-3.4659185689373374e-06,0.00742210616704142
3.403540994081029e-07,2.7157359766302283,1.6499999839873072,1.6499998078692912,-3.465349125433325e-06,0.00742227191699385
3.404540994081029e-07,2.550735976630216,1.6499999839409951,1.6499998248014898,-3.4648346250638476e-06,0.007422437667401027
3.405540994081029e-07,2.3857359766302033,1.6499999838979063,1.6499998401012936,-3.464369688865519e-06,0.007422603417296614
3.406540994081029e-07,2.2207359766301913,1.6499999838600314,1.6499998539260705,-3.4639496084926584e-06,0.007422769167703791
3.4075409940810293e-07,2.055735976630179,1.6499999838249033,1.6499998664180324,-3.4635699996642486e-06,0.007422934917627799
3.4085409940810294e-07,1.8907359766301661,1.649999983793934,1.649999877705666,-3.4632270116603566e-06,0.007423100667978133
3.4095409940810295e-07,1.7257359766301539,1.649999983765291,1.6499998879050841,-3.4629170703871116e-06,0.007423266417958985
3.4105409940810296e-07,1.5607359766301414,1.6499999837399728,1.6499998971211944,-9.846542762855063e-05,0.00742343216833774
3.4115409940810296e-07,1.3957359766301292,1.6499999837166144,1.6499999054488002,-0.001231625537850168,0.007423597918233327
3.4125409940810297e-07,1.2307359766301165,1.6499999836959187,1.6499999129735565,-0.0036447856724896154,0.007423763668640504
3.41354099408103e-07,1.065735976630104,1.6499999836768673,1.6499999197728679,-0.007337945829170474,0.007423929418592934
3.41454099408103e-07,0.900735976630092,1.6499999836599524,1.6499999259166704,-0.012311106005759928,0.0074240951689859
3.414836154181956e-07,0.8520345599772448,1.6499999836552428,1.6499999276128818,-0.014023643400875759,0.0074241440916011925
3.4150384833394514e-07,0.8186502489905396,1.6499999836517816,1.6499999287466152,-0.014784743718084383,0.007424177627868289
3.415268982143919e-07,0.7806179462533618,1.6499999836485055,1.6499999300102082,-0.013400849595600875,0.00742421583289854
3.415382907854865e-07,0.7618202039473063,1.64999998364721,1.6499999306239204,-0.012741962669794204,0.007424234716310707
3.4155552982194423e-07,0.7333757937920349,1.6499999836440769,1.6499999315392273,-0.01177653593634954,0.007424263289848909
3.4159000789485966e-07,0.6764869734815799,1.6499999836393129,1.649999933322709,-0.009959801199339846,0.007424320437493748
3.4165896404069057e-07,0.5627093328605821,1.649999983629934,1.6499999367091314,-0.00678280696532207,0.007424434732243412
3.417589640406906e-07,0.39770933286056964,1.649999983617414,1.649999941220145,-0.0032568586099414715,0.007424600482579535
3.418589640406906e-07,0.23270933286055717,1.64999998360605,1.6499999452962593,-0.001010910267349781,0.007424766232574598
3.419589640406906e-07,0.0677093328605447,1.6499999835958608,1.6499999489794033,-4.496193671027761e-05,0.007424931982908056
3.42e-07,0.0,1.649999983591916,1.6499999503850573,-3.4610180319677168e-06,0.0074249999999126595
3.4200000102073295e-07,0.0,1.649999983591378,1.649999950385091,-3.4500195163555964e-06,-1.5791813752177823e-23
3.420000030621988e-07,0.0,1.6499999835913777,1.649999950385159,-3.4500195142861293e-06,0.0
3.4200000714513056e-07,0.0,1.649999983592017,1.6499999503852951,-3.450019504367928e-06,0.0
3.4200001531099404e-07,0.0,1.6499999835918577,1.6499999503855685,-3.457470078068966e-06,0.0
3.4200003164272095e-07,0.0,1.649999983591751,1.649999950386116,-3.4611953526926647e-06,0.0
3.420000643061748e-07,0.0,1.6499999835923789,1.6499999503872116,-3.4611953136721035e-06,0.0
3.4200012963308255e-07,0.0,1.6499999835922128,1.6499999503894027,-3.4611952482982997e-06,0.0
3.42000260286898e-07,0.0,1.6499999835914723,1.649999950393785,-3.4611951218220315e-06,0.0
3.4200052159452893e-07,0.0,1.6499999835915407,1.6499999504025462,-3.4609620251447242e-06,0.0
3.4200104420979073e-07,0.0,1.6499999835918855,1.6499999504200606,-3.4609614901449886e-06,0.0
3.420020894403144e-07,0.0,1.6499999835923933,1.6499999504550642,-3.4609604174119903e-06,0.0
3.420041799013616e-07,0.0,1.6499999835915353,1.6499999505249607,-3.460987396658483e-06,0.0
3.4200836082345617e-07,0.0,1.649999983591174,1.6499999506643102,-3.461012265921021e-06,0.0
3.4201672266764525e-07,0.0,1.649999983590246,1.6499999509412473,-3.46098930590882e-06,0.0
3.420334463560234e-07,0.0,1.6499999835889234,1.6499999514881434,-3.460998159876276e-06,0.0
3.420668937327797e-07,0.0,1.6499999835858687,1.6499999525546085,-3.4609512018597964e-06,0.0
3.421337884862923e-07,0.0,1.6499999835803338,1.6499999545826984,-3.460891390559666e-06,0.0
3.422337884862923e-07,0.0,1.649999983572506,1.6499999573705562,-3.4608062139215832e-06,0.0
3.423337884862923e-07,0.0,1.6499999835655768,1.6499999598896415,-3.4607296680226376e-06,0.0
3.424337884862923e-07,0.0,1.6499999835591996,1.6499999621658672,-3.460660498231481e-06,0.0
3.425337884862923e-07,0.0,1.6499999835535364,1.6499999642226462,-3.4605979999648442e-06,0.0
3.4263378848629233e-07,0.0,1.6499999835483345,1.6499999660811353,-3.4605415244885796e-06,0.0
3.4273378848629234e-07,0.0,1.6499999835437065,1.6499999677604513,-3.460490495868938e-06,0.0
3.4283378848629235e-07,0.0,1.6499999835394625,1.6499999692778684,-3.4604443849219327e-06,0.0
3.4293378848629235e-07,0.0,1.6499999835356811,1.6499999706489938,-3.460402721065348e-06,0.0
3.4303378848629236e-07,0.0,1.6499999835322186,1.6499999718879323,-3.4603650725609093e-06,0.0
3.4313378848629237e-07,0.0,1.6499999835291288,1.649999973007427,-3.4603310548449814e-06,0.0
3.432337884862924e-07,0.0,1.6499999835263037,1.6499999740189937,-3.4603003156968164e-06,0.0
3.433337884862924e-07,0.0,1.649999983523779,1.6499999749330367,-3.4602725409132163e-06,0.0
3.434337884862924e-07,0.0,1.649999983521474,1.6499999757589592,-3.460247443114394e-06,0.0
3.435337884862924e-07,0.0,1.6499999835194117,1.649999976505256,-3.4602247655617432e-06,0.0
3.436337884862924e-07,0.0,1.6499999835175307,1.6499999771796037,-3.4602042737731684e-06,0.0
3.437337884862924e-07,0.0,1.6499999835158459,1.6499999777889391,-3.460185758013651e-06,0.0
3.438337884862924e-07,0.0,1.6499999835143109,1.6499999783395298,-3.460169026932603e-06,0.0
3.4393378848629243e-07,0.0,1.6499999835129346,1.6499999788370385,-3.4601539091891144e-06,0.0
3.4403378848629244e-07,0.0,1.6499999835116819,1.6499999792865834,-3.460140248656439e-06,0.0
3.4413378848629244e-07,0.0,1.6499999835105574,1.6499999796927889,-3.4601279053328776e-06,0.0
3.4423378848629245e-07,0.0,1.649999983509535,1.6499999800598333,-3.460116751784807e-06,0.0
3.4433378848629246e-07,0.0,1.649999983508617,1.6499999803914913,-3.4601066737216603e-06,0.0
3.4443378848629247e-07,0.0,1.6499999835077823,1.649999980691175,-3.4600975671102357e-06,0.0
3.4453378848629247e-07,0.0,1.6499999835070323,1.6499999809619668,-3.4600893385624593e-06,0.0
3.446337884862925e-07,0.0,1.649999983506351,1.6499999812066521,-3.4600819032209284e-06,0.0
3.447337884862925e-07,0.0,1.6499999835057386,1.649999981427748,-3.460075184777378e-06,0.0
3.448337884862925e-07,0.0,1.6499999835051824,1.6499999816275281,-3.4600691139874975e-06,0.0
3.449337884862925e-07,0.0,1.6499999835046824,1.6499999818080484,-3.4600636285243434e-06,0.0
3.450337884862925e-07,0.0,1.6499999835042285,1.649999981971165,-3.460058671841538e-06,0.0
3.451337884862925e-07,0.0,1.64999998350382,1.6499999821185556,-3.460054193086908e-06,0.0
3.452337884862925e-07,0.0,1.6499999835034493,1.6499999822517364,-3.4600501460665e-06,0.0
3.4533378848629253e-07,0.0,1.649999983503116,1.6499999823720775,-3.460046489268535e-06,0.0
3.4543378848629254e-07,0.0,1.6499999835028134,1.649999982480817,-3.460043184961695e-06,0.0
3.4553378848629255e-07,0.0,1.6499999835025412,1.649999982579073,-3.460040199257014e-06,0.0
3.455375832216296e-07,0.0,1.6499999835018395,1.6499999825826046,-3.460027833065771e-06,0.0
3.455451726923037e-07,0.0,1.6499999835033707,1.6499999825896305,-3.4600203232625963e-06,0.0
3.45560351633652e-07,0.0,1.649999983502,1.649999982603523,-3.4600489877147025e-06,0.0
3.4556111361060783e-07,0.0,1.6499999835020274,1.6499999826042144,-3.4599834863096705e-06,0.0
3.455626375645195e-07,0.0,1.6499999835023342,1.6499999826055953,-3.460041653581102e-06,0.0
3.455656854723429e-07,0.0,1.6499999835021164,1.6499999826083513,-3.4600124751248234e-06,0.0
3.4557178128798966e-07,0.0,1.6499999835026298,1.6499999826138396,-3.4600414122254766e-06,0.0
3.455839729192831e-07,0.0,1.6499999835024532,1.6499999826247171,-3.460026517465451e-06,0.0
3.455845849344165e-07,0.0,1.649999983502178,1.6499999826252596,-3.4602156789510188e-06,0.0
3.4558580896468334e-07,0.0,1.6499999835017427,1.649999982626343,-3.460099240108392e-06,0.0
3.4558825702521695e-07,0.0,1.649999983502245,1.6499999826285052,-3.460070076052957e-06,0.0
3.455883799168883e-07,0.0,1.6499999835020565,1.6499999826286136,-3.4597499326293937e-06,0.0
3.455886257002309e-07,0.0,1.6499999835026335,1.64999998262883,-3.4599827516158867e-06,0.0
3.455891172669162e-07,0.0,1.649999983502425,1.6499999826292633,-3.459982739683166e-06,0.0
3.4558914194336904e-07,0.0,1.6499999835019097,1.6499999826292848,-3.462078219517484e-06,0.0
3.4558919129627475e-07,0.0,1.6499999835022359,1.6499999826293277,-3.4611468928425937e-06,0.0
3.4558929000208617e-07,0.0,1.6499999835024466,1.6499999826294143,-3.460215565780224e-06,0.0
3.4558948741370895e-07,0.0,1.649999983502497,1.6499999826295881,-3.4602155598916383e-06,0.0
3.4558949732369416e-07,0.0,1.6499999835022299,1.6499999826295968,-3.456490271738921e-06,0.0
3.4558951714366463e-07,0.0,1.6499999835028383,1.6499999826296137,-3.458352910845031e-06,0.0
3.455895181386193e-07,0.0,1.6499999835024146,1.6499999826296148,-3.3596327217267246e-06,0.0
3.455895201285286e-07,0.0,1.649999983502817,1.6499999826296166,-3.389435040427735e-06,0.0
3.4558952410834725e-07,0.0,1.6499999835025636,1.649999982629619,-3.4341385261756544e-06,0.0
3.455895320679845e-07,0.0,1.6499999835020056,1.6499999826296254,-3.4490396921959944e-06,0.0
3.4558953246755516e-07,0.0,1.6499999835021153,1.6499999826296259,-3.3000280792576357e-06,0.0
3.455895326286352e-07,0.0,1.2708978018867094,1.6499999517883137,-1.8884185806200549e-06,0.0
3.455895327071464e-07,0.0,1.2708724219199876,1.6499999217228882,-1.6500000015184924e-06,0.0
3.4558953274962115e-07,0.0,1.2708586915123894,1.6499999054565893,-6.963256851122424e-07,0.0
3.4558953280443705e-07,0.0,1.2708409719159017,1.6499998844632033,-1.6500000015184924e-06,0.0
3.4558953291406884e-07,0.0,1.2708055334637178,1.6499998424734923,-1.6500000015184924e-06,0.0
3.455895331333324e-07,0.0,1.2707346595120315,1.6499997584823116,-1.8884185806200549e-06,0.0
3.4558953357185964e-07,0.0,1.2705929234254403,1.649999590452916,-1.7692092910692736e-06,0.0
3.4558953444891403e-07,0.0,1.270309498505484,1.6499992542060202,-1.7692092910692736e-06,0.0
3.455895362030228e-07,0.0,1.269742837634228,1.6499985809600213,-1.7692092910692736e-06,0.0
3.4558953971124037e-07,0.0,1.2686102713405076,1.6499972314608709,-1.799011613456969e-06,0.0
3.4558954672767553e-07,0.0,1.2663481571990773,1.6499945204473863,-1.8064621940538927e-06,0.0
3.455895607605458e-07,0.0,1.261835975900949,1.6499890504668784,-1.8101874843523547e-06,0.0
3.455895888262864e-07,0.0,1.2528595877721624,1.6499779195458766,-1.8101874843523547e-06,0.0
3.4558964495776757e-07,0.0,1.2350970151687355,1.649954900642969,-1.8101874843523547e-06,0.0
3.4558975722072994e-07,0.0,1.2003193446997282,1.649905887970056,-1.8101874843523547e-06,0.0
3.455899018347282e-07,0.0,1.1569518491751816,1.6498370523097032,-1.8101874843523547e-06,0.0
3.4559007455685996e-07,0.0,1.1071935459162783,1.6497467274990214,-1.8101874843523547e-06,0.0
3.4559026351553656e-07,0.0,1.0551944670657796,1.6496382197030732,-1.8104203149960085e-06,0.0
3.455904755835145e-07,0.0,0.9997242051745139,1.6495049569885654,-1.809721823065047e-06,0.0
3.455907030996597e-07,0.0,0.9434354783395518,1.6493491780109504,-1.8101874843523547e-06,0.0
3.4559095214466034e-07,0.0,0.8854276832310563,1.6491643249451908,-1.8099546537087008e-06,0.0
3.4559121623795906e-07,0.0,0.8277853842343552,1.648952929705311,-1.8099546537087008e-06,0.0
3.455915008283763e-07,0.0,0.7698380743692299,1.6487085789285685,-1.8099546537087008e-06,0.0
3.455918007414712e-07,0.0,0.713128610090684,1.648433783452697,-1.8099546537087008e-06,0.0
3.4559212086641997e-07,0.0,0.6571682396797309,1.6481223472639648,-1.8098382383868739e-06,0.0
3.4559245711076113e-07,0.0,0.6030794495277928,1.6477766521964408,-1.8099546537087008e-06,0.0
3.4559281386683314e-07,0.0,0.5505131150797066,1.647390783590922,-1.8098382383868739e-06,0.0
3.455931879755673e-07,0.0,0.5002644474288782,1.6469668730308182,-1.8099546537087008e-06,0.0
3.455935834485042e-07,0.0,0.45207952930776135,1.6464992717887197,-1.8098382383868739e-06,0.0
3.4559399796023705e-07,0.0,0.40650041833856415,1.6459897344849423,-1.8099546537087008e-06,0.0
3.455944352724605e-07,0.0,0.3633326181691667,1.6454328042264283,-1.8099546537087008e-06,0.0
3.4559489383560354e-07,0.0,0.3229240757968186,1.6448297228631021,-1.8098382383868739e-06,0.0
3.4559537730617545e-07,0.0,0.28511327783202234,1.644175092119751,-1.8099546537087008e-06,0.0
3.455958848979855e-07,0.0,0.25010065024554234,1.643469480375891,-1.8099546537087008e-06,0.0
3.4559642032816974e-07,0.0,0.21773957385241605,1.6427073478066172,-1.8099546537087008e-06,0.0
3.455969836155163e-07,0.0,0.1881195515863309,1.6418883801792605,-1.8099546537087008e-06,0.0
3.455975787408795e-07,0.0,0.1610975338577257,1.6410066094073532,-1.8099546537087008e-06,0.0
3.4559820664170425e-07,0.0,0.13668078706904233,1.640060543994107,-1.8100710690305277e-06,0.0
3.455988718316028e-07,0.0,0.1147236418555937,1.6390433747433255,-1.8098964460477873e-06,0.0
3.45599576386606e-07,0.0,0.09517361212572517,1.637951991248342,-1.8098964460477873e-06,0.0
3.45600325738626e-07,0.0,0.07787991963368343,1.6367781288155872,-1.8098964460477873e-06,0.0
3.4560112349296446e-07,0.0,0.06274798273688088,1.6355163608324306,-1.8099546537087008e-06,0.0
3.45601976594936e-07,0.0,0.049621964026688434,1.6341560068324328,-1.8100128613696143e-06,0.0
3.456028908660953e-07,0.0,0.03837911626462601,1.632688166145728,-1.8100128613696143e-06,0.0
3.456038757517325e-07,0.0,0.028860258275613036,1.6310981493928536,-1.8100128613696143e-06,0.0
3.456049405304763e-07,0.0,0.020925575439778726,1.6293715494268153,-1.8099546537087008e-06,0.0
3.456060989078632e-07,0.0,0.01441533362481646,1.6274868357924768,-1.8100128613696143e-06,0.0
3.456073659819395e-07,0.0,0.009181688875575165,1.6254202827081057,-1.8100128613696143e-06,0.0
3.4560876312859553e-07,0.0,0.00506791667622802,1.6231380586501438,-1.8099546537087008e-06,0.0
3.4561031612256717e-07,0.0,0.0019258712444931252,1.620599349897333,-1.8099837575391575e-06,0.0
3.4561206130774776e-07,0.0,-0.00039380347064496416,1.6177464007702171,-1.8099837575391575e-06,0.0
3.456140462369986e-07,0.0,-0.002032262831346627,1.6145036718383288,-1.8099837575391575e-06,0.0
3.456163407711078e-07,0.0,-0.003126159237623586,1.610760078978348,-1.8099546537087008e-06,0.0
3.4561904352062485e-07,0.0,-0.0038011075652787467,1.6063591748487702,-1.8099546537087008e-06,0.0
3.456223086658141e-07,0.0,-0.004172459087864104,1.6010567942052971,-1.8099983094543859e-06,0.0
3.456263825138179e-07,0.0,-0.004340390174384043,1.5944644971910857,-1.8099837575391575e-06,0.0
3.4563169975595115e-07,0.0,-0.004386859187628374,1.5859002676836134,-1.810005585412e-06,0.0
3.456390940558778e-07,0.0,-0.004370448944639722,1.5740666830598937,-1.8099983094543859e-06,0.0
3.4565042470722384e-07,0.0,-0.00432122123189916,1.5561043804043817,-1.8099910334967717e-06,0.0
3.456708084719345e-07,0.0,-0.004232772761470326,1.5243040354736621,-1.8100183183378249e-06,0.0
3.4571157600135577e-07,0.0,-0.004061593263773874,1.462633230582543,-1.8100092233908072e-06,0.0
3.457931110601983e-07,0.0,-0.003739407666291996,1.34662849562287,-1.810009678138158e-06,0.0
3.4588233100576317e-07,0.0,-0.003416124387027352,1.2301929959323727,-1.810010132885509e-06,0.0
3.459732538945163e-07,0.0,-0.0031153257597716613,1.1218841538401525,-1.8100105876328598e-06,0.0
3.4605915371576424e-07,0.0,-0.00285559665142595,1.0283403160743114,-1.8100105876328598e-06,0.0
3.4614726850324414e-07,0.0,-0.0026115919015882697,0.9404797591684446,-1.810010132885509e-06,0.0
3.4623324528950815e-07,0.0,-0.0023936685446675713,0.8619942738691923,-1.810010132885509e-06,0.0
3.463212753556812e-07,0.0,-0.0021893263928115646,0.7884139764762198,-1.8100105876328598e-06,0.0
3.4640759690697006e-07,0.0,-0.0020059338990203158,0.7223659907182447,-1.8100105876328598e-06,0.0
3.4649540779248217e-07,0.0,-0.001835102434867428,0.6608514294444943,-1.8100105876328598e-06,0.0
3.465819092017849e-07,0.0,-0.001681073152095512,0.605379261072883,-1.810010132885509e-06,0.0
3.4666954778512153e-07,0.0,-0.001538178500486808,0.5539238020989373,-1.8100105876328598e-06,0.0
3.4675619412619544e-07,0.0,-0.0014088628487809321,0.5073525577557394,-1.810010132885509e-06,0.0
3.468437057063918e-07,0.0,-0.0012892739954941793,0.46428892166132935,-1.8100105876328598e-06,0.0
3.4693046225678035e-07,0.0,-0.0011807508360796792,0.4252061853455962,-1.810010132885509e-06,0.0
3.470178772591745e-07,0.0,-0.0010806316169126157,0.38915320223083666,-1.810010132885509e-06,0.0
3.4710471748902356e-07,0.0,-0.0009895859540206108,0.35636494687975784,-1.8100105876328598e-06,0.0
3.4719205929685644e-07,0.0,-0.0009057440069202575,0.32617320078037293,-1.8100105876328598e-06,0.0
3.47278963189622e-07,0.0,-0.0008293789516995387,0.2986720523884632,-1.8100105876328598e-06,0.0
3.4736624947007826e-07,0.0,-0.0007591536080774879,0.2733835363995453,-1.8100110423802107e-06,0.0
3.474532017996994e-07,0.0,-0.000695113371130412,0.2503210196890301,-1.8100105876328598e-06,0.0
3.4754044591440857e-07,0.0,-0.0006362840978604463,0.22913618341661007,-1.810010132885509e-06,0.0
3.476274351148147e-07,0.0,-0.0005825867818373842,0.20979850359011562,-1.8100105876328598e-06,0.0
3.4771464718304425e-07,0.0,-0.0005332984686737417,0.1920493611370353,-1.810010132885509e-06,0.0
3.478016644667394e-07,0.0,-0.00048827824171821806,0.17583656863750532,-1.8100105876328598e-06,0.0
3.478888521578474e-07,0.0,-0.0004469798625215995,0.16096461869766562,-1.810009678138158e-06,0.0
3.4797589084642355e-07,0.0,-0.0004092375151796914,0.14737279633353742,-1.8100110423802107e-06,0.0
3.480630599776419e-07,0.0,-0.00037463151966915677,0.1349108037287942,-1.8100110423802107e-06,0.0
3.4815011499364556e-07,0.0,-0.00034299240213688946,0.12351691390244501,-1.8100105876328598e-06,0.0
3.482372699808006e-07,0.0,-0.0003139928069604207,0.11307382194233187,-1.8100110423802107e-06,0.0
3.4832433746206377e-07,0.0,-0.00028747117795684997,0.10352286442409607,-1.8100110423802107e-06,0.0
3.484114816597942e-07,0.0,-0.00026316876264438264,0.09477126449714919,-1.810009678138158e-06,0.0
3.4849855866684785e-07,0.0,-0.00024093765604161953,0.08676542235584969,-1.8100110423802107e-06,0.0
3.4858569462565223e-07,0.0,-0.00022057099613553426,0.07943112464291341,-1.8100105876328598e-06,0.0
3.486727789197922e-07,0.0,-0.00020193680400007024,0.07272060941263768,-1.810010132885509e-06,0.0
3.4875990858038856e-07,0.0,-0.00018486812209649682,0.06657394795395226,-1.8100105876328598e-06,0.0
3.488469984553362e-07,0.0,-0.00016924918919709804,0.06094928993717877,-1.8100105876328598e-06,0.0
3.4893412329572315e-07,0.0,-0.00015494419690490713,0.05579786443837984,-1.8100105876328598e-06,0.0
3.4902121744991643e-07,0.0,-0.00014185281461868,0.05108342756426694,-1.8100105876328598e-06,0.0
3.491083385967223e-07,0.0,-0.00012986386955436563,0.046766038683954674,-1.810010132885509e-06,0.0
3.4919543603641685e-07,0.0,-0.0001188911426470473,0.04281457019684988,-1.810010132885509e-06,0.0
3.492825543492587e-07,0.0,-0.00010884316490846888,0.039196148346789625,-1.8100105876328598e-06,0.0
3.493696543149765e-07,0.0,-9.964630128076881e-05,0.03588420122597012,-1.8100105876328598e-06,0.0
3.49456770450413e-07,0.0,-9.122499068603293e-05,0.03285156376070132,-1.8100105876328598e-06,0.0
3.495438723610935e-07,0.0,-8.351663151749851e-05,0.03007565404656482,-1.8100105876328598e-06,0.0
3.4963098682113716e-07,0.0,-7.64586055346751e-05,0.027533954018140887,-1.810010132885509e-06,0.0
3.4971809023171226e-07,0.0,-6.999787168967487e-05,0.025207336279879887,-1.8100105876328598e-06,0.0
3.4980520340065124e-07,0.0,-6.408240829011087e-05,0.02307708907718667,-1.8100105876328598e-06,0.0
3.4989230796979483e-07,0.0,-5.8667389094104774e-05,0.021127051362260205,-1.8100105876328598e-06,0.0
3.4997942014216217e-07,0.0,-5.370951164323517e-05,0.019341644587993492,-1.8100110423802107e-06,0.0
3.5006652560776404e-07,0.0,-4.9170965053738465e-05,0.01770723965668713,-1.810009678138158e-06,0.0
3.5015363700959604e-07,0.0,-4.501565003156804e-05,0.016210847317372188,-1.8100105876328598e-06,0.0
3.5024074317009336e-07,0.0,-4.121171971347802e-05,0.014840990110388724,-1.810010132885509e-06,0.0
3.503278539751e-07,0.0,-3.7729044254746275e-05,0.013586825225544634,-1.8100105876328598e-06,0.0
3.5041496067526135e-07,0.0,-3.454082997485826e-05,0.012438697645960848,-1.8100110423802107e-06,0.0
3.5050207101713533e-07,0.0,-3.162190629833039e-05,0.011387548211228905,-1.8100105876328598e-06,0.0
3.505891781372236e-07,0.0,-2.8949750166073252e-05,0.010425261708359373,-1.810010132885509e-06,0.0
3.5067628811901744e-07,0.0,-2.65033190070766e-05,0.009544263964113509,-1.810010132885509e-06,0.0
3.5076339556652023e-07,0.0,-2.42636921061296e-05,0.008737738337599563,-1.810010132885509e-06,0.0
3.508505052677984e-07,0.0,-2.2213268152216132e-05,0.007999348814271045,-1.810010132885509e-06,0.0
3.509376129711134e-07,0.0,-2.0336160646185353e-05,0.007323372334074686,-1.8100105876328598e-06,0.0
3.51024722453411e-07,0.0,-1.861764041401484e-05,0.006704506424074501,-1.8100105876328598e-06,0.0
3.5111183035702025e-07,0.0,-1.7044373801316894e-05,0.006137947977888383,-1.8100105876328598e-06,0.0
3.5119893966801337e-07,0.0,-1.5604030965521805e-05,0.0056192580310755694,-1.810010132885509e-06,0.0
3.5128604772878924e-07,0.0,-1.4285424261097861e-05,0.005144406729742769,-1.8100105876328598e-06,0.0
3.513731569054843e-07,0.0,-1.3078229632508557e-05,0.0047096770574455256,-1.8100105876328598e-06,0.0
3.514602650898572e-07,0.0,-1.1973062257726042e-05,0.004311688692015343,-1.8100105876328598e-06,0.0
3.515473741610353e-07,0.0,-1.0961275804945016e-05,0.003947328536216196,-1.8100105876328598e-06,0.0
3.516344824428229e-07,0.0,-1.0034999203561872e-05,0.003613761606802348,-1.810010132885509e-06,0.0
3.517215914309128e-07,0.0,-9.186990047038292e-06,0.003308380204465404,-1.8100105876328598e-06,0.0
3.5180869978965225e-07,0.0,-8.410647795823396e-06,0.0030288070324537906,-1.8100105876328598e-06,0.0
3.5189580871216805e-07,0.0,-7.699905249868864e-06,0.002772857478289169,-1.810010132885509e-06,0.0
3.5198291715206724e-07,0.0,-7.049227789410617e-06,0.002538538202815857,-1.8100105876328598e-06,0.0
3.520700260113382e-07,0.0,-6.453532599426619e-06,0.002324019000214746,-1.8100105876328598e-06,0.0
3.521571345054359e-07,0.0,-5.908179025525048e-06,0.0021276285340299044,-1.810010132885509e-06,0.0
3.5224424331650855e-07,0.0,-5.40890847291858e-06,0.0019478333534119021,-1.810010132885509e-06,0.0
3.5233135185222463e-07,0.0,-4.951830283029732e-06,0.0017832322570628838,-1.8100110423802107e-06,0.0
3.524184606272029e-07,0.0,-4.533376138868937e-06,0.001632540332520096,-1.810010132885509e-06,0.0
3.525055691943235e-07,0.0,-4.1502844053725725e-06,0.0014945829344288088,-1.8100105876328598e-06,0.0
3.5259267794202767e-07,0.0,-3.7995649638533083e-06,0.0013682833397755023,-1.8100105876328598e-06,0.0
3.5267978653283817e-07,0.0,-3.478483656873637e-06,0.001252656880315951,-1.8100105876328598e-06,0.0
3.527668952599602e-07,0.0,-3.18453475389809e-06,0.0011468012487705838,-1.810010132885509e-06,0.0
3.52854003868651e-07,0.0,-2.915426367021476e-06,0.001049891061887008,-1.8100110423802107e-06,0.0
3.529411125802397e-07,0.0,-2.6690586079654336e-06,0.000961170148622095,-1.8100105876328598e-06,0.0
3.5302822120242514e-07,0.0,-2.4435103793953912e-06,0.0008799466649101679,-1.8100105876328598e-06,0.0
3.5311532990229017e-07,0.0,-2.2370218539624525e-06,0.0008055868913049736,-1.810010132885509e-06,0.0
3.5320243853466087e-07,0.0,-2.047982775922108e-06,0.0007375109308043825,-1.8100105876328598e-06,0.0
3.532895472256771e-07,0.0,-1.8749182775269383e-06,0.0006751876756602702,-1.810010132885509e-06,0.0
3.533766558657356e-07,0.0,-1.7164786739311207e-06,0.0006181310701966097,-1.8100105876328598e-06,0.0
3.5346376455007266e-07,0.0,-1.5714278952239832e-06,0.0005658959968407793,-1.810009678138158e-06,0.0
3.535508731959341e-07,0.0,-1.4386346777526552e-06,0.0005180750607525828,-1.8100105876328598e-06,0.0
3.536379818752294e-07,0.0,-1.3170630727883701e-06,0.0004742952078914074,-1.8100105876328598e-06,0.0
3.5372509052547124e-07,0.0,-1.2057649005326083e-06,0.00043421497752661883,-1.8100105876328598e-06,0.0
3.5381219920096063e-07,0.0,-1.1038719255740146e-06,0.0003975217095605277,-1.810010132885509e-06,0.0
3.538993078545093e-07,0.0,-1.0105894280489093e-06,0.0003639292085012938,-1.8100105876328598e-06,0.0
3.539864165271254e-07,0.0,-9.251897290707331e-07,0.0003331754292962742,-1.810010132885509e-06,0.0
3.540735251831707e-07,0.0,-8.47006735776874e-07,0.00030502049838410463,-1.810009678138158e-06,0.0
3.5416065449316686e-07,0.0,-7.754143256546834e-07,0.0002792389416679056,-1.810010132885509e-06,0.0
3.542517041549596e-07,0.0,-7.070541875638332e-07,0.0002546213761919155,-1.8100105876328598e-06,0.0
3.543445422850209e-07,0.0,-6.435512229741707e-07,0.00023175295638050203,-1.810010132885509e-06,0.0
3.544413083099118e-07,0.0,-5.834204805822303e-07,0.00021009892635172914,-1.8100110423802107e-06,0.0
3.5454021643578584e-07,0.0,-5.277589314941027e-07,0.00019005432396564115,-1.810009678138158e-06,0.0
3.5464021643578585e-07,0.0,-4.7687875775931e-07,0.00017173156984926928,-1.8100105876328598e-06,0.0
3.5474021643578585e-07,0.0,-4.3090383787795264e-07,0.00015517527550820318,-1.8100105876328598e-06,0.0
3.5484021643578586e-07,0.0,-3.893612682441216e-07,0.00014021514011769705,-1.8100105876328598e-06,0.0
3.5494021643578587e-07,0.0,-3.51823733178599e-07,0.0001266972812120809,-1.8100105876328598e-06,0.0
3.550402164357859e-07,0.0,-3.179051168520238e-07,0.00011448265182389859,-1.8100105876328598e-06,0.0
3.551402164357859e-07,0.0,-2.872565253456201e-07,0.00010344561022341808,-1.8100105876328598e-06,0.0
3.552402164357859e-07,0.0,-2.595627032372263e-07,9.347262754671527e-05,-1.8100105876328598e-06,0.0
3.553402164357859e-07,0.0,-2.3453878624859435e-07,8.446112001869044e-05,-1.8100105876328598e-06,0.0
3.554402164357859e-07,0.0,-2.1192737499582495e-07,7.631839375914115e-05,-1.8100105876328598e-06,0.0
3.555402164357859e-07,0.0,-1.9149588399599881e-07,6.896069131792606e-05,-1.8100105876328598e-06,0.0
3.556402164357859e-07,0.0,-1.7303415210540873e-07,6.231233013177445e-05,-1.8100105876328598e-06,0.0
3.5574021643578593e-07,0.0,-1.563522783321996e-07,5.630492404071742e-05,-1.8100105876328598e-06,0.0
3.5584021643578594e-07,0.0,-1.4127867056135915e-07,5.087667985656702e-05,-1.8100105876328598e-06,0.0
3.5594021643578594e-07,0.0,-1.2765827875487144e-07,4.597176174779538e-05,-1.8100105876328598e-06,0.0
3.5604021643578595e-07,0.0,-1.1535100159593412e-07,4.15397169027982e-05,-1.8100105876328598e-06,0.0
3.5614021643578596e-07,0.0,-1.0423024409001182e-07,3.753495656379424e-05,-1.8100105876328598e-06,0.0
3.5624021643578597e-07,0.0,-9.418161649145521e-08,3.3916287093209156e-05,-1.8100105876328598e-06,0.0
3.5634021643578597e-07,0.0,-8.510175672889964e-08,3.0646486248995764e-05,-1.8100105876328598e-06,0.0
3.56440216435786e-07,0.0,-7.689726801023661e-08,2.7691920310402948e-05,-1.8100105876328598e-06,0.0
3.56540216435786e-07,0.0,-6.948375744058727e-08,2.502219811587137e-05,-1.8100105876328598e-06,0.0
3.56640216435786e-07,0.0,-6.278496852929589e-08,2.2609858454442883e-05,-1.8100105876328598e-06,0.0
3.56740216435786e-07,0.0,-5.673199630213819e-08,2.0430087595129564e-05,-1.8100105876328598e-06,0.0
3.56840216435786e-07,0.0,-5.126257896067559e-08,1.8460464048710244e-05,-1.8100105876328598e-06,0.0
3.56940216435786e-07,0.0,-4.632045708193376e-08,1.668072793652452e-05,-1.8100105876328598e-06,0.0
3.57040216435786e-07,0.0,-4.1854795236203784e-08,1.5072572593958792e-05,-1.8100105876328598e-06,0.0
3.5714021643578603e-07,0.0,-3.781965881912571e-08,1.3619456265017782e-05,-1.8100105876328598e-06,0.0
3.5724021643578604e-07,0.0,-3.41735417878987e-08,1.2306431951044581e-05,-1.8100105876328598e-06,0.0
3.5734021643578605e-07,0.0,-3.087893952908086e-08,1.1119993663380827e-05,-1.8100105876328598e-06,0.0
3.5744021643578606e-07,0.0,-2.790196324556402e-08,1.0047937498499278e-05,-1.8100105876328598e-06,0.0
3.5754021643578606e-07,0.0,-2.5211991229200447e-08,9.079236106601527e-06,-1.8100105876328598e-06,0.0
3.5764021643578607e-07,0.0,-2.2781354001583986e-08,8.203925262446055e-06,-1.8100105876328598e-06,0.0
3.577402164357861e-07,0.0,-2.058504959801648e-08,7.413001371653183e-06,-1.8100105876328598e-06,0.0
3.578402164357861e-07,0.0,-1.8600486481134537e-08,6.698328858221189e-06,-1.8100105876328598e-06,0.0
3.579402164357861e-07,0.0,-1.680725108540768e-08,6.052556480624609e-06,-1.8100105876328598e-06,0.0
3.580402164357861e-07,0.0,-1.5186897903928044e-08,5.469041715709295e-06,-1.8100105876328598e-06,0.0
3.581402164357861e-07,0.0,-1.372275970006901e-08,4.941782432583209e-06,-1.8100105876328598e-06,0.0
3.582402164357861e-07,0.0,-1.2399776112228527e-08,4.465355153690002e-06,-1.8100105876328598e-06,0.0
3.583402164357861e-07,0.0,-1.1204338700522639e-08,4.034859268007661e-06,-1.8100105876328598e-06,0.0
3.5844021643578613e-07,0.0,-1.0124151002146607e-08,3.645866622540452e-06,-1.8100105876328598e-06,0.0
3.5854021643578614e-07,0.0,-9.148102018814636e-09,3.294375973593248e-06,-1.8100105876328598e-06,0.0
3.5864021643578615e-07,0.0,-8.26615195199134e-09,2.9767718293068404e-06,-1.8100105876328598e-06,0.0
3.5874021643578615e-07,0.0,-7.469228910642649e-09,2.6897872601012484e-06,-1.8100105876328598e-06,0.0
3.5884021643578616e-07,0.0,-6.7491356143320605e-09,2.4304702944893507e-06,-1.8100105876328598e-06,0.0
3.5894021643578617e-07,0.0,-6.098465059178042e-09,2.1961535546022253e-06,-1.8100105876328598e-06,0.0
3.590402164357862e-07,0.0,-5.510524341341757e-09,1.9844268190923715e-06,-1.8100105876328598e-06,0.0
3.591402164357862e-07,0.0,-4.979265801453247e-09,1.7931122311920095e-06,-1.8100105876328598e-06,0.0
3.592402164357862e-07,0.0,-4.499224826962883e-09,1.6202418969125659e-06,-1.8100105876328598e-06,0.0
3.593402164357862e-07,0.0,-4.06546363403242e-09,1.4640376429565023e-06,-1.8100105876328598e-06,0.0
3.594402164357862e-07,0.0,-3.6735204836498435e-09,1.3228927261281041e-06,-1.8100105876328598e-06,0.0
3.595402164357862e-07,0.0,-3.3193637814650633e-09,1.195355306103041e-06,-1.8100105876328598e-06,0.0
3.596402164357862e-07,0.0,-2.999350613228057e-09,1.0801135115549269e-06,-1.8100105876328598e-06,0.0
3.5974021643578623e-07,0.0,-2.7101892688111363e-09,9.759819460264706e-07,-1.8100105876328598e-06,0.0
3.5984021643578624e-07,0.0,-2.4489053868396137e-09,8.818894947424037e-07,-1.8100105876328598e-06,0.0
3.5994021643578624e-07,0.0,-2.212811356739681e-09,7.968683069429621e-07,-1.8100105876328598e-06,0.0
3.6e-07,0.0,-2.0827521585703e-09,7.500319361782378e-07,-1.8100110423802107e-06,0.0
3.6000000139569006e-07,2.3028886130395214e-06,-2.082749214230731e-09,7.50030875857504e-07,-1.7841104522631213e-06,-0.007424999934825228
3.600000041870702e-07,6.908665839118564e-06,-2.082743325013987e-09,7.500287552190343e-07,-1.7841104522631213e-06,-0.0074249999394519475
3.6000000976983053e-07,1.6120220378626922e-05,-2.0827315478756993e-09,7.500245139600823e-07,-1.8064621940538927e-06,-0.00742500008952326
3.600000209353512e-07,3.454332945764364e-05,-2.0827079931437765e-09,7.500160315141292e-07,-1.8064621940538927e-06,-0.007424999967212255
3.600000432663925e-07,7.138954761567708e-05,-2.082660884378556e-09,7.499990669100202e-07,-1.8064621940538927e-06,-0.007425000145043881
3.600000879284751e-07,0.00014508198393174392,-2.082566670103266e-09,7.499651388529551e-07,-1.8092561617777392e-06,-0.007425000078253493
3.600001772526403e-07,0.00029246685647652736,-2.0823782542888523e-09,7.498972873431784e-07,-1.809721823065047e-06,-0.0074250003583252525
3.600003559009707e-07,0.0005872366016534446,-2.082001473798393e-09,7.497616027389573e-07,-1.8101874843523547e-06,-0.007425000526819034
3.6000071319763146e-07,0.0011767760919199287,-2.081248117311628e-09,7.494903071751864e-07,-1.8099546537087008e-06,-0.007425001244454943
3.6000142779095305e-07,0.002355855072540247,-2.0797422219765684e-09,7.489480104931154e-07,-1.8098964460477873e-06,-0.0074250023045790425
3.6000285697759617e-07,0.004714013033693534,-2.076733698925363e-09,7.478645938460046e-07,-1.8099837575391575e-06,-0.0074250047972246325
3.6000571535088247e-07,0.009430328956087457,-2.070729699646825e-09,7.457024589149568e-07,-1.8099692056239292e-06,-0.007425009411493266
3.6001143209745507e-07,0.018862960800875305,-2.0587737000299665e-09,7.413969146869156e-07,-1.810005585412e-06,-0.007425019010502298
3.600228655906002e-07,0.03772822449036365,-2.0350681996749883e-09,7.328601897319384e-07,-5.2152641671909805e-06,-0.007425037837978099
3.600457325768905e-07,0.07545875186934034,-1.9884713739502978e-09,7.160799370856443e-07,-6.003116286024124e-05,-0.007425075863606523
3.600914665494711e-07,0.1509198066272937,-1.8984422668788353e-09,6.836590341896067e-07,-0.00037045613910891007,-0.007425151544181219
3.6018293449463224e-07,0.30184191614320044,-1.7303417063592636e-09,6.231233682611142e-07,-0.0017944790708384062,-0.007425303276015427
3.6028293449463224e-07,0.46684191614321285,-1.5635229517970988e-09,5.630493008966725e-07,-0.004576728542161845,-0.007425468902617638
3.6038293449463225e-07,0.6318419161432253,-1.4127868569629395e-09,5.087668532234944e-07,-0.008638978013038923,-0.0074256347763324015
3.6048293449463226e-07,0.7968419161432376,-1.2765829250608096e-09,4.597176668663306e-07,-0.013981227483895964,-0.007425800402927507
3.6049083514611883e-07,0.8098779910960738,-1.26640763550314e-09,4.560533844420814e-07,-0.014457859044910037,-0.007425813621878774
3.604952138901098e-07,0.8171029186811661,-1.260803222175676e-09,4.540351467166282e-07,-0.014725461704557574,-0.007425820756097323
3.6049701910326964e-07,0.8200815203949148,-1.258499935231345e-09,4.532056967222173e-07,-0.01483649995958558,-0.007425823871798798
3.604982506085593e-07,0.8221135041228129,-1.2569310621409075e-09,4.526407207518708e-07,-0.014912488906446697,-0.00742582578952522
3.604991733888192e-07,0.8236360915516809,-1.255756770534765e-09,4.522178398041841e-07,-0.0149695554973448,-0.007425827442617106
3.6049996032313306e-07,0.8249345331695526,-1.2547562175786887e-09,4.5185752488721613e-07,-0.015018307267069986,-0.007425828623411235
3.605006733175048e-07,0.8261109738828957,-1.2538503644618583e-09,4.515313128775262e-07,-0.014978998439005409,-0.007425829928308758
3.605013985784133e-07,0.8273076543819606,-1.252929597753495e-09,4.511997302482317e-07,-0.014934137268568293,-0.007425831007523698
3.6050194225335463e-07,0.8282047180351505,-1.2522398099039809e-09,4.5095132675287003e-07,-0.014900523075823457,-0.007425832031529467
3.605026778147893e-07,0.8294183944023815,-1.2513071703705801e-09,4.506154685316566e-07,-0.014855148588765132,-0.007425833128138493
3.605041489376587e-07,0.8318457471368434,-1.249443974353189e-09,4.499445022284221e-07,-0.014764467836613449,-0.007425835689119253
3.605070911833974e-07,0.8367004526056799,-1.245725899022477e-09,4.486055645980925e-07,-0.014584283440143508,-0.007425840443019638
3.6051297567487475e-07,0.846409863543353,-1.2383228916119436e-09,4.459396247461852e-07,-0.014226961844315156,-0.007425850319449978
3.6052474465782956e-07,0.8658286854187863,-1.2236484679164522e-09,4.406551330837272e-07,-0.013525615447321115,-0.0074258697037521415
3.605482826237391e-07,0.9046663291695658,-1.1948182340149535e-09,4.3027291066442675e-07,-0.012176110135726503,-0.007425908840730244
3.6059535855555825e-07,0.9823416166711246,-1.1391718365625919e-09,4.102337643591887e-07,-0.0096898492110995,-0.007425986746426361
3.606895104191965e-07,1.1376921916742424,-1.0354769885303276e-09,3.7289161237842375e-07,-0.005568326429937542,-0.00742614292603605
3.607895104191965e-07,1.3026921916742549,-9.3564874017376e-10,3.369418839896954e-07,-0.002433371856540134,-0.007426308553419858
3.608895104191965e-07,1.4676921916742671,-8.45444731931752e-10,3.04457996419912e-07,-0.0005784172826679423,-0.007426474426381446
3.6098951041919653e-07,1.6326921916742796,-7.639371102212096e-10,2.7510581494481696e-07,-1.8100105876328598e-06,-0.007426640053779465
3.6108951041919653e-07,1.7976921916742918,-6.902874739550232e-10,2.4858341809511463e-07,-1.8100105876328598e-06,-0.007426805926655788
3.6118951041919654e-07,1.9626921916743045,-6.237382506011542e-10,2.2461799204151923e-07,-1.8100105876328598e-06,-0.007426971554082229
3.6128951041919655e-07,2.1276921916743166,-5.636049036705733e-10,2.0296302438587938e-07,-1.8100105876328598e-06,-0.007427137427015396
3.6138951041919656e-07,2.292692191674329,-5.092688914541213e-10,1.833957684932408e-07,-1.8100105876328598e-06,-0.007427303054441836
3.6148951041919656e-07,2.4576921916743415,-4.601713046037417e-10,1.657149522825418e-07,-1.8100105876328598e-06,-0.007427468927346581
3.6158951041919657e-07,2.622692191674354,-4.158071170926607e-10,1.4973870790817743e-07,-1.8100105876328598e-06,-0.007427634554801443
3.616895104191966e-07,2.7876921916743664,-3.757199914366004e-10,1.3530270103678884e-07,-1.8100105876328598e-06,-0.007427800427706188
3.617895104191966e-07,2.952692191674379,-3.3949758472628476e-10,1.2225844047670524e-07,-1.8100105876328598e-06,-0.007427966055047364
3.618895104191966e-07,3.117692191674391,-3.067673072024214e-10,1.1047175077260243e-07,-1.8100105876328598e-06,-0.007428131928008952
3.619895104191966e-07,3.2826921916744034,-2.7719248973148547e-10,9.982139205423035e-08,-1.8100105876328598e-06,-0.007428297555463814
3.62e-07,3.299999999999986,-2.7426289437828435e-10,9.876639851305261e-08,-1.8099983094543859e-06,-0.007428315064657909
3.620000819583232e-07,3.3000000000000003,-2.7424012804031306e-10,9.875819999513721e-08,-1.8104203149960085e-06,-3.315004164505808e-06
3.620002458749696e-07,3.3000000000000003,-2.74194599142246e-10,9.874180432041095e-08,-1.8104203149960085e-06,-3.3150026865769178e-06
3.620005737082625e-07,3.3000000000000003,-2.741035640224292e-10,9.870902113622988e-08,-1.8100710690305277e-06,-3.315004164505808e-06
3.620012293748482e-07,3.3000000000000003,-2.7392158443977606e-10,9.864348741540108e-08,-1.8099546537087008e-06,-3.315002629733499e-06
3.620025407080196e-07,3.3000000000000003,-2.735579876079855e-10,9.8512550455538e-08,-1.8100128613696143e-06,-3.3150040508189704e-06
3.6200516337436244e-07,3.3000000000000003,-2.7283224087254834e-10,9.825119759757272e-08,-1.8099983094543859e-06,-3.315002629733499e-06
3.620104087070481e-07,3.3000000000000003,-2.7138651594755443e-10,9.773056922598263e-08,-1.8100128613696143e-06,-3.3150041076623893e-06
3.620208993724194e-07,3.3000000000000003,-2.6851798784744367e-10,9.66975669668642e-08,-1.8099983094543859e-06,-3.31500257289008e-06
3.620418807031621e-07,3.3000000000000003,-2.6287141361258117e-10,9.466414643296857e-08,-1.810021956316632e-06,-3.3150041076623893e-06
3.6208384336464746e-07,3.3000000000000003,-2.519307784188841e-10,9.072425096160561e-08,-1.8100110423802107e-06,-3.31500257289008e-06
3.621677686876182e-07,3.3000000000000003,-2.313876990527613e-10,8.33263637338825e-08,-1.8100110423802107e-06,-3.3150041076623893e-06
3.622677686876182e-07,3.3000000000000003,-2.090800775957776e-10,7.529303703943956e-08,-1.8100105876328598e-06,-3.315002629733499e-06
3.623677686876182e-07,3.3000000000000003,-1.889230889385602e-10,6.803418717187163e-08,-1.8100105876328598e-06,-3.3150041076623893e-06
3.624677686876182e-07,3.3000000000000003,-1.70709394909985e-10,6.147514838208359e-08,-1.8100105876328598e-06,-3.315002629733499e-06
3.625677686876182e-07,3.3000000000000003,-1.542516463934899e-10,5.5548453295282135e-08,-1.8100105876328598e-06,-3.3150041076623893e-06
3.6266776868761823e-07,3.3000000000000003,-1.39380556223404e-10,5.019313893022536e-08,-1.8100105876328598e-06,-3.315002629733499e-06
3.6276776868761824e-07,3.3000000000000003,-1.2594315786803197e-10,4.5354119623757e-08,-1.8100105876328598e-06,-3.3150041076623893e-06
3.6286776868761825e-07,3.3000000000000003,-1.1380123199070624e-10,4.0981620410421775e-08,-1.8100105876328598e-06,-3.315002629733499e-06
3.6296776868761825e-07,3.3000000000000003,-1.0282988470222687e-10,3.7030665028809455e-08,-1.8100105876328598e-06,-3.3150041076623893e-06
3.6306776868761826e-07,3.3000000000000003,-9.291626288135584e-11,3.346061328817472e-08,-1.8100105876328598e-06,-3.315002629733499e-06
3.6316776868761827e-07,3.3000000000000003,-8.395839334879036e-11,3.0234743036608387e-08,-1.8100105876328598e-06,-3.3150041076623893e-06
3.632677686876183e-07,3.3000000000000003,-7.586413395368832e-11,2.7319872430814183e-08,-1.8100105876328598e-06,-3.315002629733499e-06
3.633677686876183e-07,3.3000000000000003,-6.855022578428355e-11,2.468601862209465e-08,-1.8100105876328598e-06,-3.3150041076623893e-06
3.634677686876183e-07,3.3000000000000003,-6.194143675248705e-11,2.2306089347732823e-08,-1.8100105876328598e-06,-3.315002629733499e-06
3.635677686876183e-07,3.3000000000000003,-5.596978774420968e-11,2.0155604255426946e-08,-1.8100105876328598e-06,-3.3150041076623893e-06
3.636677686876183e-07,3.3000000000000003,-5.057385337456716e-11,1.8212443094274416e-08,-1.8100105876328598e-06,-3.315002629733499e-06
3.637677686876183e-07,3.3000000000000003,-4.569813015626708e-11,1.6456618182155203e-08,-1.8100105876328598e-06,-3.3150041076623893e-06
3.638677686876183e-07,3.3000000000000003,-4.129246558120505e-11,1.487006880907598e-08,-1.8100105876328598e-06,-3.315002629733499e-06
3.6396776868761833e-07,3.3000000000000003,-3.731154224352314e-11,1.3436475461673254e-08,-1.8100105876328598e-06,-3.3150041076623893e-06
3.6406776868761834e-07,3.3000000000000003,-3.371441169702051e-11,1.214109195795753e-08,-1.8100105876328598e-06,-3.315002629733499e-06
3.6416776868761834e-07,3.3000000000000003,-3.0464073252662715e-11,1.0970593765608266e-08,-1.8100105876328598e-06,-3.3150041076623893e-06
3.6426776868761835e-07,3.3000000000000003,-2.7527093383195312e-11,9.912940943596136e-09,-1.8100105876328598e-06,-3.315002629733499e-06
3.6436776868761836e-07,3.3000000000000003,-2.487326182033319e-11,8.957254297327109e-09,-1.8100105876328598e-06,-3.3150041076623893e-06
3.6446776868761837e-07,3.3000000000000003,-2.2475280806817157e-11,8.093703473419353e-09,-1.8100105876328598e-06,-3.315002629733499e-06
3.644715634229557e-07,3.3000000000000003,-2.2389058053321085e-11,8.062653298541589e-09,-1.8100128613696143e-06,-3.3150041076623893e-06
3.644791528936305e-07,3.3000000000000003,-2.221760298513307e-11,8.000909621440941e-09,-1.8099983094543859e-06,-3.31500257289008e-06
3.6449433183498003e-07,3.3000000000000003,-2.1878616824857804e-11,7.878835352983123e-09,-1.8100274132848426e-06,-3.3150041076623893e-06
3.6449509381193593e-07,3.3000000000000003,-2.1861737181952622e-11,7.872756727061016e-09,-1.8098382383868739e-06,-3.315002629733499e-06
3.644966177658478e-07,3.3000000000000003,-2.1828016949646165e-11,7.860613539013041e-09,-1.8099837575391575e-06,-3.3150040508189704e-06
3.644996656736714e-07,3.3000000000000003,-2.1760732398244474e-11,7.836383309723433e-09,-1.8099692056239292e-06,-3.31500257289008e-06
3.6450576148931876e-07,3.3000000000000003,-2.1626784548983806e-11,7.788146574342583e-09,-1.8099983094543859e-06,-3.3150040508189704e-06
3.6450606749686646e-07,3.3000000000000003,-2.1620082217397202e-11,7.785732958912303e-09,-1.8099546537087008e-06,-3.31500257289008e-06
3.6450667951196185e-07,3.3000000000000003,-2.160668378457026e-11,7.780907971706314e-09,-1.8099546537087008e-06,-3.3150040508189704e-06
3.645079035421527e-07,3.3000000000000003,-2.1579911821072115e-11,7.771266964962584e-09,-1.8099546537087008e-06,-3.31500257289008e-06
3.645103516025344e-07,3.3000000000000003,-2.1526467348642064e-11,7.75202076662511e-09,-1.8099837575391575e-06,-3.3150040508189704e-06
3.645104744941981e-07,3.3000000000000003,-2.152378795034486e-11,7.751055872989735e-09,-1.8101874843523547e-06,-3.31500257289008e-06
3.6451072027752547e-07,3.3000000000000003,-2.1518430154216037e-11,7.749126445997348e-09,-1.8099546537087008e-06,-3.315004164505808e-06
3.645112118441802e-07,3.3000000000000003,-2.1507718562408544e-11,7.74526903267768e-09,-1.8099546537087008e-06,-3.315002629733499e-06
3.645121949774897e-07,3.3000000000000003,-2.148631137115508e-11,7.737559965113936e-09,-1.8099546537087008e-06,-3.3150041076623893e-06
3.645122443303926e-07,3.3000000000000003,-2.14852373006236e-11,7.73717317532989e-09,-1.8101874843523547e-06,-3.3150026865769178e-06
3.645123430361984e-07,3.3000000000000003,-2.1483089320328096e-11,7.73639965376559e-09,-1.8101874843523547e-06,-3.315004164505808e-06
3.645125404478099e-07,3.3000000000000003,-2.1478794004350477e-11,7.734852842623148e-09,-1.8099546537087008e-06,-3.3150026865769178e-06
3.645129352710329e-07,3.3000000000000003,-2.1470205948233138e-11,7.731760148051022e-09,-1.8099546537087008e-06,-3.3150041076623893e-06
3.6451295509100225e-07,3.3000000000000003,-2.1469774922211128e-11,7.731604928611111e-09,-1.8083248392031237e-06,-3.3150028002637555e-06
3.64512994730941e-07,3.3000000000000003,-2.14689128945643e-11,7.731294499079548e-09,-1.8101874843523547e-06,-3.315004164505808e-06
3.6451307401081836e-07,3.3000000000000003,-2.1467188944586868e-11,7.73067367740758e-09,-1.8101874843523547e-06,-3.31500257289008e-06
3.645132325705732e-07,3.3000000000000003,-2.146374145960352e-11,7.729432183613277e-09,-1.8104203149960085e-06,-3.3150040508189704e-06
3.6451324053021004e-07,3.3000000000000003,-2.1463568410903893e-11,7.729369866372774e-09,-1.8139127746508166e-06,-3.31500257289008e-06
3.6451325644948373e-07,3.3000000000000003,-2.1463222320351472e-11,7.729245233399025e-09,-1.8139127746508166e-06,-3.315004164505808e-06
3.645132882880311e-07,3.3000000000000003,-2.1462530154355782e-11,7.728995973480449e-09,-1.8101874843523547e-06,-3.3150028002637555e-06
3.6451328988631356e-07,3.3000000000000003,-2.1462495404283318e-11,7.72898346094324e-09,-1.7692092910692736e-06,-3.315003027637431e-06
3.645132930828785e-07,3.3000000000000003,-2.1462425918515172e-11,7.728958435929592e-09,-1.7841104522631213e-06,-3.315003027637431e-06
3.645132994760083e-07,3.3000000000000003,-2.1462286935050387e-11,7.728908386145373e-09,-1.799011613456969e-06,-3.3150039371321327e-06
3.6451331226226795e-07,3.3000000000000003,-2.146200897333032e-11,7.728808287549244e-09,-1.8064621940538927e-06,-3.315002118142729e-06
3.645133129041331e-07,3.3000000000000003,-2.1461995012676634e-11,7.72880326267357e-09,-1.6500000015184924e-06,-3.315010303595045e-06
3.645133141878634e-07,3.3000000000000003,-2.1461967119309915e-11,7.728793212932027e-09,-1.7394069686815783e-06,-3.315006665616238e-06
3.645133143006643e-07,3.3000000000000003,-2.1461964616172427e-11,7.728792329866017e-09,-6.963256851122424e-07,-3.3150175795526593e-06
3.64513314526266e-07,3.3000000000000003,-2.146195975892998e-11,7.728790563734301e-09,-1.4115814224169299e-06,-3.3150175795526593e-06
3.6451331497746943e-07,3.3000000000000003,-2.14619499496058e-11,7.728787031472076e-09,-1.530790711967711e-06,-3.315003027637431e-06
3.64513315044337e-07,3.3000000000000003,-2.146194855011811e-11,7.728786507996892e-09,-1.6500000015184924e-06,-3.3150757872135728e-06
3.645133151780722e-07,3.3000000000000003,-2.146194561565851e-11,7.728785461046631e-09,-1.6500000015184924e-06,-3.3150175795526593e-06
3.6451331544554254e-07,3.3000000000000003,-2.146193977383602e-11,7.728783367146535e-09,-1.8884185806200549e-06,-3.3150321314678877e-06
3.6451331549702473e-07,3.3000000000000003,-2.146193856818402e-11,7.728782964116539e-09,-1.6500000015184924e-06,-3.3150175795526593e-06
3.645133155315858e-07,3.3000000000000003,0.3782587848836901,1.4331316874375448e-08,-0.011462507897066416,-3.3150175795526593e-06
3.64513315572342e-07,3.3000000000000003,0.3782719772772875,2.9903705506379883e-08,-0.011465768230730627,-3.3151339948744862e-06
3.6451331559028327e-07,3.3000000000000003,0.3782777846409226,3.675897995118698e-08,-0.011464990335196927,-3.3151339948744862e-06
3.6451331561746577e-07,3.3000000000000003,0.3782865832301524,4.7145492268401846e-08,-0.011465256653170998,-3.3151339948744862e-06
3.6451331567183073e-07,3.3000000000000003,0.37830418022692036,6.791924079223122e-08,-0.011465789283580287,-3.3151339948744862e-06
3.6451331578056064e-07,3.3000000000000003,0.3783393734921813,1.0946963334731974e-07,-0.011466854522257505,-3.3150175795526593e-06
3.6451331599802047e-07,3.3000000000000003,0.3784097571114756,1.9258200008590587e-07,-0.011469223329612692,-3.315046683383116e-06
3.645133164329402e-07,3.3000000000000003,0.3785505127054083,3.5885305686670215e-07,-0.011473364543591285,-3.315003027637431e-06
3.645133173027796e-07,3.3000000000000003,0.3788319773210612,6.915804379656328e-07,-0.011481943577831714,-3.315010303595045e-06
3.6451331904245837e-07,3.3000000000000003,0.37939472031502486,1.357776064946676e-06,-0.011498946968499351,-3.315006665616238e-06
3.64513322521816e-07,3.3000000000000003,0.38051946176286944,2.6931291359251023e-06,-0.011533005603342436,-3.3150048466268345e-06
3.6451332948053114e-07,3.3000000000000003,0.3827659697826277,5.37566942204957e-06,-0.011600995110769265,-3.3150048466268345e-06
3.6451334339796147e-07,3.3000000000000003,0.3872471125210664,1.078798178788038e-05,-0.011736631511940711,-3.315003027637431e-06
3.6451337123282217e-07,3.3000000000000003,0.3961621136009436,2.1800698746143965e-05,-0.012006458256123016,-3.315004164505808e-06
3.645134269025436e-07,3.3000000000000003,0.41380463544573615,4.4571874663826526e-05,-0.012540407737118633,-3.3150026865769178e-06
3.6451353824198635e-07,3.3000000000000003,0.44835280842505504,9.3045009619797e-05,-0.013585887735155006,-3.315004164505808e-06
3.6451368277176135e-07,3.3000000000000003,0.4917708680874127,0.000161650591606144,-0.014899550508211035,-3.31500257289008e-06
3.645138305088271e-07,3.3000000000000003,0.5345378057001761,0.00023819844992176086,-0.016193241915219637,-3.3150040508189704e-06
3.645139786011495e-07,3.3000000000000003,0.5758290190727392,0.00032120549961995416,-0.017442016731427673,-3.31500257289008e-06
3.6451412638394173e-07,3.3000000000000003,0.6155163753641869,0.0004100702869660508,-0.01864201070682032,-3.3150040508189704e-06
3.6451429332951957e-07,3.3000000000000003,0.6585977040188555,0.0005174202217074243,-0.019944296033229097,-3.3150026865769178e-06
3.645144713886995e-07,3.3000000000000003,0.7025810847436335,0.0006397254431357039,-0.021273463283922458,-3.315004164505808e-06
3.645146699576884e-07,3.3000000000000003,0.7493456379533593,0.0007851924516072178,-0.02268620893189967,-3.3150026865769178e-06
3.6451488110614053e-07,3.3000000000000003,0.7965565040255984,0.0009498634061762016,-0.024111898419109254,-3.315004164505808e-06
3.6451511354837775e-07,3.3000000000000003,0.8456886687575151,0.0011424092695354558,-0.025594966770562624,-3.315002629733499e-06
3.645153612112938e-07,3.3000000000000003,0.8949479944734668,0.001359819089046933,-0.027081134460633177,-3.3150040508189704e-06
3.6451563197780426e-07,3.3000000000000003,0.9453795733497152,0.0016110790152906885,-0.028601800618029864,-3.31500257289008e-06
3.6451592116389766e-07,3.3000000000000003,0.9955525468138701,0.0018940471686257636,-0.03011366913380323,-3.315004164505808e-06
3.645162360172024e-07,3.3000000000000003,1.0461550794697736,0.0022180591298407437,-0.031637311156178655,-3.31500257289008e-06
3.645165731774654e-07,3.3000000000000003,1.0960460846015805,0.0025820221153182985,-0.033138180506195186,-3.3150040508189704e-06
3.645169395557991e-07,3.3000000000000003,1.145638528205242,0.002995790339250314,-0.03462849310542023,-3.31500257289008e-06
3.6451733311480166e-07,3.3000000000000003,1.194020427305524,0.003459554624982442,-0.03608060629513461,-3.3150041076623893e-06
3.645177470486869e-07,3.3000000000000003,1.2399562005645333,0.003966843192862004,-0.03745727286276922,-3.31500257289008e-06
3.645181823911767e-07,3.3000000000000003,1.2833368867969794,0.004519773551612281,-0.03875512702751684,-3.3150040508189704e-06
3.645186392258153e-07,3.3000000000000003,1.3239908603348158,0.0051191241812218674,-0.0399689442497347,-3.315002629733499e-06
3.6451912028007745e-07,3.3000000000000003,1.3620012829799597,0.005769058606395023,-0.041101118150414215,-3.3150041076623893e-06
3.645196258888242e-07,3.3000000000000003,1.397254321065881,0.006470530992403047,-0.042148170662339515,-3.315002629733499e-06
3.645201587127369e-07,3.3000000000000003,1.4298222143782604,0.007227619517170775,-0.04311216689530144,-3.3150041076623893e-06
3.6452071967481304e-07,3.3000000000000003,1.4596697916609096,0.008041927495938857,-0.04399199278241388,-3.315002629733499e-06
3.6452131186079795e-07,3.3000000000000003,1.4868927178783797,0.008918124221617243,-0.044790405863965495,-3.3150041076623893e-06
3.645219369873283e-07,3.3000000000000003,1.5115193529737536,0.009858856012508976,-0.045508185019763794,-3.315002629733499e-06
3.645225987820248e-07,3.3000000000000003,1.5336648949521408,0.010869749297392725,-0.04614865089053532,-3.3150040508189704e-06
3.645232999793724e-07,3.3000000000000003,1.553404150538645,0.011954921028837,-0.04671394607276761,-3.31500257289008e-06
3.6452404530404353e-07,3.3000000000000003,1.5708687740658775,0.013121541020821676,-0.04720784231602028,-3.3150041076623893e-06
3.645248389133473e-07,3.3000000000000003,1.5861670105117671,0.014375899983428423,-0.047633429833849036,-3.315002629733499e-06
3.6452568709495406e-07,3.3000000000000003,1.5994430979905956,0.015727638686796372,-0.047994786953997635,-3.3150040508189704e-06
3.6452659611934703e-07,3.3000000000000003,1.6108279185382708,0.01718637354646159,-0.04829558881424789,-3.315002629733499e-06
3.6452757478678824e-07,3.3000000000000003,1.620473929427362,0.018765759773256764,-0.04854004157360508,-3.3150041076623893e-06
3.645286327094371e-07,3.3000000000000003,1.6285256669052168,0.020480744870726902,-0.04873207248295441,-3.315002629733499e-06
3.6452978290461827e-07,3.3000000000000003,1.6351392369153677,0.022351747859930687,-0.04887579324873429,-3.3150040508189704e-06
3.6453104064421854e-07,3.3000000000000003,1.640465195806491,0.024402784417057035,-0.04897503870360203,-3.31500257289008e-06
3.645324264685938e-07,3.3000000000000003,1.6446585687614383,0.02666633580950426,-0.04903352230917035,-3.3150041076623893e-06
3.6453396604454825e-07,3.3000000000000003,1.647869122594509,0.029183059081063063,-0.049054550659172434,-3.315002629733499e-06
3.6453569449711787e-07,3.3000000000000003,1.6502457103523653,0.03200874994894365,-0.04904094385059958,-3.3150041076623893e-06
3.6453765864507963e-07,3.3000000000000003,1.6519306195983767,0.03521780046197922,-0.048994759465609126,-3.315002629733499e-06
3.6453992602443203e-07,3.3000000000000003,1.6530607650461808,0.038917586411473394,-0.048916892672668105,-3.3150040508189704e-06
3.645425928645901e-07,3.3000000000000003,1.6537628685379875,0.04326082548852562,-0.04880655596190153,-3.31500257289008e-06
3.645458077265753e-07,3.3000000000000003,1.6541531371024696,0.04848282056769149,-0.048660140411763204,-3.3150040508189704e-06
3.645498082206746e-07,3.3000000000000003,1.654333092703034,0.05495845865499398,-0.048469362349087275,-3.31500257289008e-06
3.645550094617647e-07,3.3000000000000003,1.6543862250481163,0.06333934324235302,-0.048217006266386975,-3.3150041076623893e-06
3.645622028801615e-07,3.3000000000000003,1.6543730524386862,0.0748581198503789,-0.04786755323203534,-3.315002629733499e-06
3.645731294099723e-07,3.3000000000000003,1.6543259617700312,0.09219513301519744,-0.04734076216698656,-3.3150040508189704e-06
3.645924893224171e-07,3.3000000000000003,1.6542417488324006,0.12244671574044302,-0.04642149556932047,-3.315002629733499e-06
3.6463120914730665e-07,3.3000000000000003,1.6540786883427683,0.18120442731584957,-0.04463601745400684,-3.3150040508189704e-06
3.646756647087159e-07,3.3000000000000003,1.653899003648005,0.24588696163795265,-0.0426704954859607,-3.31500257289008e-06
3.6472833301702187e-07,3.3000000000000003,1.6536964508241268,0.31884749136802654,-0.040453432176567904,-3.3150040508189704e-06
3.647823002839307e-07,3.3000000000000003,1.6534997281778874,0.3896773842164243,-0.03830111029822322,-3.315002629733499e-06
3.6484361301335025e-07,3.3000000000000003,1.653288952652021,0.46559121621447674,-0.03599430379974438,-3.3150041076623893e-06
3.6490687997961516e-07,3.3000000000000003,1.6530847069628234,0.5391357631210465,-0.033759491698640245,-3.31500257289008e-06
3.649770427190703e-07,3.3000000000000003,1.6528730200523793,0.6153738897266465,-0.03144283047043604,-3.3150041076623893e-06
3.650494732462788e-07,3.3000000000000003,1.6526696842079633,0.6885936592930915,-0.029217887679800405,-3.31500257289008e-06
3.651284120839462e-07,3.3000000000000003,1.652464437765018,0.7625103181853604,-0.026971769131072184,-3.3150041076623893e-06
3.652100343517766e-07,3.3000000000000003,1.652268766949954,0.832971419707808,-0.024830654621187522,-3.315002629733499e-06
3.652979876686614e-07,3.3000000000000003,1.6520752711532842,0.9026552073619947,-0.022713160989816215,-3.3150040508189704e-06
3.6538469794462485e-07,3.3000000000000003,1.6519006616786602,0.9655327679777307,-0.020802488993801976,-3.31500257289008e-06
3.6547275811699394e-07,3.3000000000000003,1.6517383706134108,1.0239783878352031,-0.01902649153178042,-3.3150041076623893e-06
3.65559197910535e-07,3.3000000000000003,1.6515925450455176,1.0764910629281588,-0.017430779244687236,-3.31500257289008e-06
3.6564686670663656e-07,3.3000000000000003,1.6514571407684375,1.1252537267585587,-0.015949019469652135,-3.3150040508189704e-06
3.657334734461187e-07,3.3000000000000003,1.651334680762828,1.1693525465197578,-0.014608980565940574,-3.315002629733499e-06
3.6582102093714806e-07,3.3000000000000003,1.6512213507311035,1.2101655057161478,-0.013368789870415955,-3.3150040508189704e-06
3.6590776012532816e-07,3.3000000000000003,1.6511185566486763,1.2471826271989284,-0.012243943841403673,-3.315002629733499e-06
3.6599519803276505e-07,3.3000000000000003,1.6510236913629108,1.2813458442625187,-0.011205820039424514,-3.3150040508189704e-06
3.6608203053156634e-07,3.3000000000000003,1.6509374444168976,1.3124042940545577,-0.010262041264143408,-3.31500257289008e-06
3.661693868497616e-07,3.3000000000000003,1.6508580099203038,1.3410104320384844,-0.009392781412578106,-3.3150041076623893e-06
3.6625629065118796e-07,3.3000000000000003,1.6507856649071542,1.3670627222648237,-0.008601125726463434,-3.31500257289008e-06
3.6634358637812617e-07,3.3000000000000003,1.6507191353002395,1.3910214586266345,-0.00787308729723087,-3.3150041076623893e-06
3.6643054402255897e-07,3.3000000000000003,1.650658463739619,1.412870053696816,-0.007209170065918026,-3.315002629733499e-06
3.665177946895373e-07,3.3000000000000003,1.6506027326690274,1.432939962412565,-0.006599302137422789,-3.3150041076623893e-06
3.6660479312819477e-07,3.3000000000000003,1.6505518587156187,1.451260351857286,-0.0060425971350904755,-3.31500257289008e-06
3.6669201050113026e-07,3.3000000000000003,1.650505167247161,1.4680748830725014,-0.005531650946444921,-3.3150041076623893e-06
3.667790400074424e-07,3.3000000000000003,1.6504625136097753,1.4834350522980737,-0.0050648986958477206,-3.31500257289008e-06
3.6686623299822795e-07,3.3000000000000003,1.650423391616139,1.4975236433277235,-0.004636786141311614,-3.3150041076623893e-06
3.669532863535881e-07,3.3000000000000003,1.650387633116601,1.5104007948913523,-0.004245485799714552,-3.31500257289008e-06
3.6704046174757944e-07,3.3000000000000003,1.650354851007479,1.5222062555355895,-0.003886751139421407,-3.3150040508189704e-06
3.671275336455439e-07,3.3000000000000003,1.6503248749533577,1.5330010773356852,-0.0035587269320520865,-3.315002629733499e-06
3.672146966521903e-07,3.3000000000000003,1.650297403784401,1.5428939572719176,-0.0032581102039793003,-3.3150041076623893e-06
3.673017832446387e-07,3.3000000000000003,1.6502722763231883,1.551942737401077,-0.0029831432816647204,-3.315002629733499e-06
3.6738893791548e-07,3.3000000000000003,1.6502492547166072,1.5602332397996954,-0.002731218288821082,-3.3150040508189704e-06
3.674760364793146e-07,3.3000000000000003,1.6502281923578177,1.5678181208575515,-0.00250073513345095,-3.31500257289008e-06
3.6756318602374245e-07,3.3000000000000003,1.65020889900254,1.5747660066583735,-0.0022896084740059745,-3.3150040508189704e-06
3.676502947057055e-07,3.3000000000000003,1.6501912445771827,1.5811236423705686,-0.002096417846096006,-3.315002629733499e-06
3.677374417397434e-07,3.3000000000000003,1.6501750753178317,1.5869464813170178,-0.001919478186872858,-3.3150040508189704e-06
3.678245593829516e-07,3.3000000000000003,1.6501602777161333,1.5922753328651857,-0.001757549409926548,-3.31500257289008e-06
3.6791170611349014e-07,3.3000000000000003,1.6501467264416718,1.5971553862663475,-0.0016092583456534563,-3.3150041076623893e-06
3.679988321270506e-07,3.3000000000000003,1.650134323563708,1.6016218618326774,-0.0014735347439917786,-3.31500257289008e-06
3.680859804963983e-07,3.3000000000000003,1.650122966244351,1.6057118314832888,-0.0013492520976727822,-3.3150041076623893e-06
3.681731147686784e-07,3.3000000000000003,1.6501125706650204,1.6094554480009042,-0.001235494144487546,-3.31500257289008e-06
3.682602665931248e-07,3.3000000000000003,1.650103052005378,1.6128832829482405,-0.001131331905344065,-3.3150041076623893e-06
3.6834740942032396e-07,3.3000000000000003,1.6500943389351836,1.616021001561469,-0.0010359854815431974,-3.31500257289008e-06
3.6843456648868477e-07,3.3000000000000003,1.6500863612119185,1.6188939177831956,-0.0009486856565761604,-3.3150040508189704e-06
3.685217185613252e-07,3.3000000000000003,1.6500790583857494,1.6215237851289903,-0.0008687714021173889,-3.31500257289008e-06
3.686088827074575e-07,3.3000000000000003,1.6500723721069992,1.6239316293379449,-0.0007956038048827,-3.3150041076623893e-06
3.686960451062612e-07,3.3000000000000003,1.65006625130008,1.6261358326414426,-0.0007286242802308578,-3.315002629733499e-06
3.687832182990427e-07,3.3000000000000003,1.6500606473828077,1.628153899391412,-0.0006673009206320955,-3.3150040508189704e-06
3.6887039250915424e-07,3.3000000000000003,1.6500555172932723,1.6300013294117468,-0.0006111627303664277,-3.315002629733499e-06
3.6895757693883653e-07,3.3000000000000003,1.650050820513709,1.6316927200444031,-0.0005597661374352208,-3.3150040508189704e-06
3.690447648403808e-07,3.3000000000000003,1.6500465207951427,1.6332411199874786,-0.0005127146286933957,-3.31500257289008e-06
3.6913196302196473e-07,3.3000000000000003,1.6500425843008022,1.6346587187225161,-0.0004696377996222968,-3.3150040508189704e-06
3.692191669732754e-07,3.3000000000000003,1.650038980553979,1.635956487850257,-0.0004302022539091686,-3.31500257289008e-06
3.6930638180868895e-07,3.3000000000000003,1.6500356812694934,1.637144616330232,-0.0003940983794065906,-3.3150040508189704e-06
3.693936046937027e-07,3.3000000000000003,1.6500326608458802,1.6382323211520216,-0.0003610460967011954,-3.315002629733499e-06
3.694808395826663e-07,3.3000000000000003,1.6500298956215005,1.6392281254666647,-0.00033078641000482324,-3.3150041076623893e-06
3.695680848921809e-07,3.3000000000000003,1.650027364104278,1.6401397670068583,-0.0003030841945015652,-3.315002629733499e-06
3.6965534383861956e-07,3.3000000000000003,1.6500250464889021,1.6409743796137393,-0.000277722669402415,-3.3150041076623893e-06
3.697426158198167e-07,3.3000000000000003,1.6500229247418392,1.6417384561861492,-0.00025450453683608987,-3.315002629733499e-06
3.698299035300629e-07,3.3000000000000003,1.6500209822804768,1.6424379693799316,-0.0002332483029553409,-3.3150040508189704e-06
3.699172072513614e-07,3.3000000000000003,1.6500192039765107,1.6430783664457098,-0.00021378844148399419,-3.315002629733499e-06
3.7000452935660735e-07,3.3000000000000003,1.6500175759424296,1.6436646490207767,-0.00019597296637514978,-3.3150041076623893e-06
3.700918708651901e-07,3.3000000000000003,1.6500160854901789,1.6442013858199707,-0.00017966304821068015,-3.315002629733499e-06
3.701792341161629e-07,3.3000000000000003,1.6500147209863236,1.644692766773593,-0.00016473136720518124,-3.3150040508189704e-06
3.7026662060208114e-07,3.3000000000000003,1.650013471793486,1.6451426219881358,-0.00015106153497364657,-3.315002629733499e-06
3.703540329593548e-07,3.3000000000000003,1.6500123281624357,1.6455544628849665,-0.00013854685072247128,-3.3150041076623893e-06
3.7044147315441344e-07,3.3000000000000003,1.6500112811767635,1.6459314999920354,-0.0001270897559085865,-3.31500257289008e-06
3.7052894402515233e-07,3.3000000000000003,1.650010322667129,1.6462766754398408,-0.00011660084761106344,-3.3150040508189704e-06
3.706164483316268e-07,3.3000000000000003,1.6500094451576361,1.6465926813773288,-0.00010699831758418997,-3.31500257289008e-06
3.707039890493745e-07,3.3000000000000003,1.6500086418044115,1.646881982369639,-9.820727648695761e-05,-3.3150040508189704e-06
3.7079156971734704e-07,3.3000000000000003,1.6500079063397635,1.6471468356059056,-9.015913374786446e-05,-3.31500257289008e-06
3.7088076853094956e-07,3.3000000000000003,1.6500072214509,1.647393475578613,-8.266444027691399e-05,-3.3150041076623893e-06
3.7097306297247856e-07,3.3000000000000003,1.650006575022715,1.6476262652632099,-7.559061712086498e-05,-3.31500257289008e-06
3.7106803299048667e-07,3.3000000000000003,1.6500059700446899,1.64784412800954,-6.89703829048989e-05,-3.3150040508189704e-06
3.711662516488869e-07,3.3000000000000003,1.6500054026878137,1.6480484427586082,-6.276183280596907e-05,-3.31500257289008e-06
3.712662516488869e-07,3.3000000000000003,1.6500048802350258,1.6482365868646478,-5.704466469931195e-05,-3.3150041076623893e-06
3.7136625164888693e-07,3.3000000000000003,1.6500044081504517,1.6484065923769646,-5.187867644266861e-05,-3.315002629733499e-06
3.7146625164888694e-07,3.3000000000000003,1.6500039815790195,1.6485602080007893,-4.7210730705279125e-05,-3.3150041076623893e-06
3.7156625164888694e-07,3.3000000000000003,1.6500035961321198,1.6486990138522108,-4.2992812188881204e-05,-3.315002629733499e-06
3.7166625164888695e-07,3.3000000000000003,1.6500032478456843,1.6488244377115084,-3.918153469716968e-05,-3.3150041076623893e-06
3.7176625164888696e-07,3.3000000000000003,1.65000293313658,1.6489377697095493,-3.573769477199166e-05,-3.315002629733499e-06
3.7186625164888697e-07,3.3000000000000003,1.6500026487681687,1.6490401755982826,-3.262586851355062e-05,-3.3150041076623893e-06
3.71966251648887e-07,3.3000000000000003,1.650002391814952,1.6491327087418672,-2.9814047141405254e-05,-3.315002629733499e-06
3.72066251648887e-07,3.3000000000000003,1.6500021596342394,1.6492163209517452,-2.7273307800406993e-05,-3.3150041076623893e-06
3.72166251648887e-07,3.3000000000000003,1.6500019498374616,1.6492918722771401,-2.4977516009622053e-05,-3.315002629733499e-06
3.72266251648887e-07,3.3000000000000003,1.6500017602668866,1.6493601398516629,-2.290305687769751e-05,-3.3150041076623893e-06
3.72366251648887e-07,3.3000000000000003,1.6500015889723272,1.6494218258870421,-2.10285921628094e-05,-3.315002629733499e-06
3.72466251648887e-07,3.3000000000000003,1.650001434192017,1.6494775648961892,-1.933484081235503e-05,-3.3150041076623893e-06
3.72566251648887e-07,3.3000000000000003,1.6500012943336904,1.649527930219907,-1.780438061054324e-05,-3.315002629733499e-06
3.7266625164888703e-07,3.3000000000000003,1.6500011679588864,1.6495734399243673,-1.6421468991304292e-05,-3.3150041076623893e-06
3.7276625164888703e-07,3.3000000000000003,1.6500010537675678,1.6496145621300276,-1.517188108989684e-05,-3.315002629733499e-06
3.7286625164888704e-07,3.3000000000000003,1.6500009505852504,1.6496517198267953,-1.4042763438672854e-05,-3.3150041076623893e-06
3.7296625164888705e-07,3.3000000000000003,1.6500008573504927,1.649685295224976,-1.3022501741231987e-05,-3.315002629733499e-06
3.7306625164888706e-07,3.3000000000000003,1.6500007731043436,1.6497156336867498,-1.210060141690391e-05,-3.3150041076623893e-06
3.7316625164888706e-07,3.3000000000000003,1.6500006969801668,1.6497430472786259,-1.1267579642204146e-05,-3.315002629733499e-06
3.7326625164888707e-07,3.3000000000000003,1.6500006281949928,1.6497678179814101,-1.0514867817114053e-05,-3.3150041076623893e-06
3.733662516488871e-07,3.3000000000000003,1.6500005660412378,1.6497902005907088,-9.834723419997411e-06,-3.315002629733499e-06
3.734662516488871e-07,3.3000000000000003,1.6500005098796189,1.6498104253377974,-9.220150372705827e-06,-3.3150041076623893e-06
3.735662516488871e-07,3.3000000000000003,1.650000459132413,1.6498287002578187,-8.664827072649575e-06,-3.315002629733499e-06
3.736662516488871e-07,3.3000000000000003,1.650000413277656,1.6498452133296666,-8.163041372098977e-06,-3.3150041076623893e-06
3.737662516488871e-07,3.3000000000000003,1.6500003718436527,1.6498601344095696,-7.70963181834704e-06,-3.315002629733499e-06
3.738662516488871e-07,3.3000000000000003,1.650000334404227,1.6498736169782595,-7.2999345652912244e-06,-3.3150041076623893e-06
3.739662516488871e-07,3.3000000000000003,1.6500003005742534,1.6498857997197003,-6.929735397698534e-06,-3.315002629733499e-06
3.7406625164888713e-07,3.3000000000000003,1.6500002700057659,1.649896807947615,-6.59522638522945e-06,-3.3150041076623893e-06
3.7416625164888714e-07,3.3000000000000003,1.6500002423843185,1.6499067548944837,-6.292966711668549e-06,-3.315002629733499e-06
3.7426625164888715e-07,3.3000000000000003,1.6500002174258044,1.6499157428762705,-6.019847283652315e-06,-3.3150041076623893e-06
3.7436625164888715e-07,3.3000000000000003,1.650000194873486,1.6499238643448646,-5.773058748589295e-06,-3.315002629733499e-06
3.7446625164888716e-07,3.3000000000000003,1.6500001744953945,1.649931202839055,-5.550062598480557e-06,-3.3150041076623893e-06
3.7456625164888717e-07,3.3000000000000003,1.650000156081911,1.6499378338438242,-5.348565057245965e-06,-3.315002629733499e-06
3.746662516488872e-07,3.3000000000000003,1.6500001394436365,1.6499438255668004,-5.16649348756388e-06,-3.3150041076623893e-06
3.747662516488872e-07,3.3000000000000003,1.6500001244094227,1.6499492396398516,-5.001975070550436e-06,-3.315002629733499e-06
3.748662516488872e-07,3.3000000000000003,1.6500001108246287,1.6499541317530417,-4.853317542303259e-06,-3.3150041076623893e-06
3.749662516488872e-07,3.3000000000000003,1.6500000985495158,1.649958552227468,-4.7189917864036016e-06,-3.315002629733499e-06
3.750662516488872e-07,3.3000000000000003,1.650000087457823,1.6499625465328722,-4.597616105712878e-06,-3.3150041076623893e-06
3.751662516488872e-07,3.3000000000000003,1.650000077435457,1.6499661557553502,-4.487942009510809e-06,-3.315002629733499e-06
3.752662516488872e-07,3.3000000000000003,1.6500000683793279,1.6499694170199701,-4.388841371697979e-06,-3.3150041076623893e-06
3.7536625164888723e-07,3.3000000000000003,1.6500000601962812,1.6499723638726471,-4.299294826434984e-06,-3.315002629733499e-06
3.7546625164888724e-07,3.3000000000000003,1.6500000528021461,1.649975026625202,-4.218381282979011e-06,-3.3150041076623893e-06
3.7556625164888724e-07,3.3000000000000003,1.6500000461208644,1.6499774326671546,-4.1452684510130764e-06,-3.315002629733499e-06
3.7566625164888725e-07,3.3000000000000003,1.6500000400837116,1.6499796067474564,-4.079204279672567e-06,-3.3150041076623893e-06
3.7576625164888726e-07,3.3000000000000003,1.6500000346285886,1.6499815712290617,-4.019509221845484e-06,-3.315002629733499e-06
3.7586625164888727e-07,3.3000000000000003,1.6500000296993829,1.6499833463189584,-3.965569244136388e-06,-3.3150041076623893e-06
3.759662516488873e-07,3.3000000000000003,1.650000025245392,1.6499849502760187,-3.916829510847724e-06,-3.315002629733499e-06
3.760662516488873e-07,3.3000000000000003,1.6500000212208012,1.6499863995988147,-3.8727886769286535e-06,-3.3150041076623893e-06
3.761662516488873e-07,3.3000000000000003,1.650000017584213,1.6499877091953237,-3.832993730955321e-06,-3.315002629733499e-06
3.762662516488873e-07,3.3000000000000003,1.6500000142982219,1.6499888925362756,-3.7970353354503058e-06,-3.3150041076623893e-06
3.763662516488873e-07,3.3000000000000003,1.6500000113290254,1.6499899617937135,-3.7645436162884807e-06,-3.315002629733499e-06
3.764662516488873e-07,3.3000000000000003,1.650000008646084,1.6499909279661984,-3.7351843582480943e-06,-3.3150041076623893e-06
3.765662516488873e-07,3.3000000000000003,1.6500000062217988,1.6499918009919432,-3.7086555670456263e-06,-3.315002629733499e-06
3.7666625164888733e-07,3.3000000000000003,1.6500000040312348,1.6499925898510373,-3.684684363094571e-06,-3.3150041076623893e-06
3.7676625164888733e-07,3.3000000000000003,1.6500000020518582,1.6499933026578173,-3.663024174548351e-06,-3.315002629733499e-06
3.7686625164888734e-07,3.3000000000000003,1.6500000002633093,1.6499939467443334,-3.6434522010937433e-06,-3.3150041076623893e-06
3.7696625164888735e-07,3.3000000000000003,1.6499999986471912,1.6499945287357678,-3.625767122115886e-06,-3.315002629733499e-06
3.7706625164888736e-07,3.3000000000000003,1.6499999971868793,1.6499950546185822,-3.6097870259330318e-06,-3.3150041076623893e-06
3.7716625164888736e-07,3.3000000000000003,1.6499999958673532,1.6499955298020954,-3.5953475385773016e-06,-3.315002629733499e-06
3.7726625164888737e-07,3.3000000000000003,1.6499999946750399,1.6499959591741244,-3.5823001330770905e-06,-3.3150041076623893e-06
3.773662516488874e-07,3.3000000000000003,1.6499999935976757,1.6499963471512629,-3.570510601612099e-06,-3.315002629733499e-06
3.774662516488874e-07,3.3000000000000003,1.6499999926241773,1.6499966977243077,-3.5598576750786397e-06,-3.3150041076623893e-06
3.775662516488874e-07,3.3000000000000003,1.6499999917445323,1.649997014499312,-3.55023177573124e-06,-3.315002629733499e-06
3.776662516488874e-07,3.3000000000000003,1.649999990949692,1.6499973007346775,-3.5415338899179066e-06,-3.3150041076623893e-06
3.777662516488874e-07,3.3000000000000003,1.6499999902314806,1.6499975593746692,-3.533674549722619e-06,-3.315002629733499e-06
3.778662516488874e-07,3.3000000000000003,1.6499999895825104,1.6499977930797007,-3.5265729126545907e-06,-3.3150041076623893e-06
3.779662516488874e-07,3.3000000000000003,1.6499999889961063,1.6499980042537017,-3.5201559300921574e-06,-3.315002629733499e-06
3.7806625164888743e-07,3.3000000000000003,1.6499999884662362,1.649998195068843,-3.514357595879073e-06,-3.3150041076623893e-06
3.7816625164888744e-07,3.3000000000000003,1.6499999879874496,1.6499983674878815,-3.5091182673791737e-06,-3.315002629733499e-06
3.7826625164888745e-07,3.3000000000000003,1.6499999875548224,1.6499985232843488,-3.5043840519513177e-06,-3.3150041076623893e-06
3.7836625164888746e-07,3.3000000000000003,1.6499999871639035,1.6499986640607927,-3.500106252682105e-06,-3.315002629733499e-06
3.7846625164888746e-07,3.3000000000000003,1.6499999868106723,1.6499987912652636,-3.4962408674218163e-06,-3.3150041076623893e-06
3.7856625164888747e-07,3.3000000000000003,1.6499999864914954,1.6499989062062081,-3.4927481361520904e-06,-3.315002629733499e-06
3.786662516488875e-07,3.3000000000000003,1.6499999862030899,1.649999010065928,-3.4895921320675698e-06,-3.3150041076623893e-06
3.787662516488875e-07,3.3000000000000003,1.649999985942489,1.6499991039127422,-3.486740391960246e-06,-3.315002629733499e-06
3.788662516488875e-07,3.3000000000000003,1.6499999857070118,1.6499991887119743,-3.4841635823508587e-06,-3.3150041076623893e-06
3.789662516488875e-07,3.3000000000000003,1.6499999854942367,1.6499992653358828,-3.4818351977819676e-06,-3.315002629733499e-06
3.790662516488875e-07,3.3000000000000003,1.649999985301975,1.649999334572635,-3.479731288072583e-06,-3.3150041076623893e-06
3.791662516488875e-07,3.3000000000000003,1.6499999851282483,1.6499993971344116,-3.477830212049051e-06,-3.315002629733499e-06
3.792662516488875e-07,3.3000000000000003,1.6499999849712708,1.6499994536647338,-3.476112414928198e-06,-3.3150041076623893e-06
3.7936625164888753e-07,3.3000000000000003,1.6499999848294271,1.6499995047450815,-3.4745602271641685e-06,-3.315002629733499e-06
3.7946625164888754e-07,3.3000000000000003,1.6499999847012579,1.649999550900876,-3.4731576826841486e-06,-3.3150041076623893e-06
3.7956625164888755e-07,3.3000000000000003,1.6499999845854452,1.6499995926068833,-3.471890354695924e-06,-3.315002629733499e-06
3.7966625164888755e-07,3.3000000000000003,1.6499999844807982,1.6499996302920987,-3.4707452072434566e-06,-3.3150041076623893e-06
3.7976625164888756e-07,3.3000000000000003,1.6499999843862398,1.6499996643441586,-3.4697104611457157e-06,-3.315002629733499e-06
3.7986625164888757e-07,3.3000000000000003,1.6499999843007978,1.6499996951133282,-3.4687754728210008e-06,-3.3150041076623893e-06
3.799662516488876e-07,3.3000000000000003,1.6499999842235928,1.649999722916104,-3.4679306248396083e-06,-3.315002629733499e-06
3.8e-07,3.299999999999973,1.6499999841994428,1.6499997316741888,-3.467664915981366e-06,-3.3150039939755516e-06
3.800001749934045e-07,3.299711260882595,1.6499999841979927,1.649999731718817,-3.4676071851464755e-06,0.007421685287738455
3.800005249802134e-07,3.299133782647926,1.649999984197843,1.6499997318080577,-3.467604476338447e-06,0.007421685865551808
3.8000122495383116e-07,3.297978826178588,1.6499999841984196,1.6499997319864452,-3.467540841951846e-06,0.007421687027999724
3.8000262490106677e-07,3.2956689132398247,1.6499999841969089,1.6499997323428421,-3.467646435517021e-06,0.0074216893466996225
3.8000542479553795e-07,3.2910490873623854,1.6499999841955841,1.6499997330541216,-3.4675957171127334e-06,0.007421693988987954
3.8001102458448035e-07,3.28180943560742,1.6499999841912272,1.6499997344706474,-3.467574508395517e-06,0.007421703269301361
3.800222241623651e-07,3.263330132097576,1.6499999841839355,1.6499997372797315,-3.467478232578327e-06,0.007421721833907213
3.8004462331813466e-07,3.2263715250778007,1.6499999841683464,1.6499997428033768,-3.467337648659023e-06,0.007421758959310409
3.800894216296738e-07,3.15245431103825,1.6499999841385957,1.6499997534830355,-3.467001332422834e-06,0.007421833213811624
3.80179018252752e-07,3.0046198829592363,1.64999998408331,1.6499997734516447,-3.4663950264886393e-06,0.0074219817191192305
3.80279018252752e-07,2.839619882959224,1.6499999840270492,1.6499997937019848,-3.4657796420817823e-06,0.007422147470492746
3.80379018252752e-07,2.6746198829592114,1.6499999839762007,1.6499998120000272,-3.465223615043287e-06,0.007422313219421994
3.80479018252752e-07,2.509619882959199,1.6499999839303194,1.649999828533992,-3.4647211954047775e-06,0.007422478970880775
3.80579018252752e-07,2.3446198829591864,1.649999983888806,1.649999843473951,-3.4642672113687725e-06,0.0074226447197816015
3.80679018252752e-07,2.1796198829591744,1.6499999838513424,1.6499998569735785,-3.463856996438049e-06,0.00742281047121196
3.80779018252752e-07,2.014619882959162,1.6499999838174497,1.6499998691717346,-3.463486328271101e-06,0.007422976220141209
3.8087901825275203e-07,1.8496198829591497,1.6499999837868595,1.6499998801938904,-3.463151396523212e-06,0.007423141971543146
3.8097901825275204e-07,1.684619882959137,1.6499999837591888,1.6499998901534223,-3.462848753993394e-06,0.007423307720472394
3.8107901825275204e-07,1.5196198829591248,1.649999983734211,1.649999899152776,-0.00026109595507839986,0.0074234734718459094
3.8117901825275205e-07,1.3546198829591123,1.6499999837116197,1.6499999072845202,-0.0017132172827777625,0.007423639220775158
3.8127901825275206e-07,1.1896198829591,1.6499999836912247,1.6499999146322994,-0.004445338634308586,0.007423804972205517
3.8137901825275207e-07,1.0246198829590876,1.6499999836727803,1.6499999212716945,-0.008457460007344658,0.007423970721092132
3.814790182527521e-07,0.8596198829590755,1.6499999836561274,1.6499999272709984,-0.013749581399840113,0.007424136472522491
3.815085361380664e-07,0.8109153721904594,1.649999983651277,1.6499999289274139,-0.014497783179565453,0.007424185397198357
3.8153868093396356e-07,0.7611764589601262,1.649999983647442,1.6499999305686703,-0.012719692742020233,0.0074242353634872416
3.815547798833799e-07,0.7346131924231258,1.6499999836443207,1.6499999314248277,-0.011817742857805005,0.0074242620463138564
3.8157479583744043e-07,0.7015868682232882,1.6499999836417611,1.649999932470017,-0.010742605203866402,0.007424295223984245
3.8161482774556144e-07,0.6355342198236129,1.649999983636005,1.649999934498091,-0.008746175035378584,0.007424361575758098
3.816948915618035e-07,0.5034289230242623,1.6499999836255062,1.6499999383171464,-0.005368695345014214,0.007424494282851413
3.817948915618035e-07,0.3384289230242499,1.6499999836133012,1.6499999426731333,-0.002302619263711727,0.007424660031823294
3.818948915618035e-07,0.1734289230242374,1.6499999836024704,1.6499999466091677,-0.0005165431956079625,0.007424825783182598
3.819948915618035e-07,0.008428923024224932,1.6499999835925097,1.6499999501657376,-3.461025147953256e-06,0.0074249915321568105
3.82e-07,0.0,1.6499999835917547,1.6499999503377751,-3.46100765357591e-06,0.007425000000573244
3.820000003021728e-07,0.0,1.6499999835929615,1.6499999503377853,-3.539427913555193e-06,-1.3839012210345103e-24
3.820000009065185e-07,0.0,1.6499999835929617,1.649999950337806,-3.53942791293065e-06,0.0
3.8200000211520983e-07,0.0,1.6499999835918484,1.6499999503378469,-3.47982327695001e-06,0.0
3.8200000453259253e-07,0.0,1.6499999835927193,1.6499999503379286,-3.4500209442395762e-06,0.0
3.8200000936735786e-07,0.0,1.6499999835925296,1.6499999503380907,-3.4649221021776978e-06,0.0
3.820000190368885e-07,0.0,1.6499999835927768,1.6499999503384153,-3.464922090013471e-06,0.0
3.8200003837594984e-07,0.0,1.6499999835916135,1.649999950339065,-3.4649220807200052e-06,0.0
3.8200007705407254e-07,0.0,1.6499999835915893,1.6499999503403637,-3.4630593964594184e-06,0.0
3.8200015441031794e-07,0.0,1.6499999835917574,1.6499999503429623,-3.462127993655405e-06,0.0
3.8200030912280873e-07,0.0,1.6499999835915669,1.6499999503481577,-3.461196515387413e-06,0.0
3.820006185477903e-07,0.0,1.64999998359282,1.649999950358547,-3.461196187634127e-06,0.0
3.820012373977535e-07,0.0,1.649999983592235,1.649999950379315,-3.461079142631989e-06,0.0
3.8200247509767977e-07,0.0,1.6499999835913683,1.6499999504208114,-3.461019681976573e-06,0.0
3.8200495049753235e-07,0.0,1.6499999835916728,1.6499999505036482,-3.461017165038223e-06,0.0
3.820099012972375e-07,0.0,1.6499999835914982,1.6499999506687024,-3.461012136875752e-06,0.0
3.820198028966478e-07,0.0,1.649999983590045,1.6499999509963383,-3.4609876265846596e-06,0.0
3.8203960609546845e-07,0.0,1.6499999835885435,1.6499999516418469,-3.4609934848304163e-06,0.0
3.8207921249310975e-07,0.0,1.64999998358469,1.649999952894782,-3.4609427189847282e-06,0.0
3.821584252883923e-07,0.0,1.6499999835786918,1.6499999552556808,-3.460870974101667e-06,0.0
3.822584252883923e-07,0.0,1.6499999835706736,1.6499999579786617,-3.46078773095491e-06,0.0
3.823584252883923e-07,0.0,1.6499999835641739,1.64999996043912,-3.4607129746496294e-06,0.0
3.8245842528839233e-07,0.0,1.6499999835577162,1.6499999626623725,-3.4606454076499144e-06,0.0
3.8255842528839234e-07,0.0,1.6499999835523802,1.6499999646712837,-3.460584369862385e-06,0.0
3.8265842528839234e-07,0.0,1.6499999835471324,1.649999966486522,-3.460529203608914e-06,0.0
3.8275842528839235e-07,0.0,1.6499999835427546,1.6499999681267552,-3.460479366905872e-06,0.0
3.8285842528839236e-07,0.0,1.6499999835384882,1.649999969608858,-3.460434325396346e-06,0.0
3.8295842528839237e-07,0.0,1.6499999835348982,1.6499999709480735,-3.4603936343258658e-06,0.0
3.8305842528839237e-07,0.0,1.6499999835314276,1.6499999721581784,-3.4603568593074656e-06,0.0
3.831584252883924e-07,0.0,1.6499999835284853,1.6499999732516186,-3.4603236355977105e-06,0.0
3.832584252883924e-07,0.0,1.6499999835256614,1.649999974239643,-3.4602936098861165e-06,0.0
3.833584252883924e-07,0.0,1.6499999835232506,1.6499999751324135,-3.4602664831904513e-06,0.0
3.834584252883924e-07,0.0,1.6499999835209522,1.6499999759391146,-3.460241968047317e-06,0.0
3.835584252883924e-07,0.0,1.649999983518978,1.6499999766680429,-3.4602198194885618e-06,0.0
3.836584252883924e-07,0.0,1.6499999835171066,1.6499999773266971,-3.46019980354303e-06,0.0
3.837584252883924e-07,0.0,1.6499999835154902,1.6499999779218513,-3.4601817195855282e-06,0.0
3.8385842528839243e-07,0.0,1.6499999835139658,1.649999978459628,-3.4601653771343593e-06,0.0
3.8395842528839244e-07,0.0,1.6499999835126429,1.6499999789455586,-3.460150611866098e-06,0.0
3.8405842528839245e-07,0.0,1.649999983511401,1.6499999793846414,-3.460137268696384e-06,0.0
3.8415842528839246e-07,0.0,1.6499999835103183,1.6499999797813931,-3.4601252131245994e-06,0.0
3.8425842528839246e-07,0.0,1.6499999835093064,1.6499999801398952,-3.4601143187478367e-06,0.0
3.8435842528839247e-07,0.0,1.649999983508421,1.649999980463835,-3.4601044755577402e-06,0.0
3.844584252883925e-07,0.0,1.6499999835075962,1.6499999807565442,-3.460095580582767e-06,0.0
3.845584252883925e-07,0.0,1.649999983506872,1.649999981021034,-3.4600875438021672e-06,0.0
3.846584252883925e-07,0.0,1.6499999835061996,1.6499999812600248,-3.460080281283373e-06,0.0
3.847584252883925e-07,0.0,1.6499999835056072,1.6499999814759747,-3.460073719393886e-06,0.0
3.848584252883925e-07,0.0,1.6499999835050592,1.6499999816711055,-3.4600677897245144e-06,0.0
3.849584252883925e-07,0.0,1.6499999835045749,1.649999981847424,-3.4600624320635396e-06,0.0
3.850584252883925e-07,0.0,1.649999983504128,1.6499999820067441,-3.4600575906372506e-06,0.0
3.8515842528839253e-07,0.0,1.6499999835037322,1.649999982150705,-3.460053216196833e-06,0.0
3.8525842528839254e-07,0.0,1.6499999835033676,1.6499999822807867,-3.460049263279097e-06,0.0
3.8535842528839255e-07,0.0,1.649999983503044,1.6499999823983271,-3.460045691649086e-06,0.0
3.8545842528839255e-07,0.0,1.6499999835027468,1.6499999825045357,-3.460042464177284e-06,0.0
3.8555842528839256e-07,0.0,1.6499999835024823,1.6499999826005047,-3.460039548023507e-06,0.0
3.855622200237296e-07,0.0,1.6499999835017811,1.6499999826039542,-3.460027184306749e-06,0.0
3.8556980949440373e-07,0.0,1.6499999835033123,1.6499999826108165,-3.460019679436148e-06,0.0
3.85584988435752e-07,0.0,1.6499999835019425,1.649999982624386,-3.4600519916142303e-06,0.0
3.8558575041270785e-07,0.0,1.6499999835019672,1.6499999826250618,-3.4599246450899007e-06,0.0
3.8558727436661954e-07,0.0,1.6499999835022763,1.6499999826264113,-3.4600119171694267e-06,0.0
3.855873508685029e-07,0.0,1.6499999835022452,1.649999982626479,-3.4602156423186412e-06,0.0
3.855875038722697e-07,0.0,1.6499999835016785,1.6499999826266143,-3.460215643992978e-06,0.0
3.8558780987980327e-07,0.0,1.6499999835014039,1.649999982626885,-3.4599828102466433e-06,0.0
3.855884218948704e-07,0.0,1.649999983501969,1.6499999826274256,-3.45998279311051e-06,0.0
3.855884526177843e-07,0.0,1.649999983502782,1.6499999826274525,-3.458352970461184e-06,0.0
3.855885140636122e-07,0.0,1.6499999835023702,1.6499999826275065,-3.459284294988746e-06,0.0
3.855886369552679e-07,0.0,1.6499999835023302,1.6499999826276148,-3.4597499534043552e-06,0.0
3.855888827385794e-07,0.0,1.649999983502171,1.649999982627831,-3.459749948615381e-06,0.0
3.855893743052024e-07,0.0,1.6499999835022974,1.6499999826282643,-3.4598663504351825e-06,0.0
3.855893989816521e-07,0.0,1.6499999835025871,1.649999982628286,-3.4602155931161067e-06,0.0
3.8558944833455155e-07,0.0,1.6499999835025292,1.6499999826283296,-3.460215592236897e-06,0.0
3.8558945081204754e-07,0.0,1.64999998350246,1.649999982628332,-3.4490397218972424e-06,0.0
3.855894557670395e-07,0.0,1.649999983501612,1.6499999826283367,-3.463940890622945e-06,0.0
3.8558946567702345e-07,0.0,1.649999983502907,1.649999982628346,-3.460215588394545e-06,0.0
3.855894854969914e-07,0.0,1.649999983501352,1.6499999826283647,-3.4602156019384927e-06,0.0
3.855895251369272e-07,0.0,1.6499999835019448,1.6499999826283995,-3.460215595828961e-06,0.0
3.8558952712683623e-07,0.0,1.6499999835028532,1.649999982628401,-3.4490397166923495e-06,0.0
3.8558953110665436e-07,0.0,1.6499999835027632,1.649999982628404,-3.463940878571629e-06,0.0
3.855895390662906e-07,0.0,1.6499999835025325,1.6499999826284113,-3.4564902998232368e-06,0.0
3.855895394658612e-07,0.0,1.649999983502021,1.6499999826284115,-3.538446690988338e-06,0.0
3.8558953962694125e-07,0.0,1.2708978018882535,1.6499999517871016,-2.1268371597216174e-06,0.0
3.8558953970545247e-07,0.0,1.2708724219224892,1.6499999217216774,-1.6500000015184924e-06,0.0
3.855895397479272e-07,0.0,1.2708586915153564,1.6499999054553793,-6.963256851122424e-07,0.0
3.855895398027431e-07,0.0,1.2708409719195222,1.649999884461995,-1.6500000015184924e-06,0.0
3.855895399123749e-07,0.0,1.2708055334686472,1.6499998424722848,-1.6500000015184924e-06,0.0
3.855895401316385e-07,0.0,1.2707346595195743,1.6499997584811064,-1.8884185806200549e-06,0.0
3.8558954057016564e-07,0.0,1.2705929234382134,1.6499995904517173,-1.7692092910692736e-06,0.0
3.8558954144722e-07,0.0,1.2703094985287129,1.6499992542048343,-1.8288139358446642e-06,0.0
3.855895432013287e-07,0.0,1.2697428376783555,1.6499985809588607,-1.799011613456969e-06,0.0
3.8558954670954615e-07,0.0,1.2686102714263756,1.64999723145976,-1.8139127746508166e-06,0.0
3.8558955372598105e-07,0.0,1.2663481573682018,1.6499945204463762,-1.8064621940538927e-06,0.0
3.8558956775885085e-07,0.0,1.2618359762347897,1.6499890504660732,-1.8101874843523547e-06,0.0
3.855895958245904e-07,0.0,1.2528595884337446,1.649977919545496,-1.8101874843523547e-06,0.0
3.855896519560695e-07,0.0,1.2350970164723212,1.6499549006434924,-1.8101874843523547e-06,0.0
3.8558976421902773e-07,0.0,1.2003193472309088,1.649905887972604,-1.8101874843523547e-06,0.0
3.8558990883302613e-07,0.0,1.1569518515771156,1.6498370523125492,-1.809721823065047e-06,0.0
3.8559008155515516e-07,0.0,1.1071935490009628,1.6497467275038018,-1.8104203149960085e-06,0.0
3.8559027051383213e-07,0.0,1.0551944699119662,1.6496382197082176,-1.8101874843523547e-06,0.0
3.8559048258180756e-07,0.0,0.9997242085047247,1.6495049569959335,-1.809721823065047e-06,0.0
3.85590710097953e-07,0.0,0.9434354814282694,1.6493491780188958,-1.8099546537087008e-06,0.0
3.8559095914295135e-07,0.0,0.8854276866387564,1.649164324955619,-1.8099546537087008e-06,0.0
3.8559122323625013e-07,0.0,0.8277853874067185,1.6489529297165597,-1.809721823065047e-06,0.0
3.8559150782666537e-07,0.0,0.7698380777127829,1.6487085789424627,-1.8099546537087008e-06,0.0
3.8559180773976013e-07,0.0,0.7131286132072342,1.6484337834676555,-1.8101874843523547e-06,0.0
3.8559212786470707e-07,0.0,0.6571682428683785,1.6481223472817619,-1.8100710690305277e-06,0.0
3.8559246410904797e-07,0.0,0.603079452496891,1.647776652215553,-1.8099546537087008e-06,0.0
3.8559282086511817e-07,0.0,0.5505131180430789,1.6473907836130175,-1.8099546537087008e-06,0.0
3.855931949738519e-07,0.0,0.5002644501836526,1.646966873054515,-1.8100710690305277e-06,0.0
3.85593590446787e-07,0.0,0.45207953200037587,1.6464992718155416,-1.8099546537087008e-06,0.0
3.8559400495851923e-07,0.0,0.4065004208283169,1.6459897345136123,-1.8099546537087008e-06,0.0
3.855944422707409e-07,0.0,0.36333262056222876,1.6454328042584103,-1.8099546537087008e-06,0.0
3.8559490083388317e-07,0.0,0.32292407799668293,1.6448297228972286,-1.8100710690305277e-06,0.0
3.855953843044533e-07,0.0,0.2851132799126167,1.6441750921573828,-1.8099546537087008e-06,0.0
3.8559589189626227e-07,0.0,0.2501006521438407,1.6434694804160088,-1.8099546537087008e-06,0.0
3.8559642732644456e-07,0.0,0.21773957561946483,1.642707347850468,-1.8098382383868739e-06,0.0
3.855969906137897e-07,0.0,0.1881195531843972,1.641888380226014,-1.8099546537087008e-06,0.0
3.8559758573915085e-07,0.0,0.16109753532215754,1.6410066094581726,-1.8100710690305277e-06,0.0
3.855982136399739e-07,0.0,0.13668078837844444,1.6400605440483198,-1.8100710690305277e-06,0.0
3.8559887882987e-07,0.0,0.11472364303567852,1.6390433748020716,-1.8098964460477873e-06,0.0
3.8559958338487105e-07,0.0,0.09517361316641833,1.6379519913111205,-1.8098964460477873e-06,0.0
3.8560033273688817e-07,0.0,0.07787992055465605,1.6367781288835754,-1.8099546537087008e-06,0.0
3.8560113049122393e-07,0.0,0.06274798353530396,1.6355163609053347,-1.8098964460477873e-06,0.0
3.8560198359319195e-07,0.0,0.04962196471788234,1.6341560069114984,-1.8099546537087008e-06,0.0
3.8560289786434777e-07,0.0,0.03837911685097034,1.6326881662309534,-1.8100128613696143e-06,0.0
3.856038827499805e-07,0.0,0.028860258769979368,1.6310981494857038,-1.8099546537087008e-06,0.0
3.856049475287196e-07,0.0,0.020925575847457342,1.6293715495276853,-1.8098964460477873e-06,0.0
3.8560610590610066e-07,0.0,0.014415333956873055,1.6274868359032266,-1.8099546537087008e-06,0.0
3.8560737298017045e-07,0.0,0.009181689138964158,1.625420282829766,-1.810041965200071e-06,0.0
3.8560877012681826e-07,0.0,0.005067916880820214,1.6231380587853719,-1.8099837575391575e-06,0.0
3.856103231207803e-07,0.0,0.001925871397902117,1.6205993500483131,-1.8099837575391575e-06,0.0
3.856120683059486e-07,0.0,-0.0003938033596036064,1.6177464009412135,-1.8099837575391575e-06,0.0
3.856140532351843e-07,0.0,-0.0020322627551518178,1.6145036720339012,-1.8099546537087008e-06,0.0
3.8561634776927333e-07,0.0,-0.0031261591885676236,1.6107600792064993,-1.8099546537087008e-06,0.0
3.856190505187637e-07,0.0,-0.0038011075366432556,1.6063591751197923,-1.8099983094543859e-06,0.0
3.8562231566391503e-07,0.0,-0.0041724590734278835,1.6010567945369814,-1.8099983094543859e-06,0.0
3.8562638951186336e-07,0.0,-0.004340390168974181,1.5944644976111175,-1.8099983094543859e-06,0.0
3.856317067539076e-07,0.0,-0.004386859187203447,1.585900268244369,-1.8099983094543859e-06,0.0
3.8563910105367904e-07,0.0,-0.004370448946629456,1.5740666838639514,-1.8099983094543859e-06,0.0
3.856504317047082e-07,0.0,-0.004321221235529396,1.556104381698716,-1.8099946714755788e-06,0.0
3.8567081546860343e-07,0.0,-0.004232772768473127,1.5243040380006339,-1.8100201373272284e-06,0.0
3.857115829963939e-07,0.0,-0.004061593277228644,1.4626332354243456,-1.810010132885509e-06,0.0
3.857931180519749e-07,0.0,-0.0037394076910379223,1.3466285045370914,-1.810010132885509e-06,0.0
3.858823379991982e-07,0.0,-0.003416124403897211,1.2301930020050726,-1.8100105876328598e-06,0.0
3.859732608865547e-07,0.0,-0.0031153257795610134,1.121884160968673,-1.810010132885509e-06,0.0
3.8605916070913347e-07,0.0,-0.0028555966657188977,1.0283403212195956,-1.8100105876328598e-06,0.0
3.861472754954649e-07,0.0,-0.00261159191769499,0.940479764970372,-1.8100105876328598e-06,0.0
3.8623325228267864e-07,0.0,-0.0023936685571311106,0.8619942783561314,-1.810010132885509e-06,0.0
3.8632128234798917e-07,0.0,-0.0021893264061210106,0.7884139812703193,-1.810010132885509e-06,0.0
3.8640760390000286e-07,0.0,-0.0020059339097450255,0.7223659945793673,-1.8100105876328598e-06,0.0
3.8649541478486995e-07,0.0,-0.0018351024458750592,0.6608514334094219,-1.810009678138158e-06,0.0
3.8658191619471967e-07,0.0,-0.001681073161250579,0.6053792643689638,-1.8100105876328598e-06,0.0
3.8666955477757194e-07,0.0,-0.0015381785096158492,0.5539238053871374,-1.810010132885509e-06,0.0
3.867562011190582e-07,0.0,-0.0014088628565561757,0.5073525605551483,-1.810010132885509e-06,0.0
3.868437126988909e-07,0.0,-0.0012892740030825296,0.46428892439447794,-1.8100110423802107e-06,0.0
3.869304692495894e-07,0.0,-0.0011807508426600868,0.42520618771491087,-1.8100110423802107e-06,0.0
3.870178842517108e-07,0.0,-0.0010806316232322617,0.38915320450698043,-1.8100110423802107e-06,0.0
3.871047244817929e-07,0.0,-0.0009895859595753015,0.35636494887983877,-1.8100105876328598e-06,0.0
3.8719206628942136e-07,0.0,-0.00090574401219117,0.32617320267869765,-1.810010132885509e-06,0.0
3.8727897018236136e-07,0.0,-0.0008293789563801074,0.2986720540738522,-1.8100105876328598e-06,0.0
3.873662564626646e-07,0.0,-0.0007591536124787789,0.2733835379846814,-1.810010132885509e-06,0.0
3.874532087924171e-07,0.0,-0.0006951133750685958,0.2503210211070774,-1.8100105876328598e-06,0.0
3.8754045290701144e-07,0.0,-0.000636284101538694,0.22913618474134778,-1.8100110423802107e-06,0.0
3.876274421075167e-07,0.0,-0.0005825867851473083,0.20979850478194276,-1.8100105876328598e-06,0.0
3.8771465417565983e-07,0.0,-0.0005332984717498223,0.19204936224488503,-1.8100105876328598e-06,0.0
3.8780167145942913e-07,0.0,-0.0004882782444983507,0.17583656963859773,-1.8100105876328598e-06,0.0
3.8788885915047234e-07,0.0,-0.0004469798650956144,0.1609646196246695,-1.8100105876328598e-06,0.0
3.8797589783910335e-07,0.0,-0.0004092375175138632,0.14737279717406038,-1.8100105876328598e-06,0.0
3.8806306697027365e-07,0.0,-0.00037463152182402144,0.13491080450482892,-1.810010132885509e-06,0.0
3.8815012198631815e-07,0.0,-0.0003429924040956795,0.12351691460781837,-1.8100105876328598e-06,0.0
3.882372769734375e-07,0.0,-0.00031399280876493406,0.11307382259216821,-1.8100105876328598e-06,0.0
3.8832434445473044e-07,0.0,-0.00028747117960021754,0.1035228650159095,-1.8100105876328598e-06,0.0
3.8841148865243456e-07,0.0,-0.0002631687641559162,0.0947712650414611,-1.810009678138158e-06,0.0
3.8849856565951e-07,0.0,-0.00024093765742004274,0.08676542285226192,-1.8100105876328598e-06,0.0
3.885857016182951e-07,0.0,-0.00022057099740184578,0.07943112509891323,-1.8100105876328598e-06,0.0
3.8867278591245146e-07,0.0,-0.00020193680515594663,0.07272060982890513,-1.810010132885509e-06,0.0
3.8875991557303357e-07,0.0,-0.0001848681231574492,0.06657394833599825,-1.8100110423802107e-06,0.0
3.8884700544799364e-07,0.0,-0.00016924919016618725,0.06094929028617728,-1.8100105876328598e-06,0.0
3.8893413028836985e-07,0.0,-0.0001549441977938449,0.05579786475849013,-1.810010132885509e-06,0.0
3.8902122444257304e-07,0.0,-0.00014185281543103347,0.051083427856818804,-1.8100105876328598e-06,0.0
3.8910834558937045e-07,0.0,-0.00012986387029923142,0.046766038952182926,-1.8100105876328598e-06,0.0
3.8919544302907245e-07,0.0,-0.00011889114332802004,0.04281457044208818,-1.8100105876328598e-06,0.0
3.892825613419078e-07,0.0,-0.00010884316553265806,0.039196148571560674,-1.810010132885509e-06,0.0
3.893696613076313e-07,0.0,-9.964630185158858e-05,0.03588420143153915,-1.8100105876328598e-06,0.0
3.894567774430628e-07,0.0,-9.122499120910266e-05,0.03285156394906282,-1.810010132885509e-06,0.0
3.8954387935374803e-07,0.0,-8.351663199595644e-05,0.03007565421886606,-1.8100105876328598e-06,0.0
3.8963099381378773e-07,0.0,-7.645860597300927e-05,0.027533954175991998,-1.810009678138158e-06,0.0
3.8971809722436717e-07,0.0,-6.999787209066521e-05,0.025207336424281936,-1.810010132885509e-06,0.0
3.898052103933026e-07,0.0,-6.408240865744178e-05,0.02307708920946821,-1.8100105876328598e-06,0.0
3.8989231496244943e-07,0.0,-5.8667389430198124e-05,0.0211270514832946,-1.810010132885509e-06,0.0
3.89979427134814e-07,0.0,-5.370951195108993e-05,0.019341644698853928,-1.810010132885509e-06,0.0
3.9006653260041763e-07,0.0,-4.917096533547628e-05,0.017707239758148235,-1.8100105876328598e-06,0.0
3.901536440022479e-07,0.0,-4.5015650289589e-05,0.016210847410287763,-1.810010132885509e-06,0.0
3.9024075016274674e-07,0.0,-4.1211719949624455e-05,0.014840990195429438,-1.8100110423802107e-06,0.0
3.9032786096775213e-07,0.0,-3.7729044470987986e-05,0.013586825303416492,-1.810009678138158e-06,0.0
3.904149676679152e-07,0.0,-3.454083017276434e-05,0.012438697717230326,-1.810010132885509e-06,0.0
3.9050207800978787e-07,0.0,-3.162190647955622e-05,0.011387548276490689,-1.810010132885509e-06,0.0
3.9058918512987727e-07,0.0,-2.8949750331950032e-05,0.010425261768094031,-1.810010132885509e-06,0.0
3.906762951116701e-07,0.0,-2.650331915896295e-05,0.009544264018810193,-1.8100105876328598e-06,0.0
3.90763402559174e-07,0.0,-2.4263692245156533e-05,0.008737738387664434,-1.8100110423802107e-06,0.0
3.9085051226045124e-07,0.0,-2.221326827951064e-05,0.007999348860112693,-1.8100110423802107e-06,0.0
3.909376199637675e-07,0.0,-2.0336160762702653e-05,0.007323372376033401,-1.8100105876328598e-06,0.0
3.9102472944606424e-07,0.0,-1.8617640520697077e-05,0.0067045064624935875,-1.8100105876328598e-06,0.0
3.911118373496743e-07,0.0,-1.7044373898973108e-05,0.006137948013055411,-1.810009678138158e-06,0.0
3.911989466606667e-07,0.0,-1.560403105493533e-05,0.005619258063275072,-1.810010132885509e-06,0.0
3.912860547214427e-07,0.0,-1.4285424342955708e-05,0.005144406759220575,-1.8100110423802107e-06,0.0
3.9137316389813754e-07,0.0,-1.3078229707449987e-05,0.0047096770844336855,-1.8100105876328598e-06,0.0
3.9146027208251077e-07,0.0,-1.1973062326332333e-05,0.00431168871672119,-1.8100110423802107e-06,0.0
3.9154738115368863e-07,0.0,-1.0961275867755303e-05,0.0039473285588353954,-1.8100110423802107e-06,0.0
3.916344894354762e-07,0.0,-1.0034999261065744e-05,0.0036137616275102044,-1.810010132885509e-06,0.0
3.9172159842356607e-07,0.0,-9.186990099682591e-06,0.0033083802234235896,-1.810010132885509e-06,0.0
3.918087067823054e-07,0.0,-8.410647844020663e-06,0.003028807049810273,-1.8100110423802107e-06,0.0
3.918958157048213e-07,0.0,-7.699905293992011e-06,0.0027728574941787306,-1.8100110423802107e-06,0.0
3.9198292414472046e-07,0.0,-7.049227829805887e-06,0.002538538217362745,-1.810010132885509e-06,0.0
3.9207003300399143e-07,0.0,-6.453532636408019e-06,0.0023240190135323468,-1.8100110423802107e-06,0.0
3.9215714149808914e-07,0.0,-5.908179059381386e-06,0.0021276285462221195,-1.8100105876328598e-06,0.0
3.9224425030916177e-07,0.0,-5.408908503913869e-06,0.0019478333645737923,-1.8100105876328598e-06,0.0
3.9233135884487785e-07,0.0,-4.95183031140581e-06,0.0017832322672815635,-1.8100105876328598e-06,0.0
3.9241846761985613e-07,0.0,-4.533376164847178e-06,0.0016325403418752497,-1.8100105876328598e-06,0.0
3.9250557618697676e-07,0.0,-4.1502844291553705e-06,0.0014945829429933912,-1.8100105876328598e-06,0.0
3.92592684934681e-07,0.0,-3.799564985626303e-06,0.0013682833476162976,-1.8100105876328598e-06,0.0
3.9267979352549144e-07,0.0,-3.4784836768068856e-06,0.0012526568874942291,-1.810010132885509e-06,0.0
3.9276690225261347e-07,0.0,-3.1845347721467308e-06,0.001146801255342227,-1.810010132885509e-06,0.0
3.9285401086130425e-07,0.0,-2.915426383728115e-06,0.001049891067903328,-1.8100110423802107e-06,0.0
3.9294111957289296e-07,0.0,-2.6690586232602843e-06,0.000961170154130007,-1.8100105876328598e-06,0.0
3.9302822819507846e-07,0.0,-2.443510393397663e-06,0.0008799466699526183,-1.810010132885509e-06,0.0
3.9311533689494344e-07,0.0,-2.2370218667815715e-06,0.0008055868959213327,-1.8100105876328598e-06,0.0
3.9320244552731414e-07,0.0,-2.0479827876579367e-06,0.0007375109350306379,-1.8100105876328598e-06,0.0
3.932895542183304e-07,0.0,-1.8749182882710176e-06,0.0006751876795293825,-1.810010132885509e-06,0.0
3.9337666285838886e-07,0.0,-1.716478683767223e-06,0.0006181310737387575,-1.810010132885509e-06,0.0
3.9346377154272593e-07,0.0,-1.5714279042289129e-06,0.0005658960000835843,-1.8100105876328598e-06,0.0
3.935508801885873e-07,0.0,-1.4386346859965936e-06,0.0005180750637213798,-1.810010132885509e-06,0.0
3.936379888678827e-07,0.0,-1.3170630803357596e-06,0.0004742952106093208,-1.810010132885509e-06,0.0
3.937250975181245e-07,0.0,-1.2057649074420998e-06,0.0004342149800148586,-1.8100105876328598e-06,0.0
3.938122061936139e-07,0.0,-1.103871931899698e-06,0.00039752171183848927,-1.810010132885509e-06,0.0
3.9389931484716254e-07,0.0,-1.0105894338400147e-06,0.00036392921058677006,-1.8100105876328598e-06,0.0
3.939864235197787e-07,0.0,-9.251897343724735e-07,0.0003331754312055044,-1.810010132885509e-06,0.0
3.9407353217582396e-07,0.0,-8.470067406305285e-07,0.00030502050013199276,-1.810009678138158e-06,0.0
3.941606614855704e-07,0.0,-7.754143302946303e-07,0.000279238943338818,-1.810010132885509e-06,0.0
3.94251711147249e-07,0.0,-7.070541918766219e-07,0.0002546213777450307,-1.8100105876328598e-06,0.0
3.943445492770604e-07,0.0,-6.435512270629223e-07,0.00023175295785290992,-1.810010132885509e-06,0.0
3.944413153018146e-07,0.0,-5.834204843698546e-07,0.00021009892771572255,-1.8100110423802107e-06,0.0
3.9454022342742844e-07,0.0,-5.277589350598795e-07,0.00019005432524972195,-1.8100105876328598e-06,0.0
3.9464022342742845e-07,0.0,-4.768787609812314e-07,0.00017173157100955442,-1.8100105876328598e-06,0.0
3.9474022342742846e-07,0.0,-4.3090384078937884e-07,0.00015517527655662758,-1.8100105876328598e-06,0.0
3.9484022342742846e-07,0.0,-3.8936127087472504e-07,0.00014021514106504497,-1.8100105876328598e-06,0.0
3.9494022342742847e-07,0.0,-3.5182373555572887e-07,0.0001266972820680969,-1.8100105876328598e-06,0.0
3.950402234274285e-07,0.0,-3.179051189998367e-07,0.00011448265259738785,-1.8100105876328598e-06,0.0
3.951402234274285e-07,0.0,-2.872565272865054e-07,0.0001034456109223368,-1.8100105876328598e-06,0.0
3.952402234274285e-07,0.0,-2.5956270499087406e-07,9.347262817825264e-05,-1.8100105876328598e-06,0.0
3.953402234274285e-07,0.0,-2.3453878783327896e-07,8.446112058934259e-05,-1.8100105876328598e-06,0.0
3.954402234274285e-07,0.0,-2.119273764276368e-07,7.63183942747779e-05,-1.8100105876328598e-06,0.0
3.955402234274285e-07,0.0,-1.9149588528987385e-07,6.89606917838513e-05,-1.8100105876328598e-06,0.0
3.956402234274285e-07,0.0,-1.7303415327444432e-07,6.231233055278078e-05,-1.8100105876328598e-06,0.0
3.9574022342742853e-07,0.0,-1.5635227938862343e-07,5.6304924421135385e-05,-1.8100105876328598e-06,0.0
3.9584022342742854e-07,0.0,-1.4127867151585593e-07,5.0876680200309664e-05,-1.8100105876328598e-06,0.0
3.9594022342742855e-07,0.0,-1.2765827961740472e-07,4.597176205839848e-05,-1.8100105876328598e-06,0.0
3.9604022342742855e-07,0.0,-1.1535100237526897e-07,4.153971718345668e-05,-1.8100105876328598e-06,0.0
3.9614022342742856e-07,0.0,-1.0423024479424608e-07,3.753495681739502e-05,-1.8100105876328598e-06,0.0
3.9624022342742857e-07,0.0,-9.418161712777151e-08,3.3916287322360794e-05,-1.8100105876328598e-06,0.0
3.963402234274286e-07,0.0,-8.510175730389455e-08,3.064648645605535e-05,-1.8100105876328598e-06,0.0
3.964402234274286e-07,0.0,-7.689726852977007e-08,2.769192049750034e-05,-1.8100105876328598e-06,0.0
3.965402234274286e-07,0.0,-6.948375791005767e-08,2.5022198284931086e-05,-1.8100105876328598e-06,0.0
3.966402234274286e-07,0.0,-6.278496895348678e-08,2.260985860720389e-05,-1.8100105876328598e-06,0.0
3.967402234274286e-07,0.0,-5.673199668545164e-08,2.0430087733163178e-05,-1.8100105876328598e-06,0.0
3.968402234274286e-07,0.0,-5.126257930701569e-08,1.846046417343631e-05,-1.8100105876328598e-06,0.0
3.969402234274286e-07,0.0,-4.632045739490207e-08,1.6680728049226002e-05,-1.8100105876328598e-06,0.0
3.9704022342742863e-07,0.0,-4.185479551898165e-08,1.5072572695794956e-05,-1.8100105876328598e-06,0.0
3.9714022342742864e-07,0.0,-3.7819659074658865e-08,1.361945635703613e-05,-1.8100105876328598e-06,0.0
3.9724022342742864e-07,0.0,-3.4173542018779864e-08,1.2306432034191629e-05,-1.8100105876328598e-06,0.0
3.9734022342742865e-07,0.0,-3.08789397377183e-08,1.111999373851184e-05,-1.8100105876328598e-06,0.0
3.9744022342742866e-07,0.0,-2.7901963434075215e-08,1.0047937566387061e-05,-1.8100105876328598e-06,0.0
3.9754022342742867e-07,0.0,-2.521199139954562e-08,9.079236167944387e-06,-1.8100105876328598e-06,0.0
3.976402234274287e-07,0.0,-2.2781354155500953e-08,8.203925317874975e-06,-1.8100105876328598e-06,0.0
3.977402234274287e-07,0.0,-2.0585049737099844e-08,7.413001421738316e-06,-1.8100105876328598e-06,0.0
3.978402234274287e-07,0.0,-1.860048660680456e-08,6.698328903477713e-06,-1.8100105876328598e-06,0.0
3.979402234274287e-07,0.0,-1.6807251198965872e-08,6.05255652151804e-06,-1.8100105876328598e-06,0.0
3.980402234274287e-07,0.0,-1.5186898006535034e-08,5.469041752660272e-06,-1.8100105876328598e-06,0.0
3.981402234274287e-07,0.0,-1.3722759792786941e-08,4.941782465971819e-06,-1.8100105876328598e-06,0.0
3.982402234274287e-07,0.0,-1.2399776196004891e-08,4.465355183859684e-06,-1.8100105876328598e-06,0.0
3.9834022342742873e-07,0.0,-1.120433877622478e-08,4.034859295268743e-06,-1.8100105876328598e-06,0.0
3.9844022342742873e-07,0.0,-1.0124151070548107e-08,3.645866647173346e-06,-1.8100105876328598e-06,0.0
3.9854022342742874e-07,0.0,-9.148102080623828e-09,3.2943759958513338e-06,-1.8100105876328598e-06,0.0
3.9864022342742875e-07,0.0,-8.26615200784013e-09,2.9767718494190677e-06,-1.8100105876328598e-06,0.0
3.9874022342742876e-07,0.0,-7.469228961107944e-09,2.689787278274496e-06,-1.8100105876328598e-06,0.0
3.9884022342742876e-07,0.0,-6.749135659931452e-09,2.430470310910552e-06,-1.8100105876328598e-06,0.0
3.9894022342742877e-07,0.0,-6.098465100382111e-09,2.196153569440292e-06,-1.8100105876328598e-06,0.0
3.990402234274288e-07,0.0,-5.510524378572743e-09,1.9844268324999294e-06,-1.8100105876328598e-06,0.0
3.991402234274288e-07,0.0,-4.979265835095181e-09,1.7931122433069718e-06,-1.8100105876328598e-06,0.0
3.992402234274288e-07,0.0,-4.499224857361363e-09,1.6202419078595492e-06,-1.8100105876328598e-06,0.0
3.993402234274288e-07,0.0,-4.065463661500157e-09,1.4640376528481094e-06,-1.8100105876328598e-06,0.0
3.994402234274288e-07,0.0,-3.673520508469693e-09,1.3228927350660818e-06,-1.8100105876328598e-06,0.0
3.995402234274288e-07,0.0,-3.3193638038919183e-09,1.195355314179326e-06,-1.8100105876328598e-06,0.0
3.996402234274288e-07,0.0,-2.9993506334929928e-09,1.0801135188525935e-06,-1.8100105876328598e-06,0.0
3.9974022342742883e-07,0.0,-2.7101892871221337e-09,9.75981952620584e-07,-1.8100105876328598e-06,0.0
3.9984022342742884e-07,0.0,-2.4489054033854494e-09,8.818895007007922e-07,-1.8100105876328598e-06,0.0
3.9994022342742885e-07,0.0,-2.2128113716900835e-09,7.968683123269145e-07,-1.8100105876328598e-06,0.0
4e-07,0.0,-2.0827669360206854e-09,7.500372577713015e-07,-1.810010132885509e-06,0.0
