time,v(a),v(y),v(out),vdd#branch,va#branch
0.0,0.0,0.0,0.0,-3.96e-07,0.0
1.0000000000000002e-12,0.0,0.0,0.0,-3.9598671719431877e-07,0.0
2.0000000000000004e-12,0.0,0.0,0.0,-3.9598671719431877e-07,0.0
4.000000000000001e-12,0.0,0.0,0.0,-3.9598671719431877e-07,0.0
8.000000000000001e-12,0.0,0.0,0.0,-3.9600126910954714e-07,0.0
1.6000000000000003e-11,0.0,0.0,0.0,-3.960085450671613e-07,0.0
3.2000000000000006e-11,0.0,0.0,0.0,-3.9600126910954714e-07,0.0
6.400000000000001e-11,0.0,0.0,0.0,-3.959994501201436e-07,0.0
1.2800000000000002e-10,0.0,0.0,0.0,-3.9600035961484537e-07,0.0
2.2800000000000004e-10,0.0,0.0,0.0,-3.959999048674945e-07,0.0
3.2800000000000006e-10,0.0,0.0,0.0,-3.959999048674945e-07,0.0
4.2800000000000007e-10,0.0,0.0,0.0,-3.959999048674945e-07,0.0
5.28e-10,0.0,0.0,0.0,-3.959999048674945e-07,0.0
6.28e-10,0.0,0.0,0.0,-3.959999048674945e-07,0.0
7.28e-10,0.0,0.0,0.0,-3.959999048674945e-07,0.0
8.279999999999999e-10,0.0,0.0,0.0,-3.959999048674945e-07,0.0
9.279999999999999e-10,0.0,0.0,0.0,-3.959999048674945e-07,0.0
1.028e-09,0.0,0.0,0.0,-3.959999048674945e-07,0.0
1.128e-09,0.0,0.0,0.0,-3.959999048674945e-07,0.0
1.228e-09,0.0,0.0,0.0,-3.959999048674945e-07,0.0
1.3280000000000002e-09,0.0,0.0,0.0,-3.959999048674945e-07,0.0
1.4280000000000002e-09,0.0,0.0,0.0,-3.959999048674945e-07,0.0
1.5280000000000003e-09,0.0,0.0,0.0,-3.959999048674945e-07,0.0
1.6280000000000004e-09,0.0,0.0,0.0,-3.959999048674945e-07,0.0
1.7280000000000004e-09,0.0,0.0,0.0,-3.959999048674945e-07,0.0
1.8280000000000005e-09,0.0,0.0,0.0,-3.959999048674945e-07,0.0
1.9280000000000004e-09,0.0,0.0,0.0,-3.959999048674945e-07,0.0
2.0280000000000004e-09,0.0,0.0,0.0,-3.959999048674945e-07,0.0
2.1280000000000005e-09,0.0,0.0,0.0,-3.959999048674945e-07,0.0
2.2280000000000006e-09,0.0,0.0,0.0,-3.959999048674945e-07,0.0
2.3280000000000006e-09,0.0,0.0,0.0,-3.959999048674945e-07,0.0
2.4280000000000007e-09,0.0,0.0,0.0,-3.959999048674945e-07,0.0
2.5280000000000008e-09,0.0,0.0,0.0,-3.959999048674945e-07,0.0
2.628000000000001e-09,0.0,0.0,0.0,-3.959999048674945e-07,0.0
2.728000000000001e-09,0.0,0.0,0.0,-3.959999048674945e-07,0.0
2.828000000000001e-09,0.0,0.0,0.0,-3.959999048674945e-07,0.0
2.928000000000001e-09,0.0,0.0,0.0,-3.959999048674945e-07,0.0
3.028000000000001e-09,0.0,0.0,0.0,-3.959999048674945e-07,0.0
3.128000000000001e-09,0.0,0.0,0.0,-3.959999048674945e-07,0.0
3.2280000000000013e-09,0.0,0.0,0.0,-3.959999048674945e-07,0.0
3.3280000000000013e-09,0.0,0.0,0.0,-3.959999048674945e-07,0.0
3.4280000000000014e-09,0.0,0.0,0.0,-3.959999048674945e-07,0.0
3.5280000000000015e-09,0.0,0.0,0.0,-3.959999048674945e-07,0.0
3.6280000000000015e-09,0.0,0.0,0.0,-3.959999048674945e-07,0.0
3.728000000000001e-09,0.0,0.0,0.0,-3.959999048674945e-07,0.0
3.828000000000001e-09,0.0,0.0,0.0,-3.959999048674945e-07,0.0
3.928000000000001e-09,0.0,0.0,0.0,-3.959999048674945e-07,0.0
4.028000000000001e-09,0.0,0.0,0.0,-3.959999048674945e-07,0.0
4.1280000000000015e-09,0.0,0.0,0.0,-3.959999048674945e-07,0.0
4.2280000000000015e-09,0.0,0.0,0.0,-3.959999048674945e-07,0.0
4.328000000000002e-09,0.0,0.0,0.0,-3.959999048674945e-07,0.0
4.428000000000002e-09,0.0,0.0,0.0,-3.959999048674945e-07,0.0
4.528000000000002e-09,0.0,0.0,0.0,-3.959999048674945e-07,0.0
4.628000000000002e-09,0.0,0.0,0.0,-3.959999048674945e-07,0.0
4.728000000000002e-09,0.0,0.0,0.0,-3.959999048674945e-07,0.0
4.828000000000002e-09,0.0,0.0,0.0,-3.959999048674945e-07,0.0
4.928000000000002e-09,0.0,0.0,0.0,-3.959999048674945e-07,0.0
5.028000000000002e-09,0.0,0.0,0.0,-3.959999048674945e-07,0.0
5.128000000000002e-09,0.0,0.0,0.0,-3.959999048674945e-07,0.0
5.228000000000002e-09,0.0,0.0,0.0,-3.959999048674945e-07,0.0
5.328000000000002e-09,0.0,0.0,0.0,-3.959999048674945e-07,0.0
5.428000000000002e-09,0.0,0.0,0.0,-3.959999048674945e-07,0.0
5.5280000000000024e-09,0.0,0.0,0.0,-3.959999048674945e-07,0.0
5.6280000000000025e-09,0.0,0.0,0.0,-3.959999048674945e-07,0.0
5.7280000000000026e-09,0.0,0.0,0.0,-3.959999048674945e-07,0.0
5.828000000000003e-09,0.0,0.0,0.0,-3.959999048674945e-07,0.0
5.928000000000003e-09,0.0,0.0,0.0,-3.959999048674945e-07,0.0
6.028000000000003e-09,0.0,0.0,0.0,-3.959999048674945e-07,0.0
6.128000000000003e-09,0.0,0.0,0.0,-3.959999048674945e-07,0.0
6.228000000000003e-09,0.0,0.0,0.0,-3.959999048674945e-07,0.0
6.328000000000003e-09,0.0,0.0,0.0,-3.959999048674945e-07,0.0
6.428000000000003e-09,0.0,0.0,0.0,-3.959999048674945e-07,0.0
6.528000000000003e-09,0.0,0.0,0.0,-3.959999048674945e-07,0.0
6.628000000000003e-09,0.0,0.0,0.0,-3.959999048674945e-07,0.0
6.728000000000003e-09,0.0,0.0,0.0,-3.959999048674945e-07,0.0
6.828000000000003e-09,0.0,0.0,0.0,-3.959999048674945e-07,0.0
6.928000000000003e-09,0.0,0.0,0.0,-3.959999048674945e-07,0.0
7.0280000000000034e-09,0.0,0.0,0.0,-3.959999048674945e-07,0.0
7.1280000000000035e-09,0.0,0.0,0.0,-3.959999048674945e-07,0.0
7.2280000000000036e-09,0.0,0.0,0.0,-3.959999048674945e-07,0.0
7.328000000000004e-09,0.0,0.0,0.0,-3.959999048674945e-07,0.0
7.428000000000004e-09,0.0,0.0,0.0,-3.959999048674945e-07,0.0
7.528000000000003e-09,0.0,0.0,0.0,-3.959999048674945e-07,0.0
7.628000000000002e-09,0.0,0.0,0.0,-3.959999048674945e-07,0.0
7.728000000000001e-09,0.0,0.0,0.0,-3.959999048674945e-07,0.0
7.828e-09,0.0,0.0,0.0,-3.959999048674945e-07,0.0
7.928e-09,0.0,0.0,0.0,-3.959999048674945e-07,0.0
8.027999999999999e-09,0.0,0.0,0.0,-3.959999048674945e-07,0.0
8.127999999999998e-09,0.0,0.0,0.0,-3.959999048674945e-07,0.0
8.227999999999998e-09,0.0,0.0,0.0,-3.959999048674945e-07,0.0
8.327999999999997e-09,0.0,0.0,0.0,-3.959999048674945e-07,0.0
8.427999999999996e-09,0.0,0.0,0.0,-3.959999048674945e-07,0.0
8.527999999999995e-09,0.0,0.0,0.0,-3.959999048674945e-07,0.0
8.627999999999995e-09,0.0,0.0,0.0,-3.959999048674945e-07,0.0
8.727999999999994e-09,0.0,0.0,0.0,-3.959999048674945e-07,0.0
8.827999999999993e-09,0.0,0.0,0.0,-3.959999048674945e-07,0.0
8.927999999999992e-09,0.0,0.0,0.0,-3.959999048674945e-07,0.0
9.027999999999992e-09,0.0,0.0,0.0,-3.959999048674945e-07,0.0
9.12799999999999e-09,0.0,0.0,0.0,-3.959999048674945e-07,0.0
9.22799999999999e-09,0.0,0.0,0.0,-3.959999048674945e-07,0.0
9.32799999999999e-09,0.0,0.0,0.0,-3.959999048674945e-07,0.0
9.427999999999989e-09,0.0,0.0,0.0,-3.959999048674945e-07,0.0
9.527999999999988e-09,0.0,0.0,0.0,-3.959999048674945e-07,0.0
9.627999999999987e-09,0.0,0.0,0.0,-3.959999048674945e-07,0.0
9.727999999999986e-09,0.0,0.0,0.0,-3.959999048674945e-07,0.0
9.827999999999986e-09,0.0,0.0,0.0,-3.959999048674945e-07,0.0
9.927999999999985e-09,0.0,0.0,0.0,-3.959999048674945e-07,0.0
1.0027999999999984e-08,0.0,0.0,0.0,-3.959999048674945e-07,0.0
1.0127999999999983e-08,0.0,0.0,0.0,-3.959999048674945e-07,0.0
1.0227999999999982e-08,0.0,0.0,0.0,-3.959999048674945e-07,0.0
1.0327999999999982e-08,0.0,0.0,0.0,-3.959999048674945e-07,0.0
1.0427999999999981e-08,0.0,0.0,0.0,-3.959999048674945e-07,0.0
1.052799999999998e-08,0.0,0.0,0.0,-3.959999048674945e-07,0.0
1.062799999999998e-08,0.0,0.0,0.0,-3.959999048674945e-07,0.0
1.0727999999999979e-08,0.0,0.0,0.0,-3.959999048674945e-07,0.0
1.0827999999999978e-08,0.0,0.0,0.0,-3.959999048674945e-07,0.0
1.0927999999999977e-08,0.0,0.0,0.0,-3.959999048674945e-07,0.0
1.1027999999999976e-08,0.0,0.0,0.0,-3.959999048674945e-07,0.0
1.1127999999999976e-08,0.0,0.0,0.0,-3.959999048674945e-07,0.0
1.1227999999999975e-08,0.0,0.0,0.0,-3.959999048674945e-07,0.0
1.1327999999999974e-08,0.0,0.0,0.0,-3.959999048674945e-07,0.0
1.1427999999999973e-08,0.0,0.0,0.0,-3.959999048674945e-07,0.0
1.1527999999999973e-08,0.0,0.0,0.0,-3.959999048674945e-07,0.0
1.1627999999999972e-08,0.0,0.0,0.0,-3.959999048674945e-07,0.0
1.1727999999999971e-08,0.0,0.0,0.0,-3.959999048674945e-07,0.0
1.182799999999997e-08,0.0,0.0,0.0,-3.959999048674945e-07,0.0
1.192799999999997e-08,0.0,0.0,0.0,-3.959999048674945e-07,0.0
1.2027999999999969e-08,0.0,0.0,0.0,-3.959999048674945e-07,0.0
1.2127999999999968e-08,0.0,0.0,0.0,-3.959999048674945e-07,0.0
1.2227999999999967e-08,0.0,0.0,0.0,-3.959999048674945e-07,0.0
1.2327999999999967e-08,0.0,0.0,0.0,-3.959999048674945e-07,0.0
1.2427999999999966e-08,0.0,0.0,0.0,-3.959999048674945e-07,0.0
1.2527999999999965e-08,0.0,0.0,0.0,-3.959999048674945e-07,0.0
1.2627999999999964e-08,0.0,0.0,0.0,-3.959999048674945e-07,0.0
1.2727999999999963e-08,0.0,0.0,0.0,-3.959999048674945e-07,0.0
1.2827999999999963e-08,0.0,0.0,0.0,-3.959999048674945e-07,0.0
1.2927999999999962e-08,0.0,0.0,0.0,-3.959999048674945e-07,0.0
1.3027999999999961e-08,0.0,0.0,0.0,-3.959999048674945e-07,0.0
1.312799999999996e-08,0.0,0.0,0.0,-3.959999048674945e-07,0.0
1.322799999999996e-08,0.0,0.0,0.0,-3.959999048674945e-07,0.0
1.3327999999999959e-08,0.0,0.0,0.0,-3.959999048674945e-07,0.0
1.3427999999999958e-08,0.0,0.0,0.0,-3.959999048674945e-07,0.0
1.3527999999999957e-08,0.0,0.0,0.0,-3.959999048674945e-07,0.0
1.3627999999999957e-08,0.0,0.0,0.0,-3.959999048674945e-07,0.0
1.3727999999999956e-08,0.0,0.0,0.0,-3.959999048674945e-07,0.0
1.3827999999999955e-08,0.0,0.0,0.0,-3.959999048674945e-07,0.0
1.3927999999999954e-08,0.0,0.0,0.0,-3.959999048674945e-07,0.0
1.4027999999999954e-08,0.0,0.0,0.0,-3.959999048674945e-07,0.0
1.4127999999999953e-08,0.0,0.0,0.0,-3.959999048674945e-07,0.0
1.4227999999999952e-08,0.0,0.0,0.0,-3.959999048674945e-07,0.0
1.4327999999999951e-08,0.0,0.0,0.0,-3.959999048674945e-07,0.0
1.442799999999995e-08,0.0,0.0,0.0,-3.959999048674945e-07,0.0
1.452799999999995e-08,0.0,0.0,0.0,-3.959999048674945e-07,0.0
1.4627999999999949e-08,0.0,0.0,0.0,-3.959999048674945e-07,0.0
1.4727999999999948e-08,0.0,0.0,0.0,-3.959999048674945e-07,0.0
1.4827999999999948e-08,0.0,0.0,0.0,-3.959999048674945e-07,0.0
1.4927999999999947e-08,0.0,0.0,0.0,-3.959999048674945e-07,0.0
1.5027999999999948e-08,0.0,0.0,0.0,-3.959999048674945e-07,0.0
1.512799999999995e-08,0.0,0.0,0.0,-3.959999048674945e-07,0.0
1.522799999999995e-08,0.0,0.0,0.0,-3.959999048674945e-07,0.0
1.532799999999995e-08,0.0,0.0,0.0,-3.959999048674945e-07,0.0
1.542799999999995e-08,0.0,0.0,0.0,-3.959999048674945e-07,0.0
1.5527999999999952e-08,0.0,0.0,0.0,-3.959999048674945e-07,0.0
1.5627999999999953e-08,0.0,0.0,0.0,-3.959999048674945e-07,0.0
1.5727999999999954e-08,0.0,0.0,0.0,-3.959999048674945e-07,0.0
1.5827999999999955e-08,0.0,0.0,0.0,-3.959999048674945e-07,0.0
1.5927999999999956e-08,0.0,0.0,0.0,-3.959999048674945e-07,0.0
1.6027999999999957e-08,0.0,0.0,0.0,-3.959999048674945e-07,0.0
1.6127999999999958e-08,0.0,0.0,0.0,-3.959999048674945e-07,0.0
1.622799999999996e-08,0.0,0.0,0.0,-3.959999048674945e-07,0.0
1.632799999999996e-08,0.0,0.0,0.0,-3.959999048674945e-07,0.0
1.642799999999996e-08,0.0,0.0,0.0,-3.959999048674945e-07,0.0
1.652799999999996e-08,0.0,0.0,0.0,-3.959999048674945e-07,0.0
1.6627999999999962e-08,0.0,0.0,0.0,-3.959999048674945e-07,0.0
1.6727999999999963e-08,0.0,0.0,0.0,-3.959999048674945e-07,0.0
1.6827999999999964e-08,0.0,0.0,0.0,-3.959999048674945e-07,0.0
1.6927999999999965e-08,0.0,0.0,0.0,-3.959999048674945e-07,0.0
1.7027999999999966e-08,0.0,0.0,0.0,-3.959999048674945e-07,0.0
1.7127999999999966e-08,0.0,0.0,0.0,-3.959999048674945e-07,0.0
1.7227999999999967e-08,0.0,0.0,0.0,-3.959999048674945e-07,0.0
1.7327999999999968e-08,0.0,0.0,0.0,-3.959999048674945e-07,0.0
1.742799999999997e-08,0.0,0.0,0.0,-3.959999048674945e-07,0.0
1.752799999999997e-08,0.0,0.0,0.0,-3.959999048674945e-07,0.0
1.762799999999997e-08,0.0,0.0,0.0,-3.959999048674945e-07,0.0
1.7727999999999972e-08,0.0,0.0,0.0,-3.959999048674945e-07,0.0
1.7827999999999973e-08,0.0,0.0,0.0,-3.959999048674945e-07,0.0
1.7927999999999974e-08,0.0,0.0,0.0,-3.959999048674945e-07,0.0
1.8027999999999975e-08,0.0,0.0,0.0,-3.959999048674945e-07,0.0
1.8127999999999975e-08,0.0,0.0,0.0,-3.959999048674945e-07,0.0
1.8227999999999976e-08,0.0,0.0,0.0,-3.959999048674945e-07,0.0
1.8327999999999977e-08,0.0,0.0,0.0,-3.959999048674945e-07,0.0
1.8427999999999978e-08,0.0,0.0,0.0,-3.959999048674945e-07,0.0
1.852799999999998e-08,0.0,0.0,0.0,-3.959999048674945e-07,0.0
1.862799999999998e-08,0.0,0.0,0.0,-3.959999048674945e-07,0.0
1.872799999999998e-08,0.0,0.0,0.0,-3.959999048674945e-07,0.0
1.8827999999999982e-08,0.0,0.0,0.0,-3.959999048674945e-07,0.0
1.8927999999999983e-08,0.0,0.0,0.0,-3.959999048674945e-07,0.0
1.9027999999999984e-08,0.0,0.0,0.0,-3.959999048674945e-07,0.0
1.9127999999999984e-08,0.0,0.0,0.0,-3.959999048674945e-07,0.0
1.9227999999999985e-08,0.0,0.0,0.0,-3.959999048674945e-07,0.0
1.9327999999999986e-08,0.0,0.0,0.0,-3.959999048674945e-07,0.0
1.9427999999999987e-08,0.0,0.0,0.0,-3.959999048674945e-07,0.0
1.9527999999999988e-08,0.0,0.0,0.0,-3.959999048674945e-07,0.0
1.962799999999999e-08,0.0,0.0,0.0,-3.959999048674945e-07,0.0
1.972799999999999e-08,0.0,0.0,0.0,-3.959999048674945e-07,0.0
1.982799999999999e-08,0.0,0.0,0.0,-3.959999048674945e-07,0.0
1.992799999999999e-08,0.0,0.0,0.0,-3.959999048674945e-07,0.0
2.0027999999999992e-08,0.0,0.0,0.0,-3.959999048674945e-07,0.0
2.0127999999999993e-08,0.0,0.0,0.0,-3.959999048674945e-07,0.0
2.0227999999999994e-08,0.0,0.0,0.0,-3.959999048674945e-07,0.0
2.0327999999999995e-08,0.0,0.0,0.0,-3.959999048674945e-07,0.0
2.0427999999999996e-08,0.0,0.0,0.0,-3.959999048674945e-07,0.0
2.0527999999999997e-08,0.0,0.0,0.0,-3.959999048674945e-07,0.0
2.0627999999999998e-08,0.0,0.0,0.0,-3.959999048674945e-07,0.0
2.0728e-08,0.0,0.0,0.0,-3.959999048674945e-07,0.0
2.0828e-08,0.0,0.0,0.0,-3.959999048674945e-07,0.0
2.0928e-08,0.0,0.0,0.0,-3.959999048674945e-07,0.0
2.1028e-08,0.0,0.0,0.0,-3.959999048674945e-07,0.0
2.1128000000000002e-08,0.0,0.0,0.0,-3.959999048674945e-07,0.0
2.1228000000000003e-08,0.0,0.0,0.0,-3.959999048674945e-07,0.0
2.1328000000000004e-08,0.0,0.0,0.0,-3.959999048674945e-07,0.0
2.1428000000000005e-08,0.0,0.0,0.0,-3.959999048674945e-07,0.0
2.1528000000000006e-08,0.0,0.0,0.0,-3.959999048674945e-07,0.0
2.1628000000000007e-08,0.0,0.0,0.0,-3.959999048674945e-07,0.0
2.1728000000000008e-08,0.0,0.0,0.0,-3.959999048674945e-07,0.0
2.182800000000001e-08,0.0,0.0,0.0,-3.959999048674945e-07,0.0
2.192800000000001e-08,0.0,0.0,0.0,-3.959999048674945e-07,0.0
2.202800000000001e-08,0.0,0.0,0.0,-3.959999048674945e-07,0.0
2.212800000000001e-08,0.0,0.0,0.0,-3.959999048674945e-07,0.0
2.2228000000000012e-08,0.0,0.0,0.0,-3.959999048674945e-07,0.0
2.2328000000000013e-08,0.0,0.0,0.0,-3.959999048674945e-07,0.0
2.2428000000000014e-08,0.0,0.0,0.0,-3.959999048674945e-07,0.0
2.2528000000000015e-08,0.0,0.0,0.0,-3.959999048674945e-07,0.0
2.2628000000000016e-08,0.0,0.0,0.0,-3.959999048674945e-07,0.0
2.2728000000000017e-08,0.0,0.0,0.0,-3.959999048674945e-07,0.0
2.2828000000000018e-08,0.0,0.0,0.0,-3.959999048674945e-07,0.0
2.292800000000002e-08,0.0,0.0,0.0,-3.959999048674945e-07,0.0
2.302800000000002e-08,0.0,0.0,0.0,-3.959999048674945e-07,0.0
2.312800000000002e-08,0.0,0.0,0.0,-3.959999048674945e-07,0.0
2.322800000000002e-08,0.0,0.0,0.0,-3.959999048674945e-07,0.0
2.3328000000000022e-08,0.0,0.0,0.0,-3.959999048674945e-07,0.0
2.3428000000000023e-08,0.0,0.0,0.0,-3.959999048674945e-07,0.0
2.3528000000000024e-08,0.0,0.0,0.0,-3.959999048674945e-07,0.0
2.3628000000000025e-08,0.0,0.0,0.0,-3.959999048674945e-07,0.0
2.3728000000000026e-08,0.0,0.0,0.0,-3.959999048674945e-07,0.0
2.3828000000000026e-08,0.0,0.0,0.0,-3.959999048674945e-07,0.0
2.3928000000000027e-08,0.0,0.0,0.0,-3.959999048674945e-07,0.0
2.4028000000000028e-08,0.0,0.0,0.0,-3.959999048674945e-07,0.0
2.412800000000003e-08,0.0,0.0,0.0,-3.959999048674945e-07,0.0
2.422800000000003e-08,0.0,0.0,0.0,-3.959999048674945e-07,0.0
2.432800000000003e-08,0.0,0.0,0.0,-3.959999048674945e-07,0.0
2.4428000000000032e-08,0.0,0.0,0.0,-3.959999048674945e-07,0.0
2.4528000000000033e-08,0.0,0.0,0.0,-3.959999048674945e-07,0.0
2.4628000000000034e-08,0.0,0.0,0.0,-3.959999048674945e-07,0.0
2.4728000000000035e-08,0.0,0.0,0.0,-3.959999048674945e-07,0.0
2.4828000000000035e-08,0.0,0.0,0.0,-3.959999048674945e-07,0.0
2.4928000000000036e-08,0.0,0.0,0.0,-3.959999048674945e-07,0.0
2.5028000000000037e-08,0.0,0.0,0.0,-3.959999048674945e-07,0.0
2.5128000000000038e-08,0.0,0.0,0.0,-3.959999048674945e-07,0.0
2.522800000000004e-08,0.0,0.0,0.0,-3.959999048674945e-07,0.0
2.532800000000004e-08,0.0,0.0,0.0,-3.959999048674945e-07,0.0
2.542800000000004e-08,0.0,0.0,0.0,-3.959999048674945e-07,0.0
2.5528000000000042e-08,0.0,0.0,0.0,-3.959999048674945e-07,0.0
2.5628000000000043e-08,0.0,0.0,0.0,-3.959999048674945e-07,0.0
2.5728000000000044e-08,0.0,0.0,0.0,-3.959999048674945e-07,0.0
2.5828000000000044e-08,0.0,0.0,0.0,-3.959999048674945e-07,0.0
2.5928000000000045e-08,0.0,0.0,0.0,-3.959999048674945e-07,0.0
2.6028000000000046e-08,0.0,0.0,0.0,-3.959999048674945e-07,0.0
2.6128000000000047e-08,0.0,0.0,0.0,-3.959999048674945e-07,0.0
2.6228000000000048e-08,0.0,0.0,0.0,-3.959999048674945e-07,0.0
2.632800000000005e-08,0.0,0.0,0.0,-3.959999048674945e-07,0.0
2.642800000000005e-08,0.0,0.0,0.0,-3.959999048674945e-07,0.0
2.652800000000005e-08,0.0,0.0,0.0,-3.959999048674945e-07,0.0
2.662800000000005e-08,0.0,0.0,0.0,-3.959999048674945e-07,0.0
2.6728000000000052e-08,0.0,0.0,0.0,-3.959999048674945e-07,0.0
2.6828000000000053e-08,0.0,0.0,0.0,-3.959999048674945e-07,0.0
2.6928000000000054e-08,0.0,0.0,0.0,-3.959999048674945e-07,0.0
2.7028000000000055e-08,0.0,0.0,0.0,-3.959999048674945e-07,0.0
2.7128000000000056e-08,0.0,0.0,0.0,-3.959999048674945e-07,0.0
2.7228000000000057e-08,0.0,0.0,0.0,-3.959999048674945e-07,0.0
2.7328000000000058e-08,0.0,0.0,0.0,-3.959999048674945e-07,0.0
2.742800000000006e-08,0.0,0.0,0.0,-3.959999048674945e-07,0.0
2.752800000000006e-08,0.0,0.0,0.0,-3.959999048674945e-07,0.0
2.762800000000006e-08,0.0,0.0,0.0,-3.959999048674945e-07,0.0
2.772800000000006e-08,0.0,0.0,0.0,-3.959999048674945e-07,0.0
2.7828000000000062e-08,0.0,0.0,0.0,-3.959999048674945e-07,0.0
2.7928000000000063e-08,0.0,0.0,0.0,-3.959999048674945e-07,0.0
2.8028000000000064e-08,0.0,0.0,0.0,-3.959999048674945e-07,0.0
2.8128000000000065e-08,0.0,0.0,0.0,-3.959999048674945e-07,0.0
2.8228000000000066e-08,0.0,0.0,0.0,-3.959999048674945e-07,0.0
2.8328000000000067e-08,0.0,0.0,0.0,-3.959999048674945e-07,0.0
2.8428000000000068e-08,0.0,0.0,0.0,-3.959999048674945e-07,0.0
2.852800000000007e-08,0.0,0.0,0.0,-3.959999048674945e-07,0.0
2.862800000000007e-08,0.0,0.0,0.0,-3.959999048674945e-07,0.0
2.872800000000007e-08,0.0,0.0,0.0,-3.959999048674945e-07,0.0
2.882800000000007e-08,0.0,0.0,0.0,-3.959999048674945e-07,0.0
2.8928000000000072e-08,0.0,0.0,0.0,-3.959999048674945e-07,0.0
2.9028000000000073e-08,0.0,0.0,0.0,-3.959999048674945e-07,0.0
2.9128000000000074e-08,0.0,0.0,0.0,-3.959999048674945e-07,0.0
2.9228000000000075e-08,0.0,0.0,0.0,-3.959999048674945e-07,0.0
2.9328000000000076e-08,0.0,0.0,0.0,-3.959999048674945e-07,0.0
2.9428000000000077e-08,0.0,0.0,0.0,-3.959999048674945e-07,0.0
2.9528000000000078e-08,0.0,0.0,0.0,-3.959999048674945e-07,0.0
2.962800000000008e-08,0.0,0.0,0.0,-3.959999048674945e-07,0.0
2.972800000000008e-08,0.0,0.0,0.0,-3.959999048674945e-07,0.0
2.982800000000008e-08,0.0,0.0,0.0,-3.959999048674945e-07,0.0
2.992800000000008e-08,0.0,0.0,0.0,-3.959999048674945e-07,0.0
3.002800000000008e-08,0.0,0.0,0.0,-3.959999048674945e-07,0.0
3.012800000000008e-08,0.0,0.0,0.0,-3.959999048674945e-07,0.0
3.0228000000000084e-08,0.0,0.0,0.0,-3.959999048674945e-07,0.0
3.0328000000000085e-08,0.0,0.0,0.0,-3.959999048674945e-07,0.0
3.0428000000000086e-08,0.0,0.0,0.0,-3.959999048674945e-07,0.0
3.0528000000000086e-08,0.0,0.0,0.0,-3.959999048674945e-07,0.0
3.062800000000009e-08,0.0,0.0,0.0,-3.959999048674945e-07,0.0
3.072800000000009e-08,0.0,0.0,0.0,-3.959999048674945e-07,0.0
3.082800000000009e-08,0.0,0.0,0.0,-3.959999048674945e-07,0.0
3.092800000000009e-08,0.0,0.0,0.0,-3.959999048674945e-07,0.0
3.102800000000009e-08,0.0,0.0,0.0,-3.959999048674945e-07,0.0
3.112800000000009e-08,0.0,0.0,0.0,-3.959999048674945e-07,0.0
3.122800000000009e-08,0.0,0.0,0.0,-3.959999048674945e-07,0.0
3.1328000000000094e-08,0.0,0.0,0.0,-3.959999048674945e-07,0.0
3.1428000000000095e-08,0.0,0.0,0.0,-3.959999048674945e-07,0.0
3.1528000000000095e-08,0.0,0.0,0.0,-3.959999048674945e-07,0.0
3.1628000000000096e-08,0.0,0.0,0.0,-3.959999048674945e-07,0.0
3.17280000000001e-08,0.0,0.0,0.0,-3.959999048674945e-07,0.0
3.18280000000001e-08,0.0,0.0,0.0,-3.959999048674945e-07,0.0
3.19280000000001e-08,0.0,0.0,0.0,-3.959999048674945e-07,0.0
3.20280000000001e-08,0.0,0.0,0.0,-3.959999048674945e-07,0.0
3.21280000000001e-08,0.0,0.0,0.0,-3.959999048674945e-07,0.0
3.22280000000001e-08,0.0,0.0,0.0,-3.959999048674945e-07,0.0
3.23280000000001e-08,0.0,0.0,0.0,-3.959999048674945e-07,0.0
3.2428000000000103e-08,0.0,0.0,0.0,-3.959999048674945e-07,0.0
3.2528000000000104e-08,0.0,0.0,0.0,-3.959999048674945e-07,0.0
3.2628000000000105e-08,0.0,0.0,0.0,-3.959999048674945e-07,0.0
3.2728000000000106e-08,0.0,0.0,0.0,-3.959999048674945e-07,0.0
3.282800000000011e-08,0.0,0.0,0.0,-3.959999048674945e-07,0.0
3.292800000000011e-08,0.0,0.0,0.0,-3.959999048674945e-07,0.0
3.302800000000011e-08,0.0,0.0,0.0,-3.959999048674945e-07,0.0
3.312800000000011e-08,0.0,0.0,0.0,-3.959999048674945e-07,0.0
3.322800000000011e-08,0.0,0.0,0.0,-3.959999048674945e-07,0.0
3.332800000000011e-08,0.0,0.0,0.0,-3.959999048674945e-07,0.0
3.342800000000011e-08,0.0,0.0,0.0,-3.959999048674945e-07,0.0
3.3528000000000113e-08,0.0,0.0,0.0,-3.959999048674945e-07,0.0
3.3628000000000114e-08,0.0,0.0,0.0,-3.959999048674945e-07,0.0
3.3728000000000115e-08,0.0,0.0,0.0,-3.959999048674945e-07,0.0
3.3828000000000116e-08,0.0,0.0,0.0,-3.959999048674945e-07,0.0
3.392800000000012e-08,0.0,0.0,0.0,-3.959999048674945e-07,0.0
3.402800000000012e-08,0.0,0.0,0.0,-3.959999048674945e-07,0.0
3.412800000000012e-08,0.0,0.0,0.0,-3.959999048674945e-07,0.0
3.422800000000012e-08,0.0,0.0,0.0,-3.959999048674945e-07,0.0
3.432800000000012e-08,0.0,0.0,0.0,-3.959999048674945e-07,0.0
3.442800000000012e-08,0.0,0.0,0.0,-3.959999048674945e-07,0.0
3.452800000000012e-08,0.0,0.0,0.0,-3.959999048674945e-07,0.0
3.462800000000012e-08,0.0,0.0,0.0,-3.959999048674945e-07,0.0
3.4728000000000124e-08,0.0,0.0,0.0,-3.959999048674945e-07,0.0
3.4828000000000125e-08,0.0,0.0,0.0,-3.959999048674945e-07,0.0
3.4928000000000126e-08,0.0,0.0,0.0,-3.959999048674945e-07,0.0
3.502800000000013e-08,0.0,0.0,0.0,-3.959999048674945e-07,0.0
3.512800000000013e-08,0.0,0.0,0.0,-3.959999048674945e-07,0.0
3.522800000000013e-08,0.0,0.0,0.0,-3.959999048674945e-07,0.0
3.532800000000013e-08,0.0,0.0,0.0,-3.959999048674945e-07,0.0
3.542800000000013e-08,0.0,0.0,0.0,-3.959999048674945e-07,0.0
3.552800000000013e-08,0.0,0.0,0.0,-3.959999048674945e-07,0.0
3.562800000000013e-08,0.0,0.0,0.0,-3.959999048674945e-07,0.0
3.572800000000013e-08,0.0,0.0,0.0,-3.959999048674945e-07,0.0
3.5828000000000134e-08,0.0,0.0,0.0,-3.959999048674945e-07,0.0
3.5928000000000135e-08,0.0,0.0,0.0,-3.959999048674945e-07,0.0
3.6028000000000136e-08,0.0,0.0,0.0,-3.959999048674945e-07,0.0
3.6128000000000137e-08,0.0,0.0,0.0,-3.959999048674945e-07,0.0
3.622800000000014e-08,0.0,0.0,0.0,-3.959999048674945e-07,0.0
3.632800000000014e-08,0.0,0.0,0.0,-3.959999048674945e-07,0.0
3.642800000000014e-08,0.0,0.0,0.0,-3.959999048674945e-07,0.0
3.652800000000014e-08,0.0,0.0,0.0,-3.959999048674945e-07,0.0
3.662800000000014e-08,0.0,0.0,0.0,-3.959999048674945e-07,0.0
3.672800000000014e-08,0.0,0.0,0.0,-3.959999048674945e-07,0.0
3.682800000000014e-08,0.0,0.0,0.0,-3.959999048674945e-07,0.0
3.6928000000000144e-08,0.0,0.0,0.0,-3.959999048674945e-07,0.0
3.7028000000000145e-08,0.0,0.0,0.0,-3.959999048674945e-07,0.0
3.7128000000000146e-08,0.0,0.0,0.0,-3.959999048674945e-07,0.0
3.7228000000000146e-08,0.0,0.0,0.0,-3.959999048674945e-07,0.0
3.732800000000015e-08,0.0,0.0,0.0,-3.959999048674945e-07,0.0
3.742800000000015e-08,0.0,0.0,0.0,-3.959999048674945e-07,0.0
3.752800000000015e-08,0.0,0.0,0.0,-3.959999048674945e-07,0.0
3.762800000000015e-08,0.0,0.0,0.0,-3.959999048674945e-07,0.0
3.772800000000015e-08,0.0,0.0,0.0,-3.959999048674945e-07,0.0
3.782800000000015e-08,0.0,0.0,0.0,-3.959999048674945e-07,0.0
3.792800000000015e-08,0.0,0.0,0.0,-3.959999048674945e-07,0.0
3.8028000000000154e-08,0.0,0.0,0.0,-3.959999048674945e-07,0.0
3.8128000000000155e-08,0.0,0.0,0.0,-3.959999048674945e-07,0.0
3.8228000000000155e-08,0.0,0.0,0.0,-3.959999048674945e-07,0.0
3.8328000000000156e-08,0.0,0.0,0.0,-3.959999048674945e-07,0.0
3.842800000000016e-08,0.0,0.0,0.0,-3.959999048674945e-07,0.0
3.852800000000016e-08,0.0,0.0,0.0,-3.959999048674945e-07,0.0
3.862800000000016e-08,0.0,0.0,0.0,-3.959999048674945e-07,0.0
3.872800000000016e-08,0.0,0.0,0.0,-3.959999048674945e-07,0.0
3.882800000000016e-08,0.0,0.0,0.0,-3.959999048674945e-07,0.0
3.892800000000016e-08,0.0,0.0,0.0,-3.959999048674945e-07,0.0
3.902800000000016e-08,0.0,0.0,0.0,-3.959999048674945e-07,0.0
3.9128000000000163e-08,0.0,0.0,0.0,-3.959999048674945e-07,0.0
3.9228000000000164e-08,0.0,0.0,0.0,-3.959999048674945e-07,0.0
3.9328000000000165e-08,0.0,0.0,0.0,-3.959999048674945e-07,0.0
3.9428000000000166e-08,0.0,0.0,0.0,-3.959999048674945e-07,0.0
3.952800000000017e-08,0.0,0.0,0.0,-3.959999048674945e-07,0.0
3.962800000000017e-08,0.0,0.0,0.0,-3.959999048674945e-07,0.0
3.972800000000017e-08,0.0,0.0,0.0,-3.959999048674945e-07,0.0
3.982800000000017e-08,0.0,0.0,0.0,-3.959999048674945e-07,0.0
3.992800000000017e-08,0.0,0.0,0.0,-3.959999048674945e-07,0.0
4e-08,0.0,0.0,0.0,-3.959994501201436e-07,0.0
4.0000001640045555e-08,1.4760409989165614e-06,0.0,0.0,-4.172325134277344e-07,-0.003599999997394515
4.0000004920136664e-08,4.4281229967496834e-06,0.0,0.0,-4.172325134277344e-07,-0.0035999999974535533
4.000001148031889e-08,1.033228699837163e-05,0.0,0.0,-4.023313522338867e-07,-0.003600000004834493
4.000002460068333e-08,2.214061499565982e-05,0.0,0.0,-3.986060619354248e-07,-0.0035999999941763814
4.000005084141222e-08,4.5757270996191906e-05,0.0,0.0,-3.9674341678619385e-07,-0.003600000007358703
4.000010332287e-08,9.299058299725608e-05,0.0,0.0,-3.9581209421157837e-07,-0.003599999995593378
4.0000208285785556e-08,0.0001874572069993844,0.0,0.0,-3.962777554988861e-07,-0.0036000000101927016
4.0000418211616665e-08,0.00037639045499768535,0.0,0.0,-3.962777554988861e-07,-0.003600000001034413
4.0000838063278883e-08,0.0007542569509942874,0.0,0.0,-3.961613401770592e-07,-0.0036000000215287015
4.000167776660333e-08,0.0015099899429934468,0.0,0.0,-3.9604492485523224e-07,-0.003600000023763138
4.0003357173252214e-08,0.003021455926991766,0.0,0.0,-3.960158210247755e-07,-0.0036000000668726783
4.000671598654999e-08,0.006044387894988405,0.0,0.0,-3.960158210247755e-07,-0.0036000001144510987
4.001343361314553e-08,0.012090251830975724,0.0,0.0,-3.960085450671613e-07,-0.0036000002482415045
4.002686886633661e-08,0.024181979702950367,0.0,0.0,-3.9600126910954714e-07,-0.003600000477202936
4.005373937271878e-08,0.04836543544689965,0.0,0.0,-3.959994501201436e-07,-0.003600000973745174
4.010748038548311e-08,0.09673234693479822,0.0,0.0,-3.9600035961484537e-07,-0.003600001928210283
4.020748038548311e-08,0.18673234693479904,0.0,0.0,-3.959999048674945e-07,-0.003600003741083659
4.030748038548311e-08,0.2767323469347998,0.0,0.0,-3.959999048674945e-07,-0.0036000055282102844
4.040748038548311e-08,0.36673234693480067,0.0,0.0,-3.959999048674945e-07,-0.0036000073410836636
4.0507480385483114e-08,0.4567323469348014,0.0,0.0,-3.959999048674945e-07,-0.003600009128210284
4.0607480385483114e-08,0.5467323469348022,0.0,0.0,-3.959999048674945e-07,-0.003600010941083663
4.0707480385483115e-08,0.6367323469348031,0.0,0.0,-3.959999048674945e-07,-0.0036000127282102834
4.0807480385483116e-08,0.7267323469348039,0.0,0.0,-3.959999048674945e-07,-0.0036000145410836765
4.090748038548312e-08,0.8167323469348046,0.0,0.0,-3.959999048674945e-07,-0.003600016328210269
4.0911275134936246e-08,0.8201476214426207,-7.3276597637821e-18,-7.327601834251378e-18,-3.9600126910954714e-07,-0.003600016409391893
4.0918864633842504e-08,0.8269781704582526,-2.19647142876986e-17,-2.196471435920981e-17,-3.960085450671613e-07,-0.003600016533126471
4.093404363165501e-08,0.8406392684895106,-2.1892006625330502e-17,-2.1892006697519805e-17,-3.9600126910954714e-07,-0.0036000168192217297
4.096440162728003e-08,0.8679614645520267,-2.1747312140880125e-17,-2.1747312211679005e-17,-3.959994501201436e-07,-0.0036000173527922785
4.096592559306819e-08,0.8693330337613677,-2.464844015778441e-17,-2.4648383419192503e-17,-3.9598671719431877e-07,-0.0036000173930990087
4.09689735246445e-08,0.8720761721800498,-3.044774305057582e-17,-3.044774314876394e-17,-3.9598671719431877e-07,-0.0036000174350863112
4.097506938779713e-08,0.8775624490174139,-3.040722652484478e-17,-3.040722662605346e-17,-3.960085450671613e-07,-0.0036000175576875737
4.0987261114102374e-08,0.8885350026921363,-3.0326355114140285e-17,-3.0326355211930694e-17,-3.9600490708835423e-07,-0.0036000177642595554
4.0987873136506776e-08,0.8890858228560979,-3.148625243151433e-17,-3.148619570506829e-17,-3.9604492485523224e-07,-0.003600017788166099
4.098909718131558e-08,0.8901874631840212,-3.3805525109697025e-17,-3.3805525216101714e-17,-3.9598671719431877e-07,-0.0036000177973090075
4.099154527093319e-08,0.8923907438398678,-3.378745212506953e-17,-3.378745224013929e-17,-3.9598671719431877e-07,-0.0036000178542630046
4.0996441450168395e-08,0.896797305151555,-3.375133514298854e-17,-3.375133524921577e-17,-3.9600126910954714e-07,-0.0036000179294961576
4.0996687237458284e-08,0.8970185137124551,-3.421687462265214e-17,-3.421681732972033e-17,-3.9604492485523224e-07,-0.0036000179467592375
4.099717881203807e-08,0.8974609308342615,-3.5147821206814845e-17,-3.514782131061193e-17,-3.9604492485523224e-07,-0.003600017942869016
4.099816196119763e-08,0.8983457650778681,-3.514027371686743e-17,-3.5140273843375194e-17,-3.9598671719431877e-07,-0.003600017973254488
4.099821131510299e-08,0.8983901835926916,-3.523699184364129e-17,-3.52369334279478e-17,-3.9581209421157837e-07,-0.0036000179611050953
4.099831002291372e-08,0.8984790206223449,-3.543036643908749e-17,-3.543036653096764e-17,-3.962777554988861e-07,-0.003600017976410186
4.099850743853516e-08,0.8986566946816452,-3.542883857999907e-17,-3.5428838720290626e-17,-3.9604492485523224e-07,-0.0036000179662138976
4.099890226977806e-08,0.899012042800252,-3.54257831078777e-17,-3.542578319975018e-17,-3.9604492485523224e-07,-0.0036000179872104354
4.0999691932263845e-08,0.8997227390374596,-3.5419672905751237e-17,-3.541967304600908e-17,-3.9598671719431877e-07,-0.00360001798747156
4.099973157317408e-08,0.8997584158566709,-3.549593904865446e-17,-3.549588179550547e-17,-3.9674341678619385e-07,-0.00360001800174814
4.0999810854994556e-08,0.8998297694950997,-3.564841197459979e-17,-3.56484120721829e-17,-3.9581209421157837e-07,-0.0036000179902231366
4.09999694186355e-08,0.8999724767719515,-3.564717724544017e-17,-3.564717738145866e-17,-3.962777554988861e-07,-0.003600018005727179
4.099998243307331e-08,0.8999841897659802,-3.567245766425878e-17,-3.567239931598695e-17,-3.948807716369629e-07,-0.00360001799310794
4.0999990197462485e-08,0.8999911777162354,-3.570226570474646e-17,-3.570220855921871e-17,-3.948807716369629e-07,-0.0036000180053861186
4.099999352519547e-08,0.899994172675923,-3.5714734947991414e-17,-3.5714679721942906e-17,-4.023313522338867e-07,-0.0036000179916300112
4.0999995850788365e-08,0.8999962657095281,-3.5723467310707855e-17,-3.5723410506563764e-17,-3.8743019104003906e-07,-0.0036000180098199053
4.099999762227696e-08,0.8999978600492653,-3.573022213071043e-17,-3.573016491713983e-17,-3.8743019104003906e-07,-0.0036000179961774847
4.099999914713264e-08,0.8999992324193752,-3.573608126447437e-17,-3.5736022441779893e-17,-3.8743019104003906e-07,-0.003600017997996474
4.100000053655628e-08,0.9000004829006507,2.750923597199562e-07,2.6927818940981506e-07,-4.470348358154297e-07,-0.003600017992539506
4.100000194567215e-08,0.9000017511049351,8.291986964061947e-07,8.232194867061204e-07,-4.172325134277344e-07,-0.0036000180207338417
4.100000301453978e-08,0.9000027130857994,1.249414207837547e-06,1.2435947098387094e-06,-4.76837158203125e-07,-0.003600017980716075
4.1000004454492155e-08,0.900004009042939,1.8156413779899436e-06,1.8096673068700168e-06,-4.172325134277344e-07,-0.0036000180098199053
4.1000007334396917e-08,0.9000066009572243,2.9479416751291275e-06,2.9421189844876775e-06,-3.725290298461914e-07,-0.003600017997541727
4.100001309420643e-08,0.9000117847857887,5.212690985331865e-06,5.206718496779604e-06,-3.948807716369629e-07,-0.0036000180018618266
4.1000024613825465e-08,0.9000221524429175,9.742031511928228e-06,9.736208064638645e-06,-3.948807716369629e-07,-0.003600017998110161
4.100004765306353e-08,0.9000428877571752,1.8800827269939458e-05,1.8794855213675817e-05,-3.948807716369629e-07,-0.003600018002600791
4.1000093731539664e-08,0.9000843583856967,3.6918133443260146e-05,3.6912309891553175e-05,-3.948807716369629e-07,-0.0036000180004123195
4.100018588849193e-08,0.9001672996427336,7.315234713562157e-05,7.314637535407183e-05,-3.9534643292427063e-07,-0.0036000180045903107
4.1000370202396453e-08,0.9003331821568074,0.00014561843797390888,0.0001456126147300814,-3.9581209421157837e-07,-0.0036000180053648023
4.1000738830205506e-08,0.9006649471849549,0.0002905420155273619,0.000290536044482246,-3.959285095334053e-07,-0.003600018014537909
4.100147608582362e-08,0.9013284772412561,0.0005803540162247333,0.0005803481943932895,-3.9598671719431877e-07,-0.0036000180253363823
4.1002950597059844e-08,0.9026555373538584,0.0011598381695130937,0.0011598322013223383,-3.9598671719431877e-07,-0.003600018054346954
4.100589961953229e-08,0.9053096575790629,0.002318246567744859,0.0023182407516047607,-3.9598671719431877e-07,-0.0036000181049602453
4.101179766447719e-08,0.910617898029472,0.004632826273920939,0.004632820317111252,-3.9600126910954714e-07,-0.003600018213594458
4.1023593754366984e-08,0.9212343789302844,0.00925305097692969,0.009253045183511352,-3.9600490708835423e-07,-0.0036000184234509236
4.1047185934146567e-08,0.9424673407319091,0.018457877100683372,0.018457871189173095,-3.9599763113074005e-07,-0.003600018850583364
4.109437029370573e-08,0.9849332643351585,0.03672594869630158,0.036725942992900495,-3.959985406254418e-07,-0.003600019697428708
4.1188739012824064e-08,1.069865111541657,0.07270299187771086,0.0727029861439397,-3.959994501201436e-07,-0.003600021398538697
4.1288739012824065e-08,1.1598651115416578,0.11002631496892432,0.11002630950569846,-3.959999048674945e-07,-0.003600023196065838
4.1388739012824066e-08,1.2498651115416588,0.146543158179727,0.14654315268789989,-3.959999048674945e-07,-0.003600024998538745
4.148873901282407e-08,1.3398651115416593,0.18227094768032653,0.1822709424538167,-3.959999048674945e-07,-0.003600026796065789
4.158873901282407e-08,1.42986511154166,0.2172267334883578,0.2172267282281319,-3.959999048674945e-07,-0.0036000285985387376
4.168873901282407e-08,1.519865111541661,0.2514271968142186,0.25142719181430545,-3.959999048674945e-07,-0.003600030396065809
4.178873901282407e-08,1.6098651115416618,0.28488865881326186,0.2848886537747365,-3.959999048674945e-07,-0.0036000321985387163
4.188873901282407e-08,1.6998651115416628,0.31762708758377356,0.3176270828007703,-3.959999048674945e-07,-0.003600033996065871
4.198873901282407e-08,1.7898651115416635,0.3496581065770458,0.34965810175074347,-3.959999048674945e-07,-0.003600035798538681
4.2e-08,1.7999999999999983,0.3532213373361485,0.3532213326697727,-3.9600490708835423e-07,-0.0036000359987635733
4.2000085043948704e-08,1.8,0.35324821359176317,0.3532482088513586,-3.9581209421157837e-07,-3.600008824378165e-08
4.200025513184611e-08,1.8,0.35330196505504907,0.3533019603148032,-3.9581209421157837e-07,-3.5999917713525065e-08
4.2000595307640924e-08,1.8,0.3534094619904794,0.35340945725060313,-3.9604492485523224e-07,-3.600008824378165e-08
4.2001275659230554e-08,1.8,0.3536244318990098,0.35362442715982045,-3.9604492485523224e-07,-3.5999914160811386e-08
4.2002636362409815e-08,1.8,0.3540542758865051,0.35405427114874166,-3.9598671719431877e-07,-3.600008469106797e-08
4.2005357768768336e-08,1.8,0.3549135806867437,0.35491357595177847,-3.9598671719431877e-07,-3.5999914160811386e-08
4.201080058148537e-08,1.8,0.3566306587262125,0.3566306539968908,-3.9600126910954714e-07,-3.600008557924639e-08
4.202168620691945e-08,1.8,0.36005869765179466,0.36005869293368786,-3.9600126910954714e-07,-3.5999914604900596e-08
4.2043457457787603e-08,1.8,0.3668903794444808,0.366890374748776,-3.9599763113074005e-07,-3.600008524617948e-08
4.2086999959523913e-08,1.8,0.38045673609830205,0.38045673144703124,-3.9599763113074005e-07,-3.59999147159229e-08
4.2174084962996534e-08,1.8,0.40720599159483806,0.40720598703123106,-3.959994501201436e-07,-3.6000085273935056e-08
4.2274084962996534e-08,1.8,0.4373013953535144,0.4373013908885003,-3.959999048674945e-07,-3.599991477143405e-08
4.2374084962996535e-08,1.8,0.4667464995096752,0.466746495141158,-3.959999048674945e-07,-3.600008530169063e-08
4.2474084962996536e-08,1.8,0.49555535573847553,0.49555535146433577,-3.959999048674945e-07,-3.599991477143405e-08
4.257408496299654e-08,1.8,0.523741712044414,0.5237417078626468,-3.959999048674945e-07,-3.600008530169063e-08
4.267408496299654e-08,1.8,0.5513190193660333,0.5513190152746084,-3.959999048674945e-07,-3.599991477143405e-08
4.277408496299654e-08,1.8,0.5783004379948105,0.5783004339918099,-3.959999048674945e-07,-3.600008530169063e-08
4.287408496299654e-08,1.8,0.6046988438555319,0.6046988399390106,-3.959999048674945e-07,-3.599991477143405e-08
4.297408496299654e-08,1.8,0.6305268346507786,0.6305268308189025,-3.959999048674945e-07,-3.600008530169063e-08
4.307408496299654e-08,1.8,0.655796735872826,0.6557967321237317,-3.959999048674945e-07,-3.599991477143405e-08
4.317408496299654e-08,1.8,0.6805206066854552,0.6805206030173883,-3.959999048674945e-07,-3.600008530169063e-08
4.3274084962996543e-08,1.8,0.7047102456788528,0.704710242090028,-3.959999048674945e-07,-3.599991477143405e-08
4.3374084962996544e-08,1.8,0.7283771964999776,0.7283771929887171,-3.959999048674945e-07,-3.600008530169063e-08
4.3474084962996545e-08,1.8,0.7515327533614492,0.7515327499260426,-3.959999048674945e-07,-3.599991477143405e-08
4.3574084962996546e-08,1.8,0.7741879664312175,0.7741879630700601,-3.959999048674945e-07,-3.600008530169063e-08
4.367408496299655e-08,1.8,0.7963536471059558,0.7963536438174088,-3.959999048674945e-07,-3.599991477143405e-08
4.377408496299655e-08,1.8,0.8180403731703241,0.8180403699528531,-3.959999048674945e-07,-3.600008530169063e-08
4.387408496299655e-08,1.8,0.8392584938449332,0.8392584906969679,-3.959999048674945e-07,-3.599991477143405e-08
4.397408496299655e-08,1.8,0.8600181347250511,0.860018131645124,-3.959999048674945e-07,-3.600008530169063e-08
4.407408496299655e-08,1.8,0.8803292026127769,0.8803291995993835,-3.959999048674945e-07,-3.599991477143405e-08
4.417408496299655e-08,1.8,0.9002013902446178,0.9002013872963548,-3.959999048674945e-07,-3.600008530169063e-08
4.427408496299655e-08,1.8,0.9196441809170963,0.919644178032522,-3.959999048674945e-07,-3.599991477143405e-08
4.437408496299655e-08,1.8,0.9386668530122244,0.9386668501899971,-3.959999048674945e-07,-3.600008530169063e-08
4.4474084962996554e-08,1.8,0.9572784844253743,0.9572784816641122,-3.959999048674945e-07,-3.599991477143405e-08
4.4574084962996555e-08,1.8,0.9754879568972903,0.9754879541957105,-3.959999048674945e-07,-3.600008530169063e-08
4.4674084962996556e-08,1.8,0.9933039602526768,0.9933039576094554,-3.959999048674945e-07,-3.599991477143405e-08
4.477408496299656e-08,1.8,1.010734996547015,1.0107349939609254,-3.959999048674945e-07,-3.600008530169063e-08
4.487408496299656e-08,1.8,1.027789384124941,1.0277893815947141,-3.959999048674945e-07,-3.599991477143405e-08
4.497408496299656e-08,1.8,1.0444752615878232,1.0444752591122868,-3.959999048674945e-07,-3.600008530169063e-08
4.507408496299656e-08,1.8,1.0608005916777166,1.060800589255654,-3.959999048674945e-07,-3.599991477143405e-08
4.517408496299656e-08,1.8,1.0767731650791736,1.076773162709464,-3.959999048674945e-07,-3.600008530169063e-08
4.527408496299656e-08,1.8,1.0924006041361793,1.0924006018176573,-3.959999048674945e-07,-3.599991477143405e-08
4.537408496299656e-08,1.8,1.107690366489551,1.1076903642211444,-3.959999048674945e-07,-3.600008530169063e-08
4.547408496299656e-08,1.8,1.1226497486359255,1.1226497464165173,-3.959999048674945e-07,-3.599991477143405e-08
4.5574084962996564e-08,1.8,1.1372858894096622,1.1372858872382283,-3.959999048674945e-07,-3.600008530169063e-08
4.5674084962996565e-08,1.8,1.1516057733896894,1.1516057712651582,-3.959999048674945e-07,-3.599991477143405e-08
4.5774084962996566e-08,1.8,1.1656162342325553,1.1656162321539483,-3.959999048674945e-07,-3.600008530169063e-08
4.5874084962996567e-08,1.8,1.179323957933641,1.179323955899931,-3.959999048674945e-07,-3.599991477143405e-08
4.597408496299657e-08,1.8,1.1927354860177193,1.1927354840279707,-3.959999048674945e-07,-3.600008530169063e-08
4.607408496299657e-08,1.8,1.2058572186607606,1.2058572167139892,-3.959999048674945e-07,-3.599991477143405e-08
4.617408496299657e-08,1.8,1.218695417744097,1.2186954158394085,-3.959999048674945e-07,-3.600008530169063e-08
4.627408496299657e-08,1.8,1.2312562098427753,1.2312562079792262,-3.959999048674945e-07,-3.599991477143405e-08
4.637408496299657e-08,1.8,1.2435455891491538,1.2435455873258892,-3.959999048674945e-07,-3.600008530169063e-08
4.647408496299657e-08,1.8,1.255569420333512,1.2555694185496271,-3.959999048674945e-07,-3.599991477143405e-08
4.657408496299657e-08,1.8,1.2673334413426638,1.2673334395973421,-3.959999048674945e-07,-3.600008530169063e-08
4.6674084962996574e-08,1.8,1.2788432661382805,1.2788432644306544,-3.959999048674945e-07,-3.599991477143405e-08
4.6774084962996575e-08,1.8,1.2901043873758633,1.2901043857051528,-3.959999048674945e-07,-3.600008530169063e-08
4.6874084962996576e-08,1.8,1.3011221790260104,1.3011221773913833,-3.959999048674945e-07,-3.599991477143405e-08
4.6974084962996576e-08,1.8,1.31190189893886,1.311901897339571,-3.959999048674945e-07,-3.600008530169063e-08
4.707408496299658e-08,1.8,1.322448691353308,1.3224486897885592,-3.959999048674945e-07,-3.599991477143405e-08
4.717408496299658e-08,1.8,1.3327675893518196,1.3327675878208989,-3.959999048674945e-07,-3.600008530169063e-08
4.727408496299658e-08,1.8,1.3428635172623808,1.342863515764523,-3.959999048674945e-07,-3.599991477143405e-08
4.737408496299658e-08,1.8,1.3527412930083687,1.3527412915428936,-3.959999048674945e-07,-3.600008530169063e-08
4.747408496299658e-08,1.8,1.3624056304078245,1.362405628973998,-3.959999048674945e-07,-3.599991477143405e-08
4.757408496299658e-08,1.8,1.371861141422866,1.371861140020039,-3.959999048674945e-07,-3.600008530169063e-08
4.767408496299658e-08,1.8,1.3811123383606745,1.3811123369881424,-3.959999048674945e-07,-3.599991477143405e-08
4.7774084962996584e-08,1.8,1.39016363602674,1.3901636346838826,-3.959999048674945e-07,-3.600008530169063e-08
4.7874084962996585e-08,1.8,1.3990193538317635,1.3990193525179053,-3.959999048674945e-07,-3.599991477143405e-08
4.7974084962996585e-08,1.8,1.4076837178528505,1.4076837165673992,-3.959999048674945e-07,-3.600008530169063e-08
4.8074084962996586e-08,1.8,1.4161608628503486,1.4161608615926562,-3.959999048674945e-07,-3.599991477143405e-08
4.817408496299659e-08,1.8,1.424454834240922,1.424454833010423,-3.959999048674945e-07,-3.600008530169063e-08
4.827408496299659e-08,1.8,1.4325695900281767,1.432569588824249,-3.959999048674945e-07,-3.599991477143405e-08
4.837408496299659e-08,1.8,1.4405090026913836,1.4405090015134874,-3.959999048674945e-07,-3.600008530169063e-08
4.847408496299659e-08,1.8,1.448276861033575,1.4482768598811135,-3.959999048674945e-07,-3.599991477143405e-08
4.857408496299659e-08,1.8,1.455876871989524,1.455876870861982,-3.959999048674945e-07,-3.600008530169063e-08
4.867408496299659e-08,1.8,1.463312662394841,1.4633126612916456,-3.959999048674945e-07,-3.599991477143405e-08
4.877408496299659e-08,1.8,1.4705877807166565,1.4705877796373164,-3.959999048674945e-07,-3.600008530169063e-08
4.8874084962996594e-08,1.8,1.4777056987470973,1.4777056976910623,-3.959999048674945e-07,-3.599991477143405e-08
4.8974084962996594e-08,1.8,1.4846698132599825,1.4846698122267832,-3.959999048674945e-07,-3.600008530169063e-08
4.9074084962996595e-08,1.8,1.4914834476319045,1.4914834466210134,-3.959999048674945e-07,-3.599991477143405e-08
4.9174084962996596e-08,1.8,1.4981498534281026,1.498149852439072,-3.959999048674945e-07,-3.600008530169063e-08
4.92740849629966e-08,1.8,1.5046722119542468,1.50467221098657,-3.959999048674945e-07,-3.599991477143405e-08
4.93740849629966e-08,1.8,1.5110536357745126,1.5110536348277623,-3.959999048674945e-07,-3.600008530169063e-08
4.94740849629966e-08,1.8,1.5172971701970335,1.5172971692707233,-3.959999048674945e-07,-3.599991477143405e-08
4.95740849629966e-08,1.8,1.5234057947270736,1.5234057938207963,-3.959999048674945e-07,-3.600008530169063e-08
4.96740849629966e-08,1.8,1.5293824244889835,1.529382423602272,-3.959999048674945e-07,-3.599991477143405e-08
4.97740849629966e-08,1.8,1.535229911617248,1.5352299107497136,-3.959999048674945e-07,-3.600008530169063e-08
4.98740849629966e-08,1.8,1.540951046617658,1.540951045768852,-3.959999048674945e-07,-3.599991477143405e-08
4.9974084962996603e-08,1.8,1.5465485596988877,1.54654855886844,-3.959999048674945e-07,-3.600008530169063e-08
5.0074084962996604e-08,1.8,1.552025122075483,1.552025121262962,-3.959999048674945e-07,-3.599991477143405e-08
5.0174084962996605e-08,1.8,1.5573833472425105,1.5573833464475637,-3.959999048674945e-07,-3.600008530169063e-08
5.0274084962996606e-08,1.8,1.5626257922228493,1.5626257914450625,-3.959999048674945e-07,-3.599991477143405e-08
5.037408496299661e-08,1.8,1.5677549587873447,1.5677549580263814,-3.959999048674945e-07,-3.600008530169063e-08
5.047408496299661e-08,1.8,1.5727732946487842,1.5727732939042465,-3.959999048674945e-07,-3.599991477143405e-08
5.057408496299661e-08,1.8,1.5776831946298877,1.5776831939014553,-3.959999048674945e-07,-3.600008530169063e-08
5.067408496299661e-08,1.8,1.5824870018062451,1.5824870010935355,-3.959999048674945e-07,-3.599991477143405e-08
5.077408496299661e-08,1.8,1.5871870086243727,1.5871870079270802,-3.959999048674945e-07,-3.600008530169063e-08
5.087408496299661e-08,1.8,1.5917854579957953,1.5917854573135526,-3.959999048674945e-07,-3.599991477143405e-08
5.097408496299661e-08,1.8,1.5962845443673026,1.5962845436998192,-3.959999048674945e-07,-3.600008530169063e-08
5.107408496299661e-08,1.8,1.6006864147682647,1.6006864141151869,-3.959999048674945e-07,-3.599991477143405e-08
5.1174084962996614e-08,1.8,1.6049931698351318,1.604993169196183,-3.959999048674945e-07,-3.600008530169063e-08
5.1274084962996615e-08,1.8,1.6092068648136,1.6092068641884403,-3.959999048674945e-07,-3.599991477143405e-08
5.1374084962996616e-08,1.8,1.613329510540083,1.6133295099284488,-3.959999048674945e-07,-3.600008530169063e-08
5.147408496299662e-08,1.8,1.6173630744013994,1.6173630738029643,-3.959999048674945e-07,-3.599991477143405e-08
5.157408496299662e-08,1.8,1.6213094812727715,1.6213094806872845,-3.959999048674945e-07,-3.600008530169063e-08
5.167408496299662e-08,1.8,1.6251706144368865,1.6251706138640334,-3.959999048674945e-07,-3.599991477143405e-08
5.177408496299662e-08,1.8,1.6289483164825331,1.6289483159220755,-3.959999048674945e-07,-3.600008530169063e-08
5.187408496299662e-08,1.8,1.6326443901840066,1.632644389635642,-3.959999048674945e-07,-3.599991477143405e-08
5.197408496299662e-08,1.8,1.636260599361324,1.6362605988248256,-3.959999048674945e-07,-3.600008530169063e-08
5.207408496299662e-08,1.8,1.6397986697220381,1.6397986691971151,-3.959999048674945e-07,-3.599991477143405e-08
5.217408496299662e-08,1.8,1.6432602896846773,1.643260289171114,-3.959999048674945e-07,-3.600008530169063e-08
5.2274084962996624e-08,1.8,1.6466471111845769,1.6466471106820935,-3.959999048674945e-07,-3.599991477143405e-08
5.2374084962996625e-08,1.8,1.649960750462113,1.6499607499705045,-3.959999048674945e-07,-3.600008530169063e-08
5.2474084962996626e-08,1.8,1.653202788834088,1.653202788353085,-3.959999048674945e-07,-3.599991477143405e-08
5.2574084962996627e-08,1.8,1.656374773448267,1.6563747729776745,-3.959999048674945e-07,-3.600008530169063e-08
5.267408496299663e-08,1.8,1.6594782180217904,1.6594782175613494,-3.959999048674945e-07,-3.599991477143405e-08
5.277408496299663e-08,1.8,1.6625146035634506,1.662514603112976,-3.959999048674945e-07,-3.600008530169063e-08
5.287408496299663e-08,1.8,1.6654853790805424,1.6654853786397843,-3.959999048674945e-07,-3.599991477143405e-08
5.297408496299663e-08,1.8,1.6683919622702565,1.6683919618390395,-3.959999048674945e-07,-3.600008530169063e-08
5.307408496299663e-08,1.8,1.6712357401963205,1.671235739774404,-3.959999048674945e-07,-3.599991477143405e-08
5.317408496299663e-08,1.8,1.6740180699508311,1.6740180695380487,-3.959999048674945e-07,-3.600008530169063e-08
5.327408496299663e-08,1.8,1.6767402793019723,1.6767402788980919,-3.959999048674945e-07,-3.599991477143405e-08
5.3374084962996634e-08,1.8,1.6794036673275525,1.6794036669324164,-3.959999048674945e-07,-3.600008530169063e-08
5.3474084962996635e-08,1.8,1.6820095050350352,1.68200950464842,-3.959999048674945e-07,-3.599991477143405e-08
5.3574084962996636e-08,1.8,1.6845590359679892,1.684559035589745,-3.959999048674945e-07,-3.600008530169063e-08
5.3674084962996636e-08,1.8,1.6870534767996206,1.6870534764295324,-3.959999048674945e-07,-3.599991477143405e-08
5.377408496299664e-08,1.8,1.689494017913293,1.6894940175512188,-3.959999048674945e-07,-3.600008530169063e-08
5.387408496299664e-08,1.8,1.6918818239706865,1.6918818236164188,-3.959999048674945e-07,-3.599991477143405e-08
5.397408496299664e-08,1.8,1.694218034467502,1.6942180341209065,-3.959999048674945e-07,-3.600008530169063e-08
5.407408496299664e-08,1.8,1.6965037642773353,1.6965037639382117,-3.959999048674945e-07,-3.599991477143405e-08
5.417408496299664e-08,1.8,1.698740104183619,1.6987401038518404,-3.959999048674945e-07,-3.600008530169063e-08
5.427408496299664e-08,1.8,1.7009281214002527,1.700928121075626,-3.959999048674945e-07,-3.599991477143405e-08
5.437408496299664e-08,1.8,1.7030688600810033,1.7030688597634083,-3.959999048674945e-07,-3.600008530169063e-08
5.4474084962996644e-08,1.8,1.705163341817474,1.7051633415067244,-3.959999048674945e-07,-3.599991477143405e-08
5.4574084962996645e-08,1.8,1.7072125661265332,1.7072125658225155,-3.959999048674945e-07,-3.600008530169063e-08
5.4674084962996645e-08,1.8,1.7092175109278005,1.7092175106303347,-3.959999048674945e-07,-3.599991477143405e-08
5.4774084962996646e-08,1.8,1.7111791330100252,1.7111791327190045,-3.959999048674945e-07,-3.600008530169063e-08
5.487408496299665e-08,1.8,1.7130983684877719,1.713098368203022,-3.959999048674945e-07,-3.599991477143405e-08
5.497408496299665e-08,1.8,1.7149761332480562,1.7149761329694766,-3.959999048674945e-07,-3.600008530169063e-08
5.507408496299665e-08,1.8,1.7168133233875125,1.7168133231149352,-3.959999048674945e-07,-3.599991477143405e-08
5.517408496299665e-08,1.8,1.718610815639929,1.7186108153732587,-3.959999048674945e-07,-3.600008530169063e-08
5.527408496299665e-08,1.8,1.720369467794733,1.7203694675338077,-3.959999048674945e-07,-3.599991477143405e-08
5.537408496299665e-08,1.8,1.7220901191062468,1.7220901188509765,-3.959999048674945e-07,-3.600008530169063e-08
5.547408496299665e-08,1.8,1.7237735906942837,1.7237735904445122,-3.959999048674945e-07,-3.599991477143405e-08
5.5574084962996653e-08,1.8,1.7254206859359082,1.725420685691551,-3.959999048674945e-07,-3.600008530169063e-08
5.5674084962996654e-08,1.8,1.72703219084891,1.7270321906098154,-3.959999048674945e-07,-3.599991477143405e-08
5.5774084962996655e-08,1.8,1.72860887446681,1.7286088742328993,-3.959999048674945e-07,-3.600008530169063e-08
5.5874084962996656e-08,1.8,1.7301514892059493,1.7301514889770755,-3.959999048674945e-07,-3.599991477143405e-08
5.597408496299666e-08,1.8,1.731660771224458,1.731660771000547,-3.959999048674945e-07,-3.600008530169063e-08
5.607408496299666e-08,1.8,1.733137440773655,1.7331374405545652,-3.959999048674945e-07,-3.599991477143405e-08
5.617408496299666e-08,1.8,1.734582202541668,1.7345822023273294,-3.959999048674945e-07,-3.600008530169063e-08
5.627408496299666e-08,1.8,1.735995745989815,1.7359957457800905,-3.959999048674945e-07,-3.599991477143405e-08
5.637408496299666e-08,1.8,1.7373787456815317,1.7373787454763563,-3.959999048674945e-07,-3.600008530169063e-08
5.647408496299666e-08,1.8,1.7387318616043763,1.738731861403617,-3.959999048674945e-07,-3.599991477143405e-08
5.657408496299666e-08,1.8,1.740055739484893,1.7400557392884888,-3.959999048674945e-07,-3.600008530169063e-08
5.6674084962996663e-08,1.8,1.7413510110968529,1.7413510109046753,-3.959999048674945e-07,-3.599991477143405e-08
5.6774084962996664e-08,1.8,1.7426182945626547,1.742618294374647,-3.959999048674945e-07,-3.600008530169063e-08
5.6874084962996665e-08,1.8,1.7438581946483938,1.7438581944644314,-3.959999048674945e-07,-3.599991477143405e-08
5.6974084962996666e-08,1.8,1.745071303052371,1.7450713028724008,-3.959999048674945e-07,-3.600008530169063e-08
5.707408496299667e-08,1.8,1.746258198687556,1.7462581985114576,-3.959999048674945e-07,-3.599991477143405e-08
5.717408496299667e-08,1.8,1.7474194479577574,1.7474194477854812,-3.959999048674945e-07,-3.600008530169063e-08
5.727408496299667e-08,1.8,1.7485556050280118,1.7485556048594408,-3.959999048674945e-07,-3.599991477143405e-08
5.737408496299667e-08,1.8,1.7496672120889485,1.7496672119240373,-3.959999048674945e-07,-3.600008530169063e-08
5.747408496299667e-08,1.8,1.7507547996156219,1.7507547994542567,-3.959999048674945e-07,-3.599991477143405e-08
5.757408496299667e-08,1.8,1.7518188866205686,1.7518188864627073,-3.959999048674945e-07,-3.600008530169063e-08
5.767408496299667e-08,1.8,1.7528599809015821,1.7528599807471148,-3.959999048674945e-07,-3.599991477143405e-08
5.777408496299667e-08,1.8,1.753878579283947,1.7538785791328348,-3.959999048674945e-07,-3.600008530169063e-08
5.7874084962996674e-08,1.8,1.7548751678576258,1.7548751677097614,-3.959999048674945e-07,-3.599991477143405e-08
5.7974084962996675e-08,1.8,1.755850222209134,1.7558502220644818,-3.959999048674945e-07,-3.600008530169063e-08
5.8074084962996676e-08,1.8,1.7568042076485901,1.7568042075070465,-3.959999048674945e-07,-3.599991477143405e-08
5.817408496299668e-08,1.8,1.7577375794316752,1.7577375792932073,-3.959999048674945e-07,-3.600008530169063e-08
5.827408496299668e-08,1.8,1.7586507829769804,1.7586507828414872,-3.959999048674945e-07,-3.599991477143405e-08
5.837408496299668e-08,1.8,1.7595442540784747,1.7595442539459265,-3.959999048674945e-07,-3.600008530169063e-08
5.847408496299668e-08,1.8,1.7604184191135648,1.7604184189838634,-3.959999048674945e-07,-3.599991477143405e-08
5.857408496299668e-08,1.8,1.7612736952464763,1.7612736951195946,-3.959999048674945e-07,-3.600008530169063e-08
5.867408496299668e-08,1.8,1.762110490627422,1.762110490503265,-3.959999048674945e-07,-3.599991477143405e-08
5.877408496299668e-08,1.8,1.7629292045872857,1.7629292044658287,-3.959999048674945e-07,-3.600008530169063e-08
5.887408496299668e-08,1.8,1.763730227828281,1.763730227709431,-3.959999048674945e-07,-3.599991477143405e-08
5.8974084962996684e-08,1.8,1.7645139426103054,1.7645139424940408,-3.959999048674945e-07,-3.600008530169063e-08
5.9074084962996685e-08,1.8,1.765280722933457,1.7652807228196876,-3.959999048674945e-07,-3.599991477143405e-08
5.9174084962996686e-08,1.8,1.7660309347164174,1.7660309346051233,-3.959999048674945e-07,-3.600008530169063e-08
5.9274084962996687e-08,1.8,1.7667649359711657,1.7667649358622592,-3.959999048674945e-07,-3.599991477143405e-08
5.937408496299669e-08,1.8,1.7674830769737357,1.7674830768671999,-3.959999048674945e-07,-3.600008530169063e-08
5.947408496299669e-08,1.8,1.7681857004314656,1.7681857003272143,-3.959999048674945e-07,-3.599991477143405e-08
5.957408496299669e-08,1.8,1.7688731416464485,1.7688731415444672,-3.959999048674945e-07,-3.600008530169063e-08
5.967408496299669e-08,1.8,1.769545728675637,1.7695457285758422,-3.959999048674945e-07,-3.599991477143405e-08
5.977408496299668e-08,1.8,1.7702037824873054,1.7702037823896841,-3.959999048674945e-07,-3.600008530169063e-08
5.987408496299668e-08,1.8,1.7708476171143113,1.7708476170187821,-3.959999048674945e-07,-3.599991477143405e-08
5.997408496299667e-08,1.8,1.7714775398038647,1.7714775397104168,-3.959999048674945e-07,-3.600008530169063e-08
6.000000000000001e-08,1.7999999999999972,1.7716385457748525,1.7716385456819148,-3.959994501201436e-07,-3.5999913716722176e-08
6.000014366014802e-08,1.7998707058667902,1.771639435758634,1.7716394356657081,-3.9604492485523224e-07,0.0035999640024400037
6.000043098044404e-08,1.7996121176003648,1.7716412156703474,1.7716412155774273,-3.9604492485523224e-07,0.0035999640079253936
6.00010056210361e-08,1.7990949410675137,1.7716447751580022,1.7716447750650939,-3.9604492485523224e-07,0.003599964017972468
6.000215490222021e-08,1.7980605880018117,1.771651892795091,1.771651892702206,-3.9598671719431877e-07,0.0035999640389530185
6.000445346458843e-08,1.7959918818704192,1.7716661227115988,1.7716661226187602,-3.9598671719431877e-07,0.003599964079994855
6.000905058932485e-08,1.7918544696076348,1.7716945611054986,1.7716945610127532,-3.9600126910954714e-07,0.0035999641630759527
6.001824483879771e-08,1.7835796450820658,1.7717513523240158,1.7717513522314567,-3.9600126910954714e-07,0.0035999643282402793
6.003663333774342e-08,1.7670299960309277,1.77186459328194,1.7718645931897516,-3.9599763113074005e-07,0.003599964659565247
6.007341033563485e-08,1.7339306979286395,1.7720897160645581,1.7720897159731075,-3.959994501201436e-07,0.0035999653212220317
6.01469643314177e-08,1.6677321017240752,1.7725345793853458,1.7725345792953529,-3.959994501201436e-07,0.003599966645521785
6.024696433141769e-08,1.5777321017240804,1.7731280504270552,1.7731280503390068,-3.959999048674945e-07,0.0035999684451936964
6.034696433141769e-08,1.4877321017240854,1.7737086976594476,1.7737086975733019,-3.959999048674945e-07,0.003599970245521819
6.044696433141768e-08,1.3977321017240907,1.7742767983035805,1.7742767982192962,-3.959999048674945e-07,0.003599972045193689
6.054696433141768e-08,1.307732101724096,1.77483262346533,1.7748326233828668,-3.959999048674945e-07,0.0035999738455218255
6.064696433141767e-08,1.217732101724101,1.775376438392534,1.7753764383118524,-3.959999048674945e-07,0.0035999756451936954
6.074696433141766e-08,1.127732101724106,1.7759085026015198,1.7759085025225816,-3.959999048674945e-07,0.003599977445521832
6.084696433141766e-08,1.0377321017241115,1.7764290700010557,1.7764290699238234,-3.959999048674945e-07,0.003599979245193674
6.094696433141765e-08,0.9477321017241165,1.7769383890135177,1.7769383889379542,-3.959999048674945e-07,0.0035999810455218523
6.097261373249641e-08,0.9246476407532357,1.7770672385468627,1.7770672384717217,-3.9599763113074005e-07,0.0035999815068845087
6.098962899026994e-08,0.9093339087570549,1.7771523169640726,1.77715231688921,-3.9599763113074005e-07,0.003599981813483588
6.100082083357906e-08,0.8992612497788502,1.775010524370537,1.7750105301865093,-3.9600490708835423e-07,0.0035999820146107586
6.101296251601865e-08,0.8883337355832176,1.770309038038663,1.7703090438392515,-3.9600126910954714e-07,0.0035999822334893405
6.102014656615134e-08,0.8818680904637958,1.7675331066666076,1.7675331124580793,-3.9600126910954714e-07,0.0035999823624752736
6.103048953410848e-08,0.8725594193023707,1.7635442050054166,1.7635442107838395,-3.960085450671613e-07,0.003599982548974645
6.105117547002276e-08,0.8539420769795207,1.7555933772699988,1.7555933830223491,-3.9600126910954714e-07,0.0035999829209956147
6.109254734185132e-08,0.8167073923338206,1.7397990174848115,1.739799023185431,-3.959994501201436e-07,0.0035999836660151885
6.117529108550843e-08,0.7422380230424204,1.7086346750858161,1.7086346806843018,-3.9600035961484537e-07,0.003599985155076618
6.127529108550842e-08,0.6522380230424256,1.6717146063726573,1.6717146118501922,-3.959999048674945e-07,0.0035999869554020417
6.137529108550841e-08,0.5622380230424309,1.6355923040831097,1.6355923094422655,-3.959999048674945e-07,0.0035999887550766177
6.147529108550841e-08,0.4722380230424359,1.6002505301909933,1.6002505354343697,-3.959999048674945e-07,0.003599990555402055
6.15752910855084e-08,0.38223802304244114,1.5656724190886477,1.5656724242187046,-3.959999048674945e-07,0.0035999923550765964
6.16752910855084e-08,0.29223802304244617,1.531841469596408,1.5318414746156357,-3.959999048674945e-07,0.0035999941554020753
6.177529108550839e-08,0.20223802304245142,1.4987415370940833,1.4987415420048351,-3.959999048674945e-07,0.0035999959550765785
6.187529108550839e-08,0.11223802304245667,1.4663568258162671,1.4663568306209287,-3.959999048674945e-07,0.003599997755402075
6.197529108550838e-08,0.022238023042461696,1.4346718813085118,1.4346718860093335,-3.959999048674945e-07,0.003599999555076601
6.2e-08,4.884981308350689e-15,1.4269492247374809,1.4269492294130197,-3.9599763113074005e-07,0.0036000000001629134
6.200000069419758e-08,0.0,1.4269490083548226,1.4269490130303506,-4.172325134277344e-07,2.8147498644191024e-11
6.200000208259272e-08,0.0,1.4269485755895648,1.426948580265091,-4.172325134277344e-07,-2.8147498644191024e-11
6.2000004859383e-08,0.0,1.4269477100594374,1.4269477147349607,-3.725290298461914e-07,2.8147498644191024e-11
6.200001041296359e-08,0.0,1.4269459790007515,1.4269459836762692,-4.023313522338867e-07,-2.8147498644191024e-11
6.200002152012475e-08,0.0,1.4269425168896526,1.426942521565159,-3.948807716369629e-07,2.8147498644191024e-11
6.200004373444707e-08,0.0,1.4269355926926222,1.4269355973681057,-3.948807716369629e-07,-2.8147498644191024e-11
6.200008816309172e-08,0.0,1.426921744399511,1.4269217490749497,-3.9581209421157837e-07,2.8147498644191024e-11
6.200017702038101e-08,0.0,1.426894048216843,1.4268940528921905,-3.9581209421157837e-07,-2.8147498644191024e-11
6.20003547349596e-08,0.0,1.4268386574641059,1.4268386621392721,-3.9604492485523224e-07,2.8147498644191024e-11
6.200071016411677e-08,0.0,1.426727882408369,1.426727887083172,-3.9604492485523224e-07,-2.8147498644191024e-11
6.20014210224311e-08,0.0,1.4265063580972013,1.4265063627712788,-3.9604492485523224e-07,2.8147498644191024e-11
6.200284273905978e-08,0.0,1.426063412653796,1.426063417326422,-3.9598671719431877e-07,-2.8147498644191024e-11
6.200568617231712e-08,0.0,1.4251779343157487,1.4251779389854733,-3.9598671719431877e-07,2.8147498644191024e-11
6.201137303883182e-08,0.0,1.4234086265543537,1.4234086312182808,-3.960085450671613e-07,-2.8147498644191024e-11
6.20227467718612e-08,0.0,1.4198765965499414,1.4198766012022956,-3.9600490708835423e-07,2.8147498644191024e-11
6.204549423791998e-08,0.0,1.4128387970525749,1.4128388016818691,-3.959994501201436e-07,-2.8147498644191024e-11
6.209098917003753e-08,0.0,1.3988675905400079,1.3988675951235243,-3.959994501201436e-07,2.8147498644191024e-11
6.218197903427263e-08,0.0,1.3713376113320972,1.371337615825409,-3.959999048674945e-07,-2.8147498644191024e-11
6.228197903427263e-08,0.0,1.3417058358925722,1.3417058402887931,-3.959999048674945e-07,2.8147498644191024e-11
6.238197903427262e-08,0.0,1.3127143420027183,1.3127143463039455,-3.959999048674945e-07,-2.8147498644191024e-11
6.248197903427261e-08,0.0,1.2843492944586135,1.2843492986669003,-3.959999048674945e-07,2.8147498644191024e-11
6.258197903427261e-08,0.0,1.2565971570476853,1.2565971611650395,-3.959999048674945e-07,-2.8147498644191024e-11
6.26819790342726e-08,0.0,1.2294446860469759,1.2294446900753628,-3.959999048674945e-07,2.8147498644191024e-11
6.27819790342726e-08,0.0,1.2028789239030466,1.202878927844388,-3.959999048674945e-07,-2.8147498644191024e-11
6.288197903427259e-08,0.0,1.1768871930484444,1.176887196904622,-3.959999048674945e-07,2.8147498644191024e-11
6.298197903427259e-08,0.0,1.1514570898517829,1.151457093624636,-3.959999048674945e-07,-2.8147498644191024e-11
6.308197903427258e-08,0.0,1.1265764786985493,1.1265764823898794,-3.959999048674945e-07,2.8147498644191024e-11
6.318197903427257e-08,0.0,1.1022334861998142,1.102233489811382,-3.959999048674945e-07,-2.8147498644191024e-11
6.328197903427257e-08,0.0,1.078416495526076,1.0784164990596055,-3.959999048674945e-07,2.8147498644191024e-11
6.338197903427256e-08,0.0,1.0551141408635414,1.0551141443207184,-3.959999048674945e-07,-2.8147498644191024e-11
6.348197903427256e-08,0.0,1.032315301990195,1.0323153053726695,-3.959999048674945e-07,2.8147498644191024e-11
6.358197903427255e-08,0.0,1.0100090989690673,1.0100091022784536,-3.959999048674945e-07,-2.8147498644191024e-11
6.368197903427255e-08,0.0,0.9881848869561718,0.9881848901940492,-3.959999048674945e-07,2.8147498644191024e-11
6.378197903427254e-08,0.0,0.9668322511206301,0.9668322542885434,-3.959999048674945e-07,-2.8147498644191024e-11
6.388197903427253e-08,0.0,0.9459410016745619,0.9459410047740233,-3.959999048674945e-07,2.8147498644191024e-11
6.398197903427253e-08,0.0,0.9255011690103729,0.9255011720428612,-3.959999048674945e-07,-2.8147498644191024e-11
6.408197903427252e-08,0.0,0.9055029989431117,0.9055030019100745,-3.959999048674945e-07,2.8147498644191024e-11
6.418197903427252e-08,0.0,0.8859369480556316,0.8859369509584841,-3.959999048674945e-07,-2.8147498644191024e-11
6.428197903427251e-08,0.0,0.8667936791443329,0.866793681984461,-3.959999048674945e-07,2.8147498644191024e-11
6.43819790342725e-08,0.0,0.8480640567633148,0.8480640595420733,-3.959999048674945e-07,-2.8147498644191024e-11
6.44819790342725e-08,0.0,0.829739142864806,0.8297391455835216,-3.959999048674945e-07,2.8147498644191024e-11
6.45819790342725e-08,0.0,0.8118101925338009,0.8118101951937705,-3.959999048674945e-07,-2.8147498644191024e-11
6.468197903427249e-08,0.0,0.7942686498148578,0.794268652417351,-3.959999048674945e-07,2.8147498644191024e-11
6.478197903427248e-08,0.0,0.7771061436298139,0.7771061461760723,-3.959999048674945e-07,-2.8147498644191024e-11
6.488197903427248e-08,0.0,0.7603144837814706,0.76031448627271,-3.959999048674945e-07,2.8147498644191024e-11
6.498197903427247e-08,0.0,0.7438856570451468,0.7438856594825554,-3.959999048674945e-07,-2.8147498644191024e-11
6.508197903427247e-08,0.0,0.7278118233461639,0.7278118257309054,-3.959999048674945e-07,2.8147498644191024e-11
6.518197903427246e-08,0.0,0.7120853120176769,0.7120853143508888,-3.959999048674945e-07,-2.8147498644191024e-11
6.528197903427245e-08,0.0,0.6966986181401182,0.6966986204229144,-3.959999048674945e-07,2.8147498644191024e-11
6.538197903427245e-08,0.0,0.6816443989597428,0.6816444011932123,-3.959999048674945e-07,-2.8147498644191024e-11
6.548197903427244e-08,0.0,0.6669154703845586,0.6669154725697676,-3.959999048674945e-07,2.8147498644191024e-11
6.558197903427244e-08,0.0,0.652504803555974,0.652504805693965,-3.959999048674945e-07,-2.8147498644191024e-11
6.568197903427243e-08,0.0,0.6384055214945243,0.638405523586318,-3.959999048674945e-07,2.8147498644191024e-11
6.578197903427243e-08,0.0,0.6246108958180778,0.6246108978646719,-3.959999048674945e-07,-2.8147498644191024e-11
6.588197903427242e-08,0.0,0.6111143435309524,0.611114345533324,-3.959999048674945e-07,2.8147498644191024e-11
6.598197903427241e-08,0.0,0.5979094238824164,0.5979094258415206,-3.959999048674945e-07,-2.8147498644191024e-11
6.608197903427241e-08,0.0,0.5849898352930677,0.5849898372098401,-3.959999048674945e-07,2.8147498644191024e-11
6.61819790342724e-08,0.0,0.5723494123476294,0.5723494142229839,-3.959999048674945e-07,-2.8147498644191024e-11
6.62819790342724e-08,0.0,0.5599821228527224,0.5599821246875547,-3.959999048674945e-07,2.8147498644191024e-11
6.638197903427239e-08,0.0,0.5478820649582177,0.5478820667534028,-3.959999048674945e-07,-2.8147498644191024e-11
6.648197903427238e-08,0.0,0.5360434643407853,0.5360434660971805,-3.959999048674945e-07,2.8147498644191024e-11
6.658197903427238e-08,0.0,0.5244606714483053,0.524460673166748,-3.959999048674945e-07,-2.8147498644191024e-11
6.668197903427237e-08,0.0,0.5131281588038179,0.5131281604851289,-3.959999048674945e-07,2.8147498644191024e-11
6.678197903427237e-08,0.0,0.5020405183677324,0.5020405200127135,-3.959999048674945e-07,-2.8147498644191024e-11
6.688197903427236e-08,0.0,0.49119245895703134,0.49119246056646804,-3.959999048674945e-07,2.8147498644191024e-11
6.698197903427236e-08,0.0,0.480578803720242,0.4805788052949018,-3.959999048674945e-07,-2.8147498644191024e-11
6.708197903427235e-08,0.0,0.4701944876669665,0.47019448920760143,-3.959999048674945e-07,2.8147498644191024e-11
6.718197903427234e-08,0.0,0.46003455525079606,0.4600345567581408,-3.959999048674945e-07,-2.8147498644191024e-11
6.728197903427234e-08,0.0,0.4500941580044514,0.4500941594792258,-3.959999048674945e-07,2.8147498644191024e-11
6.738197903427233e-08,0.0,0.44036855222602456,0.4403685536689319,-3.959999048674945e-07,-2.8147498644191024e-11
6.748197903427233e-08,0.0,0.4308530967152143,0.4308530981269436,-3.959999048674945e-07,2.8147498644191024e-11
6.758197903427232e-08,0.0,0.4215432505584793,0.4215432519397038,-3.959999048674945e-07,-2.8147498644191024e-11
6.768197903427232e-08,0.0,0.41243457096204716,0.4124345723134265,-3.959999048674945e-07,2.8147498644191024e-11
6.778197903427231e-08,0.0,0.40352271113174953,0.40352271245392807,-3.959999048674945e-07,-2.8147498644191024e-11
6.78819790342723e-08,0.0,0.3948034181986679,0.39480341949227715,-3.959999048674945e-07,2.8147498644191024e-11
6.79819790342723e-08,0.0,0.38627253118960414,0.38627253245526094,-3.959999048674945e-07,-2.8147498644191024e-11
6.80819790342723e-08,0.0,0.3779259790414021,0.3779259802797109,-3.959999048674945e-07,2.8147498644191024e-11
6.818197903427229e-08,0.0,0.3697597786581785,0.3697597798697298,-3.959999048674945e-07,-2.8147498644191024e-11
6.828197903427228e-08,0.0,0.3617700330105304,0.3617700341959028,-3.959999048674945e-07,2.8147498644191024e-11
6.838197903427228e-08,0.0,0.3539529292758179,0.3539529304355766,-3.959999048674945e-07,-2.8147498644191024e-11
6.848197903427227e-08,0.0,0.3463047370186279,0.3463047381533269,-3.959999048674945e-07,2.8147498644191024e-11
6.858197903427226e-08,0.0,0.33882180641055804,0.33882180752073826,-3.959999048674945e-07,-2.8147498644191024e-11
6.868197903427226e-08,0.0,0.3315005664884637,0.33150056757465546,-3.959999048674945e-07,2.8147498644191024e-11
6.878197903427225e-08,0.0,0.3243375234503444,0.3243375245130655,-3.959999048674945e-07,-2.8147498644191024e-11
6.888197903427225e-08,0.0,0.31732925898804887,0.31732926002780704,-3.959999048674945e-07,2.8147498644191024e-11
6.898197903427224e-08,0.0,0.3104724286560106,0.31047242967330146,-3.959999048674945e-07,-2.8147498644191024e-11
6.908197903427224e-08,0.0,0.30376376027522844,0.30376376127053806,-3.959999048674945e-07,2.8147498644191024e-11
6.918197903427223e-08,0.0,0.2972000523717363,0.29720005334553906,-3.959999048674945e-07,-2.8147498644191024e-11
6.928197903427222e-08,0.0,0.29077817264881217,0.2907781736015733,-3.959999048674945e-07,2.8147498644191024e-11
6.938197903427222e-08,0.0,0.28449505649220186,0.2844950574243756,-3.959999048674945e-07,-2.8147498644191024e-11
6.948197903427221e-08,0.0,0.27834770550763943,0.27834770641967105,-3.959999048674945e-07,2.8147498644191024e-11
6.958197903427221e-08,0.0,0.272333186089971,0.2723331869822952,-3.959999048674945e-07,-2.8147498644191024e-11
6.96819790342722e-08,0.0,0.2664486280231945,0.26644862889623777,-3.959999048674945e-07,2.8147498644191024e-11
6.97819790342722e-08,0.0,0.26069122311075255,0.2606912239649308,-3.959999048674945e-07,-2.8147498644191024e-11
6.988197903427219e-08,0.0,0.2550582238354185,0.25505822467114,-3.959999048674945e-07,2.8147498644191024e-11
6.998197903427218e-08,0.0,0.24954694204814304,0.24954694286580603,-3.959999048674945e-07,-2.8147498644191024e-11
7.008197903427218e-08,0.0,0.2441547476852288,0.2441547484852241,-3.959999048674945e-07,2.8147498644191024e-11
7.018197903427217e-08,0.0,0.23887906751322735,0.2388790682959361,-3.959999048674945e-07,-2.8147498644191024e-11
7.028197903427217e-08,0.0,0.2337173839009532,0.23371738466674952,-3.959999048674945e-07,2.8147498644191024e-11
7.038197903427216e-08,0.0,0.22866723361803531,0.2286672343672841,-3.959999048674945e-07,-2.8147498644191024e-11
7.048197903427216e-08,0.0,0.22372620665942616,0.22372620739248547,-3.959999048674945e-07,2.8147498644191024e-11
7.058197903427215e-08,0.0,0.21889194509531387,0.21889194581253302,-3.959999048674945e-07,-2.8147498644191024e-11
7.068197903427214e-08,0.0,0.21416214194588246,0.21416214264760425,-3.959999048674945e-07,2.8147498644191024e-11
7.078197903427214e-08,0.0,0.2095345400803889,0.20953454076694766,-3.959999048674945e-07,-2.8147498644191024e-11
7.088197903427213e-08,0.0,0.20500693114002635,0.20500693181175028,-3.959999048674945e-07,2.8147498644191024e-11
7.098197903427213e-08,0.0,0.20057715448406438,0.20057715514127347,-3.959999048674945e-07,-2.8147498644191024e-11
7.108197903427212e-08,0.0,0.19624309615875857,0.196243096801767,-3.959999048674945e-07,2.8147498644191024e-11
7.118197903427212e-08,0.0,0.19200268788849686,0.19200268851761093,-3.959999048674945e-07,-2.8147498644191024e-11
7.128197903427211e-08,0.0,0.1878539060888803,0.18785390670440077,-3.959999048674945e-07,2.8147498644191024e-11
7.13819790342721e-08,0.0,0.18379477090103863,0.1837947715032587,-3.959999048674945e-07,-2.8147498644191024e-11
7.14819790342721e-08,0.0,0.1798233452467179,0.1798233458359255,-3.959999048674945e-07,2.8147498644191024e-11
7.158197903427209e-08,0.0,0.1759377339039279,0.17593773448040365,-3.959999048674945e-07,-2.8147498644191024e-11
7.168197903427209e-08,0.0,0.17213608260251329,0.1721360831665329,-3.959999048674945e-07,2.8147498644191024e-11
7.178197903427208e-08,0.0,0.16841657713927047,0.1684165776911025,-3.959999048674945e-07,-2.8147498644191024e-11
7.188197903427208e-08,0.0,0.16477744251218185,0.1647774430520902,-3.959999048674945e-07,2.8147498644191024e-11
7.198197903427207e-08,0.0,0.16121694207336051,0.1612169426016023,-3.959999048674945e-07,-2.8147498644191024e-11
7.208197903427206e-08,0.0,0.1577333767002954,0.15773337721712324,-3.959999048674945e-07,2.8147498644191024e-11
7.218197903427206e-08,0.0,0.15432508398500672,0.1543250844906667,-3.959999048674945e-07,-2.8147498644191024e-11
7.228197903427205e-08,0.0,0.15099043744071916,0.15099043793545316,-3.959999048674945e-07,2.8147498644191024e-11
7.238197903427205e-08,0.0,0.1477278457256805,0.14772784620972404,-3.959999048674945e-07,-2.8147498644191024e-11
7.248197903427204e-08,0.0,0.1445357518837485,0.14453575235733315,-3.959999048674945e-07,2.8147498644191024e-11
7.258197903427204e-08,0.0,0.14141263260139036,0.14141263306474153,-3.959999048674945e-07,-2.8147498644191024e-11
7.268197903427203e-08,0.0,0.13835699748073402,0.13835699793407338,-3.959999048674945e-07,2.8147498644191024e-11
7.278197903427202e-08,0.0,0.13536738832832998,0.13536738877187335,-3.959999048674945e-07,-2.8147498644191024e-11
7.288197903427202e-08,0.0,0.1324423784592788,0.1324423788932384,-3.959999048674945e-07,2.8147498644191024e-11
7.298197903427201e-08,0.0,0.12958057201639794,0.12958057244098029,-3.959999048674945e-07,-2.8147498644191024e-11
7.308197903427201e-08,0.0,0.12678060330409674,0.126780603719505,-3.959999048674945e-07,2.8147498644191024e-11
7.3181979034272e-08,0.0,0.12404113613664819,0.12404113654308008,-3.959999048674945e-07,-2.8147498644191024e-11
7.3281979034272e-08,0.0,0.1213608632005404,0.1213608635981904,-3.959999048674945e-07,2.8147498644191024e-11
7.338197903427199e-08,0.0,0.1187385054306089,0.11873850581966623,-3.959999048674945e-07,-2.8147498644191024e-11
7.348197903427198e-08,0.0,0.1161728113996468,0.11617281178029769,-3.959999048674945e-07,2.8147498644191024e-11
7.358197903427198e-08,0.0,0.113662556721207,0.11366255709363252,-3.959999048674945e-07,-2.8147498644191024e-11
7.368197903427197e-08,0.0,0.11120654346530566,0.11120654382968412,-3.959999048674945e-07,2.8147498644191024e-11
7.378197903427197e-08,0.0,0.10880359958675416,0.10880359994325887,-3.959999048674945e-07,-2.8147498644191024e-11
7.388197903427196e-08,0.0,0.1064525783658406,0.10645257871464225,-3.959999048674945e-07,2.8147498644191024e-11
7.398197903427196e-08,0.0,0.10415235786110003,0.10415235820236451,-3.959999048674945e-07,-2.8147498644191024e-11
7.408197903427195e-08,0.0,0.10190184037390616,0.10190184070779691,-3.959999048674945e-07,2.8147498644191024e-11
7.418197903427194e-08,0.0,0.09969995192463518,0.09969995225131097,-3.959999048674945e-07,-2.8147498644191024e-11
7.428197903427194e-08,0.0,0.09754564174014552,0.0975456420597628,-3.959999048674945e-07,2.8147498644191024e-11
7.438197903427193e-08,0.0,0.09543788175234659,0.09543788206505731,-3.959999048674945e-07,-2.8147498644191024e-11
7.448197903427193e-08,0.0,0.09337566610756498,0.09337566641351895,-3.959999048674945e-07,2.8147498644191024e-11
7.458197903427192e-08,0.0,0.09135801068653851,0.09135801098588116,-3.959999048674945e-07,-2.8147498644191024e-11
7.468197903427192e-08,0.0,0.0893839526348019,0.08938395292767666,-3.959999048674945e-07,2.8147498644191024e-11
7.478197903427191e-08,0.0,0.08745254990318838,0.08745255018973443,-3.959999048674945e-07,-2.8147498644191024e-11
7.48819790342719e-08,0.0,0.08556288079826851,0.08556288107862318,-3.959999048674945e-07,2.8147498644191024e-11
7.49819790342719e-08,0.0,0.08371404354250639,0.08371404381680289,-3.959999048674945e-07,-2.8147498644191024e-11
7.508197903427189e-08,0.0,0.08190515584391658,0.08190515611228638,-3.959999048674945e-07,2.8147498644191024e-11
7.518197903427189e-08,0.0,0.08013535447502318,0.08013535473759378,-3.959999048674945e-07,-2.8147498644191024e-11
7.528197903427188e-08,0.0,0.07840379486091373,0.07840379511781101,-3.959999048674945e-07,2.8147498644191024e-11
7.538197903427188e-08,0.0,0.07670965067619712,0.07670965092754309,-3.959999048674945e-07,-2.8147498644191024e-11
7.548197903427187e-08,0.0,0.07505211345066769,0.07505211369658288,-3.959999048674945e-07,2.8147498644191024e-11
7.558197903427186e-08,0.0,0.07343039218349307,0.07343039242409426,-3.959999048674945e-07,-2.8147498644191024e-11
7.568197903427186e-08,0.0,0.0718437129657355,0.07184371320113807,-3.959999048674945e-07,2.8147498644191024e-11
7.578197903427185e-08,0.0,0.0702913186110328,0.07029131884134852,-3.959999048674945e-07,-2.8147498644191024e-11
7.588197903427185e-08,0.0,0.06877246829425654,0.0687724685195959,-3.959999048674945e-07,2.8147498644191024e-11
7.598197903427184e-08,0.0,0.06728643719798104,0.067286437418451,-3.959999048674945e-07,-2.8147498644191024e-11
7.608197903427184e-08,0.0,0.06583251616658842,0.06583251638229475,-3.959999048674945e-07,2.8147498644191024e-11
7.618197903427183e-08,0.0,0.0644100113678508,0.06441001157889589,-3.959999048674945e-07,-2.8147498644191024e-11
7.628197903427182e-08,0.0,0.06301824396182197,0.06301824416830709,-3.959999048674945e-07,2.8147498644191024e-11
7.638197903427182e-08,0.0,0.0616565497768866,0.06165654997890973,-3.959999048674945e-07,-2.8147498644191024e-11
7.648197903427181e-08,0.0,0.06032427899280636,0.06032427919046446,-3.959999048674945e-07,2.8147498644191024e-11
7.658197903427181e-08,0.0,0.05902079583061783,0.059020796024004674,-3.959999048674945e-07,-2.8147498644191024e-11
7.66819790342718e-08,0.0,0.05774547824922807,0.0577454784384365,-3.959999048674945e-07,2.8147498644191024e-11
7.67819790342718e-08,0.0,0.056497717648568965,0.05649771783368871,-3.959999048674945e-07,-2.8147498644191024e-11
7.688197903427179e-08,0.0,0.05527691857916303,0.055276918760283004,-3.959999048674945e-07,2.8147498644191024e-11
7.698197903427178e-08,0.0,0.05408249845796778,0.054082498635173844,-3.959999048674945e-07,-2.8147498644191024e-11
7.708197903427178e-08,0.0,0.05291388729035705,0.052913887463734335,-3.959999048674945e-07,2.8147498644191024e-11
7.718197903427177e-08,0.0,0.0517705273981129,0.05177052756774358,-3.959999048674945e-07,-2.8147498644191024e-11
7.728197903427177e-08,0.0,0.05065187315329189,0.05065187331925748,-3.959999048674945e-07,2.8147498644191024e-11
7.738197903427176e-08,0.0,0.049557390717845,0.049557390880224136,-3.959999048674945e-07,-2.8147498644191024e-11
7.748197903427176e-08,0.0,0.04848655778886092,0.04848655794773166,-3.959999048674945e-07,2.8147498644191024e-11
7.758197903427175e-08,0.0,0.04743886334931699,0.04743886350475458,-3.959999048674945e-07,-2.8147498644191024e-11
7.768197903427174e-08,0.0,0.046413807424212916,0.0464138075762921,-3.959999048674945e-07,2.8147498644191024e-11
7.778197903427174e-08,0.0,0.045410900841977,0.04541090099076979,-3.959999048674945e-07,-2.8147498644191024e-11
7.788197903427173e-08,0.0,0.04442966500102484,0.0444296651466028,-3.959999048674945e-07,2.8147498644191024e-11
7.798197903427173e-08,0.0,0.04346963164136517,0.043469631783797216,-3.959999048674945e-07,-2.8147498644191024e-11
7.808197903427172e-08,0.0,0.04253034262113796,0.04253034276049262,-3.959999048674945e-07,2.8147498644191024e-11
7.818197903427172e-08,0.0,0.0416113496979839,0.04161134983432711,-3.959999048674945e-07,-2.8147498644191024e-11
7.828197903427171e-08,0.0,0.04071221431513517,0.04071221444853257,-3.959999048674945e-07,2.8147498644191024e-11
7.83819790342717e-08,0.0,0.039832507392131324,0.039832507522646,-3.959999048674945e-07,-2.8147498644191024e-11
7.84819790342717e-08,0.0,0.03897180912005427,0.03897180924774907,-3.959999048674945e-07,2.8147498644191024e-11
7.858197903427169e-08,0.0,0.038129708761190935,0.03812970888612624,-3.959999048674945e-07,-2.8147498644191024e-11
7.868197903427169e-08,0.0,0.03730580445302175,0.037305804575257735,-3.959999048674945e-07,2.8147498644191024e-11
7.878197903427168e-08,0.0,0.03649970301644747,0.036499703136041915,-3.959999048674945e-07,-2.8147498644191024e-11
7.888197903427168e-08,0.0,0.03571101976815696,0.03571101988516749,-3.959999048674945e-07,2.8147498644191024e-11
7.898197903427167e-08,0.0,0.0349393783370522,0.034939378451534095,-3.959999048674945e-07,-2.8147498644191024e-11
7.908197903427166e-08,0.0,0.03418441048463705,0.0341844105966455,-3.959999048674945e-07,2.8147498644191024e-11
7.918197903427166e-08,0.0,0.03344575592929,0.03344575603887791,-3.959999048674945e-07,-2.8147498644191024e-11
7.928197903427165e-08,0.0,0.03272306217433101,0.032723062281551224,-3.959999048674945e-07,2.8147498644191024e-11
7.938197903427165e-08,0.0,0.0320159843398065,0.032015984444709635,-3.959999048674945e-07,-2.8147498644191024e-11
7.948197903427164e-08,0.0,0.03132418499790613,0.031324185100542794,-3.959999048674945e-07,2.8147498644191024e-11
7.958197903427164e-08,0.0,0.030647334011938844,0.030647334112357472,-3.959999048674945e-07,-2.8147498644191024e-11
7.968197903427163e-08,0.0,0.02998510837878536,0.029985108477034426,-3.959999048674945e-07,2.8147498644191024e-11
7.978197903427162e-08,0.0,0.029337192074757875,0.029337192170883705,-3.959999048674945e-07,-2.8147498644191024e-11
7.988197903427162e-08,0.0,0.028703275904787474,0.028703275998836496,-3.959999048674945e-07,2.8147498644191024e-11
7.998197903427161e-08,0.0,0.02808305735487326,0.0280830574468898,-3.959999048674945e-07,-2.8147498644191024e-11
8e-08,0.0,0.027972725883532445,0.027972725975187754,-3.9599763113074005e-07,2.8147498644191024e-11
8.000000056043488e-08,5.043913885422496e-07,0.0279727224590826,0.02797272255073776,-4.172325134277344e-07,-0.0035999999639550907
8.000000168130464e-08,1.5131741775381495e-06,0.02797271561018366,0.027972715701838794,-4.172325134277344e-07,-0.003600000048990677
8.000000392304417e-08,3.53073975552995e-06,0.02797270191239079,0.027972702004045884,-3.8743019104003906e-07,-0.003599999964015622
8.000000840652322e-08,7.565870899602148e-06,0.027972674516825346,0.02797267460848035,-4.023313522338867e-07,-0.0036000000278578765
8.000001737348133e-08,1.563613319965795e-05,0.027972619725775,0.027972619817429822,-3.948807716369629e-07,-0.0035999999748846587
8.000003530739756e-08,3.177665779976955e-05,0.027972510143995745,0.027972510235650207,-3.948807716369629e-07,-0.00360000002834209
8.000007117522999e-08,6.405770698808135e-05,0.027972290981724424,0.02797229107337817,-3.9674341678619385e-07,-0.0035999999731963547
8.000014291089485e-08,0.00012861980536470495,0.02797185266233309,0.027971852753985397,-3.9581209421157837e-07,-0.0036000000302789555
8.000028638222459e-08,0.0002577440021298635,0.027970976044157707,0.02797097613580715,-3.962777554988861e-07,-0.0035999999777342664
8.000057332488406e-08,0.0005159923956482693,0.027969222890221142,0.02796922298186483,-3.9604492485523224e-07,-0.003600000037694317
8.000114721020299e-08,0.0010324891826850808,0.027965716911991664,0.02796571700362387,-3.9604492485523224e-07,-0.0035999999932291634
8.000229498084086e-08,0.0020654827567706154,0.027958706273912195,0.02795870636552143,-3.9598671719431877e-07,-0.0036000000687671507
8.000459052211659e-08,0.004131469904929773,0.027944690269445842,0.02794469036100915,-3.9598671719431877e-07,-0.0036000000551672656
8.000918160466806e-08,0.008263444201248088,0.027916679334133294,0.027916679425604822,-3.960158210247755e-07,-0.0036000001927263773
8.001836376977098e-08,0.016527392793884717,0.027860741653812297,0.027860741745100545,-3.960085450671613e-07,-0.003600000303085724
8.003672809997686e-08,0.03305528997916989,0.027749202211337597,0.02774920230226037,-3.9600126910954714e-07,-0.0036000006885684825
8.00734567603886e-08,0.06611108434974024,0.027527460282415303,0.027527460372611525,-3.959994501201436e-07,-0.0036000012947595555
8.014691408121209e-08,0.13222267309088093,0.027089271038497308,0.027089271127257755,-3.9600035961484537e-07,-0.003600002671916144
8.024691408121209e-08,0.2222226730908758,0.026503927801541635,0.026503927888384154,-3.959999048674945e-07,-0.003600004416990368
8.034691408121208e-08,0.3122226730908706,0.025931232624773887,0.025931232709739915,-3.959999048674945e-07,-0.0036000062719161383
8.044691408121207e-08,0.40222267309086546,0.02537091220875665,0.025370912291886743,-3.959999048674945e-07,-0.0036000080169903796
8.054691408121207e-08,0.4922226730908603,0.024822699160451107,0.02482269924178493,-3.959999048674945e-07,-0.0036000098719161447
8.064691408121206e-08,0.5822226730908551,0.02428633186463013,0.024286331944206496,-3.959999048674945e-07,-0.0036000116169903687
8.074691408121206e-08,0.67222267309085,0.023761554359030965,0.02376155443688785,-3.959999048674945e-07,-0.003600013471916158
8.084691408121205e-08,0.7622226730908449,0.023248116212207785,0.02324811628838235,-3.959999048674945e-07,-0.0036000152169903613
8.094691408121205e-08,0.8522226730908397,0.022745772404022147,0.022745772478550728,-3.959999048674945e-07,-0.0036000170719161367
8.095084339278628e-08,0.8557590535076547,0.022726257710505293,0.02272625778496994,-3.960158210247755e-07,-0.0036000170877064086
8.095870201593478e-08,0.8628318143412966,0.022687278529758756,0.022687278604095674,-3.960085450671613e-07,-0.00360001728411119
8.097441926223176e-08,0.8769773360085804,0.022609520562864353,0.022609520636946497,-3.9600126910954714e-07,-0.0036000175120720623
8.097562180870428e-08,0.8780596278338515,0.022603582194953398,0.02260358226901608,-3.9598671719431877e-07,-0.0036000175887043184
8.097802690164931e-08,0.8802242114843817,0.022591710137713113,0.0225917102117369,-3.9598671719431877e-07,-0.003600017576969705
8.098283708753938e-08,0.8845533787854419,0.022567984724820928,0.022567984798766972,-3.9600126910954714e-07,-0.003600017718578652
8.099245745931952e-08,0.8932117133875626,0.02252060860794145,0.02252060868173227,-3.9600126910954714e-07,-0.0036000178367193714
8.099335714973811e-08,0.8940214347643015,0.022516183116955538,0.02251618319073185,-3.9604492485523224e-07,-0.0036000179079413996
8.099515653057531e-08,0.8956408775177794,0.022507334743660835,0.022507334817408162,-3.960158210247755e-07,-0.003600017885303064
8.099875529224971e-08,0.8988797630247352,0.022489648426655816,0.02248964850034518,-3.960158210247755e-07,-0.0036000180051076747
8.099928014847437e-08,0.8993521336269344,0.02248707015282235,0.022487070226503272,-3.959285095334053e-07,-0.0036000179596040738
8.099960798555965e-08,0.8996471870036877,0.022485459854555842,0.022485459928231484,-3.9604492485523224e-07,-0.003600018020382123
8.099978470183021e-08,0.8998062316471902,0.02248459189228229,0.0224845919659551,-3.9604492485523224e-07,-0.0036000179686936917
8.099991780476864e-08,0.8999260242917724,0.02248393816403155,0.02248393823770221,-3.962777554988861e-07,-0.0036000180260487014
8.100002682242682e-08,0.9000241401841405,0.022504836827809536,0.022504831004767425,-3.9581209421157837e-07,-0.003600017973084846
8.100013985780964e-08,0.9001258720286747,0.02254872509165422,0.022548719266592684,-3.9581209421157837e-07,-0.0036000180296227313
8.100021783566051e-08,0.9001960520944615,0.022579000929830412,0.022578995107030368,-3.9581209421157837e-07,-0.003600017976609138
8.100032633811804e-08,0.9002937043062388,0.022621127457270615,0.022621121632447266,-3.9581209421157837e-07,-0.0036000180334525567
8.100054334303309e-08,0.9004890087297814,0.022705377514717427,0.022705371692330868,-3.9604492485523224e-07,-0.0036000179820376843
8.10009773528632e-08,0.9008796175768785,0.02287386565136849,0.02287385982737356,-3.9604492485523224e-07,-0.003600018045386122
8.100184537252342e-08,0.9016608352710728,0.023210794006583543,0.023210788185852878,-3.9598671719431877e-07,-0.00360001800547316
8.100358141184383e-08,0.9032232706594493,0.02388445910075475,0.02388445328007119,-3.9598671719431877e-07,-0.00360001809220023
8.100705349048467e-08,0.9063481414362023,0.025231023176874662,0.025231017362763425,-3.9600126910954714e-07,-0.003600018099218616
8.101399764776636e-08,0.9125978829897204,0.027921089794900947,0.027921083987443796,-3.9600126910954714e-07,-0.0036000182797060187
8.102788596232972e-08,0.9250973660967445,0.03328900006763547,0.033288994279926924,-3.9599763113074005e-07,-0.0036000184741967756
8.105566259145645e-08,0.9500963323108047,0.04397611361196878,0.04397610785711737,-3.959994501201436e-07,-0.0036000190296781587
8.11112158497099e-08,1.0000942647389133,0.06515698141641466,0.06515697573312443,-3.959994501201436e-07,-0.003600019974133034
8.12112158497099e-08,1.0900942647389082,0.10264335826900503,0.10264335270638217,-3.959999048674945e-07,-0.0036000218296371733
8.13112158497099e-08,1.1800942647389032,0.1393197318863608,0.13931972644607152,-3.959999048674945e-07,-0.0036000235741330405
8.141121584970989e-08,1.2700942647388977,0.17520360476988373,0.17520359944501107,-3.959999048674945e-07,-0.003600025429637138
8.151121584970988e-08,1.3600942647388927,0.2103121012218921,0.21031209601421574,-3.959999048674945e-07,-0.003600027174133061
8.161121584970988e-08,1.4500942647388875,0.24466197552957308,0.2446619704322871,-3.959999048674945e-07,-0.0036000290296371307
8.171121584970987e-08,1.5400942647388824,0.27826961994831934,0.278269614963312,-3.959999048674945e-07,-0.003600030774133081
8.181121584970987e-08,1.6300942647388774,0.31115107253688323,0.31115106765745476,-3.959999048674945e-07,-0.0036000326296371232
8.191121584970986e-08,1.7200942647388722,0.34332202479950347,0.34332202002764617,-3.959999048674945e-07,-0.00360003437413306
8.2e-08,1.8,0.3713014544878005,0.3713014498054602,-3.959999048674945e-07,-0.0036000360277518573
8.200039513660117e-08,1.8,0.37142475966034527,0.371424754979489,-3.9598671719431877e-07,-3.5999995873226e-08
8.200118540980349e-08,1.8,0.3716713487222166,0.37167134404216834,-3.9598671719431877e-07,-3.5999995873226e-08
8.200276595620813e-08,1.8,0.3721643991644692,0.3721643944860365,-3.9598671719431877e-07,-3.599999942593968e-08
8.200592704901741e-08,1.8,0.3731499895453542,0.37314998487015094,-3.9600126910954714e-07,-3.599999942593968e-08
8.201224923463598e-08,1.8,0.3751191300462512,0.3751191253774999,-3.9600126910954714e-07,-3.599999987002889e-08
8.202489360587313e-08,1.8,0.37904926404631073,0.37904925939043693,-3.9599763113074005e-07,-3.599999987002889e-08
8.20501823483474e-08,1.8,0.3868770563042484,0.38687705167402303,-3.959994501201436e-07,-3.599999987002889e-08
8.210075983329597e-08,1.8,0.40240363002839685,0.40240362544904584,-3.959994501201436e-07,-3.599999992554004e-08
8.220075983329596e-08,1.8,0.43260280289016,0.4326027984097592,-3.959999048674945e-07,-3.600000003656234e-08
8.230075983329596e-08,1.8,0.46214943393176466,0.4621494295481761,-3.959999048674945e-07,-3.600000003656234e-08
8.240075983329595e-08,1.8,0.49105762325955016,0.49105761897068184,-3.959999048674945e-07,-3.600000003656234e-08
8.250075983329594e-08,1.8,0.5193411662812354,0.5193411620850407,-3.959999048674945e-07,-3.600000003656234e-08
8.260075983329594e-08,1.8,0.5470135603142521,0.5470135562087284,-3.959999048674945e-07,-3.600000003656234e-08
8.270075983329593e-08,1.8,0.5740880110268598,0.5740880070100481,-3.959999048674945e-07,-3.600000003656234e-08
8.280075983329593e-08,1.8,0.6005774387400828,0.6005774348100661,-3.959999048674945e-07,-3.600000003656234e-08
8.290075983329592e-08,1.8,0.6264944845934752,0.6264944807483781,-3.959999048674945e-07,-3.600000003656234e-08
8.300075983329591e-08,1.8,0.6518515165776564,0.6518515128156438,-3.959999048674945e-07,-3.600000003656234e-08
8.310075983329591e-08,1.8,0.676660635436495,0.6766606317557718,-3.959999048674945e-07,-3.600000003656234e-08
8.32007598332959e-08,1.8,0.7009336804417604,0.7009336768405701,-3.959999048674945e-07,-3.600000003656234e-08
8.33007598332959e-08,1.8,0.7246822350429947,0.7246822315196186,-3.959999048674945e-07,-3.600000003656234e-08
8.340075983329589e-08,1.8,0.7479176323953032,0.74791762894806,-3.959999048674945e-07,-3.600000003656234e-08
8.350075983329589e-08,1.8,0.7706509607677001,0.7706509573949448,-3.959999048674945e-07,-3.600000003656234e-08
8.360075983329588e-08,1.8,0.7928930688345925,0.7928930655347154,-3.959999048674945e-07,-3.600000003656234e-08
8.370075983329587e-08,1.8,0.8146545708529246,0.8146545676243511,-3.959999048674945e-07,-3.600000003656234e-08
8.380075983329587e-08,1.8,0.835945851727455,0.8359458485686442,-3.959999048674945e-07,-3.600000003656234e-08
8.390075983329586e-08,1.8,0.8567770719665848,0.8567770688760294,-3.959999048674945e-07,-3.600000003656234e-08
8.400075983329586e-08,1.8,0.8771581725310997,0.8771581695073248,-3.959999048674945e-07,-3.600000003656234e-08
8.410075983329585e-08,1.8,0.8970988795781404,0.8970988766197031,-3.959999048674945e-07,-3.600000003656234e-08
8.420075983329585e-08,1.8,0.9166087091026659,0.9166087062081543,-3.959999048674945e-07,-3.600000003656234e-08
8.430075983329584e-08,1.8,0.9356969714786247,0.9356969686466576,-3.959999048674945e-07,-3.600000003656234e-08
8.440075983329583e-08,1.8,0.9543727759020009,0.9543727731312267,-3.959999048674945e-07,-3.600000003656234e-08
8.450075983329583e-08,1.8,0.9726450347378542,0.9726450320269509,-3.959999048674945e-07,-3.600000003656234e-08
8.460075983329582e-08,1.8,0.9905224677734299,0.9905224651211034,-3.959999048674945e-07,-3.600000003656234e-08
8.470075983329582e-08,1.8,1.008013606379368,1.008013603784353,-3.959999048674945e-07,-3.600000003656234e-08
8.480075983329581e-08,1.8,1.0251267975819753,1.025126795043033,-3.959999048674945e-07,-3.600000003656234e-08
8.49007598332958e-08,1.8,1.041870208044586,1.0418702055605051,-3.959999048674945e-07,-3.600000003656234e-08
8.50007598332958e-08,1.8,1.0582518279648185,1.0582518255344133,-3.959999048674945e-07,-3.600000003656234e-08
8.51007598332958e-08,1.8,1.0742794748895723,1.074279472511683,-3.959999048674945e-07,-3.600000003656234e-08
8.520075983329579e-08,1.8,1.0899607974446939,1.089960795118186,-3.959999048674945e-07,-3.600000003656234e-08
8.530075983329578e-08,1.8,1.1053032789850121,1.1053032767087754,-3.959999048674945e-07,-3.600000003656234e-08
8.540075983329578e-08,1.8,1.1203142411655025,1.1203142389384504,-3.959999048674945e-07,-3.600000003656234e-08
8.550075983329577e-08,1.8,1.1350008474352882,1.1350008452563582,-3.959999048674945e-07,-3.600000003656234e-08
8.560075983329577e-08,1.8,1.1493701064561423,1.1493701043242945,-3.959999048674945e-07,-3.600000003656234e-08
8.570075983329576e-08,1.8,1.1634288754471223,1.1634288733613392,-3.959999048674945e-07,-3.600000003656234e-08
8.580075983329575e-08,1.8,1.1771838634569347,1.1771838614162211,-3.959999048674945e-07,-3.600000003656234e-08
8.590075983329575e-08,1.8,1.190641634565592,1.1906416325689742,-3.959999048674945e-07,-3.600000003656234e-08
8.600075983329574e-08,1.8,1.2038086110168833,1.2038086090634081,-3.959999048674945e-07,-3.600000003656234e-08
8.610075983329574e-08,1.8,1.2166910762831662,1.2166910743719017,-3.959999048674945e-07,-3.600000003656234e-08
8.620075983329573e-08,1.8,1.2292951780639298,1.2292951761939637,-3.959999048674945e-07,-3.600000003656234e-08
8.630075983329573e-08,1.8,1.241626931219565,1.241626929390005,-3.959999048674945e-07,-3.600000003656234e-08
8.640075983329572e-08,1.8,1.2536922206417445,1.2536922188517177,-3.959999048674945e-07,-3.600000003656234e-08
8.650075983329571e-08,1.8,1.2654968040617776,1.2654968023104294,-3.959999048674945e-07,-3.600000003656234e-08
8.660075983329571e-08,1.8,1.2770463147982838,1.2770463130847787,-3.959999048674945e-07,-3.600000003656234e-08
8.67007598332957e-08,1.8,1.288346264445495,1.2883462627690152,-3.959999048674945e-07,-3.600000003656234e-08
8.68007598332957e-08,1.8,1.2994020455034665,1.299402043863212,-3.959999048674945e-07,-3.600000003656234e-08
8.690075983329569e-08,1.8,1.3102189339514583,1.3102189323466462,-3.959999048674945e-07,-3.600000003656234e-08
8.700075983329569e-08,1.8,1.320802091765707,1.3208020901955717,-3.959999048674945e-07,-3.600000003656234e-08
8.710075983329568e-08,1.8,1.3311565693827974,1.3311565678465893,-3.959999048674945e-07,-3.600000003656234e-08
8.720075983329567e-08,1.8,1.3412873081098038,1.34128730660679,-3.959999048674945e-07,-3.600000003656234e-08
8.730075983329567e-08,1.8,1.3511991424823524,1.3511991410118158,-3.959999048674945e-07,-3.600000003656234e-08
8.740075983329566e-08,1.8,1.3608968025717334,1.360896801132972,-3.959999048674945e-07,-3.600000003656234e-08
8.750075983329566e-08,1.8,1.370384916242159,1.3703849148344864,-3.959999048674945e-07,-3.600000003656234e-08
8.760075983329565e-08,1.8,1.3796680113592479,1.379668009981992,-3.959999048674945e-07,-3.600000003656234e-08
8.770075983329565e-08,1.8,1.3887505179507875,1.3887505166032914,-3.959999048674945e-07,-3.600000003656234e-08
8.780075983329564e-08,1.8,1.3976367703208084,1.3976367690024287,-3.959999048674945e-07,-3.600000003656234e-08
8.790075983329563e-08,1.8,1.4063310091179768,1.4063310078280846,-3.959999048674945e-07,-3.600000003656234e-08
8.800075983329563e-08,1.8,1.4148373833592944,1.4148373820972744,-3.959999048674945e-07,-3.600000003656234e-08
8.810075983329562e-08,1.8,1.4231599524100682,1.4231599511753177,-3.959999048674945e-07,-3.600000003656234e-08
8.820075983329562e-08,1.8,1.4313026879210984,1.431302686713028,-3.959999048674945e-07,-3.600000003656234e-08
8.830075983329561e-08,1.8,1.4392694757240103,1.439269474542044,-3.959999048674945e-07,-3.600000003656234e-08
8.84007598332956e-08,1.8,1.447064117685628,1.4470641165292015,-3.959999048674945e-07,-3.600000003656234e-08
8.85007598332956e-08,1.8,1.4546903335222792,1.4546903323908407,-3.959999048674945e-07,-3.600000003656234e-08
8.86007598332956e-08,1.8,1.4621517625748992,1.462151761467909,-3.959999048674945e-07,-3.600000003656234e-08
8.870075983329559e-08,1.8,1.4694519655457787,1.4694519644627082,-3.959999048674945e-07,-3.600000003656234e-08
8.880075983329558e-08,1.8,1.47659442619778,1.4765944251381122,-3.959999048674945e-07,-3.600000003656234e-08
8.890075983329558e-08,1.8,1.4835825530168398,1.4835825519800694,-3.959999048674945e-07,-3.600000003656234e-08
8.900075983329557e-08,1.8,1.4904196808385493,1.490419679824181,-3.959999048674945e-07,-3.600000003656234e-08
8.910075983329557e-08,1.8,1.4971090724395855,1.4971090714471358,-3.959999048674945e-07,-3.600000003656234e-08
8.920075983329556e-08,1.8,1.5036539200947563,1.5036539191237515,-3.959999048674945e-07,-3.600000003656234e-08
8.930075983329555e-08,1.8,1.5100573471003984,1.510057346150375,-3.959999048674945e-07,-3.600000003656234e-08
8.940075983329555e-08,1.8,1.5163224092648617,1.5163224083353664,-3.959999048674945e-07,-3.600000003656234e-08
8.950075983329554e-08,1.8,1.5224520963667851,1.5224520954573744,-3.959999048674945e-07,-3.600000003656234e-08
8.960075983329554e-08,1.8,1.5284493335818605,1.5284493326921003,-3.959999048674945e-07,-3.600000003656234e-08
8.970075983329553e-08,1.8,1.5343169828787713,1.5343169820082367,-3.959999048674945e-07,-3.600000003656234e-08
8.980075983329553e-08,1.8,1.540057844384966,1.540057843533242,-3.959999048674945e-07,-3.600000003656234e-08
8.990075983329552e-08,1.8,1.545674657722917,1.5456746568895972,-3.959999048674945e-07,-3.600000003656234e-08
9.000075983329551e-08,1.8,1.5511701033175092,1.5511701025021956,-3.959999048674945e-07,-3.600000003656234e-08
9.010075983329551e-08,1.8,1.5565468036751784,1.5565468028774818,-3.959999048674945e-07,-3.600000003656234e-08
9.02007598332955e-08,1.8,1.5618073246354096,1.5618073238549497,-3.959999048674945e-07,-3.600000003656234e-08
9.03007598332955e-08,1.8,1.5669541765951915,1.5669541758315957,-3.959999048674945e-07,-3.600000003656234e-08
9.040075983329549e-08,1.8,1.571989815707016,1.57198981495992,-3.959999048674945e-07,-3.600000003656234e-08
9.050075983329549e-08,1.8,1.5769166450509884,1.5769166443200355,-3.959999048674945e-07,-3.600000003656234e-08
9.060075983329548e-08,1.8,1.581737015781613,1.5817370150664545,-3.959999048674945e-07,-3.600000003656234e-08
9.070075983329547e-08,1.8,1.5864532282497978,1.5864532275500927,-3.959999048674945e-07,-3.600000003656234e-08
9.080075983329547e-08,1.8,1.5910675331006163,1.5910675324160302,-3.959999048674945e-07,-3.600000003656234e-08
9.090075983329546e-08,1.8,1.5955821323473467,1.5955821316775531,-3.959999048674945e-07,-3.600000003656234e-08
9.100075983329546e-08,1.8,1.5999991804223046,1.599999179766984,-3.959999048674945e-07,-3.600000003656234e-08
9.110075983329545e-08,1.8,1.6043207852049703,1.6043207845638097,-3.959999048674945e-07,-3.600000003656234e-08
9.120075983329545e-08,1.8,1.6085490090275165,1.60854900840021,-3.959999048674945e-07,-3.600000003656234e-08
9.130075983329544e-08,1.8,1.6126858696597557,1.612685869046004,-3.959999048674945e-07,-3.600000003656234e-08
9.140075983329543e-08,1.8,1.616733341272042,1.616733340671552,-3.959999048674945e-07,-3.600000003656234e-08
9.150075983329543e-08,1.8,1.620693355376602,1.6206933547890876,-3.959999048674945e-07,-3.600000003656234e-08
9.160075983329542e-08,1.8,1.624567801749669,1.6245678011748494,-3.959999048674945e-07,-3.600000003656234e-08
9.170075983329542e-08,1.8,1.6283585293333118,1.628358528770913,-3.959999048674945e-07,-3.600000003656234e-08
9.180075983329541e-08,1.8,1.6320673471177782,1.6320673465675315,-3.959999048674945e-07,-3.600000003656234e-08
9.19007598332954e-08,1.8,1.6356960250047696,1.6356960244664127,-3.959999048674945e-07,-3.600000003656234e-08
9.20007598332954e-08,1.8,1.639246294652065,1.639246294125341,-3.959999048674945e-07,-3.600000003656234e-08
9.21007598332954e-08,1.8,1.642719850299893,1.6427198497845503,-3.959999048674945e-07,-3.600000003656234e-08
9.220075983329539e-08,1.8,1.6461183495794476,1.6461183490752402,-3.959999048674945e-07,-3.600000003656234e-08
9.230075983329538e-08,1.8,1.6494434143039336,1.6494434138106213,-3.959999048674945e-07,-3.600000003656234e-08
9.240075983329538e-08,1.8,1.6526966312425202,1.6526966307598674,-3.959999048674945e-07,-3.600000003656234e-08
9.250075983329537e-08,1.8,1.65587955287757,1.6558795524053465,-3.959999048674945e-07,-3.600000003656234e-08
9.260075983329537e-08,1.8,1.6589936981455062,1.6589936976834863,-3.959999048674945e-07,-3.600000003656234e-08
9.270075983329536e-08,1.8,1.6620405531616702,1.6620405527096336,-3.959999048674945e-07,-3.600000003656234e-08
9.280075983329535e-08,1.8,1.6650215719295178,1.6650215714872487,-3.959999048674945e-07,-3.600000003656234e-08
9.290075983329535e-08,1.8,1.6679381770344923,1.6679381766017798,-3.959999048674945e-07,-3.600000003656234e-08
9.300075983329534e-08,1.8,1.670791760322901,1.6707917598995383,-3.959999048674945e-07,-3.600000003656234e-08
9.310075983329534e-08,1.8,1.6735836835661253,1.6735836831519109,-3.959999048674945e-07,-3.600000003656234e-08
9.320075983329533e-08,1.8,1.676315279110479,1.6763152787052147,-3.959999048674945e-07,-3.600000003656234e-08
9.330075983329533e-08,1.8,1.67898785051302,1.6789878501165127,-3.959999048674945e-07,-3.600000003656234e-08
9.340075983329532e-08,1.8,1.6816026731636298,1.6816026727756903,-3.959999048674945e-07,-3.600000003656234e-08
9.350075983329531e-08,1.8,1.6841609948936465,1.6841609945140896,-3.959999048674945e-07,-3.600000003656234e-08
9.360075983329531e-08,1.8,1.686664036571349,1.6866640361999934,-3.959999048674945e-07,-3.600000003656234e-08
9.37007598332953e-08,1.8,1.6891129926845707,1.6891129923212393,-3.959999048674945e-07,-3.600000003656234e-08
9.38007598332953e-08,1.8,1.6915090319107304,1.69150903155525,-3.959999048674945e-07,-3.600000003656234e-08
9.390075983329529e-08,1.8,1.6938532976745395,1.6938532973267402,-3.959999048674945e-07,-3.600000003656234e-08
9.400075983329529e-08,1.8,1.6961469086936614,1.6961469083533773,-3.959999048674945e-07,-3.600000003656234e-08
9.410075983329528e-08,1.8,1.6983909595125786,1.6983909591796473,-3.959999048674945e-07,-3.600000003656234e-08
9.420075983329527e-08,1.8,1.700586521024927,1.7005865206991895,-3.959999048674945e-07,-3.600000003656234e-08
9.430075983329527e-08,1.8,1.7027346409847448,1.7027346406660462,-3.959999048674945e-07,-3.600000003656234e-08
9.440075983329526e-08,1.8,1.7048363445060661,1.7048363441942538,-3.959999048674945e-07,-3.600000003656234e-08
9.450075983329526e-08,1.8,1.7068926345521218,1.7068926342470472,-3.959999048674945e-07,-3.600000003656234e-08
9.460075983329525e-08,1.8,1.7089044924143808,1.708904492115898,-3.959999048674945e-07,-3.600000003656234e-08
9.470075983329525e-08,1.8,1.7108728781806288,1.7108728778885958,-3.959999048674945e-07,-3.600000003656234e-08
9.480075983329524e-08,1.8,1.7127987311931359,1.712798730907413,-3.959999048674945e-07,-3.600000003656234e-08
9.490075983329523e-08,1.8,1.7146829704969244,1.7146829702173756,-3.959999048674945e-07,-3.600000003656234e-08
9.500075983329523e-08,1.8,1.716526495278351,1.7165264950048424,-3.959999048674945e-07,-3.600000003656234e-08
9.510075983329522e-08,1.8,1.7183301852942106,1.7183301850266122,-3.959999048674945e-07,-3.600000003656234e-08
9.520075983329522e-08,1.8,1.7200949012915703,1.720094901029754,-3.959999048674945e-07,-3.600000003656234e-08
9.530075983329521e-08,1.8,1.7218214854185283,1.7218214851623694,-3.959999048674945e-07,-3.600000003656234e-08
9.54007598332952e-08,1.8,1.7235107616261025,1.7235107613754785,-3.959999048674945e-07,-3.600000003656234e-08
9.55007598332952e-08,1.8,1.725163536061428,1.7251635358162196,-3.959999048674945e-07,-3.600000003656234e-08
9.56007598332952e-08,1.8,1.7267805974524646,1.7267805972125545,-3.959999048674945e-07,-3.600000003656234e-08
9.570075983329519e-08,1.8,1.7283627174843894,1.7283627172496634,-3.959999048674945e-07,-3.600000003656234e-08
9.580075983329518e-08,1.8,1.7299106511678555,1.7299106509382014,-3.959999048674945e-07,-3.600000003656234e-08
9.590075983329518e-08,1.8,1.731425137199294,1.7314251369746023,-3.959999048674945e-07,-3.600000003656234e-08
9.600075983329517e-08,1.8,1.7329068983134306,1.732906898093594,-3.959999048674945e-07,-3.600000003656234e-08
9.610075983329517e-08,1.8,1.7343566416281848,1.7343566414130984,-3.959999048674945e-07,-3.600000003656234e-08
9.620075983329516e-08,1.8,1.7357750589821181,1.7357750587716794,-3.959999048674945e-07,-3.600000003656234e-08
9.630075983329515e-08,1.8,1.7371628272645885,1.7371628270586967,-3.959999048674945e-07,-3.600000003656234e-08
9.640075983329515e-08,1.8,1.738520608738771,1.7385206085373281,-3.959999048674945e-07,-3.600000003656234e-08
9.650075983329514e-08,1.8,1.7398490513577016,1.7398490511606115,-3.959999048674945e-07,-3.600000003656234e-08
9.660075983329514e-08,1.8,1.7411487890734887,1.7411487888806572,-3.959999048674945e-07,-3.600000003656234e-08
9.670075983329513e-08,1.8,1.742420442139843,1.7424204419511784,-3.959999048674945e-07,-3.600000003656234e-08
9.680075983329513e-08,1.8,1.7436646174080734,1.7436646172234853,-3.959999048674945e-07,-3.600000003656234e-08
9.690075983329512e-08,1.8,1.7448819086166842,1.744881908436085,-3.959999048674945e-07,-3.600000003656234e-08
9.700075983329511e-08,1.8,1.7460728966747168,1.7460728964980197,-3.959999048674945e-07,-3.600000003656234e-08
9.710075983329511e-08,1.8,1.747238149938966,1.7472381497660872,-3.959999048674945e-07,-3.600000003656234e-08
9.72007598332951e-08,1.8,1.74837822448521,1.7483782243160664,-3.959999048674945e-07,-3.600000003656234e-08
9.73007598332951e-08,1.8,1.7494936643735763,1.7494936642080876,-3.959999048674945e-07,-3.600000003656234e-08
9.740075983329509e-08,1.8,1.7505850019081777,1.750585001746265,-3.959999048674945e-07,-3.600000003656234e-08
9.750075983329509e-08,1.8,1.7516527578911327,1.7516527577327186,-3.959999048674945e-07,-3.600000003656234e-08
9.760075983329508e-08,1.8,1.752697441871101,1.7526974417161096,-3.959999048674945e-07,-3.600000003656234e-08
9.770075983329507e-08,1.8,1.7537195523864466,1.7537195522348046,-3.959999048674945e-07,-3.600000003656234e-08
9.780075983329507e-08,1.8,1.7547195772031499,1.7547195770547845,-3.959999048674945e-07,-3.600000003656234e-08
9.790075983329506e-08,1.8,1.7556979935475743,1.7556979934024148,-3.959999048674945e-07,-3.600000003656234e-08
9.800075983329506e-08,1.8,1.7566552683342076,1.7566552681921845,-3.959999048674945e-07,-3.600000003656234e-08
9.810075983329505e-08,1.8,1.7575918583884778,1.7575918582495238,-3.959999048674945e-07,-3.600000003656234e-08
9.820075983329505e-08,1.8,1.7585082106647585,1.7585082105288068,-3.959999048674945e-07,-3.600000003656234e-08
9.830075983329504e-08,1.8,1.7594047624596625,1.7594047623266484,-3.959999048674945e-07,-3.600000003656234e-08
9.840075983329503e-08,1.8,1.760281941620725,1.760281941490585,-3.959999048674945e-07,-3.600000003656234e-08
9.850075983329503e-08,1.8,1.7611401667505788,1.7611401666232511,-3.959999048674945e-07,-3.600000003656234e-08
9.860075983329502e-08,1.8,1.7619798474067183,1.7619798472821417,-3.959999048674945e-07,-3.600000003656234e-08
9.870075983329502e-08,1.8,1.7628013842969448,1.76280138417506,-3.959999048674945e-07,-3.600000003656234e-08
9.880075983329501e-08,1.8,1.7636051694705919,1.7636051693513408,-3.959999048674945e-07,-3.600000003656234e-08
9.8900759833295e-08,1.8,1.7643915865056168,1.7643915863889426,-3.959999048674945e-07,-3.600000003656234e-08
9.9000759833295e-08,1.8,1.765161010691647,1.765161010577494,-3.959999048674945e-07,-3.600000003656234e-08
9.9100759833295e-08,1.8,1.765913809209077,1.7659138090973905,-3.959999048674945e-07,-3.600000003656234e-08
9.920075983329499e-08,1.8,1.7666503413042904,1.7666503411950172,-3.959999048674945e-07,-3.600000003656234e-08
9.930075983329498e-08,1.8,1.7673709584610986,1.7673709583541866,-3.959999048674945e-07,-3.600000003656234e-08
9.940075983329498e-08,1.8,1.7680760045684725,1.7680760044638706,-3.959999048674945e-07,-3.600000003656234e-08
9.950075983329497e-08,1.8,1.7687658160846524,1.768765815982311,-3.959999048674945e-07,-3.600000003656234e-08
9.960075983329497e-08,1.8,1.7694407221977104,1.76944072209758,-3.959999048674945e-07,-3.600000003656234e-08
9.970075983329496e-08,1.8,1.7701010449826438,1.770101044884677,-3.959999048674945e-07,-3.600000003656234e-08
9.980075983329495e-08,1.8,1.770747099555074,1.7707470994592243,-3.959999048674945e-07,-3.600000003656234e-08
9.990075983329495e-08,1.8,1.7713791942216246,1.7713791941278458,-3.959999048674945e-07,-3.600000003656234e-08
1.0000000000000001e-07,1.7999999999999972,1.7719929816073252,1.7719929815155575,-3.959999048674945e-07,-3.599999978676216e-08
1.0000043696066683e-07,1.799606735399861,1.7719956546063067,1.771995654514548,-3.9598671719431877e-07,0.003599964007847234
1.0000131088200046e-07,1.798820206199589,1.7720010000940458,1.7720010000023048,-3.9598671719431877e-07,0.0035999640235750974
1.0000305872466775e-07,1.7972471477990333,1.77201168800455,1.7720116879128438,-3.960158210247755e-07,0.003599964055089444
1.0000655441000231e-07,1.7941010309979217,1.772033051585398,1.7720330514937617,-3.960158210247755e-07,0.0035999641179582653
1.0001354578067144e-07,1.7878087973957104,1.772075729856209,1.7720757297647127,-3.960085450671613e-07,0.0035999642438446777
1.0002752852200969e-07,1.7752243301912878,1.7721608911715931,1.7721608910803759,-3.9600126910954714e-07,0.003599964495491381
1.0005549400468618e-07,1.7500553957824427,1.7723304358890342,1.7723304357983725,-3.959994501201436e-07,0.003599964998912575
1.0011142497003918e-07,1.6997175269647404,1.7726664369358933,1.7726664368463323,-3.9600035961484537e-07,0.003599966005629035
1.0021142497003918e-07,1.6097175269647455,1.7732570585744412,1.7732570584868155,-3.959999048674945e-07,0.003599967805669513
1.0031142497003917e-07,1.5197175269647507,1.7738349182070356,1.7738349181213033,-3.959999048674945e-07,0.003599969605628958
1.0041142497003917e-07,1.429717526964756,1.7744002914856485,1.7744002914017687,-3.959999048674945e-07,0.003599971405669533
1.0051142497003916e-07,1.339717526964761,1.7749534482146179,1.7749534481325506,-3.959999048674945e-07,0.0035999732056289785
1.0061142497003915e-07,1.249717526964766,1.7754946523683675,1.7754946522880735,-3.959999048674945e-07,0.0035999750056695395
1.0071142497003915e-07,1.1597175269647715,1.776024162217325,1.7760241621387658,-3.959999048674945e-07,0.003599976805628957
1.0081142497003914e-07,1.0697175269647765,1.7765422304512803,1.776542230374419,-3.959999048674945e-07,0.00359997860566956
1.0091142497003914e-07,0.9797175269647816,1.7770491042999723,1.7770491042247716,-3.959999048674945e-07,0.0035999804056289497
1.0093707516940153e-07,0.9566323475386306,1.777177339176637,1.7771773391018564,-3.959994501201436e-07,0.0035999808673723432
1.0098837556812632e-07,0.9104619886863167,1.7774316653879887,1.7774316653140414,-3.9600035961484537e-07,0.0035999817907414744
1.0100551145011725e-07,0.8950396948944801,1.7741534393795426,1.7741534451927103,-3.9599763113074005e-07,0.0035999820992233533
1.010257211581814e-07,0.8768509576367399,1.7663385187269989,1.766338524514574,-3.9599763113074005e-07,0.0035999824629622257
1.0103647787163216e-07,0.8671699155310587,1.7621930415725802,1.7621930473465583,-3.960085450671613e-07,0.0035999826566178728
1.0104988395581732e-07,0.8551044397644201,1.7570401511091902,1.757040156866298,-3.9600126910954714e-07,0.003599982897894427
1.0107669612418762e-07,0.8309734882311429,1.7467795074199404,1.7467795131434147,-3.959994501201436e-07,0.0035999833805463177
1.0113032046092824e-07,0.7827115851645885,1.7264374549975399,1.7264374606543755,-3.9600035961484537e-07,0.0035999843457514974
1.0123032046092823e-07,0.6927115851645937,1.689132704976618,1.6891327105112075,-3.959999048674945e-07,0.0035999861457846685
1.0133032046092823e-07,0.6027115851645988,1.6526340335265073,1.6526340389415193,-3.959999048674945e-07,0.0035999879457515246
1.0143032046092822e-07,0.512711585164604,1.6169240230345991,1.6169240283325903,-3.959999048674945e-07,0.003599989745784647
1.0153032046092822e-07,0.42271158516460905,1.5819856321653343,1.5819856373488603,-3.959999048674945e-07,0.003599991545751538
1.0163032046092821e-07,0.3327115851646143,1.5478021878083277,1.547802192879835,-3.959999048674945e-07,0.003599993345784633
1.017303204609282e-07,0.24271158516461955,1.5143573771276753,1.5143573820896112,-3.959999048674945e-07,0.003599995145751534
1.018303204609282e-07,0.15271158516462457,1.481635239777174,1.481635244631879,-3.959999048674945e-07,0.0035999969457846566
1.019303204609282e-07,0.06271158516462982,1.449620160277708,1.4496201650275264,-3.959999048674945e-07,0.0035999987457515144
1.0200000000000001e-07,0.0,1.4277224967593662,1.4277225014374215,-3.959994501201436e-07,0.0036000000000159767
1.0200000159363506e-07,0.0,1.427721999751285,1.4277220044293455,-4.023313522338867e-07,0.0
1.0200000478090517e-07,0.0,1.4277210057354737,1.427721010413531,-4.023313522338867e-07,0.0
1.0200001115544536e-07,0.0,1.4277190177059391,1.4277190223839897,-3.948807716369629e-07,0.0
1.0200002390452574e-07,0.0,1.4277150416552185,1.4277150463332562,-3.948807716369629e-07,0.0
1.020000494026865e-07,0.0,1.4277070895869801,1.4277070942649914,-3.948807716369629e-07,0.0
1.0200010039900803e-07,0.0,1.4276911855832815,1.427691190261241,-3.9581209421157837e-07,0.0
1.020002023916511e-07,0.0,1.4276593781074993,1.4276593827853548,-3.9581209421157837e-07,0.0
1.0200040637693722e-07,0.0,1.4275957652813895,1.4275957699590365,-3.9604492485523224e-07,0.0
1.0200081434750947e-07,0.0,1.4274685481319753,1.427468552809205,-3.9604492485523224e-07,0.0
1.0200163028865398e-07,0.0,1.4272141478427018,1.427214152519098,-3.9598671719431877e-07,0.0
1.0200326217094298e-07,0.0,1.4267054832679542,1.426705487942684,-3.9598671719431877e-07,0.0
1.0200652593552098e-07,0.0,1.4256886979029466,1.425688702574345,-3.9600126910954714e-07,0.0
1.0201305346467699e-07,0.0,1.4236573003218291,1.423657304986571,-3.960085450671613e-07,0.0
1.0202610852298902e-07,0.0,1.4196031822687183,1.4196031869201768,-3.9599763113074005e-07,0.0
1.0205221863961306e-07,0.0,1.4115295313885605,1.4115295360135647,-3.959994501201436e-07,0.0
1.0210443887286114e-07,0.0,1.3955195899602078,1.3955195945327543,-3.959994501201436e-07,0.0
1.0220443887286113e-07,0.0,1.3653652920809958,1.3653652965547387,-3.959999048674945e-07,0.0
1.0230443887286113e-07,0.0,1.3358625661750212,1.335862570552096,-3.959999048674945e-07,0.0
1.0240443887286112e-07,0.0,1.3069973332835034,1.3069973375659987,-3.959999048674945e-07,0.0
1.0250443887286112e-07,0.0,1.2787558184981584,1.2787558226881177,-3.959999048674945e-07,0.0
1.0260443887286111e-07,0.0,1.2511245445580395,1.2511245486574623,-3.959999048674945e-07,0.0
1.027044388728611e-07,0.0,1.224090325417992,1.2240903294288348,-3.959999048674945e-07,0.0
1.028044388728611e-07,0.0,1.1976402599560825,1.1976402638802592,-3.959999048674945e-07,0.0
1.0290443887286109e-07,0.0,1.1717617258169948,1.1717617296563783,-3.959999048674945e-07,0.0
1.0300443887286109e-07,0.0,1.1464423733884588,1.146442377144881,-3.959999048674945e-07,0.0
1.0310443887286108e-07,0.0,1.1216701199078365,1.1216701235830902,-3.959999048674945e-07,0.0
1.0320443887286108e-07,0.0,1.097433143696053,1.0974331472918921,-3.959999048674945e-07,0.0
1.0330443887286107e-07,0.0,1.0737198785161182,1.0737198820342586,-3.959999048674945e-07,0.0
1.0340443887286106e-07,0.0,1.0505190080535507,1.0505190114956713,-3.959999048674945e-07,0.0
1.0350443887286106e-07,0.0,1.0278194605160693,1.027819463883813,-3.959999048674945e-07,0.0
1.0360443887286105e-07,0.0,1.0056104033499722,1.0056104066449456,-3.959999048674945e-07,0.0
1.0370443887286105e-07,0.0,0.9838812380706847,0.9838812412944608,-3.959999048674945e-07,0.0
1.0380443887286104e-07,0.0,0.9626215952050097,0.9626215983591265,-3.959999048674945e-07,0.0
1.0390443887286104e-07,0.0,0.9418213293426629,0.9418213324286259,-3.959999048674945e-07,0.0
1.0400443887286103e-07,0.0,0.9214705142947375,0.9214705173140191,-3.959999048674945e-07,0.0
1.0410443887286102e-07,0.0,0.9015594383567813,0.9015594413108224,-3.959999048674945e-07,0.0
1.0420443887286102e-07,0.0,0.8820785996742304,0.8820786025644408,-3.959999048674945e-07,0.0
1.0430443887286101e-07,0.0,0.8630187017079869,0.8630187045357458,-3.959999048674945e-07,0.0
1.0440443887286101e-07,0.0,0.8443706487979752,0.8443706515646321,-3.959999048674945e-07,0.0
1.04504438872861e-07,0.0,0.8261255418225606,0.8261255445294358,-3.959999048674945e-07,0.0
1.04604438872861e-07,0.0,0.8082746739517597,0.8082746766001448,-3.959999048674945e-07,0.0
1.0470443887286099e-07,0.0,0.7908095264922148,0.790809529083374,-3.959999048674945e-07,0.0
1.0480443887286098e-07,0.0,0.7737217648226866,0.773721767357856,-3.959999048674945e-07,0.0
1.0490443887286098e-07,0.0,0.7570032344151449,0.7570032368955346,-3.959999048674945e-07,0.0
1.0500443887286097e-07,0.0,0.7406459569433429,0.7406459593701364,-3.959999048674945e-07,0.0
1.0510443887286097e-07,0.0,0.7246421264769507,0.7246421288513063,-3.959999048674945e-07,0.0
1.0520443887286096e-07,0.0,0.7089841057556818,0.7089841080787325,-3.959999048674945e-07,0.0
1.0530443887286096e-07,0.0,0.6936644225446811,0.6936644248175354,-3.959999048674945e-07,0.0
1.0540443887286095e-07,0.0,0.6786757660686664,0.678675768292409,-3.959999048674945e-07,0.0
1.0550443887286094e-07,0.0,0.6640109835231207,0.6640109856988129,-3.959999048674945e-07,0.0
1.0560443887286094e-07,0.0,0.6496630766608691,0.649663078789549,-3.959999048674945e-07,0.0
1.0570443887286093e-07,0.0,0.6356251984524139,0.6356252005350975,-3.959999048674945e-07,0.0
1.0580443887286093e-07,0.0,0.6218906498184336,0.6218906518561146,-3.959999048674945e-07,0.0
1.0590443887286092e-07,0.0,0.6084528764328833,0.6084528784265343,-3.959999048674945e-07,0.0
1.0600443887286092e-07,0.0,0.5953054655951766,0.5953054675457489,-3.959999048674945e-07,0.0
1.0610443887286091e-07,0.0,0.5824421431699511,0.5824421450783757,-3.959999048674945e-07,0.0
1.062044388728609e-07,0.0,0.5698567705929602,0.5698567724601475,-3.959999048674945e-07,0.0
1.063044388728609e-07,0.0,0.5575433419416607,0.557543343768502,-3.959999048674945e-07,0.0
1.0640443887286089e-07,0.0,0.5454959810690994,0.5454959828564663,-3.959999048674945e-07,0.0
1.0650443887286089e-07,0.0,0.5337089387997308,0.5337089405484765,-3.959999048674945e-07,0.0
1.0660443887286088e-07,0.0,0.5221765901858271,0.5221765918967859,-3.959999048674945e-07,0.0
1.0670443887286088e-07,0.0,0.5108934318231708,0.5108934334971595,-3.959999048674945e-07,0.0
1.0680443887286087e-07,0.0,0.49985407922475145,0.49985408086256855,-3.959999048674945e-07,0.0
1.0690443887286086e-07,0.0,0.48905326425120865,0.489053265853636,-3.959999048674945e-07,0.0
1.0700443887286086e-07,0.0,0.4784858325968011,0.4784858341646033,-3.959999048674945e-07,0.0
1.0710443887286085e-07,0.0,0.46814674132969586,0.4681467428636211,-3.959999048674945e-07,0.0
1.0720443887286085e-07,0.0,0.45803105648540865,0.45803105798618887,-3.959999048674945e-07,0.0
1.0730443887286084e-07,0.0,0.44813395071224404,0.44813395218059554,-3.959999048674945e-07,0.0
1.0740443887286084e-07,0.0,0.4384507009676135,0.4384507024042369,-3.959999048674945e-07,0.0
1.0750443887286083e-07,0.0,0.42897668626413044,0.4289766876697114,-3.959999048674945e-07,0.0
1.0760443887286082e-07,0.0,0.41970738546440833,0.41970738683961756,-3.959999048674945e-07,0.0
1.0770443887286082e-07,0.0,0.4106383751235081,0.410638376469002,-3.959999048674945e-07,0.0
1.0780443887286081e-07,0.0,0.4017653273780061,0.40176532869442655,-3.959999048674945e-07,0.0
1.0790443887286081e-07,0.0,0.39308400788067444,0.39308400916864983,-3.959999048674945e-07,0.0
1.080044388728608e-07,0.0,0.3845902737797895,0.3845902750399343,-3.959999048674945e-07,0.0
1.081044388728608e-07,0.0,0.3762800717421026,0.37628007297501836,-3.959999048674945e-07,0.0
1.0820443887286079e-07,0.0,0.3681494360185309,0.3681494372248058,-3.959999048674945e-07,0.0
1.0830443887286078e-07,0.0,0.36019448655164377,0.36019448773185364,-3.959999048674945e-07,0.0
1.0840443887286078e-07,0.0,0.3524114271240438,0.3524114282787517,-3.959999048674945e-07,0.0
1.0850443887286077e-07,0.0,0.3447965435467559,0.34479654467651305,-3.959999048674945e-07,0.0
1.0860443887286077e-07,0.0,0.337346201886763,0.3373462029921084,-3.959999048674945e-07,0.0
1.0870443887286076e-07,0.0,0.3300568467328402,0.3300568478143014,-3.959999048674945e-07,0.0
1.0880443887286076e-07,0.0,0.3229249994988609,0.3229250005569539,-3.959999048674945e-07,0.0
1.0890443887286075e-07,0.0,0.315947256763765,0.31594725779899485,-3.959999048674945e-07,0.0
1.0900443887286074e-07,0.0,0.30912028864739716,0.30912028966025773,-3.959999048674945e-07,0.0
1.0910443887286074e-07,0.0,0.3024408372214392,0.3024408382124141,-3.959999048674945e-07,0.0
1.0920443887286073e-07,0.0,0.29590571495468,0.2959057159242418,-3.959999048674945e-07,0.0
1.0930443887286073e-07,0.0,0.28951180319187864,0.28951180414049027,-3.959999048674945e-07,0.0
1.0940443887286072e-07,0.0,0.2832560506654975,0.2832560515936116,-3.959999048674945e-07,0.0
1.0950443887286072e-07,0.0,0.27713547203959243,0.27713547294765195,-3.959999048674945e-07,0.0
1.0960443887286071e-07,0.0,0.27114714648516763,0.2711471473736058,-3.959999048674945e-07,0.0
1.097044388728607e-07,0.0,0.26528821628631344,0.2652882171555544,-3.959999048674945e-07,0.0
1.098044388728607e-07,0.0,0.25955588547646274,0.25955588632692106,-3.959999048674945e-07,0.0
1.0990443887286069e-07,0.0,0.25394741850411495,0.2539474193361967,-3.959999048674945e-07,0.0
1.1000443887286069e-07,0.0,0.2484601389273918,0.24846013974149392,-3.959999048674945e-07,0.0
1.1010443887286068e-07,0.0,0.2430914281367996,0.24309142893331073,-3.959999048674945e-07,0.0
1.1020443887286068e-07,0.0,0.23783872410559126,0.23783872488489136,-3.959999048674945e-07,0.0
1.1030443887286067e-07,0.0,0.23269952016712966,0.23269952092959076,-3.959999048674945e-07,0.0
1.1040443887286066e-07,0.0,0.2276713638186702,0.227671364564656,-3.959999048674945e-07,0.0
1.1050443887286066e-07,0.0,0.22275185555099059,0.22275185628085725,-3.959999048674945e-07,0.0
1.1060443887286065e-07,0.0,0.21793864770331045,0.21793864841740612,-3.959999048674945e-07,0.0
1.1070443887286065e-07,0.0,0.21322944334295318,0.2132294440416188,-3.959999048674945e-07,0.0
1.1080443887286064e-07,0.0,0.20862199516921687,0.20862199585278568,-3.959999048674945e-07,0.0
1.1090443887286064e-07,0.0,0.2041141044409292,0.20411410510972758,-3.959999048674945e-07,0.0
1.1100443887286063e-07,0.0,0.19970361992717664,0.19970362058152358,-3.959999048674945e-07,0.0
1.1110443887286062e-07,0.0,0.1953884368807054,0.19538843752091337,-3.959999048674945e-07,0.0
1.1120443887286062e-07,0.0,0.19116649603346053,0.19116649665983482,-3.959999048674945e-07,0.0
1.1130443887286061e-07,0.0,0.18703578261396578,0.1870357832268055,-3.959999048674945e-07,0.0
1.114044388728606e-07,0.0,0.1829943253858437,0.18299432598544116,-3.959999048674945e-07,0.0
1.115044388728606e-07,0.0,0.17904019570701973,0.1790401962936612,-3.959999048674945e-07,0.0
1.116044388728606e-07,0.0,0.17517150660939412,0.1751715071833594,-3.959999048674945e-07,0.0
1.1170443887286059e-07,0.0,0.17138641189835288,0.17138641245991604,-3.959999048674945e-07,0.0
1.1180443887286058e-07,0.0,0.16768310527173746,0.16768310582116633,-3.959999048674945e-07,0.0
1.1190443887286058e-07,0.0,0.16405981945785053,0.16405981999540745,-3.959999048674945e-07,0.0
1.1200443887286057e-07,0.0,0.16051482537208875,0.16051482589803007,-3.959999048674945e-07,0.0
1.1210443887286057e-07,0.0,0.15704643129179818,0.15704643180637506,-3.959999048674945e-07,0.0
1.1220443887286056e-07,0.0,0.1536529820489599,0.1536529825524178,-3.959999048674945e-07,0.0
1.1230443887286056e-07,0.0,0.1503328582403197,0.15033285873289898,-3.959999048674945e-07,0.0
1.1240443887286055e-07,0.0,0.1470844754545852,0.14708447593652077,-3.959999048674945e-07,0.0
1.1250443887286054e-07,0.0,0.14390628351632184,0.14390628398784386,-3.959999048674945e-07,0.0
1.1260443887286054e-07,0.0,0.14079676574618688,0.14079676620752019,-3.959999048674945e-07,0.0
1.1270443887286053e-07,0.0,0.13775443823714761,0.13775443868851253,-3.959999048674945e-07,0.0
1.1280443887286053e-07,0.0,0.1347778491463399,0.13477784958795166,-3.959999048674945e-07,0.0
1.1290443887286052e-07,0.0,0.13186557800222698,0.13186557843429653,-3.959999048674945e-07,0.0
1.1300443887286052e-07,0.0,0.12901623502673046,0.1290162354494638,-3.959999048674945e-07,0.0
1.1310443887286051e-07,0.0,0.12622846047200764,0.12622846088560666,-3.959999048674945e-07,0.0
1.132044388728605e-07,0.0,0.12350092397156034,0.12350092437622227,-3.959999048674945e-07,0.0
1.133044388728605e-07,0.0,0.12083232390536447,0.12083232430128257,-3.959999048674945e-07,0.0
1.1340443887286049e-07,0.0,0.11822138677871832,0.11822138716608137,-3.959999048674945e-07,0.0
1.1350443887286049e-07,0.0,0.11566686661451206,0.11566686699350506,-3.959999048674945e-07,0.0
1.1360443887286048e-07,0.0,0.11316754435862975,0.11316754472943341,-3.959999048674945e-07,0.0
1.1370443887286047e-07,0.0,0.11072222729819861,0.11072222766099006,-3.959999048674945e-07,0.0
1.1380443887286047e-07,0.0,0.10832974849240957,0.10832974884736177,-3.959999048674945e-07,0.0
1.1390443887286046e-07,0.0,0.10598896621563568,0.10598896656291816,-3.959999048674945e-07,0.0
1.1400443887286046e-07,0.0,0.10369876341258456,0.10369876375236291,-3.959999048674945e-07,0.0
1.1410443887286045e-07,0.0,0.10145804716522289,0.1014580474976594,-3.959999048674945e-07,0.0
1.1420443887286045e-07,0.0,0.09926574817122052,0.0992657484964737,-3.959999048674945e-07,0.0
1.1430443887286044e-07,0.0,0.0971208202336635,0.09712082055188871,-3.959999048674945e-07,0.0
1.1440443887286043e-07,0.0,0.09502223976180539,0.09502224007315432,-3.959999048674945e-07,0.0
1.1450443887286043e-07,0.0,0.09296900528257132,0.09296900558719273,-3.959999048674945e-07,0.0
1.1460443887286042e-07,0.0,0.09096013696264153,0.09096013726068063,-3.959999048674945e-07,0.0
1.1470443887286042e-07,0.0,0.08899467614088327,0.08899467643248243,-3.959999048674945e-07,0.0
1.1480443887286041e-07,0.0,0.08707168487085248,0.0870716851561507,-3.959999048674945e-07,0.0
1.149044388728604e-07,0.0,0.08519024547319162,0.08519024575232521,-3.959999048674945e-07,0.0
1.150044388728604e-07,0.0,0.08334946009770025,0.08334946037080226,-3.959999048674945e-07,0.0
1.151044388728604e-07,0.0,0.0815484502948674,0.08154845056206833,-3.959999048674945e-07,0.0
1.1520443887286039e-07,0.0,0.07978635659666325,0.07978635685809043,-3.959999048674945e-07,0.0
1.1530443887286038e-07,0.0,0.07806233810638791,0.07806233836216626,-3.959999048674945e-07,0.0
1.1540443887286038e-07,0.0,0.07637557209738373,0.07637557234763517,-3.959999048674945e-07,0.0
1.1550443887286037e-07,0.0,0.07472525362041799,0.07472525386526209,-3.959999048674945e-07,0.0
1.1560443887286037e-07,0.0,0.07311059511954966,0.07311059535910311,-3.959999048674945e-07,0.0
1.1570443887286036e-07,0.0,0.07153082605629588,0.07153082629067314,-3.959999048674945e-07,0.0
1.1580443887286035e-07,0.0,0.0699851925419203,0.06998519277123308,-3.959999048674945e-07,0.0
1.1590443887286035e-07,0.0,0.06847295697766594,0.06847295720202382,-3.959999048674945e-07,0.0
1.1600443887286034e-07,0.0,0.06699339770276277,0.06699339792227267,-3.959999048674945e-07,0.0
1.1610443887286034e-07,0.0,0.06554580865004037,0.0655458088648072,-3.959999048674945e-07,0.0
1.1620443887286033e-07,0.0,0.0641294990089827,0.06412949921910877,-3.959999048674945e-07,0.0
1.1630443887286033e-07,0.0,0.06274379289606305,0.06274379310164882,-3.959999048674945e-07,0.0
1.1640443887286032e-07,0.0,0.06138802903220289,0.061388029233346283,-3.959999048674945e-07,0.0
1.1650443887286031e-07,0.0,0.06006156042719949,0.060061560623996674,-3.959999048674945e-07,0.0
1.1660443887286031e-07,0.0,0.05876375407097328,0.058763754263518,-3.959999048674945e-07,0.0
1.167044388728603e-07,0.0,0.0574939906314858,0.05749399081987011,-3.959999048674945e-07,0.0
1.168044388728603e-07,0.0,0.056251664159185866,0.05625166434349949,-3.959999048674945e-07,0.0
1.1690443887286029e-07,0.0,0.05503618179784121,0.05503618197817228,-3.959999048674945e-07,0.0
1.1700443887286029e-07,0.0,0.05384696350161938,0.0538469636780538,-3.959999048674945e-07,0.0
1.1710443887286028e-07,0.0,0.05268344175828091,0.05268344193090302,-3.959999048674945e-07,0.0
1.1720443887286027e-07,0.0,0.05154506131835471,0.051545061487246725,-3.959999048674945e-07,0.0
1.1730443887286027e-07,0.0,0.05043127893016456,0.050431279095407254,-3.959999048674945e-07,0.0
1.1740443887286026e-07,0.0,0.049341563080581935,0.04934156324225399,-3.959999048674945e-07,0.0
1.1750443887286026e-07,0.0,0.04827539374137976,0.048275393899558504,-3.959999048674945e-07,0.0
1.1760443887286025e-07,0.0,0.047232262121067875,0.04723226227582862,-3.959999048674945e-07,0.0
1.1770443887286025e-07,0.0,0.046211670422089846,0.046211670573506614,-3.959999048674945e-07,0.0
1.1780443887286024e-07,0.0,0.04521313160326724,0.04521313175141212,-3.959999048674945e-07,0.0
1.1790443887286023e-07,0.0,0.044236169147376034,0.04423616929231989,-3.959999048674945e-07,0.0
1.1800443887286023e-07,0.0,0.04328031683374612,0.04328031697555796,-3.959999048674945e-07,0.0
1.1810443887286022e-07,0.0,0.04234511851577358,0.04234511865452123,-3.959999048674945e-07,0.0
1.1820443887286022e-07,0.0,0.04143012790324138,0.04143012803899091,-3.959999048674945e-07,0.0
1.1830443887286021e-07,0.0,0.04053490834934276,0.04053490848215909,-3.959999048674945e-07,0.0
1.184044388728602e-07,0.0,0.03965903264230735,0.03965903277225372,-3.959999048674945e-07,0.0
1.185044388728602e-07,0.0,0.038802082801529275,0.03880208292866785,-3.959999048674945e-07,0.0
1.186044388728602e-07,0.0,0.03796364987810101,0.03796365000249231,-3.959999048674945e-07,0.0
1.1870443887286019e-07,0.0,0.03714333375965669,0.03714333388136023,-3.959999048674945e-07,0.0
1.1880443887286018e-07,0.0,0.036340742979433086,0.036340743098506774,-3.959999048674945e-07,0.0
1.1890443887286018e-07,0.0,0.03555549452945549,0.03555549464595634,-3.959999048674945e-07,0.0
1.1900443887286017e-07,0.0,0.034787213677761275,0.034787213791744695,-3.959999048674945e-07,0.0
1.1910443887286017e-07,0.0,0.03403553378957183,0.03403553390109238,-3.959999048674945e-07,0.0
1.1920443887286016e-07,0.0,0.03330009615232966,0.0333000962614404,-3.959999048674945e-07,0.0
1.1930443887286017e-07,0.0,0.03258054980451502,0.032580549911268186,-3.959999048674945e-07,0.0
1.1940443887286018e-07,0.0,0.03187655136816246,0.03187655147260883,-3.959999048674945e-07,0.0
1.1950443887286018e-07,0.0,0.031187764884995438,0.031187764987185018,-3.959999048674945e-07,0.0
1.196044388728602e-07,0.0,0.030513861656102557,0.030513861756083945,-3.959999048674945e-07,0.0
1.197044388728602e-07,0.0,0.02985452008507728,0.029854520182898362,-3.959999048674945e-07,0.0
1.198044388728602e-07,0.0,0.029209425524547868,0.029209425620255157,-3.959999048674945e-07,0.0
1.199044388728602e-07,0.0,0.02857827012602264,0.028578270219661972,-3.959999048674945e-07,0.0
1.2000000000000002e-07,1.1911400820763599e-14,0.027987880364661488,0.02798788045636627,-3.959999048674945e-07,-9.971756527320832e-16
