time,v(source),v(launch),v(pin),v(die),i(vsource),i(vpin),i(lpackage),i(vccurrent),i(vgc),i(vpc),i(vog),i(vop)
0.0,0.0,3.9099949674058966e-08,3.909994967411647e-08,4.0004722509574204e-08,1.1499985198252637e-09,-1.1499985198252637e-09,-1.1499985198252637e-09,0.0,-5.017998519825267e-09,3.868e-09,0.0,0.0
2e-14,0.0,3.909994967408224e-08,3.90999496741164e-08,4.000472250957422e-08,1.1499985198259482e-09,-1.1499985198264122e-09,-1.1499985198252639e-09,1.3234889800848443e-23,-5.017998519825267e-09,3.868e-09,0.0,0.0
4e-14,0.0,3.909994967408223e-08,3.9099949674116346e-08,4.000472250957423e-08,1.149998519825948e-09,-1.149998519826411e-09,-1.1499985198252639e-09,6.617444900424222e-24,-5.017998519825267e-09,3.868e-09,0.0,0.0
8e-14,0.0,3.909994967408224e-08,3.909994967411624e-08,4.000472250957426e-08,1.1499985198259482e-09,-1.1499985198264089e-09,-1.1499985198252639e-09,1.3234889800848443e-23,-5.017998519825267e-09,3.868e-09,0.0,0.0
1.6e-13,0.0,3.909994967408223e-08,3.909994967411603e-08,4.00047225095743e-08,1.149998519825948e-09,-1.1499985198264048e-09,-1.1499985198252639e-09,6.617444900424222e-24,-5.017998519825267e-09,3.868e-09,0.0,0.0
3.2e-13,0.0,3.9099949674082246e-08,3.909994967411566e-08,4.0004722509574324e-08,1.1499985198259484e-09,-1.1499985198263973e-09,-1.1499985198252637e-09,1.3234889800848443e-23,-5.017998519825267e-09,3.868e-09,0.0,0.0
6.4e-13,0.0,3.909994967408224e-08,3.909994967411493e-08,4.000472250957435e-08,1.1499985198259482e-09,-1.1499985198263828e-09,-1.1499985198252635e-09,6.617444900424222e-24,-5.017998519825267e-09,3.868e-09,0.0,0.0
1.28e-12,0.0,3.909994967408224e-08,3.909994967411348e-08,4.000472250957436e-08,1.1499985198259482e-09,-1.1499985198263539e-09,-1.1499985198252645e-09,6.617444900424222e-24,-5.017998519825267e-09,3.868e-09,0.0,0.0
2.56e-12,0.0,3.909994967408224e-08,3.909994967411073e-08,4.0004722509574376e-08,1.1499985198259482e-09,-1.1499985198262987e-09,-1.1499985198252682e-09,0.0,-5.017998519825267e-09,3.868e-09,0.0,0.0
4.56e-12,0.0,3.909994967408223e-08,3.909994967410675e-08,4.000472250957438e-08,1.149998519825948e-09,-1.1499985198262193e-09,-1.1499985198252773e-09,-6.617444900424222e-24,-5.017998519825267e-09,3.868e-09,0.0,0.0
6.5599999999999995e-12,0.0,3.9099949674082246e-08,3.9099949674103124e-08,4.000472250957437e-08,1.1499985198259484e-09,-1.1499985198261467e-09,-1.14999851982529e-09,-1.3234889800848443e-23,-5.017998519825267e-09,3.868e-09,0.0,0.0
8.559999999999999e-12,0.0,3.909994967408224e-08,3.909994967409983e-08,4.000472250957433e-08,1.1499985198259482e-09,-1.1499985198260807e-09,-1.1499985198253063e-09,-3.3087224502121107e-23,-5.017998519825267e-09,3.868e-09,0.0,0.0
1.0559999999999999e-11,0.0,3.9099949674082246e-08,3.9099949674096864e-08,4.0004722509574264e-08,1.1499985198259484e-09,-1.1499985198260216e-09,-1.1499985198253263e-09,-5.293955920339377e-23,-5.017998519825267e-09,3.868e-09,0.0,0.0
1.2559999999999998e-11,0.0,3.909994967408223e-08,3.909994967409421e-08,4.0004722509574165e-08,1.149998519825948e-09,-1.1499985198259684e-09,-1.1499985198253495e-09,-7.940933880509066e-23,-5.017998519825267e-09,3.868e-09,0.0,0.0
1.456e-11,0.0,3.909994967408224e-08,3.909994967409186e-08,4.0004722509574026e-08,1.1499985198259482e-09,-1.1499985198259213e-09,-1.1499985198253753e-09,-1.0587911840678754e-22,-5.017998519825267e-09,3.868e-09,0.0,0.0
1.656e-11,0.0,3.909994967408223e-08,3.9099949674089796e-08,4.000472250957385e-08,1.149998519825948e-09,-1.1499985198258801e-09,-1.1499985198254035e-09,-1.3234889800848443e-22,-5.017998519825267e-09,3.868e-09,0.0,0.0
1.856e-11,0.0,3.909994967408224e-08,3.9099949674088e-08,4.000472250957362e-08,1.1499985198259482e-09,-1.1499985198258443e-09,-1.1499985198254336e-09,-1.6543612251060553e-22,-5.017998519825267e-09,3.868e-09,0.0,0.0
2.0559999999999998e-11,0.0,3.909994967408224e-08,3.909994967408646e-08,4.000472250957335e-08,1.1499985198259482e-09,-1.1499985198258135e-09,-1.1499985198254653e-09,-1.9190590211230242e-22,-5.017998519825267e-09,3.868e-09,0.0,0.0
2.2559999999999998e-11,0.0,3.909994967408224e-08,3.909994967408515e-08,4.000472250957304e-08,1.1499985198259482e-09,-1.1499985198257873e-09,-1.1499985198254982e-09,-2.2499312661442353e-22,-5.017998519825267e-09,3.868e-09,0.0,0.0
2.4559999999999997e-11,0.0,3.909994967408224e-08,3.9099949674084086e-08,4.000472250957267e-08,1.1499985198259482e-09,-1.149998519825766e-09,-1.149998519825532e-09,-2.5808035111654463e-22,-5.017998519825267e-09,3.868e-09,0.0,0.0
2.6559999999999997e-11,0.0,3.909994967408224e-08,3.909994967408324e-08,4.000472250957223e-08,1.1499985198259482e-09,-1.149998519825749e-09,-1.149998519825567e-09,-2.9778502051908996e-22,-5.017998519825267e-09,3.868e-09,0.0,0.0
2.8559999999999996e-11,0.0,3.909994967408224e-08,3.9099949674082597e-08,4.000472250957175e-08,1.1499985198259482e-09,-1.1499985198257362e-09,-1.149998519825602e-09,-3.3087224502121107e-22,-5.017998519825267e-09,3.868e-09,0.0,0.0
3.0559999999999996e-11,0.0,3.909994967408223e-08,3.9099949674082147e-08,4.000472250957122e-08,1.149998519825948e-09,-1.149998519825727e-09,-1.1499985198256367e-09,-3.639594695233322e-22,-5.017998519825267e-09,3.868e-09,0.0,0.0
3.2559999999999995e-11,0.0,3.909994967408224e-08,3.909994967408186e-08,4.000472250957063e-08,1.1499985198259482e-09,-1.1499985198257215e-09,-1.1499985198256713e-09,-3.970466940254533e-22,-5.017998519825267e-09,3.868e-09,0.0,0.0
3.4559999999999995e-11,0.0,3.909994967408224e-08,3.909994967408173e-08,4.000472250956998e-08,1.1499985198259482e-09,-1.1499985198257188e-09,-1.1499985198257052e-09,-4.367513634279986e-22,-5.017998519825267e-09,3.868e-09,0.0,0.0
3.6559999999999994e-11,0.0,3.909994967408224e-08,3.909994967408173e-08,4.000472250956928e-08,1.1499985198259482e-09,-1.1499985198257188e-09,-1.1499985198257387e-09,-4.698385879301197e-22,-5.017998519825267e-09,3.868e-09,0.0,0.0
3.8559999999999994e-11,0.0,3.9099949674082246e-08,3.9099949674081855e-08,4.000472250956854e-08,1.1499985198259484e-09,-1.1499985198257213e-09,-1.149998519825771e-09,-5.029258124322408e-22,-5.017998519825267e-09,3.868e-09,0.0,0.0
4.0559999999999994e-11,0.0,3.909994967408224e-08,3.90999496740821e-08,4.000472250956775e-08,1.1499985198259482e-09,-1.1499985198257263e-09,-1.1499985198258022e-09,-5.360130369343619e-22,-5.017998519825267e-09,3.868e-09,0.0,0.0
4.255999999999999e-11,0.0,3.909994967408223e-08,3.909994967408245e-08,4.000472250956691e-08,1.149998519825948e-09,-1.1499985198257333e-09,-1.1499985198258321e-09,-5.624828165360588e-22,-5.017998519825267e-09,3.868e-09,0.0,0.0
4.455999999999999e-11,0.0,3.909994967408224e-08,3.9099949674082875e-08,4.000472250956603e-08,1.1499985198259482e-09,-1.1499985198257418e-09,-1.1499985198258603e-09,-5.955700410381799e-22,-5.017998519825267e-09,3.868e-09,0.0,0.0
4.655999999999999e-11,0.0,3.909994967408223e-08,3.909994967408338e-08,4.0004722509565105e-08,1.149998519825948e-09,-1.1499985198257517e-09,-1.149998519825887e-09,-6.220398206398768e-22,-5.017998519825267e-09,3.868e-09,0.0,0.0
4.855999999999999e-11,0.0,3.9099949674082246e-08,3.909994967408395e-08,4.000472250956414e-08,1.1499985198259484e-09,-1.1499985198257633e-09,-1.1499985198259126e-09,-6.418921553411495e-22,-5.017998519825267e-09,3.868e-09,0.0,0.0
5.055999999999999e-11,0.0,3.909994967408224e-08,3.909994967408458e-08,4.0004722509563133e-08,1.1499985198259482e-09,-1.1499985198257759e-09,-1.1499985198259362e-09,-6.683619349428464e-22,-5.017998519825267e-09,3.868e-09,0.0,0.0
5.255999999999999e-11,0.0,3.909994967408224e-08,3.909994967408524e-08,4.00047225095621e-08,1.1499985198259482e-09,-1.149998519825789e-09,-1.1499985198259579e-09,-6.948317145445432e-22,-5.017998519825267e-09,3.868e-09,0.0,0.0
5.455999999999999e-11,0.0,3.909994967408224e-08,3.909994967408592e-08,4.000472250956104e-08,1.1499985198259482e-09,-1.1499985198258026e-09,-1.1499985198259775e-09,-7.080666043453917e-22,-5.017998519825267e-09,3.868e-09,0.0,0.0
5.655999999999999e-11,0.0,3.909994967408225e-08,3.909994967408662e-08,4.0004722509559944e-08,1.1499985198259486e-09,-1.1499985198258166e-09,-1.1499985198259953e-09,-7.213014941462401e-22,-5.017998519825267e-09,3.868e-09,0.0,0.0
5.855999999999999e-11,0.0,3.909994967408224e-08,3.909994967408732e-08,4.000472250955882e-08,1.1499985198259482e-09,-1.1499985198258307e-09,-1.149998519826011e-09,-7.345363839470886e-22,-5.017998519825267e-09,3.868e-09,0.0,0.0
6.056e-11,0.0,3.909994967408224e-08,3.9099949674088036e-08,4.0004722509557674e-08,1.1499985198259482e-09,-1.149998519825845e-09,-1.1499985198260247e-09,-7.543887186483612e-22,-5.017998519825267e-09,3.868e-09,0.0,0.0
6.256e-11,0.0,3.909994967408224e-08,3.909994967408876e-08,4.0004722509556516e-08,1.1499985198259482e-09,-1.1499985198258594e-09,-1.149998519826036e-09,-7.610061635487855e-22,-5.017998519825267e-09,3.868e-09,0.0,0.0
6.456000000000001e-11,0.0,3.9099949674082246e-08,3.909994967408945e-08,4.000472250955534e-08,1.1499985198259484e-09,-1.1499985198258733e-09,-1.149998519826045e-09,-7.742410533496339e-22,-5.017998519825267e-09,3.868e-09,0.0,0.0
6.656000000000001e-11,0.0,3.909994967408224e-08,3.909994967409013e-08,4.000472250955415e-08,1.1499985198259482e-09,-1.1499985198258867e-09,-1.1499985198260518e-09,-7.808584982500581e-22,-5.017998519825267e-09,3.868e-09,0.0,0.0
6.856000000000002e-11,0.0,3.909994967408223e-08,3.9099949674090776e-08,4.000472250955294e-08,1.149998519825948e-09,-1.1499985198258998e-09,-1.149998519826057e-09,-7.874759431504823e-22,-5.017998519825267e-09,3.868e-09,0.0,0.0
7.056000000000003e-11,0.0,3.909994967408224e-08,3.9099949674091385e-08,4.000472250955173e-08,1.1499985198259482e-09,-1.149998519825912e-09,-1.14999851982606e-09,-7.874759431504823e-22,-5.017998519825267e-09,3.868e-09,0.0,0.0
7.256000000000003e-11,0.0,3.9099949674082246e-08,3.9099949674091934e-08,4.000472250955052e-08,1.1499985198259484e-09,-1.149998519825923e-09,-1.1499985198260609e-09,-8.007108329513308e-22,-5.017998519825267e-09,3.868e-09,0.0,0.0
7.456000000000004e-11,0.0,3.909994967408224e-08,3.909994967409245e-08,4.000472250954931e-08,1.1499985198259482e-09,-1.1499985198259333e-09,-1.14999851982606e-09,-7.940933880509066e-22,-5.017998519825267e-09,3.868e-09,0.0,0.0
7.656000000000004e-11,0.0,3.909994967408223e-08,3.9099949674092926e-08,4.00047225095481e-08,1.149998519825948e-09,-1.1499985198259428e-09,-1.1499985198260573e-09,-7.874759431504823e-22,-5.017998519825267e-09,3.868e-09,0.0,0.0
7.856000000000005e-11,0.0,3.909994967408224e-08,3.909994967409336e-08,4.000472250954689e-08,1.1499985198259482e-09,-1.1499985198259515e-09,-1.1499985198260528e-09,-7.874759431504823e-22,-5.017998519825267e-09,3.868e-09,0.0,0.0
8.056000000000006e-11,0.0,3.909994967408225e-08,3.909994967409374e-08,4.0004722509545696e-08,1.1499985198259486e-09,-1.1499985198259591e-09,-1.1499985198260458e-09,-7.676236084492097e-22,-5.017998519825267e-09,3.868e-09,0.0,0.0
8.256000000000006e-11,0.0,3.909994967408224e-08,3.9099949674094045e-08,4.000472250954451e-08,1.1499985198259482e-09,-1.1499985198259653e-09,-1.149998519826037e-09,-7.610061635487855e-22,-5.017998519825267e-09,3.868e-09,0.0,0.0
8.456000000000007e-11,0.0,3.909994967408223e-08,3.909994967409428e-08,4.000472250954335e-08,1.149998519825948e-09,-1.1499985198259699e-09,-1.149998519826027e-09,-7.543887186483612e-22,-5.017998519825267e-09,3.868e-09,0.0,0.0
8.656000000000007e-11,0.0,3.909994967408224e-08,3.909994967409447e-08,4.0004722509542196e-08,1.1499985198259482e-09,-1.1499985198259736e-09,-1.1499985198260152e-09,-7.47771273747937e-22,-5.017998519825267e-09,3.868e-09,0.0,0.0
8.856000000000008e-11,0.0,3.909994967408225e-08,3.909994967409459e-08,4.0004722509541064e-08,1.1499985198259486e-09,-1.149998519825976e-09,-1.1499985198260021e-09,-7.279189390466644e-22,-5.017998519825267e-09,3.868e-09,0.0,0.0
9.056000000000009e-11,0.0,3.909994967408224e-08,3.9099949674094654e-08,4.000472250953995e-08,1.1499985198259482e-09,-1.1499985198259773e-09,-1.1499985198259877e-09,-7.213014941462401e-22,-5.017998519825267e-09,3.868e-09,0.0,0.0
9.256000000000009e-11,0.0,3.909994967410351e-08,3.909994967409424e-08,4.000472250953886e-08,1.1499985198265737e-09,-1.149998519826188e-09,-1.1499985198259723e-09,-7.014491594449675e-22,-5.017998519825267e-09,3.868e-09,0.0,0.0
9.45600000000001e-11,0.0,3.9099949674100034e-08,3.909994967409337e-08,4.0004722509537795e-08,1.1499985198264716e-09,-1.1499985198261707e-09,-1.1499985198259566e-09,-6.815968247436948e-22,-5.017998519825267e-09,3.868e-09,0.0,0.0
9.65600000000001e-11,0.0,3.909994967409689e-08,3.909994967409251e-08,4.000472250953676e-08,1.1499985198263791e-09,-1.1499985198261535e-09,-1.1499985198259407e-09,-6.683619349428464e-22,-5.017998519825267e-09,3.868e-09,0.0,0.0
9.856000000000011e-11,0.0,3.9099949674094025e-08,3.9099949674091656e-08,4.000472250953576e-08,1.1499985198262947e-09,-1.1499985198261363e-09,-1.1499985198259246e-09,-6.551270451419979e-22,-5.017998519825267e-09,3.868e-09,0.0,0.0
1.0056000000000012e-10,0.0,3.9099949674091424e-08,3.90999496740908e-08,4.000472250953476e-08,1.1499985198262184e-09,-1.1499985198261194e-09,-1.149998519825908e-09,-6.418921553411495e-22,-5.017998519825267e-09,3.868e-09,0.0,0.0
1.0256000000000012e-10,0.0,3.9099949674089095e-08,3.909994967408994e-08,4.000472250953379e-08,1.1499985198261498e-09,-1.1499985198261022e-09,-1.1499985198258915e-09,-6.220398206398768e-22,-5.017998519825267e-09,3.868e-09,0.0,0.0
1.0456000000000013e-10,0.0,3.909994967408701e-08,3.9099949674089095e-08,4.000472250953286e-08,1.1499985198260886e-09,-1.1499985198260853e-09,-1.149998519825875e-09,-6.088049308390284e-22,-5.017998519825267e-09,3.868e-09,0.0,0.0
1.0656000000000013e-10,0.0,3.909994967408516e-08,3.909994967408825e-08,4.0004722509531945e-08,1.149998519826034e-09,-1.1499985198260683e-09,-1.149998519825858e-09,-5.955700410381799e-22,-5.017998519825267e-09,3.868e-09,0.0,0.0
1.0856000000000014e-10,0.0,3.909994967408354e-08,3.909994967408738e-08,4.000472250953106e-08,1.1499985198259866e-09,-1.1499985198260511e-09,-1.1499985198258417e-09,-5.624828165360588e-22,-5.017998519825267e-09,3.868e-09,0.0,0.0
1.1056000000000015e-10,0.0,3.909994967408214e-08,3.909994967408653e-08,4.0004722509530205e-08,1.1499985198259453e-09,-1.1499985198260338e-09,-1.1499985198258251e-09,-5.492479267352104e-22,-5.017998519825267e-09,3.868e-09,0.0,0.0
1.1256000000000015e-10,0.0,3.909994967408095e-08,3.909994967408569e-08,4.000472250952937e-08,1.1499985198259103e-09,-1.149998519826017e-09,-1.1499985198258084e-09,-5.360130369343619e-22,-5.017998519825267e-09,3.868e-09,0.0,0.0
1.1456000000000016e-10,0.0,3.9099949674079936e-08,3.909994967408483e-08,4.0004722509528564e-08,1.1499985198258805e-09,-1.1499985198259999e-09,-1.1499985198257918e-09,-5.161607022330893e-22,-5.017998519825267e-09,3.868e-09,0.0,0.0
1.1656000000000016e-10,0.0,3.909994967407911e-08,3.909994967408397e-08,4.000472250952778e-08,1.1499985198258561e-09,-1.1499985198259827e-09,-1.1499985198257753e-09,-4.963083675318166e-22,-5.017998519825267e-09,3.868e-09,0.0,0.0
1.1856000000000016e-10,0.0,3.9099949674078474e-08,3.909994967408313e-08,4.000472250952702e-08,1.1499985198258375e-09,-1.149998519825966e-09,-1.1499985198257591e-09,-4.830734777309682e-22,-5.017998519825267e-09,3.868e-09,0.0,0.0
1.2056000000000015e-10,0.0,3.9099949674078e-08,3.909994967408228e-08,4.0004722509526294e-08,1.1499985198258235e-09,-1.149998519825949e-09,-1.149998519825743e-09,-4.632211430296955e-22,-5.017998519825267e-09,3.868e-09,0.0,0.0
1.2256000000000014e-10,0.0,3.9099949674077653e-08,3.909994967408144e-08,4.000472250952558e-08,1.1499985198258133e-09,-1.1499985198259322e-09,-1.1499985198257275e-09,-4.566036981292713e-22,-5.017998519825267e-09,3.868e-09,0.0,0.0
1.2456000000000014e-10,0.0,3.9099949674077475e-08,3.909994967408061e-08,4.000472250952489e-08,1.1499985198258082e-09,-1.1499985198259155e-09,-1.1499985198257118e-09,-4.433688083284228e-22,-5.017998519825267e-09,3.868e-09,0.0,0.0
1.2656000000000013e-10,0.0,3.909994967407739e-08,3.9099949674079784e-08,4.000472250952423e-08,1.1499985198258055e-09,-1.149998519825899e-09,-1.1499985198256963e-09,-4.301339185275744e-22,-5.017998519825267e-09,3.868e-09,0.0,0.0
1.2856000000000012e-10,0.0,3.909994967407741e-08,3.909994967407895e-08,4.00047225095236e-08,1.149998519825806e-09,-1.1499985198258822e-09,-1.1499985198256808e-09,-4.1028158382630173e-22,-5.017998519825267e-09,3.868e-09,0.0,0.0
1.3056000000000012e-10,0.0,3.9099949674077534e-08,3.9099949674078117e-08,4.000472250952299e-08,1.1499985198258098e-09,-1.1499985198258656e-09,-1.1499985198256653e-09,-3.9042924912502906e-22,-5.017998519825267e-09,3.868e-09,0.0,0.0
1.325600000000001e-10,0.0,3.909994967407777e-08,3.90999496740773e-08,4.00047225095224e-08,1.1499985198258168e-09,-1.1499985198258493e-09,-1.1499985198256502e-09,-3.8381180422460484e-22,-5.017998519825267e-09,3.868e-09,0.0,0.0
1.345600000000001e-10,0.0,3.909994967407807e-08,3.9099949674076495e-08,4.000472250952184e-08,1.1499985198258255e-09,-1.1499985198258334e-09,-1.1499985198256353e-09,-3.705769144237564e-22,-5.017998519825267e-09,3.868e-09,0.0,0.0
1.365600000000001e-10,0.0,3.9099949674078434e-08,3.90999496740757e-08,4.0004722509521305e-08,1.1499985198258363e-09,-1.1499985198258173e-09,-1.149998519825621e-09,-3.5072457972248373e-22,-5.017998519825267e-09,3.868e-09,0.0,0.0
1.385600000000001e-10,0.0,3.909994967407883e-08,3.909994967407492e-08,4.000472250952079e-08,1.149998519825848e-09,-1.1499985198258017e-09,-1.1499985198256071e-09,-3.441071348220595e-22,-5.017998519825267e-09,3.868e-09,0.0,0.0
1.4056000000000008e-10,0.0,3.909994967407932e-08,3.9099949674074146e-08,4.000472250952029e-08,1.1499985198258623e-09,-1.1499985198257862e-09,-1.1499985198255933e-09,-3.2425480012078685e-22,-5.017998519825267e-09,3.868e-09,0.0,0.0
1.4256000000000007e-10,0.0,3.9099949674079844e-08,3.909994967407336e-08,4.000472250951982e-08,1.1499985198258778e-09,-1.1499985198257705e-09,-1.1499985198255796e-09,-3.1763735522036263e-22,-5.017998519825267e-09,3.868e-09,0.0,0.0
1.4456000000000007e-10,0.0,3.909994967408038e-08,3.909994967407258e-08,4.000472250951937e-08,1.1499985198258936e-09,-1.1499985198257548e-09,-1.1499985198255664e-09,-2.9778502051908996e-22,-5.017998519825267e-09,3.868e-09,0.0,0.0
1.4656000000000006e-10,0.0,3.909994967408093e-08,3.9099949674071823e-08,4.0004722509518936e-08,1.1499985198259097e-09,-1.1499985198257397e-09,-1.1499985198255536e-09,-2.845501307182415e-22,-5.017998519825267e-09,3.868e-09,0.0,0.0
1.4856000000000005e-10,0.0,3.909994967408149e-08,3.909994967407107e-08,4.000472250951852e-08,1.1499985198259262e-09,-1.1499985198257248e-09,-1.1499985198255414e-09,-2.779326858178173e-22,-5.017998519825267e-09,3.868e-09,0.0,0.0
1.5056000000000005e-10,0.0,3.909994967408207e-08,3.909994967407033e-08,4.0004722509518115e-08,1.1499985198259432e-09,-1.1499985198257097e-09,-1.1499985198255296e-09,-2.6469779601696886e-22,-5.017998519825267e-09,3.868e-09,0.0,0.0
1.5256000000000004e-10,0.0,3.9099949674082656e-08,3.909994967406959e-08,4.000472250951774e-08,1.1499985198259606e-09,-1.149998519825695e-09,-1.149998519825518e-09,-2.514629062161204e-22,-5.017998519825267e-09,3.868e-09,0.0,0.0
1.5456000000000003e-10,0.0,3.909994967408323e-08,3.909994967406887e-08,4.000472250951738e-08,1.1499985198259773e-09,-1.1499985198256808e-09,-1.1499985198255073e-09,-2.3822801641527197e-22,-5.017998519825267e-09,3.868e-09,0.0,0.0
1.5656000000000003e-10,0.0,3.909994967408378e-08,3.909994967406817e-08,4.000472250951703e-08,1.1499985198259936e-09,-1.1499985198256667e-09,-1.1499985198254965e-09,-2.3161057151484775e-22,-5.017998519825267e-09,3.868e-09,0.0,0.0
1.5856000000000002e-10,0.0,3.909994967408433e-08,3.9099949674067476e-08,4.0004722509516686e-08,1.1499985198260098e-09,-1.1499985198256528e-09,-1.149998519825486e-09,-2.183756817139993e-22,-5.017998519825267e-09,3.868e-09,0.0,0.0
1.6056e-10,0.0,3.9099949674084847e-08,3.90999496740668e-08,4.000472250951637e-08,1.1499985198260249e-09,-1.1499985198256394e-09,-1.149998519825476e-09,-1.9852334701272664e-22,-5.017998519825267e-09,3.868e-09,0.0,0.0
1.6256e-10,0.0,3.9099949674085336e-08,3.9099949674066146e-08,4.0004722509516064e-08,1.1499985198260394e-09,-1.1499985198256262e-09,-1.1499985198254665e-09,-1.852884572118782e-22,-5.017998519825267e-09,3.868e-09,0.0,0.0
1.6456e-10,0.0,3.909994967408577e-08,3.909994967406551e-08,4.000472250951578e-08,1.1499985198260522e-09,-1.1499985198256136e-09,-1.1499985198254576e-09,-1.852884572118782e-22,-5.017998519825267e-09,3.868e-09,0.0,0.0
1.6656e-10,0.0,3.909994967408617e-08,3.9099949674064875e-08,4.00047225095155e-08,1.1499985198260638e-09,-1.149998519825601e-09,-1.1499985198254494e-09,-1.7205356741102976e-22,-5.017998519825267e-09,3.868e-09,0.0,0.0
1.6855999999999998e-10,0.0,3.909994967408655e-08,3.9099949674064266e-08,4.000472250951523e-08,1.149998519826075e-09,-1.1499985198255887e-09,-1.1499985198254415e-09,-1.6543612251060553e-22,-5.017998519825267e-09,3.868e-09,0.0,0.0
1.7055999999999998e-10,0.0,3.90999496740869e-08,3.909994967406367e-08,4.000472250951497e-08,1.1499985198260853e-09,-1.1499985198255767e-09,-1.1499985198254336e-09,-1.5881867761018131e-22,-5.017998519825267e-09,3.868e-09,0.0,0.0
1.7255999999999997e-10,0.0,3.90999496740872e-08,3.9099949674063075e-08,4.0004722509514733e-08,1.1499985198260942e-09,-1.149998519825565e-09,-1.1499985198254266e-09,-1.5881867761018131e-22,-5.017998519825267e-09,3.868e-09,0.0,0.0
1.7455999999999996e-10,0.0,3.909994967408742e-08,3.9099949674062506e-08,4.000472250951451e-08,1.1499985198261006e-09,-1.1499985198255534e-09,-1.1499985198254194e-09,-1.522012327097571e-22,-5.017998519825267e-09,3.868e-09,0.0,0.0
1.7655999999999996e-10,0.0,3.90999496740876e-08,3.909994967406195e-08,4.00047225095143e-08,1.149998519826106e-09,-1.1499985198255424e-09,-1.1499985198254126e-09,-1.3896634290890865e-22,-5.017998519825267e-09,3.868e-09,0.0,0.0
1.7855999999999995e-10,0.0,3.9099949674087725e-08,3.909994967406141e-08,4.00047225095141e-08,1.1499985198261095e-09,-1.1499985198255315e-09,-1.1499985198254066e-09,-1.3234889800848443e-22,-5.017998519825267e-09,3.868e-09,0.0,0.0
1.8055999999999994e-10,0.0,3.9099949674087824e-08,3.9099949674060905e-08,4.00047225095139e-08,1.1499985198261126e-09,-1.1499985198255213e-09,-1.1499985198254008e-09,-1.3234889800848443e-22,-5.017998519825267e-09,3.868e-09,0.0,0.0
1.8255999999999994e-10,0.0,3.909994967408851e-08,3.909994967406037e-08,4.000472250951371e-08,1.1499985198261326e-09,-1.149998519825542e-09,-1.1499985198253952e-09,-1.257314531080602e-22,-5.017998519825267e-09,3.868e-09,0.0,0.0
1.8455999999999993e-10,0.0,3.909994967409223e-08,3.909994967405943e-08,4.000472250951353e-08,1.149998519826242e-09,-1.1499985198257056e-09,-1.1499985198253902e-09,-1.1249656330721176e-22,-5.017998519825267e-09,3.868e-09,0.0,0.0
1.8655999999999992e-10,0.0,3.909994967409107e-08,3.9099949674058284e-08,4.000472250951336e-08,1.1499985198262079e-09,-1.1499985198256287e-09,-1.1499985198253863e-09,-1.1249656330721176e-22,-5.017998519825267e-09,3.868e-09,0.0,0.0
1.8855999999999992e-10,0.0,3.9099949674090385e-08,3.909994967405738e-08,4.0004722509513185e-08,1.1499985198261878e-09,-1.1499985198255817e-09,-1.1499985198253836e-09,-1.1249656330721176e-22,-5.017998519825267e-09,3.868e-09,0.0,0.0
1.905599999999999e-10,0.0,3.9099949674089684e-08,3.909994967405664e-08,4.000472250951301e-08,1.1499985198261671e-09,-1.1499985198255408e-09,-1.149998519825382e-09,-1.0587911840678754e-22,-5.017998519825267e-09,3.868e-09,0.0,0.0
1.925599999999999e-10,0.0,3.9099949674089e-08,3.909994967405605e-08,4.000472250951285e-08,1.149998519826147e-09,-1.1499985198255048e-09,-1.1499985198253807e-09,-1.0587911840678754e-22,-5.017998519825267e-09,3.868e-09,0.0,0.0
1.945599999999999e-10,0.0,3.909994967408831e-08,3.90999496740556e-08,4.000472250951268e-08,1.1499985198261266e-09,-1.1499985198254746e-09,-1.1499985198253797e-09,-1.0587911840678754e-22,-5.017998519825267e-09,3.868e-09,0.0,0.0
1.965599999999999e-10,0.0,3.909994967408761e-08,3.9099949674055267e-08,4.0004722509512517e-08,1.1499985198261061e-09,-1.1499985198254487e-09,-1.1499985198253786e-09,-1.0587911840678754e-22,-5.017998519825267e-09,3.868e-09,0.0,0.0
1.9855999999999988e-10,0.0,3.909994967408694e-08,3.9099949674055015e-08,4.0004722509512364e-08,1.1499985198260863e-09,-1.149998519825427e-09,-1.1499985198253778e-09,-1.0587911840678754e-22,-5.017998519825267e-09,3.868e-09,0.0,0.0
2.0055999999999987e-10,0.0,3.909994967408623e-08,3.909994967405483e-08,4.000472250951221e-08,1.1499985198260656e-09,-1.1499985198254086e-09,-1.149998519825377e-09,-1.0587911840678754e-22,-5.017998519825267e-09,3.868e-09,0.0,0.0
2.0255999999999987e-10,0.0,3.909994967408554e-08,3.909994967405471e-08,4.000472250951206e-08,1.1499985198260453e-09,-1.1499985198253935e-09,-1.1499985198253762e-09,-1.0587911840678754e-22,-5.017998519825267e-09,3.868e-09,0.0,0.0
2.0455999999999986e-10,0.0,3.9099949674084866e-08,3.909994967405464e-08,4.00047225095119e-08,1.1499985198260255e-09,-1.1499985198253815e-09,-1.1499985198253755e-09,-1.0587911840678754e-22,-5.017998519825267e-09,3.868e-09,0.0,0.0
2.0655999999999985e-10,0.0,3.909994967408416e-08,3.909994967405462e-08,4.000472250951175e-08,1.1499985198260046e-09,-1.1499985198253718e-09,-1.1499985198253747e-09,-1.0587911840678754e-22,-5.017998519825267e-09,3.868e-09,0.0,0.0
2.0855999999999985e-10,0.0,3.909994967408347e-08,3.909994967405464e-08,4.0004722509511603e-08,1.1499985198259843e-09,-1.1499985198253648e-09,-1.1499985198253737e-09,-1.0587911840678754e-22,-5.017998519825267e-09,3.868e-09,0.0,0.0
2.1055999999999984e-10,0.0,3.9099949674082795e-08,3.909994967405467e-08,4.0004722509511445e-08,1.1499985198259645e-09,-1.14999851982536e-09,-1.1499985198253726e-09,-9.926167350636332e-23,-5.017998519825267e-09,3.868e-09,0.0,0.0
2.1255999999999983e-10,0.0,3.90999496740821e-08,3.909994967405472e-08,4.0004722509511286e-08,1.149998519825944e-09,-1.1499985198253567e-09,-1.149998519825371e-09,-9.926167350636332e-23,-5.017998519825267e-09,3.868e-09,0.0,0.0
2.1455999999999983e-10,0.0,3.9099949674081425e-08,3.909994967405476e-08,4.000472250951114e-08,1.1499985198259242e-09,-1.1499985198253547e-09,-1.1499985198253691e-09,-9.926167350636332e-23,-5.017998519825267e-09,3.868e-09,0.0,0.0
2.1655999999999982e-10,0.0,3.909994967408075e-08,3.9099949674054803e-08,4.0004722509510995e-08,1.1499985198259043e-09,-1.149998519825354e-09,-1.149998519825367e-09,-9.926167350636332e-23,-5.017998519825267e-09,3.868e-09,0.0,0.0
2.185599999999998e-10,0.0,3.909994967408008e-08,3.909994967405483e-08,4.0004722509510856e-08,1.1499985198258847e-09,-1.1499985198253542e-09,-1.1499985198253648e-09,-9.926167350636332e-23,-5.017998519825267e-09,3.868e-09,0.0,0.0
2.205599999999998e-10,0.0,3.9099949674079414e-08,3.9099949674054856e-08,4.000472250951072e-08,1.149998519825865e-09,-1.149998519825355e-09,-1.1499985198253627e-09,-9.26442286059391e-23,-5.017998519825267e-09,3.868e-09,0.0,0.0
2.225599999999998e-10,0.0,3.9099949674078745e-08,3.909994967405487e-08,4.000472250951059e-08,1.1499985198258454e-09,-1.1499985198253567e-09,-1.1499985198253602e-09,-8.602678370551488e-23,-5.017998519825267e-09,3.868e-09,0.0,0.0
2.245599999999998e-10,0.0,3.909994967407808e-08,3.9099949674054856e-08,4.000472250951047e-08,1.1499985198258257e-09,-1.149998519825359e-09,-1.149998519825358e-09,-8.602678370551488e-23,-5.017998519825267e-09,3.868e-09,0.0,0.0
2.2655999999999978e-10,0.0,3.9099949674077435e-08,3.909994967405483e-08,4.000472250951035e-08,1.149998519825807e-09,-1.1499985198253615e-09,-1.1499985198253553e-09,-7.940933880509066e-23,-5.017998519825267e-09,3.868e-09,0.0,0.0
2.2855999999999978e-10,0.0,3.909994967407678e-08,3.909994967405479e-08,4.000472250951023e-08,1.1499985198257877e-09,-1.149998519825364e-09,-1.1499985198253524e-09,-7.940933880509066e-23,-5.017998519825267e-09,3.868e-09,0.0,0.0
2.3055999999999977e-10,0.0,3.909994967407616e-08,3.909994967405472e-08,4.000472250951011e-08,1.1499985198257693e-09,-1.1499985198253666e-09,-1.1499985198253499e-09,-7.940933880509066e-23,-5.017998519825267e-09,3.868e-09,0.0,0.0
2.3255999999999976e-10,0.0,3.9099949674075536e-08,3.909994967405462e-08,4.0004722509509995e-08,1.149998519825751e-09,-1.1499985198253693e-09,-1.149998519825347e-09,-7.940933880509066e-23,-5.017998519825267e-09,3.868e-09,0.0,0.0
2.3455999999999976e-10,0.0,3.9099949674074894e-08,3.9099949674054506e-08,4.000472250950989e-08,1.1499985198257323e-09,-1.149998519825372e-09,-1.149998519825344e-09,-7.279189390466644e-23,-5.017998519825267e-09,3.868e-09,0.0,0.0
2.3655999999999975e-10,0.0,3.9099949674074265e-08,3.9099949674054367e-08,4.000472250950979e-08,1.1499985198257136e-09,-1.1499985198253743e-09,-1.1499985198253406e-09,-7.279189390466644e-23,-5.017998519825267e-09,3.868e-09,0.0,0.0
2.3855999999999974e-10,0.0,3.9099949674073656e-08,3.90999496740542e-08,4.0004722509509704e-08,1.1499985198256959e-09,-1.1499985198253764e-09,-1.1499985198253377e-09,-6.617444900424221e-23,-5.017998519825267e-09,3.868e-09,0.0,0.0
2.4055999999999974e-10,0.0,3.909994967407306e-08,3.909994967405402e-08,4.000472250950962e-08,1.1499985198256783e-09,-1.149998519825378e-09,-1.1499985198253352e-09,-5.955700410381799e-23,-5.017998519825267e-09,3.868e-09,0.0,0.0
2.4255999999999973e-10,0.0,3.9099949674072445e-08,3.9099949674053824e-08,4.0004722509509526e-08,1.14999851982566e-09,-1.1499985198253795e-09,-1.1499985198253323e-09,-6.617444900424221e-23,-5.017998519825267e-09,3.868e-09,0.0,0.0
2.445599999999997e-10,0.0,3.909994967407185e-08,3.9099949674053625e-08,4.000472250950944e-08,1.1499985198256427e-09,-1.1499985198253811e-09,-1.1499985198253296e-09,-5.293955920339377e-23,-5.017998519825267e-09,3.868e-09,0.0,0.0
2.465599999999997e-10,0.0,3.909994967407127e-08,3.909994967405341e-08,4.000472250950937e-08,1.1499985198256256e-09,-1.149998519825382e-09,-1.1499985198253276e-09,-5.293955920339377e-23,-5.017998519825267e-09,3.868e-09,0.0,0.0
2.485599999999997e-10,0.0,3.9099949674070725e-08,3.9099949674053175e-08,4.000472250950928e-08,1.1499985198256096e-09,-1.1499985198253826e-09,-1.1499985198253255e-09,-5.293955920339377e-23,-5.017998519825267e-09,3.868e-09,0.0,0.0
2.505599999999997e-10,0.0,3.909994967407015e-08,3.909994967405294e-08,4.00047225095092e-08,1.1499985198255927e-09,-1.149998519825383e-09,-1.1499985198253232e-09,-5.293955920339377e-23,-5.017998519825267e-09,3.868e-09,0.0,0.0
2.525599999999997e-10,0.0,3.9099949674069607e-08,3.909994967405267e-08,4.000472250950912e-08,1.1499985198255767e-09,-1.1499985198253824e-09,-1.1499985198253214e-09,-5.293955920339377e-23,-5.017998519825267e-09,3.868e-09,0.0,0.0
2.545599999999997e-10,0.0,3.909994967406908e-08,3.909994967405241e-08,4.000472250950904e-08,1.149998519825561e-09,-1.1499985198253817e-09,-1.1499985198253197e-09,-4.632211430296955e-23,-5.017998519825267e-09,3.868e-09,0.0,0.0
2.565599999999997e-10,0.0,3.909994967406857e-08,3.9099949674052156e-08,4.000472250950896e-08,1.1499985198255461e-09,-1.1499985198253805e-09,-1.1499985198253185e-09,-4.632211430296955e-23,-5.017998519825267e-09,3.868e-09,0.0,0.0
2.5855999999999967e-10,0.0,3.9099949674068065e-08,3.9099949674051905e-08,4.000472250950889e-08,1.1499985198255313e-09,-1.1499985198253795e-09,-1.1499985198253172e-09,-4.632211430296955e-23,-5.017998519825267e-09,3.868e-09,0.0,0.0
2.6055999999999967e-10,0.0,3.909994967406758e-08,3.9099949674051653e-08,4.000472250950882e-08,1.1499985198255172e-09,-1.1499985198253776e-09,-1.149998519825316e-09,-5.293955920339377e-23,-5.017998519825267e-09,3.868e-09,0.0,0.0
2.6255999999999966e-10,0.0,3.90999496740671e-08,3.90999496740514e-08,4.000472250950875e-08,1.149998519825503e-09,-1.1499985198253757e-09,-1.149998519825315e-09,-4.632211430296955e-23,-5.017998519825267e-09,3.868e-09,0.0,0.0
2.6455999999999965e-10,0.0,3.9099949674066615e-08,3.909994967405117e-08,4.0004722509508685e-08,1.1499985198254887e-09,-1.1499985198253739e-09,-1.1499985198253147e-09,-4.632211430296955e-23,-5.017998519825267e-09,3.868e-09,0.0,0.0
2.6655999999999965e-10,0.0,3.909994967406615e-08,3.909994967405094e-08,4.0004722509508626e-08,1.149998519825475e-09,-1.1499985198253712e-09,-1.1499985198253147e-09,-4.632211430296955e-23,-5.017998519825267e-09,3.868e-09,0.0,0.0
2.6855999999999964e-10,0.0,3.909994967406572e-08,3.909994967405071e-08,4.0004722509508566e-08,1.1499985198254624e-09,-1.149998519825368e-09,-1.1499985198253147e-09,-4.632211430296955e-23,-5.017998519825267e-09,3.868e-09,0.0,0.0
2.7055999999999963e-10,0.0,3.909994967406528e-08,3.909994967405049e-08,4.0004722509508506e-08,1.1499985198254494e-09,-1.149998519825365e-09,-1.1499985198253147e-09,-4.632211430296955e-23,-5.017998519825267e-09,3.868e-09,0.0,0.0
2.725599999999996e-10,0.0,3.909994967406496e-08,3.909994967405029e-08,4.000472250950845e-08,1.14999851982544e-09,-1.1499985198253625e-09,-1.149998519825315e-09,-4.632211430296955e-23,-5.017998519825267e-09,3.868e-09,0.0,0.0
2.745599999999996e-10,0.0,3.909994967406565e-08,3.909994967405008e-08,4.000472250950838e-08,1.1499985198254603e-09,-1.1499985198253702e-09,-1.1499985198253156e-09,-5.293955920339377e-23,-5.017998519825267e-09,3.868e-09,0.0,0.0
2.765599999999996e-10,0.0,3.909994967406806e-08,3.90999496740498e-08,4.0004722509508315e-08,1.149998519825531e-09,-1.1499985198253948e-09,-1.1499985198253164e-09,-4.632211430296955e-23,-5.017998519825267e-09,3.868e-09,0.0,0.0
2.785599999999996e-10,0.0,3.909994967406569e-08,3.909994967404951e-08,4.000472250950825e-08,1.1499985198254614e-09,-1.1499985198253745e-09,-1.1499985198253172e-09,-4.632211430296955e-23,-5.017998519825267e-09,3.868e-09,0.0,0.0
2.805599999999996e-10,0.0,3.909994967406446e-08,3.90999496740493e-08,4.000472250950818e-08,1.1499985198254252e-09,-1.149998519825364e-09,-1.1499985198253187e-09,-4.632211430296955e-23,-5.017998519825267e-09,3.868e-09,0.0,0.0
2.825599999999996e-10,0.0,3.909994967406338e-08,3.9099949674049145e-08,4.000472250950811e-08,1.1499985198253935e-09,-1.1499985198253547e-09,-1.14999851982532e-09,-5.293955920339377e-23,-5.017998519825267e-09,3.868e-09,0.0,0.0
2.845599999999996e-10,0.0,3.909994967406245e-08,3.909994967404902e-08,4.000472250950804e-08,1.1499985198253662e-09,-1.1499985198253458e-09,-1.149998519825321e-09,-5.955700410381799e-23,-5.017998519825267e-09,3.868e-09,0.0,0.0
2.865599999999996e-10,0.0,3.909994967406169e-08,3.909994967404893e-08,4.000472250950797e-08,1.149998519825344e-09,-1.1499985198253375e-09,-1.149998519825322e-09,-5.955700410381799e-23,-5.017998519825267e-09,3.868e-09,0.0,0.0
2.8855999999999957e-10,0.0,3.9099949674061083e-08,3.909994967404886e-08,4.00047225095079e-08,1.149998519825326e-09,-1.1499985198253296e-09,-1.1499985198253234e-09,-5.955700410381799e-23,-5.017998519825267e-09,3.868e-09,0.0,0.0
2.9055999999999956e-10,0.0,3.9099949674060554e-08,3.9099949674048834e-08,4.000472250950782e-08,1.1499985198253104e-09,-1.1499985198253226e-09,-1.1499985198253249e-09,-5.955700410381799e-23,-5.017998519825267e-09,3.868e-09,0.0,0.0
2.9255999999999956e-10,0.0,3.909994967406013e-08,3.9099949674048874e-08,4.000472250950774e-08,1.149998519825298e-09,-1.1499985198253166e-09,-1.1499985198253263e-09,-5.293955920339377e-23,-5.017998519825267e-09,3.868e-09,0.0,0.0
2.9455999999999955e-10,0.0,3.9099949674059806e-08,3.909994967404892e-08,4.000472250950766e-08,1.1499985198252885e-09,-1.1499985198253112e-09,-1.1499985198253276e-09,-5.293955920339377e-23,-5.017998519825267e-09,3.868e-09,0.0,0.0
2.9655999999999954e-10,0.0,3.909994967405955e-08,3.909994967404898e-08,4.000472250950758e-08,1.1499985198252808e-09,-1.149998519825306e-09,-1.1499985198253286e-09,-5.955700410381799e-23,-5.017998519825267e-09,3.868e-09,0.0,0.0
2.9855999999999954e-10,0.0,3.9099949674059356e-08,3.9099949674049086e-08,4.00047225095075e-08,1.1499985198252752e-09,-1.1499985198253013e-09,-1.1499985198253294e-09,-6.617444900424221e-23,-5.017998519825267e-09,3.868e-09,0.0,0.0
3.0055999999999953e-10,0.0,3.909994967405924e-08,3.909994967404922e-08,4.0004722509507415e-08,1.1499985198252717e-09,-1.1499985198252976e-09,-1.1499985198253298e-09,-6.617444900424221e-23,-5.017998519825267e-09,3.868e-09,0.0,0.0
3.025599999999995e-10,0.0,3.909994967405917e-08,3.9099949674049364e-08,4.0004722509507335e-08,1.1499985198252697e-09,-1.1499985198252943e-09,-1.1499985198253294e-09,-6.617444900424221e-23,-5.017998519825267e-09,3.868e-09,0.0,0.0
3.045599999999995e-10,0.0,3.909994967405912e-08,3.909994967404951e-08,4.0004722509507256e-08,1.1499985198252682e-09,-1.1499985198252908e-09,-1.1499985198253294e-09,-6.617444900424221e-23,-5.017998519825267e-09,3.868e-09,0.0,0.0
3.065599999999995e-10,0.0,3.909994967405911e-08,3.909994967404966e-08,4.0004722509507176e-08,1.149998519825268e-09,-1.1499985198252874e-09,-1.1499985198253292e-09,-5.955700410381799e-23,-5.017998519825267e-09,3.868e-09,0.0,0.0
3.085599999999995e-10,0.0,3.909994967405912e-08,3.9099949674049814e-08,4.00047225095071e-08,1.1499985198252682e-09,-1.1499985198252841e-09,-1.1499985198253286e-09,-5.293955920339377e-23,-5.017998519825267e-09,3.868e-09,0.0,0.0
3.105599999999995e-10,0.0,3.9099949674059144e-08,3.9099949674049966e-08,4.000472250950702e-08,1.149998519825269e-09,-1.1499985198252806e-09,-1.1499985198253278e-09,-5.955700410381799e-23,-5.017998519825267e-09,3.868e-09,0.0,0.0
3.125599999999995e-10,0.0,3.9099949674059164e-08,3.909994967405015e-08,4.000472250950694e-08,1.1499985198252695e-09,-1.1499985198252781e-09,-1.1499985198253265e-09,-5.955700410381799e-23,-5.017998519825267e-09,3.868e-09,0.0,0.0
3.145599999999995e-10,0.0,3.9099949674059204e-08,3.9099949674050337e-08,4.0004722509506865e-08,1.1499985198252707e-09,-1.1499985198252754e-09,-1.1499985198253247e-09,-5.955700410381799e-23,-5.017998519825267e-09,3.868e-09,0.0,0.0
3.1655999999999947e-10,0.0,3.909994967405925e-08,3.9099949674050515e-08,4.0004722509506786e-08,1.1499985198252721e-09,-1.149998519825273e-09,-1.149998519825323e-09,-5.293955920339377e-23,-5.017998519825267e-09,3.868e-09,0.0,0.0
3.1855999999999947e-10,0.0,3.9099949674059283e-08,3.9099949674050694e-08,4.000472250950671e-08,1.149998519825273e-09,-1.1499985198252703e-09,-1.1499985198253212e-09,-5.293955920339377e-23,-5.017998519825267e-09,3.868e-09,0.0,0.0
3.2055999999999946e-10,0.0,3.9099949674059316e-08,3.90999496740509e-08,4.000472250950664e-08,1.149998519825274e-09,-1.1499985198252684e-09,-1.1499985198253187e-09,-4.632211430296955e-23,-5.017998519825267e-09,3.868e-09,0.0,0.0
3.2255999999999945e-10,0.0,3.909994967405934e-08,3.9099949674051104e-08,4.000472250950657e-08,1.1499985198252748e-09,-1.1499985198252668e-09,-1.1499985198253158e-09,-4.632211430296955e-23,-5.017998519825267e-09,3.868e-09,0.0,0.0
3.2455999999999945e-10,0.0,3.9099949674059356e-08,3.90999496740513e-08,4.000472250950651e-08,1.1499985198252752e-09,-1.1499985198252645e-09,-1.149998519825313e-09,-4.632211430296955e-23,-5.017998519825267e-09,3.868e-09,0.0,0.0
3.2655999999999944e-10,0.0,3.9099949674059356e-08,3.909994967405148e-08,4.000472250950645e-08,1.1499985198252752e-09,-1.1499985198252624e-09,-1.14999851982531e-09,-3.3087224502121107e-23,-5.017998519825267e-09,3.868e-09,0.0,0.0
3.2855999999999943e-10,0.0,3.909994967405934e-08,3.909994967405166e-08,4.0004722509506395e-08,1.1499985198252748e-09,-1.14999851982526e-09,-1.1499985198253067e-09,-3.970466940254533e-23,-5.017998519825267e-09,3.868e-09,0.0,0.0
3.305599999999994e-10,0.0,3.909994967405931e-08,3.909994967405183e-08,4.000472250950634e-08,1.1499985198252738e-09,-1.1499985198252577e-09,-1.1499985198253034e-09,-3.970466940254533e-23,-5.017998519825267e-09,3.868e-09,0.0,0.0
3.325599999999994e-10,0.0,3.909994967405927e-08,3.9099949674052004e-08,4.0004722509506296e-08,1.1499985198252726e-09,-1.1499985198252554e-09,-1.1499985198252992e-09,-2.6469779601696886e-23,-5.017998519825267e-09,3.868e-09,0.0,0.0
3.345599999999994e-10,0.0,3.9099949674059224e-08,3.9099949674052156e-08,4.000472250950626e-08,1.1499985198252713e-09,-1.1499985198252527e-09,-1.1499985198252947e-09,-3.3087224502121107e-23,-5.017998519825267e-09,3.868e-09,0.0,0.0
3.365599999999994e-10,0.0,3.909994967405917e-08,3.9099949674052295e-08,4.000472250950624e-08,1.1499985198252697e-09,-1.1499985198252498e-09,-1.14999851982529e-09,-1.9852334701272664e-23,-5.017998519825267e-09,3.868e-09,0.0,0.0
3.385599999999994e-10,0.0,3.90999496740591e-08,3.909994967405242e-08,4.0004722509506223e-08,1.1499985198252676e-09,-1.1499985198252471e-09,-1.1499985198252852e-09,-1.3234889800848443e-23,-5.017998519825267e-09,3.868e-09,0.0,0.0
3.405599999999994e-10,0.0,3.9099949674059005e-08,3.909994967405255e-08,4.0004722509506204e-08,1.149998519825265e-09,-1.1499985198252444e-09,-1.1499985198252802e-09,-1.3234889800848443e-23,-5.017998519825267e-09,3.868e-09,0.0,0.0
3.425599999999994e-10,0.0,3.909994967405892e-08,3.9099949674052666e-08,4.0004722509506204e-08,1.1499985198252624e-09,-1.1499985198252415e-09,-1.149998519825275e-09,0.0,-5.017998519825267e-09,3.868e-09,0.0,0.0
3.445599999999994e-10,0.0,3.9099949674058794e-08,3.909994967405276e-08,4.000472250950621e-08,1.1499985198252587e-09,-1.1499985198252382e-09,-1.1499985198252699e-09,-6.617444900424222e-24,-5.017998519825267e-09,3.868e-09,0.0,0.0
3.4655999999999937e-10,0.0,3.9099949674058675e-08,3.909994967405287e-08,4.000472250950622e-08,1.1499985198252552e-09,-1.1499985198252355e-09,-1.1499985198252651e-09,0.0,-5.017998519825267e-09,3.868e-09,0.0,0.0
3.4855999999999936e-10,0.0,3.909994967405854e-08,3.9099949674052984e-08,4.000472250950624e-08,1.1499985198252513e-09,-1.149998519825233e-09,-1.1499985198252601e-09,1.3234889800848443e-23,-5.017998519825267e-09,3.868e-09,0.0,0.0
3.5055999999999936e-10,0.0,3.909994967405842e-08,3.909994967405308e-08,4.000472250950628e-08,1.1499985198252477e-09,-1.1499985198252304e-09,-1.1499985198252548e-09,6.617444900424222e-24,-5.017998519825267e-09,3.868e-09,0.0,0.0
3.5255999999999935e-10,0.0,3.909994967405828e-08,3.909994967405316e-08,4.0004722509506316e-08,1.1499985198252434e-09,-1.1499985198252273e-09,-1.1499985198252496e-09,1.9852334701272664e-23,-5.017998519825267e-09,3.868e-09,0.0,0.0
3.5455999999999934e-10,0.0,3.9099949674058145e-08,3.909994967405323e-08,4.0004722509506356e-08,1.1499985198252395e-09,-1.1499985198252242e-09,-1.1499985198252446e-09,1.9852334701272664e-23,-5.017998519825267e-09,3.868e-09,0.0,0.0
3.5655999999999934e-10,0.0,3.909994967405801e-08,3.909994967405328e-08,4.000472250950641e-08,1.1499985198252357e-09,-1.1499985198252209e-09,-1.1499985198252397e-09,2.6469779601696886e-23,-5.017998519825267e-09,3.868e-09,0.0,0.0
3.5855999999999933e-10,0.0,3.9099949674057854e-08,3.9099949674053334e-08,4.000472250950646e-08,1.149998519825231e-09,-1.1499985198252175e-09,-1.1499985198252345e-09,3.970466940254533e-23,-5.017998519825267e-09,3.868e-09,0.0,0.0
3.605599999999993e-10,0.0,3.90999496740577e-08,3.9099949674053374e-08,4.000472250950653e-08,1.1499985198252264e-09,-1.1499985198252142e-09,-1.149998519825229e-09,3.3087224502121107e-23,-5.017998519825267e-09,3.868e-09,0.0,0.0
3.625599999999993e-10,0.0,3.909994967405754e-08,3.90999496740534e-08,4.000472250950661e-08,1.1499985198252219e-09,-1.1499985198252107e-09,-1.1499985198252233e-09,4.632211430296955e-23,-5.017998519825267e-09,3.868e-09,0.0,0.0
3.645599999999993e-10,0.0,3.909994967405746e-08,3.909994967405344e-08,4.000472250950669e-08,1.1499985198252194e-09,-1.14999851982521e-09,-1.1499985198252184e-09,5.955700410381799e-23,-5.017998519825267e-09,3.868e-09,0.0,0.0
3.665599999999993e-10,0.0,3.9099949674057596e-08,3.909994967405343e-08,4.000472250950678e-08,1.1499985198252233e-09,-1.14999851982522e-09,-1.1499985198252134e-09,5.293955920339377e-23,-5.017998519825267e-09,3.868e-09,0.0,0.0
3.685599999999993e-10,0.0,3.909994967405786e-08,3.909994967405335e-08,4.000472250950687e-08,1.1499985198252312e-09,-1.1499985198252353e-09,-1.1499985198252084e-09,5.955700410381799e-23,-5.017998519825267e-09,3.868e-09,0.0,0.0
3.705599999999993e-10,0.0,3.909994967405729e-08,3.909994967405327e-08,4.000472250950698e-08,1.1499985198252144e-09,-1.149998519825209e-09,-1.149998519825204e-09,6.617444900424221e-23,-5.017998519825267e-09,3.868e-09,0.0,0.0
3.725599999999993e-10,0.0,3.9099949674057014e-08,3.909994967405323e-08,4.000472250950709e-08,1.1499985198252062e-09,-1.1499985198251981e-09,-1.1499985198251996e-09,6.617444900424221e-23,-5.017998519825267e-09,3.868e-09,0.0,0.0
3.7455999999999927e-10,0.0,3.9099949674056775e-08,3.9099949674053215e-08,4.000472250950721e-08,1.1499985198251993e-09,-1.1499985198251878e-09,-1.1499985198251952e-09,6.617444900424221e-23,-5.017998519825267e-09,3.868e-09,0.0,0.0
3.7655999999999927e-10,0.0,3.909994967405656e-08,3.909994967405324e-08,4.000472250950733e-08,1.149998519825193e-09,-1.14999851982518e-09,-1.149998519825191e-09,7.279189390466644e-23,-5.017998519825267e-09,3.868e-09,0.0,0.0
3.7855999999999926e-10,0.0,3.9099949674056345e-08,3.90999496740533e-08,4.0004722509507454e-08,1.1499985198251865e-09,-1.1499985198251743e-09,-1.1499985198251871e-09,7.940933880509066e-23,-5.017998519825267e-09,3.868e-09,0.0,0.0
3.8055999999999925e-10,0.0,3.909994967405617e-08,3.909994967405335e-08,4.000472250950759e-08,1.1499985198251816e-09,-1.1499985198251698e-09,-1.1499985198251828e-09,9.26442286059391e-23,-5.017998519825267e-09,3.868e-09,0.0,0.0
3.8255999999999925e-10,0.0,3.9099949674056034e-08,3.9099949674053374e-08,4.000472250950774e-08,1.1499985198251774e-09,-1.1499985198251656e-09,-1.1499985198251789e-09,9.26442286059391e-23,-5.017998519825267e-09,3.868e-09,0.0,0.0
3.8455999999999924e-10,0.0,3.9099949674055935e-08,3.90999496740534e-08,4.00047225095079e-08,1.1499985198251745e-09,-1.1499985198251623e-09,-1.1499985198251752e-09,9.26442286059391e-23,-5.017998519825267e-09,3.868e-09,0.0,0.0
3.8655999999999923e-10,0.0,3.9099949674055856e-08,3.909994967405344e-08,4.000472250950806e-08,1.1499985198251723e-09,-1.1499985198251603e-09,-1.1499985198251714e-09,9.26442286059391e-23,-5.017998519825267e-09,3.868e-09,0.0,0.0
3.885599999999992e-10,0.0,3.9099949674055776e-08,3.909994967405346e-08,4.0004722509508235e-08,1.1499985198251698e-09,-1.1499985198251584e-09,-1.1499985198251683e-09,9.926167350636332e-23,-5.017998519825267e-09,3.868e-09,0.0,0.0
3.905599999999992e-10,0.0,3.909994967405572e-08,3.909994967405349e-08,4.00047225095084e-08,1.1499985198251683e-09,-1.1499985198251574e-09,-1.1499985198251654e-09,1.0587911840678754e-22,-5.017998519825267e-09,3.868e-09,0.0,0.0
3.925599999999992e-10,0.0,3.909994967405571e-08,3.909994967405352e-08,4.000472250950856e-08,1.149998519825168e-09,-1.149998519825157e-09,-1.1499985198251623e-09,1.0587911840678754e-22,-5.017998519825267e-09,3.868e-09,0.0,0.0
3.945599999999992e-10,0.0,3.9099949674055703e-08,3.9099949674053526e-08,4.000472250950873e-08,1.1499985198251677e-09,-1.1499985198251565e-09,-1.1499985198251594e-09,1.1249656330721176e-22,-5.017998519825267e-09,3.868e-09,0.0,0.0
3.965599999999992e-10,0.0,3.909994967405569e-08,3.909994967405353e-08,4.000472250950891e-08,1.1499985198251673e-09,-1.1499985198251563e-09,-1.1499985198251565e-09,1.1249656330721176e-22,-5.017998519825267e-09,3.868e-09,0.0,0.0
3.985599999999992e-10,0.0,3.909994967405569e-08,3.9099949674053526e-08,4.0004722509509095e-08,1.1499985198251673e-09,-1.149998519825156e-09,-1.1499985198251543e-09,1.1249656330721176e-22,-5.017998519825267e-09,3.868e-09,0.0,0.0
4.005599999999992e-10,0.0,3.9099949674055683e-08,3.909994967405352e-08,4.000472250950928e-08,1.149998519825167e-09,-1.1499985198251561e-09,-1.1499985198251526e-09,1.257314531080602e-22,-5.017998519825267e-09,3.868e-09,0.0,0.0
4.025599999999992e-10,0.0,3.909994967405567e-08,3.909994967405349e-08,4.000472250950947e-08,1.1499985198251667e-09,-1.1499985198251557e-09,-1.149998519825151e-09,1.257314531080602e-22,-5.017998519825267e-09,3.868e-09,0.0,0.0
4.0455999999999917e-10,0.0,3.909994967405571e-08,3.9099949674053453e-08,4.0004722509509664e-08,1.149998519825168e-09,-1.1499985198251553e-09,-1.149998519825149e-09,1.1911400820763599e-22,-5.017998519825267e-09,3.868e-09,0.0,0.0
4.0655999999999916e-10,0.0,3.909994967405571e-08,3.9099949674053414e-08,4.000472250950985e-08,1.149998519825168e-09,-1.1499985198251549e-09,-1.1499985198251476e-09,1.1911400820763599e-22,-5.017998519825267e-09,3.868e-09,0.0,0.0
4.0855999999999916e-10,0.0,3.909994967405574e-08,3.9099949674053374e-08,4.000472250951005e-08,1.149998519825169e-09,-1.1499985198251543e-09,-1.1499985198251462e-09,1.1911400820763599e-22,-5.017998519825267e-09,3.868e-09,0.0,0.0
4.1055999999999915e-10,0.0,3.909994967405577e-08,3.909994967405332e-08,4.000472250951025e-08,1.1499985198251698e-09,-1.1499985198251536e-09,-1.1499985198251452e-09,1.3234889800848443e-22,-5.017998519825267e-09,3.868e-09,0.0,0.0
4.1255999999999914e-10,0.0,3.90999496740558e-08,3.909994967405328e-08,4.000472250951045e-08,1.1499985198251706e-09,-1.1499985198251532e-09,-1.1499985198251445e-09,1.3234889800848443e-22,-5.017998519825267e-09,3.868e-09,0.0,0.0
4.1455999999999914e-10,0.0,3.909994967405586e-08,3.909994967405323e-08,4.0004722509510664e-08,1.1499985198251725e-09,-1.1499985198251524e-09,-1.1499985198251441e-09,1.3234889800848443e-22,-5.017998519825267e-09,3.868e-09,0.0,0.0
4.1655999999999913e-10,0.0,3.9099949674055895e-08,3.909994967405317e-08,4.000472250951087e-08,1.1499985198251733e-09,-1.1499985198251514e-09,-1.1499985198251441e-09,1.257314531080602e-22,-5.017998519825267e-09,3.868e-09,0.0,0.0
4.185599999999991e-10,0.0,3.9099949674055935e-08,3.909994967405312e-08,4.000472250951108e-08,1.1499985198251745e-09,-1.1499985198251503e-09,-1.1499985198251443e-09,1.3234889800848443e-22,-5.017998519825267e-09,3.868e-09,0.0,0.0
4.205599999999991e-10,0.0,3.9099949674055935e-08,3.9099949674053096e-08,4.0004722509511286e-08,1.1499985198251745e-09,-1.1499985198251495e-09,-1.1499985198251448e-09,1.257314531080602e-22,-5.017998519825267e-09,3.868e-09,0.0,0.0
4.225599999999991e-10,0.0,3.909994967405597e-08,3.9099949674053056e-08,4.00047225095115e-08,1.1499985198251756e-09,-1.1499985198251485e-09,-1.1499985198251458e-09,1.3234889800848443e-22,-5.017998519825267e-09,3.868e-09,0.0,0.0
4.245599999999991e-10,0.0,3.9099949674055994e-08,3.909994967405303e-08,4.00047225095117e-08,1.1499985198251764e-09,-1.1499985198251474e-09,-1.1499985198251468e-09,1.1911400820763599e-22,-5.017998519825267e-09,3.868e-09,0.0,0.0
4.265599999999991e-10,0.0,3.909994967405599e-08,3.9099949674053037e-08,4.00047225095119e-08,1.1499985198251762e-09,-1.149998519825147e-09,-1.149998519825148e-09,1.1911400820763599e-22,-5.017998519825267e-09,3.868e-09,0.0,0.0
4.285599999999991e-10,0.0,3.909994967405599e-08,3.9099949674053056e-08,4.000472250951209e-08,1.1499985198251762e-09,-1.149998519825147e-09,-1.14999851982515e-09,1.1911400820763599e-22,-5.017998519825267e-09,3.868e-09,0.0,0.0
4.305599999999991e-10,0.0,3.9099949674055975e-08,3.909994967405307e-08,4.0004722509512285e-08,1.1499985198251758e-09,-1.1499985198251466e-09,-1.1499985198251518e-09,1.1911400820763599e-22,-5.017998519825267e-09,3.868e-09,0.0,0.0
4.3255999999999907e-10,0.0,3.909994967405598e-08,3.909994967405308e-08,4.000472250951248e-08,1.149998519825176e-09,-1.1499985198251462e-09,-1.1499985198251534e-09,1.257314531080602e-22,-5.017998519825267e-09,3.868e-09,0.0,0.0
4.3455999999999907e-10,0.0,3.909994967405596e-08,3.9099949674053096e-08,4.0004722509512656e-08,1.1499985198251754e-09,-1.1499985198251454e-09,-1.1499985198251553e-09,1.1249656330721176e-22,-5.017998519825267e-09,3.868e-09,0.0,0.0
4.3655999999999906e-10,0.0,3.9099949674055935e-08,3.909994967405311e-08,4.0004722509512834e-08,1.1499985198251745e-09,-1.1499985198251445e-09,-1.1499985198251567e-09,1.1249656330721176e-22,-5.017998519825267e-09,3.868e-09,0.0,0.0
4.3855999999999905e-10,0.0,3.9099949674055935e-08,3.909994967405315e-08,4.000472250951301e-08,1.1499985198251745e-09,-1.1499985198251443e-09,-1.1499985198251586e-09,1.1249656330721176e-22,-5.017998519825267e-09,3.868e-09,0.0,0.0
4.4055999999999905e-10,0.0,3.909994967405592e-08,3.90999496740532e-08,4.00047225095132e-08,1.1499985198251741e-09,-1.149998519825144e-09,-1.1499985198251613e-09,1.1249656330721176e-22,-5.017998519825267e-09,3.868e-09,0.0,0.0
4.4255999999999904e-10,0.0,3.909994967405591e-08,3.909994967405327e-08,4.000472250951338e-08,1.1499985198251737e-09,-1.1499985198251441e-09,-1.149998519825164e-09,1.0587911840678754e-22,-5.017998519825267e-09,3.868e-09,0.0,0.0
4.4455999999999903e-10,0.0,3.909994967405587e-08,3.909994967405334e-08,4.000472250951354e-08,1.1499985198251727e-09,-1.1499985198251443e-09,-1.1499985198251669e-09,1.0587911840678754e-22,-5.017998519825267e-09,3.868e-09,0.0,0.0
4.46559999999999e-10,0.0,3.909994967405584e-08,3.909994967405343e-08,4.000472250951371e-08,1.1499985198251718e-09,-1.1499985198251448e-09,-1.1499985198251696e-09,1.0587911840678754e-22,-5.017998519825267e-09,3.868e-09,0.0,0.0
4.48559999999999e-10,0.0,3.9099949674055796e-08,3.909994967405352e-08,4.0004722509513867e-08,1.1499985198251704e-09,-1.1499985198251452e-09,-1.1499985198251718e-09,1.0587911840678754e-22,-5.017998519825267e-09,3.868e-09,0.0,0.0
4.50559999999999e-10,0.0,3.909994967405574e-08,3.909994967405362e-08,4.000472250951402e-08,1.149998519825169e-09,-1.1499985198251458e-09,-1.1499985198251745e-09,9.26442286059391e-23,-5.017998519825267e-09,3.868e-09,0.0,0.0
4.52559999999999e-10,0.0,3.909994967405569e-08,3.909994967405373e-08,4.000472250951417e-08,1.1499985198251673e-09,-1.1499985198251464e-09,-1.1499985198251774e-09,9.26442286059391e-23,-5.017998519825267e-09,3.868e-09,0.0,0.0
4.54559999999999e-10,0.0,3.9099949674055644e-08,3.9099949674053844e-08,4.000472250951432e-08,1.149998519825166e-09,-1.1499985198251474e-09,-1.149998519825181e-09,9.26442286059391e-23,-5.017998519825267e-09,3.868e-09,0.0,0.0
4.56559999999999e-10,0.0,3.9099949674055683e-08,3.9099949674053976e-08,4.000472250951447e-08,1.149998519825167e-09,-1.1499985198251497e-09,-1.1499985198251845e-09,8.602678370551488e-23,-5.017998519825267e-09,3.868e-09,0.0,0.0
4.58559999999999e-10,0.0,3.909994967405591e-08,3.909994967405411e-08,4.00047225095146e-08,1.1499985198251737e-09,-1.149998519825154e-09,-1.1499985198251876e-09,9.26442286059391e-23,-5.017998519825267e-09,3.868e-09,0.0,0.0
4.60559999999999e-10,0.0,3.909994967405606e-08,3.909994967405424e-08,4.0004722509514733e-08,1.1499985198251783e-09,-1.149998519825158e-09,-1.1499985198251907e-09,7.940933880509066e-23,-5.017998519825267e-09,3.868e-09,0.0,0.0
4.6255999999999897e-10,0.0,3.909994967405548e-08,3.909994967405437e-08,4.000472250951485e-08,1.149998519825161e-09,-1.149998519825155e-09,-1.149998519825194e-09,7.940933880509066e-23,-5.017998519825267e-09,3.868e-09,0.0,0.0
4.6455999999999896e-10,0.0,3.909994967405527e-08,3.909994967405451e-08,4.000472250951497e-08,1.149998519825155e-09,-1.1499985198251557e-09,-1.1499985198251969e-09,7.279189390466644e-23,-5.017998519825267e-09,3.868e-09,0.0,0.0
4.66559999999999e-10,0.0,3.909994967405507e-08,3.909994967405467e-08,4.00047225095151e-08,1.149998519825149e-09,-1.1499985198251563e-09,-1.1499985198251998e-09,6.617444900424221e-23,-5.017998519825267e-09,3.868e-09,0.0,0.0
4.68559999999999e-10,0.0,3.909994967405493e-08,3.909994967405484e-08,4.000472250951521e-08,1.149998519825145e-09,-1.1499985198251578e-09,-1.149998519825203e-09,7.279189390466644e-23,-5.017998519825267e-09,3.868e-09,0.0,0.0
4.705599999999989e-10,0.0,3.909994967405484e-08,3.909994967405501e-08,4.000472250951531e-08,1.1499985198251425e-09,-1.1499985198251592e-09,-1.149998519825206e-09,7.279189390466644e-23,-5.017998519825267e-09,3.868e-09,0.0,0.0
4.725599999999989e-10,0.0,3.9099949674054784e-08,3.909994967405518e-08,4.000472250951542e-08,1.1499985198251406e-09,-1.149998519825161e-09,-1.1499985198252082e-09,5.955700410381799e-23,-5.017998519825267e-09,3.868e-09,0.0,0.0
4.745599999999989e-10,0.0,3.909994967405472e-08,3.9099949674055366e-08,4.000472250951553e-08,1.1499985198251388e-09,-1.1499985198251636e-09,-1.1499985198252107e-09,6.617444900424221e-23,-5.017998519825267e-09,3.868e-09,0.0,0.0
4.765599999999989e-10,0.0,3.909994967405466e-08,3.909994967405554e-08,4.000472250951563e-08,1.1499985198251369e-09,-1.1499985198251663e-09,-1.1499985198252132e-09,6.617444900424221e-23,-5.017998519825267e-09,3.868e-09,0.0,0.0
4.785599999999989e-10,0.0,3.909994967405463e-08,3.9099949674055717e-08,4.000472250951571e-08,1.1499985198251363e-09,-1.149998519825169e-09,-1.1499985198252159e-09,5.293955920339377e-23,-5.017998519825267e-09,3.868e-09,0.0,0.0
4.805599999999989e-10,0.0,3.909994967405461e-08,3.9099949674055895e-08,4.00047225095158e-08,1.1499985198251357e-09,-1.149998519825172e-09,-1.1499985198252182e-09,5.955700410381799e-23,-5.017998519825267e-09,3.868e-09,0.0,0.0
4.825599999999989e-10,0.0,3.9099949674054605e-08,3.909994967405608e-08,4.0004722509515885e-08,1.1499985198251354e-09,-1.1499985198251752e-09,-1.1499985198252206e-09,5.293955920339377e-23,-5.017998519825267e-09,3.868e-09,0.0,0.0
4.845599999999989e-10,0.0,3.9099949674054605e-08,3.9099949674056246e-08,4.000472250951596e-08,1.1499985198251354e-09,-1.1499985198251785e-09,-1.149998519825223e-09,5.293955920339377e-23,-5.017998519825267e-09,3.868e-09,0.0,0.0
4.865599999999989e-10,0.0,3.90999496740546e-08,3.909994967405641e-08,4.000472250951604e-08,1.1499985198251352e-09,-1.1499985198251818e-09,-1.1499985198252252e-09,4.632211430296955e-23,-5.017998519825267e-09,3.868e-09,0.0,0.0
4.885599999999989e-10,0.0,3.90999496740546e-08,3.9099949674056564e-08,4.0004722509516116e-08,1.1499985198251352e-09,-1.1499985198251847e-09,-1.149998519825227e-09,4.632211430296955e-23,-5.017998519825267e-09,3.868e-09,0.0,0.0
4.905599999999989e-10,0.0,3.9099949674054585e-08,3.9099949674056716e-08,4.0004722509516196e-08,1.1499985198251348e-09,-1.1499985198251878e-09,-1.1499985198252287e-09,4.632211430296955e-23,-5.017998519825267e-09,3.868e-09,0.0,0.0
4.925599999999989e-10,0.0,3.9099949674054585e-08,3.909994967405687e-08,4.000472250951627e-08,1.1499985198251348e-09,-1.1499985198251909e-09,-1.1499985198252302e-09,4.632211430296955e-23,-5.017998519825267e-09,3.868e-09,0.0,0.0
4.945599999999989e-10,0.0,3.909994967405457e-08,3.9099949674057014e-08,4.0004722509516335e-08,1.1499985198251344e-09,-1.1499985198251934e-09,-1.149998519825232e-09,4.632211430296955e-23,-5.017998519825267e-09,3.868e-09,0.0,0.0
4.965599999999989e-10,0.0,3.9099949674054545e-08,3.909994967405716e-08,4.0004722509516394e-08,1.1499985198251336e-09,-1.1499985198251967e-09,-1.1499985198252337e-09,3.3087224502121107e-23,-5.017998519825267e-09,3.868e-09,0.0,0.0
4.985599999999988e-10,0.0,3.9099949674054506e-08,3.9099949674057305e-08,4.000472250951646e-08,1.1499985198251326e-09,-1.1499985198251998e-09,-1.1499985198252351e-09,3.3087224502121107e-23,-5.017998519825267e-09,3.868e-09,0.0,0.0
5.005599999999988e-10,0.0,3.909994967405448e-08,3.909994967405744e-08,4.000472250951652e-08,1.1499985198251317e-09,-1.1499985198252029e-09,-1.1499985198252368e-09,3.970466940254533e-23,-5.017998519825267e-09,3.868e-09,0.0,0.0
5.025599999999988e-10,0.0,3.9099949674054446e-08,3.909994967405756e-08,4.000472250951657e-08,1.1499985198251307e-09,-1.1499985198252053e-09,-1.1499985198252382e-09,3.970466940254533e-23,-5.017998519825267e-09,3.868e-09,0.0,0.0
5.045599999999988e-10,0.0,3.9099949674054426e-08,3.9099949674057695e-08,4.000472250951663e-08,1.14999851982513e-09,-1.1499985198252084e-09,-1.1499985198252395e-09,3.3087224502121107e-23,-5.017998519825267e-09,3.868e-09,0.0,0.0
5.065599999999988e-10,0.0,3.909994967405439e-08,3.909994967405781e-08,4.000472250951669e-08,1.1499985198251292e-09,-1.1499985198252113e-09,-1.149998519825241e-09,3.970466940254533e-23,-5.017998519825267e-09,3.868e-09,0.0,0.0
5.085599999999988e-10,0.0,3.9099949674054334e-08,3.90999496740579e-08,4.0004722509516745e-08,1.1499985198251274e-09,-1.1499985198252134e-09,-1.149998519825242e-09,3.3087224502121107e-23,-5.017998519825267e-09,3.868e-09,0.0,0.0
5.105599999999988e-10,0.0,3.90999496740543e-08,3.909994967405798e-08,4.00047225095168e-08,1.1499985198251266e-09,-1.1499985198252153e-09,-1.149998519825243e-09,3.3087224502121107e-23,-5.017998519825267e-09,3.868e-09,0.0,0.0
5.125599999999988e-10,0.0,3.909994967405428e-08,3.909994967405806e-08,4.000472250951684e-08,1.149998519825126e-09,-1.149998519825217e-09,-1.149998519825244e-09,2.6469779601696886e-23,-5.017998519825267e-09,3.868e-09,0.0,0.0
5.145599999999988e-10,0.0,3.909994967405424e-08,3.909994967405814e-08,4.000472250951688e-08,1.1499985198251247e-09,-1.149998519825219e-09,-1.149998519825245e-09,1.9852334701272664e-23,-5.017998519825267e-09,3.868e-09,0.0,0.0
5.165599999999988e-10,0.0,3.909994967405421e-08,3.909994967405822e-08,4.0004722509516924e-08,1.1499985198251237e-09,-1.1499985198252204e-09,-1.149998519825246e-09,1.9852334701272664e-23,-5.017998519825267e-09,3.868e-09,0.0,0.0
5.185599999999988e-10,0.0,3.9099949674054214e-08,3.90999496740583e-08,4.000472250951697e-08,1.1499985198251239e-09,-1.1499985198252219e-09,-1.1499985198252473e-09,1.9852334701272664e-23,-5.017998519825267e-09,3.868e-09,0.0,0.0
5.205599999999988e-10,0.0,3.9099949674054214e-08,3.9099949674058383e-08,4.000472250951701e-08,1.1499985198251239e-09,-1.1499985198252238e-09,-1.1499985198252482e-09,1.9852334701272664e-23,-5.017998519825267e-09,3.868e-09,0.0,0.0
5.225599999999988e-10,0.0,3.9099949674054214e-08,3.909994967405847e-08,4.000472250951705e-08,1.1499985198251239e-09,-1.1499985198252256e-09,-1.149998519825249e-09,1.9852334701272664e-23,-5.017998519825267e-09,3.868e-09,0.0,0.0
5.245599999999988e-10,0.0,3.909994967405422e-08,3.909994967405856e-08,4.0004722509517096e-08,1.149998519825124e-09,-1.1499985198252273e-09,-1.1499985198252498e-09,1.9852334701272664e-23,-5.017998519825267e-09,3.868e-09,0.0,0.0
5.265599999999987e-10,0.0,3.9099949674054195e-08,3.909994967405864e-08,4.0004722509517136e-08,1.1499985198251235e-09,-1.1499985198252285e-09,-1.1499985198252508e-09,1.3234889800848443e-23,-5.017998519825267e-09,3.868e-09,0.0,0.0
5.285599999999987e-10,0.0,3.909994967405419e-08,3.909994967405871e-08,4.000472250951716e-08,1.1499985198251232e-09,-1.1499985198252297e-09,-1.149998519825252e-09,1.3234889800848443e-23,-5.017998519825267e-09,3.868e-09,0.0,0.0
5.305599999999987e-10,0.0,3.90999496740542e-08,3.9099949674058774e-08,4.000472250951719e-08,1.1499985198251235e-09,-1.1499985198252312e-09,-1.1499985198252527e-09,1.3234889800848443e-23,-5.017998519825267e-09,3.868e-09,0.0,0.0
5.325599999999987e-10,0.0,3.9099949674054214e-08,3.909994967405883e-08,4.000472250951722e-08,1.1499985198251239e-09,-1.149998519825232e-09,-1.1499985198252531e-09,6.617444900424222e-24,-5.017998519825267e-09,3.868e-09,0.0,0.0
5.345599999999987e-10,0.0,3.909994967405425e-08,3.909994967405888e-08,4.0004722509517255e-08,1.149998519825125e-09,-1.1499985198252328e-09,-1.1499985198252535e-09,1.3234889800848443e-23,-5.017998519825267e-09,3.868e-09,0.0,0.0
5.365599999999987e-10,0.0,3.909994967405429e-08,3.9099949674058946e-08,4.000472250951729e-08,1.1499985198251261e-09,-1.1499985198252339e-09,-1.149998519825254e-09,1.3234889800848443e-23,-5.017998519825267e-09,3.868e-09,0.0,0.0
5.385599999999987e-10,0.0,3.9099949674054334e-08,3.9099949674059025e-08,4.000472250951732e-08,1.1499985198251274e-09,-1.1499985198252353e-09,-1.1499985198252544e-09,1.3234889800848443e-23,-5.017998519825267e-09,3.868e-09,0.0,0.0
5.405599999999987e-10,0.0,3.9099949674054386e-08,3.9099949674059105e-08,4.0004722509517354e-08,1.149998519825129e-09,-1.1499985198252366e-09,-1.149998519825255e-09,1.3234889800848443e-23,-5.017998519825267e-09,3.868e-09,0.0,0.0
5.425599999999987e-10,0.0,3.9099949674054446e-08,3.9099949674059184e-08,4.000472250951739e-08,1.1499985198251307e-09,-1.1499985198252374e-09,-1.149998519825256e-09,1.3234889800848443e-23,-5.017998519825267e-09,3.868e-09,0.0,0.0
5.445599999999987e-10,0.0,3.90999496740545e-08,3.909994967405926e-08,4.000472250951742e-08,1.1499985198251323e-09,-1.1499985198252384e-09,-1.1499985198252573e-09,1.3234889800848443e-23,-5.017998519825267e-09,3.868e-09,0.0,0.0
5.465599999999987e-10,0.0,3.9099949674054565e-08,3.909994967405932e-08,4.0004722509517447e-08,1.1499985198251342e-09,-1.1499985198252395e-09,-1.1499985198252579e-09,1.3234889800848443e-23,-5.017998519825267e-09,3.868e-09,0.0,0.0
5.485599999999987e-10,0.0,3.909994967405467e-08,3.909994967405938e-08,4.0004722509517466e-08,1.1499985198251373e-09,-1.1499985198252415e-09,-1.149998519825258e-09,1.3234889800848443e-23,-5.017998519825267e-09,3.868e-09,0.0,0.0
5.505599999999987e-10,0.0,3.9099949674054817e-08,3.909994967405943e-08,4.000472250951749e-08,1.1499985198251417e-09,-1.1499985198252446e-09,-1.149998519825258e-09,1.3234889800848443e-23,-5.017998519825267e-09,3.868e-09,0.0,0.0
5.525599999999987e-10,0.0,3.909994967405493e-08,3.909994967405946e-08,4.000472250951751e-08,1.149998519825145e-09,-1.1499985198252453e-09,-1.149998519825258e-09,6.617444900424222e-24,-5.017998519825267e-09,3.868e-09,0.0,0.0
5.545599999999987e-10,0.0,3.909994967405493e-08,3.9099949674059515e-08,4.000472250951754e-08,1.149998519825145e-09,-1.149998519825241e-09,-1.1499985198252579e-09,6.617444900424222e-24,-5.017998519825267e-09,3.868e-09,0.0,0.0
5.565599999999986e-10,0.0,3.909994967405501e-08,3.909994967405958e-08,4.000472250951756e-08,1.1499985198251472e-09,-1.1499985198252405e-09,-1.1499985198252575e-09,6.617444900424222e-24,-5.017998519825267e-09,3.868e-09,0.0,0.0
5.585599999999986e-10,0.0,3.909994967405508e-08,3.909994967405964e-08,4.0004722509517586e-08,1.1499985198251495e-09,-1.1499985198252399e-09,-1.1499985198252573e-09,6.617444900424222e-24,-5.017998519825267e-09,3.868e-09,0.0,0.0
5.605599999999986e-10,0.0,3.909994967405518e-08,3.9099949674059694e-08,4.0004722509517605e-08,1.1499985198251524e-09,-1.1499985198252399e-09,-1.1499985198252573e-09,1.3234889800848443e-23,-5.017998519825267e-09,3.868e-09,0.0,0.0
5.625599999999986e-10,0.0,3.909994967405528e-08,3.909994967405975e-08,4.0004722509517625e-08,1.1499985198251553e-09,-1.1499985198252403e-09,-1.1499985198252573e-09,1.3234889800848443e-23,-5.017998519825267e-09,3.868e-09,0.0,0.0
5.645599999999986e-10,0.0,3.909994967405539e-08,3.9099949674059806e-08,4.000472250951765e-08,1.1499985198251586e-09,-1.1499985198252407e-09,-1.1499985198252573e-09,1.3234889800848443e-23,-5.017998519825267e-09,3.868e-09,0.0,0.0
5.665599999999986e-10,0.0,3.909994967405552e-08,3.9099949674059846e-08,4.0004722509517685e-08,1.1499985198251623e-09,-1.1499985198252411e-09,-1.1499985198252573e-09,6.617444900424222e-24,-5.017998519825267e-09,3.868e-09,0.0,0.0
5.685599999999986e-10,0.0,3.9099949674055644e-08,3.909994967405988e-08,4.0004722509517705e-08,1.149998519825166e-09,-1.1499985198252411e-09,-1.1499985198252575e-09,6.617444900424222e-24,-5.017998519825267e-09,3.868e-09,0.0,0.0
5.705599999999986e-10,0.0,3.909994967405577e-08,3.909994967405994e-08,4.000472250951772e-08,1.1499985198251698e-09,-1.1499985198252422e-09,-1.1499985198252579e-09,1.3234889800848443e-23,-5.017998519825267e-09,3.868e-09,0.0,0.0
5.725599999999986e-10,0.0,3.909994967405591e-08,3.9099949674060005e-08,4.000472250951774e-08,1.1499985198251737e-09,-1.149998519825243e-09,-1.149998519825258e-09,1.3234889800848443e-23,-5.017998519825267e-09,3.868e-09,0.0,0.0
5.745599999999986e-10,0.0,3.909994967405605e-08,3.909994967406005e-08,4.000472250951776e-08,1.1499985198251778e-09,-1.1499985198252442e-09,-1.149998519825258e-09,6.617444900424222e-24,-5.017998519825267e-09,3.868e-09,0.0,0.0
5.765599999999986e-10,0.0,3.9099949674056186e-08,3.909994967406009e-08,4.0004722509517784e-08,1.149998519825182e-09,-1.149998519825245e-09,-1.149998519825258e-09,1.3234889800848443e-23,-5.017998519825267e-09,3.868e-09,0.0,0.0
5.785599999999986e-10,0.0,3.9099949674056306e-08,3.909994967406013e-08,4.0004722509517804e-08,1.1499985198251855e-09,-1.1499985198252457e-09,-1.149998519825258e-09,6.617444900424222e-24,-5.017998519825267e-09,3.868e-09,0.0,0.0
5.805599999999986e-10,0.0,3.9099949674056425e-08,3.9099949674060163e-08,4.0004722509517824e-08,1.149998519825189e-09,-1.1499985198252463e-09,-1.149998519825258e-09,1.3234889800848443e-23,-5.017998519825267e-09,3.868e-09,0.0,0.0
5.825599999999986e-10,0.0,3.909994967405656e-08,3.9099949674060197e-08,4.0004722509517844e-08,1.149998519825193e-09,-1.149998519825247e-09,-1.149998519825258e-09,1.3234889800848443e-23,-5.017998519825267e-09,3.868e-09,0.0,0.0
5.845599999999985e-10,0.0,3.9099949674056676e-08,3.9099949674060216e-08,4.0004722509517863e-08,1.1499985198251962e-09,-1.1499985198252473e-09,-1.1499985198252579e-09,1.3234889800848443e-23,-5.017998519825267e-09,3.868e-09,0.0,0.0
5.865599999999985e-10,0.0,3.909994967405678e-08,3.909994967406024e-08,4.000472250951788e-08,1.1499985198251996e-09,-1.1499985198252475e-09,-1.1499985198252575e-09,6.617444900424222e-24,-5.017998519825267e-09,3.868e-09,0.0,0.0
5.885599999999985e-10,0.0,3.9099949674056914e-08,3.909994967406029e-08,4.0004722509517897e-08,1.1499985198252033e-09,-1.1499985198252482e-09,-1.1499985198252573e-09,1.3234889800848443e-23,-5.017998519825267e-09,3.868e-09,0.0,0.0
5.905599999999985e-10,0.0,3.9099949674057033e-08,3.909994967406032e-08,4.000472250951792e-08,1.1499985198252068e-09,-1.1499985198252486e-09,-1.1499985198252568e-09,1.3234889800848443e-23,-5.017998519825267e-09,3.868e-09,0.0,0.0
5.925599999999985e-10,0.0,3.909994967405716e-08,3.909994967406035e-08,4.000472250951795e-08,1.1499985198252105e-09,-1.149998519825249e-09,-1.149998519825256e-09,6.617444900424222e-24,-5.017998519825267e-09,3.868e-09,0.0,0.0
5.945599999999985e-10,0.0,3.909994967405725e-08,3.909994967406036e-08,4.000472250951798e-08,1.1499985198252132e-09,-1.1499985198252492e-09,-1.1499985198252556e-09,1.3234889800848443e-23,-5.017998519825267e-09,3.868e-09,0.0,0.0
5.965599999999985e-10,0.0,3.9099949674057364e-08,3.9099949674060375e-08,4.000472250951801e-08,1.1499985198252165e-09,-1.149998519825249e-09,-1.149998519825255e-09,1.3234889800848443e-23,-5.017998519825267e-09,3.868e-09,0.0,0.0
5.985599999999985e-10,0.0,3.909994967405746e-08,3.90999496740604e-08,4.000472250951804e-08,1.1499985198252194e-09,-1.1499985198252492e-09,-1.1499985198252544e-09,1.3234889800848443e-23,-5.017998519825267e-09,3.868e-09,0.0,0.0
6.005599999999985e-10,0.0,3.9099949674057556e-08,3.9099949674060415e-08,4.0004722509518075e-08,1.1499985198252223e-09,-1.149998519825249e-09,-1.1499985198252541e-09,6.617444900424222e-24,-5.017998519825267e-09,3.868e-09,0.0,0.0
6.025599999999985e-10,0.0,3.909994967405761e-08,3.909994967406043e-08,4.000472250951811e-08,1.1499985198252238e-09,-1.1499985198252486e-09,-1.1499985198252541e-09,1.3234889800848443e-23,-5.017998519825267e-09,3.868e-09,0.0,0.0
6.045599999999985e-10,0.0,3.9099949674057675e-08,3.9099949674060455e-08,4.0004722509518135e-08,1.1499985198252258e-09,-1.149998519825249e-09,-1.1499985198252541e-09,1.3234889800848443e-23,-5.017998519825267e-09,3.868e-09,0.0,0.0
6.065599999999985e-10,0.0,3.9099949674057755e-08,3.909994967406048e-08,4.000472250951816e-08,1.149998519825228e-09,-1.1499985198252494e-09,-1.1499985198252541e-09,1.3234889800848443e-23,-5.017998519825267e-09,3.868e-09,0.0,0.0
6.085599999999985e-10,0.0,3.90999496740578e-08,3.90999496740605e-08,4.0004722509518194e-08,1.1499985198252293e-09,-1.1499985198252494e-09,-1.1499985198252541e-09,6.617444900424222e-24,-5.017998519825267e-09,3.868e-09,0.0,0.0
6.105599999999985e-10,0.0,3.9099949674057874e-08,3.9099949674060514e-08,4.000472250951823e-08,1.1499985198252316e-09,-1.1499985198252498e-09,-1.1499985198252541e-09,1.3234889800848443e-23,-5.017998519825267e-09,3.868e-09,0.0,0.0
6.125599999999985e-10,0.0,3.909994967405794e-08,3.9099949674060534e-08,4.000472250951826e-08,1.1499985198252335e-09,-1.1499985198252502e-09,-1.1499985198252541e-09,1.3234889800848443e-23,-5.017998519825267e-09,3.868e-09,0.0,0.0
6.145599999999984e-10,0.0,3.909994967405802e-08,3.9099949674060554e-08,4.000472250951829e-08,1.149998519825236e-09,-1.1499985198252506e-09,-1.1499985198252541e-09,1.3234889800848443e-23,-5.017998519825267e-09,3.868e-09,0.0,0.0
6.165599999999984e-10,0.0,3.9099949674058086e-08,3.9099949674060574e-08,4.0004722509518313e-08,1.1499985198252378e-09,-1.149998519825251e-09,-1.1499985198252541e-09,1.3234889800848443e-23,-5.017998519825267e-09,3.868e-09,0.0,0.0
6.185599999999984e-10,0.0,3.9099949674058145e-08,3.909994967406058e-08,4.0004722509518347e-08,1.1499985198252395e-09,-1.149998519825251e-09,-1.1499985198252541e-09,1.3234889800848443e-23,-5.017998519825267e-09,3.868e-09,0.0,0.0
6.205599999999984e-10,0.0,3.909994967405819e-08,3.9099949674060594e-08,4.000472250951838e-08,1.149998519825241e-09,-1.149998519825251e-09,-1.1499985198252541e-09,1.3234889800848443e-23,-5.017998519825267e-09,3.868e-09,0.0,0.0
6.225599999999984e-10,0.0,3.909994967405825e-08,3.90999496740606e-08,4.000472250951841e-08,1.1499985198252426e-09,-1.1499985198252515e-09,-1.1499985198252541e-09,6.617444900424222e-24,-5.017998519825267e-09,3.868e-09,0.0,0.0
6.245599999999984e-10,0.0,3.909994967405828e-08,3.90999496740606e-08,4.000472250951844e-08,1.1499985198252434e-09,-1.1499985198252517e-09,-1.1499985198252544e-09,6.617444900424222e-24,-5.017998519825267e-09,3.868e-09,0.0,0.0
6.265599999999984e-10,0.0,3.9099949674058324e-08,3.909994967406062e-08,4.0004722509518466e-08,1.1499985198252448e-09,-1.1499985198252523e-09,-1.1499985198252548e-09,6.617444900424222e-24,-5.017998519825267e-09,3.868e-09,0.0,0.0
6.285599999999984e-10,0.0,3.909994967405837e-08,3.909994967406064e-08,4.00047225095185e-08,1.149998519825246e-09,-1.1499985198252531e-09,-1.1499985198252552e-09,1.3234889800848443e-23,-5.017998519825267e-09,3.868e-09,0.0,0.0
6.305599999999984e-10,0.0,3.909994967405844e-08,3.909994967406064e-08,4.000472250951853e-08,1.1499985198252484e-09,-1.1499985198252537e-09,-1.1499985198252554e-09,1.3234889800848443e-23,-5.017998519825267e-09,3.868e-09,0.0,0.0
6.325599999999984e-10,0.0,3.9099949674058496e-08,3.909994967406064e-08,4.0004722509518565e-08,1.1499985198252498e-09,-1.1499985198252537e-09,-1.1499985198252554e-09,1.3234889800848443e-23,-5.017998519825267e-09,3.868e-09,0.0,0.0
6.345599999999984e-10,0.0,3.9099949674058536e-08,3.909994967406064e-08,4.00047225095186e-08,1.149998519825251e-09,-1.1499985198252546e-09,-1.1499985198252554e-09,1.3234889800848443e-23,-5.017998519825267e-09,3.868e-09,0.0,0.0
6.365599999999984e-10,0.0,3.9099949674058595e-08,3.9099949674060633e-08,4.000472250951863e-08,1.1499985198252527e-09,-1.1499985198252548e-09,-1.1499985198252554e-09,1.3234889800848443e-23,-5.017998519825267e-09,3.868e-09,0.0,0.0
6.385599999999984e-10,0.0,3.9099949674058635e-08,3.909994967406063e-08,4.0004722509518664e-08,1.149998519825254e-09,-1.1499985198252556e-09,-1.1499985198252554e-09,1.3234889800848443e-23,-5.017998519825267e-09,3.868e-09,0.0,0.0
6.405599999999984e-10,0.0,3.9099949674058714e-08,3.9099949674060613e-08,4.000472250951869e-08,1.1499985198252562e-09,-1.1499985198252566e-09,-1.1499985198252554e-09,1.3234889800848443e-23,-5.017998519825267e-09,3.868e-09,0.0,0.0
6.425599999999983e-10,0.0,3.909994967405879e-08,3.909994967406059e-08,4.000472250951872e-08,1.1499985198252585e-09,-1.1499985198252573e-09,-1.1499985198252554e-09,1.3234889800848443e-23,-5.017998519825267e-09,3.868e-09,0.0,0.0
6.445599999999983e-10,0.0,3.909994967405879e-08,3.909994967406056e-08,4.000472250951875e-08,1.1499985198252585e-09,-1.1499985198252577e-09,-1.1499985198252554e-09,1.3234889800848443e-23,-5.017998519825267e-09,3.868e-09,0.0,0.0
6.465599999999983e-10,0.0,3.909994967405872e-08,3.9099949674060534e-08,4.0004722509518783e-08,1.1499985198252564e-09,-1.149998519825257e-09,-1.1499985198252554e-09,6.617444900424222e-24,-5.017998519825267e-09,3.868e-09,0.0,0.0
6.485599999999983e-10,0.0,3.9099949674058754e-08,3.9099949674060514e-08,4.0004722509518816e-08,1.1499985198252575e-09,-1.1499985198252577e-09,-1.1499985198252556e-09,1.3234889800848443e-23,-5.017998519825267e-09,3.868e-09,0.0,0.0
6.505599999999983e-10,0.0,3.9099949674058774e-08,3.90999496740605e-08,4.000472250951884e-08,1.149998519825258e-09,-1.1499985198252579e-09,-1.1499985198252562e-09,1.3234889800848443e-23,-5.017998519825267e-09,3.868e-09,0.0,0.0
6.525599999999983e-10,0.0,3.909994967405879e-08,3.909994967406047e-08,4.000472250951887e-08,1.1499985198252585e-09,-1.149998519825258e-09,-1.1499985198252566e-09,1.3234889800848443e-23,-5.017998519825267e-09,3.868e-09,0.0,0.0
6.545599999999983e-10,0.0,3.909994967405883e-08,3.909994967406044e-08,4.0004722509518896e-08,1.1499985198252595e-09,-1.1499985198252587e-09,-1.149998519825257e-09,1.3234889800848443e-23,-5.017998519825267e-09,3.868e-09,0.0,0.0
6.565599999999983e-10,0.0,3.909994967405885e-08,3.909994967406042e-08,4.0004722509518916e-08,1.1499985198252604e-09,-1.1499985198252593e-09,-1.1499985198252575e-09,1.3234889800848443e-23,-5.017998519825267e-09,3.868e-09,0.0,0.0
6.585599999999983e-10,0.0,3.909994967405887e-08,3.909994967406039e-08,4.000472250951894e-08,1.149998519825261e-09,-1.1499985198252597e-09,-1.1499985198252583e-09,1.3234889800848443e-23,-5.017998519825267e-09,3.868e-09,0.0,0.0
6.605599999999983e-10,0.0,3.909994967405889e-08,3.9099949674060375e-08,4.000472250951896e-08,1.1499985198252616e-09,-1.1499985198252608e-09,-1.1499985198252595e-09,0.0,-5.017998519825267e-09,3.868e-09,0.0,0.0
6.625599999999983e-10,0.0,3.909994967405894e-08,3.9099949674060375e-08,4.0004722509518995e-08,1.1499985198252628e-09,-1.149998519825262e-09,-1.149998519825261e-09,6.617444900424222e-24,-5.017998519825267e-09,3.868e-09,0.0,0.0
6.645599999999983e-10,0.0,3.909994967405898e-08,3.909994967406036e-08,4.000472250951902e-08,1.149998519825264e-09,-1.149998519825263e-09,-1.149998519825262e-09,6.617444900424222e-24,-5.017998519825267e-09,3.868e-09,0.0,0.0
6.665599999999983e-10,0.0,3.9099949674059025e-08,3.9099949674060336e-08,4.000472250951904e-08,1.1499985198252655e-09,-1.1499985198252637e-09,-1.149998519825263e-09,6.617444900424222e-24,-5.017998519825267e-09,3.868e-09,0.0,0.0
6.685599999999983e-10,0.0,3.909994967405906e-08,3.9099949674060316e-08,4.000472250951906e-08,1.1499985198252663e-09,-1.1499985198252645e-09,-1.149998519825264e-09,6.617444900424222e-24,-5.017998519825267e-09,3.868e-09,0.0,0.0
6.705599999999983e-10,0.0,3.909994967405908e-08,3.9099949674060296e-08,4.000472250951908e-08,1.149998519825267e-09,-1.1499985198252655e-09,-1.1499985198252651e-09,0.0,-5.017998519825267e-09,3.868e-09,0.0,0.0
6.725599999999982e-10,0.0,3.909994967405911e-08,3.9099949674060296e-08,4.0004722509519094e-08,1.149998519825268e-09,-1.1499985198252666e-09,-1.1499985198252663e-09,6.617444900424222e-24,-5.017998519825267e-09,3.868e-09,0.0,0.0
6.745599999999982e-10,0.0,3.909994967405913e-08,3.9099949674060296e-08,4.00047225095191e-08,1.1499985198252686e-09,-1.1499985198252678e-09,-1.1499985198252674e-09,0.0,-5.017998519825267e-09,3.868e-09,0.0,0.0
6.765599999999982e-10,0.0,3.909994967405915e-08,3.909994967406029e-08,4.0004722509519114e-08,1.149998519825269e-09,-1.1499985198252688e-09,-1.1499985198252684e-09,-6.617444900424222e-24,-5.017998519825267e-09,3.868e-09,0.0,0.0
6.785599999999982e-10,0.0,3.909994967405917e-08,3.9099949674060276e-08,4.0004722509519134e-08,1.1499985198252697e-09,-1.1499985198252695e-09,-1.1499985198252695e-09,-6.617444900424222e-24,-5.017998519825267e-09,3.868e-09,0.0,0.0
6.805599999999982e-10,0.0,3.9099949674059204e-08,3.909994967406026e-08,4.000472250951915e-08,1.1499985198252707e-09,-1.1499985198252705e-09,-1.149998519825271e-09,-6.617444900424222e-24,-5.017998519825267e-09,3.868e-09,0.0,0.0
6.825599999999982e-10,0.0,3.909994967405922e-08,3.909994967406025e-08,4.0004722509519154e-08,1.1499985198252711e-09,-1.1499985198252715e-09,-1.1499985198252721e-09,-6.617444900424222e-24,-5.017998519825267e-09,3.868e-09,0.0,0.0
6.845599999999982e-10,0.0,3.909994967405924e-08,3.9099949674060236e-08,4.0004722509519154e-08,1.1499985198252717e-09,-1.1499985198252721e-09,-1.1499985198252732e-09,-6.617444900424222e-24,-5.017998519825267e-09,3.868e-09,0.0,0.0
6.865599999999982e-10,0.0,3.909994967405925e-08,3.909994967406023e-08,4.0004722509519154e-08,1.1499985198252721e-09,-1.1499985198252728e-09,-1.1499985198252744e-09,-6.617444900424222e-24,-5.017998519825267e-09,3.868e-09,0.0,0.0
6.885599999999982e-10,0.0,3.9099949674059244e-08,3.909994967406023e-08,4.0004722509519154e-08,1.149998519825272e-09,-1.149998519825274e-09,-1.1499985198252759e-09,-6.617444900424222e-24,-5.017998519825267e-09,3.868e-09,0.0,0.0
6.905599999999982e-10,0.0,3.909994967405926e-08,3.9099949674060236e-08,4.000472250951915e-08,1.1499985198252723e-09,-1.149998519825275e-09,-1.1499985198252769e-09,-1.3234889800848443e-23,-5.017998519825267e-09,3.868e-09,0.0,0.0
6.925599999999982e-10,0.0,3.909994967405926e-08,3.909994967406025e-08,4.000472250951914e-08,1.1499985198252723e-09,-1.149998519825276e-09,-1.149998519825278e-09,-1.3234889800848443e-23,-5.017998519825267e-09,3.868e-09,0.0,0.0
6.945599999999982e-10,0.0,3.909994967405926e-08,3.9099949674060256e-08,4.000472250951913e-08,1.1499985198252723e-09,-1.1499985198252767e-09,-1.149998519825279e-09,-1.3234889800848443e-23,-5.017998519825267e-09,3.868e-09,0.0,0.0
6.965599999999982e-10,0.0,3.9099949674059283e-08,3.909994967406025e-08,4.000472250951911e-08,1.149998519825273e-09,-1.149998519825277e-09,-1.1499985198252804e-09,-1.3234889800848443e-23,-5.017998519825267e-09,3.868e-09,0.0,0.0
6.985599999999982e-10,0.0,3.90999496740593e-08,3.909994967406025e-08,4.0004722509519094e-08,1.1499985198252736e-09,-1.149998519825278e-09,-1.1499985198252817e-09,-1.3234889800848443e-23,-5.017998519825267e-09,3.868e-09,0.0,0.0
7.005599999999981e-10,0.0,3.909994967405931e-08,3.9099949674060256e-08,4.000472250951908e-08,1.1499985198252738e-09,-1.1499985198252786e-09,-1.1499985198252827e-09,-1.3234889800848443e-23,-5.017998519825267e-09,3.868e-09,0.0,0.0
7.025599999999981e-10,0.0,3.909994967405932e-08,3.909994967406026e-08,4.000472250951906e-08,1.1499985198252742e-09,-1.1499985198252792e-09,-1.1499985198252837e-09,-1.3234889800848443e-23,-5.017998519825267e-09,3.868e-09,0.0,0.0
7.045599999999981e-10,0.0,3.909994967405934e-08,3.909994967406027e-08,4.000472250951904e-08,1.1499985198252748e-09,-1.1499985198252802e-09,-1.1499985198252852e-09,-1.9852334701272664e-23,-5.017998519825267e-09,3.868e-09,0.0,0.0
7.065599999999981e-10,0.0,3.9099949674059356e-08,3.9099949674060276e-08,4.000472250951902e-08,1.1499985198252752e-09,-1.149998519825281e-09,-1.1499985198252864e-09,-1.9852334701272664e-23,-5.017998519825267e-09,3.868e-09,0.0,0.0
7.085599999999981e-10,0.0,3.909994967405937e-08,3.909994967406029e-08,4.0004722509519e-08,1.1499985198252757e-09,-1.1499985198252819e-09,-1.1499985198252874e-09,-2.6469779601696886e-23,-5.017998519825267e-09,3.868e-09,0.0,0.0
7.105599999999981e-10,0.0,3.9099949674059376e-08,3.909994967406031e-08,4.000472250951898e-08,1.1499985198252757e-09,-1.1499985198252827e-09,-1.1499985198252885e-09,-2.6469779601696886e-23,-5.017998519825267e-09,3.868e-09,0.0,0.0
7.125599999999981e-10,0.0,3.9099949674059376e-08,3.9099949674060336e-08,4.000472250951897e-08,1.1499985198252757e-09,-1.1499985198252837e-09,-1.1499985198252895e-09,-1.9852334701272664e-23,-5.017998519825267e-09,3.868e-09,0.0,0.0
7.145599999999981e-10,0.0,3.909994967405939e-08,3.909994967406035e-08,4.000472250951894e-08,1.149998519825276e-09,-1.1499985198252848e-09,-1.1499985198252905e-09,-1.9852334701272664e-23,-5.017998519825267e-09,3.868e-09,0.0,0.0
7.165599999999981e-10,0.0,3.9099949674059396e-08,3.909994967406036e-08,4.00047225095189e-08,1.1499985198252763e-09,-1.1499985198252852e-09,-1.1499985198252916e-09,-2.6469779601696886e-23,-5.017998519825267e-09,3.868e-09,0.0,0.0
7.185599999999981e-10,0.0,3.909994967405941e-08,3.909994967406037e-08,4.0004722509518876e-08,1.1499985198252767e-09,-1.1499985198252856e-09,-1.1499985198252928e-09,-1.9852334701272664e-23,-5.017998519825267e-09,3.868e-09,0.0,0.0
7.205599999999981e-10,0.0,3.909994967405944e-08,3.909994967406039e-08,4.000472250951885e-08,1.1499985198252777e-09,-1.1499985198252864e-09,-1.1499985198252943e-09,-2.6469779601696886e-23,-5.017998519825267e-09,3.868e-09,0.0,0.0
7.225599999999981e-10,0.0,3.9099949674059455e-08,3.90999496740604e-08,4.0004722509518816e-08,1.1499985198252781e-09,-1.1499985198252874e-09,-1.149998519825295e-09,-3.3087224502121107e-23,-5.017998519825267e-09,3.868e-09,0.0,0.0
7.245599999999981e-10,0.0,3.909994967405945e-08,3.9099949674060415e-08,4.0004722509518783e-08,1.149998519825278e-09,-1.1499985198252883e-09,-1.1499985198252957e-09,-3.3087224502121107e-23,-5.017998519825267e-09,3.868e-09,0.0,0.0
7.265599999999981e-10,0.0,3.909994967405947e-08,3.909994967406043e-08,4.000472250951875e-08,1.1499985198252786e-09,-1.1499985198252889e-09,-1.1499985198252965e-09,-2.6469779601696886e-23,-5.017998519825267e-09,3.868e-09,0.0,0.0
7.28559999999998e-10,0.0,3.909994967405946e-08,3.9099949674060435e-08,4.000472250951872e-08,1.1499985198252783e-09,-1.1499985198252895e-09,-1.1499985198252974e-09,-3.3087224502121107e-23,-5.017998519825267e-09,3.868e-09,0.0,0.0
7.30559999999998e-10,0.0,3.909994967405948e-08,3.909994967406047e-08,4.0004722509518684e-08,1.149998519825279e-09,-1.1499985198252905e-09,-1.1499985198252982e-09,-3.3087224502121107e-23,-5.017998519825267e-09,3.868e-09,0.0,0.0
7.32559999999998e-10,0.0,3.9099949674059495e-08,3.9099949674060494e-08,4.000472250951865e-08,1.1499985198252792e-09,-1.149998519825292e-09,-1.1499985198252984e-09,-2.6469779601696886e-23,-5.017998519825267e-09,3.868e-09,0.0,0.0
7.34559999999998e-10,0.0,3.909994967405951e-08,3.909994967406051e-08,4.000472250951862e-08,1.1499985198252796e-09,-1.1499985198252928e-09,-1.1499985198252982e-09,-3.3087224502121107e-23,-5.017998519825267e-09,3.868e-09,0.0,0.0
7.36559999999998e-10,0.0,3.909994967405949e-08,3.9099949674060534e-08,4.000472250951857e-08,1.149998519825279e-09,-1.1499985198252932e-09,-1.149998519825298e-09,-3.3087224502121107e-23,-5.017998519825267e-09,3.868e-09,0.0,0.0
7.38559999999998e-10,0.0,3.9099949674059475e-08,3.909994967406056e-08,4.0004722509518525e-08,1.1499985198252788e-09,-1.1499985198252932e-09,-1.149998519825298e-09,-2.6469779601696886e-23,-5.017998519825267e-09,3.868e-09,0.0,0.0
7.40559999999998e-10,0.0,3.9099949674059475e-08,3.9099949674060574e-08,4.0004722509518486e-08,1.1499985198252788e-09,-1.1499985198252936e-09,-1.149998519825298e-09,-2.6469779601696886e-23,-5.017998519825267e-09,3.868e-09,0.0,0.0
7.42559999999998e-10,0.0,3.9099949674059475e-08,3.909994967406058e-08,4.000472250951845e-08,1.1499985198252788e-09,-1.1499985198252939e-09,-1.1499985198252978e-09,-2.6469779601696886e-23,-5.017998519825267e-09,3.868e-09,0.0,0.0
7.44559999999998e-10,0.0,3.9099949674059455e-08,3.90999496740606e-08,4.000472250951842e-08,1.1499985198252781e-09,-1.1499985198252947e-09,-1.1499985198252974e-09,-3.3087224502121107e-23,-5.017998519825267e-09,3.868e-09,0.0,0.0
7.46559999999998e-10,0.0,3.909994967405947e-08,3.909994967406061e-08,4.0004722509518386e-08,1.1499985198252786e-09,-1.149998519825295e-09,-1.1499985198252974e-09,-2.6469779601696886e-23,-5.017998519825267e-09,3.868e-09,0.0,0.0
7.48559999999998e-10,0.0,3.909994967405947e-08,3.909994967406061e-08,4.0004722509518347e-08,1.1499985198252786e-09,-1.1499985198252953e-09,-1.1499985198252974e-09,-3.3087224502121107e-23,-5.017998519825267e-09,3.868e-09,0.0,0.0
7.50559999999998e-10,0.0,3.9099949674059475e-08,3.909994967406061e-08,4.0004722509518313e-08,1.1499985198252788e-09,-1.1499985198252955e-09,-1.1499985198252974e-09,-2.6469779601696886e-23,-5.017998519825267e-09,3.868e-09,0.0,0.0
7.52559999999998e-10,0.0,3.909994967405948e-08,3.909994967406062e-08,4.000472250951828e-08,1.149998519825279e-09,-1.149998519825296e-09,-1.1499985198252974e-09,-3.3087224502121107e-23,-5.017998519825267e-09,3.868e-09,0.0,0.0
7.54559999999998e-10,0.0,3.909994967405951e-08,3.909994967406064e-08,4.000472250951825e-08,1.1499985198252796e-09,-1.1499985198252967e-09,-1.1499985198252974e-09,-3.3087224502121107e-23,-5.017998519825267e-09,3.868e-09,0.0,0.0
7.56559999999998e-10,0.0,3.9099949674059535e-08,3.909994967406064e-08,4.000472250951821e-08,1.1499985198252804e-09,-1.1499985198252974e-09,-1.1499985198252974e-09,-2.6469779601696886e-23,-5.017998519825267e-09,3.868e-09,0.0,0.0
7.585599999999979e-10,0.0,3.909994967405953e-08,3.909994967406063e-08,4.0004722509518175e-08,1.1499985198252802e-09,-1.1499985198252974e-09,-1.1499985198252976e-09,-3.3087224502121107e-23,-5.017998519825267e-09,3.868e-09,0.0,0.0
7.605599999999979e-10,0.0,3.9099949674059535e-08,3.9099949674060613e-08,4.000472250951814e-08,1.1499985198252804e-09,-1.1499985198252976e-09,-1.1499985198252976e-09,-2.6469779601696886e-23,-5.017998519825267e-09,3.868e-09,0.0,0.0
7.625599999999979e-10,0.0,3.909994967405955e-08,3.90999496740606e-08,4.0004722509518115e-08,1.1499985198252808e-09,-1.1499985198252974e-09,-1.1499985198252976e-09,-2.6469779601696886e-23,-5.017998519825267e-09,3.868e-09,0.0,0.0
7.645599999999979e-10,0.0,3.9099949674059575e-08,3.909994967406059e-08,4.000472250951809e-08,1.1499985198252817e-09,-1.1499985198252974e-09,-1.1499985198252974e-09,-2.6469779601696886e-23,-5.017998519825267e-09,3.868e-09,0.0,0.0
7.665599999999979e-10,0.0,3.90999496740596e-08,3.909994967406058e-08,4.0004722509518055e-08,1.1499985198252823e-09,-1.1499985198252976e-09,-1.1499985198252974e-09,-3.3087224502121107e-23,-5.017998519825267e-09,3.868e-09,0.0,0.0
7.685599999999979e-10,0.0,3.9099949674059614e-08,3.9099949674060574e-08,4.000472250951802e-08,1.1499985198252827e-09,-1.1499985198252976e-09,-1.1499985198252974e-09,-3.3087224502121107e-23,-5.017998519825267e-09,3.868e-09,0.0,0.0
7.705599999999979e-10,0.0,3.909994967405962e-08,3.909994967406056e-08,4.000472250951799e-08,1.1499985198252829e-09,-1.1499985198252974e-09,-1.1499985198252974e-09,-2.6469779601696886e-23,-5.017998519825267e-09,3.868e-09,0.0,0.0
7.725599999999979e-10,0.0,3.9099949674059634e-08,3.909994967406055e-08,4.0004722509517956e-08,1.1499985198252833e-09,-1.1499985198252976e-09,-1.1499985198252974e-09,-3.3087224502121107e-23,-5.017998519825267e-09,3.868e-09,0.0,0.0
7.745599999999979e-10,0.0,3.9099949674059654e-08,3.9099949674060534e-08,4.0004722509517916e-08,1.149998519825284e-09,-1.1499985198252974e-09,-1.1499985198252974e-09,-2.6469779601696886e-23,-5.017998519825267e-09,3.868e-09,0.0,0.0
7.765599999999979e-10,0.0,3.9099949674059654e-08,3.9099949674060534e-08,4.0004722509517883e-08,1.149998519825284e-09,-1.1499985198252976e-09,-1.1499985198252974e-09,-3.3087224502121107e-23,-5.017998519825267e-09,3.868e-09,0.0,0.0
7.785599999999979e-10,0.0,3.909994967405967e-08,3.909994967406053e-08,4.000472250951785e-08,1.1499985198252843e-09,-1.1499985198252974e-09,-1.1499985198252974e-09,-2.6469779601696886e-23,-5.017998519825267e-09,3.868e-09,0.0,0.0
7.805599999999979e-10,0.0,3.9099949674059694e-08,3.909994967406052e-08,4.000472250951782e-08,1.1499985198252852e-09,-1.1499985198252974e-09,-1.1499985198252974e-09,-2.6469779601696886e-23,-5.017998519825267e-09,3.868e-09,0.0,0.0
7.825599999999979e-10,0.0,3.909994967405972e-08,3.909994967406052e-08,4.000472250951778e-08,1.1499985198252858e-09,-1.1499985198252976e-09,-1.1499985198252974e-09,-2.6469779601696886e-23,-5.017998519825267e-09,3.868e-09,0.0,0.0
7.845599999999979e-10,0.0,3.9099949674059747e-08,3.9099949674060514e-08,4.0004722509517744e-08,1.1499985198252866e-09,-1.1499985198252974e-09,-1.1499985198252974e-09,-2.6469779601696886e-23,-5.017998519825267e-09,3.868e-09,0.0,0.0
7.865599999999979e-10,0.0,3.909994967405976e-08,3.909994967406051e-08,4.000472250951771e-08,1.149998519825287e-09,-1.1499985198252972e-09,-1.1499985198252972e-09,-3.3087224502121107e-23,-5.017998519825267e-09,3.868e-09,0.0,0.0
7.885599999999978e-10,0.0,3.909994967405976e-08,3.9099949674060494e-08,4.000472250951768e-08,1.149998519825287e-09,-1.1499985198252972e-09,-1.1499985198252967e-09,-2.6469779601696886e-23,-5.017998519825267e-09,3.868e-09,0.0,0.0
7.905599999999978e-10,0.0,3.9099949674059786e-08,3.909994967406047e-08,4.000472250951764e-08,1.1499985198252879e-09,-1.1499985198252967e-09,-1.1499985198252961e-09,-3.3087224502121107e-23,-5.017998519825267e-09,3.868e-09,0.0,0.0
7.925599999999978e-10,0.0,3.90999496740598e-08,3.909994967406045e-08,4.0004722509517605e-08,1.1499985198252883e-09,-1.1499985198252963e-09,-1.1499985198252953e-09,-2.6469779601696886e-23,-5.017998519825267e-09,3.868e-09,0.0,0.0
7.945599999999978e-10,0.0,3.9099949674059806e-08,3.909994967406043e-08,4.000472250951758e-08,1.1499985198252885e-09,-1.1499985198252961e-09,-1.1499985198252945e-09,-2.6469779601696886e-23,-5.017998519825267e-09,3.868e-09,0.0,0.0
7.965599999999978e-10,0.0,3.9099949674059826e-08,3.90999496740604e-08,4.000472250951756e-08,1.1499985198252889e-09,-1.1499985198252957e-09,-1.1499985198252936e-09,-3.3087224502121107e-23,-5.017998519825267e-09,3.868e-09,0.0,0.0
7.985599999999978e-10,0.0,3.9099949674059866e-08,3.9099949674060375e-08,4.000472250951754e-08,1.1499985198252901e-09,-1.1499985198252955e-09,-1.1499985198252926e-09,-3.3087224502121107e-23,-5.017998519825267e-09,3.868e-09,0.0,0.0
8.005599999999978e-10,0.0,3.9099949674059886e-08,3.9099949674060355e-08,4.0004722509517506e-08,1.1499985198252908e-09,-1.149998519825295e-09,-1.149998519825292e-09,-1.9852334701272664e-23,-5.017998519825267e-09,3.868e-09,0.0,0.0
8.025599999999978e-10,0.0,3.9099949674059905e-08,3.909994967406032e-08,4.000472250951747e-08,1.1499985198252914e-09,-1.1499985198252947e-09,-1.1499985198252914e-09,-1.9852334701272664e-23,-5.017998519825267e-09,3.868e-09,0.0,0.0
8.045599999999978e-10,0.0,3.9099949674059945e-08,3.909994967406028e-08,4.0004722509517447e-08,1.1499985198252924e-09,-1.1499985198252939e-09,-1.1499985198252905e-09,-1.9852334701272664e-23,-5.017998519825267e-09,3.868e-09,0.0,0.0
8.065599999999978e-10,0.0,3.9099949674059965e-08,3.909994967406024e-08,4.000472250951742e-08,1.149998519825293e-09,-1.1499985198252932e-09,-1.1499985198252897e-09,-1.9852334701272664e-23,-5.017998519825267e-09,3.868e-09,0.0,0.0
8.085599999999978e-10,0.0,3.909994967405998e-08,3.9099949674060216e-08,4.000472250951741e-08,1.1499985198252934e-09,-1.1499985198252928e-09,-1.1499985198252889e-09,-1.9852334701272664e-23,-5.017998519825267e-09,3.868e-09,0.0,0.0
8.105599999999978e-10,0.0,3.9099949674059985e-08,3.9099949674060183e-08,4.0004722509517394e-08,1.1499985198252936e-09,-1.149998519825292e-09,-1.1499985198252879e-09,-2.6469779601696886e-23,-5.017998519825267e-09,3.868e-09,0.0,0.0
8.125599999999978e-10,0.0,3.909994967406002e-08,3.909994967406015e-08,4.0004722509517374e-08,1.1499985198252947e-09,-1.1499985198252918e-09,-1.1499985198252872e-09,-1.9852334701272664e-23,-5.017998519825267e-09,3.868e-09,0.0,0.0
8.145599999999978e-10,0.0,3.9099949674060044e-08,3.9099949674060124e-08,4.000472250951736e-08,1.1499985198252955e-09,-1.1499985198252912e-09,-1.1499985198252866e-09,-1.9852334701272664e-23,-5.017998519825267e-09,3.868e-09,0.0,0.0
8.165599999999977e-10,0.0,3.909994967406006e-08,3.9099949674060084e-08,4.000472250951735e-08,1.1499985198252957e-09,-1.1499985198252903e-09,-1.1499985198252858e-09,-1.9852334701272664e-23,-5.017998519825267e-09,3.868e-09,0.0,0.0
8.185599999999977e-10,0.0,3.9099949674060084e-08,3.9099949674060044e-08,4.000472250951733e-08,1.1499985198252965e-09,-1.14999851982529e-09,-1.149998519825285e-09,-1.9852334701272664e-23,-5.017998519825267e-09,3.868e-09,0.0,0.0
8.205599999999977e-10,0.0,3.90999496740601e-08,3.9099949674060005e-08,4.000472250951731e-08,1.149998519825297e-09,-1.149998519825289e-09,-1.1499985198252841e-09,-1.9852334701272664e-23,-5.017998519825267e-09,3.868e-09,0.0,0.0
8.225599999999977e-10,0.0,3.909994967406013e-08,3.9099949674059965e-08,4.000472250951729e-08,1.149998519825298e-09,-1.1499985198252883e-09,-1.149998519825283e-09,-1.3234889800848443e-23,-5.017998519825267e-09,3.868e-09,0.0,0.0
8.245599999999977e-10,0.0,3.9099949674060163e-08,3.909994967405994e-08,4.0004722509517275e-08,1.1499985198252988e-09,-1.1499985198252879e-09,-1.1499985198252825e-09,-1.3234889800848443e-23,-5.017998519825267e-09,3.868e-09,0.0,0.0
8.265599999999977e-10,0.0,3.909994967406019e-08,3.909994967405992e-08,4.000472250951726e-08,1.1499985198252996e-09,-1.1499985198252876e-09,-1.149998519825282e-09,-1.3234889800848443e-23,-5.017998519825267e-09,3.868e-09,0.0,0.0
8.285599999999977e-10,0.0,3.909994967406021e-08,3.9099949674059886e-08,4.0004722509517255e-08,1.1499985198253003e-09,-1.149998519825287e-09,-1.1499985198252814e-09,-1.3234889800848443e-23,-5.017998519825267e-09,3.868e-09,0.0,0.0
8.305599999999977e-10,0.0,3.909994967406021e-08,3.9099949674059846e-08,4.0004722509517255e-08,1.1499985198253003e-09,-1.1499985198252858e-09,-1.1499985198252808e-09,-1.3234889800848443e-23,-5.017998519825267e-09,3.868e-09,0.0,0.0
8.325599999999977e-10,0.0,3.909994967406022e-08,3.909994967405979e-08,4.0004722509517255e-08,1.1499985198253007e-09,-1.1499985198252848e-09,-1.1499985198252802e-09,-1.3234889800848443e-23,-5.017998519825267e-09,3.868e-09,0.0,0.0
8.345599999999977e-10,0.0,3.9099949674060236e-08,3.909994967405975e-08,4.0004722509517255e-08,1.149998519825301e-09,-1.149998519825284e-09,-1.1499985198252794e-09,-1.3234889800848443e-23,-5.017998519825267e-09,3.868e-09,0.0,0.0
8.365599999999977e-10,0.0,3.909994967406027e-08,3.909994967405972e-08,4.0004722509517255e-08,1.1499985198253021e-09,-1.1499985198252833e-09,-1.1499985198252783e-09,-1.3234889800848443e-23,-5.017998519825267e-09,3.868e-09,0.0,0.0
8.385599999999977e-10,0.0,3.9099949674060276e-08,3.909994967405969e-08,4.0004722509517255e-08,1.1499985198253021e-09,-1.1499985198252827e-09,-1.1499985198252777e-09,-1.3234889800848443e-23,-5.017998519825267e-09,3.868e-09,0.0,0.0
8.405599999999977e-10,0.0,3.9099949674060276e-08,3.9099949674059654e-08,4.0004722509517255e-08,1.1499985198253021e-09,-1.149998519825282e-09,-1.1499985198252773e-09,-1.3234889800848443e-23,-5.017998519825267e-09,3.868e-09,0.0,0.0
8.425599999999977e-10,0.0,3.909994967406028e-08,3.909994967405962e-08,4.0004722509517255e-08,1.1499985198253023e-09,-1.1499985198252814e-09,-1.1499985198252769e-09,-1.3234889800848443e-23,-5.017998519825267e-09,3.868e-09,0.0,0.0
8.445599999999977e-10,0.0,3.9099949674060296e-08,3.909994967405959e-08,4.0004722509517255e-08,1.1499985198253027e-09,-1.149998519825281e-09,-1.1499985198252765e-09,-1.3234889800848443e-23,-5.017998519825267e-09,3.868e-09,0.0,0.0
8.465599999999976e-10,0.0,3.909994967406032e-08,3.909994967405956e-08,4.0004722509517255e-08,1.1499985198253036e-09,-1.1499985198252808e-09,-1.1499985198252763e-09,-1.3234889800848443e-23,-5.017998519825267e-09,3.868e-09,0.0,0.0
8.485599999999976e-10,0.0,3.909994967406033e-08,3.909994967405952e-08,4.0004722509517255e-08,1.1499985198253038e-09,-1.14999851982528e-09,-1.1499985198252763e-09,-1.3234889800848443e-23,-5.017998519825267e-09,3.868e-09,0.0,0.0
8.505599999999976e-10,0.0,3.909994967406032e-08,3.9099949674059495e-08,4.0004722509517255e-08,1.1499985198253036e-09,-1.1499985198252794e-09,-1.1499985198252763e-09,-1.3234889800848443e-23,-5.017998519825267e-09,3.868e-09,0.0,0.0
8.525599999999976e-10,0.0,3.909994967406032e-08,3.909994967405947e-08,4.0004722509517255e-08,1.1499985198253036e-09,-1.149998519825279e-09,-1.1499985198252763e-09,-1.3234889800848443e-23,-5.017998519825267e-09,3.868e-09,0.0,0.0
8.545599999999976e-10,0.0,3.9099949674060316e-08,3.909994967405945e-08,4.0004722509517255e-08,1.1499985198253034e-09,-1.1499985198252788e-09,-1.1499985198252763e-09,-1.3234889800848443e-23,-5.017998519825267e-09,3.868e-09,0.0,0.0
8.565599999999976e-10,0.0,3.909994967406031e-08,3.9099949674059436e-08,4.0004722509517255e-08,1.1499985198253032e-09,-1.149998519825279e-09,-1.1499985198252763e-09,-1.3234889800848443e-23,-5.017998519825267e-09,3.868e-09,0.0,0.0
8.585599999999976e-10,0.0,3.9099949674060316e-08,3.909994967405941e-08,4.0004722509517255e-08,1.1499985198253034e-09,-1.1499985198252786e-09,-1.1499985198252763e-09,-1.3234889800848443e-23,-5.017998519825267e-09,3.868e-09,0.0,0.0
8.605599999999976e-10,0.0,3.909994967406031e-08,3.909994967405938e-08,4.0004722509517255e-08,1.1499985198253032e-09,-1.1499985198252781e-09,-1.1499985198252763e-09,-1.3234889800848443e-23,-5.017998519825267e-09,3.868e-09,0.0,0.0
8.625599999999976e-10,0.0,3.9099949674060296e-08,3.909994967405937e-08,4.0004722509517255e-08,1.1499985198253027e-09,-1.149998519825278e-09,-1.1499985198252763e-09,-1.3234889800848443e-23,-5.017998519825267e-09,3.868e-09,0.0,0.0
8.645599999999976e-10,0.0,3.909994967406031e-08,3.909994967405936e-08,4.0004722509517255e-08,1.1499985198253032e-09,-1.1499985198252777e-09,-1.1499985198252763e-09,-1.3234889800848443e-23,-5.017998519825267e-09,3.868e-09,0.0,0.0
8.665599999999976e-10,0.0,3.909994967406029e-08,3.9099949674059336e-08,4.0004722509517255e-08,1.1499985198253025e-09,-1.1499985198252775e-09,-1.1499985198252763e-09,-1.3234889800848443e-23,-5.017998519825267e-09,3.868e-09,0.0,0.0
8.685599999999976e-10,0.0,3.9099949674060296e-08,3.9099949674059316e-08,4.0004722509517255e-08,1.1499985198253027e-09,-1.149998519825277e-09,-1.1499985198252763e-09,-1.3234889800848443e-23,-5.017998519825267e-09,3.868e-09,0.0,0.0
8.705599999999976e-10,0.0,3.909994967406029e-08,3.90999496740593e-08,4.0004722509517255e-08,1.1499985198253025e-09,-1.1499985198252769e-09,-1.1499985198252763e-09,-1.3234889800848443e-23,-5.017998519825267e-09,3.868e-09,0.0,0.0
8.725599999999976e-10,0.0,3.909994967406029e-08,3.909994967405929e-08,4.0004722509517255e-08,1.1499985198253025e-09,-1.149998519825277e-09,-1.1499985198252763e-09,-1.3234889800848443e-23,-5.017998519825267e-09,3.868e-09,0.0,0.0
8.745599999999975e-10,0.0,3.9099949674060296e-08,3.9099949674059264e-08,4.0004722509517255e-08,1.1499985198253027e-09,-1.1499985198252767e-09,-1.1499985198252763e-09,-1.3234889800848443e-23,-5.017998519825267e-09,3.868e-09,0.0,0.0
8.765599999999975e-10,0.0,3.9099949674060276e-08,3.909994967405925e-08,4.0004722509517255e-08,1.1499985198253021e-09,-1.1499985198252765e-09,-1.1499985198252763e-09,-1.3234889800848443e-23,-5.017998519825267e-09,3.868e-09,0.0,0.0
8.785599999999975e-10,0.0,3.909994967406027e-08,3.909994967405925e-08,4.0004722509517255e-08,1.1499985198253021e-09,-1.1499985198252767e-09,-1.1499985198252763e-09,-1.3234889800848443e-23,-5.017998519825267e-09,3.868e-09,0.0,0.0
8.805599999999975e-10,0.0,3.909994967406026e-08,3.909994967405925e-08,4.0004722509517255e-08,1.149998519825302e-09,-1.1499985198252767e-09,-1.1499985198252763e-09,-1.3234889800848443e-23,-5.017998519825267e-09,3.868e-09,0.0,0.0
8.825599999999975e-10,0.0,3.9099949674060236e-08,3.909994967405925e-08,4.0004722509517255e-08,1.149998519825301e-09,-1.1499985198252769e-09,-1.1499985198252763e-09,-1.3234889800848443e-23,-5.017998519825267e-09,3.868e-09,0.0,0.0
8.845599999999975e-10,0.0,3.909994967406023e-08,3.909994967405925e-08,4.0004722509517255e-08,1.1499985198253009e-09,-1.1499985198252773e-09,-1.1499985198252763e-09,-1.3234889800848443e-23,-5.017998519825267e-09,3.868e-09,0.0,0.0
8.865599999999975e-10,0.0,3.909994967406022e-08,3.9099949674059244e-08,4.0004722509517255e-08,1.1499985198253007e-09,-1.149998519825277e-09,-1.1499985198252763e-09,-1.3234889800848443e-23,-5.017998519825267e-09,3.868e-09,0.0,0.0
8.885599999999975e-10,0.0,3.9099949674060197e-08,3.9099949674059224e-08,4.0004722509517255e-08,1.1499985198252999e-09,-1.149998519825277e-09,-1.1499985198252763e-09,-1.3234889800848443e-23,-5.017998519825267e-09,3.868e-09,0.0,0.0
8.905599999999975e-10,0.0,3.9099949674060183e-08,3.909994967405921e-08,4.0004722509517255e-08,1.1499985198252994e-09,-1.1499985198252769e-09,-1.1499985198252763e-09,-1.3234889800848443e-23,-5.017998519825267e-09,3.868e-09,0.0,0.0
8.925599999999975e-10,0.0,3.9099949674060163e-08,3.9099949674059204e-08,4.0004722509517255e-08,1.1499985198252988e-09,-1.1499985198252769e-09,-1.1499985198252763e-09,-1.3234889800848443e-23,-5.017998519825267e-09,3.868e-09,0.0,0.0
8.945599999999975e-10,0.0,3.909994967406014e-08,3.90999496740592e-08,4.0004722509517255e-08,1.1499985198252982e-09,-1.149998519825277e-09,-1.1499985198252763e-09,-1.3234889800848443e-23,-5.017998519825267e-09,3.868e-09,0.0,0.0
8.965599999999975e-10,0.0,3.9099949674060104e-08,3.9099949674059184e-08,4.0004722509517255e-08,1.1499985198252972e-09,-1.149998519825277e-09,-1.1499985198252765e-09,-1.3234889800848443e-23,-5.017998519825267e-09,3.868e-09,0.0,0.0
8.985599999999975e-10,0.0,3.909994967406009e-08,3.909994967405917e-08,4.0004722509517255e-08,1.1499985198252967e-09,-1.149998519825277e-09,-1.1499985198252769e-09,-1.3234889800848443e-23,-5.017998519825267e-09,3.868e-09,0.0,0.0
9.005599999999975e-10,0.0,3.9099949674060064e-08,3.909994967405916e-08,4.0004722509517255e-08,1.149998519825296e-09,-1.1499985198252769e-09,-1.1499985198252773e-09,-1.3234889800848443e-23,-5.017998519825267e-09,3.868e-09,0.0,0.0
9.025599999999974e-10,0.0,3.909994967406003e-08,3.9099949674059144e-08,4.0004722509517255e-08,1.149998519825295e-09,-1.1499985198252767e-09,-1.1499985198252777e-09,-1.3234889800848443e-23,-5.017998519825267e-09,3.868e-09,0.0,0.0
9.045599999999974e-10,0.0,3.909994967406002e-08,3.909994967405913e-08,4.0004722509517255e-08,1.1499985198252947e-09,-1.1499985198252767e-09,-1.1499985198252781e-09,-1.3234889800848443e-23,-5.017998519825267e-09,3.868e-09,0.0,0.0
9.065599999999974e-10,0.0,3.9099949674059985e-08,3.909994967405913e-08,4.0004722509517255e-08,1.1499985198252936e-09,-1.1499985198252769e-09,-1.1499985198252786e-09,-1.3234889800848443e-23,-5.017998519825267e-09,3.868e-09,0.0,0.0
9.085599999999974e-10,0.0,3.909994967405996e-08,3.909994967405913e-08,4.0004722509517255e-08,1.1499985198252928e-09,-1.149998519825277e-09,-1.1499985198252792e-09,-1.3234889800848443e-23,-5.017998519825267e-09,3.868e-09,0.0,0.0
9.105599999999974e-10,0.0,3.909994967405993e-08,3.909994967405913e-08,4.0004722509517255e-08,1.1499985198252922e-09,-1.1499985198252773e-09,-1.1499985198252796e-09,-1.3234889800848443e-23,-5.017998519825267e-09,3.868e-09,0.0,0.0
9.125599999999974e-10,0.0,3.9099949674059905e-08,3.9099949674059125e-08,4.0004722509517255e-08,1.1499985198252914e-09,-1.1499985198252773e-09,-1.1499985198252798e-09,-1.3234889800848443e-23,-5.017998519825267e-09,3.868e-09,0.0,0.0
9.145599999999974e-10,0.0,3.909994967405986e-08,3.9099949674059105e-08,4.0004722509517255e-08,1.14999851982529e-09,-1.1499985198252773e-09,-1.1499985198252798e-09,-1.3234889800848443e-23,-5.017998519825267e-09,3.868e-09,0.0,0.0
9.165599999999974e-10,0.0,3.9099949674059846e-08,3.909994967405908e-08,4.0004722509517255e-08,1.1499985198252895e-09,-1.1499985198252773e-09,-1.1499985198252798e-09,-1.3234889800848443e-23,-5.017998519825267e-09,3.868e-09,0.0,0.0
9.185599999999974e-10,0.0,3.9099949674059846e-08,3.909994967405906e-08,4.0004722509517255e-08,1.1499985198252895e-09,-1.1499985198252769e-09,-1.1499985198252798e-09,-1.3234889800848443e-23,-5.017998519825267e-09,3.868e-09,0.0,0.0
9.205599999999974e-10,0.0,3.909994967405982e-08,3.909994967405905e-08,4.0004722509517255e-08,1.1499985198252889e-09,-1.1499985198252769e-09,-1.1499985198252798e-09,-1.3234889800848443e-23,-5.017998519825267e-09,3.868e-09,0.0,0.0
9.225599999999974e-10,0.0,3.909994967405976e-08,3.909994967405904e-08,4.0004722509517255e-08,1.149998519825287e-09,-1.1499985198252767e-09,-1.1499985198252798e-09,-1.3234889800848443e-23,-5.017998519825267e-09,3.868e-09,0.0,0.0
9.245599999999974e-10,0.0,3.9099949674059733e-08,3.909994967405903e-08,4.0004722509517255e-08,1.1499985198252862e-09,-1.1499985198252767e-09,-1.1499985198252798e-09,-1.3234889800848443e-23,-5.017998519825267e-09,3.868e-09,0.0,0.0
9.265599999999974e-10,0.0,3.909994967405969e-08,3.9099949674059025e-08,4.0004722509517255e-08,1.149998519825285e-09,-1.1499985198252767e-09,-1.1499985198252798e-09,-1.3234889800848443e-23,-5.017998519825267e-09,3.868e-09,0.0,0.0
9.285599999999974e-10,0.0,3.909994967405967e-08,3.909994967405902e-08,4.0004722509517255e-08,1.1499985198252843e-09,-1.1499985198252769e-09,-1.1499985198252798e-09,-1.3234889800848443e-23,-5.017998519825267e-09,3.868e-09,0.0,0.0
9.305599999999974e-10,0.0,3.9099949674059634e-08,3.909994967405901e-08,4.0004722509517255e-08,1.1499985198252833e-09,-1.149998519825277e-09,-1.1499985198252798e-09,-1.3234889800848443e-23,-5.017998519825267e-09,3.868e-09,0.0,0.0
9.325599999999974e-10,0.0,3.909994967405962e-08,3.909994967405901e-08,4.0004722509517255e-08,1.1499985198252829e-09,-1.1499985198252769e-09,-1.1499985198252798e-09,-1.3234889800848443e-23,-5.017998519825267e-09,3.868e-09,0.0,0.0
9.345599999999974e-10,0.0,3.90999496740596e-08,3.9099949674059025e-08,4.0004722509517255e-08,1.1499985198252823e-09,-1.149998519825277e-09,-1.1499985198252798e-09,-1.3234889800848443e-23,-5.017998519825267e-09,3.868e-09,0.0,0.0
9.365599999999974e-10,0.0,3.909994967405958e-08,3.909994967405904e-08,4.0004722509517255e-08,1.1499985198252819e-09,-1.1499985198252777e-09,-1.1499985198252798e-09,-1.3234889800848443e-23,-5.017998519825267e-09,3.868e-09,0.0,0.0
9.385599999999974e-10,0.0,3.9099949674059555e-08,3.9099949674059045e-08,4.0004722509517255e-08,1.149998519825281e-09,-1.149998519825278e-09,-1.1499985198252798e-09,-1.3234889800848443e-23,-5.017998519825267e-09,3.868e-09,0.0,0.0
9.405599999999974e-10,0.0,3.9099949674059535e-08,3.909994967405904e-08,4.0004722509517255e-08,1.1499985198252804e-09,-1.149998519825278e-09,-1.1499985198252798e-09,-1.3234889800848443e-23,-5.017998519825267e-09,3.868e-09,0.0,0.0
9.425599999999974e-10,0.0,3.909994967405951e-08,3.909994967405904e-08,4.0004722509517255e-08,1.1499985198252796e-09,-1.1499985198252777e-09,-1.1499985198252798e-09,-1.3234889800848443e-23,-5.017998519825267e-09,3.868e-09,0.0,0.0
9.445599999999974e-10,0.0,3.909994967405949e-08,3.909994967405905e-08,4.0004722509517255e-08,1.149998519825279e-09,-1.149998519825278e-09,-1.1499985198252798e-09,-1.3234889800848443e-23,-5.017998519825267e-09,3.868e-09,0.0,0.0
9.465599999999974e-10,0.0,3.909994967405948e-08,3.909994967405905e-08,4.0004722509517255e-08,1.149998519825279e-09,-1.1499985198252781e-09,-1.1499985198252798e-09,-1.3234889800848443e-23,-5.017998519825267e-09,3.868e-09,0.0,0.0
9.485599999999974e-10,0.0,3.9099949674059475e-08,3.909994967405904e-08,4.0004722509517255e-08,1.1499985198252788e-09,-1.1499985198252777e-09,-1.1499985198252798e-09,-1.3234889800848443e-23,-5.017998519825267e-09,3.868e-09,0.0,0.0
9.505599999999974e-10,0.0,3.9099949674059455e-08,3.909994967405904e-08,4.0004722509517255e-08,1.1499985198252781e-09,-1.1499985198252777e-09,-1.1499985198252798e-09,-1.3234889800848443e-23,-5.017998519825267e-09,3.868e-09,0.0,0.0
9.525599999999974e-10,0.0,3.909994967405945e-08,3.909994967405904e-08,4.0004722509517255e-08,1.149998519825278e-09,-1.1499985198252777e-09,-1.1499985198252798e-09,-1.3234889800848443e-23,-5.017998519825267e-09,3.868e-09,0.0,0.0
9.545599999999974e-10,0.0,3.909994967405942e-08,3.909994967405904e-08,4.0004722509517255e-08,1.149998519825277e-09,-1.1499985198252777e-09,-1.1499985198252798e-09,-1.3234889800848443e-23,-5.017998519825267e-09,3.868e-09,0.0,0.0
9.565599999999974e-10,0.0,3.909994967405942e-08,3.9099949674059045e-08,4.0004722509517255e-08,1.149998519825277e-09,-1.1499985198252777e-09,-1.1499985198252798e-09,-1.3234889800848443e-23,-5.017998519825267e-09,3.868e-09,0.0,0.0
9.585599999999974e-10,0.0,3.90999496740594e-08,3.909994967405905e-08,4.0004722509517255e-08,1.1499985198252765e-09,-1.1499985198252777e-09,-1.1499985198252798e-09,-1.3234889800848443e-23,-5.017998519825267e-09,3.868e-09,0.0,0.0
9.605599999999974e-10,0.0,3.909994967405939e-08,3.909994967405905e-08,4.0004722509517255e-08,1.149998519825276e-09,-1.149998519825278e-09,-1.1499985198252798e-09,-1.3234889800848443e-23,-5.017998519825267e-09,3.868e-09,0.0,0.0
9.625599999999973e-10,0.0,3.909994967405938e-08,3.909994967405904e-08,4.0004722509517255e-08,1.1499985198252759e-09,-1.1499985198252775e-09,-1.1499985198252798e-09,-1.3234889800848443e-23,-5.017998519825267e-09,3.868e-09,0.0,0.0
9.645599999999973e-10,0.0,3.909994967405939e-08,3.9099949674059025e-08,4.0004722509517255e-08,1.149998519825276e-09,-1.1499985198252773e-09,-1.1499985198252798e-09,-1.3234889800848443e-23,-5.017998519825267e-09,3.868e-09,0.0,0.0
9.665599999999973e-10,0.0,3.909994967405937e-08,3.909994967405902e-08,4.0004722509517255e-08,1.1499985198252757e-09,-1.1499985198252773e-09,-1.1499985198252798e-09,-1.3234889800848443e-23,-5.017998519825267e-09,3.868e-09,0.0,0.0
9.685599999999973e-10,0.0,3.909994967405935e-08,3.909994967405901e-08,4.0004722509517255e-08,1.149998519825275e-09,-1.1499985198252769e-09,-1.1499985198252798e-09,-1.3234889800848443e-23,-5.017998519825267e-09,3.868e-09,0.0,0.0
9.705599999999973e-10,0.0,3.909994967405936e-08,3.909994967405901e-08,4.0004722509517255e-08,1.1499985198252754e-09,-1.1499985198252767e-09,-1.1499985198252798e-09,-1.3234889800848443e-23,-5.017998519825267e-09,3.868e-09,0.0,0.0
9.725599999999973e-10,0.0,3.909994967405936e-08,3.9099949674059025e-08,4.0004722509517255e-08,1.1499985198252754e-09,-1.1499985198252769e-09,-1.1499985198252798e-09,-1.3234889800848443e-23,-5.017998519825267e-09,3.868e-09,0.0,0.0
9.745599999999973e-10,0.0,3.9099949674059356e-08,3.9099949674059025e-08,4.0004722509517255e-08,1.1499985198252752e-09,-1.1499985198252767e-09,-1.1499985198252798e-09,-1.3234889800848443e-23,-5.017998519825267e-09,3.868e-09,0.0,0.0
9.765599999999973e-10,0.0,3.909994967405936e-08,3.9099949674059025e-08,4.0004722509517255e-08,1.1499985198252754e-09,-1.1499985198252767e-09,-1.1499985198252798e-09,-1.3234889800848443e-23,-5.017998519825267e-09,3.868e-09,0.0,0.0
9.785599999999973e-10,0.0,3.909994967405936e-08,3.909994967405903e-08,4.0004722509517255e-08,1.1499985198252754e-09,-1.1499985198252767e-09,-1.1499985198252798e-09,-1.3234889800848443e-23,-5.017998519825267e-09,3.868e-09,0.0,0.0
9.805599999999973e-10,0.0,3.9099949674059356e-08,3.9099949674059025e-08,4.0004722509517255e-08,1.1499985198252752e-09,-1.1499985198252763e-09,-1.1499985198252798e-09,-1.3234889800848443e-23,-5.017998519825267e-09,3.868e-09,0.0,0.0
9.825599999999973e-10,0.0,3.9099949674059336e-08,3.909994967405902e-08,4.0004722509517255e-08,1.1499985198252746e-09,-1.1499985198252763e-09,-1.1499985198252798e-09,-1.3234889800848443e-23,-5.017998519825267e-09,3.868e-09,0.0,0.0
9.845599999999973e-10,0.0,3.909994967405934e-08,3.9099949674059025e-08,4.0004722509517255e-08,1.1499985198252748e-09,-1.149998519825276e-09,-1.1499985198252798e-09,-1.3234889800848443e-23,-5.017998519825267e-09,3.868e-09,0.0,0.0
9.865599999999973e-10,0.0,3.909994967405934e-08,3.909994967405904e-08,4.0004722509517255e-08,1.1499985198252748e-09,-1.149998519825276e-09,-1.1499985198252798e-09,-1.3234889800848443e-23,-5.017998519825267e-09,3.868e-09,0.0,0.0
9.885599999999973e-10,0.0,3.909994967405934e-08,3.9099949674059045e-08,4.0004722509517255e-08,1.1499985198252748e-09,-1.1499985198252759e-09,-1.1499985198252798e-09,-1.3234889800848443e-23,-5.017998519825267e-09,3.868e-09,0.0,0.0
9.905599999999972e-10,0.0,3.9099949674059336e-08,3.909994967405904e-08,4.0004722509517255e-08,1.1499985198252746e-09,-1.1499985198252757e-09,-1.1499985198252798e-09,-1.3234889800848443e-23,-5.017998519825267e-09,3.868e-09,0.0,0.0
9.925599999999972e-10,0.0,3.9099949674059316e-08,3.909994967405903e-08,4.0004722509517255e-08,1.149998519825274e-09,-1.1499985198252752e-09,-1.1499985198252798e-09,-1.3234889800848443e-23,-5.017998519825267e-09,3.868e-09,0.0,0.0
9.945599999999972e-10,0.0,3.9099949674059316e-08,3.909994967405904e-08,4.0004722509517255e-08,1.149998519825274e-09,-1.149998519825275e-09,-1.1499985198252798e-09,-1.3234889800848443e-23,-5.017998519825267e-09,3.868e-09,0.0,0.0
9.965599999999972e-10,0.0,3.909994967405931e-08,3.9099949674059045e-08,4.0004722509517255e-08,1.1499985198252738e-09,-1.149998519825275e-09,-1.1499985198252798e-09,-1.3234889800848443e-23,-5.017998519825267e-09,3.868e-09,0.0,0.0
9.985599999999972e-10,0.0,3.909994967405931e-08,3.909994967405905e-08,4.0004722509517255e-08,1.1499985198252738e-09,-1.1499985198252748e-09,-1.1499985198252798e-09,-1.3234889800848443e-23,-5.017998519825267e-09,3.868e-09,0.0,0.0
1e-09,0.0,3.909994967405931e-08,3.909994967405907e-08,4.000472250951724e-08,1.1499985198252738e-09,-1.149998519825275e-09,-1.1499985198252798e-09,-2.6469779601696886e-23,-5.017998519825267e-09,3.868e-09,0.0,0.0
1.0002000000000001e-09,0.0010800000000003316,0.0006428962428070143,3.9099949674059065e-08,4.000472250951724e-08,-1.2855992858626973e-05,-1.149998519825275e-09,-1.1499985198252798e-09,-1.9852334701272664e-23,-5.017998519825267e-09,3.868e-09,0.0,0.0
1.0006e-09,0.0032399999999998775,0.00192861052852103,3.909994967405906e-08,4.000472250951724e-08,-3.857027857290729e-05,-1.1499985198252748e-09,-1.1499985198252798e-09,-1.9852334701272664e-23,-5.017998519825267e-09,3.868e-09,0.0,0.0
1.0014e-09,0.0075600000000000875,0.004500039099949726,3.909994967405906e-08,4.0004722509517235e-08,-8.999885000148122e-05,-1.1499985198252746e-09,-1.1499985198252798e-09,-1.3234889800848443e-23,-5.017998519825267e-09,3.868e-09,0.0,0.0
1.0030000000000002e-09,0.016200000000000506,0.00964289624280712,3.9099949674059065e-08,4.000472250951721e-08,-0.000192855992858629,-1.1499985198252746e-09,-1.1499985198252798e-09,-1.3234889800848443e-23,-5.017998519825267e-09,3.868e-09,0.0,0.0
1.0050000000000001e-09,0.02700000000000047,0.016071467671378528,3.9099949674059065e-08,4.000472250951718e-08,-0.00032142742143005714,-1.1499985198252742e-09,-1.1499985198252796e-09,-1.3234889800848443e-23,-5.017998519825267e-09,3.868e-09,0.0,0.0
1.0070000000000001e-09,0.03780000000000044,0.022500039099949933,3.909994967405906e-08,4.000472250951717e-08,-0.0004499988500014853,-1.1499985198252738e-09,-1.1499985198252792e-09,-1.9852334701272664e-23,-5.017998519825267e-09,3.868e-09,0.0,0.0
1.0090000000000001e-09,0.0486000000000004,0.028928610528521345,3.909994967405905e-08,4.0004722509517155e-08,-0.0005785702785729134,-1.1499985198252738e-09,-1.149998519825279e-09,-1.3234889800848443e-23,-5.017998519825267e-09,3.868e-09,0.0,0.0
1.0110000000000001e-09,0.05940000000000037,0.035357181957092754,3.909994967405905e-08,4.0004722509517155e-08,-0.0007071417071443415,-1.1499985198252734e-09,-1.1499985198252794e-09,-1.3234889800848443e-23,-5.017998519825267e-09,3.868e-09,0.0,0.0
1.0130000000000001e-09,0.07020000000000033,0.041785753385664155,3.9099949674059065e-08,4.0004722509517155e-08,-0.0008357131357157696,-1.1499985198252734e-09,-1.1499985198252792e-09,-1.3234889800848443e-23,-5.017998519825267e-09,3.868e-09,0.0,0.0
1.0150000000000001e-09,0.0810000000000003,0.048214324814235564,3.909994967405907e-08,4.0004722509517155e-08,-0.0009642845642871978,-1.149998519825273e-09,-1.1499985198252792e-09,-1.3234889800848443e-23,-5.017998519825267e-09,3.868e-09,0.0,0.0
1.0170000000000001e-09,0.09180000000000026,0.05464289624280698,3.909994967405908e-08,4.0004722509517155e-08,-0.0010928559928586258,-1.1499985198252728e-09,-1.1499985198252796e-09,-1.3234889800848443e-23,-5.017998519825267e-09,3.868e-09,0.0,0.0
1.019e-09,0.10260000000000023,0.061071467671378395,3.909994967405909e-08,4.0004722509517155e-08,-0.0012214274214300542,-1.1499985198252728e-09,-1.1499985198252798e-09,-1.3234889800848443e-23,-5.017998519825267e-09,3.868e-09,0.0,0.0
1.021e-09,0.11340000000000018,0.0675000390999498,3.9099949674059105e-08,4.0004722509517155e-08,-0.0013499988500014818,-1.1499985198252728e-09,-1.1499985198252798e-09,-1.3234889800848443e-23,-5.017998519825267e-09,3.868e-09,0.0,0.0
1.023e-09,0.12420000000000016,0.0739286105285212,3.9099949674059105e-08,4.0004722509517155e-08,-0.0014785702785729102,-1.1499985198252726e-09,-1.1499985198252798e-09,-1.3234889800848443e-23,-5.017998519825267e-09,3.868e-09,0.0,0.0
1.025e-09,0.13500000000000012,0.08035718195709261,3.909994967405912e-08,4.0004722509517155e-08,-0.0016071417071443382,-1.1499985198252728e-09,-1.1499985198252798e-09,-1.3234889800848443e-23,-5.017998519825267e-09,3.868e-09,0.0,0.0
1.027e-09,0.1458000000000001,0.08678575338566404,3.909994967405914e-08,4.0004722509517155e-08,-0.0017357131357157666,-1.149998519825273e-09,-1.1499985198252798e-09,-1.3234889800848443e-23,-5.017998519825267e-09,3.868e-09,0.0,0.0
1.029e-09,0.15660000000000004,0.09321432481423543,3.909994967405915e-08,4.0004722509517155e-08,-0.0018642845642871941,-1.149998519825273e-09,-1.1499985198252798e-09,-1.3234889800848443e-23,-5.017998519825267e-09,3.868e-09,0.0,0.0
1.031e-09,0.16740000000000002,0.09964289624280685,3.9099949674059164e-08,4.0004722509517155e-08,-0.001992855992858623,-1.149998519825273e-09,-1.1499985198252798e-09,-1.3234889800848443e-23,-5.017998519825267e-09,3.868e-09,0.0,0.0
1.033e-09,0.17819999999999997,0.10607146767137825,3.909994967405918e-08,4.0004722509517155e-08,-0.0021214274214300505,-1.149998519825273e-09,-1.1499985198252798e-09,-1.3234889800848443e-23,-5.017998519825267e-09,3.868e-09,0.0,0.0
1.035e-09,0.18899999999999995,0.11250003909994966,3.9099949674059184e-08,4.0004722509517155e-08,-0.002249998850001479,-1.149998519825273e-09,-1.1499985198252798e-09,-1.3234889800848443e-23,-5.017998519825267e-09,3.868e-09,0.0,0.0
1.037e-09,0.19979999999999992,0.11892861052852108,3.9099949674059184e-08,4.0004722509517155e-08,-0.0023785702785729074,-1.149998519825273e-09,-1.1499985198252798e-09,-1.3234889800848443e-23,-5.017998519825267e-09,3.868e-09,0.0,0.0
1.039e-09,0.21059999999999987,0.12535718195709247,3.909994967405918e-08,4.0004722509517155e-08,-0.0025071417071443353,-1.1499985198252726e-09,-1.1499985198252798e-09,-1.3234889800848443e-23,-5.017998519825267e-09,3.868e-09,0.0,0.0
1.041e-09,0.22139999999999985,0.13178575338566387,3.9099949674059184e-08,4.0004722509517155e-08,-0.0026357131357157637,-1.1499985198252726e-09,-1.1499985198252798e-09,-1.3234889800848443e-23,-5.017998519825267e-09,3.868e-09,0.0,0.0
1.043e-09,0.23219999999999982,0.1382143248142353,3.909994967405919e-08,4.0004722509517155e-08,-0.002764284564287192,-1.1499985198252726e-09,-1.1499985198252798e-09,-1.3234889800848443e-23,-5.017998519825267e-09,3.868e-09,0.0,0.0
1.045e-09,0.24299999999999977,0.14464289624280668,3.90999496740592e-08,4.0004722509517155e-08,-0.0028928559928586197,-1.1499985198252726e-09,-1.1499985198252798e-09,-1.3234889800848443e-23,-5.017998519825267e-09,3.868e-09,0.0,0.0
1.047e-09,0.2537999999999997,0.15107146767137808,3.9099949674059204e-08,4.0004722509517155e-08,-0.003021427421430048,-1.1499985198252726e-09,-1.1499985198252798e-09,-1.3234889800848443e-23,-5.017998519825267e-09,3.868e-09,0.0,0.0
1.049e-09,0.26459999999999967,0.1575000390999495,3.9099949674059204e-08,4.0004722509517155e-08,-0.0031499988500014757,-1.1499985198252726e-09,-1.1499985198252798e-09,-1.3234889800848443e-23,-5.017998519825267e-09,3.868e-09,0.0,0.0
1.051e-09,0.27539999999999965,0.1639286105285209,3.909994967405921e-08,4.0004722509517155e-08,-0.003278570278572904,-1.1499985198252726e-09,-1.1499985198252798e-09,-1.3234889800848443e-23,-5.017998519825267e-09,3.868e-09,0.0,0.0
1.053e-09,0.2861999999999996,0.17035718195709232,3.9099949674059224e-08,4.0004722509517155e-08,-0.0034071417071443316,-1.1499985198252726e-09,-1.1499985198252798e-09,-1.3234889800848443e-23,-5.017998519825267e-09,3.868e-09,0.0,0.0
1.055e-09,0.2969999999999996,0.17678575338566374,3.9099949674059244e-08,4.0004722509517155e-08,-0.003535713135715761,-1.149998519825273e-09,-1.1499985198252798e-09,-1.3234889800848443e-23,-5.017998519825267e-09,3.868e-09,0.0,0.0
1.057e-09,0.3077999999999995,0.18321432481423514,3.909994967405926e-08,4.0004722509517155e-08,-0.0036642845642871884,-1.1499985198252732e-09,-1.1499985198252798e-09,-1.3234889800848443e-23,-5.017998519825267e-09,3.868e-09,0.0,0.0
1.059e-09,0.3185999999999995,0.18964289624280653,3.909994967405927e-08,4.0004722509517155e-08,-0.003792855992858617,-1.1499985198252734e-09,-1.1499985198252796e-09,-1.3234889800848443e-23,-5.017998519825267e-09,3.868e-09,0.0,0.0
1.061e-09,0.32939999999999947,0.19607146767137795,3.9099949674059283e-08,4.0004722509517155e-08,-0.003921427421430044,-1.1499985198252736e-09,-1.1499985198252792e-09,-1.3234889800848443e-23,-5.017998519825267e-09,3.868e-09,0.0,0.0
1.063e-09,0.34019999999999945,0.20250003909994935,3.909994967405929e-08,4.0004722509517155e-08,-0.004049998850001473,-1.1499985198252736e-09,-1.149998519825279e-09,-1.3234889800848443e-23,-5.017998519825267e-09,3.868e-09,0.0,0.0
1.065e-09,0.3509999999999994,0.20892861052852077,3.909994967405929e-08,4.0004722509517155e-08,-0.0041785702785729,-1.1499985198252736e-09,-1.1499985198252794e-09,-1.3234889800848443e-23,-5.017998519825267e-09,3.868e-09,0.0,0.0
1.067e-09,0.36179999999999934,0.21535718195709216,3.9099949674059283e-08,4.0004722509517155e-08,-0.00430714170714433,-1.1499985198252736e-09,-1.1499985198252792e-09,-1.3234889800848443e-23,-5.017998519825267e-09,3.868e-09,0.0,0.0
1.069e-09,0.3725999999999994,0.22178575338566361,3.909994967405928e-08,4.0004722509517155e-08,-0.004435713135715758,-1.1499985198252734e-09,-1.149998519825279e-09,-1.3234889800848443e-23,-5.017998519825267e-09,3.868e-09,0.0,0.0
1.071e-09,0.3833999999999993,0.22821432481423498,3.909994967405928e-08,4.0004722509517155e-08,-0.004564284564287186,-1.1499985198252734e-09,-1.1499985198252794e-09,-1.3234889800848443e-23,-5.017998519825267e-09,3.868e-09,0.0,0.0
1.073e-09,0.3941999999999993,0.2346428962428064,3.909994967405928e-08,4.0004722509517155e-08,-0.004692855992858613,-1.1499985198252734e-09,-1.1499985198252792e-09,-1.3234889800848443e-23,-5.017998519825267e-09,3.868e-09,0.0,0.0
1.075e-09,0.40499999999999925,0.2410714676713778,3.909994967405929e-08,4.0004722509517155e-08,-0.0048214274214300416,-1.1499985198252734e-09,-1.149998519825279e-09,-1.3234889800848443e-23,-5.017998519825267e-09,3.868e-09,0.0,0.0
1.077e-09,0.41579999999999917,0.24750003909994922,3.909994967405929e-08,4.0004722509517155e-08,-0.00494999885000147,-1.1499985198252736e-09,-1.1499985198252794e-09,-1.3234889800848443e-23,-5.017998519825267e-09,3.868e-09,0.0,0.0
1.0789999999999999e-09,0.4265999999999992,0.25392861052852067,3.909994967405928e-08,4.0004722509517155e-08,-0.005078570278572898,-1.1499985198252734e-09,-1.1499985198252792e-09,-1.3234889800848443e-23,-5.017998519825267e-09,3.868e-09,0.0,0.0
1.0809999999999999e-09,0.4373999999999991,0.260357181957092,3.9099949674059283e-08,4.0004722509517155e-08,-0.005207141707144327,-1.1499985198252734e-09,-1.149998519825279e-09,-1.3234889800848443e-23,-5.017998519825267e-09,3.868e-09,0.0,0.0
1.0829999999999999e-09,0.4481999999999991,0.26678575338566346,3.90999496740593e-08,4.0004722509517155e-08,-0.0053357131357157535,-1.1499985198252736e-09,-1.1499985198252794e-09,-1.3234889800848443e-23,-5.017998519825267e-09,3.868e-09,0.0,0.0
1.0849999999999999e-09,0.4589999999999991,0.27321432481423485,3.909994967405932e-08,4.0004722509517155e-08,-0.005464284564287183,-1.149998519825274e-09,-1.1499985198252792e-09,-1.3234889800848443e-23,-5.017998519825267e-09,3.868e-09,0.0,0.0
1.0869999999999999e-09,0.46979999999999905,0.27964289624280625,3.909994967405933e-08,4.0004722509517155e-08,-0.00559285599285861,-1.149998519825274e-09,-1.149998519825279e-09,-1.3234889800848443e-23,-5.017998519825267e-09,3.868e-09,0.0,0.0
1.0889999999999999e-09,0.48059999999999903,0.2860714676713777,3.9099949674059336e-08,4.0004722509517155e-08,-0.00572142742143004,-1.1499985198252742e-09,-1.1499985198252794e-09,-1.3234889800848443e-23,-5.017998519825267e-09,3.868e-09,0.0,0.0
1.0909999999999999e-09,0.49139999999999895,0.2925000390999491,3.909994967405934e-08,4.0004722509517155e-08,-0.005849998850001467,-1.1499985198252742e-09,-1.1499985198252792e-09,-1.3234889800848443e-23,-5.017998519825267e-09,3.868e-09,0.0,0.0
1.0910735510673603e-09,0.4917971757637454,0.2927364532450362,3.909994967405934e-08,4.0004722509517155e-08,-0.00585472713290321,-1.1499985198252742e-09,-1.1499985198252788e-09,-1.3234889800848443e-23,-5.017998519825267e-09,3.868e-09,0.0,0.0
1.0912206532020812e-09,0.49259152729123806,0.2932092815352104,3.909994967405934e-08,4.0004722509517155e-08,-0.005864183698706695,-1.1499985198252742e-09,-1.1499985198252788e-09,-6.617444900424222e-24,-5.017998519825267e-09,3.868e-09,0.0,0.0
1.0915148574715227e-09,0.4941802303462225,0.2941549381155583,5.867896564897576e-07,4.0009846648627175e-08,-0.005883096830313652,1.8493224380968306e-06,-1.1047144667857226e-09,4.5284052849948356e-11,-5.017998519635674e-09,3.868e-09,0.0,0.0
1.091601209418102e-09,0.4946465308577509,0.29443249794384907,1.8229812861948356e-06,4.001473389281306e-08,-0.0058886480268794655,1.2378365833074948e-05,-1.0481308821963632e-09,1.0186763725849185e-10,-5.017998519454846e-09,3.868e-09,0.0,0.0
1.0916760012054895e-09,0.4950504065096428,0.2946729001175942,4.440853077241963e-06,4.002433473436623e-08,-0.00589345607035437,2.2411784161903437e-05,-9.181104204649371e-10,2.318880986346796e-10,-5.017998519099615e-09,3.868e-09,0.0,0.0
1.0917797235760576e-09,0.495610507310711,0.29500629345156343,1.0529862741658286e-05,4.0060154783270854e-08,-0.005900123937033753,3.593946778367868e-05,-4.839884422543979e-10,6.6601007551988e-10,-5.017998517774273e-09,3.868e-09,0.0,0.0
1.0919111008621788e-09,0.4963199446557652,0.2954285775855242,2.223169700923391e-05,4.018843730079062e-08,-0.005908569619712971,5.2596800338173755e-05,7.227449159485426e-10,1.872743428976369e-09,-5.017998513027819e-09,3.868e-09,0.0,0.0
1.092032483182945e-09,0.4969754091879026,0.29581873504512984,3.6946816076124586e-05,4.045741757275376e-08,-0.005916372768905082,6.790879248537718e-05,2.738794860868972e-09,3.888793363944527e-09,-5.0179985030755495e-09,3.868e-09,0.0,0.0
1.0921632913871633e-09,0.49768177349068177,0.2962391899872603,5.6979448564733505e-05,4.102228201558741e-08,-0.005924781867747692,8.432634140203688e-05,6.188696216600243e-09,7.338694698775816e-09,-5.017998482175565e-09,3.868e-09,0.0,0.0
1.0922849916890978e-09,0.498338955121128,0.2966303695291926,7.948698498526016e-05,4.192763331506031e-08,-0.005932605458586336,9.952336849514403e-05,1.0853192954817074e-08,1.200319140349463e-08,-5.0179984486775675e-09,3.868e-09,0.0,0.0
1.092414704696947e-09,0.4990394053635136,0.29704730419727926,0.00010756112403061038,4.346531177449044e-08,-0.005940944151948069,0.00011563927631866681,1.7668422168031056e-08,1.8818420559814502e-08,-5.0179983917834646e-09,3.868e-09,0.0,0.0
1.092537736200025e-09,0.49970377548013484,0.29744276260002994,0.00013806439556644443,4.5647985855234137e-08,-0.005948853320003085,0.0001308475431422168,2.6157593312705944e-08,2.7307591623730446e-08,-5.0179983110245235e-09,3.868e-09,0.0,0.0
1.0926670869488483e-09,0.5004022695237808,0.2978585328641049,0.00017418109030748006,4.892959338707144e-08,-0.005957168725284583,0.00014675602369118267,3.7503988765824046e-08,3.86539869554291e-08,-5.017998189605045e-09,3.868e-09,0.0,0.0
1.092791273835915e-09,0.5010728787139409,0.298257705001105,0.00021273890310309976,5.3266909436413156e-08,-0.005965152168024585,0.0001619517490595025,5.100287872426244e-08,5.215287675338679e-08,-5.01799802912435e-09,3.868e-09,0.0,0.0
1.0929204225193272e-09,0.5017702816043668,0.2986728257692156,0.00025685046201497086,5.929435177719275e-08,-0.0059734545833867985,0.00017767435248632057,6.804060082083173e-08,6.919059862694073e-08,-5.017997806108984e-09,3.868e-09,0.0,0.0
1.0930456093385295e-09,0.5024462904280589,0.2990752119737943,0.000303493948905954,6.690609268965767e-08,-0.0059815023074783705,0.0001928369270758453,8.774734392517142e-08,8.889734144964602e-08,-5.01799752447457e-09,3.868e-09,0.0,0.0
1.093174712223892e-09,0.5031434460090165,0.29949018553388806,0.00035558081513117727,7.692142070806018e-08,-0.005989801778680248,0.00020839413603557922,1.1165111898491303e-07,1.1280111613882047e-07,-5.017997153907434e-09,3.868e-09,0.0,0.0
1.0933007893010507e-09,0.5038242622256737,0.2998954332818983,0.000410330832109845,8.917656373186918e-08,-0.005997906733640451,0.00022350904176057722,1.3877819037702368e-07,1.399281870774908e-07,-5.017996700467142e-09,3.868e-09,0.0,0.0
1.093429968938676e-09,0.5045218322688506,0.30031065354569414,0.0004703871804869735,1.046690060195111e-07,-0.006006211138916367,0.00023891672922521958,1.7073837463920315e-07,1.718883707664499e-07,-5.017996127246777e-09,3.868e-09,0.0,0.0
1.0935568510287843e-09,0.505206995555435,0.3007184888353277,0.0005332553737501071,1.2319130228467548e-07,-0.0060143678447090385,0.0002539727730894119,2.065106327743144e-07,2.0766062821623613e-07,-5.017995441921815e-09,3.868e-09,0.0,0.0
1.0936862036158792e-09,0.5059054995257476,0.3011342650081328,0.0006012841345529839,1.4590487732453116e-07,-0.00602268336816514,0.0002692432486657897,2.4773451810259606e-07,2.488845127041156e-07,-5.017994601519539e-09,3.868e-09,0.0,0.0
1.093813825876641e-09,0.5065946597338611,0.30154447941772416,0.0006722767894750386,1.7257909880297539e-07,-0.0060308876563569674,0.00028423196809506003,2.933893088523175e-07,2.9453930246689086e-07,-5.017993614573344e-09,3.868e-09,0.0,0.0
1.0939434278536506e-09,0.507294510409713,0.30196105720096933,0.0007482867011720934,2.045205689888898e-07,-0.0060392192120218725,0.0002993748850710392,3.4510202942783024e-07,3.4625202186056916e-07,-5.0179924327389474e-09,3.868e-09,0.0,0.0
1.094071741610488e-09,0.507987404696635,0.3023734942765181,0.0008274072158768637,2.414991981639343e-07,-0.006047467953532847,0.00031428995394288805,4.0188970937225844e-07,4.0303970043678806e-07,-5.017991064529668e-09,3.868e-09,0.0,0.0
1.0942016542739683e-09,0.5086889330794286,0.30279107069484773,0.0009114107402886581,2.849462117993853e-07,-0.006055819481899439,0.00032931294406783905,4.653347461851322e-07,4.664847356421224e-07,-5.017989456990163e-09,3.868e-09,0.0,0.0
1.0943306236183342e-09,0.5093853675390047,0.3032056150160239,0.0009986613290998286,3.3465666335771607e-07,-0.0060641103683229634,0.0003441497012825877,5.345195071664275e-07,5.356694947841309e-07,-5.017987617703456e-09,3.868e-09,0.0,0.0
1.0944608966666712e-09,0.5100888420000245,0.30362434981424996,0.0010906732985283968,3.92166128066408e-07,-0.006072485064287486,0.00035905885770295634,6.109590522109394e-07,6.121090377007926e-07,-5.017985489853261e-09,3.868e-09,0.0,0.0
1.094590495769633e-09,0.5107886771560175,0.30404091835948394,0.001186056154457566,4.573185350069069e-07,-0.006080816435192165,0.00037381393853758084,6.938199186121913e-07,6.949699016914058e-07,-5.017983079214205e-09,3.868e-09,0.0,0.0
1.0947211700183855e-09,0.5114943180992815,0.30446094273047436,0.0012860929139572631,5.31735262387646e-07,-0.006089216922611973,0.00038861418206699935,7.845352052461816e-07,7.85685185571977e-07,-5.017980325795292e-09,3.868e-09,0.0,0.0
1.0948513810104186e-09,0.5121974574562604,0.3048794780620095,0.0013896109814090125,6.153308333143117e-07,-0.006097587629242673,0.00040328523012314447,8.82367114328043e-07,8.835170915608019e-07,-5.017977232759167e-09,3.868e-09,0.0,0.0
1.0949824904794666e-09,0.5129054485891192,0.30530090135537785,0.0014976898708888471,7.097965090434271e-07,-0.006106016095110042,0.000417980587947973,9.88658779732423e-07,9.898087534699526e-07,-5.017973737529165e-09,3.868e-09,0.0,0.0
1.095113301784884e-09,0.5136118296383738,0.3057213662656484,0.001609347346271172,8.15136459409366e-07,-0.006114425393315453,0.000432566030994851,1.1027736958972406e-06,1.1039236657371917e-06,-5.0179698399510014e-09,3.868e-09,0.0,0.0
1.0952448753084852e-09,0.5143223266658196,0.3061442811629375,0.0017254864145784914,9.330989977404551e-07,-0.006122883691261237,0.0004471598493998619,1.2259622129810136e-06,1.2271121784563502e-06,-5.0179654753370835e-09,3.868e-09,0.0,0.0
1.0953762803415788e-09,0.5150319138445254,0.30656665448359577,0.0018452890604207933,1.0637940590406707e-06,-0.006131331157674402,0.00046165872545296435,1.3576902508561777e-06,1.3588402114957975e-06,-5.017960639619815e-09,3.868e-09,0.0,0.0
1.0955083428141424e-09,0.5157450511963687,0.3069911410025501,0.001969506935932463,1.2090174009508138e-06,-0.006139820888053487,0.0004761538325803977,1.4991164487438803e-06,1.500266404010237e-06,-5.0179552663561645e-09,3.868e-09,0.0,0.0
1.0956403389616158e-09,0.5164578303927251,0.3074154143337146,0.0020974622702605895,1.3689979170602962e-06,-0.0061483063546767785,0.0004905656552839539,1.649806995556504e-06,1.6509569449035813e-06,-5.017949347077068e-09,3.868e-09,0.0,0.0
1.0957729123043657e-09,0.5171737264435746,0.3078415429354108,0.0022297781355112498,1.5455723300752765e-06,-0.006156828926710701,0.000504964485926183,1.8108326770238354e-06,1.8119826198376588e-06,-5.017942813823787e-09,3.868e-09,0.0,0.0
1.095905500133527e-09,0.5178897007210457,0.30826771810057213,0.0023658955404957174,1.739098956950725e-06,-0.006165352430013928,0.0005192891405764041,1.9818555143728976e-06,1.983005450026235e-06,-5.017935653338593e-09,3.868e-09,0.0,0.0
1.0960386040467415e-09,0.518608461852404,0.308695552107333,0.0025063291745996315,1.9514518931967045e-06,-0.006173909110149145,0.0005335938320440589,2.163864172510394e-06,2.165014100306674e-06,-5.017927796279951e-09,3.868e-09,0.0,0.0
1.096171786691259e-09,0.5193276481327983,0.3091236391789963,0.00265061995546189,2.183126925821845e-06,-0.006182470851582411,0.0005478314954367226,2.3566106032976402e-06,2.357760522521943e-06,-5.017919224303744e-09,3.868e-09,0.0,0.0
1.0963054392414614e-09,0.5200493719038912,0.30955323666178974,0.0027991918195536952,2.4360344938605894e-06,-0.0061910628012382795,0.0005620439613458225,2.5610082366119054e-06,2.562158146478628e-06,-5.017909866723727e-09,3.868e-09,0.0,0.0
1.096439221926527e-09,0.5207717984032458,0.3099832524352151,0.0029516692352529704,2.7108138520136324e-06,-0.006199663116706788,0.0005761950401121413,2.7768922259785307e-06,2.778042125678419e-06,-5.0178996998874754e-09,3.868e-09,0.0,0.0
1.0965734400064835e-09,0.5214965760350109,0.3104146676922181,0.0031084005842778907,3.0094129579244728e-06,-0.006208291421846847,0.0005903170272908672,3.0051082499829377e-06,3.006258138634658e-06,-5.017888651720556e-09,3.868e-09,0.0,0.0
1.0967078296833214e-09,0.5222222802899354,0.31084663451062555,0.003269079864708896,3.332618869830245e-06,-0.006216930758214997,0.0006043821105617548,3.2455675905887475e-06,3.246717467281849e-06,-5.017876693101816e-09,3.868e-09,0.0,0.0
1.0968426293739575e-09,0.5229501986193702,0.3112799192305272,0.00343399287459175,3.682420083957647e-06,-0.0062255964526130286,0.0006184152430391708,3.4990558439385147e-06,3.500205707688973e-06,-5.0178637504568935e-09,3.868e-09,0.0,0.0
1.0969776344400738e-09,0.5236792259763982,0.311713864085901,0.0036028912342023975,4.059754514106884e-06,-0.006234275349720505,0.0006323950662050294,3.7655533564680376e-06,3.7667032062571218e-06,-5.017849789082978e-09,3.868e-09,0.0,0.0
1.0971130312967706e-09,0.5244103690025612,0.3121490682681409,0.003776009137419295,4.466655721962548e-06,-0.006242979433365303,0.0006463408793091999,4.045793200391762e-06,4.046943035125504e-06,-5.017834733738287e-09,3.868e-09,0.0,0.0
1.0972486613834684e-09,0.5251427714707292,0.3125850221182409,0.00395314579178857,4.904214596429592e-06,-0.006251698510367302,0.0006602362963688488,4.339817980227327e-06,4.340967798771387e-06,-5.0178185440599315e-09,3.868e-09,0.0,0.0
1.0973846706641118e-09,0.5258772215862034,0.31302219480602317,0.004134493017145906,5.374515495421846e-06,-0.006260441964122948,0.0006740962632518094,4.648315491093899e-06,4.649465292236825e-06,-5.0178011429266695e-09,3.868e-09,0.0,0.0
1.0975209364768428e-09,0.5266130569749508,0.31346019206122994,0.004319889206730453,5.8788037849948255e-06,-0.006269201909227083,0.0006879082258113371,4.971384211917128e-06,4.972533994401389e-06,-5.017782484259955e-09,3.868e-09,0.0,0.0
1.0976575733250812e-09,0.5273508959554384,0.31389938193056777,0.004509491521060872,6.419221292888938e-06,-0.00627798570661384,0.000701683778176965,5.309673468037103e-06,5.310823230525918e-06,-5.017762488812163e-09,3.868e-09,0.0,0.0
1.0977944865253897e-09,0.5280902272371043,0.31433946007441654,0.004703170544745713,6.997169021426148e-06,-0.006286787269490815,0.0007154133196000798,5.663331752902335e-06,5.6644814940070835e-06,-5.017741104746207e-09,3.868e-09,0.0,0.0
1.0979322804158698e-09,0.5288343142456966,0.31478236900810247,0.004901803435096705,7.6172426461443475e-06,-0.006295645448164534,0.0007291570230191589,6.034389874758227e-06,6.035539592920249e-06,-5.017718162022093e-09,3.868e-09,0.0,0.0
1.098074511175815e-09,0.5296023603494011,0.3152395393079266,0.005110707335706184,8.29941966747022e-06,-0.006304788854161015,0.0007432657531430695,6.433610782369189e-06,6.4347604752906616e-06,-5.017692921472304e-09,3.868e-09,0.0,0.0
1.0982193398942726e-09,0.5303844354290718,0.3157050601886829,0.005327444333097876,9.039899683327486e-06,-0.006314099271776143,0.000757551852304541,6.857365265705315e-06,6.858514931229027e-06,-5.017665523711717e-09,3.868e-09,0.0,0.0
1.0983685483096545e-09,0.5311901608721342,0.31618465866669626,0.0055549448050939,9.853208028733275e-06,-0.00632369124133641,0.0007721857781286728,7.312469710365682e-06,7.3136193457969885e-06,-5.017635431302937e-09,3.868e-09,0.0,0.0
1.0985206129559323e-09,0.532011309962034,0.31667343788687474,0.005791163599681785,1.073698258495032e-05,-0.006333466825739981,0.0007870125749234907,7.796000730096977e-06,7.797150332828622e-06,-5.0176027316443566e-09,3.868e-09,0.0,0.0
1.098677052489097e-09,0.5328560834411233,0.3171762792434755,0.006038740439711754,1.1706480391594391e-05,-0.006343523652871996,0.0008021746885308191,8.314598459712566e-06,8.315748026572793e-06,-5.017566860225511e-09,3.868e-09,0.0,0.0
1.0988367180906297e-09,0.5337182776894002,0.31768949010554504,0.0062961568027177645,1.2761705509484403e-05,-0.006353787870113387,0.0008175547996333031,8.866423587894281e-06,8.867573115711178e-06,-5.017527816896149e-09,3.868e-09,0.0,0.0
1.099000847605497e-09,0.5346045770696841,0.31821704926047595,0.006565715015738487,1.3918601738364233e-05,-0.006364339053212004,0.0008332659977144072,9.457842231423853e-06,9.458991716435592e-06,-5.017485011735681e-09,3.868e-09,0.0,0.0
1.0991685575715469e-09,0.5355102108863529,0.31875611700849305,0.006846289645129039,1.5179527538545128e-05,-0.006375120408172346,0.0008492172189274937,1.008793435729312e-05,1.0089083795650599e-05,-5.017438357481074e-09,3.868e-09,0.0,0.0
1.0993408629192589e-09,0.5364406597639978,0.3193099556261389,0.007139913324691924,1.6561492904088404e-05,-0.006386197180525263,0.0008654982861867474,1.0762920814508806e-05,1.0764070201733567e-05,-5.017387224762549e-09,3.868e-09,0.0,0.0
1.099517095863224e-09,0.5373923176614088,0.3198764186603121,0.007445801876578596,1.8069505322249e-05,-0.006397526441208728,0.0008820390403965569,1.1482790396212016e-05,1.1483939727640323e-05,-5.017331428303077e-09,3.868e-09,0.0,0.0
1.0996980987290306e-09,0.5383697331367652,0.3204582135861194,0.007765782477306589,1.9722120784931778e-05,-0.0064091623397248745,0.0008989112215593716,1.2253762781172762e-05,1.2254912051454293e-05,-5.0172702815309574e-09,3.868e-09,0.0,0.0
1.0998833781320507e-09,0.5393702419130736,0.3210537545243983,0.008099367767572765,2.152736930927599e-05,-0.006421073158490451,0.0009160611571662168,1.3076739298117132e-05,1.3077888501604471e-05,-5.017203487335557e-09,3.868e-09,0.0,0.0
1.100073642951432e-09,0.540397671937732,0.32166532001526643,0.008448232443478254,2.3505912518758387e-05,-0.0064333044683078135,0.0009335464794283221,1.3958080219885995e-05,1.3959229350167231e-05,-5.0171302812368054e-09,3.868e-09,0.0,0.0
1.1002685418814129e-09,0.5414501261596293,0.32229178086163385,0.00881215135524413,2.5669290997752493e-05,-0.006445833685235162,0.0009513265389291249,1.4899626351473474e-05,1.4900775401709715e-05,-5.017050236233083e-09,3.868e-09,0.0,0.0
1.1004686819712299e-09,0.542530882644641,0.3229350882931884,0.009192692746669853,2.8040947339772115e-05,-0.006458699833866254,0.0009694480045086967,1.5908027279615877e-05,1.590917624210082e-05,-5.016962484948428e-09,3.868e-09,0.0,0.0
1.1006738289937763e-09,0.543638676566392,0.3235944894370878,0.009589867787145726,3.063656539633589e-05,-0.006471887856744242,0.0009878805533369921,1.6986116006191245e-05,1.6987264872638327e-05,-5.016866447080335e-09,3.868e-09,0.0,0.0
1.1008845138490683e-09,0.5447763747849687,0.32427169075766915,0.010005178893490993,3.348319373860071e-05,-0.006485431883155868,0.00100666238017966,1.8140991750544737e-05,1.8142140511666576e-05,-5.0167611218316715e-09,3.868e-09,0.0,0.0
1.1011006002684967e-09,0.5459432414498817,0.32496625424868886,0.010438855255536506,3.660147454048537e-05,-0.006499323152976261,0.0010257713964617885,1.937656103191557e-05,1.937770967766102e-05,-5.0166457454420015e-09,3.868e-09,0.0,0.0
1.1013225641188355e-09,0.5471418462417117,0.32567970948192093,0.010892370184163662,4.0023082178550754e-05,-0.006513592257640904,0.0010452393033652675,2.0700550433854178e-05,2.0701698953000143e-05,-5.016519145959393e-09,3.868e-09,0.0,0.0
1.1015503527822403e-09,0.5483719050240974,0.3264118873285791,0.011366159451655186,4.377466523692625e-05,-0.0065282358145740665,0.001065050635764429,2.211805431288432e-05,2.2119202693221707e-05,-5.016380337386233e-09,3.868e-09,0.0,0.0
1.1017844047718737e-09,0.5496357857681177,0.3271641972952578,0.01186170146877022,4.789379839593459e-05,-0.006543282013907642,0.0010852321902364373,2.3637628877253753e-05,2.3638777105183235e-05,-5.01622792945935e-09,3.868e-09,0.0,0.0
1.1020247408240323e-09,0.550933600449774,0.327936706034339,0.01237963358040508,5.2414485798792974e-05,-0.006558732188689263,0.0011057739014500693,2.5265709847544768e-05,2.52668579082088e-05,-5.016060664025445e-09,3.868e-09,0.0,0.0
1.102271777286217e-09,0.5522675973455722,0.3287307518056474,0.012921472328472058,5.738181180250427e-05,-0.006574613104115433,0.0011266989534886413,2.7011918787272754e-05,2.7013066664145728e-05,-5.015876872963307e-09,3.868e-09,0.0,0.0
1.1025256013916693e-09,0.553638247515014,0.32954661500174376,0.013488057928179108,6.283887860501448e-05,-0.006590930368037361,0.0011480017732218514,2.8884234160276384e-05,2.8885381835237886e-05,-5.015674961491614e-09,3.868e-09,0.0,0.0
1.1027866208394972e-09,0.5550477525332849,0.3303856060840478,0.014080978288460805,6.884033341721816e-05,-0.006607710189683442,0.0011697030054563721,3.089362365285672e-05,3.08947711057644e-05,-5.015452907663563e-09,3.868e-09,0.0,0.0
1.103054985576715e-09,0.5564969221142613,0.3312482070251052,0.01470128432796039,7.544063903250124e-05,-0.00662496220850459,0.001191800926192581,3.30498697113358e-05,3.3051016920032194e-05,-5.015208696355797e-09,3.868e-09,0.0,0.0
1.1033311072535167e-09,0.5579879791689899,0.33213574098625326,0.01535067028502779,8.270665257849244e-05,-0.00664271288772755,0.0012143145616455547,3.5365627305215725e-05,3.536677424506959e-05,-5.014939853854596e-09,3.868e-09,0.0,0.0
1.1036151976555845e-09,0.5595220673401562,0.3330488887071855,0.016030412800631152,9.070715639569003e-05,-0.006660975842146196,0.001237245624055088,3.785282072468177e-05,3.7853967368517e-05,-5.0146438352133594e-09,3.868e-09,0.0,0.0
1.1039076848095999e-09,0.5611014979718391,0.33398902598794916,0.01674235093803965,9.952466857244481e-05,-0.006679778587761467,0.0012606123486862634,4.052621467252232e-05,4.052736099010958e-05,-5.0143175872628196e-09,3.868e-09,0.0,0.0
1.1042088444197266e-09,0.5627277598665232,0.3349570390204992,0.01748801046924285,0.00010924619581173548,-0.006699138848412471,0.0012844196832489043,4.340031342578675e-05,4.340145938367754e-05,-5.0139578907549655e-09,3.868e-09,0.0,0.0
1.1045191339454481e-09,0.5644033233054196,0.33595439821031853,0.018269419608558976,0.00011997447158832591,-0.006719086032208856,0.0013086858642045419,4.649252430370976e-05,4.649366986465435e-05,-5.0135609445512315e-09,3.868e-09,0.0,0.0
1.1048388983450917e-09,0.5661300510634951,0.33698221235203013,0.019088387038417295,0.00013181993702272371,-0.006739642315043088,0.0013334190851609193,4.982050392795291e-05,4.982164905061528e-05,-5.013122662330159e-09,3.868e-09,0.0,0.0
1.1051686391596347e-09,0.5679106514620272,0.3380420935416326,0.01994718338755644,0.00014491163416396812,-0.006760839938835136,0.001358638401911795,5.340498724084568e-05,5.340613187911522e-05,-5.012638269535933e-09,3.868e-09,0.0,0.0
1.1055087798321845e-09,0.569747411093796,0.3391354028462569,0.020847947533686476,0.00015939048268554052,-0.006782706124927623,0.0013843554950596021,5.726753945249955e-05,5.726868355505172e-05,-5.012102552140635e-09,3.868e-09,0.0,0.0
1.1058598834869586e-09,0.5716433708295763,0.34026395030803086,0.021793259152042513,0.0001754201131047555,-0.006805277074163101,0.0014105911573133554,6.143312154697471e-05,6.14342650564305e-05,-5.011509455815124e-09,3.868e-09,0.0,0.0
1.1062224663103046e-09,0.5736013180756446,0.3414293950973572,0.0227856530409955,0.00019318159945873244,-0.006828585969949629,0.0014373610749931266,6.592822199020758e-05,6.592936484248841e-05,-5.010852280820027e-09,3.868e-09,0.0,0.0
1.10659717515668e-09,0.5756247458460718,0.3426338163892782,0.023828104554141694,0.0002128846177655169,-0.006852674395788048,0.0014646888925572833,7.078323249670954e-05,7.07843746199787e-05,-5.010123269142676e-09,3.868e-09,0.0,0.0
1.1069846401531732e-09,0.577717056827135,0.343879239592292,0.02492363645298444,0.00023476394186440635,-0.006877582859848325,0.0014925951865870615,7.603095309440142e-05,7.603209440813557e-05,-5.009313734151017e-09,3.868e-09,0.0,0.0
1.1073856214045016e-09,0.5798823555843082,0.34516810790013314,0.026075736784395134,0.0002590914894323768,-0.006903360226005148,0.0015211079084230296,8.170886276310634e-05,8.171000317672128e-05,-5.008413614891002e-09,3.868e-09,0.0,0.0
1.1078008943341953e-09,0.5821248294046544,0.3465029137455773,0.027288047542159993,0.0002861751366348969,-0.006930056342914031,0.0015502539309718484,8.785801950108244e-05,8.785915891260245e-05,-5.0074115199445085e-09,3.868e-09,0.0,0.0
1.1082313736000258e-09,0.5844494174401391,0.3478865971000325,0.028564733893746516,0.00031637253401889983,-0.006957730010003136,0.0015800675342691117,9.45253353437748e-05,9.452647363799102e-05,-5.006294216241301e-09,3.868e-09,0.0,0.0
1.1086780269882383e-09,0.5868613457364869,0.3493222687050014,0.02991024952332824,0.0003500932413128819,-0.0069864434421025145,0.0016105840897628113,0.00010176293871709245,0.0001017640757636426,-5.005046550071423e-09,3.868e-09,0.0,0.0
1.1091419843521577e-09,0.5893667155016515,0.35081356023188515,0.031329677935375236,0.00038781579920811826,-0.0070162692726401885,0.00164184717874821,0.0001096306153465487,0.00010963175099736413,-5.003650815429299e-09,3.868e-09,0.0,0.0
1.1096244785976944e-09,0.5919721844275495,0.3523644345925387,0.032828577350395766,0.00043009503821132464,-0.00704728675985326,0.0016739041687606894,0.00011819578318568497,0.00011819691727216848,-5.002086483586181e-09,3.868e-09,0.0,0.0
1.1101269485372626e-09,0.5946855221012181,0.35397951654115095,0.034413321326269106,0.00047758509931239223,-0.007079588398825505,0.0017068125633388383,0.00012753636979259957,0.00012753750212195106,-5.000329351325441e-09,3.868e-09,0.0,0.0
1.1106510096341542e-09,0.5975154520244323,0.35566399863830234,0.03609104016217825,0.0005310555266747827,-0.007113278040768532,0.0017406374743935606,0.00013774171740768128,0.0001377428477586267,-4.998350945513033e-09,3.868e-09,0.0,0.0
1.111198563548794e-09,0.6004722431634879,0.3574239933639306,0.03787000499319583,0.0005914255326617737,-0.007148477935281098,0.0017754579629495324,0.00014891640837032822,0.00014891753648758356,-4.996117255291514e-09,3.868e-09,0.0,0.0
1.1117718093481378e-09,0.603567770479944,0.35926656914753546,0.039759712430211494,0.0006597964388994099,-0.007185329450953192,0.0018113668494402772,0.00016118279252139872,0.00016118391810893043,-4.993587531760722e-09,3.868e-09,0.0,0.0
1.112373383340444e-09,0.606816270038397,0.3612001998370908,0.04177139978393819,0.0007375086682784538,-0.007224002064744299,0.0018484783260991186,0.00017468685352555987,0.00017468797623773928,-4.990712179273697e-09,3.868e-09,0.0,0.0
1.1130064408007023e-09,0.6102347803237922,0.36323502738792124,0.04391839379701183,0.0008262080762437896,-0.007264698615760911,0.0018869315517576438,0.00018960399806748008,0.00018960511749778106,-4.98743030117898e-09,3.868e-09,0.0,0.0
1.1136716162072112e-09,0.6138267275189401,0.36537309119455685,0.046205666596773956,0.0009274357652401239,-0.007307459891893624,0.0019267086441787577,0.0002060668311175348,0.00020606794680241153,-4.983684876686115e-09,3.868e-09,0.0,0.0
1.114317189093573e-09,0.6173128211052942,0.3674481469007201,0.04845448865603939,0.001033929015962023,-0.007348961006016886,0.001964734435124928,0.00022282511858816488,0.00022282623033279166,-4.979744626409405e-09,3.868e-09,0.0,0.0
1.1149736384656075e-09,0.6208576477142802,0.3695581627394022,0.050768637825488364,0.0011509508850465532,-0.007391161322790529,0.002002852081431721,0.00024066135244155533,0.0002406624598563726,-4.9754148172532776e-09,3.868e-09,0.0,0.0
1.1156147984390419e-09,0.6243199115708258,0.3716190340825841,0.05305392122564047,0.001274134030533795,-0.007432378749654167,0.002039581271038703,0.000258862595401644,0.00025886369825868505,-4.97085704087025e-09,3.868e-09,0.0,0.0
1.1162655411661221e-09,0.6278339222970591,0.3737107071339135,0.05539697211653513,0.0014085360979911603,-0.007474212210680755,0.0020763871714202654,0.0002781298729439932,0.0002781309708281578,-4.965884164374327e-09,3.868e-09,0.0,0.0
1.1169049289796865e-09,0.6312866164903072,0.3757658822489421,0.057720723543311314,0.0015501793219174333,-0.007515315712981327,0.002112119151366611,0.0002978444790830047,0.0002978455717263695,-4.960643365089055e-09,3.868e-09,0.0,0.0
1.117551757660619e-09,0.6347794913673424,0.3778449744376535,0.06009170549599077,0.0017035347493860639,-0.007556897556755555,0.002147863196005721,0.00031858258010024977,0.00031858366706946466,-4.954969214272716e-09,3.868e-09,0.0,0.0
1.1181898791730935e-09,0.6382253475347048,0.3798960792991788,0.06244916750255504,0.0018651296704834482,-0.00759791965398606,0.0021827581542142667,0.0003398271478565043,0.00033982822884670626,-4.9489902021921125e-09,3.868e-09,0.0,0.0
1.1188338502759856e-09,0.6417027914903223,0.38196598641561774,0.06484527345396411,0.0020389744307376654,-0.00763931779631484,0.002217632315985986,0.0003620599190014585,0.0003620609935594053,-4.942557946062706e-09,3.868e-09,0.0,0.0
1.1194712450896953e-09,0.6451447234843541,0.38401475545968433,0.06723233752862766,0.0022220818526317433,-0.00768029317719617,0.0022518418001323997,0.0003848522320981987,0.0003848532998811708,-4.935782971452625e-09,3.868e-09,0.0,0.0
1.120113340798111e-09,0.648612040309799,0.3860786345224491,0.06965111724144912,0.0024180344662639037,-0.007721570758451467,0.0022860213645271217,0.00040860491484065616,0.0004086059753733813,-4.928532724748235e-09,3.868e-09,0.0,0.0
1.1207505611145718e-09,0.6520530300186875,0.3881268426825018,0.0720641827805204,0.0026242906294886926,-0.00776253492165252,0.0023196883840231252,0.0004329637919447427,0.0004329648448459897,-4.920901246708919e-09,3.868e-09,0.0,0.0
1.1213916599424927e-09,0.6555149636894604,0.3901875174865333,0.07450332243754978,0.0028440463172149863,-0.007803748417733151,0.0023533325791826824,0.000458261426991609,0.0004582624717618957,-4.912770286263047e-09,3.868e-09,0.0,0.0
1.1220292558384956e-09,0.6589579815278761,0.39223693286654265,0.07693918043906407,0.0030751674544259996,-0.007844736725333337,0.00238659203822649,0.00048420641774448,0.000484207453963284,-4.904218804186238e-09,3.868e-09,0.0,0.0
1.1226701599152406e-09,0.6624188635422988,0.39429698168465144,0.07939651167403323,0.003320506178017803,-0.007885937701695513,0.0024198473623887693,0.0005110741274541614,0.0005110751545954325,-4.895141271413341e-09,3.868e-09,0.0,0.0
1.1233086835566093e-09,0.6658668912056899,0.3963493791033365,0.08185230624486994,0.0035782982997685595,-0.007926985650069216,0.0024528273715916406,0.0005386257857671704,0.000538626803370133,-4.885602962908563e-09,3.868e-09,0.0,0.0
1.123950140097155e-09,0.6693307565246372,0.398411203697948,0.08432581346369222,0.0038510941955002633,-0.007968222141961447,0.0024858302071354794,0.000567089075721944,0.00056709008323146,-4.87550951476649e-09,3.868e-09,0.0,0.0
1.1245901487284772e-09,0.6727868031337766,0.4004683742986263,0.08679900585804426,0.004137463661081217,-0.00800936555397501,0.0025186531871463263,0.000596269184188126,0.0005962701811019697,-4.864913844539995e-09,3.868e-09,0.0,0.0
1.1252328671521005e-09,0.6762574826213426,0.40253425494598694,0.08928683156744824,0.004439695923620581,-0.008050683166922224,0.002551531894987093,0.0006263542531327411,0.0006263552388639931,-4.853731250826039e-09,3.868e-09,0.0,0.0
1.1258749267518086e-09,0.679724604459766,0.40459801794504857,0.09177517241310917,0.004756661556580619,-0.008091958426903455,0.002584315601905738,0.0006571860721023664,0.0006571870461058874,-4.842003522406517e-09,3.868e-09,0.0,0.0
1.1265195931662127e-09,0.6832058030975482,0.4066701599913474,0.09427562306889875,0.005090427219348179,-0.008133401267829434,0.002617192266774994,0.0006889201557896332,0.0006889211174438267,-4.8296541928841174e-09,3.868e-09,0.0,0.0
1.127164282787901e-09,0.6866871270546646,0.40874237663248814,0.09677713176069572,0.005440134337733476,-0.008174845600652248,0.0026500507624527938,0.0007214287091813575,0.0007214296578963867,-4.816715029503861e-09,3.868e-09,0.0,0.0
1.1278115726584164e-09,0.6901824923554486,0.41082295121628815,0.09928868436453211,0.005807663299797427,-0.008216457092328247,0.0026830426898599,0.0007548404640411368,0.000754841399157595,-4.803116457907495e-09,3.868e-09,0.0,0.0
1.128459489505434e-09,0.6936812433293431,0.4129055410817015,0.10180163482964893,0.006192400109910444,-0.008258108889636516,0.0027160872790409855,0.0007890528740722283,0.0007890537949534239,-4.788881195933313e-09,3.868e-09,0.0,0.0
1.1291100792106259e-09,0.6971944277373796,0.41499672227696144,0.1043229447801361,0.006596072883699568,-0.008299932513541712,0.00274930832397228,0.0008241728117348268,0.0008241737176801316,-4.773945303303117e-09,3.868e-09,0.0,0.0
1.1297618445527264e-09,0.7007139605847222,0.41709168230514154,0.10684585714268197,0.007018289807668049,-0.008341831714105314,0.002782648481714297,0.0008601186972839481,0.0008601195876072245,-4.7583232771162824e-09,3.868e-09,0.0,0.0
1.1304164224208548e-09,0.7042486810726156,0.41919568259555423,0.1093757679225886,0.007460658602978798,-0.00838391171991357,0.0028162102738621964,0.0008969796846681124,0.0008969805586237431,-4.741955631689784e-09,3.868e-09,0.0,0.0
1.13107268851561e-09,0.7077925179842939,0.4213051093286961,0.11190740584883052,0.007922991265926342,-0.008426100254576407,0.00284995458852766,0.0009346916410362304,0.0009346924978855531,-4.7248493231607255e-09,3.868e-09,0.0,0.0
1.1317417783504727e-09,0.7114056030925526,0.4234557552264691,0.11448267991953562,0.0084141555789594,-0.008469113172531868,0.002884474939152877,0.0009739101832449144,0.0009739110219211568,-4.706676243578502e-09,3.868e-09,0.0,0.0
1.1324276686422659e-09,0.7151094106682356,0.42566040259294713,0.11711560001147425,0.008938814519811933,-0.008513206119861429,0.0029200024358366408,0.0010149094944403162,0.0010149103137041798,-4.6872638627669585e-09,3.868e-09,0.0,0.0
1.133131050303101e-09,0.7189076716367454,0.4279212722170601,0.11980735506927404,0.009499542396753007,-0.008558423512343686,0.0029566021157722924,0.0010577793789066745,0.0010577801774236065,-4.666516931320139e-09,3.868e-09,0.0,0.0
1.1338523569888995e-09,0.7228027277400573,0.4302397579928409,0.12255801183648476,0.010098886353733459,-0.008604793227859304,0.0029943284153214336,0.0011025959272894358,0.0011025967036306424,-4.644341204911862e-09,3.868e-09,0.0,0.0
1.1345923294081779e-09,0.7267985788041602,0.4326182407690927,0.12536866476068315,0.01073983149156295,-0.008652362883384338,0.0030332546640133287,0.001149455883760898,0.0011494566363871323,-4.620626234812171e-09,3.868e-09,0.0,0.0
1.1353518774067643e-09,0.730900137996527,0.4350596450502634,0.12824088400597852,0.01142574033675044,-0.008701190969007754,0.003073466454214984,0.0011984692990731096,0.0011984700263207183,-4.595247607540235e-09,3.868e-09,0.0,0.0
1.1361320024334703e-09,0.7351128131407396,0.43756718977896136,0.13117639866562103,0.012160325838680439,-0.008751341863581712,0.0031150579462944318,0.0012497551856584172,0.0012497558857263603,-4.568067943968824e-09,3.868e-09,0.0,0.0
1.1369337849366702e-09,0.7394424386580186,0.4401443478249608,0.13417702812696236,0.012947675491953383,-0.008802885024501701,0.003158131682766861,0.0013034409630388803,0.0013034416339748889,-4.538936006797725e-09,3.868e-09,0.0,0.0
1.137758409347258e-09,0.7438954104751936,0.44279492628756495,0.13724475263610245,0.013792315002800174,-0.008855896593753783,0.003202800327211102,0.0013596643479798155,0.0013596649876641623,-4.507684344896394e-09,3.868e-09,0.0,0.0
1.1386071761687229e-09,0.7484787513111032,0.4455231053565588,0.14038173114026076,0.014699268073631923,-0.00891046017513366,0.0032491879237454323,0.0014185744652311166,0.0014185750713582024,-4.474127081275619e-09,3.868e-09,0.0,0.0
1.139481526763813e-09,0.7532002445245904,0.44833351798363447,0.14359036155345703,0.01567413855961486,-0.008966668427675174,0.00329743181668584,0.0014803338781628028,0.00148033444821968,-4.43805687329425e-09,3.868e-09,0.0,0.0
1.140383060714645e-09,0.7580685278590834,0.45123130568273745,0.1468733075702289,0.016723196458122522,-0.009024624181657235,0.003347684408170639,0.0015451201723968174,0.0015451207036385507,-4.399241731049466e-09,3.868e-09,0.0,0.0
1.1413135681996309e-09,0.7630932682780066,0.45422222259876316,0.1502335735534969,0.017853494583974356,-0.009084442519977746,0.0034001157612659548,0.0016131286594496068,0.0016131291488703098,-4.357420700392948e-09,3.868e-09,0.0,0.0
1.142275060501767e-09,0.7682853267095414,0.4573127335699148,0.15367456343710978,0.019073001358380734,-0.00914625273940078,0.003454916406294184,0.0016845750337037624,0.001684575478002711,-4.312298949739913e-09,3.868e-09,0.0,0.0
1.1432698173126692e-09,0.7736570134884136,0.4605101661763864,0.15720018895485202,0.02039077683300979,-0.009210201391530212,0.003512301196316106,0.001759699346776452,0.0017596997423177108,-4.263541257178638e-09,3.868e-09,0.0,0.0
1.1443004389964258e-09,0.779222370580699,0.46382287873131817,0.16081498071199285,0.021817185211549798,-0.009276455642628849,0.003572513867223202,0.0018387704717245067,0.001838770814488657,-4.2107641471726575e-09,3.868e-09,0.0,0.0
1.1453699215761974e-09,0.784997576511466,0.4672605013091557,0.16452426062971084,0.02336417675653342,-0.009345208094185598,0.003635833168098422,0.0019220924175726972,0.0019220927030981667,-4.153525460008264e-09,3.868e-09,0.0,0.0
1.1464817488760418e-09,0.7910014439306254,0.4708342319157982,0.16833434877409403,0.02504564666122601,-0.009416682706318447,0.0037025806333272375,0.002010012134163533,0.002010012357474611,-4.0913110735346375e-09,3.868e-09,0.0,0.0
1.147640022409941e-09,0.7972561210136809,0.4745572539890455,0.17225286644162582,0.026877920889454624,-0.009491143147783395,0.0037731311590206767,0.0021029304611584025,0.0021029306166753317,-4.023516927090179e-09,3.868e-09,0.0,0.0
1.1488496343889813e-09,0.8037880257004987,0.4784452924931037,0.17628913864839643,0.02888040906959188,-0.009568903917864559,0.0038479272588964244,0.00220131674535453,0.0022013168267793967,-3.9494248644251e-09,3.868e-09,0.0,0.0
1.150116517076903e-09,0.8106291922152756,0.48251741541856613,0.18045478636852058,0.031076524259214106,-0.009650346376373808,0.003927499217624626,0.0023057298935695693,0.0023057299167399056,-3.891170337414286e-09,3.868e-09,0.0,0.0
1.1513777130496161e-09,0.8174396504679269,0.4865712596165729,0.18453881682270998,0.03336446986027726,-0.009731423260333941,0.004007972380309009,0.0024109506843366835,0.0024109506717388124,-3.855402121184332e-09,3.868e-09,0.0,0.0
1.1526702629023884e-09,0.8244194196728972,0.49072588414334095,0.18865935059272435,0.03581580833416471,-0.009814515750869302,0.0040917466820912995,0.002519984939181561,0.0025199848882610926,-3.817079529709226e-09,3.868e-09,0.0,0.0
1.1539623637812219e-09,0.8313967644185978,0.49487906553959127,0.1927130811734888,0.03837518802207015,-0.00989757937879431,0.004176799330173692,0.0026300675689864697,0.0026300674780543667,-3.777067893921637e-09,3.868e-09,0.0,0.0
1.1552854218514183e-09,0.8385412779976588,0.49913175219379424,0.19679696644747036,0.04110976939384696,-0.009982633111878369,0.004265229086974017,0.0027437795991442078,0.0027437794654614836,-3.734317271809526e-09,3.868e-09,0.0,0.0
1.1566139306491767e-09,0.8457152255055538,0.5034019590437319,0.2008305819789963,0.043972508203634915,-0.010068037248877115,0.004355365054188759,0.0028588338970262426,0.0028588337185893736,-3.6895631217498407e-09,3.868e-09,0.0,0.0
1.1579722240385359e-09,0.8530500098080938,0.507767902080958,0.20488658388782044,0.04702138709655816,-0.010155356109621639,0.004448882733613483,0.0029772290133740767,0.0029772287872730646,-3.641898981723807e-09,3.868e-09,0.0,0.0
1.1593405357049635e-09,0.8604388928068027,0.5121660467230467,0.20890475412093878,0.05021816152777943,-0.010243319002463416,0.004544445118482892,0.003097128468362468,0.00309712819228522,-3.591922741449048e-09,3.868e-09,0.0,0.0
1.1607383040624324e-09,0.8679868419371348,0.5166588735863396,0.2129414536010526,0.053614328018564424,-0.010333175539729273,0.004643424199525204,0.0032201083433416084,0.0032201080141709554,-3.5388293386431097e-09,3.868e-09,0.0,0.0
1.1621503472543608e-09,0.875611875173548,0.5211975838461093,0.21695224547225803,0.05717963144290092,-0.010423949744924669,0.004744756776340981,0.0033446978641269312,0.003344697479218686,-3.483091761775982e-09,3.868e-09,0.0,0.0
1.1635923466338396e-09,0.8833986718227337,0.525832581851577,0.22098157126924756,0.06096034778264121,-0.01051664970503402,0.0048495701767338785,0.0034721314705680947,0.003472131032092665,-3.429524568544607e-09,3.868e-09,0.0,0.0
1.1650527442243384e-09,0.8912848188114273,0.5305267169638945,0.2249972717631786,0.06493339214287722,-0.010610532407280373,0.004957021575198356,0.0036012276898173892,0.0036012272121412614,-3.3903238641902784e-09,3.868e-09,0.0,0.0
1.16654438742376e-09,0.8993396920883036,0.5353212843906067,0.2290353478718602,0.06914107286587304,-0.010706423755814615,0.00506804274620873,0.0037329467099340955,0.003732946190742187,-3.3488080810567194e-09,3.868e-09,0.0,0.0
1.168058645083811e-09,0.9075166834525794,0.5401885411550567,0.23307346478706376,0.07356694651878871,-0.010803768891103613,0.005181970682334808,0.0038663367143268513,0.0038663361514663236,-3.305139461014618e-09,3.868e-09,0.0,0.0
1.169606279539978e-09,0.9158739095158811,0.5451630804784504,0.23714196490805678,0.07825060864826217,-0.01090325967757149,0.005299582248968251,0.0040021384942927965,0.004002137885220136,-3.258927328003813e-09,3.868e-09,0.0,0.0
1.1711810879388787e-09,0.9243778748699448,0.5502249646177741,0.24122668275633008,0.08318201199033136,-0.01100449736035796,0.00542036326143013,0.004139582551454694,0.0041395818937255136,-3.210270815028731e-09,3.868e-09,0.0,0.0
1.1727923782121086e-09,0.9330788423453861,0.5554041119245844,0.24535462668502728,0.08839937998889673,-0.011108080306494166,0.005544970271248675,0.004279235103051386,0.004279234393844172,-3.1587927841095516e-09,3.868e-09,0.0,0.0
1.1744360533508316e-09,0.9419546880944907,0.5606873534419085,0.24951884396592972,0.09389918386567471,-0.011213745136840654,0.005673015590180791,0.004420472127947012,0.004420471370843712,-3.110896719505945e-09,3.868e-09,0.0,0.0
1.1761205386645018e-09,0.9510509087883096,0.5661017705215626,0.25374511847109976,0.09971985374687067,-0.011322033478433732,0.005805066779386727,0.004563722747293892,0.004563721942267118,-3.0629732041507646e-09,3.868e-09,0.0,0.0
1.1778436973103615e-09,0.960355965475952,0.5716404947403975,0.25803344704125825,0.10586503650828964,-0.011432807962810428,0.005940849180597537,0.004708480992994638,0.004708480137372489,-3.0123778660817485e-09,3.868e-09,0.0,0.0
1.1796136553000993e-09,0.9699137386205362,0.5773296454216975,0.262410566043749,0.11237545323911013,-0.01154659097643643,0.006080872823926631,0.004855071770393772,0.004855070861169236,-2.9587754349979933e-09,3.868e-09,0.0,0.0
1.1814303048872577e-09,0.9797236463911915,0.5831688762375637,0.2668839932029082,0.11926346119011261,-0.011663375592753756,0.006224973517242756,0.005003089212170184,0.005003088246234327,-2.9020641695347394e-09,3.868e-09,0.0,0.0
1.183302177126906e-09,0.9898317564852926,0.5884010821360148,0.2714840895206676,0.12657519083623386,-0.011806784539684641,0.006373640874973712,0.005152785957249923,0.005152784936374333,-2.847124414783995e-09,3.868e-09,0.0,0.0
1.1852315898933523e-09,1.0002505854241024,0.5900805265907986,0.27622772812942614,0.13433486887881135,-0.01206382525980305,0.006526835462354018,0.0053038500266261385,0.005303848948070289,-2.7894441413341688e-09,3.868e-09,0.0,0.0
1.1872285206418126e-09,1.011034011465788,0.5925656789793178,0.28115288774606223,0.1425993566297947,-0.012307892131955007,0.006685080505245741,0.0054564993742756696,0.005456498234287094,-2.728011449051859e-09,3.868e-09,0.0,0.0
1.1892285206418126e-09,1.0218340114657878,0.5957532160515724,0.2861150258567999,0.15110849211104158,-0.0125317881004181,0.006842980604048909,0.005605379093982436,0.00560537789133389,-2.665351404433813e-09,3.868e-09,0.0,0.0
1.1912285206418126e-09,1.032634011465788,0.5995773170195464,0.29112022183939673,0.15984342693628162,-0.012736961601360043,0.007000019537681987,0.005750038644397853,0.0057500373814782235,-2.6050803541396568e-09,3.868e-09,0.0,0.0
1.1932285206418126e-09,1.0434340114657878,0.6039775126830579,0.2961818381824177,0.16879752208968382,-0.012925191140668528,0.007155930071844836,0.005890287642647573,0.005890286317944693,-2.543297097581182e-09,3.868e-09,0.0,0.0
1.1952285206418126e-09,1.0542340114657878,0.608895577900359,0.3013128962882376,0.17796386304631265,-0.013098189222512612,0.0073104517630186595,0.0060259583136234585,0.006025956925672787,-2.4800493449804428e-09,3.868e-09,0.0,0.0
1.1972285206418126e-09,1.0650340114657877,0.6142756189895496,0.30652601569011534,0.18733529444547367,-0.01325759977871288,0.007463332236009426,0.006156905342671429,0.006156903893236504,-2.4185650959192707e-09,3.868e-09,0.0,0.0
1.1992285206418126e-09,1.0758340114657878,0.620064183026952,0.31183335874282014,0.1969044544503315,-0.013404994954083406,0.007614328228250406,0.006283005624394128,0.0062830041130786385,-2.3566845278878562e-09,3.868e-09,0.0,0.0
1.2012285206418126e-09,1.0866340114657878,0.6262102992580496,0.3172465807523206,0.20666380864485503,-0.013541873888462883,0.007763206649093381,0.0064041579142279145,0.0064041563398019585,-2.293574037429937e-09,3.868e-09,0.0,0.0
1.2021495631406542e-09,1.0916076409595323,0.6291475441180036,0.3197778571072535,0.21122028411992985,-0.013601767554162609,0.007831000867988994,0.006458266107556717,0.006458264504072331,-2.2645155907310973e-09,3.868e-09,0.0,0.0
1.202205596043901e-09,1.091910218637065,0.6293282320732131,0.31993271836036424,0.21149879004974823,-0.013605352545995646,0.007835107875278809,0.0064615213156623864,0.006461519710469765,-2.2628074210282108e-09,3.868e-09,0.0,0.0
1.2023176618503945e-09,1.0925153739921303,0.6296902846763933,0.32024263339616477,0.21205608217993518,-0.013612502626933441,0.007843318035399062,0.006468023779139434,0.0064680221705287755,-2.259389362629731e-09,3.868e-09,0.0,0.0
1.2025417934633816e-09,1.0937256847022605,0.6304170966537994,0.3208636241769192,0.2131723439476402,-0.013626723177895914,0.007859715141456513,0.006480980959499125,0.006480979344042126,-2.2525429571211403e-09,3.868e-09,0.0,0.0
1.2029900566893559e-09,1.0961463061225216,0.6318811634231999,0.32211030352686465,0.21541153630271412,-0.013654857138215345,0.007892415397802766,0.0065067040440980545,0.006506702414907195,-2.2388092440100194e-09,3.868e-09,0.0,0.0
1.2038865831413041e-09,1.100987548963042,0.6348493416207047,0.32462288634977704,0.21991626578991494,-0.01370994727477463,0.00795743142803512,0.006557383007951189,0.0065573813511314305,-2.211180236488522e-09,3.868e-09,0.0,0.0
1.2056796360452007e-09,1.1106700346440834,0.6409315865113768,0.3297283035191368,0.22902844917844573,-0.013815836709785489,0.008085858458030316,0.006655658726866037,0.006655657014158156,-2.1552921783721992e-09,3.868e-09,0.0,0.0
1.2076796360452006e-09,1.1214700346440833,0.6479146511257665,0.33555575303933005,0.23934849908812314,-0.013928099515244614,0.008226452324798152,0.006760409644426523,0.006760407868422302,-2.091995872259511e-09,3.868e-09,0.0,0.0
1.2096796360452006e-09,1.1322700346440833,0.6550689159621172,0.3415318133987112,0.24982574577118188,-0.014035327020057824,0.008364073974783984,0.006860014656543275,0.006860012819553896,-2.031010674527145e-09,3.868e-09,0.0,0.0
1.2116796360452006e-09,1.1430700346440834,0.66235714560237,0.3476648855826743,0.26045227558042927,-0.014138614383579808,0.00849855538827979,0.006954477831090886,0.00695447593246773,-1.96937680163351e-09,3.868e-09,0.0,0.0
1.2136796360452006e-09,1.1538700346440833,0.6697449132708554,0.35396267018971284,0.27122019491317,-0.014238974158036117,0.00862974255331555,0.007043821160806412,0.00704381920009528,-1.907288927977565e-09,3.868e-09,0.0,0.0
1.2156796360452006e-09,1.1646700346440833,0.6772004146183659,0.360432153918637,0.2821216571397663,-0.014337341765462277,0.008757495735914922,0.007128083715148856,0.00712808169447976,-1.8473308857312855e-09,3.868e-09,0.0,0.0
1.2176796360452006e-09,1.1754700346440832,0.6846944719636668,0.3670796004624784,0.2931488881888855,-0.01443457537295342,0.008881689662217139,0.007207320750694061,0.0072073186693751845,-1.78668111496113e-09,3.868e-09,0.0,0.0
1.2196796360452006e-09,1.186270034644083,0.6922005088400481,0.3739105456161281,0.3042942107383028,-0.014531456641295144,0.00900221361632421,0.0072816027864834425,0.00728160064486727,-1.726383823444939e-09,3.868e-09,0.0,0.0
1.2216796360452006e-09,1.1970700346440832,0.6996945027165473,0.38092979639518815,0.31555006696487375,-0.014628692115515762,0.009118971457923978,0.007351014650571898,0.0073510124496748985,-1.667102980651665e-09,3.868e-09,0.0,0.0
1.2236796360452006e-09,1.2078700346440832,0.7071549250230158,0.3881414339553857,0.32690903980548125,-0.014726914988854922,0.00923188156390173,0.007415654503835695,0.007415652243114745,-1.6072790570244655e-09,3.868e-09,0.0,0.0
1.2256796360452006e-09,1.218670034644083,0.7145626911461133,0.395548820095144,0.33836387270639706,-0.014826686573469697,0.009340876698288866,0.0074756328468950466,0.00747563052807565,-1.5491806364680147e-09,3.868e-09,0.0,0.0
1.2276796360452006e-09,1.229470034644083,0.7219011421335924,0.4031546071185186,0.3499074878351041,-0.014928496838543841,0.009445903815004143,0.007531071515780814,0.007531069139243396,-1.4914625608244792e-09,3.868e-09,0.0,0.0
1.2296796360452006e-09,1.240270034644083,0.729155752486481,0.4109607508316151,0.3615330027402394,-0.015032773004635347,0.009546923797925311,0.007582102671739788,0.007582100237432443,-1.4336926869381922e-09,3.868e-09,0.0,0.0
1.2316796360452006e-09,1.251070034644083,0.736314471837981,0.4189685264427862,0.3732337454615245,-0.015139869494297114,0.009643911142885157,0.0076288677903187125,0.007628865300237819,-1.3779191466334002e-09,3.868e-09,0.0,0.0
1.2336796360452006e-09,1.261870034644083,0.743367197025268,0.4271785471352986,0.38500326808357205,-0.015250083459376909,0.009736853586218243,0.007671516654606007,0.007671514108423816,-1.3218177554683066e-09,3.868e-09,0.0,0.0
1.2356796360452005e-09,1.272670034644083,0.7503058696869415,0.43559078508070126,0.3968353587485333,-0.015363651910504157,0.009825751684493456,0.007710206357240686,0.007710203756025935,-1.2667851950483643e-09,3.868e-09,0.0,0.0
1.2376796360452005e-09,1.2834700346440828,0.7571244178407628,0.444204594661773,0.4087240521454831,-0.015480753435391768,0.00991061835005511,0.007745100315515334,0.0077450976600089705,-1.2124934952022938e-09,3.868e-09,0.0,0.0
1.2396796360452005e-09,1.2942700346440827,0.7638186339884921,0.4530187376756228,0.4206636384944879,-0.015601511783987963,0.009991478346960877,0.007776367303617298,0.007776364593697349,-1.1580799906242533e-09,3.868e-09,0.0,0.0
1.2416796360452005e-09,1.3050700346440829,0.7703860067080118,0.4620314102901776,0.4326486710612614,-0.015726000821649152,0.010068367751852136,0.007804180505762068,0.007804177743107932,-1.1053458473304496e-09,3.868e-09,0.0,0.0
1.2428762665561161e-09,1.3115318394030269,0.7742542701725821,0.46751790126535053,0.43983922950506976,-0.015802281447954255,0.010112490426632639,0.007819237444034881,0.007819234649742435,-1.0737073901776926e-09,3.868e-09,0.0,0.0
1.242993816147398e-09,1.3121666071959488,0.7746318010661257,0.4680609694131904,0.44054639393381767,-0.015809847239112447,0.010116742582557221,0.007820648937880542,0.007820646140476395,-1.0705958666912019e-09,3.868e-09,0.0,0.0
1.2432289153299614e-09,1.3134361427817915,0.7753855406679777,0.4691484482417766,0.44196097608555335,-0.015825017709229817,0.010125220043748221,0.007823450166196465,0.007823447362568126,-1.0643717052235656e-09,3.868e-09,0.0,0.0
1.2436991136950885e-09,1.315975213953478,0.7768877311307445,0.47133144637005864,0.4447916367027879,-0.015855514200668632,0.01014201415670804,0.007828922944885179,0.007828920128802097,-1.0519167985077331e-09,3.868e-09,0.0,0.0
1.2446267236077341e-09,1.3209843074817642,0.7798306639386073,0.47566936647332436,0.45038160614085226,-0.015916283633622262,0.01017451988628646,0.007839221161925236,0.007839218321246122,-1.0273209329802502e-09,3.868e-09,0.0,0.0
1.2464819434330251e-09,1.3310024945383356,0.7856352185314915,0.48446852662187456,0.4615822219223284,-0.016040214000201294,0.010237064946602462,0.007857900690121612,0.007857897802051705,-9.799299864557355e-10,3.868e-09,0.0,0.0
1.2484819434330251e-09,1.3418024945383356,0.7917735047356472,0.49413597092920336,0.47368468208854553,-0.01617732322949083,0.010300858917636085,0.007875303353374531,0.007875300414030506,-9.286558968848621e-10,3.868e-09,0.0,0.0
1.2500000000000002e-09,1.35,0.796352357879269,0.5015974225414774,0.48288761876648073,-0.016283754180021506,0.010346808586886629,0.007886720846446468,0.00788671786853612,-8.900896392450937e-10,3.868e-09,0.0,0.0
1.2501380283566189e-09,1.35,0.7963216775629535,0.5022815083694707,0.48372509797668595,-0.01628465654226608,0.010350873373323083,0.00788767910772868,0.007887676126392962,-8.866643492753547e-10,3.868e-09,0.0,0.0
1.2504140850698564e-09,1.35,0.7962586365618693,0.5036514025748161,0.48540025735739906,-0.016286510689356788,0.010358968495208848,0.007889571829960883,0.00788956884177383,-8.798129474082378e-10,3.868e-09,0.0,0.0
1.2509661984963313e-09,1.35,0.7961259220551231,0.5064014903892282,0.4887517518607541,-0.016290414057202267,0.010374952750905886,0.007893215905457303,0.007893212903562707,-8.66105334889516e-10,3.868e-09,0.0,0.0
1.2519654008603056e-09,1.35,0.7958640173614024,0.511413165897951,0.4948209657045408,-0.016298117136429344,0.010403188116117346,0.007899342825974721,0.007899339799257055,-8.412822502684281e-10,3.868e-09,0.0,0.0
1.2539638055882542e-09,1.35,0.7952581662103956,0.5215680368079602,0.5069721970614861,-0.016315936287929548,0.010457028448688264,0.007909874037228615,0.007909870960812415,-7.915837140185221e-10,3.868e-09,0.0,0.0
1.2559638055882542e-09,1.35,0.7945483849403816,0.5319028091245355,0.5191476711117801,-0.01633681220763584,0.010507475859533478,0.007918248429655363,0.007918245304569527,-7.429142379232726e-10,3.868e-09,0.0,0.0
1.2579638055882542e-09,1.35,0.7937424754763568,0.5424041862044321,0.531334499055952,-0.016360515427165982,0.01055459117511118,0.007924634196280688,0.007924631022853679,-6.945731537447242e-10,3.868e-09,0.0,0.0
1.2599638055882542e-09,1.35,0.7928494177258023,0.5530666328627469,0.5435297558945736,-0.016386781831594054,0.010598485099119393,0.00792920608876747,0.007929202867354324,-6.465869080999277e-10,3.868e-09,0.0,0.0
1.2619638055882542e-09,1.35,0.7918781323235803,0.56388437267059,0.5557307828829396,-0.016415349049306468,0.010639273160135862,0.007932135485989767,0.007932132217521426,-5.995316140147966e-10,3.868e-09,0.0,0.0
1.2639638055882542e-09,1.35,0.790838168841038,0.5748514207231392,0.5679351819216095,-0.01644593621055771,0.010677075056256985,0.007933589848286106,0.007933586532749337,-5.524633150556593e-10,3.868e-09,0.0,0.0
1.2659638055882542e-09,1.35,0.7897397375177204,0.5859616158989825,0.580140809141999,-0.0164782430141847,0.010712014009910967,0.007933732215487689,0.007933728853756983,-5.062691495346641e-10,3.868e-09,0.0,0.0
1.2679638055882542e-09,1.35,0.7885940899371473,0.5972086524804113,0.5923457677534747,-0.01651193853126038,0.010744216135451987,0.007932720748905144,0.007932717341161744,-4.6025645556940037e-10,3.868e-09,0.0,0.0
1.2699638055882542e-09,1.35,0.7874116690757095,0.6085861110141169,0.6045484002188625,-0.016546715615420315,0.010773809821946175,0.007930708317241348,0.00793070486384262,-4.146012418583352e-10,3.868e-09,0.0,0.0
1.2719638055882542e-09,1.35,0.7862036028036823,0.6200874883015957,0.6167472798277707,-0.01658224697636229,0.010800925133363578,0.007927842126191433,0.007927838627738049,-3.6954671316943336e-10,3.868e-09,0.0,0.0
1.2739638055882542e-09,1.35,0.7849811818257382,0.6317123245142062,0.6289412043665189,-0.01661820053453712,0.010828727406619262,0.007924266816124011,0.007924263272634513,-3.245104852063238e-10,3.868e-09,0.0,0.0
1.275711925000881e-09,1.35,0.783909850779579,0.6420029340449099,0.6395946114296799,-0.016649710271188858,0.010867580305826489,0.007920686692693257,0.007920683110400839,-2.857075964340644e-10,3.868e-09,0.0,0.0
1.2769857976782098e-09,1.35,0.7831316704518635,0.6496155786300553,0.6473547382554211,-0.016672597927886373,0.010911132842697072,0.007917896918313898,0.007917893307800572,-2.5748660187778504e-10,3.868e-09,0.0,0.0
1.2784717841060843e-09,1.35,0.7822319663545632,0.6586274259348992,0.6564035138811569,-0.01669905981310109,0.010949499944939016,0.007914567608170808,0.007914563964750099,-2.2457922118552632e-10,3.868e-09,0.0,0.0
1.2799004696246504e-09,1.35,0.7813787460805203,0.6674011775877786,0.6650997826822487,-0.016724154527043525,0.010980741577138473,0.007911385020634211,0.00791138134582603,-1.931917801707275e-10,3.868e-09,0.0,0.0
1.2815812064429652e-09,1.35,0.7803946442576978,0.6778384494989392,0.675325875142475,-0.01675309869830301,0.01101110193338697,0.007907779836908308,0.0079077761253884,-1.564801082385149e-10,3.868e-09,0.0,0.0
1.2835187615572105e-09,1.35,0.7792952468039955,0.6899977235453667,0.6871089818226187,-0.016785433917529548,0.011038547091266235,0.007903946811608279,0.007903943057787077,-1.141787552567991e-10,3.868e-09,0.0,0.0
1.2854647860709513e-09,1.35,0.7782381813474631,0.7023181044793488,0.6989382015267995,-0.016816524078015795,0.011059039176391432,0.00790057451164237,0.007900570715654531,-7.201218009009014e-11,3.868e-09,0.0,0.0
1.2874647860709513e-09,1.35,0.7772111277187581,0.7150637085621467,0.7110907305809147,-0.01684673153768359,0.011073821458303858,0.007897720893902357,0.007897717054695219,-2.8792925762035138e-11,3.868e-09,0.0,0.0
1.2894647860709513e-09,1.35,0.776254179165504,0.727868128591007,0.7232394110706232,-0.016874877083367535,0.011083267654280492,0.00789557146433847,0.007895567581925778,1.4412641531564535e-11,3.868e-09,0.0,0.0
1.2914647860709513e-09,1.35,0.7753770351549238,0.7407088451370567,0.7353853698314159,-0.016900675436619893,0.011088322665806932,0.007894182732362207,0.007894178807104302,5.72577428362912e-11,3.868e-09,0.0,0.0
1.2934647860709513e-09,1.35,0.7745883813630294,0.7535667386082548,0.7475298015979065,-0.016923871136381493,0.011089819579245309,0.007893586457504516,0.00789358248933325,1.001713069263622e-10,3.868e-09,0.0,0.0
1.2954647860709513e-09,1.35,0.7738976524143951,0.7664258978253727,0.7596739337563647,-0.016944186693694265,0.011088562336912607,0.00789379332774595,0.00789378931666207,1.4308381232148994e-10,3.868e-09,0.0,0.0
1.2974647860709513e-09,1.35,0.773313820967628,0.7792733726558075,0.7718189965928737,-0.016961358206834476,0.011085222406134082,0.00789479642457473,0.007894792370799042,1.8577559799555815e-10,3.868e-09,0.0,0.0
1.2994647860709512e-09,1.35,0.7728440114382167,0.7920987981759968,0.7839661986233568,-0.016975176134170104,0.01108038486737736,0.007896574365402637,0.007896570268828507,2.2857423981629356e-10,3.868e-09,0.0,0.0
1.3014647860709512e-09,1.35,0.7724954894043858,0.8048941789247355,0.7961167065198568,-0.01698542678222395,0.011074587866100308,0.007899094135952042,0.007899089996621145,2.713308069498958e-10,3.868e-09,0.0,0.0
1.3034647860709512e-09,1.35,0.7722750002784331,0.8176536870712706,0.8082716292277213,-0.016991911756516678,0.011068295524398248,0.007902313705718717,0.00790230952360238,3.1411613488157875e-10,3.868e-09,0.0,0.0
1.3051781895517006e-09,1.35,0.7721924815239926,0.8285532706745682,0.8186890552353616,-0.016994338778706108,0.011062807010243135,0.00790559279050972,0.007905588571724076,3.5078547442847237e-10,3.868e-09,0.0,0.0
1.3053781895517007e-09,1.35,0.7721895387182514,0.8298233604734045,0.8199053635878975,-0.01699442533181614,0.011062181664690552,0.007906008514582409,0.00790600429148225,3.5509989770802533e-10,3.868e-09,0.0,0.0
1.3057781895517006e-09,1.35,0.7721878229425844,0.8323626964893969,0.8223381100388255,-0.016994475795806346,0.011060928720853179,0.007906851871220848,0.007906847639549408,3.6367127437012827e-10,3.868e-09,0.0,0.0
1.3065781895517006e-09,1.35,0.7722010707345128,0.8374362710852019,0.8272044029889065,-0.016994086154867274,0.011058448282686132,0.007908608697030892,0.00790860444821373,3.8081684653091387e-10,3.868e-09,0.0,0.0
1.3081781895517007e-09,1.35,0.7722961851696635,0.8475628640019425,0.8369403964758406,-0.01699128867148049,0.011053695515044292,0.007912389251174419,0.007912384968054242,4.15119996916545e-10,3.868e-09,0.0,0.0
1.3101781895517007e-09,1.35,0.7725470828624067,0.8601826887149356,0.8491172889050885,-0.016983909327576277,0.01104832613447854,0.007917579515991,0.00791757518996783,4.580232479089286e-10,3.868e-09,0.0,0.0
1.3121781895517007e-09,1.35,0.77294854649108,0.8727607706932359,0.8613025239881531,-0.016972101573791767,0.011043794911912343,0.007923234787184796,0.007923230418015681,5.011689180914743e-10,3.868e-09,0.0,0.0
1.3141781895517007e-09,1.35,0.7735041733534291,0.8852990761986903,0.8734967740681143,-0.01695575960725209,0.01104027680967201,0.007929299098188732,0.007929294685933286,5.442552683740038e-10,3.868e-09,0.0,0.0
1.3161781895517007e-09,1.35,0.7742169754157611,0.8978004159936622,0.8857006269436725,-0.016934794840712915,0.011037906674547184,0.00793571850792947,0.007935714052291987,5.876372256500372e-10,3.868e-09,0.0,0.0
1.3181781895517007e-09,1.35,0.7750893859596208,0.9102682811575148,0.8979145897143789,-0.01690913570706998,0.011036782868439815,0.00794244204862292,0.007942437549625758,6.309967934860447e-10,3.868e-09,0.0,0.0
1.3201781895517007e-09,1.35,0.7761232688573465,0.9227066910963622,0.9101390939428816,-0.016878727386548636,0.011036971409813993,0.007949422490023809,0.007949417947427317,6.745965653760872e-10,3.868e-09,0.0,0.0
1.3221781895517007e-09,1.35,0.7773199302915617,0.9351200544320614,0.922374501861499,-0.0168435314620129,0.011038509591104483,0.007956616933052219,0.007956612346775138,7.182769716455514e-10,3.868e-09,0.0,0.0
1.3241781895517007e-09,1.35,0.7786801327318836,0.9475130385554792,0.9346211133696997,-0.016803525507885782,0.011041407695307606,0.007963987244021293,0.007963982613885312,7.621360081309186e-10,3.868e-09,0.0,0.0
1.3261781895517006e-09,1.35,0.7802041109812947,0.9598904534703717,0.9468791735861374,-0.01675870261819722,0.011045655103163968,0.007971500341748684,0.007971495667483675,8.062650249100946e-10,3.868e-09,0.0,0.0
1.3281781895517006e-09,1.35,0.7818915901047057,0.9722571489530228,0.9591488807413202,-0.01670907087927337,0.011051221246152168,0.00797912835268983,0.007979123634253904,8.504359706687526e-10,3.868e-09,0.0,0.0
1.3301781895517006e-09,1.35,0.7837418050531909,0.9846179190184726,0.9714303942157121,-0.016654652792553213,0.011058058474589873,0.00798684864552364,0.007986843882455075,8.950685336311398e-10,3.868e-09,0.0,0.0
1.3321781895517006e-09,1.35,0.7857535217991491,0.9969774183893618,0.9837238425470669,-0.016595484652966206,0.011066105114347607,0.007994643756081912,0.007994638948305877,9.397757073961665e-10,3.868e-09,0.0,0.0
1.3341781895517006e-09,1.35,0.7879252275500978,1.0093400914056914,0.9960293312486787,-0.016531610954408894,0.011075288347426838,0.008002501216576918,0.008002496363788802,9.847879389951375e-10,3.868e-09,0.0,0.0
1.3361781895517006e-09,1.35,0.7902549982632721,1.021710111505309,1.0083469503010656,-0.016463088286374356,0.011085526161090577,0.008010413302430927,0.008010408404313996,1.0301167771079213e-09,3.868e-09,0.0,0.0
1.3381781895517006e-09,1.35,0.7927395129197082,1.0340913264119527,1.020676781198899,-0.01639001432589094,0.011096727656301993,0.00801837670636009,0.008018371762869458,1.0754905548119484e-09,3.868e-09,0.0,0.0
1.3401781895517006e-09,1.35,0.7953763901537074,1.0464872156608678,1.0330189034479307,-0.016312459113126256,0.011108798157243617,0.008026392150474865,0.008026387160871007,1.1216039062056077e-09,3.868e-09,0.0,0.0
1.3413129542036499e-09,1.35,0.7969390788900508,1.0535280516189731,1.0400270993059988,-0.016266497679704395,0.011115996635010244,0.00803096437135453,0.008030959355586731,1.1477678374090618e-09,3.868e-09,0.0,0.0
1.3418796650478871e-09,1.35,0.7977377796420995,1.0570189754591421,1.0435285450926202,-0.016243006481114725,0.011071231935949402,0.008033250439741397,0.008033245410901335,1.1608399016791153e-09,3.868e-09,0.0,0.0
1.3423991767080649e-09,1.35,0.7984798101240985,1.0601612383070032,1.0467392419345787,-0.016221182055173578,0.011009555023194277,0.00803533407970081,0.008035329038874162,1.172826503222426e-09,3.868e-09,0.0,0.0
1.3431052607541647e-09,1.35,0.7995040573388708,1.064326747905091,1.0511043176135055,-0.01619105713709204,0.010927947348192177,0.008038112074340591,0.008038107017217744,1.1891227857570874e-09,3.868e-09,0.0,0.0
1.344198861867743e-09,1.35,0.801125626512288,1.0705473772997272,1.0578679404948264,-0.01614336392610918,0.010806427190863171,0.008042184811085084,0.008042179728187104,1.2148981738803397e-09,3.868e-09,0.0,0.0
1.3455790685743642e-09,1.35,0.8032326676528643,1.0780158944245282,1.0664086969291315,-0.016081392127856937,0.010661144792956037,0.008046695715549522,0.008046690600196582,1.2473530483306995e-09,3.868e-09,0.0,0.0
1.3470982945878744e-09,1.35,0.8056281521932648,1.0857724974971634,1.0758145650059934,-0.0160109367001981,0.010511041415715764,0.00805049613044328,0.008050490979347735,1.2830953470227747e-09,3.868e-09,0.0,0.0
1.3485873145074405e-09,1.35,0.808052037650413,1.0929346541760672,1.0850368399082682,-0.015939645951458446,0.010373241909826868,0.008052666643733573,0.008052661457258026,1.3184757809786366e-09,3.868e-09,0.0,0.0
1.3501412495750964e-09,1.35,0.8106599629692381,1.0999792824934391,1.0946626070996635,-0.01586294226561065,0.010238540453860022,0.00805290391405701,0.008052898690361854,1.3556954141186983e-09,3.868e-09,0.0,0.0
1.3516988866687754e-09,1.35,0.8133522343549745,1.106634585108134,1.1043101295440896,-0.01578375781308899,0.010112121208281359,0.00805070249634957,0.008050697235350235,1.392999167570479e-09,3.868e-09,0.0,0.0
1.3533373215244451e-09,1.35,0.8162658960368179,1.1132339477966635,1.114453346836721,-0.015698061881270067,0.009987639648172167,0.008045379794734964,0.008045374494069835,1.4326649424523262e-09,3.868e-09,0.0,0.0
1.3549994153835704e-09,1.35,0.8193045431897362,1.1195466067082704,1.1247339378797228,-0.015608689906184234,0.009869444340752043,0.008036476385189896,0.008036471043745275,1.4734446202562326e-09,3.868e-09,0.0,0.0
1.35674992180013e-09,1.35,0.8225922932803433,1.1258211569669547,1.1355462699804195,-0.015511991374107553,0.0097528688764701,0.008022923324185586,0.008022917939852103,1.5163335375889972e-09,3.868e-09,0.0,0.0
1.3585464924755465e-09,1.35,0.8260562786753797,1.1319057174557274,1.1466208346625153,-0.015410109450724133,0.009640713131754143,0.008004215488344261,0.008004210058757844,1.561586811093813e-09,3.868e-09,0.0,0.0
1.3604510350977464e-09,1.35,0.8298235127555993,1.138011766096311,1.158328597980954,-0.015299308448364732,0.009529043074160708,0.007978732358443775,0.00797872688007506,1.610369158253974e-09,3.868e-09,0.0,0.0
1.3624380644045254e-09,1.35,0.8338533756274921,1.144056847401892,1.1704986508804824,-0.01518078306977965,0.00941932879959825,0.007945622306687158,0.007945616777476294,1.6612106855701387e-09,3.868e-09,0.0,0.0
1.3644380644045254e-09,1.35,0.8379855550213962,1.1498579920633438,1.182691653892927,-0.015059248381723647,0.009314755125798197,0.007905292721967588,0.007905287138701311,1.7152663322586427e-09,3.868e-09,0.0,0.0
1.3664380644045253e-09,1.35,0.8420254668733809,1.1554247794944952,1.1948170414962795,-0.014940427444900567,0.009214953332130321,0.007857722382678605,0.007857716745656385,1.769022217300172e-09,3.868e-09,0.0,0.0
1.3684380644045253e-09,1.35,0.8456144606715209,1.1608037700571405,1.2068635598450603,-0.014834868803778802,0.009118890161572524,0.007802762801389611,0.007802757107758351,1.8256314432407946e-09,3.868e-09,0.0,0.0
1.3704380644045253e-09,1.35,0.8495002169096507,1.1660379352176111,1.2188197752524668,-0.014720581855598512,0.009025581398657306,0.0077403286740866184,0.007740322921869769,1.8842168987370865e-09,3.868e-09,0.0,0.0
1.3724380644045253e-09,1.35,0.8536900593072376,1.171166714696867,1.2306741683936073,-0.014597351196845958,0.008934144649255103,0.007670393972635728,0.007670388161613362,1.943022538081857e-09,3.868e-09,0.0,0.0
1.3744380644045253e-09,1.35,0.858128809582436,1.1762261167199526,1.2424152224760723,-0.014466799718163652,0.008843760155523302,0.0075929880266690985,0.007592982145591787,2.013077494107231e-09,3.868e-09,0.0,0.0
1.3764380644045253e-09,1.35,0.862776592952744,1.18124875560214,1.2540315053882933,-0.01433010020727224,0.008753670986276484,0.007508191590683699,0.00750818564029565,2.08238798215015e-09,3.868e-09,0.0,0.0
1.3784380644045253e-09,1.35,0.8675967770325819,1.186263922998634,1.2655117457676897,-0.014188330087277008,0.008663191687336555,0.00741613288687191,0.007416126852919813,2.1659521881789e-09,3.868e-09,0.0,0.0
1.3804380644045253e-09,1.35,0.8725567568910013,1.1912976865705223,1.2768449029870945,-0.01404244832673526,0.00857170535962102,0.007316983664857369,0.0073169775323069786,2.264550655987723e-09,3.868e-09,0.0,0.0
1.3824380644045253e-09,1.35,0.8776274213269162,1.196372992824583,1.288020231145085,-0.013893311137443645,0.008478660816361045,0.007210955302856629,0.00721094907308073,2.3617760109622405e-09,3.868e-09,0.0,0.0
1.3844380644045253e-09,1.35,0.8827831556993057,1.2015097832274964,1.2990273370275696,-0.013741671891196898,0.008383574283533361,0.007098294966789891,0.007098288574148848,2.524641037378124e-09,3.868e-09,0.0,0.0
1.3864380644045253e-09,1.35,0.8880009230378976,1.2067251089464577,1.3098562322948082,-0.013588208145944195,0.008286019406188352,0.006979281840608094,0.006979275273260921,2.699347214356237e-09,3.868e-09,0.0,0.0
1.3884380644045253e-09,1.35,0.89326068068417,1.2120332343668179,1.320497379950771,-0.013433509391642066,0.008185624195491608,0.006854223427152911,0.006854216679490488,2.879662228350826e-09,3.868e-09,0.0,0.0
1.3904380644045253e-09,1.35,0.8985457634541747,1.2174457742225644,1.3309417349665456,-0.013278065780759574,0.00808208347853208,0.006723451938564563,0.0067234448410160574,3.2295481213792767e-09,3.868e-09,0.0,0.0
1.3924380644045253e-09,1.35,0.9038416284548078,1.2229718493528405,1.3411807797451243,-0.013122305045446835,0.00797514861147228,0.006587320811692579,0.00658731337113605,3.572556121461665e-09,3.868e-09,0.0,0.0
1.394396392716307e-09,1.35,0.9090256146868432,1.2284992980673335,1.3509999088920797,-0.012969834862151676,0.00786695992013983,0.006449188684685511,0.006449180881891836,3.868e-09,3.93479391399092e-09,0.0,0.0
1.396311340283969e-09,1.35,0.9140843793984655,1.234019961993278,1.3603971533102244,-0.01282104766475102,0.007757701047501286,0.006309837716736832,0.006309829286207158,3.868e-09,4.562529841122985e-09,0.0,0.0
1.3972767430582006e-09,1.35,0.9166280101795525,1.2368472795727876,1.3650562992227284,-0.012746234994719049,0.007701286665267707,0.006238081425435335,0.006238072683674378,3.868e-09,4.873760788078247e-09,0.0,0.0
1.3973548901137475e-09,1.35,0.9168336678340042,1.237077546174977,1.3654309373506304,-0.012740186240176352,0.007696678377063507,0.006232227791084342,0.006232219024297603,3.868e-09,4.898786615022101e-09,0.0,0.0
1.3975111842248415e-09,1.35,0.9172448847331232,1.2375384707601378,1.3661795091077649,-0.012728091625496384,0.007687447983043281,0.00622050829178662,0.006220499474995256,3.868e-09,4.948791208398689e-09,0.0,0.0
1.3978237724470293e-09,1.35,0.9180669248922203,1.2384626687986875,1.3676724168775747,-0.012703913973758231,0.007668916250549601,0.00619699649314015,0.006196987576622792,3.868e-09,5.048517447421983e-09,0.0,0.0
1.398448948891405e-09,1.35,0.9197091785383664,1.2403204612151273,1.3706412033123245,-0.012655612395930403,0.007631566957049927,0.006149687545353982,0.006149678392305402,3.868e-09,5.2850480986778025e-09,0.0,0.0
1.3996993017801566e-09,1.35,0.9229858541840971,1.2440735655636759,1.3765099960968759,-0.01255923958282068,0.007555722127286901,0.006053975271535655,0.006053965376671799,3.868e-09,6.026863506645092e-09,0.0,0.0
1.4014048056094133e-09,1.35,0.9274359987042525,1.2492729833691092,1.3843652682460548,-0.012428352979286697,0.007449793481834478,0.005921220962194298,0.005921210074424366,3.868e-09,7.0197699063013e-09,0.0,0.0
1.4032894551750219e-09,1.35,0.93232538677619,1.2551244149691332,1.392841146676292,-0.012284547447759121,0.007329426522054866,0.005771842805245869,0.00577183054212238,3.868e-09,8.395123634246558e-09,0.0,0.0
1.405062942824536e-09,1.35,0.9368971104237794,1.2607296244589425,1.400617764480534,-0.012150084987535906,0.007213009816282859,0.005628999491319036,0.0056289854131328365,3.868e-09,1.0210186229756598e-08,0.0,0.0
1.406864277892471e-09,1.35,0.9415101855060055,1.2665173451771339,1.4083156533854138,-0.012014406308646901,0.00709169115842425,0.005481962297220368,0.005481946422347006,3.868e-09,1.2006873500155537e-08,0.0,0.0
1.4085950991261922e-09,1.35,0.9459131358945816,1.2721640924882462,1.4155192202523177,-0.01188490776780643,0.0069722687483150785,0.00533910532353848,0.005339086673995075,3.868e-09,1.4781543538875071e-08,0.0,0.0
1.4103614113745301e-09,1.35,0.9503764284232045,1.2780081255009248,1.4226735144086284,-0.011753634458141052,0.006847600857728501,0.005192008956220813,0.005191987219599348,3.868e-09,1.786862146732318e-08,0.0,0.0
1.4120783786265733e-09,1.35,0.9546864220137623,1.2837625247927917,1.4294357083415645,-0.011626869940771702,0.00672380345768423,0.00504801388449616,0.005047989229987726,3.868e-09,2.0786508149385114e-08,0.0,0.0
1.4138227186454817e-09,1.35,0.9590370457920527,1.2896770105702644,1.436110444250124,-0.011498910417880807,0.006595507546999353,0.0049009686297095,0.004900938831133406,3.868e-09,2.5930576288599365e-08,0.0,0.0
1.4155301994051108e-09,1.35,0.9632695156588145,1.2955270671983745,1.4424527130799643,-0.011374426010034872,0.006467577097575174,0.004756539550504298,0.004756504665428762,3.868e-09,3.1017075890131254e-08,0.0,0.0
1.4172596732646204e-09,1.35,0.9675314558061567,1.3015068086088029,1.4486831194584084,-0.011249074829230689,0.006335766955084645,0.00461000033811274,0.004609960456250839,3.868e-09,3.601386180564347e-08,0.0,0.0
1.4189625604775887e-09,1.35,0.9717047588363963,1.307441206885437,1.4546272511813723,-0.011126330622458939,0.006203926565227075,0.004465698713245124,0.004465650871386062,3.868e-09,4.3973858762607646e-08,0.0,0.0
1.420683981053137e-09,1.35,0.9759019350453658,1.3134798857901724,1.4604440861869166,-0.0110028842633716,0.006068726496698148,0.004320039578072947,0.004319983057496701,3.868e-09,5.2652576590879026e-08,0.0,0.0
1.4223870835726488e-09,1.35,0.9800350291851577,1.3194862246401187,1.4660094812539881,-0.010881322671024776,0.005933213738581934,0.004176356658271549,0.004176291834125712,3.868e-09,6.095614603095046e-08,0.0,0.0
1.4241066952179201e-09,1.35,0.9841906244546219,1.325575304396424,1.4714382554147707,-0.01075909928074642,0.00579478203974503,0.004031922738504215,0.004031847984447001,3.868e-09,7.088605709413348e-08,0.0,0.0
1.4258149256799824e-09,1.35,0.9883033157619512,1.3316407412542959,1.4766424731597596,-0.010638137771707322,0.00565583354101778,0.0038892836842894206,0.0038891945431722696,3.868e-09,8.527311705015584e-08,0.0,0.0
1.427538876034857e-09,1.35,0.9924405531922118,1.3377708336575949,1.4817052291318424,-0.01051645431787613,0.0055143308433292385,0.0037463752941161643,0.0037462721570100666,3.868e-09,9.926910593497794e-08,0.0,0.0
1.4292575502408753e-09,1.35,0.9965539467418854,1.3438830009288187,1.486564640680684,-0.010395472154650434,0.005372166338995477,0.003605132972728162,0.0036050164017786823,3.868e-09,1.1270294916175047e-07,0.0,0.0
1.4309922926130802e-09,1.35,1.000696508023729,1.350044968969435,1.4912810568253634,-0.010273632116949157,0.005227742172351998,0.0034639940632193583,0.003463861474640284,3.868e-09,1.2872057924109897e-07,0.0,0.0
1.4327274551954535e-09,1.35,1.0048326503548168,1.3561928436068627,1.495811251577408,-0.010151980871917158,0.005082527345165238,0.00332442254455815,0.0033242668972877087,3.868e-09,1.5177927052900633e-07,0.0,0.0
1.4344801953156593e-09,1.35,1.0126324518571757,1.3623788155796874,1.50019938251741,-0.009922574945377193,0.004935262029017881,0.003185227733530204,0.003185049750673352,3.868e-09,1.741148570136158e-07,0.0,0.0
1.4362392307580274e-09,1.35,1.0205700063473855,1.3685542316168153,1.5044158907990386,-0.00968911746037102,0.004787082711739436,0.0030474979847464148,0.0030472985398626307,3.868e-09,1.9557688416710677e-07,0.0,0.0
1.4380187611527016e-09,1.35,1.0280244667268168,1.3747597464985228,1.5084933384617571,-0.009469868625681863,0.004636972384419084,0.0029103157868033487,0.002910095587710604,3.868e-09,2.1633109277034393e-07,0.0,0.0
1.4398110763410254e-09,1.35,1.0349927542518187,1.3809588361776794,1.5124118373878528,-0.009264918992593574,0.004485773324334508,0.0027744770544949815,0.0027742267202297555,3.868e-09,2.464662652678479e-07,0.0,0.0
1.4416286280324093e-09,1.35,1.04155377714812,1.3871843762380653,1.516195971552266,-0.009071947730937651,0.004332633206645718,0.0026392467654741806,0.0026389611819992442,3.868e-09,2.8171547500935686e-07,0.0,0.0
1.4434671482926695e-09,1.35,1.0477228615060221,1.3934108323314647,1.5198332766997662,-0.008890504073352297,0.004178125946997743,0.002505165282501231,0.0025048458175287447,3.868e-09,3.155969724583215e-07,0.0,0.0
1.4453386393086307e-09,1.35,1.0535655928413135,1.399667026253867,1.5233431070496357,-0.008718659034079021,0.004021471313135305,0.00237159649200481,0.002371244332962652,3.868e-09,3.482910421673551e-07,0.0,0.0
1.4472426636957728e-09,1.35,1.0591056331202469,1.4059384104871453,1.526718867513676,-0.008555716672933922,0.0038629518838652604,0.002238837164748512,0.0022384535604977884,3.868e-09,3.7973625088989105e-07,0.0,0.0
1.4491926535719854e-09,1.35,1.064405946786919,1.4122544654452787,1.5299770678997158,-0.008399825094502392,0.0037017206527999017,0.00210625012946458,0.0021058361750772026,3.868e-09,4.100863874858517e-07,0.0,0.0
1.4511926535719853e-09,1.35,1.0695002819746242,1.4186112424394342,1.5331149736548684,-0.008249991706628705,0.003537755760435737,0.001973908117675715,0.0019734413066205825,3.868e-09,4.629430547672729e-07,0.0,0.0
1.4531926535719853e-09,1.35,1.0742975190390223,1.4248364781565621,1.5360520998191367,-0.00810889649885229,0.0033754336640671144,0.0018453391554145663,0.0018448227069274292,3.868e-09,5.125804869434064e-07,0.0,0.0
1.4551926535719853e-09,1.35,1.0788438730633931,1.4309220974552899,1.5387943073552965,-0.007975180204017857,0.0032150681646901094,0.0017206098818748476,0.0017200470900802234,3.868e-09,5.589237943045113e-07,0.0,0.0
1.4571926535719853e-09,1.35,1.0831831325111203,1.4368625671962454,1.5413475486955193,-0.007847554926143523,0.0030577277722223105,0.0015997725937827562,0.0015991666522094938,3.868e-09,6.020735729542766e-07,0.0,0.0
1.4591926535719853e-09,1.35,1.087356255347538,1.4426595895884047,1.5437178497043849,-0.007724816019190062,0.002906035609439747,0.0014828706589762384,0.0014822246593162447,3.868e-09,6.421316600041016e-07,0.0,0.0
1.4611926535719853e-09,1.35,1.091401420691034,1.4483163522925264,1.545911299656444,-0.00760584056791077,0.0027581894608101325,0.001369943347325033,0.0013692602783608177,3.868e-09,6.792009641938993e-07,0.0,0.0
1.4631926535719853e-09,1.35,1.0953538705367265,1.4538232285382542,1.5479340399865562,-0.007489592043037459,0.0026096907847027563,0.0012610194040611207,0.0012603021507850976,3.868e-09,7.133852757727972e-07,0.0,0.0
1.4651926535719853e-09,1.35,1.099245660839471,1.4591642154413353,1.5497922397755406,-0.007375127622368506,0.0024619053419360102,0.0011561062317464862,0.0011553575748939338,3.868e-09,7.447888522066318e-07,0.0,0.0
1.4671926535719853e-09,1.35,1.103106294093391,1.4643275807727,1.5514920465400033,-0.007261579585488509,0.0023155821822401566,0.001055188722741483,0.00105439121890738,3.868e-09,7.93635834117993e-07,0.0,0.0
1.4691926535719853e-09,1.35,1.1069625542097876,1.469304252534785,1.553039569540409,-0.007148160170300372,0.0021712456131978033,0.0009582332069402893,0.0009573886816196531,3.868e-09,8.406573204853266e-07,0.0,0.0
1.4711926535719853e-09,1.35,1.1108384671602438,1.4740873071193035,1.5544408709217183,-0.007034162730581071,0.002029355940193457,0.0008651902179454595,0.0008643031140824764,3.868e-09,8.832358629564088e-07,0.0,0.0
1.472870680952654e-09,1.35,1.1141212019285482,1.4779473490284987,1.5555080214307355,-0.006937611707983883,0.0019124775704997114,0.0007901003543299039,0.000789180825098601,3.868e-09,9.156612311728981e-07,0.0,0.0
1.4743691445960095e-09,1.35,1.1170859040738073,1.4812744498902317,1.5563803214918717,-0.006850414586064495,0.0018099443374505505,0.0007253022033497792,0.0007243561692813483,3.868e-09,9.421660685305147e-07,0.0,0.0
1.4757940876267284e-09,1.35,1.119941737674067,1.484332467815356,1.5571415767467605,-0.006766419480174507,0.0017141702561305093,0.0006656254823729413,0.0006646563175631837,3.868e-09,9.65296809450317e-07,0.0,0.0
1.477167324958194e-09,1.35,1.122733465874242,1.4871814855200693,1.557814221352234,-0.006684309827228181,0.0016235553656033911,0.0006098756909018769,0.0006088860877857538,3.868e-09,9.85735115787624e-07,0.0,0.0
1.478487624991964e-09,1.35,1.1254567437786411,1.4898298340131917,1.5584062010540625,-0.006604213418275266,0.0015380309517810248,0.0005578771531564701,0.0005568695627373721,3.868e-09,1.0037224190276924e-06,0.0,0.0
1.4797560824537781e-09,1.35,1.128113615250706,1.4922904114778905,1.558925887981192,-0.0065260701396851195,0.0014573995816163693,0.0005093736236941919,0.000508350242587774,3.868e-09,1.0195131063085115e-06,0.0,0.0
1.4809764556465608e-09,1.35,1.1307101536411894,1.4945804875515267,1.5593818109110957,-0.006449701363494431,0.001381281221324858,0.00046402889334510905,0.0004629916590204175,3.868e-09,1.0333663245336362e-06,0.0,0.0
1.4822752992808902e-09,1.35,1.1335183124733685,1.4969350471283103,1.5598209723306766,-0.006367108456665639,0.001301846724323286,0.0004171637327127556,0.00041611315446821173,3.868e-09,1.0467102442676107e-06,0.0,0.0
1.4834504911385825e-09,1.35,1.1361017818319659,1.4989923665643161,1.560178514903957,-0.006291124063765717,0.001231414733909006,0.00037597716052002847,0.00037491571834480375,3.868e-09,1.0575741753567286e-06,0.0,0.0
1.4846351108944828e-09,1.35,1.1387476283785343,1.5009964883672695,1.5605017573417843,-0.0062133050476901736,0.0011618037162416709,0.0003356071093684209,0.00033453584547138426,3.868e-09,1.0673958968301182e-06,0.0,0.0
1.4857204723037015e-09,1.35,1.1412097363068197,1.502771767398666,1.5607660295664074,-0.006140890108622954,0.0010992581316612232,0.0002996116394344092,0.00029853234562571274,3.868e-09,1.0754258083752868e-06,0.0,0.0
1.4868025825027793e-09,1.35,1.1437016114886733,1.5044842871536184,1.5609999718659107,-0.006067599662097849,0.0010380825373232743,0.00026465020830537394,0.0002635638061603274,3.868e-09,1.0825341451456904e-06,0.0,0.0
1.4878061004710436e-09,1.35,1.146045685357362,1.5060216577035317,1.561191223492849,-0.005998656313018769,0.0009823963186084996,0.00023303944510021346,0.00023194723177422105,3.868e-09,1.0883453258302077e-06,0.0,0.0
1.488794635460242e-09,1.35,1.1483868410475466,1.5074887939351413,1.5613560427051945,-0.005929798792719224,0.0009285402893545399,0.00020265002426316008,0.0002015528029055691,3.868e-09,1.0933533575973307e-06,0.0,0.0
1.4897164840532093e-09,1.35,1.1505988474627689,1.5088151094989357,1.561489150768085,-0.005864739780506806,0.0008792026729668066,0.00017496907556187877,0.00017386780971540006,3.868e-09,1.0973978460882607e-06,0.0,0.0
1.4906137921776748e-09,1.35,1.1527786086263183,1.510067733923828,1.5616000676346584,-0.005800629158049464,0.0008319953684500247,0.00014862459184548227,0.00014751995579032062,3.868e-09,1.1007680550790904e-06,0.0,0.0
1.4914512631090217e-09,1.35,1.1548367930995975,1.5112030118190942,1.5616873495972103,-0.005740094320600075,0.000788659990350681,0.00012456163620065702,0.00012345434808325173,3.868e-09,1.1034201175112338e-06,0.0,0.0
1.4922555701306642e-09,1.35,1.1568350875012017,1.512262913716533,1.5617567259202414,-0.005681320955847016,0.0007476983745247536,0.0001019207016045914,0.00010081130548766915,3.868e-09,1.1055281170865313e-06,0.0,0.0
1.4930025449662628e-09,1.35,1.158709884267425,1.513220834707726,1.561808726649719,-0.005626179874487505,0.0007102274781328489,8.129893624088294e-05,8.018796008180118e-05,3.868e-09,1.1071081592517047e-06,0.0,0.0
1.4937076710853139e-09,1.35,1.160496189635313,1.5141019613904665,1.5618470369846336,-0.005573641481314326,0.0006753606378782655,6.218525115254334e-05,6.107311093406231e-05,3.868e-09,1.1082722187780877e-06,0.0,0.0
1.494353624075678e-09,1.35,1.1621467626976512,1.5148896133344363,1.5618731067039808,-0.005525095214774969,0.000643844641142458,4.497202439837514e-05,4.3859092050624326e-05,3.868e-09,1.1090643472004525e-06,0.0,0.0
1.494879065008728e-09,1.35,1.1634993479705045,1.5155166548596182,1.5618880458691262,-0.005485313294985167,0.0006185063913390364,3.1176645786347765e-05,3.0063259512713714e-05,3.868e-09,1.1095182737333974e-06,0.0,0.0
1.4953189411125536e-09,1.35,1.1646383367694857,1.516032231386338,1.5618962881711675,-0.005451813624426899,0.0005975011671786611,1.9768607453888952e-05,1.8654970738163357e-05,3.868e-09,1.1097687160809217e-06,0.0,0.0
1.495687821603668e-09,1.35,1.1655982657371828,1.5164580627839273,1.5619002381819098,-0.005423580419494631,0.0005800294683189104,1.0299856961582064e-05,9.18610022426769e-06,3.868e-09,1.1098887371573256e-06,0.0,0.0
1.4959856435363017e-09,1.35,1.1663764567048223,1.5167975402627865,1.5619014743897794,-0.005400692449858177,0.0005660183226664214,2.7198490819869156e-06,1.6060547824992e-06,3.868e-09,1.1099262993334463e-06,0.0,0.0
1.4962817693397142e-09,1.35,1.1671530290929528,1.5171312714247467,1.5619009883151111,-0.005377852085501393,0.0005521707008046524,-4.7600361879563335e-06,-5.8738157178162e-06,3.868e-09,1.109911529954645e-06,0.0,0.0
1.4965817458602484e-09,1.35,1.1679425456550159,1.5174654821669056,1.5618987653532765,-0.005354631010146597,0.0005382278794204297,-1.2279649469597428e-05,-1.3393361455227293e-05,3.868e-09,1.1098439852593104e-06,0.0,0.0
1.4969694364038358e-09,1.35,1.1689668653383738,1.5178916905847113,1.5618933347382706,-0.005324503960636072,0.0005203356122864199,-2.19128579221068e-05,-2.3026404897930064e-05,3.868e-09,1.1096789760223504e-06,0.0,0.0
1.4974167105720754e-09,1.35,1.17015443753431,1.5183754245195358,1.5618835208738928,-0.005289575366637947,0.0004998696766781453,-3.2908235942564806e-05,-3.402148472453348e-05,3.868e-09,1.1093807817532278e-06,0.0,0.0
1.4979416365612712e-09,1.35,1.1715561471952374,1.5189323109075938,1.5618672104873434,-0.005248348611904791,0.0004760899091198524,-4.565239848690122e-05,-4.676515167778561e-05,3.868e-09,1.1088851906579256e-06,0.0,0.0
1.498507645585342e-09,1.35,1.1730770558429504,1.519519776755361,1.561843899724818,-0.005203616004619112,0.00045073687914040406,-5.9202337481286847e-05,-6.031438237452669e-05,3.868e-09,1.1081768931385887e-06,0.0,0.0
1.4991351116943198e-09,1.35,1.1747741040658406,1.520155393416866,1.561811218524865,-0.005153702821592929,0.0004229784525592848,-7.399402293368747e-05,-7.510507480845696e-05,3.868e-09,1.107183874878019e-06,0.0,0.0
1.4997966308701415e-09,1.35,1.1765761369452696,1.5208078671122993,1.5617690987060326,-0.005100701854550901,0.0003941051055199147,-8.933066256567104e-05,-9.04404346300236e-05,3.868e-09,1.1059040641828e-06,0.0,0.0
1.5005107664390784e-09,1.35,1.1785358017397076,1.5214921243691122,1.5617149498958807,-0.005043064654714484,0.00036338228320713004,-0.0001055945477392643,-0.00010670267449186532,3.868e-09,1.1042587525863349e-06,0.0,0.0
1.5012553347912805e-09,1.35,1.1805944597051716,1.5221835464557907,1.5616490722354945,-0.004982515891024372,0.0003318397168265036,-0.00012223309854367893,-0.00012333922360330263,3.868e-09,1.102257059875499e-06,0.0,0.0
1.5020458696655028e-09,1.35,1.1827975640950328,1.522893367746285,1.5615688049696153,-0.004917718703087277,0.0002988907171416551,-0.0001395491013495853,-0.0001406527874885377,3.868e-09,1.099818139001754e-06,0.0,0.0
1.5028644947202208e-09,1.35,1.18509666595005,1.5236023743636038,1.5614747068106354,-0.004850098060292657,0.00026535054479733845,-0.0001571075209789253,-0.0001582083479452212,3.868e-09,1.096958966441152e-06,0.0,0.0
1.5037239703324068e-09,1.35,1.1875302197973843,1.5243186302058165,1.5613641493365793,-0.004778522947135759,0.00023076388730838328,-0.00017514164102446815,-0.0001762391087019033,3.868e-09,1.0935996775919579e-06,0.0,0.0
1.504609939386024e-09,1.35,1.1900583876010515,1.5250272175014459,1.5612378498357373,-0.004704165070557313,0.00019577281046805295,-0.000193310796519449,-0.00019440442658691381,3.868e-09,1.0897620672588752e-06,0.0,0.0
1.5055327485775644e-09,1.35,1.192713110882338,1.5257336271968935,1.5610932937644166,-0.004626084974048893,0.00016003186217772175,-0.00021179073301856444,-0.000212879970749702,3.868e-09,1.0853697310317953e-06,0.0,0.0
1.5064808912639435e-09,1.35,1.1954617474937788,1.5264263086660992,1.5609312780630202,-0.0045452427207712184,0.00012404499528899686,-0.00023031570479505118,-0.0002314000196790289,3.868e-09,1.0804468839448642e-06,0.0,0.0
1.507462685874281e-09,1.35,1.1983302307891142,1.5271087556773126,1.5607494593033775,-0.004460875565026057,8.755453573419976e-05,-0.00024901576136127654,-0.00025009455168234496,3.868e-09,1.0749223209331187e-06,0.0,0.0
1.5084689220021605e-09,1.35,1.2012921319850776,1.5277720325933077,1.5605486565692892,-0.0043737608239683146,5.0956732306279016e-05,-0.0002676842438094209,-0.00026875693273975543,3.868e-09,1.0688209298578553e-06,0.0,0.0
1.5095062629471366e-09,1.35,1.2043677789105613,1.5284181454432033,1.5603267298007613,-0.004283300620277611,1.4060529570110344e-05,-0.0002864162259592184,-0.0002874821716440934,3.868e-09,1.062077684996122e-06,0.0,0.0
1.5105673563114258e-09,1.35,1.2075362875915854,1.5290401838560987,1.5600844770915698,-0.004190109188482789,-2.2821809732257486e-05,-0.00030505172566746555,-0.00030611031050398196,3.868e-09,1.0547168364273484e-06,0.0,0.0
1.511657524164317e-09,1.35,1.210812762293329,1.5296390711828178,1.5598199770580743,-0.00409374228549033,-5.983222860915947e-05,-0.0003236595103614122,-0.0003247100583643192,3.868e-09,1.0466800029095886e-06,0.0,0.0
1.5127709049885263e-09,1.35,1.2141804874956037,1.530209447337398,1.5595339802924455,-0.003994691544246955,-9.672520841625152e-05,-0.00034211623303742383,-0.0003431580910289167,3.868e-09,1.0379899911859498e-06,0.0,0.0
1.5139117129691567e-09,1.35,1.2176517792589632,1.5307514592211044,1.5592247943944664,-0.0038925947276775563,-0.00013360024900678925,-0.0003604708333079681,-0.0003615032966857168,3.868e-09,1.0285953776758623e-06,0.0,0.0
1.5150753252652235e-09,1.35,1.2212110567360854,1.5312609526367882,1.5588930954581053,-0.003787910095997493,-0.00017027221267911825,-0.0003786294589031363,-0.0003796518436083307,3.868e-09,1.018516705494522e-06,0.0,0.0
1.5162650756560734e-09,1.35,1.224868732331292,1.5317375428899545,1.5585374102886642,-0.0036803314020208283,-0.00020680757259633448,-0.00039662688112738565,-0.00039763845833951095,3.868e-09,1.0077092116210634e-06,0.0,0.0
1.5174772674867993e-09,1.35,1.2286121169969815,1.5321779692296411,1.5581583532582304,-0.0035702318530299593,-0.00024306017439805936,-0.00041439144496827155,-0.000415391504532181,3.868e-09,9.961915637513274e-07,0.0,0.0
1.518714625638055e-09,1.35,1.2324474715676463,1.5325815382871613,1.5577546277026677,-0.0034574273068339392,-0.0002790838110332844,-0.0004319494132666532,-0.0004329372056299796,3.868e-09,9.839243627455543e-07,0.0,0.0
1.5199742167675466e-09,1.35,1.2363644590090457,1.5329456663813266,1.55732677415565,-0.003342221793851602,-0.0003147627358615517,-0.00044924698639066076,-0.00045022177842368727,3.868e-09,9.709240327194192e-07,0.0,0.0
1.5212581769176694e-09,1.35,1.2403678200097747,1.533269442060132,1.5568736912257741,-0.003224475882065453,-0.00035013101554898284,-0.00046630331748522176,-0.0004672643425935874,3.868e-09,9.571571078951455e-07,0.0,0.0
1.5225642780052684e-09,1.35,1.2444481582307874,1.5335508309059958,1.5563958134757332,-0.003104465934388609,-0.0003851032014334997,-0.0004830801069698518,-0.00048402661176227824,3.868e-09,9.426367924601512e-07,0.0,0.0
1.523894318461572e-09,1.35,1.248607788664233,1.5337888250502312,1.555892162271939,-0.0029821238628166824,-0.00041970654723799954,-0.0004995935391859398,-0.0005005247405367452,3.868e-09,9.273333506328705e-07,0.0,0.0
1.525090795566785e-09,1.35,1.2523515757004893,1.5339472539049366,1.5554248816171015,-0.002872012479397376,-0.0004622493900539079,-0.0005139806972699699,-0.0005148977002977784,3.868e-09,9.131350279356198e-07,0.0,0.0
1.5260385713859997e-09,1.35,1.255317255005005,1.534013285978131,1.5550454469259842,-0.002784786617499861,-0.0005075654099716653,-0.0005250866405651882,-0.0005259921144700197,3.868e-09,9.016059048460277e-07,0.0,0.0
1.5268838468128702e-09,1.35,1.257960034342086,1.5340207838948121,1.5547002868027404,-0.0027070578134680626,-0.0005435020626110196,-0.0005347979926070397,-0.0005356929788216114,3.868e-09,8.911182145012597e-07,0.0,0.0
1.5277905727949595e-09,1.35,1.2607934236426042,1.533979819998779,1.5543230845069855,-0.0026237228340410604,-0.000581238464854173,-0.0005450357896437915,-0.0005459193145667118,3.868e-09,8.796569227447542e-07,0.0,0.0
1.5287555073653829e-09,1.35,1.2638040917202504,1.5338842853073167,1.5539139001047308,-0.002535173772933816,-0.0006179597753749568,-0.0005557500957743388,-0.0005566211876293359,3.868e-09,8.672238546822447e-07,0.0,0.0
1.5297623835863695e-09,1.35,1.2669410095527966,1.5337333242306221,1.5534785287328847,-0.002442911483741282,-0.0006535768909212952,-0.0005667560272368694,-0.0005676138903323302,3.868e-09,8.539950955487066e-07,0.0,0.0
1.5308107423495164e-09,1.35,1.2701993513190397,1.5335257953878365,1.5530162391843259,-0.0023470779023811866,-0.0006879986982592022,-0.0005780513591291981,-0.0005788951755569816,3.868e-09,8.399484276157368e-07,0.0,0.0
1.531911260676493e-09,1.35,1.2736106153283946,1.5332583528302095,1.5525212269553035,-0.0022467466079883966,-0.0007213635464848025,-0.0005897538885479149,-0.0005905826640291156,3.868e-09,8.249074810368873e-07,0.0,0.0
1.533064546775632e-09,1.35,1.2771734106316712,1.5329297017358887,1.5519919271820362,-0.0021419585108332015,-0.0007535224484780959,-0.0006018726550100208,-0.0006026853477176797,3.868e-09,8.088247074261666e-07,0.0,0.0
1.5342852690046278e-09,1.35,1.2809280481141547,1.532534451820173,1.5514200448440205,-0.00203152799664251,-0.0007847550715084916,-0.000614563903216646,-0.0006153592192794655,3.868e-09,7.914480625855622e-07,0.0,0.0
1.535580354202256e-09,1.35,1.284891754037385,1.5320690186361698,1.5508003784125943,-0.0019149484106651543,-0.0008149371270252177,-0.0006279003803148469,-0.0006286768678129828,3.868e-09,7.726194980666812e-07,0.0,0.0
1.5369710591912021e-09,1.35,1.2891222447558435,1.531524424868819,1.5501202528062121,-0.0017905222130634307,-0.0008443089455660543,-0.0006420997996901862,-0.0006428556215718473,3.868e-09,7.519538815167499e-07,0.0,0.0
1.5384792217507496e-09,1.35,1.2936755253018315,1.5308904183936178,1.5493656047250381,-0.001656602197004961,-0.0008730320045592072,-0.0006573800701689281,-0.0006581215168890431,3.868e-09,7.375787198531434e-07,0.0,0.0
1.5401495230812753e-09,1.35,1.2986725455273003,1.5301460973253516,1.548509234494376,-0.0015096310139029387,-0.0009014771706536878,-0.0006741819982342766,-0.0006749089722974944,3.868e-09,7.23106062954951e-07,0.0,0.0
1.5420524738963626e-09,1.35,1.304300812355854,1.529257232992108,1.5475073983744034,-0.001344093754239592,-0.0009301889232276688,-0.0006931887811074245,-0.0006938988241402821,3.868e-09,7.061750325274188e-07,0.0,0.0
1.5440524738963626e-09,1.35,1.3101341394477928,1.5282897999192975,1.5464246214897606,-0.0011725253103590377,-0.0009568334768587753,-0.0007130193817923684,-0.0007137111258956885,3.868e-09,6.878761031769495e-07,0.0,0.0
1.5460524738963626e-09,1.35,1.3158745981003608,1.5273005434771882,1.5453114814170568,-0.0010036882911658648,-0.000980544393245704,-0.0007326980365839646,-0.0007333709686201395,3.868e-09,6.690640359482595e-07,0.0,0.0
1.5480524738963626e-09,1.35,1.3215042529964571,1.5262993854794527,1.5441682241659196,-0.0008381102059865572,-0.0010019390150834888,-0.0007522098468706138,-0.0007528634578592985,3.868e-09,6.497429884040368e-07,0.0,0.0
1.5500524738963626e-09,1.35,1.3269813718570171,1.5252938309691053,1.5429951259562422,-0.0006770184747936156,-0.001021561852522975,-0.0007715304290932595,-0.0007721642147222596,3.868e-09,6.299176286604931e-07,0.0,0.0
1.5520524738963626e-09,1.35,1.3323020231964773,1.5242892227607097,1.541792505792401,-0.0005205287295153779,-0.0010398873930668518,-0.0007906285369239084,-0.0007912419982718522,3.868e-09,6.095933478915756e-07,0.0,0.0
1.5540524738963626e-09,1.35,1.3375420137118257,1.523288990648321,1.5405607342133647,-0.00036641136141689346,-0.0010573249137820924,-0.0008094684100676519,-0.0008100610544761189,3.868e-09,5.887764082058597e-07,0.0,0.0
1.5560524738963626e-09,1.35,1.342724499705748,1.5222948944795822,1.5393002386373493,-0.00021398530277212668,-0.0010742211444601233,-0.0008280118523113741,-0.0008285831943444233,3.868e-09,5.674740329712045e-07,0.0,0.0
1.5580524738963626e-09,1.35,1.3478103110242126,1.5213072557242053,1.5380115057126074,-6.440261693493182e-05,-0.0010908672146476644,-0.0008462200453739634,-0.0008467696078209297,3.868e-09,5.456944465430617e-07,0.0,0.0
1.5600524738963626e-09,1.35,1.3527843012257859,1.5203251682397556,1.5366950810691518,8.189121252311082e-05,-0.0011075054243000484,-0.0008640551138020492,-0.000864582428672378,3.868e-09,5.234468700686638e-07,0.0,0.0
1.5620524738963626e-09,1.35,1.3576340368861515,1.519346696654657,1.5353515668420623,0.00022453049665151215,-0.0011243315243608166,-0.0008814814570647283,-0.0008819860665443269,3.868e-09,5.007414796308502e-07,0.0,0.0
1.5640524738963626e-09,1.35,1.3623492551101293,1.5183690779553123,1.5339816173222294,0.00036321338559203165,-0.0011414932781843375,-0.0008984668519060755,-0.0008989483092389783,3.868e-09,4.775893327456754e-07,0.0,0.0
1.5660524738963625e-09,1.35,1.36692119800419,1.5173888875822577,1.5325859330753873,0.000497682294240874,-0.0011591115305167406,-0.0009149833413866666,-0.0009154412116558763,3.868e-09,4.540022689740434e-07,0.0,0.0
1.5680524738963625e-09,1.35,1.3713428490337969,1.5164021621762986,1.531165253824625,0.0006277308539352003,-0.0011772822911767656,-0.000931007953545326,-0.0009314418143353542,3.868e-09,4.299927896361608e-07,0.0,0.0
1.5700524738963625e-09,1.35,1.3756098894859299,1.5154045921228598,1.5297203487398536,0.0007532320437038179,-0.0011960412117472347,-0.0009465232328197136,-0.0009469347958681595,3.868e-09,4.07695048511736e-07,0.0,0.0
1.5720524738963625e-09,1.35,1.3797186056256945,1.5143916630142298,1.5282520023927357,0.0008740766360498323,-0.0012154253580444472,-0.0009615175699829999,-0.0009619154553850429,3.868e-09,3.940174022883319e-07,0.0,0.0
1.5740524738963625e-09,1.35,1.3836672284765397,1.5133587593284998,1.5267610140558145,0.0009902126022511629,-0.0012354307295137034,-0.0009759853857673474,-0.0009763693826130293,3.868e-09,3.8012884592991205e-07,0.0,0.0
1.5760524738963625e-09,1.35,1.3874545834171177,1.5123012807120917,1.5252481936899491,0.0011016053946211052,-0.0012560487166966426,-0.00098992718808807,-0.000990297093012238,3.868e-09,3.660369242218753e-07,0.0,0.0
1.5780524738963625e-09,1.35,1.3910809234717063,1.5112147323149188,1.5237143458345928,0.0012082624550501797,-0.0012772425266061977,-0.00100334950181993,-0.0010037051189515367,3.868e-09,3.5174913144922983e-07,0.0,0.0
1.5800524738963625e-09,1.35,1.3945471614712854,1.510094820811,1.5221602604964888,0.0013102106315083933,-0.0012989676724191122,-0.0010162646797579088,-0.001016605820584271,3.868e-09,3.372728265247933e-07,0.0,0.0
1.5820524738963625e-09,1.35,1.3978547274714472,1.5089375076736238,1.5205867044014412,0.0014074919844543274,-0.0013211722564411476,-0.0010286906198263774,-0.0010290171029776474,3.868e-09,3.2261515149942386e-07,0.0,0.0
1.5840524738963625e-09,1.35,1.4010061785853378,1.5077390826060257,1.5189944127431896,0.0015001817230981679,-0.0013437860237766818,-0.0010406504017953543,-0.0010409620527500607,3.868e-09,3.0778295470280996e-07,0.0,0.0
1.5860524738963625e-09,1.35,1.4040042934814612,1.5064962242492035,1.5173840815558834,0.0015883615729841497,-0.0013667368213878019,-0.001052171840028556,-0.0010524684907484705,3.868e-09,2.9278271969305387e-07,0.0,0.0
1.5880524738963625e-09,1.35,1.4068523569977476,1.5052060305085333,1.5157563608200622,0.0016721281469925728,-0.0013899482850724411,-0.0010632869773186475,-0.0010635684658197864,3.868e-09,2.7762050103887737e-07,0.0,0.0
1.5900524738963625e-09,1.35,1.4095539755876572,1.5038660547366587,1.514111848381449,0.001751587517284027,-0.0014133381853780622,-0.0010740315345103015,-0.0010742977043780577,3.868e-09,2.6230186767319734e-07,0.0,0.0
1.5920524738963625e-09,1.35,1.4121130565106554,1.5024743300704706,1.512451084747221,0.0018268546032545671,-0.0014368248284929396,-0.0010844443202652411,-0.0010846950201195416,3.868e-09,2.468318544203626e-07,0.0,0.0
1.5940524738963624e-09,1.35,1.414533707267291,1.5010293788642002,1.5107745488086908,0.0018980502137438474,-0.0014603268583364703,-0.001094566617047816,-0.001094801699969894,3.868e-09,2.3121492215295396e-07,0.0,0.0
1.5960524738963624e-09,1.35,1.4168201352602945,1.4995302233634322,1.5090826515401692,0.0019652980958910077,-0.0014837615930052648,-0.0011044415504122885,-0.0011046647491084194,3.868e-09,2.193306963394596e-07,0.0,0.0
1.5980524738963624e-09,1.35,1.418976735019532,1.497976385442605,1.5073757340725003,0.002028727500574465,-0.001507050852433284,-0.0011141134483750692,-0.0011143279588612387,3.868e-09,2.1064248642902674e-07,0.0,0.0
1.6000524738963624e-09,1.35,1.4210079182886126,1.4963678779586478,1.5056540718312017,0.00208846818495919,-0.0015301180230701448,-0.0011236272076015745,-0.0011238329548273196,3.868e-09,2.018792256208159e-07,0.0,0.0
1.6020524738963624e-09,1.35,1.4229180854930343,1.494705195520727,1.5039178737259165,0.002144649573324532,-0.0015528900282456009,-0.0011330276720673501,-0.0011332245820443454,3.868e-09,1.9304197726491444e-07,0.0,0.0
1.6040524738963624e-09,1.35,1.4247117250615378,1.492989310210256,1.5021672801876083,0.0021974036782805156,-0.0015752916614271272,-0.0011423590183012049,-0.0011425470177572894,3.868e-09,1.8413145615492596e-07,0.0,0.0
1.6060524738963624e-09,1.35,1.426393113633827,1.4912216294811107,1.500402364648568,0.0022468562833478506,-0.0015972688462191358,-0.0011516641669597621,-0.001151843182995771,3.868e-09,1.751480360612104e-07,0.0,0.0
1.6080524738963624e-09,1.35,1.4279666037407122,1.4894039743012422,1.4986231358979756,0.0022931354041385854,-0.0016187541781485393,-0.0011609842330131785,-0.0011611541927745161,3.868e-09,1.660917617206938e-07,0.0,0.0
1.6100524738963624e-09,1.35,1.4294364701246112,1.4875385608043104,1.496829541263162,0.002336366768370915,-0.0016396985649584442,-0.0011703580021186714,-0.00117051883248398,3.868e-09,1.5696236502949464e-07,0.0,0.0
1.6120524738963624e-09,1.35,1.4308069099216398,1.4856279637055763,1.4950214705692368,0.002376673821224695,-0.001660047637564825,-0.0011798214423338449,-0.0011799730696189226,3.868e-09,1.4775928519741553e-07,0.0,0.0
1.6140524738963624e-09,1.35,1.4320817810386386,1.4836750734465565,1.4931987608115005,0.002414170030548189,-0.0016797675292477266,-0.0011894072657460063,-0.001189549615438379,3.868e-09,1.3848169253053708e-07,0.0,0.0
1.6160524738963624e-09,1.35,1.4333703560006454,1.4816830803170957,1.4913612014722277,0.002452069294136626,-0.0016988048509419614,-0.0011991445291018026,-0.001199277525617104,3.868e-09,1.2912851549363847e-07,0.0,0.0
1.6180524738963624e-09,1.35,1.435211492123587,1.4796554227419334,1.4895085395387289,0.0025062203565760846,-0.001717143771589638,-0.0012090582785739558,-0.0012091829879314897,3.868e-09,1.2084135755481565e-07,0.0,0.0
1.6200524738963624e-09,1.35,1.4367962223626287,1.4775957455587414,1.4876404843187938,0.002552830069489073,-0.0017347433198962362,-0.00121916925286525,-0.0012192887979840528,3.868e-09,1.1567711889930485e-07,0.0,0.0
1.6220524738963624e-09,1.35,1.4380649609324356,1.475507883340307,1.4857567175778563,0.0025901459097775123,-0.0017515870833202788,-0.0012294936277891493,-0.001229607965235191,3.868e-09,1.1046944574398298e-07,0.0,0.0
1.6240524738963623e-09,1.35,1.4390732107371589,1.4733957958351205,1.4838569022947967,0.0026198003157987884,-0.0017676568518824596,-0.0012400428173358936,-0.0012401519027422925,3.868e-09,1.0521740639396614e-07,0.0,0.0
1.6260524738963623e-09,1.35,1.4398592080873525,1.4712635483837158,1.481940687663493,0.0026429178849221233,-0.0017829362787229333,-0.0012508233299212991,-0.0012509271179523829,3.868e-09,9.992003104572624e-08,0.0,0.0
1.6280524738963623e-09,1.35,1.4404578545188593,1.4691152625546804,1.4800077167151238,0.0026605251329076193,-0.0017974217788236167,-0.0012618366705948313,-0.0012619351149276703,3.868e-09,9.45763328589592e-08,0.0,0.0
1.6300524738963623e-09,1.35,1.440900239258859,1.466955085909697,1.4780576340497842,0.0026735364487899677,-0.0018111019810128006,-0.0012730792966848333,-0.00127317235001434,3.868e-09,8.918532933062784e-08,0.0,0.0
1.6320524738963623e-09,1.35,1.4412156250564208,1.4647871723838441,1.4760900936080277,0.002682812501659429,-0.0018239729482260726,-0.0012845426102052414,-0.0012846302242688346,3.868e-09,8.374606377939192e-08,0.0,0.0
1.6340524738963623e-09,1.35,1.4414269468843912,1.4626156245317596,1.4741047664139082,0.0026890278495409134,-0.0018360419469250365,-0.0012962130024596046,-0.0012962951280865997,3.868e-09,7.825762675124875e-08,0.0,0.0
1.6360524738963623e-09,1.35,1.44155573260229,1.460444464923876,1.4721013482054248,0.0026928156647732307,-0.0018473093364178134,-0.0013080719557648122,-0.0013081485429420336,3.868e-09,7.271917711389603e-08,0.0,0.0
1.6380524738963623e-09,1.35,1.4416206712363544,1.4582776703398166,1.4700795669043991,0.0026947256245986526,-0.0018577556780531449,-0.0013200961504286136,-0.001320167148391338,3.868e-09,6.712996270721133e-08,0.0,0.0
1.6395510274028626e-09,1.35,1.4416366122771203,1.4566593338445015,1.4685525213467663,0.0026951944787388243,-0.0018649914106941858,-0.0013291981257460704,-0.0013292667441080486,3.868e-09,6.475036184937503e-08,0.0,0.0
1.6397510274028627e-09,1.35,1.4416373178153303,1.4564438479278847,1.468347831032671,0.0026952152298626506,-0.0018659012314465784,-0.001330418728653977,-0.0013304870416179782,3.868e-09,6.444496390074449e-08,0.0,0.0
1.6401510274028626e-09,1.35,1.4416375997797362,1.4560131422713936,1.467938074599324,0.0026952235229334084,-0.0018676831271134161,-0.0013328620735251174,-0.001332929775132552,3.868e-09,6.383360730219146e-08,0.0,0.0
1.6409510274028626e-09,1.35,1.4416336472604916,1.4551534486311284,1.4671163032294403,0.0026951072723673947,-0.0018711089959039284,-0.0013377607014625635,-0.0013378271769872718,3.868e-09,6.260752441832482e-08,0.0,0.0
1.6425510274028627e-09,1.35,1.441612088402548,1.4534421073694597,1.4654636956008167,0.0026944731883102313,-0.0018774186740626738,-0.0013475962096924676,-0.0013476602195265919,3.868e-09,6.014183383641845e-08,0.0,0.0
1.6445510274028627e-09,1.35,1.441567026120544,1.4513204179379418,1.4633808826947121,0.0026931478270748183,-0.0018845928392270293,-0.0013599356561328105,-0.0013599965584099039,3.868e-09,5.7034276980510386e-08,0.0,0.0
1.6465510274028627e-09,1.35,1.4415098707491127,1.4492198678538597,1.4612790829568496,0.0026914667867386083,-0.0018916015431147404,-0.0013722853344201812,-0.0013723431008121345,3.868e-09,5.389839177161971e-08,0.0,0.0
1.6485510274028627e-09,1.35,1.4414474687304963,1.4471411725345564,1.4591583156826926,0.0026896314332498852,-0.0018983951183847699,-0.0013845997533855799,-0.0013846543555924296,3.868e-09,5.073420699857687e-08,0.0,0.0
1.6505510274028627e-09,1.35,1.4413850717599073,1.4450856287198337,1.457018670945448,0.002687796228232564,-0.001904642303886516,-0.0013968323929686513,-0.0013968838028259878,3.868e-09,4.7541857050608604e-08,0.0,0.0
1.6525510274028627e-09,1.35,1.4413265216052107,1.4430551431799572,1.4548603116309586,0.00268607416485913,-0.0019102765188269931,-0.0014089351164261685,-0.0014089833060111356,3.868e-09,4.432158495338989e-08,0.0,0.0
1.6545510274028626e-09,1.35,1.4412743368953778,1.4410516931409765,1.4526834761536314,0.0026845393204522824,-0.001915231139740175,-0.00142085787276764,-0.0014209028145140135,3.868e-09,4.1073746421217804e-08,0.0,0.0
1.6565510274028626e-09,1.35,1.4412299217232871,1.4390772825657618,1.4504884813754153,0.0026832329918613784,-0.0019194575192614568,-0.0014325487303523715,-0.0014325903971668108,3.868e-09,3.7798814212119516e-08,0.0,0.0
1.6585510274028626e-09,1.35,1.4411939638101883,1.437133871771592,1.448275724506514,0.0026821754061819997,-0.0019229203530676294,-0.0014439539772744191,-0.0014439935324053188,3.868e-09,3.5687131054224236e-08,0.0,0.0
1.6605510274028626e-09,1.35,1.4411662012602813,1.4352233080065657,1.4460456863510156,0.0026813588605965055,-0.0019256021185274875,-0.0014550183031024479,-0.0014550560697430548,3.868e-09,3.38986404535143e-08,0.0,0.0
1.6625510274028626e-09,1.35,1.4411454206785848,1.4333472527567805,1.4437989347367477,0.0026807476670171956,-0.0019275007077781902,-0.0014656850640598787,-0.0014657210288051559,3.868e-09,3.2096745658871805e-08,0.0,0.0
1.6645510274028626e-09,1.35,1.4411302111351765,1.4315071392041105,1.4415361256643873,0.002680300327505186,-0.0019286174072487014,-0.001475896615289895,-0.0014759307652627562,3.868e-09,3.028197278283842e-08,0.0,0.0
1.6665510274028626e-09,1.35,1.4411184818142155,1.4297041421100296,1.4392580043005128,0.00267995534747692,-0.0019289634486539193,-0.0014855946848545147,-0.001485627007773882,3.868e-09,2.8454919449011182e-08,0.0,0.0
1.6685510274028626e-09,1.35,1.4411079876426842,1.427939153498191,1.4369654056305579,0.0026796466953730586,-0.001928551355196571,-0.0014947207789121745,-0.0014947512631673376,3.868e-09,2.6616255315707262e-08,0.0,0.0
1.6705510274028626e-09,1.35,1.4410960709098397,1.4262127684171502,1.43465925447174,0.002679296203230576,-0.0019273994175665076,-0.0015032166085737694,-0.0015032452432957033,3.868e-09,2.476672208633526e-08,0.0,0.0
1.6725510274028626e-09,1.35,1.4410800666613743,1.4245252776227217,1.4323405648205387,0.0026788254900404138,-0.0019255246439711274,-0.0015110245281328987,-0.0015110513032658979,3.868e-09,2.2907132986072198e-08,0.0,0.0
1.6745510274028626e-09,1.35,1.4410571946067088,1.42287667191164,1.430010438525838,0.00267815278255025,-0.0019229448960426836,-0.0015180879734731185,-0.001518112879844713,3.868e-09,2.1038371697722058e-08,0.0,0.0
1.6765510274028626e-09,1.35,1.4410245459157678,1.4212666413740576,1.4276700626271395,0.0026771925269343383,-0.0019196801504405047,-0.0015243518958315812,-0.001524375788463539,3.868e-09,2.0024632023610525e-08,0.0,0.0
1.6785510274028626e-09,1.35,1.4409793625592653,1.419694585704468,1.4253207073544207,0.0026758636046842685,-0.0019157466003635196,-0.0015297631871864542,-0.001529786066071681,3.868e-09,1.9010885223432512e-08,0.0,0.0
1.6805510274028626e-09,1.35,1.4409189595755296,1.418159632445037,1.422963723497082,0.0026740870463391048,-0.0019111594433826149,-0.0015342710866225059,-0.0015342929484691847,3.868e-09,1.7993846688990886e-08,0.0,0.0
1.6825510274028625e-09,1.35,1.4408407675979236,1.416660653965596,1.4206005378408473,0.0026717872822918654,-0.0019059315100265247,-0.001537827562504523,-0.0015378484046364438,3.868e-09,1.6974132078325646e-08,0.0,0.0
1.6845510274028625e-09,1.35,1.4407424396220319,1.4151962884168277,1.4182326486924282,0.0026688952830009327,-0.0019000733981370968,-0.00154038766792114,-0.0015404074883089702,3.868e-09,1.595238791078267e-08,0.0,0.0
1.6865510274028625e-09,1.35,1.440621822496994,1.4137649629398135,1.415861620883753,0.002665347720499818,-0.0018935928975395738,-0.0015419098656794332,-0.0015419286629689832,3.868e-09,1.492928941133932e-08,0.0,0.0
1.6885510274028625e-09,1.35,1.4404769790659966,1.4123649188289615,1.413489080301861,0.0026610876195881303,-0.0018864952111861365,-0.0015423563199529746,-0.0015423740934907837,3.868e-09,1.3905538150252909e-08,0.0,0.0
1.6905510274028625e-09,1.35,1.4403062566818798,1.4109942360958052,1.4111167079967086,0.0026560663729964587,-0.0018787835804937624,-0.0015416931533482467,-0.0015417099032075665,3.868e-09,1.2881859500579704e-08,0.0,0.0
1.6925510274028625e-09,1.35,1.4401082387909028,1.4096508595117831,1.4087462337298227,0.002650242317379488,-0.001870458403487988,-0.0015398906683743092,-0.0015399066437453701,3.868e-09,1.2107370952540598e-08,0.0,0.0
1.6945510274028625e-09,1.35,1.4398817363057637,1.4083326254588957,1.4063794294233645,0.002643580479581277,-0.001861518120863723,-0.0015369235316921642,-0.0015369389546506795,3.868e-09,1.1554958827413235e-08,0.0,0.0
1.6965510274028625e-09,1.35,1.4396258658515655,1.40703728729496,1.4040181026941145,0.0026360548779872164,-0.0018519593998538118,-0.0015327709215491574,-0.0015327857933742361,3.868e-09,1.1003825168806292e-08,0.0,0.0
1.6985510274028625e-09,1.35,1.439340139820899,1.405762542235882,1.4016640898064936,0.0026276511712029077,-0.0018417764541916422,-0.0015274166381344916,-0.0015274309605330938,3.868e-09,1.0454398560835559e-08,0.0,0.0
1.7005510274028625e-09,1.35,1.439024117281014,1.4045060553083055,1.3993192483350798,0.002618356390618054,-0.0018309633641410926,-0.001520849177192681,-0.0015208629523051354,3.868e-09,9.907112561407581e-09,0.0,0.0
1.7025510274028625e-09,1.35,1.4386777824190733,1.4032654808591893,1.3969854499100502,0.0026081700711492115,-0.0018195130840920793,-0.0015130617698295309,-0.0015130750002336768,3.868e-09,9.362404009005718e-09,0.0,0.0
1.7045510274028625e-09,1.35,1.4383012853542825,1.4020384866752018,1.3946645729274207,0.002597096628067126,-0.0018074171836529509,-0.0015040523884736526,-0.001504065077185146,3.868e-09,8.82071132125999e-09,0.0,0.0
1.7065510274028625e-09,1.35,1.4378950758369156,1.4008220600257801,1.3923584949670418,0.002585149289321041,-0.0017950233704183828,-0.001493824120835101,-0.0014938362713075026,3.868e-09,8.282472725307522e-09,0.0,0.0
1.7085510274028625e-09,1.35,1.4374596531523922,1.3996074991263656,1.390069082178755,0.0025723427397762386,-0.0017848262547674107,-0.001482388737341763,-0.001482400353465252,3.868e-09,7.748123780521347e-09,0.0,0.0
1.7105510274028625e-09,1.35,1.436996036770131,1.3983801026185203,1.3877981707150842,0.00255870696382738,-0.0017773517745912444,-0.0014697732276179867,-0.0014697845493067963,3.868e-09,7.453688778386606e-09,0.0,0.0
1.7125510274028624e-09,1.35,1.4365050348126152,1.3971375255567378,1.3855475462868811,0.0025442657297827936,-0.0017659984228800727,-0.001456016170147566,-0.001456027207357602,3.868e-09,7.169209850661789e-09,0.0,0.0
1.7145510274028624e-09,1.35,1.4359879443115164,1.3958890218511157,1.3833189369295555,0.0025290571856328298,-0.0017516782906139053,-0.0014411542016522683,-0.0014411649571659524,3.868e-09,6.887513627895792e-09,0.0,0.0
1.7165510274028624e-09,1.35,1.435446031425038,1.3946406974750998,1.3811140195115896,0.002513118571324642,-0.0017351103352959028,-0.0014252172093777247,-0.0014252276861899116,3.868e-09,6.608812066264932e-09,0.0,0.0
1.7185510274028624e-09,1.35,1.4348807262775878,1.3933965057749929,1.3789344278578743,0.002496491949340811,-0.0017167014113636362,-0.0014082312623286924,-0.0014082414636402696,3.868e-09,6.333311681235298e-09,0.0,0.0
1.7205510274028624e-09,1.35,1.4342936045373524,1.3921589557452345,1.3767817571020344,0.0024792236628633016,-0.0016968128054926643,-0.0013902205897376582,-0.0013902305189517072,3.868e-09,6.0612140976971235e-09,0.0,0.0
1.7225510274028624e-09,1.35,1.4336861538685683,1.3909293087032286,1.3746575653848094,0.0024613574667225954,-0.0016757514168459563,-0.0013712090527240985,-0.0013712187134407028,3.868e-09,5.792716264639913e-09,0.0,0.0
1.7245510274028624e-09,1.35,1.4330600722889901,1.3897077921884764,1.3725633734662304,0.002442943302617351,-0.001653772728411683,-0.0013512213847018304,-0.0013512307807121982,3.868e-09,5.528010406131524e-09,0.0,0.0
1.7265510274028624e-09,1.35,1.4324171286127778,1.3884938365306643,1.370500662626087,0.002424033194493462,-0.0016310687944129888,-0.0013302841761903572,-0.0013302933114742732,3.868e-09,5.2672837559373705e-09,0.0,0.0
1.7285510274028624e-09,1.35,1.431758779556723,1.3872862611890389,1.3684708711650706,0.0024046699869624405,-0.0016078069445582932,-0.0013084266179930683,-0.001308435587847212,3.868e-09,5.1018541938267095e-09,0.0,0.0
1.7305510274028624e-09,1.35,1.4310856545635227,1.3860834254057333,1.3664753900309525,0.0023848721930447778,-0.0015841101076882387,-0.0012856810499505833,-0.001285689886506347,3.868e-09,4.968556054067622e-09,0.0,0.0
1.7316495809093626e-09,1.35,1.4307084303949043,1.3854241145597155,1.3653943627639278,0.002373777364556004,-0.0015709538187998473,-0.0012728211459858598,-0.0012728299103295093,3.868e-09,4.896343432630369e-09,0.0,0.0
1.7317232410985034e-09,1.35,1.430682891534643,1.3853799303235457,1.3653222914830885,0.0023730262216071427,-0.001570069077858708,-0.0012719492164725084,-0.0012719579760016586,3.868e-09,4.8915290710703e-09,0.0,0.0
1.731870561476785e-09,1.35,1.4306317427344366,1.3852915655182734,1.3651782478593493,0.002371521845130481,-0.0015682982278743512,-0.001270203108923984,-0.0012702118588310274,3.868e-09,4.881906957004525e-09,0.0,0.0
1.7321652022333479e-09,1.35,1.4305291608152897,1.3851148555183805,1.3648907557628616,0.0023685047298614564,-0.0015647511541301059,-0.0012666974512327667,-0.001266706181935584,3.868e-09,4.862702484959145e-09,0.0,0.0
1.732754483746474e-09,1.35,1.4303229185378363,1.3847614884778032,1.3643181672958884,0.002362438780524591,-0.0015576386448651323,-0.001259632857502276,-0.0012596415499555036,3.868e-09,4.8244535753653335e-09,0.0,0.0
1.7339330467727263e-09,1.35,1.4299062999756613,1.3840547558385223,1.3631826921799524,0.0023501852934018005,-0.001543347101044941,-0.0012452946142239248,-0.0012453032308279433,3.868e-09,4.748603837620811e-09,0.0,0.0
1.7359330467727263e-09,1.35,1.4291930174470568,1.3828542975899754,1.3612860309309072,0.0023292063955016665,-0.0015189231657309012,-0.0012203479030240888,-0.0012203563929311656,3.868e-09,4.62190686618459e-09,0.0,0.0
1.7379330467727263e-09,1.35,1.428483967218997,1.3816506216530413,1.3594283160445046,0.0023083519770293187,-0.0014943162715302645,-0.0011946645935808993,-0.001194672959392351,3.868e-09,4.497811511772907e-09,0.0,0.0
1.7399330467727262e-09,1.35,1.427779837452396,1.3804415555181375,1.3576106423847,0.002287642278011641,-0.001469548745060482,-0.0011682945539626332,-0.0011683027983535599,3.868e-09,4.3763909112979565e-09,0.0,0.0
1.7419330467727262e-09,1.35,1.4270745305900814,1.3792250697214563,1.355834025400955,0.0022668979585317994,-0.0014446304046550646,-0.0011412911548023372,-0.0011412992805150957,3.868e-09,4.257712896783796e-09,0.0,0.0
1.7439330467727262e-09,1.35,1.426366840810577,1.3779993356560893,1.3540993959615817,0.0022460835532522594,-0.001419561561465504,-0.00111371098083087,-0.0011137189906704759,3.868e-09,4.141839650233653e-09,0.0,0.0
1.7459330467727262e-09,1.35,1.4256563714564496,1.3767627720734639,1.3524075956800246,0.002225187395777928,-0.0013943349984567137,-0.0010856134785264338,-0.0010856213753538402,3.868e-09,4.028827391425635e-09,0.0,0.0
1.747876474745069e-09,1.35,1.4249631396840245,1.375549581484984,1.350805386748536,0.002204798226000719,-0.0013696594780213595,-0.0010578735944818936,-0.0010578813842816448,3.868e-09,3.921799834802188e-09,0.0,0.0
1.7497889110885359e-09,1.35,1.4242782716455,1.3743436655244687,1.3492694781334131,0.002184655048397058,-0.00134520903852053,-0.001030213032640716,-0.0010302207441683642,3.843527517469344e-09,3.868e-09,0.0,0.0
1.7516555857950573e-09,1.35,1.4236075172539306,1.3731544704588534,1.3478097741333193,0.002164926978056779,-0.001321169618419246,-0.0010029219792805051,-0.00100292964190829,3.794627433466191e-09,3.868e-09,0.0,0.0
1.7535012967477293e-09,1.35,1.4229425607136137,1.371966534983557,1.346405156726853,0.0021453694327533412,-0.0012972170325984546,-0.0009757069346251173,-0.0009757145501978481,3.747572750349567e-09,3.868e-09,0.0,0.0
1.7553147316710225e-09,1.35,1.4222880329809806,1.3707876034706945,1.3450628536468268,0.002126118617087662,-0.001273494677441445,-0.0009487957999875898,-0.0009488033705935539,3.7026055971686966e-09,3.868e-09,0.0,0.0
1.7571137216363626e-09,1.35,1.421638028532934,1.369606702604477,1.3437684172031454,0.0021070008392039333,-0.0012497673424533991,-0.0009219803897272654,-0.0009219879169695133,3.659241976305376e-09,3.868e-09,0.0,0.0
1.7588898212019312e-09,1.35,1.4209961036535295,1.368430092836565,1.342526900748334,0.0020881206956920376,-0.0012261446574527955,-0.0008954380594922518,-0.0008954455451435361,3.6176511750691876e-09,3.868e-09,0.0,0.0
1.7606565891921898e-09,1.35,1.420357780610006,1.367249630385278,1.3413278989894122,0.0020693464885295845,-0.0012024469253592589,-0.0008690144382509102,-0.000869021883735499,3.5774846161453067e-09,3.868e-09,0.0,0.0
1.7624079908707299e-09,1.35,1.4197256342474902,1.3660702646540552,1.340174753171691,0.0020507539484555873,-0.001178755914400094,-0.0008428447830800387,-0.0008428521899344066,3.538854231251644e-09,3.868e-09,0.0,0.0
1.7641546138245173e-09,1.35,1.4190961221383074,1.3648858828091743,1.3390598211192013,0.0020322388864208035,-0.0011549321163903466,-0.0008168136574893327,-0.0008168210269936527,3.5015040074932385e-09,3.868e-09,0.0,0.0
1.7658923078197187e-09,1.35,1.4184709683087302,1.3637003861102013,1.3379852231595402,0.0020138520090802955,-0.001131035882311613,-0.0007910235989569838,-0.0007910309324623555,3.4655049758445895e-09,3.868e-09,0.0,0.0
1.7676295870933722e-09,1.35,1.417847271545721,1.3625091413653019,1.336945243893124,0.0019955079866388475,-0.0011069565970254446,-0.0007653874591387342,-0.0007653947578045717,3.4306656704196577e-09,3.868e-09,0.0,0.0
1.7693638458519431e-09,1.35,1.4172260329241215,1.3613151784830815,1.335941118910633,0.0019772362624741607,-0.0010827390198615088,-0.0007399817277609435,-0.0007399889927888204,3.3970274835061983e-09,3.868e-09,0.0,0.0
1.771102193882152e-09,1.35,1.4166047031900222,1.360114928989014,1.3349684892892275,0.0019589618585300617,-0.0010582935849029055,-0.0007147395191106211,-0.0007147467515551398,3.364444391189116e-09,3.868e-09,0.0,0.0
1.7728433122265592e-09,1.35,1.4159836790216063,1.3589107071302398,1.3340279700947604,0.0019406964418119468,-0.0010336499723574602,-0.0006897168656284264,-0.0006897240665653115,3.332936998174476e-09,3.868e-09,0.0,0.0
1.7745935011875704e-09,1.35,1.415360553476848,1.3576996519082383,1.3331161275071366,0.001922369219907294,-0.0010087320478603242,-0.000664860056119487,-0.0006648672265099353,3.302390271489072e-09,3.868e-09,0.0,0.0
1.776352748966284e-09,1.35,1.4147350899829716,1.356483362878718,1.3322330656914296,0.0019039732347932783,-0.0009835551567313136,-0.0006402065590975698,-0.0006402136999059671,3.272807700662888e-09,3.868e-09,0.0,0.0
1.7781271057944997e-09,1.35,1.414104804022767,1.3552593623435687,1.3313759622339814,0.0018854354124343206,-0.0009580499233652693,-0.000615709761786974,-0.0006157168738816221,3.2440947348383737e-09,3.868e-09,0.0,0.0
1.7799179657783397e-09,1.35,1.4134687528036276,1.3540285240043262,1.3305445113295666,0.001866728023636098,-0.000932215238389895,-0.0005913901496154024,-0.0005913972338564832,3.216241129540482e-09,3.868e-09,0.0,0.0
1.7817317965398609e-09,1.35,1.4128241318557526,1.3527883965402656,1.3297362361804914,0.0018477685839927219,-0.0009059807540289699,-0.0005672018105936566,-0.0005672088677579623,3.189163912046457e-09,3.868e-09,0.0,0.0
1.7835718863637562e-09,1.35,1.4121691498642353,1.3515389176427393,1.3289504032114532,0.0018285044077716167,-0.0008793243858553817,-0.000543146048394418,-0.0005431530792330275,3.1628385075836875e-09,3.868e-09,0.0,0.0
1.7854461072381278e-09,1.35,1.4115002374807397,1.3502771755424594,1.3281846185051662,0.001808830514139395,-0.0008521607458017853,-0.000519169475332288,-0.0005191764805172472,3.137184719923063e-09,3.868e-09,0.0,0.0
1.7873608038127976e-09,1.35,1.4108142047134546,1.3490016565900154,1.3274375700850558,0.0017886530798074812,-0.0008244312509641447,-0.0004952466678271346,-0.0004952536479858605,3.1121585978493727e-09,3.868e-09,0.0,0.0
1.7893274880677696e-09,1.35,1.4101057900027607,1.3477078874107415,1.3267064485207092,0.0017678173530223662,-0.0007960094558113482,-0.0004712982440606838,-0.00047130519972693463,3.0876660254437517e-09,3.868e-09,0.0,0.0
1.7913274880677696e-09,1.35,1.4093804346409038,1.3464114910611271,1.3259995831472486,0.0017464833717912853,-0.0007672106277933309,-0.00044761285378566837,-0.0004476197857719022,3.063986035432833e-09,3.868e-09,0.0,0.0
1.7933274880677696e-09,1.35,1.4086490219292656,1.3451367658693079,1.3253286250152017,0.0017249712332136902,-0.0007385595227070474,-0.0004246188763803789,-0.0004246257858895319,3.0415089380092526e-09,3.868e-09,0.0,0.0
1.7953274880677696e-09,1.35,1.4079104448943824,1.343885839179346,1.3246924999587781,0.0017032483792465344,-0.0007100998178464864,-0.000402329899262111,-0.00040233678746104395,3.0201987486190612e-09,3.868e-09,0.0,0.0
1.7973274880677696e-09,1.35,1.4071672160289732,1.3426607113189435,1.3240901156381344,0.0016813887067345032,-0.0006818745893926183,-0.0003807559613570644,-0.0003807628293761578,3.0000188738775054e-09,3.868e-09,0.0,0.0
1.7993274880677696e-09,1.35,1.4064474970507652,1.3414632448571542,1.323520366895134,0.001660220501493087,-0.0006539258910656582,-0.00035990368759189484,-0.0003599105365243993,2.980932290986989e-09,3.868e-09,0.0,0.0
1.8013274880677696e-09,1.35,1.4057808648568497,1.3402951541357604,1.322982140888592,0.0016406136722602813,-0.0006262953261375884,-0.0003397764410785607,-0.0003397832719804761,2.9629017197678315e-09,3.868e-09,0.0,0.0
1.8033274880677696e-09,1.35,1.4050942276557725,1.3391579960977604,1.3224743219826676,0.0016204184604638946,-0.0005990231516586754,-0.0003203744918316593,-0.0003203813057215399,2.945889786419362e-09,3.868e-09,0.0,0.0
1.8053274880677696e-09,1.35,1.4043190515571278,1.3380531660742652,1.321995796365914,0.0015976191634449327,-0.0005721470600488295,-0.0003016951981988474,-0.00030170199605827897,2.9298591782581153e-09,3.868e-09,0.0,0.0
1.8073274880677696e-09,1.35,1.403492908545392,1.3369818926875694,1.3215454563834352,0.0015733208395703469,-0.0005457042097288208,-0.0002837331983912103,-0.000283739981164155,2.914772788845076e-09,3.868e-09,0.0,0.0
1.8093274880677696e-09,1.35,1.4026284590797449,1.335945234994483,1.3211222045674582,0.001547895855286606,-0.0005197284731382769,-0.00026648061101187086,-0.0002664873796063283,2.90059385300985e-09,3.868e-09,0.0,0.0
1.8113274880677696e-09,1.35,1.4017339192290557,1.3349440828349644,1.3207249573551025,0.0015215858596781054,-0.0004942520023245669,-0.00024992724117001055,-0.0002499339964565639,2.887286071395934e-09,3.868e-09,0.0,0.0
1.8133274880677695e-09,1.35,1.4008166017247352,1.3339791577761473,1.3203526484866754,0.0014946059330804423,-0.00046930378276210423,-0.00023406078968463162,-0.00023406753249877177,2.8748137243036246e-09,3.868e-09,0.0,0.0
1.8153274880677695e-09,1.35,1.3998822789981764,1.3330510172607573,1.3200042320816596,0.001467125852887538,-0.0004449099059509113,-0.00021886706287976745,-0.00021887379402185658,2.863141774735594e-09,3.868e-09,0.0,0.0
1.817150804952316e-09,1.35,1.3990193008610787,1.3322372584389484,1.319706562185736,0.0014417441429728992,-0.0004231747778338001,-0.00020558860845315031,-0.00020559533471931069,2.8582658699298757e-09,3.868e-09,0.0,0.0
1.8189137291880231e-09,1.35,1.3981770333464603,1.3314800154441193,1.3194361167789277,0.0014169715690135337,-0.0004026314916433415,-0.00019325686394915017,-0.00019326358585147752,2.8539026840333635e-09,3.868e-09,0.0,0.0
1.8205575609729992e-09,1.35,1.39738619408168,1.3308001886778107,1.3191987308401716,0.0013937115906376418,-0.000383902243276885,-0.00018219599768058193,-0.00018220271575319913,2.8500728575547695e-09,3.868e-09,0.0,0.0
1.8221662529732355e-09,1.35,1.3966080235858411,1.3301594475156724,1.3189797140022141,0.0013708242231129722,-0.0003659733604687909,-0.0001717699384145234,-0.00017177665295387,2.846539385902385e-09,3.868e-09,0.0,0.0
1.8236935987129875e-09,1.35,1.395866216738474,1.3295735970731963,1.3187835032413273,0.0013490063746609965,-0.0003492954772815468,-0.00016222613007020896,-0.00016223284144389893,2.8433738522934164e-09,3.868e-09,0.0,0.0
1.8251920223097682e-09,1.35,1.3951355639798502,1.3290201407214166,1.3186017160058916,0.0013275165876426437,-0.0003332633928749734,-0.000153189820787052,-0.00015319652922785032,2.840441018228383e-09,3.868e-09,0.0,0.0
1.8266259568907347e-09,1.35,1.3944337184341609,1.3285101857755461,1.3184373428558833,0.0013068740715929603,-0.0003182629622936275,-0.00014483699338199143,-0.00014484369917067141,2.837789131408249e-09,3.868e-09,0.0,0.0
1.8280346795190035e-09,1.35,1.3937417303574722,1.3280277520354518,1.3182846839740323,0.0012865214811021153,-0.0003038845940497123,-0.00013690349628192567,-0.00013691019960826445,2.835326234781052e-09,3.868e-09,0.0,0.0
1.8293979667288501e-09,1.35,1.3930696901759354,1.3275780977445408,1.3181450033829107,0.0012667555934098573,-0.00029034648373508587,-0.00012947563516532554,-0.000129482336238107,2.8330727212442957e-09,3.868e-09,0.0,0.0
1.8307468104049963e-09,1.35,1.3924022482684473,1.3271495481742268,1.3180143469733339,0.001247124949071976,-0.0002773003657690229,-0.00012236125027447088,-0.00012236794923903282,2.8309647978364522e-09,3.868e-09,0.0,0.0
1.8320652410509337e-09,1.35,1.391747334075625,1.3267460897663481,1.3178936592884138,0.0012278627669301406,-0.00026486541196957025,-0.0001156264816433666,-0.00011563317866114531,2.829017703186408e-09,3.868e-09,0.0,0.0
1.8333704096247e-09,1.35,1.391096346365134,1.3263614819347864,1.3177808091147947,0.001208716069562757,-0.0002528402472569329,-0.00010916668163702369,-0.00010917337683391537,2.8271970537186866e-09,3.868e-09,0.0,0.0
1.8346458225225457e-09,1.35,1.3904573508192346,1.325999662926385,1.3176767022773654,0.001189922082918661,-0.00024135954999518038,-0.00010304749749984172,-0.00010305419101719338,2.825517463408162e-09,3.868e-09,0.0,0.0
1.8359032021648525e-09,1.35,1.389824562169968,1.3256563316326595,1.3175798563702086,0.0011713106520578817,-0.0002302989801697279,-9.719634255826845e-05,-9.720303451321577e-05,2.8239550161060286e-09,3.868e-09,0.0,0.0
1.8371322302556448e-09,1.35,1.389203056433376,1.3253333879819877,1.3174905836446555,0.0011530310715698738,-0.0002197303006226946,-9.164607751667886e-05,-9.165276803124733e-05,2.822514749467112e-09,3.868e-09,0.0,0.0
1.8383429205310794e-09,1.35,1.3885877745615018,1.325027308479316,1.317407699579223,0.0011349345459265164,-0.00020954992708078633,-8.633699200462879e-05,-8.634368118198843e-05,2.8211775532114613e-09,3.868e-09,0.0,0.0
1.8395279395322261e-09,1.35,1.3879825067225786,1.32473912666818,1.3173312939142803,0.0011171325506640697,-0.00019980350649809216,-8.128806423024856e-05,-8.129475217510951e-05,2.8199448751503913e-09,3.868e-09,0.0,0.0
1.8406945400493007e-09,1.35,1.3873834838633414,1.3244662829921807,1.317260509401529,0.0010995142312747452,-0.00019041639949828862,-7.645584850722234e-05,-7.64625353100179e-05,2.8188028850113338e-09,3.868e-09,0.0,0.0
1.8418374163628072e-09,1.35,1.3867935781025889,1.3242092770166052,1.3171953126932572,0.0010821640618408415,-0.00018141744903870733,-7.18508022892044e-05,-7.185748804006131e-05,2.817751044784547e-09,3.868e-09,0.0,0.0
1.8429619240254675e-09,1.35,1.3862100507139155,1.3239661869279902,1.317135063046428,0.0010650014915857403,-0.000172751408852906,-6.744041972061318e-05,-6.744710449968494e-05,2.8167790171490393e-09,3.868e-09,0.0,0.0
1.8440642473457431e-09,1.35,1.3856349491118167,1.3237371638844424,1.31707965715115,0.0010480867385828374,-0.00016443595676186553,-6.322958288508296e-05,-6.323626677029459e-05,2.815885135371889e-09,3.868e-09,0.0,0.0
1.845148338641596e-09,1.35,1.3850663535876382,1.3235207364349348,1.317028606205073,0.0010313633408128853,-0.0001564289509740858,-5.919365703783102e-05,-5.920034009920805e-05,2.815061513441841e-09,3.868e-09,0.0,0.0
1.8462114164208735e-09,1.35,1.3845057959839977,1.3233168460184197,1.3169817730582642,0.001014876352470516,-0.00014874067406919108,-5.5334156120438825e-05,-5.5340838426287675e-05,2.8143059386733285e-09,3.868e-09,0.0,0.0
1.8472563050471459e-09,1.35,1.383951962738279,1.3231243581585619,1.3169387799165349,0.0009985871393611429,-0.00014133917728236206,-5.163246393735682e-05,-5.163914554984217e-05,2.8136123159867593e-09,3.868e-09,0.0,0.0
1.8482809149076759e-09,1.35,1.3834060840112414,1.3229430949705991,1.3168994766656736,0.000982531882683567,-0.00013422948598087282,-4.808818558345795e-05,-4.809486656154327e-05,2.812978223539535e-09,3.868e-09,0.0,0.0
1.8492871788696812e-09,1.35,1.382867296711794,1.3227721696495034,1.3168635651198268,0.0009666851974057047,-0.00012738809473248163,-4.4687246763171434e-05,-4.469392716188736e-05,2.812398850599876e-09,3.868e-09,0.0,0.0
1.850273465362653e-09,1.35,1.3823366249885258,1.3226113385271867,1.3168308929235322,0.0009510772055448743,-0.00012081632724553334,-4.14282317672183e-05,-4.143491163866031e-05,2.8118717391663165e-09,3.868e-09,0.0,0.0
1.8512410381244058e-09,1.35,1.3818135852252875,1.3224598905502103,1.3168012174752286,0.0009356936830966847,-0.00011449675477116497,-3.8300386666870136e-05,-3.830706605945089e-05,2.8113929752670224e-09,3.868e-09,0.0,0.0
1.852188537920651e-09,1.35,1.3812990563549952,1.3223175531051103,1.3167743902399929,0.0009205604810292659,-0.0001084284382921745,-3.530190311956514e-05,-3.530858207945187e-05,2.8109601625385535e-09,3.868e-09,0.0,0.0
1.8531166713726117e-09,1.35,1.3807928825667881,1.322183748157221,1.3167502088290377,0.0009056730166702304,-0.00010259874610800278,-3.242464070871777e-05,-3.243131927876952e-05,2.810570035775141e-09,3.868e-09,0.0,0.0
1.8540242173477225e-09,1.35,1.3802958546569934,1.3220581954213342,1.3167285307717846,0.0008910545487350943,-9.700573828810293e-05,-2.966678881835712e-05,-2.967346703841578e-05,2.810220296451457e-09,3.868e-09,0.0,0.0
1.8549114278673378e-09,1.35,1.379808096679374,1.321940415530952,1.3167091819444598,0.0008767087258639353,-9.163980714326277e-05,-2.702223845704808e-05,-2.702891636530147e-05,2.8099081353706157e-09,3.868e-09,0.0,0.0
1.8557770970943317e-09,1.35,1.3793303777343184,1.3218301365254883,1.316692026681733,0.0008626581686564175,-8.649919587531454e-05,-2.4489493991254304e-05,-2.4496171622478968e-05,2.8096313637986274e-09,3.868e-09,0.0,0.0
1.8566210370500237e-09,1.35,1.3788630734165206,1.321726959683803,1.3166769113682675,0.0008489139240153085,-8.15771273925825e-05,-2.2064225750514877e-05,-2.2070903138216025e-05,2.8093875034080453e-09,3.868e-09,0.0,0.0
1.8574419892783824e-09,1.35,1.3784069637244811,1.3216306260156234,1.3166637057330604,0.0008354989330729701,-7.687223148383765e-05,-1.9745378871132487e-05,-1.9752056045430066e-05,2.8091744524933762e-09,3.868e-09,0.0,0.0
1.8582393557891323e-09,1.35,1.3779626857570524,1.3215408004768732,1.316652270000316,0.0008224319340309483,-7.238013977102962e-05,-1.753014821723707e-05,-1.753682520710953e-05,2.808989956005098e-09,3.868e-09,0.0,0.0
1.8590117125027945e-09,1.35,1.3775310853896512,1.3214572458468277,1.3166424783978201,0.0008097378055779703,-6.810048650053021e-05,-1.5418167146419976e-05,-1.542484397831778e-05,2.8088319848181635e-09,3.868e-09,0.0,0.0
1.8597580160718403e-09,1.35,1.377113031639684,1.3213796833224307,1.3166342002743197,0.0007974421070495244,-6.403114016524524e-05,-1.340811240863293e-05,-1.341478910688032e-05,2.8086984310923547e-09,3.868e-09,0.0,0.0
1.8604765371587265e-09,1.35,1.3767095843001074,1.3213079064263928,1.3166273129541506,0.0007855760088266855,-6.017352704915086e-05,-1.150060377044939e-05,-1.1507280357703209e-05,2.808587315660297e-09,3.868e-09,0.0,0.0
1.8611656803150364e-09,1.35,1.3763218083571394,1.3212416923544836,1.3166216911591975,0.0007741708340335066,-5.652828074268708e-05,-9.695956852613576e-06,-9.70263334898469e-06,2.8084966173683847e-09,3.868e-09,0.0,0.0
1.8618232244882332e-09,1.35,1.3759511606531127,1.3211808758369314,1.3166172134132055,0.0007632694309738994,-5.309930144724158e-05,-7.996176874210993e-06,-8.002853298494372e-06,2.808424376399714e-09,3.868e-09,0.0,0.0
1.862446799909807e-09,1.35,1.3755990173492467,1.3211252994603462,1.3166137565989604,0.0007529122749778405,-4.9891141515585e-05,-6.403669963909802e-06,-6.410346332641481e-06,2.8083686064632248e-09,3.868e-09,0.0,0.0
1.8630333047760186e-09,1.35,1.3752673643635043,1.3210748644064285,1.3166111985941138,0.0007431577753971783,-4.691184861067895e-05,-4.92271718306099e-06,-4.929393509822688e-06,2.8083273373183703e-09,3.868e-09,0.0,0.0
1.863579044767647e-09,1.35,1.374958379945534,1.3210295128259095,1.3166094154648824,0.0007340699983980556,-4.417240531560385e-05,-3.559067201880817e-06,-3.5657435002445226e-06,2.8082985695001008e-09,3.868e-09,0.0,0.0
1.8641133638091537e-09,1.35,1.3746554754181988,1.3209865647589378,1.3166082215690018,0.0007251610417117263,-4.152054171821146e-05,-2.2370854948723976e-06,-2.243761773934594e-06,2.808279307979893e-09,3.868e-09,0.0,0.0
1.8646548755884485e-09,1.35,1.3743481991726634,1.320944488016987,1.3166075632736176,0.0007161235050783324,-3.8862970886784876e-05,-9.102835977065332e-07,-9.169598662595035e-07,2.8082686874810307e-09,3.868e-09,0.0,0.0
1.865197714781347e-09,1.35,1.3740399150376008,1.3209037541261213,1.3166074553947218,0.0007070563246353162,-3.622874117507456e-05,4.0693591746467214e-07,4.00259650312762e-07,2.808266947034848e-09,3.868e-09,0.0,0.0
1.865745981111504e-09,1.35,1.373728237462259,1.3208640635771387,1.3166079020511476,0.0006978893371252584,-3.3598231822639385e-05,1.7245600236457422e-06,1.7178837494746801e-06,2.8082741530918472e-09,3.868e-09,0.0,0.0
1.866294759861611e-09,1.35,1.373416019459755,1.320825776809863,1.3166089029506265,0.0006887064546986718,-3.099497703613975e-05,3.030846866619206e-06,3.024170576182428e-06,2.8082903009367714e-09,3.868e-09,0.0,0.0
1.8668482311501655e-09,1.35,1.3731009925826025,1.320788603703887,1.3166104682825492,0.000679440958311836,-2.8398915179134866e-05,4.335846524897006e-06,4.329170209205202e-06,2.808315554958463e-09,3.868e-09,0.0,0.0
1.8674028379554517e-09,1.35,1.3727850991988024,1.3207527869151436,1.316612591519229,0.000670149976435358,-2.5827010065747805e-05,5.631252317910246e-06,5.624575968088408e-06,2.8083498098435585e-09,3.868e-09,0.0,0.0
1.867962358941169e-09,1.35,1.3724662193594526,1.3207180865072226,1.3166152909643,0.0006607711576309544,-2.3261724494579946e-05,6.925968061955839e-06,6.919291668738836e-06,2.8083933608907095e-09,3.868e-09,0.0,0.0
1.868584383615938e-09,1.35,1.3721116944641794,1.320681176493579,1.3166189427101762,0.000650343954828797,-2.044346854167396e-05,8.351311865438966e-06,8.344635413104484e-06,2.808452275724176e-09,3.868e-09,0.0,0.0
1.8692327133518236e-09,1.35,1.3717420242532214,1.3206445465575225,1.3166234709406877,0.0006394713015653308,-1.7543528835955337e-05,9.821626704616723e-06,9.81495017970957e-06,2.8085253311764255e-09,3.868e-09,0.0,0.0
1.8699366101702617e-09,1.35,1.3713406114186375,1.3206068709629442,1.3166292128507304,0.0006276650417246302,-1.443726021411609e-05,1.1400752706609558e-05,1.1394076088855343e-05,2.8086179673251146e-09,3.868e-09,0.0,0.0
1.8706648442833462e-09,1.35,1.3709254171904555,1.3205701495966393,1.3166360480450925,0.0006154534467780956,-1.1268495758713332e-05,1.3016161284854259e-05,1.300948455673634e-05,2.808728241794159e-09,3.868e-09,0.0,0.0
1.871443238429743e-09,1.35,1.3704816294244433,1.3205333920079345,1.3166443486267974,0.0006024008654247973,-7.931464121358134e-06,1.4722879265020004e-05,1.4716202402897949e-05,2.8088621578456663e-09,3.868e-09,0.0,0.0
1.872247039931895e-09,1.35,1.3700237553417967,1.3204980894627085,1.3166539861716937,0.0005889339806410751,-4.537260218243212e-06,1.646436103453061e-05,1.645768401714598e-05,2.8090176435699896e-09,3.868e-09,0.0,0.0
1.873097644499769e-09,1.35,1.369539488629857,1.3204636128414209,1.316665350208928,0.0005746908420546162,-1.0022181348478536e-06,1.8284871553119148e-05,1.827819435229472e-05,2.809200983370705e-09,3.868e-09,0.0,0.0
1.873975002651728e-09,1.35,1.369040661683593,1.3204310951216036,1.316678311801263,0.0005600194612821463,2.585657402311508e-06,2.0139410221483862e-05,2.0132732811317666e-05,2.8094100970603744e-09,3.868e-09,0.0,0.0
1.8748967392747216e-09,1.35,1.3685172988256817,1.3204001931271527,1.3166932685300414,0.0005446264360494599,6.292390821891374e-06,2.206332286173898e-05,2.2056645210266623e-05,2.809651398951335e-09,3.868e-09,0.0,0.0
1.8758467356601264e-09,1.35,1.3679790040681508,1.3203717666636798,1.3167101021167347,0.000528794237298548,1.0048838150941342e-05,2.4021076849721295e-05,2.401439892674162e-05,2.8099229808166545e-09,3.868e-09,0.0,0.0
1.8768394505563573e-09,1.35,1.3674177178473292,1.320345693919081,1.3167292112976183,0.0005122858190390878,1.390649999217769e-05,2.6040757962061836e-05,2.6034079730896664e-05,2.8102312756015726e-09,3.868e-09,0.0,0.0
1.8778619873821784e-09,1.35,1.3668413446461156,1.3203226334505869,1.3167504965274521,0.0004953336660622198,1.7811819477799874e-05,2.8094461421992838e-05,2.8087782847130427e-05,2.810574677309562e-09,3.868e-09,0.0,0.0
1.878926190732608e-09,1.35,1.3662433533813862,1.3203026311930788,1.3167743533434992,0.000477745687687825,2.180438063699281e-05,3.0204487581723244e-05,3.019780862212329e-05,2.810959567275122e-09,3.868e-09,0.0,0.0
1.8800217740991867e-09,1.35,1.3656303719655751,1.3202862022106066,1.3168007064011649,0.00045971682251690765,2.5843455325582244e-05,3.234902244993903e-05,3.23423430652614e-05,2.811384729938796e-09,3.868e-09,0.0,0.0
1.8811584434622474e-09,1.35,1.364997183729861,1.3202735182502991,1.3168299456868562,0.0004410936391135503,2.995946622241872e-05,3.454582869107488e-05,3.453914883477793e-05,2.8118564570812785e-09,3.868e-09,0.0,0.0
1.8823279505269e-09,1.35,1.364349288693591,1.320264995936689,1.3168620218011102,0.00042203790275267133,3.4120815531527745e-05,3.6777829340443695e-05,3.677114896638578e-05,2.812373951724577e-09,3.868e-09,0.0,0.0
1.8835383194677215e-09,1.35,1.363682783111169,1.320260899680315,1.3168973198196967,0.00040243479738732296,3.8352410320923324e-05,3.905939462716182e-05,3.905271368398466e-05,2.8129434264244388e-09,3.868e-09,0.0,0.0
1.8847829160025967e-09,1.35,1.3630020905731846,1.3202615812699767,1.3169358176976076,0.0003824144286230721,4.262854278227483e-05,4.137720526168373e-05,4.1370523697015216e-05,2.8135645255214002e-09,3.868e-09,0.0,0.0
1.886068360204444e-09,1.35,1.3623047176107401,1.3202673748231357,1.3169778946497706,0.00036190345913941074,4.6971648130325764e-05,4.374298423806387e-05,4.373630199516754e-05,2.814243367016295e-09,3.868e-09,0.0,0.0
1.8873892405754182e-09,1.35,1.3615942544905733,1.3202785857290453,1.317023554409843,0.00034100748501685735,5.135419074055301e-05,4.614632947961097e-05,4.6139646499687714e-05,2.8149800111454673e-09,3.868e-09,0.0,0.0
1.8887517112722965e-09,1.35,1.360868565984154,1.320295572848274,1.3170731961095268,0.0003196637054162857,5.5783399701945964e-05,4.859818964624203e-05,4.8591505865225315e-05,2.815780897233701e-09,3.868e-09,0.0,0.0
1.8901553525984466e-09,1.35,1.3601292078343834,1.320318450806734,1.3171270108200246,0.0002979178774818597,6.011351744844758e-05,5.1097515495263936e-05,5.109083084620103e-05,2.8166491078963955e-09,3.868e-09,0.0,0.0
1.8916342134273364e-09,1.35,1.3593596423465932,1.3203477342970489,1.31718661334369,0.00027528359842921013,6.437022034522356e-05,5.3703647167282435e-05,5.369696155677062e-05,2.8176106952781974e-09,3.868e-09,0.0,0.0
1.893255251274124e-09,1.35,1.3585279798833376,1.320384937043146,1.317255333181812,0.0002508229377452195,6.867589342607839e-05,5.653021105208255e-05,5.652352433260788e-05,2.8187193753332328e-09,3.868e-09,0.0,0.0
1.8951425477492772e-09,1.35,1.3575764051665895,1.3204347444571172,1.317339753597042,0.00022283544607615974,7.387028034245577e-05,5.978342843322498e-05,5.977674035184677e-05,2.8200813580322745e-09,3.868e-09,0.0,0.0
1.896927749534948e-09,1.35,1.3566937385536124,1.3204897228193406,1.3174239301247093,0.00019687466334153414,7.935124775330144e-05,6.282615848639153e-05,6.28194690470707e-05,2.821439406011979e-09,3.868e-09,0.0,0.0
1.8984258896177273e-09,1.35,1.3559668176388702,1.3205428577258713,1.3174977823978755,0.00017549463643735247,8.408610724282797e-05,6.535675154905652e-05,6.535006091823448e-05,2.82263088935239e-09,3.868e-09,0.0,0.0
1.899843308792572e-09,1.35,1.3552910368315563,1.3205993797560907,1.317570331464758,0.00015561873033988205,8.864292365671675e-05,6.773481780389195e-05,6.772812600286393e-05,2.8238013476314292e-09,3.868e-09,0.0,0.0
1.901446945698466e-09,1.35,1.3545409895823224,1.3206709086884876,1.3176555287254919,0.00013355851712712474,9.38385971158832e-05,7.041013367357256e-05,7.040344049769054e-05,2.8251758634379373e-09,3.868e-09,0.0,0.0
1.902906975653186e-09,1.35,1.3538719281527145,1.3207431293016096,1.317735960649181,0.00011388023978571582,9.85751519973349e-05,7.283524789258335e-05,7.282855341950167e-05,2.82647349847345e-09,3.868e-09,0.0,0.0
1.904481765028143e-09,1.35,1.3531655260209994,1.3208286002547878,1.3178257633348716,9.310370649997374e-05,0.00010365265216077664,7.544367344337823e-05,7.543697752088185e-05,2.82792231513593e-09,3.868e-09,0.0,0.0
1.9059663126888268e-09,1.35,1.3525143348583397,1.3209162756444983,1.3179133113867154,7.395102524528074e-05,0.00010839453462378129,7.789920920844092e-05,7.78925118736229e-05,2.8293347570390076e-09,3.868e-09,0.0,0.0
1.907568401342325e-09,1.35,1.3518279427918682,1.3210184473679474,1.3180109372921673,5.3763023290236134e-05,0.00011344556672018217,8.054946065232885e-05,8.054276174274122e-05,2.8309097883136304e-09,3.868e-09,0.0,0.0
1.909125463879826e-09,1.35,1.3511774275946804,1.3211250323050567,1.3181089515213322,3.463022337294591e-05,0.00011827491869960813,8.312916714446031e-05,8.312246665376222e-05,2.8324910845441612e-09,3.868e-09,0.0,0.0
1.9108017732550912e-09,1.35,1.350495620858161,1.3212474829263465,1.3182179313591658,1.4577084063556456e-05,0.00012337854279438712,8.591483492754776e-05,8.590813267850272e-05,2.834249292594539e-09,3.868e-09,0.0,0.0
1.9124698730338422e-09,1.35,1.3498363644929918,1.3213769010665217,1.3183299511283968,-4.81280902965564e-06,0.00012835423706663332,8.86992779491211e-05,8.869257389299001e-05,2.8360565448714673e-09,3.868e-09,0.0,0.0
1.9142682969553514e-09,1.35,1.3491469717837465,1.321524427524204,1.3184547376149833,-2.5089065183933612e-05,0.00013360306650221388,9.171924203126621e-05,9.171253596185203e-05,2.8380697668550625e-09,3.868e-09,0.0,0.0
1.9160979029671235e-09,1.35,1.3484678965521537,1.32168252152091,1.31858599102902,-4.506186611313162e-05,0.00013882107772315933,9.481458935358604e-05,9.480788116666972e-05,2.840187321934854e-09,3.868e-09,0.0,0.0
1.918084553611689e-09,1.35,1.347756791840334,1.3218627229177662,1.3187334671412174,-6.597671057841786e-05,0.0001443614436240967,9.820603615900893e-05,9.81993255924074e-05,2.842566603211643e-09,3.868e-09,0.0,0.0
1.9200845536116894e-09,1.35,1.347070383999502,1.3220524974372903,1.3188871967685414,-8.616517648524225e-05,0.00014981843171367292,0.00010165590297523406,0.00010164918992860983,2.845046774532467e-09,3.868e-09,0.0,0.0
1.9220845536116896e-09,1.35,1.346414482822384,1.3222500561126835,1.3190462637482063,-0.00010545638757694653,0.0001551687321804199,0.00010514459924847543,0.00010513788363564203,2.847613055137728e-09,3.868e-09,0.0,0.0
1.92408455361169e-09,1.35,1.3457874564452474,1.3224548415673245,1.3192107296388278,-0.00012389833984566972,0.00016042873046276105,0.00010867449243813173,0.00010866777417173346,2.850266438173086e-09,3.868e-09,0.0,0.0
1.92608455361169e-09,1.35,1.345187756434445,1.3226663548705846,1.3193806591285502,-0.0001415365754575057,0.0001656151571704214,0.00011224728347473327,0.00011224056246694758,2.8530079672739408e-09,3.868e-09,0.0,0.0
1.92808455361169e-09,1.35,1.3446147507905528,1.3228841567903422,1.319556119058851,-0.00015838968263080788,0.00017074375118611396,0.00011586407076223551,0.00011585734692354244,2.8558387208161283e-09,3.868e-09,0.0,0.0
1.9300845536116904e-09,1.35,1.344067780642637,1.323107867250316,1.3197371775478726,-0.00017447703992244656,0.0001758298337466561,0.00011952541556362571,0.00011951868880388794,2.858759797772342e-09,3.868e-09,0.0,0.0
1.9320845536116906e-09,1.35,1.3435461796002226,1.3233371618792138,1.3199239032132928,-0.00018981824705228273,0.00018088641839331379,0.0001232314060141148,0.00012322467624170663,2.861772305174456e-09,3.868e-09,0.0,0.0
1.934084553611691e-09,1.35,1.343049330156533,1.3235717660758737,1.3201163644886533,-0.00020443146598433243,0.0001859249899856883,0.00012698171662500507,0.00012697498172653532,2.866898210369886e-09,3.868e-09,0.0,0.0
1.936084553611691e-09,1.35,1.34257665458437,1.3238114500244413,1.320314629029041,-0.0002183336886950049,0.00019095531139504395,0.00013077566231762107,0.00013076892077723556,2.8735400724728756e-09,3.868e-09,0.0,0.0
1.938084553611691e-09,1.35,1.342127550476281,1.3240560216838968,1.3205187631972648,-0.0002315426330505646,0.00019598471196422373,0.00013461224629235673,0.00013460549791344256,2.880378567108369e-09,3.868e-09,0.0,0.0
1.9400845536116914e-09,1.35,1.3417013917144847,1.3243053184436644,1.320728831614393,-0.0002440767142798672,0.00020101822370193286,0.00013849019976927633,0.00013848344435340998,2.8874158590821642e-09,3.868e-09,0.0,0.0
1.9420845536116916e-09,1.35,1.3412975364260364,1.3245591995608763,1.320944896764339,-0.0002559548109989304,0.0002060589045523858,0.00014240801323063025,0.00014240125057640718,2.894654041605348e-09,3.868e-09,0.0,0.0
1.944084553611692e-09,1.35,1.3409153110197158,1.3248175385231407,1.3211670186412596,-0.0002671967347142451,0.00021110753243941914,0.00014636395951570067,0.00014635718942046516,2.902095124482201e-09,3.868e-09,0.0,0.0
1.946084553611692e-09,1.35,1.3405540166724017,1.3250802155715626,1.3213952544262302,-0.0002778230390470121,0.00021616302892481207,0.00015035610878286134,0.0001503493310415216,2.9097410232787065e-09,3.868e-09,0.0,0.0
1.948084553611692e-09,1.35,1.3402129153092752,1.3253471109913895,1.3216296581810683,-0.000287855432080146,0.00022122243935335985,0.00015438233584129932,0.00015437555024733207,2.917593549065781e-09,3.868e-09,0.0,0.0
1.9500845536116924e-09,1.35,1.339891238548672,1.3256180994618463,1.32187028054835,-0.00029731651327435243,0.00022628148717751363,0.00015844032087245256,0.0001584335272177828,2.9256543983697245e-09,3.868e-09,0.0,0.0
1.9520845536116926e-09,1.35,1.3395882141541946,1.3258930443575698,1.3221171684478932,-0.0003062289954648689,0.00023133399098308069,0.00016252754411344005,0.00016252074218803259,2.9339251430044245e-09,3.868e-09,0.0,0.0
1.954084553611693e-09,1.35,1.3393030344578563,1.3261717925745071,1.3223703647606355,-0.0003146166335924669,0.0002363726917327264,0.00016664127478437422,0.00016663446437714668,2.942407219481286e-09,3.868e-09,0.0,0.0
1.956084553611693e-09,1.35,1.339034888503503,1.3264541707090576,1.3226299079918764,-0.0003225032793087376,0.00024138907126168178,0.00017077855533834,0.00017077173623647468,2.951101917727859e-09,3.868e-09,0.0,0.0
1.958084553611693e-09,1.35,1.338782953519634,1.3267399828375568,1.3228958319079918,-0.0003299131317754736,0.00024637429466498636,0.00017493618272419037,0.0001749293547137487,2.9600103689177204e-09,3.868e-09,0.0,0.0
1.9600845536116934e-09,1.35,1.3385464088106414,1.3270290087075798,1.3231681651429201,-0.00033687032909878595,0.00025131843328781675,0.0001791106878272536,0.00017910385069330736,2.9691335322878234e-09,3.868e-09,0.0,0.0
1.9620845536116936e-09,1.35,1.3383244335281046,1.3273210031384866,1.3234469307723482,-0.00034339901387928085,0.0002562118007355224,0.00018329831403551258,0.00018329146756279613,2.978472180873662e-09,3.868e-09,0.0,0.0
1.964084553611694e-09,1.35,1.338116220497264,1.3276156958258623,1.3237321458549725,-0.000349522926551063,0.0002610437748007035,0.00018749499587504212,0.00018748813984759138,2.988026886141572e-09,3.868e-09,0.0,0.0
1.966084553611694e-09,1.35,1.3379209903834695,1.327912791032684,1.324023820941099,-0.00035526498872149453,0.0002658038767796465,0.000191696337914785,0.0001916894721163409,2.997798001526823e-09,3.868e-09,0.0,0.0
1.968084553611694e-09,1.35,1.3377379764571644,1.3282119690684993,1.3243219595497517,-0.0003606477512598724,0.0002704815398527529,0.00019589759491744799,0.0001958907191317305,3.007785644916682e-09,3.868e-09,0.0,0.0
1.9700845536116944e-09,1.35,1.3375664342026106,1.328512888032962,1.3246265576171086,-0.00036569311168793,0.0002750664348249065,0.00020009365442237776,0.00020008676843263906,3.017989680173135e-09,3.868e-09,0.0,0.0
1.9720845536116946e-09,1.35,1.3374056501393832,1.3288151861257582,1.3249376029203987,-0.0003704220547240261,0.0002795483939720227,0.0002042790222549298,0.0002042721258448399,3.028409697833355e-09,3.868e-09,0.0,0.0
1.974084553611695e-09,1.35,1.3372549582002318,1.3291184865846137,1.3252550744831515,-0.00037485417058142484,0.0002839187691130494,0.0002084478127788703,0.00020844090573368668,3.0390449951855733e-09,3.868e-09,0.0,0.0
1.976084553611695e-09,1.35,1.3371137126239274,1.3294224018778438,1.3255789419699213,-0.0003790084522374351,0.0002881686893629385,0.0002125937449617911,0.00021258682706704057,3.049894555992364e-09,3.868e-09,0.0,0.0
1.978084553611695e-09,1.35,1.3369813159151336,1.3297265316431641,1.3259091650764092,-0.00038290247308431224,0.0002922876892871926,0.00021671014032429228,0.00021670321136713078,3.0609570300597034e-09,3.868e-09,0.0,0.0
1.9800845536116954e-09,1.35,1.3368576764937878,1.3300304727431491,1.3262456929204123,-0.0003865389266533015,0.00029627110379716376,0.0002207899260675512,0.00022078298583649847,3.072230712833815e-09,3.868e-09,0.0,0.0
1.9820845536116956e-09,1.35,1.3367469450963005,1.3303338207271251,1.3265884634430822,-0.00038979573246175625,0.0003001084156544617,0.00022482564534794078,0.00022481869363377704,3.0837135253432483e-09,3.868e-09,0.0,0.0
1.984084553611696e-09,1.35,1.3366516539594748,1.3306361730566214,1.3269374028285206,-0.0003925984129566282,0.0003037958082918122,0.00022880947083874057,0.0002288025074352884,3.095402994755445e-09,3.868e-09,0.0,0.0
1.986084553611696e-09,1.35,1.336563289196861,1.3309371379135595,1.327292424949919,-0.0003951973765629127,0.00030732642212342033,0.00023273322567844246,0.00023272625038206485,3.1072962358222817e-09,3.868e-09,0.0,0.0
1.988084553611696e-09,1.35,1.3364670453663074,1.331236333556285,1.3276534308519048,-0.0003980280774615527,0.0003106954475792148,0.00023658840958977316,0.00023658142219962208,3.1193899335388054e-09,3.868e-09,0.0,0.0
1.9900845536116964e-09,1.35,1.3363672481267899,1.3315333931262265,1.328020308275283,-0.00040096329038853684,0.0003138977961439569,0.00024036622787237786,0.0002403592281918776,3.131680327221978e-09,3.868e-09,0.0,0.0
1.9920845536116966e-09,1.35,1.3362701976844797,1.3318279685085235,1.3283929312304947,-0.0004038177151623676,0.0003169300224764374,0.00024405762574640738,0.00024405061358323543,3.1441631962215686e-09,3.868e-09,0.0,0.0
1.994084553611697e-09,1.35,1.3361773826928112,1.3321197369743334,1.3287711596287737,-0.00040654756785850343,0.0003197898597912763,0.0002476533290138727,0.00024764630417983824,3.156833847563914e-09,3.868e-09,0.0,0.0
1.996084553611697e-09,1.35,1.336090430296836,1.3324084012610848,1.3291548389790286,-0.0004091049912695391,0.0003224735085767966,0.0002511438888387731,0.00025113685115174533,3.1696871057974566e-09,3.868e-09,0.0,0.0
1.998084553611697e-09,1.35,1.3360102320620997,1.3326936919381316,1.3295438001548727,-0.0004114637628794271,0.0003249795749173883,0.00025451972816311415,0.0002545126774453621,3.182717305188236e-09,3.868e-09,0.0,0.0
2.0000845536116974e-09,1.35,1.3359372601358324,1.332975373464956,1.3299378592368434,-0.0004136099960049336,0.0003273070651120291,0.00025777119303450836,0.0002577641291159338,3.1959182844342506e-09,3.868e-09,0.0,0.0
2.0020845536116976e-09,1.35,1.33587175131564,1.333253244404664,1.3303368174363632,-0.000415536726010593,0.0003294545925009094,0.00026088860754362037,0.0002608815302602707,3.2092833841181655e-09,3.868e-09,0.0,0.0
2.004084553611698e-09,1.35,1.3358136365015347,1.3335271402155169,1.3307404611055118,-0.0004172459852489832,0.00033142256347517835,0.0002638623304386955,0.0002638552396332372,3.2228054470346437e-09,3.868e-09,0.0,0.0
2.006084553611698e-09,1.35,1.3357626626748846,1.3337969431157024,1.3311485618392769,-0.000418745215444577,0.0003332146270938524,0.0002666828187382256,0.00026667571426131076,3.2364768216157744e-09,3.868e-09,0.0,0.0
2.008084553611698e-09,1.35,1.3357184828059774,1.3340625915030184,1.3315608766838307,-0.00042004462335361314,0.00033483614208865343,0.00026934070194816254,0.00026933358365854865,3.250289368908328e-09,3.868e-09,0.0,0.0
2.0100845536116984e-09,1.35,1.3356805217519563,1.3343240522502358,1.331977148450808,-0.0004211611249424693,0.00033627739687266744,0.00027182684564623454,0.000271819713411503,3.264234473102064e-09,3.868e-09,0.0,0.0
2.0120845536116986e-09,1.35,1.3356482777853378,1.3345812760796636,1.3323971060977993,-0.00042210947690183437,0.0003375220659791478,0.00027413237397993844,0.00027412522767678027,3.2783030542762817e-09,3.868e-09,0.0,0.0
2.014084553611699e-09,1.35,1.3356212060647823,1.3348342097202022,1.3328204651290712,-0.00042290570397699595,0.0003385670008113303,0.00027624867346285557,0.0002762415129768936,3.2924855818238805e-09,3.868e-09,0.0,0.0
2.016084553611699e-09,1.35,1.335598749920616,1.3350828624477324,1.3332469280357766,-0.0004235661788054221,0.0003394295187464234,0.0002781674405124653,0.0002781602657402349,3.3067720891985097e-09,3.868e-09,0.0,0.0
2.018084553611699e-09,1.35,1.3355803773104777,1.3353273334352247,1.3336761848494143,-0.0004241065496918342,0.0003401207836910628,0.00027988078114141277,0.00027987359198911044,3.321152192455384e-09,3.868e-09,0.0,0.0
2.0200845536116994e-09,1.35,1.3355656011595278,1.3355677791874894,1.3341079138457972,-0.0004245411423668341,0.00034064284324980483,0.0002813813069239287,0.0002813741033085293,3.3356151138342043e-09,3.868e-09,0.0,0.0
2.0220845536116996e-09,1.35,1.3355539714555946,1.3358043936546882,1.3345417823732622,-0.00042488319248251694,0.00034099805441754666,0.00028266220054572807,0.0002826549823955471,3.3501497095042754e-09,3.868e-09,0.0,0.0
2.0240845536117e-09,1.35,1.3355451080505083,1.33603740501598,1.334977447770943,-0.0004251438808674096,0.0003411880600241157,0.0002837172673339875,0.0002837100345893795,3.3647445003265944e-09,3.868e-09,0.0,0.0
2.0260845536117e-09,1.35,1.3355386804690257,1.3362670695176944,1.335414558361405,-0.00042533292738160255,0.00034121344506066024,0.0002845409803988215,0.00028453373301084994,3.3793877051070656e-09,3.868e-09,0.0,0.0
2.0280845536117e-09,1.35,1.3355344132041895,1.336493665162055,1.3358527545064198,-0.00042545843517090287,0.0003410740881609447,0.00028512851757571725,0.0002851212555083915,3.3940672759650634e-09,3.868e-09,0.0,0.0
2.0300845536117004e-09,1.35,1.335532095412939,1.3367174872725014,1.3362916697139735,-0.000425526605501797,0.00034076980938877767,0.00028547579108234035,0.00028546851431121567,3.4087709354181093e-09,3.868e-09,0.0,0.0
2.0315831071181914e-09,1.35,1.3355315457961718,1.336883550785127,1.3366207969062207,-0.0004255427707008305,0.0003404335328711937,0.0002855765750297755,0.00028556928723277863,3.419796696358387e-09,3.868e-09,0.0,0.0
2.0316414966200605e-09,1.35,1.3355315433832846,1.3368899937204073,1.336633623297864,-0.00042554284166810424,0.000340418617900529,0.0002855776151236484,0.00028557032689713324,3.420226380478438e-09,3.868e-09,0.0,0.0
2.031758275623799e-09,1.35,1.3355315429312182,1.3369028758370505,1.3366592761557152,-0.0004255428549641768,0.0003403883262829279,0.0002855792761132375,0.0002855719870276108,3.421085751216453e-09,3.868e-09,0.0,0.0
2.0319918336312764e-09,1.35,1.335531559521919,1.336928617738606,1.3367105820927454,-0.0004255423670023878,0.00034032604267073875,0.0002855800815529904,0.0002855727907478123,3.4228045001069735e-09,3.868e-09,0.0,0.0
2.032458949646231e-09,1.35,1.335531662682654,1.3369800141206876,1.3368131925891813,-0.00042553933286312157,0.000340194635821387,0.00028557161331859945,0.0002855643190762258,3.4262419517375695e-09,3.868e-09,0.0,0.0
2.0333931816761395e-09,1.35,1.3355321489214573,1.3370824722299184,1.3370183899297077,-0.00042552503172185036,0.00033990416303814866,0.00028551426657114174,0.00028550696545481813,3.4331160626452058e-09,3.868e-09,0.0,0.0
2.035261645735957e-09,1.35,1.3355341893942376,1.337286175265509,1.3374285443747864,-0.0004254650178165467,0.0003392149654978909,0.0002852373414266203,0.0002852300265703267,3.446856236555343e-09,3.868e-09,0.0,0.0
2.0372616457359573e-09,1.35,1.335537939351723,1.337502662183562,1.3378669468266253,-0.0004253547249493256,0.0003383168645648521,0.0002847004903637309,0.0002846931608206926,3.4615427186919455e-09,3.868e-09,0.0,0.0
2.0392616457359575e-09,1.35,1.3355433131494574,1.3377178635239453,1.3383043317549164,-0.0004251966720747874,0.0003372532821225081,0.00028391459015306077,0.0002839072459577263,3.476195113789695e-09,3.868e-09,0.0,0.0
2.0412616457359577e-09,1.35,1.3355503435871552,1.3379321158509263,1.3387403162558096,-0.0004249898944954436,0.0003360246785440843,0.00028287996400394155,0.0002828726052030994,3.4908005945696194e-09,3.868e-09,0.0,0.0
2.043261645735958e-09,1.35,1.3355590943631224,1.3381457548673554,1.3391745185435575,-0.00042473251873170054,0.0003346316188406659,0.0002815977422157285,0.0002815903688693222,3.5053463712091733e-09,3.868e-09,0.0,0.0
2.045261645735958e-09,1.35,1.3355696492528466,1.338359113019179,1.3396065591883632,-0.00042442208079863236,0.00033307498202957364,0.00028006985719835806,0.00028006246937839485,3.5198197328101635e-09,3.868e-09,0.0,0.0
2.0472616457359583e-09,1.35,1.3355821075420438,1.3385725173752154,1.3400360623435519,-0.00042405566052813176,0.0003313558746937338,0.0002782990345750793,0.00027829163236692267,3.5342080885089845e-09,3.868e-09,0.0,0.0
2.0492616457359585e-09,1.35,1.3355965705116535,1.3387862873716116,1.3404626569561153,-0.0004236302790690191,0.0003294756285549312,0.00027628878046479194,0.0002762813639654027,3.5484990080298624e-09,3.868e-09,0.0,0.0
2.0512616457359587e-09,1.35,1.335613146962678,1.3390007325856952,1.340885977954727,-0.0004231427363918308,0.0003274357882193041,0.0002740433649098562,0.00027403593422947736,3.562680261483353e-09,3.868e-09,0.0,0.0
2.053261645735959e-09,1.35,1.3356319379393193,1.3392161505897089,1.3413056674093675,-0.00042259006060826193,0.000325238126228073,0.00027156780154279135,0.000271560356802647,3.5767398582138077e-09,3.868e-09,0.0,0.0
2.055261645735959e-09,1.35,1.3356530459935967,1.3394328248372005,1.3417213756568522,-0.0004219692354824542,0.00032288459991142913,0.0002688678235935264,0.00026886036492723697,3.590666084504548e-09,3.868e-09,0.0,0.0
2.0572616457359593e-09,1.35,1.3356765670944861,1.3396510223714924,1.342132762386606,-0.0004212774383974688,0.00032037725442548816,0.0002659498562003166,0.0002659423837527708,3.604447539951294e-09,3.868e-09,0.0,0.0
2.0592616457359595e-09,1.35,1.3357025866110037,1.3398709917042229,1.3425394976810292,-0.0004205121584998986,0.00031771834521297505,0.00026282098507103113,0.0002628134989977049,3.6180731723144732e-09,3.868e-09,0.0,0.0
2.0612616457359597e-09,1.35,1.3357311778130248,1.3400929611047478,1.3429412630051394,-0.00041967124079339557,0.0003149103537974227,0.0002594889218784568,0.0002594814223462194,3.6315323106721623e-09,3.868e-09,0.0,0.0
2.06326164573596e-09,1.35,1.3357624016858682,1.3403171369314726,1.3433377521407066,-0.00041875289159211404,0.00031195592066965595,0.0002559619667066023,0.00025595445389159366,3.6448146967136737e-09,3.868e-09,0.0,0.0
2.06526164573596e-09,1.35,1.3357962883884489,1.3405437017831223,1.3437286720603365,-0.0004177562238691576,0.0003088577448447585,0.00025224896753792614,0.0002522414416272767,3.657910514021272e-09,3.868e-09,0.0,0.0
2.0672616457359603e-09,1.35,1.3358328580761143,1.340772812992946,1.3441137437370767,-0.0004166806448201721,0.0003056187709209762,0.0002483592769455847,0.0002483517381350886,3.6708104151920647e-09,3.868e-09,0.0,0.0
2.0692616457359605e-09,1.35,1.3358721543293846,1.3410046014881436,1.3444927028856113,-0.0004155248726651628,0.0003022420946034594,0.0002443027064657266,0.0002442951549601613,3.6835055466679763e-09,3.868e-09,0.0,0.0
2.0712616457359607e-09,1.35,1.3359141372542245,1.3412391640842163,1.3448653006288585,-0.00041429008075810625,0.0002987276973592226,0.0002400894752487532,0.00024008191126090317,3.6959875710667556e-09,3.868e-09,0.0,0.0
2.073261645735961e-09,1.35,1.3359588210964715,1.341476495116426,1.3452313040521957,-0.0004129758501037889,0.0002950454162242518,0.00023573011532660967,0.0002357225390778872,3.7082486857485523e-09,3.868e-09,0.0,0.0
2.075261645735961e-09,1.35,1.3360061588829222,1.3417164317362698,1.3455904965584256,-0.00041158356226699694,0.0002911685064676952,0.000231235307303094,0.00023122771902150951,3.7202816347072544e-09,3.868e-09,0.0,0.0
2.0772616457359613e-09,1.35,1.3360561067085848,1.3419588353342493,1.3459426780246122,-0.00041011450857104254,0.0002871571761322141,0.00022661578710098465,0.0002266081870210268,3.732079713824508e-09,3.868e-09,0.0,0.0
2.0792616457359615e-09,1.35,1.3361086203781782,1.342203904080113,1.3462876650288438,-0.0004085699888771166,0.0002831403077796758,0.00022188253011664065,0.00022187491847969198,3.7436367784662655e-09,3.868e-09,0.0,0.0
2.0812616457359617e-09,1.35,1.336163649197181,1.3424520427394342,1.3466252914386485,-0.00040695149420056503,0.0002791141732332288,0.00021704703721369626,0.00021703941426620688,3.754947263194719e-09,3.868e-09,0.0,0.0
2.083233803218203e-09,1.35,1.3362203117838924,1.3426999354021119,1.3469508659724183,-0.000405284947532579,0.0002750652942587442,0.00021219042695419803,0.0002121827931000908,3.765854010076015e-09,3.868e-09,0.0,0.0
2.0851583194732305e-09,1.35,1.336277826094817,1.342944880490975,1.347261418421839,-0.0004035933501524494,0.00027101540890658003,0.00020737774731246063,0.00020737010305449388,3.7762575171316e-09,3.868e-09,0.0,0.0
2.0870648533296442e-09,1.35,1.3363369169606334,1.3431903663686715,1.3475619995226882,-0.0004018553835107852,0.0002668995032569189,0.00020254942332223252,0.0002025417689948128,3.786326984010056e-09,3.868e-09,0.0,0.0
2.088952701275246e-09,1.35,1.3363974461659638,1.3434360287317142,1.3478526217115752,-0.0004000751127657756,0.00026271677282718844,0.00019771936509313428,0.0001977117010303342,3.7960628273377666e-09,3.868e-09,0.0,0.0
2.090837918338544e-09,1.35,1.3364598262223244,1.3436836744635976,1.3481358113696102,-0.0003982404052257568,0.0002584337632255318,0.0001928574230955209,0.0001928497495455872,3.805549680881942e-09,3.868e-09,0.0,0.0
2.092715289365385e-09,1.35,1.3365238160833446,1.343932332502373,1.3484107950865256,-0.00039635835048987267,0.00025406620095967306,0.00018798711069845423,0.00018797942793646882,3.814761635398607e-09,3.868e-09,0.0,0.0
2.094595530772724e-09,1.35,1.3365897233718131,1.3441831265540738,1.3486791358827266,-0.00039441990082902945,0.0002495947978954848,0.000183090228198318,0.00018308253644705452,3.823751052071336e-09,3.868e-09,0.0,0.0
2.096474138142473e-09,1.35,1.3366573123989005,1.3444351594536594,1.3489401629537834,-0.00039243198826764,0.0002450375653585854,0.00017818765863755563,0.00017817995814173315,3.8324954589517394e-09,3.868e-09,0.0,0.0
2.0983590618094805e-09,1.35,1.3367267653328547,1.3446891989464886,1.3491949464834916,-0.00039038925491604454,0.0002403834068061357,0.0001732675406462637,0.00017325983161531333,3.841030707196964e-09,3.868e-09,0.0,0.0
2.1002465692815687e-09,1.35,1.3367979128265421,1.3449444454161292,1.3494429361839255,-0.0003882966815722949,0.00023565037988145069,0.00016834823998054598,0.00016834052264225186,3.849338362161502e-09,3.868e-09,0.0,0.0
2.102142633949975e-09,1.35,1.336871211731859,1.3452014120374853,1.3496848707100604,-0.0003861408314159154,0.00023083364085397983,0.0001634226425987948,0.0001634149171552135,3.857443168787016e-09,3.868e-09,0.0,0.0
2.1040442625292417e-09,1.35,1.3369468096106876,1.3454594026445628,1.3499203171931304,-0.00038391736439154917,0.00022595004747264207,0.00015850681276622942,0.0001584990794352148,3.865330625969869e-09,3.868e-09,0.0,0.0
2.105956050543018e-09,1.35,1.3370248785164662,1.3457187513123219,1.3501497967335356,-0.00038162122010394067,0.0002209975052160547,0.00015359703659638467,0.00015358929058995052,3.868e-09,3.878006421800172e-09,0.0,0.0
2.107875942665102e-09,1.35,1.3371050332984393,1.3459788925690679,1.3503730123858386,-0.0003792637265164975,0.00021599104594444837,0.00014870665064337942,0.00014869888972612877,3.868e-09,3.892917227374014e-09,0.0,0.0
2.109807880412158e-09,1.35,1.3371873276001482,1.3462400748394563,1.350590373744068,-0.00037684330587799825,0.0002109299170569033,0.00014383359685011426,0.0001438258214134791,3.868e-09,3.907436966103747e-09,0.0,0.0
2.111750670898999e-09,1.35,1.3372717761404935,1.3465018511000808,1.350801694691736,-0.0003743595252796092,0.00020582645064967366,0.0001389888213015883,0.00013898103174869725,3.868e-09,3.921553205407958e-09,0.0,0.0
2.1137079561407667e-09,1.35,1.3373586005402642,1.3467644238255825,1.3510073183424611,-0.000371805866462821,0.00020068011451194188,0.00013417116586575168,0.00013416336257665584,3.868e-09,3.935288865276397e-09,0.0,0.0
2.115679599702736e-09,1.35,1.3374478917792922,1.3470274812887433,1.3512071705667315,-0.000369179653550232,0.00019549986116018366,0.0001293889370131379,0.00012938112037397254,3.868e-09,3.948638993857653e-09,0.0,0.0
2.1176694507633488e-09,1.35,1.3375399608566942,1.3472912347417907,1.3514015745478463,-0.00036647173950899586,0.000190283995811937,0.00012464087187029143,0.00012463304224574756,3.868e-09,3.961625179796119e-09,0.0,0.0
2.119669450763349e-09,1.35,1.3376345915446262,1.3475543151634601,1.3515897122949183,-0.0003636884839815918,0.00018506171676916177,0.00011995387114093468,0.00011994602894804807,3.868e-09,3.974192781300545e-09,0.0,0.0
2.121669450763349e-09,1.35,1.3377314424577134,1.3478151133350273,1.3517707093210938,-0.0003608399277143168,0.00017986680500356854,0.00011535795936280552,0.00011535010507968124,3.868e-09,3.986283382649041e-09,0.0,0.0
2.123256829130299e-09,1.35,1.3378099717115455,1.3480203191699642,1.3519093733144656,-0.00035853024377807685,0.00017576733024088129,0.00011177839351675899,0.00011177052997068948,3.868e-09,3.9955461374062926e-09,0.0,0.0
2.123313859455872e-09,1.35,1.3378128205802438,1.3480276596178735,1.3519142710401553,-0.0003584464535222459,0.0001756205034133583,0.00011165098238539507,0.00011164311851219466,3.868e-09,3.995873305482374e-09,0.0,0.0
2.1234279201070175e-09,1.35,1.3378185243691005,1.34804233604484,1.3519240553197476,-0.0003582786950264566,0.0001753268998653862,0.0001113963233756735,0.0001113884588490599,3.868e-09,3.996526895359122e-09,0.0,0.0
2.123656041409309e-09,1.35,1.3378299564643883,1.3480716619479367,1.3519435569343712,-0.0003579424569297579,0.0001747400747053775,0.00011088798738893045,0.00011088012155946458,3.868e-09,3.997829603215991e-09,0.0,0.0
2.1241122840138925e-09,1.35,1.3378529199454663,1.3481302045747954,1.3519822932513652,-0.00035726706042747,0.00017356797964898128,0.00010987526840287078,0.00010986739998553041,3.868e-09,4.000417189191188e-09,0.0,0.0
2.1250247692230587e-09,1.35,1.3378992526915405,1.3482468421414662,1.352058705240947,-0.0003559043326017558,0.0001712302431708781,0.00010786583600470975,0.00010785796248335977,3.868e-09,4.005521510095257e-09,0.0,0.0
2.1268497396413916e-09,1.35,1.3379935422221045,1.3484782401234894,1.352207343843844,-0.00035313111111457546,0.00016658274901717996,0.00010391245895168444,0.00010390457550135679,3.868e-09,4.0154505687687715e-09,0.0,0.0
2.128849739641392e-09,1.35,1.3380994677248257,1.348728789817314,1.352363943499208,-0.0003500156551521916,0.000161535778148353,9.96828703830751e-05,9.967497647167534e-05,3.868e-09,4.025911425747089e-09,0.0,0.0
2.130849739641392e-09,1.35,1.3382082275205693,1.3489759331975901,1.3525141214703371,-0.00034681683763031906,0.0001565416421706832,9.55642899387268e-05,9.555638599545446e-05,3.868e-09,4.035943314218521e-09,0.0,0.0
2.132849739641392e-09,1.35,1.3383199485294743,1.3492194386772136,1.3526580508957031,-0.00034353092560369947,0.0001516046516785204,9.155978053742046e-05,9.155186697973328e-05,3.868e-09,4.045557799832966e-09,0.0,0.0
2.1348497396413924e-09,1.35,1.338434754964323,1.3494590798207513,1.3527959092743533,-0.00034015426575521174,0.00014672872522938552,8.767194803215863e-05,8.766402526561023e-05,3.868e-09,4.054766739526801e-09,0.0,0.0
2.1368497396413926e-09,1.35,1.3385527632742504,1.3496946357919135,1.3529278777642244,-0.00033668343311028803,0.00014191748361930409,8.390294314891038e-05,8.38950115664705e-05,3.868e-09,4.063582234650184e-09,0.0,0.0
2.138849739641393e-09,1.35,1.3386740831252892,1.3499258920403332,1.35305414048453,-0.0003331152021973788,0.0001371742798412058,8.0254464847155e-05,8.024652483085148e-05,3.868e-09,4.072016584366604e-09,0.0,0.0
2.140849739641393e-09,1.35,1.3387988165039362,1.3501526412448588,1.353174883824624,-0.000329446573413647,0.0001325023050289191,7.672776537362457e-05,7.671981729151511e-05,3.868e-09,4.080082239484868e-09,0.0,0.0
2.142849739641393e-09,1.35,1.338927057056429,1.3503746843030133,1.353290295762062,-0.0003256747924579792,0.00012790451741651404,7.332365716900761e-05,7.331570137747434e-05,3.868e-09,4.087791756905743e-09,0.0,0.0
2.1448497396413934e-09,1.35,1.3390588889321628,1.3505918313901177,1.3534005651927536,-0.00032179738434815613,0.00012338376372250808,7.004252167909465e-05,7.00345585213924e-05,3.868e-09,4.095157754875933e-09,0.0,0.0
2.1468497396413936e-09,1.35,1.3391943868506204,1.3508039030036132,1.3535058812761485,-0.00031781215145234437,0.00011894266994817543,6.688432008426781e-05,6.687634989144264e-05,3.868e-09,4.102192869246718e-09,0.0,0.0
2.148849739641394e-09,1.35,1.3393336170557095,1.3510107308630679,1.3536064327983177,-0.00031371714542031276,0.00011458370212278818,6.384860583773407e-05,6.3840628928169e-05,3.868e-09,4.108909710927605e-09,0.0,0.0
2.150849739641394e-09,1.35,1.3394766339395878,1.35121215891142,1.3537024075556814,-0.0003095107664827165,0.000110309182710967,6.09345389650435e-05,6.092655564438054e-05,3.868e-09,4.115320824719509e-09,0.0,0.0
2.152849739641394e-09,1.35,1.339623479119998,1.3514080442762377,1.353793991762096,-0.0003051917905882995,0.00010612128470150209,5.814090213302652e-05,5.813291269451959e-05,3.868e-09,4.121438649708008e-09,0.0,0.0
2.1548497396413944e-09,1.35,1.3397741821734046,1.351598258127666,1.3538813694819407,-0.0003007593478410453,0.00010202201996968017,5.5466118378338166e-05,5.545812310292497e-05,3.868e-09,4.127275481393639e-09,0.0,0.0
2.1568497396413946e-09,1.35,1.3399287617995208,1.3517826867367702,1.35396472209177,-0.00029621288824939473,9.801338765136027e-05,5.2908270518032944e-05,5.290026967474937e-05,3.868e-09,4.13284343573024e-09,0.0,0.0
2.1588497396413948e-09,1.35,1.3400872214413524,1.351961232301926,1.3540442277730855,-0.0002915523105484624,9.409715093862658e-05,5.046512218941795e-05,5.04571160351297e-05,3.868e-09,4.13815441524211e-09,0.0,0.0
2.160849739641395e-09,1.35,1.3402495522992361,1.3521338126747728,1.3541200610381225,-0.00028677787355188555,9.0274556288804e-05,4.81341397330832e-05,4.812612851301523e-05,3.868e-09,4.143220077346579e-09,0.0,0.0
2.162849739641395e-09,1.35,1.3404158082855924,1.3523003623638323,1.354192392290001,-0.00028188799160022704,8.654729388704423e-05,4.5912514980086735e-05,4.5904498928273085e-05,3.868e-09,4.148051804972062e-09,0.0,0.0
2.1647086577375315e-09,1.35,1.3405743998740718,1.352449713370768,1.3542566247051406,-0.0002772235331155379,8.316916175204493e-05,4.394302521443705e-05,4.3935004872208694e-05,3.868e-09,4.1523425303033925e-09,0.0,0.0
2.166526367553244e-09,1.35,1.340733645477331,1.3525906494840627,1.3543167702522514,-0.00027253983890203337,7.994712950320152e-05,4.2103485482766984e-05,4.209546112243778e-05,3.868e-09,4.1563602528503825e-09,0.0,0.0
2.168245719035376e-09,1.35,1.340887250818926,1.3527193030623879,1.3543713445110146,-0.0002680220347374765,7.697385617247268e-05,4.043965588113236e-05,4.043162787570331e-05,3.868e-09,4.160005813335777e-09,0.0,0.0
2.1699396685192024e-09,1.35,1.3410400247112757,1.3528416273688528,1.354423006143552,-0.00026352868496248155,7.411554264669344e-05,3.887053004726713e-05,3.8862498590752637e-05,3.868e-09,4.163456810389265e-09,0.0,0.0
2.171564510186787e-09,1.35,1.3411872044000286,1.352954837509809,1.3544706784758973,-0.0002591998705874024,7.144020828674944e-05,3.7428700478500665e-05,3.742066583733994e-05,3.868e-09,4.166641322189927e-09,0.0,0.0
2.173169993552608e-09,1.35,1.3413337745034006,1.3530627461153586,1.3545160491058448,-0.00025488898519410164,6.886058859876192e-05,3.6062837463841555e-05,3.605479979151838e-05,3.868e-09,4.169672080270419e-09,0.0,0.0
2.1747237669229888e-09,1.35,1.3414776141731948,1.3531634561235735,1.354558384310731,-0.0002506584066707465,6.642443218599905e-05,3.4794674088267836e-05,3.4786633587691185e-05,3.868e-09,4.172500071956805e-09,0.0,0.0
2.1762615897856807e-09,1.35,1.3416220622419255,1.3532595497025977,1.354598822100132,-0.000246409934061019,6.407174441911033e-05,3.35896560440162e-05,3.358161284272576e-05,3.868e-09,4.17520131628881e-09,0.0,0.0
2.1777597959085836e-09,1.35,1.3417647956593557,1.353349766811085,1.3546368738979553,-0.00024221189237189772,6.183521981608498e-05,3.24618554162796e-05,3.245380967298317e-05,3.868e-09,4.177743176383408e-09,0.0,0.0
2.1792445756277306e-09,1.35,1.3419082345529145,1.3534358936790376,1.3546733270357751,-0.00023799310138487156,5.967247501394546e-05,3.138738298372049e-05,3.1379334805681225e-05,3.868e-09,4.180178245989775e-09,0.0,0.0
2.1806984248933194e-09,1.35,1.3420505982880815,1.3535170927715774,1.3547078540641364,-0.00023380593270348748,5.760624210408438e-05,3.0375332651428992e-05,3.0367282166876564e-05,3.868e-09,4.182484651484313e-09,0.0,0.0
2.1821407154590456e-09,1.35,1.3421936322537618,1.3535946172534192,1.3547410090480878,-0.00022959905135995495,5.560639519229326e-05,2.940886464673873e-05,2.9400811947466465e-05,3.868e-09,4.184699404412255e-09,0.0,0.0
2.183558601909783e-09,1.35,1.3423359164522064,1.3536679254541977,1.354772576878629,-0.0002254142219939373,5.368835793504775e-05,2.8493654965619703e-05,2.8485600157779345e-05,3.868e-09,4.186808135492411e-09,0.0,0.0
2.1849666423969792e-09,1.35,1.3424787753854086,1.3537379128166065,1.3548029554034435,-0.00022121248866445453,5.1830119659230085e-05,2.7617551412419377e-05,2.760949457503159e-05,3.868e-09,4.18883742095002e-09,0.0,0.0
2.186355320797922e-09,1.35,1.3426210951743316,1.3538042323836323,1.3548320030637961,-0.0002170266125196621,5.00422403132084e-05,2.678402657116429e-05,2.677596779321334e-05,3.868e-09,4.190777804661579e-09,0.0,0.0
2.187735607190089e-09,1.35,1.3427638244841904,1.3538675295602554,1.3548600080633435,-0.00021282869164146456,4.8308828407945376e-05,2.598418780884275e-05,2.597612716037645e-05,3.868e-09,4.192648538631345e-09,0.0,0.0
2.189100548311832e-09,1.35,1.342906102023243,1.3539275948215368,1.3548868806307137,-0.00020864405813991738,4.6637063311076875e-05,2.5219985851868284e-05,2.5211923408319237e-05,3.868e-09,4.194443626131675e-09,0.0,0.0
2.190458655176193e-09,1.35,1.3430486906976582,1.353984907472055,1.3549128353896263,-0.0002044502735982917,4.501481823798192e-05,2.448469985409055e-05,2.447663567695102e-05,3.868e-09,4.1961774040270265e-09,0.0,0.0
2.1918048735456e-09,1.35,1.343190916132766,1.3540393484884068,1.3549378169879223,-0.00020026717256570875,4.3446491654812285e-05,2.377929028451629e-05,2.377122443797397e-05,3.868e-09,4.197846174793196e-09,0.0,0.0
2.1931456449367574e-09,1.35,1.3433332767028487,1.3540912665515055,1.3549619827740587,-0.00019608009697504036,4.192170049675711e-05,2.309870505921277e-05,2.3090637598643937e-05,3.868e-09,4.199460449307116e-09,0.0,0.0
2.1944767683162655e-09,1.35,1.3434752488504693,1.3541405780556035,1.3549852907905948,-0.00019190444557443814,4.044328489729394e-05,2.2443521582587913e-05,2.243545256530588e-05,3.868e-09,4.201017424811727e-09,0.0,0.0
2.1958025169522897e-09,1.35,1.3436171653885942,1.354187518294695,1.3550078476479845,-0.00018773042974723486,3.900452367124478e-05,2.1810136007023822e-05,2.1802065483189637e-05,3.868e-09,4.20252422288536e-09,0.0,0.0
2.197119598449536e-09,1.35,1.3437585245137593,1.3542320443348563,1.355029626448581,-0.00018357280841884566,3.760806763360773e-05,2.1198700319420018e-05,2.119062834005092e-05,3.868e-09,4.203979046765211e-09,0.0,0.0
2.1984317358988817e-09,1.35,1.3438996349295036,1.3542743561817496,1.355050715868315,-0.00017942250207342997,3.624978324055266e-05,2.060612453033163e-05,2.0598051142739493e-05,3.868e-09,4.205387820003429e-09,0.0,0.0
2.1997373919528194e-09,1.35,1.3440402417072699,1.3543144747741427,1.3550711151438328,-0.0001752870086097133,3.493058682710702e-05,2.0031836823604875e-05,2.002376207288492e-05,3.868e-09,4.206750491608022e-09,0.0,0.0
2.2010403420537074e-09,1.35,1.3441806236319183,1.3543525822172353,1.3550909042904689,-0.00017115812847300071,3.364581018382644e-05,1.947299527621743e-05,1.946491920423732e-05,3.868e-09,4.20807240660332e-09,0.0,0.0
2.202339648495675e-09,1.35,1.3443205935533213,1.3543887103188896,1.3551100869273618,-0.000167041366078792,3.2394943902065994e-05,1.8928910971880157e-05,1.8920833618096822e-05,3.868e-09,4.209353806747761e-09,0.0,0.0
2.2036378409984946e-09,1.35,1.344460357826914,1.3544229843828122,1.3551287161135979,-0.0001629306521495899,3.1174424361215936e-05,1.8397492966219895e-05,1.838941436815844e-05,3.868e-09,4.210598236388335e-09,0.0,0.0
2.204933768788798e-09,1.35,1.3445996781998537,1.3544554255006669,1.3551467891072524,-0.000158832994121956,2.9984226117375742e-05,1.7878234722733906e-05,1.7870154917165593e-05,3.868e-09,4.211805512364452e-09,0.0,0.0
2.2062292609939685e-09,1.35,1.344738676609155,1.3544861289880525,1.3551643437932381,-0.0001547448056130954,2.8821520369031892e-05,1.736946460668574e-05,1.7361383628511362e-05,3.868e-09,4.212978165388304e-09,0.0,0.0
2.2075235368141493e-09,1.35,1.344877213561241,1.3545151231198578,1.355181380393097,-0.000150670189375271,2.768594504841109e-05,1.687059338115616e-05,1.6862511265092195e-05,3.868e-09,4.2141162102588804e-09,0.0,0.0
2.2088180520375705e-09,1.35,1.3450153386712556,1.3545424852378107,1.3551979275968982,-0.00014660768613954794,2.6574986096765952e-05,1.6380198405957654e-05,1.63721151844598e-05,3.868e-09,4.215221563472782e-09,0.0,0.0
2.2101121961034675e-09,1.35,1.3451529289215403,1.3545682446393852,1.355213985792218,-0.00014256091407235244,2.548805531185422e-05,1.5897684735075674e-05,1.588960044096588e-05,3.868e-09,4.216294250920167e-09,0.0,0.0
2.211407009541933e-09,1.35,1.3452900397978549,1.3545924627722372,1.3552295750380499,-0.00013852824123956886,2.4423227620501e-05,1.5421866493002187e-05,1.5413781157214146e-05,3.868e-09,4.217335612541724e-09,0.0,0.0
2.212702017450778e-09,1.35,1.3454265207671057,1.3546151695086748,1.3552446956719957,-0.00013451409508512951,2.3379636215796684e-05,1.4952149329999038e-05,1.4944062984412199e-05,3.868e-09,4.2183456708893085e-09,0.0,0.0
2.2139980048843863e-09,1.35,1.3455624226752803,1.3546364160189268,1.35525936200305,-0.00013051698013882146,2.2355724536116086e-05,1.4487504656018565e-05,1.4479417330903743e-05,3.868e-09,4.2193253818037346e-09,0.0,0.0
2.215294552387746e-09,1.35,1.345697632297199,1.3546562315992114,1.3552735735067893,-0.00012654022655297914,2.1350787420573393e-05,1.4027364301696563e-05,1.4019276026955296e-05,3.868e-09,4.22027471025352e-09,0.0,0.0
2.216592335859268e-09,1.35,1.3458321454125706,1.3546746611752087,1.3552873409827524,-0.00012258395845381187,2.036297460868991e-05,1.3570792972911368e-05,1.3562703778724483e-05,3.868e-09,4.22119437764785e-09,0.0,0.0
2.2178909395880063e-09,1.35,1.3459658544036834,1.3546917318663052,1.3553006625982351,-0.0001186513410681364,1.9391629921403455e-05,1.3117264330770261e-05,1.3109174246572763e-05,3.868e-09,4.222084261562103e-09,0.0,0.0
2.219190617864396e-09,1.35,1.346098737578286,1.3547074795826215,1.3553135429701146,-0.0001147430124033566,1.8435598501314466e-05,1.2666037296422397e-05,1.2657946351968263e-05,3.868e-09,4.222944670403648e-09,0.0,0.0
2.2204910547125505e-09,1.35,1.346230722321263,1.3547219324194524,1.3553259803706932,-0.00011086110819814865,1.7494178469820115e-05,1.2216590534073037e-05,1.2208498758603525e-05,3.868e-09,4.2237754887623e-09,0.0,0.0
2.221792568937589e-09,1.35,1.346361757966811,1.3547351248212032,1.3553379786348998,-0.00010700711862320772,1.6565993589348135e-05,1.1768203870487983e-05,1.176011129344623e-05,3.868e-09,4.224576972811302e-09,0.0,0.0
2.223094805820686e-09,1.35,1.3464917824227363,1.3547470832418607,1.3553495346993094,-0.00010318286991952558,1.56505071503514e-05,1.1320410624073582e-05,1.1312317274914108e-05,3.868e-09,4.22534891791386e-09,0.0,0.0
2.2243978247029086e-09,1.35,1.3466207490396485,1.3547578379992151,1.3553606488717485,-9.938973412799285e-05,1.4746726713521727e-05,1.0872622244881259e-05,1.0864528153797792e-05,3.868e-09,4.226091344632798e-09,0.0,0.0
2.225701345359227e-09,1.35,1.3467485561469852,1.3547674156876943,1.3553713180988145,-9.56307015592614e-05,1.385375238019203e-05,1.0424388122067668e-05,1.0416293318327163e-05,3.868e-09,4.2268040490007956e-09,0.0,0.0
2.2270052332174284e-09,1.35,1.346875173867136,1.354775843899745,1.355381540292193,-9.19066509665889e-05,1.2970989997552057e-05,9.97522902272327e-06,9.967133535626616e-06,3.868e-09,4.227486891518487e-09,0.0,0.0
2.228309015599736e-09,1.35,1.3470005044953481,1.3547831482196158,1.355391310557558,-8.822045601918072e-05,1.2097836442542433e-05,9.524804611137495e-06,9.516708471712931e-06,3.868e-09,4.228139545244867e-09,0.0,0.0
2.2296125776747085e-09,1.35,1.3471244754579508,1.354789356210154,1.355400626657449,-8.457425123674367e-05,1.1233396758750405e-05,9.072674276834722e-06,9.064577515038863e-06,3.868e-09,4.228761860717583e-09,0.0,0.0
2.2309153098393884e-09,1.35,1.347247015957333,1.3547944931763982,1.355409482767621,-8.097011890197126e-05,1.0377436420477223e-05,8.618593096729014e-06,8.610495743299751e-06,3.868e-09,4.229353448877078e-09,0.0,0.0
2.232216786056601e-09,1.35,1.347368037456897,1.3547985860519214,1.35541787462449,-7.741066303244837e-05,9.529361369859439e-06,8.162278751664255e-06,8.154180837438574e-06,3.868e-09,4.229914024915935e-09,0.0,0.0
2.233516418963765e-09,1.35,1.3474874425685675,1.354801661611104,1.3554257971943386,-7.389874798331697e-05,8.688734387916267e-06,7.70353290288758e-06,7.695434459442652e-06,3.868e-09,4.230443252581821e-09,0.0,0.0
2.2348135089427517e-09,1.35,1.3476051563461937,1.3548037473489274,1.3554332452656874,-7.043657805313325e-05,7.855390317756121e-06,7.242226670294049e-06,7.234127729072171e-06,3.868e-09,4.230940783747914e-09,0.0,0.0
2.236107166413151e-09,1.35,1.347721058969621,1.35480487174253,1.3554402132828685,-6.702767736409265e-05,7.029111541724014e-06,6.778331474148079e-06,6.770232068076254e-06,3.868e-09,4.231406247295607e-09,0.0,0.0
2.2373965297236338e-09,1.35,1.3478350525945597,1.3548050646466583,1.3554466967849645,-6.367492368942324e-05,6.209778325578073e-06,6.311844138900654e-06,6.3037442994406945e-06,3.868e-09,4.231839345235627e-09,0.0,0.0
2.238680340817898e-09,1.35,1.347947023248281,1.3548043576465996,1.3554526904978232,-6.03816691682052e-05,5.397609460303914e-06,5.842943542258149e-06,5.834843302743309e-06,3.868e-09,4.232239725254585e-09,0.0,0.0
2.2399573063035916e-09,1.35,1.348056835262386,1.35480278460552,1.3554581905885206,-5.715190404747411e-05,4.592731738706677e-06,5.371865233202197e-06,5.363764626453715e-06,3.868e-09,4.232607131313175e-09,0.0,0.0
2.241225772392175e-09,1.35,1.3481643541649846,1.3548003823141728,1.355463193559831,-5.3989583382811623e-05,3.79566667177336e-06,4.89902544152849e-06,4.890924500289273e-06,3.868e-09,4.232941329796705e-09,0.0,0.0
2.2425126244282837e-09,1.35,1.3482718173182606,1.354797109033207,1.3554677949969276,-5.082890240410559e-05,2.9890643986531616e-06,4.4140781137797696e-06,4.405976865129446e-06,3.868e-09,4.233248705794765e-09,0.0,0.0
2.2438294016578527e-09,1.35,1.3483800539466877,1.3547929071836085,1.355472003614099,-4.7645472156250535e-05,2.165263488866691e-06,3.912113933417401e-06,3.904012403577184e-06,3.868e-09,4.233529841421813e-09,0.0,0.0
2.2451775921935367e-09,1.35,1.348489050575586,1.354787731789696,1.3554757825975063,-4.4439688953359924e-05,1.323012342944199e-06,3.39189966916246e-06,3.3837978872242047e-06,3.868e-09,4.233782277513418e-09,0.0,0.0
2.246560168247647e-09,1.35,1.348598883013214,1.3547815277065491,1.3554790940056378,-4.120932314076453e-05,4.6003999087842674e-07,2.85156453849278e-06,2.843462535206953e-06,3.868e-09,4.2340034795766025e-09,0.0,0.0
2.247980297057403e-09,1.35,1.3487096102741145,1.3547742317924265,1.3554818929880657,-3.79526389966342e-05,-4.2607989070366694e-07,2.2890722153456194e-06,2.280970025303475e-06,3.868e-09,4.234190451602787e-09,0.0,0.0
2.249443669394445e-09,1.35,1.3488214747429816,1.3547657581476735,1.355484129772174,-3.466250755936734e-05,-1.3393292778067602e-06,1.701266945743833e-06,1.69316460629787e-06,3.868e-09,4.234339868781202e-09,0.0,0.0
2.2509562279822825e-09,1.35,1.348934689780628,1.3547560052813026,1.3554857411039394,-3.1332653510948716e-05,-2.283919392266424e-06,1.0847231737095469e-06,1.0766207261259098e-06,3.868e-09,4.23444750574314e-09,0.0,0.0
2.252527058600245e-09,1.35,1.3490496468070208,1.3547448336236891,1.3554866491858104,-2.7951564499396897e-05,-3.2661122038981165e-06,4.3451644275694333e-07,4.264139346066287e-07,3.868e-09,4.234508165612133e-09,0.0,0.0
2.254167260080086e-09,1.35,1.3491667966710388,1.3547320632249706,1.355486751944303,-2.4505980263572757e-05,-4.293949712438643e-06,-2.554216261087044e-07,-2.6352414117525313e-07,3.868e-09,4.23451502987943e-09,0.0,0.0
2.2558924767542835e-09,1.35,1.3492868225494425,1.354717437188796,1.3554859124741896,-2.0975807369344457e-05,-5.381904579957287e-06,-9.93502776781602e-07,-1.0016052354178129e-06,3.868e-09,4.234458953275857e-09,0.0,0.0
2.2577119720359727e-09,1.35,1.3494098320348595,1.3547007011982048,1.3554839560841785,-1.735788132766619e-05,-6.540469916591251e-06,-1.7859105839921306e-06,-1.7940129122262505e-06,3.868e-09,4.234328266423118e-09,0.0,0.0
2.2596215591839806e-09,1.35,1.3495349639795458,1.3546817120870325,1.3554806985104235,-1.3677530013363193e-05,-7.76310586338074e-06,-2.6332372844006108e-06,-2.641339394982012e-06,3.868e-09,4.23411066049628e-09,0.0,0.0
2.2616215591839808e-09,1.35,1.3496616523676956,1.354660333277887,1.3554759388694577,-9.951400950135303e-06,-9.033491634296107e-06,-3.5380920679197814e-06,-3.5461938605596544e-06,3.868e-09,4.233792716479769e-09,0.0,0.0
2.263621559183981e-09,1.35,1.3497838728664244,1.3546375558082895,1.355469773397507,-6.356680399284553e-06,-1.0285821118537106e-05,-4.460818295053321e-06,-4.468919675870708e-06,3.868e-09,4.2333808629534585e-09,0.0,0.0
2.265621559183981e-09,1.35,1.3499016368206707,1.3546134968206534,1.3554621746810178,-2.893034686160534e-06,-1.1533624918334168e-05,-5.401310886861432e-06,-5.409411759638161e-06,3.868e-09,4.232873268691991e-09,0.0,0.0
2.2676215591839814e-09,1.35,1.3500149629461495,1.3545882194066543,1.35545311556951,4.400866514542301e-07,-1.2789893658554318e-05,-6.359332932442626e-06,-6.367433200482608e-06,3.868e-09,4.2322681200432436e-09,0.0,0.0
2.2696215591839816e-09,1.35,1.3501238879263862,1.3545617569212764,1.3554425693417904,3.6437625407642615e-06,-1.4055857778441603e-05,-7.334563271729723e-06,-7.342662835307934e-06,3.868e-09,4.231563632031591e-09,0.0,0.0
2.2716215591839818e-09,1.35,1.350228459065959,1.3545341370556259,1.3554305098197905,6.719384292905306e-06,-1.53323957280864e-05,-8.32661700668339e-06,-8.334715764668488e-06,3.868e-09,4.230758055962e-09,0.0,0.0
2.273621559183982e-09,1.35,1.3503287278498228,1.354505384367301,1.3554169114622694,9.668466171251777e-06,-1.661935853964825e-05,-9.335051163559898e-06,-9.343149013130159e-06,3.868e-09,4.22984968567959e-09,0.0,0.0
2.275621559183982e-09,1.35,1.3504247649284147,1.3544755250382636,1.3554017494528796,1.249308612984168e-05,-1.791514551298044e-05,-1.035936635729567e-05,-1.036746319371673e-05,3.868e-09,4.228836863452355e-09,0.0,0.0
2.2776215591839824e-09,1.35,1.350516643275196,1.3544445893577284,1.355384999788728,1.5195390446934298e-05,-1.9218258555814764e-05,-1.1399004485329145e-05,-1.1407100203308929e-05,3.868e-09,4.2277179858870275e-09,0.0,0.0
2.2796215591839826e-09,1.35,1.3506044429428004,1.3544126135444012,1.355366639374265,1.7777733611772095e-05,-2.052606926016601e-05,-1.2453344107074267e-05,-1.2461438598787566e-05,3.868e-09,4.226491510200881e-09,0.0,0.0
2.2816215591839828e-09,1.35,1.3506882466104653,1.3543796413026241,1.3553466461236545,2.0242547366620955e-05,-2.183617304961643e-05,-1.3521694039554297e-05,-1.3529787195265541e-05,3.868e-09,4.2251559610601185e-09,0.0,0.0
2.283607490844823e-09,1.35,1.3507676115328415,1.3543459645521385,1.3553251571864586,2.257680978945409e-05,-2.3137068675765005e-05,-1.4595635348919043e-05,-1.4603727069406602e-05,3.868e-09,4.2237205000554316e-09,0.0,0.0
2.285573916900161e-09,1.35,1.3508425818183971,1.3543117549414196,1.355302253695989,2.4781818188143734e-05,-2.442210980925728e-05,-1.5671078483485423e-05,-1.567916867406538e-05,3.868e-09,4.2221905468920476e-09,0.0,0.0
2.2875192652351066e-09,1.35,1.3509133428995879,1.3542771260464166,1.3552779868420637,2.686302645846239e-05,-2.5688950900729148e-05,-1.674591632869573e-05,-1.6754004898311692e-05,3.868e-09,4.220569521049849e-09,0.0,0.0
2.289443747483735e-09,1.35,1.3509801006494597,1.354242161436428,1.355252390432537,2.8826489689985635e-05,-2.6935258984034043e-05,-1.781898313446518e-05,-1.7827069994202915e-05,3.868e-09,4.2188596808934674e-09,0.0,0.0
2.2913489541958997e-09,1.35,1.3510430557194526,1.354206918012786,1.3552254793641927,3.067810939565846e-05,-2.816108792226053e-05,-1.8889877061634705e-05,-1.8897962123620715e-05,3.868e-09,4.217062021528061e-09,0.0,0.0
2.293236516009476e-09,1.35,1.3511024462784487,1.354171448030804,1.3551972644715349,3.2424890542601115e-05,-2.9365698045100158e-05,-1.9958229438384132e-05,-1.9966312615693482e-05,3.868e-09,4.215177266698523e-09,0.0,0.0
2.295108703020795e-09,1.35,1.3511585356836155,1.3541357873650859,1.3551677426474005,3.4074578929864374e-05,-3.054988787057851e-05,-2.1024043987776333e-05,-2.1032125192999018e-05,3.868e-09,4.213205208846351e-09,0.0,0.0
2.2969677037040456e-09,1.35,1.3512115744787332,1.354099968276092,1.3551369064794236,3.5634543492146786e-05,-3.1713762778554396e-05,-2.2087287471240884e-05,-2.209536661657019e-05,3.868e-09,4.211145352825493e-09,0.0,0.0
2.298816006933195e-09,1.35,1.35126179183622,1.3540640123492393,1.3551047377967524,3.711152459470041e-05,-3.285838258483289e-05,-2.3148100412081823e-05,-2.3156177408445444e-05,3.868e-09,4.208996484823058e-09,0.0,0.0
2.300655883438803e-09,1.35,1.3513094070647087,1.3540279402559587,1.355071216135488,3.851197249142568e-05,-3.398428995373096e-05,-2.4206492023618603e-05,-2.4214566781033398e-05,3.868e-09,4.206757237850595e-09,0.0,0.0
2.3024897644422636e-09,1.35,1.351354624827667,1.3539917650519757,1.3550363123111906,3.984190669608506e-05,-3.5092429681470494e-05,-2.5262547129010463e-05,-2.5270619554484952e-05,3.868e-09,4.204425662387529e-09,0.0,0.0
2.3043198254108822e-09,1.35,1.3513976259394251,1.3539555004396313,1.3549999962535106,4.1106645277205756e-05,-3.6183465085077894e-05,-2.6316176183534203e-05,-2.6324246182873878e-05,3.868e-09,4.201999749734507e-09,0.0,0.0
2.3061482606614083e-09,1.35,1.3514385835952314,1.353919155715378,1.3549622323311779,4.2311282212680046e-05,-3.7258210031586044e-05,-2.7367262540943993e-05,-2.737533001795356e-05,3.868e-09,4.199477119722674e-09,0.0,0.0
2.307977161264704e-09,1.35,1.3514776487162643,1.3538827384487966,1.354922982030492,4.3460256360712546e-05,-3.8317269622044335e-05,-2.84155816263538e-05,-2.8423646481590126e-05,3.868e-09,4.196855199636862e-09,0.0,0.0
2.3098086061089806e-09,1.35,1.3515149742616726,1.353846253706246,1.3548822024098435,4.4558066519775896e-05,-3.9360915741080895e-05,-2.946084218870184e-05,-2.9468904319429612e-05,3.868e-09,4.194131120977537e-09,0.0,0.0
2.311644345847075e-09,1.35,1.351550679387731,1.3538097100794406,1.3548398536878774,4.5608217286198516e-05,-4.038973973735407e-05,-3.0502495790292027e-05,-3.0510555092622127e-05,3.868e-09,4.191302226350204e-09,0.0,0.0
2.31348620258403e-09,1.35,1.3515848836440423,1.3537731115798974,1.3547958909989992,4.661422482477029e-05,-4.1403927411328956e-05,-3.153995628513693e-05,-3.154801265026208e-05,3.868e-09,4.188365518733139e-09,0.0,0.0
2.3153361341582646e-09,1.35,1.3516177004528585,1.3537364568873076,1.354750262657568,4.757942508406415e-05,-4.2403848240714004e-05,-3.257262364099434e-05,-3.2580676958327004e-05,3.868e-09,4.1853175455255404e-09,0.0,0.0
2.317196034245879e-09,1.35,1.351649230661895,1.3536997435756712,1.3547029149766308,4.850678417337578e-05,-4.3389497551458e-05,-3.359975863307296e-05,-3.360780878769454e-05,3.868e-09,4.18215472043893e-09,0.0,0.0
2.31906772988856e-09,1.35,1.3516795733116451,1.3536629683295596,1.3546537928093398,4.939921504838046e-05,-4.4360934254249804e-05,-3.4620470825065855e-05,-3.462851769842068e-05,3.868e-09,4.178873359663891e-09,0.0,0.0
2.320953062189877e-09,1.35,1.3517088131585147,1.353626125358729,1.3546028378515345,5.025921054454402e-05,-4.5317934313181455e-05,-3.563375149863337e-05,-3.5641794968288565e-05,3.868e-09,4.1754695684825e-09,0.0,0.0
2.322853933071527e-09,1.35,1.351737035317703,1.3535892056506313,1.354549987558377,5.108927405007846e-05,-4.626028978191113e-05,-3.663848490259591e-05,-3.66465248413661e-05,3.868e-09,4.171939168899584e-09,0.0,0.0
2.3247723145219497e-09,1.35,1.351764318003641,1.3535521968913202,1.3544951749748482,5.1891705989431935e-05,-4.7187540197904076e-05,-3.763343678901449e-05,-3.764147306650756e-05,3.868e-09,4.168277688319858e-09,0.0,0.0
2.3267102504842057e-09,1.35,1.3517907346265865,1.3535150834769498,1.3544383287963921,5.266866548783028e-05,-4.8099229459908425e-05,-3.861723745448968e-05,-3.86252699349221e-05,3.868e-09,4.164480363598995e-09,0.0,0.0
2.3286699210346194e-09,1.35,1.351816356857062,1.3534778453898038,1.354379371586094,5.342226050181892e-05,-4.899460656619246e-05,-3.958839380888309e-05,-3.959642235051852e-05,3.868e-09,4.16054202195107e-09,0.0,0.0
2.330653641075249e-09,1.35,1.3518412508380484,1.3534404581913533,1.3543182198218005,5.415443641318407e-05,-4.987298248412226e-05,-4.054526378995463e-05,-4.055328824659199e-05,3.868e-09,4.156457084096268e-09,0.0,0.0
2.332653641075249e-09,1.35,1.351865360326285,1.3534030831701005,1.3542551101035463,5.486353900837487e-05,-5.0728992111408915e-05,-4.148132524285273e-05,-4.1489345484091444e-05,3.868e-09,4.152241354916887e-09,0.0,0.0
2.3346536410752493e-09,1.35,1.3518885462430943,1.3533660299814987,1.3541905839304726,5.554547773806151e-05,-5.1554431447609804e-05,-4.2386663580982423e-05,-4.239467951183684e-05,3.868e-09,4.147931006555565e-09,0.0,0.0
2.3366536410752495e-09,1.35,1.3519108697609006,1.3533292963177193,1.3541246900286914,5.6202051791187646e-05,-5.234824430668658e-05,-4.325938127502135e-05,-4.3267392804358096e-05,3.868e-09,4.143529293916581e-09,0.0,0.0
2.3386536410752497e-09,1.35,1.3519323922782867,1.353292876281035,1.3540574799953873,5.683506700842472e-05,-5.310953865215827e-05,-4.4097643451834236e-05,-4.410565049162152e-05,3.868e-09,4.1390396636918625e-09,0.0,0.0
2.34065364107525e-09,1.35,1.3519531652293968,1.3532567606151784,1.3539890081970263,5.744603615872451e-05,-5.383727564274141e-05,-4.4899684912281775e-05,-4.490768737808182e-05,3.868e-09,4.13446574756135e-09,0.0,0.0
2.34265364107525e-09,1.35,1.3519732383113323,1.3532209368329993,1.353919331657019,5.803642092153116e-05,-5.4530645833344535e-05,-4.566381682079442e-05,-4.567181463177583e-05,3.868e-09,4.1298113546888665e-09,0.0,0.0
2.3446536410752503e-09,1.35,1.3519926618886011,1.3531853892786647,1.3538485099332787,5.860770260591314e-05,-5.518873864218584e-05,-4.638843315044386e-05,-4.639642623072149e-05,3.868e-09,4.125080463543007e-09,0.0,0.0
2.3466536410752505e-09,1.35,1.3520115209933836,1.3531500996180168,1.3537766049862194,5.916238215833425e-05,-5.581067251906153e-05,-4.707201666889066e-05,-4.708000494590969e-05,3.868e-09,4.120277213079448e-09,0.0,0.0
2.3486536410752507e-09,1.35,1.352029961597143,1.353115046799122,1.3537036810378624,5.970475285713844e-05,-5.639573965276088e-05,-4.771314451235999e-05,-4.7721127918398665e-05,3.868e-09,4.115405893329208e-09,0.0,0.0
2.350653641075251e-09,1.35,1.3520479640073373,1.353080207208106,1.353629804422543,6.023423550991641e-05,-5.69431751208937e-05,-4.8310493526252285e-05,-4.8318471996822154e-05,3.868e-09,4.110470935425864e-09,0.0,0.0
2.352653641075251e-09,1.35,1.352065241736298,1.3530455549989568,1.3535550434297507,6.074240400875952e-05,-5.7452311508632655e-05,-4.88628451559823e-05,-4.8870818632806845e-05,3.868e-09,4.1054769011073475e-09,0.0,0.0
2.3546536410752513e-09,1.35,1.3520815936472044,1.3530110621456597,1.3534794681397513,6.122334256482981e-05,-5.7922571674494464e-05,-4.9369089938236825e-05,-4.937705836649542e-05,3.868e-09,4.10042847173538e-09,0.0,0.0
2.3566536410752515e-09,1.35,1.352097222276179,1.352976698583511,1.3534031502525299,6.1683008122905e-05,-5.8353440342938445e-05,-4.982823169110112e-05,-4.983619502141323e-05,3.868e-09,4.095330436868986e-09,0.0,0.0
2.3586536410752517e-09,1.35,1.352112464705144,1.3529424324664159,1.3533261629106146,6.213131485716811e-05,-5.8744442825253814e-05,-5.023939128085265e-05,-5.024734946856846e-05,3.868e-09,4.0901876824290435e-09,0.0,0.0
2.360653641075252e-09,1.35,1.3521274370797105,1.3529082303560283,1.353248580516456,6.257167881500852e-05,-5.9095207250505544e-05,-5.060180993243194e-05,-5.060976293758124e-05,3.868e-09,4.085005178499255e-09,0.0,0.0
2.362653641075252e-09,1.35,1.3521421490662997,1.352874057302024,1.3531704785449923,6.300438430292821e-05,-5.9405462699953694e-05,-5.091485217769017e-05,-5.092279996565807e-05,3.868e-09,4.079787966805486e-09,0.0,0.0
2.3646536410752523e-09,1.35,1.3521566138662677,1.3528398770852932,1.3530919333519829,6.342981959610305e-05,-5.9674965599282896e-05,-5.117800840628221e-05,-5.118595094710798e-05,3.868e-09,4.074541147912431e-09,0.0,0.0
2.3666536410752525e-09,1.35,1.3521708169768039,1.352805652454604,1.3530130219787952,6.384755814128201e-05,-5.99035811867779e-05,-5.139089692731682e-05,-5.139883419702507e-05,3.868e-09,4.069269868183523e-09,0.0,0.0
2.3686536410752527e-09,1.35,1.352184736564526,1.3527713452884251,1.3529338219543643,6.425695778017326e-05,-6.009124291561826e-05,-5.155326558433325e-05,-5.156119756355437e-05,3.868e-09,4.063979306551526e-09,0.0,0.0
2.370653641075253e-09,1.35,1.3521983410362313,1.3527369169263812,1.3528544110950522,6.465708930091657e-05,-6.023791147242077e-05,-5.166499286797012e-05,-5.167291954255582e-05,3.868e-09,4.058674661149481e-09,0.0,0.0
2.372653641075253e-09,1.35,1.352211595147638,1.3527023285620419,1.352774867303284,6.504691610699498e-05,-6.034358686732289e-05,-5.172608839513072e-05,-5.1734009755888266e-05,3.868e-09,4.0533611358593624e-09,0.0,0.0
2.3746536410752533e-09,1.35,1.3522244719633334,1.352667541386476,1.3526952683658535,6.542564598038814e-05,-6.040842064405833e-05,-5.173669285990826e-05,-5.1744608903891987e-05,3.868e-09,4.04804392683901e-09,0.0,0.0
2.3766536410752535e-09,1.35,1.3522369355061947,1.3526325158343395,1.3526156917522132,6.579222077042479e-05,-6.0433049728445356e-05,-5.169707810083555e-05,-5.170498882911545e-05,3.868e-09,4.042728209047835e-09,0.0,0.0
2.3786536410752537e-09,1.35,1.3522489682831598,1.352597211078134,1.3525362144122925,6.614612597528186e-05,-6.041813985560197e-05,-5.1607647648896815e-05,-5.1615553068096176e-05,3.868e-09,4.037419122741132e-09,0.0,0.0
2.380653641075254e-09,1.35,1.3522605502263763,1.3525615864209193,1.3524569125740318,6.648677136400494e-05,-6.036389897841464e-05,-5.14689365493391e-05,-5.1476836671282555e-05,3.868e-09,4.032121759945316e-09,0.0,0.0
2.382653641075254e-09,1.35,1.352271673021618,1.3525256035857296,1.3523778615429545,6.681391240052209e-05,-6.027011554875686e-05,-5.1281608888410746e-05,-5.128950372923491e-05,3.868e-09,4.026841151069351e-09,0.0,0.0
2.3846536410752543e-09,1.35,1.3522823253948835,1.3524892272750253,1.352299135506946,6.712721749656952e-05,-6.013697325898475e-05,-5.1046453499305395e-05,-5.105434308139145e-05,3.868e-09,4.02158225186399e-09,0.0,0.0
2.3866536410752545e-09,1.35,1.3522925116280855,1.3524524239692577,1.3522208073475241,6.742681259074707e-05,-5.996510302362868e-05,-5.0764379816881306e-05,-5.077226416672076e-05,3.868e-09,4.016349930814614e-09,0.0,0.0
2.3886536410752547e-09,1.35,1.3523022279990013,1.352415161234369,1.3521429484568268,6.771258820591902e-05,-5.975527062418228e-05,-5.043641459131381e-05,-5.04442937403482e-05,3.868e-09,4.01114895691602e-09,0.0,0.0
2.390653641075255e-09,1.35,1.352311486007475,1.352377408167032,1.3520656285597001,6.798488257278579e-05,-5.9508116974355495e-05,-5.006369854078992e-05,-5.007157252445715e-05,3.868e-09,4.0059839877879665e-09,0.0,0.0
2.392653641075255e-09,1.35,1.3523202900937534,1.3523391357003167,1.3519889155414135,6.824382628686093e-05,-5.9224479912376705e-05,-4.964748238848939e-05,-4.9655351247901436e-05,3.868e-09,4.000859558166418e-09,0.0,0.0
2.3946536410752553e-09,1.35,1.3523286516688313,1.352300316660804,1.3519128752817697,6.84897549656227e-05,-5.890518762302443e-05,-4.9189122509227744e-05,-4.919698628880198e-05,3.868e-09,3.995780068822209e-09,0.0,0.0
2.3966536410752555e-09,1.35,1.3523365803171754,1.3522609261673384,1.3518375714962467,6.872295050515398e-05,-5.855108627998359e-05,-4.869007614134908e-05,-4.869793489081786e-05,3.868e-09,3.9907497759492824e-09,0.0,0.0
2.3986536410752557e-09,1.35,1.352344087844347,1.352220941891364,1.3517630655849222,6.894376012784448e-05,-5.8163071078926116e-05,-4.8151896058391624e-05,-4.81597498311892e-05,3.868e-09,3.9857727810727846e-09,0.0,0.0
2.400653641075256e-09,1.35,1.3523511797314216,1.3521803443028635,1.3516894164899376,6.915234504180356e-05,-5.7742051260199255e-05,-4.757622479603565e-05,-4.758407364890971e-05,3.868e-09,3.980853021527829e-09,0.0,0.0
2.402653641075256e-09,1.35,1.3523578629550044,1.352139116907062,1.3516166805621674,6.934891044130254e-05,-5.72889777073514e-05,-4.6964788457976026e-05,-4.697263245190264e-05,3.868e-09,3.975994261552776e-09,0.0,0.0
2.4046536410752563e-09,1.35,1.3523641466763605,1.3520972466122572,1.3515449114377864,6.953372577530453e-05,-5.680473731210056e-05,-4.6319390043337e-05,-4.6327229243470214e-05,3.868e-09,3.9712000840441316e-09,0.0,0.0
2.4066536410752565e-09,1.35,1.352370034926906,1.3520547239702814,1.3514741599254614,6.970690961487919e-05,-5.6290308098801745e-05,-4.564190230547352e-05,-4.56497367793407e-05,3.868e-09,3.966473883020815e-09,0.0,0.0
2.4086536410752567e-09,1.35,1.3523755277240097,1.352011543290777,1.3514044739047726,6.986846247086786e-05,-5.574665221753087e-05,-4.4934260297315115e-05,-4.494209011607353e-05,3.868e-09,3.961818856838804e-09,0.0,0.0
2.410653641075257e-09,1.35,1.3523806251430637,1.351967702709385,1.3513358982362595,7.001838656069126e-05,-5.5174830744695356e-05,-4.4198453713163895e-05,-4.420627895118656e-05,3.868e-09,3.957238002182132e-09,0.0,0.0
2.412653641075257e-09,1.35,1.352385322146396,1.351923204344302,1.3512684746834123,7.015653371752334e-05,-5.45758294313589e-05,-4.343651901661527e-05,-4.344433975056461e-05,3.868e-09,3.952734108851936e-09,0.0,0.0
2.4146536410752573e-09,1.35,1.3523896134575342,1.3518780544524698,1.3512022418469667,7.02827487509966e-05,-5.395071714481215e-05,-4.265053131896808e-05,-4.2658347628510285e-05,3.868e-09,3.948309755377364e-09,0.0,0.0
2.4166536410752575e-09,1.35,1.3523934886794657,1.3518322633689341,1.3511372351117823,7.039672586663104e-05,-5.330057883568278e-05,-4.1842596144365694e-05,-4.1850408111221427e-05,3.868e-09,3.943967305467052e-09,0.0,0.0
2.4186536410752577e-09,1.35,1.352396937561144,1.35178584552054,1.351073486606401,7.049816356305416e-05,-5.262652913652084e-05,-4.101484117602567e-05,-4.10226488847254e-05,3.868e-09,3.939708905307577e-09,0.0,0.0
2.4206447778395604e-09,1.35,1.3523999321699334,1.35173902904745,1.3510112990849812,7.058624029215171e-05,-5.193286101478711e-05,-4.017318891306326e-05,-4.0180992467941934e-05,3.868e-09,3.935554778876732e-09,0.0,0.0
2.4226148128597006e-09,1.35,1.352402450442437,1.3516921369382036,1.35095105080848,7.066030713049481e-05,-5.122547616867781e-05,-3.932528633175409e-05,-3.933308586190343e-05,3.868e-09,3.931530194006465e-09,0.0,0.0
2.424572597406646e-09,1.35,1.3524044960824504,1.3516449978056948,1.350892459870531,7.072047301324297e-05,-5.0502880384152e-05,-3.846974324340049e-05,-3.847753885910521e-05,3.868e-09,3.9276163193514626e-09,0.0,0.0
2.4265149304683525e-09,1.35,1.3524060591893545,1.3515977277040627,1.350835612607879,7.07664467457167e-05,-4.9767815598129384e-05,-3.761020916919942e-05,-3.7618000988004496e-05,3.868e-09,3.923818922206318e-09,0.0,0.0
2.428449084559113e-09,1.35,1.3524071334654337,1.3515501891550215,1.3507802873338366,7.079804310098498e-05,-4.901898590926021e-05,-3.6745592774487944e-05,-3.6753380897591725e-05,3.868e-09,3.920123193900275e-09,0.0,0.0
2.4303724683469066e-09,1.35,1.352407706108855,1.3515024854716944,1.3507265507855648,7.081488555455567e-05,-4.825880946672427e-05,-3.587905665728005e-05,-3.588684119071317e-05,3.868e-09,3.9165335924757185e-09,0.0,0.0
2.43215219458175e-09,1.35,1.3524077765416267,1.3514579931946133,1.350677972842032,7.081695710665914e-05,-4.754259547113278e-05,-3.507283909614579e-05,-3.5080620384597694e-05,3.868e-09,3.913288585847733e-09,0.0,0.0
2.4323440236424965e-09,1.35,1.3524077567245247,1.3514531766462157,1.3506728091718536,7.081637425072201e-05,-4.7464670571741775e-05,-3.49857242421763e-05,-3.499350518576527e-05,3.868e-09,3.9129436526798165e-09,0.0,0.0
2.4327276817639893e-09,1.35,1.352407701155463,1.3514435365575694,1.3506625075494205,7.081473986655235e-05,-4.7308499142561134e-05,-3.4811437987005594e-05,-3.481921824222134e-05,3.868e-09,3.912255504301289e-09,0.0,0.0
2.4334949980069753e-09,1.35,1.3524075262779118,1.3514242153939526,1.3506420586997718,7.080959640916318e-05,-4.6994609384303954e-05,-3.446256837955438e-05,-3.4470347269e-05,3.868e-09,3.910889521144759e-09,0.0,0.0
2.435029630492947e-09,1.35,1.3524069137492658,1.3513854188819123,1.3506017792115204,7.079158086075593e-05,-4.636098707639153e-05,-3.376405855916949e-05,-3.377183475761214e-05,3.868e-09,3.9081988513295496e-09,0.0,0.0
2.437029630492947e-09,1.35,1.3524055718560244,1.351334577641107,1.350550523071163,7.075211341247417e-05,-4.552454309521243e-05,-3.285337493223891e-05,-3.286114770695292e-05,3.868e-09,3.904774941153682e-09,0.0,0.0
2.4389357980271e-09,1.35,1.352403699786135,1.3512858642875125,1.350502974832301,7.069705253338193e-05,-4.471771791557554e-05,-3.19865682835589e-05,-3.199433788214634e-05,3.868e-09,3.901598718797706e-09,0.0,0.0
2.4408967717579218e-09,1.35,1.3524011482173677,1.3512355317489328,1.3504553836155724,7.062200639316313e-05,-4.387971630202758e-05,-3.109775346258801e-05,-3.1105519882057564e-05,3.868e-09,3.8984196255202236e-09,0.0,0.0
2.4427675491032765e-09,1.35,1.352398101255276,1.3511873496800106,1.3504112279609672,7.053238986105131e-05,-4.307270800456149e-05,-3.0254095432023136e-05,-3.0261858901647898e-05,3.868e-09,3.895470027792587e-09,0.0,0.0
2.4447111719575986e-09,1.35,1.3523942806086806,1.3511371752585832,1.350366634382153,7.042001790236868e-05,-4.222496521446271e-05,-2.938357137795614e-05,-2.939133186918852e-05,3.868e-09,3.892491176727813e-09,0.0,0.0
2.446603520009254e-09,1.35,1.352389899864532,1.351088269734837,1.3503244624104593,7.029117248623373e-05,-4.139065248281815e-05,-2.8543278039643515e-05,-2.8551035713642037e-05,3.868e-09,3.889674089018675e-09,0.0,0.0
2.44856424239087e-09,1.35,1.3523846522584593,1.351037602196885,1.350282050166667,7.013683113114844e-05,-4.05204596438243e-05,-2.768162108899761e-05,-2.7689375929673687e-05,3.868e-09,3.886840951133352e-09,0.0,0.0
2.450495074259211e-09,1.35,1.3523787598502528,1.3509877636202097,1.3502415468840874,6.996352500743264e-05,-3.9661632384826015e-05,-2.6843371516477332e-05,-2.6851123651638886e-05,3.868e-09,3.884135331857037e-09,0.0,0.0
2.452484398538954e-09,1.35,1.3523719166906312,1.3509365233052542,1.3502011095802358,6.976225560679367e-05,-3.877657249735742e-05,-2.5991731053748735e-05,-2.5999480487870485e-05,3.868e-09,3.88143411995975e-09,0.0,0.0
2.4544523316845345e-09,1.35,1.3523643574342907,1.3508859902944232,1.3501623793613877,6.953992453796048e-05,-3.7901787468671707e-05,-2.516248299354643e-05,-2.5170229840609792e-05,3.868e-09,3.878846941340684e-09,0.0,0.0
2.4564523316845347e-09,1.35,1.3523558510688054,1.3508348443768385,1.3501242928959407,6.928973731780419e-05,-3.701464750297742e-05,-2.4334430938493753e-05,-2.434217524105442e-05,3.868e-09,3.876302765448836e-09,0.0,0.0
2.458452331684535e-09,1.35,1.3523464966616667,1.3507839627396974,1.3500874680776807,6.90146076960732e-05,-3.6130303749118605e-05,-2.352234665448387e-05,-2.353008849742544e-05,3.868e-09,3.8738428675890685e-09,0.0,0.0
2.460452331684535e-09,1.35,1.3523362775302639,1.3507333988129946,1.3500518795234686,6.87140450077589e-05,-3.5249606989532985e-05,-2.2727292513025684e-05,-2.27350319785824e-05,3.868e-09,3.871465552167704e-09,0.0,0.0
2.4624523316845353e-09,1.35,1.35232517731554,1.3506832068404424,1.3500175002856283,6.838756810411545e-05,-3.437333592726114e-05,-2.195024004542827e-05,-2.195797721427084e-05,3.868e-09,3.86916901907997e-09,0.0,0.0
2.4644523316845355e-09,1.35,1.3523131806218716,1.350633441671948,1.34998430199314,6.803472417268863e-05,-3.350226040639331e-05,-2.1192067546528114e-05,-2.1199803020843788e-05,3.867474116770192e-09,3.868e-09,0.0,0.0
2.4664523316845357e-09,1.35,1.352300275824625,1.3505841582551865,1.3499522549964744,6.765517131249177e-05,-3.263722351434995e-05,-2.045355824351145e-05,-2.0461292644213813e-05,3.866400542381889e-09,3.868e-09,0.0,0.0
2.468452331684536e-09,1.35,1.3522864604125866,1.350535411261622,1.349921328515601,6.72488356643075e-05,-3.1778989657563744e-05,-1.9735399126685695e-05,-1.974313249131221e-05,3.865364505272635e-09,3.868e-09,0.0,0.0
2.470452331684536e-09,1.35,1.352271730543229,1.3504872545407856,1.3498914907884314,6.681560421261529e-05,-3.092848018950444e-05,-1.9038180464598102e-05,-1.9045912829751543e-05,3.864364941412446e-09,3.868e-09,0.0,0.0
2.4724523316845363e-09,1.35,1.3522560727169697,1.350439740523772,1.349862709218925,6.63550799108667e-05,-3.008656285879681e-05,-1.8362396127981503e-05,-1.8370127528921643e-05,3.863400758833989e-09,3.868e-09,0.0,0.0
2.4744523316845365e-09,1.35,1.3522394674747866,1.350392919803445,1.3498349505245788,6.586669043489451e-05,-2.9254175922147673e-05,-1.770844465052014e-05,-1.7716175121584854e-05,3.862470842573394e-09,3.868e-09,0.0,0.0
2.4764523316845367e-09,1.35,1.35222190567734,1.3503468407454844,1.349808180881807,6.535016698058088e-05,-2.8432191442592513e-05,-1.7076630907636773e-05,-1.7084360481867122e-05,3.861574059540528e-09,3.868e-09,0.0,0.0
2.478452331684537e-09,1.35,1.352203387422266,1.3503015490770156,1.349782366068271,6.480551241958704e-05,-2.7621567099285163e-05,-1.6467168405124525e-05,-1.6474897114537868e-05,3.860709263287083e-09,3.868e-09,0.0,0.0
2.480452331684537e-09,1.35,1.3521839151169306,1.3502570876116713,1.349757471601272,6.423279755677497e-05,-2.682313169096155e-05,-1.5880182109096158e-05,-1.5887909984524384e-05,3.859875298642608e-09,3.868e-09,0.0,0.0
2.4824523316845373e-09,1.35,1.3521634895101298,1.3502134960063268,1.3497334628714466,6.363204441557635e-05,-2.6037789991985824e-05,-1.5315711717468175e-05,-1.5323438788517052e-05,3.859071006193453e-09,3.868e-09,0.0,0.0
2.4844523316845375e-09,1.35,1.35214211614377,1.350170810545853,1.3497103052711257,6.300341599322495e-05,-2.5266310914497983e-05,-1.4773715333413207e-05,-1.4781441628919367e-05,3.858295226582715e-09,3.868e-09,0.0,0.0
2.4864523316845377e-09,1.35,1.3521198009278725,1.350129064098991,1.3496879643168194,6.234708611389111e-05,-2.4509461931472374e-05,-1.4254073422238236e-05,-1.4261798969128492e-05,3.857546804613446e-09,3.868e-09,0.0,0.0
2.488452331684538e-09,1.35,1.3520965511735958,1.3500882859981391,1.349666405765446,6.166326981163484e-05,-2.376792060520971e-05,-1.3756592991225427e-05,-1.376431781596743e-05,3.856824593142434e-09,3.868e-09,0.0,0.0
2.490452331684538e-09,1.35,1.3520723762116889,1.3500485020426345,1.3496455957239826,6.095224152025819e-05,-2.3042310230147968e-05,-1.3281011958389544e-05,-1.3288736086192188e-05,3.8561274567534136e-09,3.868e-09,0.0,0.0
2.4924523316845383e-09,1.35,1.3520472868075448,1.350009734594462,1.3496255007523505,6.0214317868963196e-05,-2.233312705110522e-05,-1.2827003581172337e-05,-1.28347270356155e-05,3.8554542752037405e-09,3.868e-09,0.0,0.0
2.4944523316845385e-09,1.35,1.352021295667987,1.3499720026780098,1.3496060879594864,5.944987258784534e-05,-2.16408198900004e-05,-1.2394180883182446e-05,-1.2401903687120353e-05,3.854803946642795e-09,3.868e-09,0.0,0.0
2.4964523316845387e-09,1.35,1.3519944157346622,1.3499353219475003,1.3495873250925585,5.865928631358652e-05,-2.0965785199880477e-05,-1.1982101143377644e-05,-1.1989823319069615e-05,3.854175390600709e-09,3.868e-09,0.0,0.0
2.498452331684539e-09,1.35,1.3519666632918717,1.3498997048118984,1.3495691806192414,5.784303799621915e-05,-2.0308302763539126e-05,-1.159027042575277e-05,-1.1597991993461676e-05,3.853567550744581e-09,3.868e-09,0.0,0.0
2.500452331684539e-09,1.35,1.3519380558913752,1.3498651606619219,1.3495516238031116,5.700164386397005e-05,-1.9668558196618826e-05,-1.121814799587967e-05,-1.1225868975506259e-05,3.852979397404233e-09,3.868e-09,0.0,0.0
2.5024523316845393e-09,1.35,1.3519086144867174,1.349831695998549,1.349534624772342,5.6135720197567074e-05,-1.9046678110346822e-05,-1.0865150614748848e-05,-1.0872871024858455e-05,3.852409929873459e-09,3.868e-09,0.0,0.0
2.504421498754846e-09,1.35,1.3518788325829183,1.3497998055703584,1.3495184046910382,5.525978185053071e-05,-1.845186309503731e-05,-1.0535677958960665e-05,-1.0543397825468759e-05,3.851866557149775e-09,3.868e-09,0.0,0.0
2.506316262964581e-09,1.35,1.3518494536598258,1.3497701125813215,1.3495032566880873,5.439569587722265e-05,-1.78958706904879e-05,-1.0235008851026831e-05,-1.0242728210041463e-05,3.8513590990509256e-09,3.868e-09,0.0,0.0
2.508170176791622e-09,1.35,1.3518200443097839,1.3497420010445753,1.3494888487643701,5.353071499363676e-05,-1.7367282902994693e-05,-9.955778854428944e-06,-9.96349773085825e-06,3.850876433606402e-09,3.868e-09,0.0,0.0
2.5099712923852224e-09,1.35,1.3517908665831464,1.3497155793616669,1.3494752230854672,5.2672546563124756e-05,-1.686822858890676e-05,-9.698129488800041e-06,-9.705847908714205e-06,3.850419973363149e-09,3.868e-09,0.0,0.0
2.5117445408482425e-09,1.35,1.3517615779391208,1.3496904190365173,1.3494621483594733,5.18111158564899e-05,-1.6390662895463494e-05,-9.457062643768903e-06,-9.464780625911828e-06,3.8499819700423494e-09,3.868e-09,0.0,0.0
2.5134792909811006e-09,1.35,1.3517324067760508,1.3496666189561315,1.3494496679546886,5.095314047207783e-05,-1.5936503113030506e-05,-9.232819553415443e-06,-9.240537117483072e-06,3.849563876482067e-09,3.868e-09,0.0,0.0
2.5151929318670475e-09,1.35,1.3517031092692424,1.349643893506859,1.3494376261199583,5.009144909536023e-05,-1.5500315267281337e-05,-9.022067441947232e-06,-9.029784602931912e-06,3.849160475018606e-09,3.868e-09,0.0,0.0
2.5168773671620953e-09,1.35,1.3516738671210469,1.349622309731906,1.3494260538175362,4.9231385913138526e-05,-1.5083383192259092e-05,-8.824856642038496e-06,-8.832573414885303e-06,3.84877280288746e-09,3.868e-09,0.0,0.0
2.518545457057491e-09,1.35,1.3516444973504054,1.3496016658223862,1.3494148396948595,4.836756912956347e-05,-1.4681811862912068e-05,-8.638815504005844e-06,-8.64653190157938e-06,3.848397129777789e-09,3.868e-09,0.0,0.0
2.52019117365493e-09,1.35,1.3516151425404146,1.3495820040689253,1.3494040044909505,4.7504192365127595e-05,-1.4296394814511832e-05,-8.463845304421515e-06,-8.471561338652123e-06,3.848034150446842e-09,3.868e-09,0.0,0.0
2.5218242018576913e-09,1.35,1.3515856655612428,1.3495631788803313,1.3493934667615666,4.663722238949092e-05,-1.392426503398752e-05,-8.298201991650735e-06,-8.30591767297939e-06,3.8476811365124785e-09,3.868e-09,0.0,0.0
2.5234400936446404e-09,1.35,1.3515561790569657,1.3495452151051643,1.3493832398305772,4.5769972263694225e-05,-1.3565866786046098e-05,-8.141689546010706e-06,-8.149404884472133e-06,3.847338534324334e-09,3.868e-09,0.0,0.0
2.52365074808825e-09,1.35,1.3515523116777568,1.3495429215942085,1.3493819208963616,4.565622581637063e-05,-1.3519858162649822e-05,-8.121809909540501e-06,-8.129525203903754e-06,3.847294350028109e-09,3.868e-09,0.0,0.0
2.5236883817107954e-09,1.35,1.3515516201727782,1.3495425131986019,1.349381685657623,4.56358874346488e-05,-1.351165761772036e-05,-8.1182725886342e-06,-8.125987875029494e-06,3.847286469530367e-09,3.868e-09,0.0,0.0
2.5237636489558866e-09,1.35,1.351550236641889,1.3495416971135343,1.3493812153847347,4.559519534966944e-05,-1.3495264854610344e-05,-8.111205379882522e-06,-8.11892065044617e-06,3.8472707153886166e-09,3.868e-09,0.0,0.0
2.5239141834460694e-09,1.35,1.3515474678548565,1.3495400691776864,1.349380276063914,4.551376043694655e-05,-1.3462540882628255e-05,-8.097115431943464e-06,-8.10483067148482e-06,3.847239248141116e-09,3.868e-09,0.0,0.0
2.5242152524264346e-09,1.35,1.351541924868331,1.349536830216965,1.3493784022965034,4.5350731421492374e-05,-1.3397338852967953e-05,-8.069112126444855e-06,-8.076827303193923e-06,3.847176476932857e-09,3.868e-09,0.0,0.0
2.524817390387165e-09,1.35,1.351530809013906,1.3495304197259155,1.3493746740565091,4.502379452664407e-05,-1.3267913979777833e-05,-8.013801577516378e-06,-8.02151662915307e-06,3.847051580893059e-09,3.868e-09,0.0,0.0
2.5260216663086256e-09,1.35,1.3515084649396383,1.349517866738979,1.349367293181929,4.436661587171181e-05,-1.3012908012028946e-05,-7.905882412484445e-06,-7.913597216857582e-06,3.846804321594619e-09,3.868e-09,0.0,0.0
2.5275263755529065e-09,1.35,1.3514803500588464,1.3495026796846268,1.3493582086738065,4.3539707613123035e-05,-1.2701319952928364e-05,-7.775887731587472e-06,-7.783602231636877e-06,3.846499990572524e-09,3.868e-09,0.0,0.0
2.529189012665476e-09,1.35,1.3514490528998493,1.3494865331269228,1.3493483419134662,4.2619202936737544e-05,-1.2365847530180534e-05,-7.638134013103156e-06,-7.64584818280234e-06,3.846169454101111e-09,3.868e-09,0.0,0.0
2.530736515228045e-09,1.35,1.3514197343585463,1.3494720945587917,1.3493393136316139,4.175689289841883e-05,-1.2061636809351472e-05,-7.515093165756832e-06,-7.522807032867007e-06,3.845867006659069e-09,3.868e-09,0.0,0.0
2.53234045678596e-09,1.35,1.351389186073488,1.3494577198930737,1.349330107659986,4.085841392610645e-05,-1.1754193062661921e-05,-7.392421030390402e-06,-7.400134589108376e-06,3.8455586066095255e-09,3.868e-09,0.0,0.0
2.5338722136150466e-09,1.35,1.3513598662032449,1.3494445443076915,1.349321454783566,3.9996064801317566e-05,-1.1467756882782686e-05,-7.279521746029853e-06,-7.287235014752369e-06,3.845268735249452e-09,3.868e-09,0.0,0.0
2.5354585384882004e-09,1.35,1.3513293464672698,1.349431458164692,1.3493126314343244,3.90984255079288e-05,-1.1178211635262973e-05,-7.16659668972277e-06,-7.174309663016132e-06,3.844973153049874e-09,3.868e-09,0.0,0.0
2.536992596541826e-09,1.35,1.3512996877355499,1.3494193346423202,1.3493042277872322,3.822610986910918e-05,-1.0904785634930461e-05,-7.0609082743765305e-06,-7.068620966110828e-06,3.844691630872273e-09,3.868e-09,0.0,0.0
2.538569471392136e-09,1.35,1.351269081727931,1.349407407290431,1.3492957176119607,3.7325933174431336e-05,-1.0630163715110125e-05,-6.9555066938598335e-06,-6.963219100875051e-06,3.844406540000684e-09,3.868e-09,0.0,0.0
2.5401073818573854e-09,1.35,1.3512391717611019,1.3493962869152427,1.3492875392056145,3.644622826769889e-05,-1.0368320009819748e-05,-6.855528095025447e-06,-6.863240227694689e-06,3.844132563388083e-09,3.868e-09,0.0,0.0
2.541679981994392e-09,1.35,1.351208586293736,1.3493854284781657,1.3492792971039118,3.5546655698111274e-05,-1.0106366692363404e-05,-6.755820495611014e-06,-6.763532352405122e-06,3.843856452981042e-09,3.868e-09,0.0,0.0
2.5432244435286542e-09,1.35,1.3511785658331144,1.3493752589238543,1.3492713185971208,3.4663700973949774e-05,-9.854527793119296e-06,-6.66005052307793e-06,-6.667762112666509e-06,3.843589173003544e-09,3.868e-09,0.0,0.0
2.544797823120188e-09,1.35,1.3511480232567097,1.3493653923152684,1.3492633065752,3.376538990321892e-05,-9.603205103038312e-06,-6.564343014086129e-06,-6.572054335185484e-06,3.843320770269196e-09,3.868e-09,0.0,0.0
2.5463518030635082e-09,1.35,1.351117916185864,1.3493561256576647,1.3492555061360734,3.287988781952578e-05,-9.359866746472335e-06,-6.4713308031398445e-06,-6.4790418623505985e-06,3.843059455558452e-09,3.868e-09,0.0,0.0
2.5479308229451714e-09,1.35,1.3510874063053009,1.349347185655138,1.34924769315273,3.198253839119952e-05,-9.117270953321614e-06,-6.3780357618392625e-06,-6.385746559978145e-06,3.842797720616458e-09,3.868e-09,0.0,0.0
2.549497618238564e-09,1.35,1.3510572361087418,1.3493387782895616,1.3492400521223185,3.1095179668871875e-05,-8.88089287110256e-06,-6.2863608384730206e-06,-6.2940713803083526e-06,3.842541746097662e-09,3.868e-09,0.0,0.0
2.551086906129383e-09,1.35,1.3510267528403244,1.3493307106268002,1.3492324139128196,3.0198612950713133e-05,-8.64525422098726e-06,-6.193968670019888e-06,-6.201678956152534e-06,3.84228586607946e-09,3.868e-09,0.0,0.0
2.552669999564024e-09,1.35,1.3509965280580212,1.3493231241660468,1.3492249175871416,2.930964876532438e-05,-8.414368635614384e-06,-6.1022322533497075e-06,-6.109942288112791e-06,3.842034739169237e-09,3.868e-09,0.0,0.0
2.5542742933419073e-09,1.35,1.3509660602339353,1.3493158824794436,1.3492174348420318,2.8413536292209995e-05,-8.183985241326047e-06,-6.009264800669635e-06,-6.016974584577284e-06,3.841784067208067e-09,3.868e-09,0.0,0.0
2.555877732756163e-09,1.35,1.3509357916534497,1.349309082054986,1.349210070901962,2.7523283924982267e-05,-7.95703132169936e-06,-5.916050282813194e-06,-5.923759820447572e-06,3.841537375215734e-09,3.868e-09,0.0,0.0
2.557501998457379e-09,1.35,1.350905339108193,1.3493026272262727,1.3492027289089368,2.6627620829201837e-05,-7.730203416682472e-06,-5.821030403318139e-06,-5.828739694901941e-06,3.841291418449375e-09,3.868e-09,0.0,0.0
2.55913023254721e-09,1.35,1.3508750404613243,1.3492965828511063,1.3491954886888178,2.5736484156595185e-05,-7.505674957548193e-06,-5.724893956919478e-06,-5.732603006070036e-06,3.841048871075398e-09,3.868e-09,0.0,0.0
2.5607800087977684e-09,1.35,1.3508445959725957,1.349290881161238,1.34918827623924,2.4841058017512074e-05,-7.280822671427027e-06,-5.626301626049444e-06,-5.634010433297476e-06,3.840807254014536e-09,3.868e-09,0.0,0.0
2.562438890477606e-09,1.35,1.3508142654333932,1.3492855641387729,1.3491811510809488,2.394898333508977e-05,-7.0571235327771315e-06,-5.525690815184068e-06,-5.533399383805815e-06,3.84056856121178e-09,3.868e-09,0.0,0.0
2.564121406434726e-09,1.35,1.3507838143834023,1.3492805844624345,1.3491740567036723,2.305336421771359e-05,-6.832337616237776e-06,-5.421867608355305e-06,-5.429575939297493e-06,3.840330899573024e-09,3.868e-09,0.0,0.0
2.5658328463057734e-09,1.35,1.3507531873475742,1.349275932619249,1.3491669796102383,2.2152569046293702e-05,-6.605464762579663e-06,-5.314155873732186e-06,-5.32186396751122e-06,3.840093816942982e-09,3.868e-09,0.0,0.0
2.5675786118848524e-09,1.35,1.350722330735797,1.3492716032575323,1.349159908316094,2.1245021641080886e-05,-6.375566571817279e-06,-5.201833419321653e-06,-5.2095412768071725e-06,3.839856928589144e-09,3.868e-09,0.0,0.0
2.5693596927683013e-09,1.35,1.3506912747410253,1.3492676045709675,1.3491528513484792,2.0331610030149827e-05,-6.142311889495807e-06,-5.084425758277301e-06,-5.092133378736818e-06,3.839620520174048e-09,3.868e-09,0.0,0.0
2.5711819196492002e-09,1.35,1.3506599714686993,1.3492639353500129,1.3491458000697634,1.9410925549974423e-05,-5.904728401361384e-06,-4.961104365177791e-06,-4.968811749384017e-06,3.83938430233707e-09,3.868e-09,0.0,0.0
2.5730492037881593e-09,1.35,1.3506284142489406,1.349260601708747,1.3491387563614943,1.848277202766424e-05,-5.662069149925301e-06,-4.831116221721112e-06,-4.838823369990308e-06,3.839148338110055e-09,3.868e-09,0.0,0.0
2.5749697132123634e-09,1.35,1.35059653444571,1.3492576057619523,1.349131709659489,1.7545130756170535e-05,-5.413009790319816e-06,-4.693347513708623e-06,-4.701054425959583e-06,3.838912273592877e-09,3.868e-09,0.0,0.0
2.5769506118251938e-09,1.35,1.3505642922149876,1.3492549565678944,1.3491246580975793,1.6596829852569273e-05,-5.1563484627088504e-06,-4.546665119755625e-06,-4.554371796361423e-06,3.8386760462689115e-09,3.868e-09,0.0,0.0
2.578950611825194e-09,1.35,1.3505324252414646,1.3492527167455455,1.349117769104422,1.5659565925425778e-05,-4.897121227538896e-06,-4.393612863125697e-06,-4.401319308566798e-06,3.838445264998133e-09,3.868e-09,0.0,0.0
2.580950611825194e-09,1.35,1.3505012718566616,1.3492508945535309,1.3491111195683223,1.474328990180851e-05,-4.637492465124974e-06,-4.235371398263708e-06,-4.243077621035596e-06,3.838222505538799e-09,3.868e-09,0.0,0.0
2.5829506118251944e-09,1.35,1.3504708533160046,1.3492494709377312,1.3491047176114046,1.3848626941308229e-05,-4.377176349505119e-06,-4.071760363682413e-06,-4.079466372042262e-06,3.838008039982053e-09,3.868e-09,0.0,0.0
2.5849506118251946e-09,1.35,1.350441187352314,1.3492484272829446,1.3490985716097381,1.2976098597468344e-05,-4.115910435411638e-06,-3.902629992187504e-06,-3.91033579472122e-06,3.83780214892622e-09,3.868e-09,0.0,0.0
2.5869506118251948e-09,1.35,1.3504122895517496,1.34924774544365,1.3490926901464828,1.2126163286746428e-05,-3.853454518582872e-06,-3.72786083235909e-06,-3.7355664375127162e-06,3.837605119907176e-09,3.868e-09,0.0,0.0
2.588950611825195e-09,1.35,1.3503841725934778,1.3492474077777834,1.3490870819655314,1.1299193925812245e-05,-3.589589631022929e-06,-3.547363381644123e-06,-3.5550687993435304e-06,3.837417245845298e-09,3.868e-09,0.0,0.0
2.590950611825195e-09,1.35,1.3503568455307422,1.3492473971474341,1.3490817559257722,1.0495456786531465e-05,-3.324134682826099e-06,-3.3610776486597566e-06,-3.368782887758215e-06,3.837238823513363e-09,3.868e-09,0.0,0.0
2.5929506118251954e-09,1.35,1.3503303146440264,1.3492476969063907,1.349076720956057,9.715136589004414e-06,-3.056935435855144e-06,-3.168972671489692e-06,-3.1766777417452374e-06,3.837070152027908e-09,3.868e-09,0.0,0.0
2.5949506118251956e-09,1.35,1.3503045836449392,1.3492482908971513,1.3490719860109428,8.958342498206762e-06,-2.787869822574072e-06,-2.971045994914199e-06,-2.9787509066014906e-06,3.836911531366583e-09,3.868e-09,0.0,0.0
2.5969506118251958e-09,1.35,1.3502796534023567,1.349249163462331,1.3490675600272781,8.2251000693076e-06,-2.516834372260593e-06,-2.767323094112861e-06,-2.7750278575044973e-06,3.8367632609138124e-09,3.868e-09,0.0,0.0
2.598950611825196e-09,1.35,1.3502555224747161,1.349250299433942,1.3490634518817137,7.515366903410037e-06,-2.2437675813788055e-06,-2.5578567502255968e-06,-2.5655613762332052e-06,3.836625638037407e-09,3.868e-09,0.0,0.0
2.600950611825196e-09,1.35,1.3502321868644633,1.349251684092373,1.3490596703491877,6.829025425383883e-06,-1.9686403369555106e-06,-2.3427264083372484e-06,-2.3504309074606766e-06,3.836498956697782e-09,3.868e-09,0.0,0.0
2.6029506118251964e-09,1.35,1.350209640518413,1.3492533031553264,1.3490562240624104,6.165897600378389e-06,-1.691449302583618e-06,-2.122037519203474e-06,-2.1297419030563702e-06,3.836383506090753e-09,3.868e-09,0.0,0.0
2.6049506118251966e-09,1.35,1.350187875503872,1.3492551427949806,1.3490531214723984,5.5257501138800125e-06,-1.4122081416879898e-06,-1.895920833193572e-06,-1.9036251128756732e-06,3.836279569325342e-09,3.868e-09,0.0,0.0
2.6069506118251968e-09,1.35,1.350166881367264,1.3492571895915992,1.3490503708101154,4.908275507760351e-06,-1.1309864396980827e-06,-1.6645316675526108e-06,-1.672235855121329e-06,3.836187422138859e-09,3.868e-09,0.0,0.0
2.608950611825197e-09,1.35,1.3501466466642742,1.3492594305139367,1.3490479800492448,4.313137184533411e-06,-8.47855995016585e-07,-1.4280491689161586e-06,-1.4357532764908143e-06,3.836107331649695e-09,3.868e-09,0.0,0.0
2.610950611825197e-09,1.35,1.3501271584620074,1.349261852945258,1.3490459568701314,3.739954764915565e-06,-5.629203387916652e-07,-1.1866755316907243e-06,-1.1943795714675076e-06,3.836039555149395e-09,3.868e-09,0.0,0.0
2.6129506118251974e-09,1.35,1.350108402135495,1.3492644446483175,1.3490443086249484,3.188298102786702e-06,-2.763139547665502e-07,-9.406351823523004e-07,-9.483391669729002e-07,3.835984338935771e-09,3.868e-09,0.0,0.0
2.6149506118251976e-09,1.35,1.3500903618812026,1.3492671937336302,1.3490430423041235,2.657702388303429e-06,1.1800209076350931e-08,-6.901739635333795e-07,-6.978779056865392e-07,3.83594191718814e-09,3.868e-09,0.0,0.0
2.6169506118251978e-09,1.35,1.3500730205918463,1.3492700886986695,1.3490421645040498,2.147664466059518e-06,3.012651742331291e-07,-4.3555827762878883e-07,-4.4326219028612e-07,3.835912510885666e-09,3.868e-09,0.0,0.0
2.618950611825198e-09,1.35,1.350056360295135,1.3492731182924447,1.349041681396099,1.6576557392566915e-06,5.918104045550031e-07,-1.7707424967343486e-07,-1.847781461172815e-07,3.835896326769312e-09,3.868e-09,0.0,0.0
2.620940732266434e-09,1.35,1.3500404396065064,1.3492762556005449,1.3490415981084658,1.1894001913578811e-06,8.817686319273983e-07,8.367061160542352e-08,7.596671758314244e-08,3.835893536633605e-09,3.868e-09,0.0,0.0
2.6228737290889548e-09,1.35,1.3500255857218644,1.3492794098190815,1.3490419016420274,7.525212313008733e-07,1.1638962463964903e-06,3.4000855565264644e-07,3.3230465157352285e-07,3.835903705007923e-09,3.868e-09,0.0,0.0
2.624782824699309e-09,1.35,1.3500114877130454,1.3492826188683507,1.349042577498753,3.378739130907582e-07,1.4428026823217946e-06,5.958495012344835e-07,5.881455749090492e-07,3.835926346208218e-09,3.868e-09,0.0,0.0
2.6266484310546677e-09,1.35,1.3499982429644957,1.3492858369087393,1.3490436025579642,-5.1677514836812044e-08,1.7157581431564646e-06,8.481308944280168e-07,8.404269338235792e-07,3.835960685691795e-09,3.868e-09,0.0,0.0
2.6284979924491024e-09,1.35,1.3499856150498513,1.3492891012472485,1.3490449775513287,-4.230867690843687e-07,1.9868673710413643e-06,1.10015843589491e-06,1.0924544291412985e-06,3.83600674796951e-09,3.868e-09,0.0,0.0
2.6303185828297873e-09,1.35,1.3499736565059344,1.3492923812429143,1.349046682295783,-7.74808648996983e-07,2.2539015250108933e-06,1.349809121059314e-06,1.3421050570894266e-06,3.836063856908722e-09,3.868e-09,0.0,0.0
2.632130589823853e-09,1.35,1.3499622035009198,1.3492957057196966,1.3490487270325047,-1.1116617376558113e-06,2.5191292561024092e-06,1.5995366895523062e-06,1.591832557323869e-06,3.836132355588909e-09,3.868e-09,0.0,0.0
2.633920385622632e-09,1.35,1.3499513148595113,1.349299041211739,1.3490510890591374,-1.4319158967296408e-06,2.779981475483731e-06,1.8471397630921834e-06,1.8394355516537786e-06,3.836211483481099e-09,3.868e-09,0.0,0.0
2.635699301950567e-09,1.35,1.349940894950973,1.3493024003935268,1.3490537749476723,-1.738383794913645e-06,3.0380253534397214e-06,2.093866644318587e-06,2.0861623426515763e-06,3.836301460747021e-09,3.868e-09,0.0,0.0
2.637456987345844e-09,1.35,1.34993097867937,1.349305756296211,1.3490567606004822,-2.030038842061599e-06,3.29163310376242e-06,2.3379736496234246e-06,2.330269247563521e-06,3.836401480116149e-09,3.868e-09,0.0,0.0
2.639205150701601e-09,1.35,1.3499214752324165,1.349309124655474,1.349060057469681,-2.309551987753067e-06,3.54236572343427e-06,2.580787052839425e-06,2.5730825403691426e-06,3.836511925234307e-09,3.868e-09,0.0,0.0
2.640937928255214e-09,1.35,1.3499123944214633,1.349312488425472,1.3490636473721493,-2.5766346628472436e-06,3.7892357210968798e-06,2.8212029593002643e-06,2.813498326759145e-06,3.836632186966997e-09,3.868e-09,0.0,0.0
2.6426645227434693e-09,1.35,1.349903667767031,1.3493158604799655,1.3490675428401113,-2.83330096968043e-06,4.0334723533639815e-06,3.060214215987872e-06,3.0525094529831875e-06,3.836762685143729e-09,3.868e-09,0.0,0.0
2.6443805857717504e-09,1.35,1.349895298987985,1.349319228132783,1.3490717285453029,-3.0794415298573963e-06,4.274336929072574e-06,3.296940081497419e-06,3.289235178449701e-06,3.836902906267647e-09,3.868e-09,0.0,0.0
2.6460935439934315e-09,1.35,1.3498872348734308,1.3493226023593656,1.3490762175884905,-3.3166213696880775e-06,4.512736761600958e-06,3.5321283404627073e-06,3.524423286993539e-06,3.837053289214434e-09,3.868e-09,0.0,0.0
2.647800326896426e-09,1.35,1.3498794742852742,1.3493259740469077,1.3490809977620322,-3.5448739625285053e-06,4.748084037092466e-06,3.7650816140808114e-06,3.7573764002374332e-06,3.837213425028072e-09,3.868e-09,0.0,0.0
2.6495067327313467e-09,1.35,1.3498719767591991,1.3493293519932383,1.3490860815293997,-3.76538943532706e-06,4.981002797344675e-06,3.996314660497996e-06,3.988609276417421e-06,3.837383731234891e-09,3.868e-09,0.0,0.0
2.6512104725364966e-09,1.35,1.3498647401193902,1.3493327294595985,1.3490914588875973,-3.978231782650332e-06,5.21104006606533e-06,4.2252386059035436e-06,4.217533041694921e-06,3.837563872734508e-09,3.868e-09,0.0,0.0
2.6529162653055156e-09,1.35,1.3498577322906695,1.349336113981887,1.3490971418234743,-4.1843443920747125e-06,5.438633963144154e-06,4.452205727016969e-06,4.444499972722227e-06,3.8377542510863855e-09,3.868e-09,0.0,0.0
2.6546226914979913e-09,1.35,1.349850947135516,1.3493395012037224,1.3491031231979456,-4.383907778945928e-06,5.663382143124433e-06,4.6767402755689335e-06,4.669034320725629e-06,3.837954627131173e-09,3.868e-09,0.0,0.0
2.6563335839281483e-09,1.35,1.3498443569382435,1.3493428974416781,1.3491094142692928,-4.577737110489366e-06,5.885569832145765e-06,4.89905402562918e-06,4.891347860302986e-06,3.838165378021302e-09,3.868e-09,0.0,0.0
2.6580479606853422e-09,1.35,1.3498379537980334,1.3493462996788483,1.349116009582885,-4.7660647637254305e-06,6.104829548205477e-06,5.118719598471116e-06,5.111013211989146e-06,3.83838632102664e-09,3.868e-09,0.0,0.0
2.659769047053384e-09,1.35,1.3498317161031035,1.3493497134804002,1.3491229198435262,-4.949526379312286e-06,6.321347265263092e-06,5.335842770997604e-06,5.328136152948915e-06,3.838617814758126e-09,3.868e-09,0.0,0.0
2.661496419107229e-09,1.35,1.3498256367581227,1.3493531374264656,1.3491301419076946,-5.128330643457135e-06,6.5348257792708855e-06,5.550052717347956e-06,5.542345857811881e-06,3.838859753907766e-09,3.868e-09,0.0,0.0
2.6632330499542526e-09,1.35,1.3498196970463354,1.3493565770640923,1.3491376869198521,-5.303028048964098e-06,6.745371235042555e-06,5.76138979356002e-06,5.753682680964545e-06,3.839112511815041e-09,3.868e-09,0.0,0.0
2.6650007175133736e-09,1.35,1.349813817446063,1.3493600753583372,1.3491456536986632,-5.475957468741022e-06,6.955268888277972e-06,5.972079262315383e-06,5.964371882605235e-06,3.8393793989052205e-09,3.868e-09,0.0,0.0
2.666800075603018e-09,1.35,1.3498079934490037,1.3493636336371524,1.3491540541640805,-5.647251499894812e-06,7.164142112153625e-06,6.1816701154004125e-06,6.173962454392168e-06,3.839660814496695e-09,3.868e-09,0.0,0.0
2.668636436404468e-09,1.35,1.349802205918917,1.349367262745222,1.349162922693732,-5.817472973033977e-06,7.372118481214334e-06,6.390197958667685e-06,6.382490000733654e-06,3.839957910240018e-09,3.868e-09,0.0,0.0
2.6705075678380554e-09,1.35,1.3497964593592116,1.3493709589926774,1.349172257885966,-5.986489434957332e-06,7.578416294990331e-06,6.596781556260996e-06,6.58907328565661e-06,3.840270639179863e-09,3.868e-09,0.0,0.0
2.672418901770347e-09,1.35,1.3497907341366129,1.3493747342915665,1.349182095895606,-6.154878334919955e-06,7.783074678487583e-06,6.801343920174855e-06,6.793635319635172e-06,3.840600212502798e-09,3.868e-09,0.0,0.0
2.674370280839419e-09,1.35,1.3497850278677932,1.349378590084996,1.3491924450021195,-6.3227097707938e-06,7.985476686618979e-06,7.003130485198818e-06,6.995421538480429e-06,3.840946907570998e-09,3.868e-09,0.0,0.0
2.676367639893332e-09,1.35,1.3497793203053026,1.3493825405803523,1.3492033457122188,-6.49057925581481e-06,8.185593997027787e-06,7.20194796666033e-06,7.194238654362195e-06,3.841312081359329e-09,3.868e-09,0.0,0.0
2.678367639893332e-09,1.35,1.3497737279655624,1.3493865031420456,1.3492145606364272,-6.655059836407906e-06,8.378619635703162e-06,7.392872504489501e-06,7.385162816619939e-06,3.841687781320315e-09,3.868e-09,0.0,0.0
2.6803676398933323e-09,1.35,1.349768246878564,1.3493904760161228,1.3492260627715889,-6.8162682775388395e-06,8.564094252228284e-06,7.575322966930985e-06,7.567612893222275e-06,3.842073102848225e-09,3.868e-09,0.0,0.0
2.6823676398933325e-09,1.35,1.3497628663964627,1.3493944631742667,1.3492378388545088,-6.974517751098808e-06,8.741851682572926e-06,7.749005370376381e-06,7.741294902663398e-06,3.842467601626038e-09,3.868e-09,0.0,0.0
2.6843676398933327e-09,1.35,1.3497575766342176,1.3493984690953056,1.3492498751852167,-7.130098993606004e-06,8.911742332956498e-06,7.913645888837331e-06,7.905935017760157e-06,3.842870818704759e-09,3.868e-09,0.0,0.0
2.686367639893333e-09,1.35,1.3497523685447892,1.3494024987443924,1.3492621576587571,-7.2832780944401265e-06,9.073631019489724e-06,8.068991867276427e-06,8.061280584836794e-06,3.843282281568364e-09,3.868e-09,0.0,0.0
2.688367639893333e-09,1.35,1.3497472336783014,1.3494065575497034,1.349274671798492,-7.434303579377521e-06,9.22739986001345e-06,8.21481277267738e-06,8.207101070967227e-06,3.843701505249487e-09,3.868e-09,0.0,0.0
2.6903676398933333e-09,1.35,1.349742164598759,1.3494106513734467,1.3492874027908146,-7.583394154152268e-06,9.372944389542333e-06,8.350901076676991e-06,8.34318894837871e-06,3.8441279934922846e-09,3.868e-09,0.0,0.0
2.6923676398933335e-09,1.35,1.349737154729027,1.3494147864765438,1.3493003355211595,-7.730743263913153e-06,9.510175987897944e-06,8.477073061546729e-06,8.46936050025171e-06,3.844561239958837e-09,3.868e-09,0.0,0.0
2.6943676398933337e-09,1.35,1.3497321981948778,1.349418969478407,1.3493134546111913,-7.87652368006847e-06,9.639018541414083e-06,8.593169541889199e-06,8.58545654058851e-06,3.8450007294749045e-09,3.868e-09,0.0,0.0
2.696367639893334e-09,1.35,1.3497272896576717,1.349423207305375,1.3493267444570274,-8.020892421425896e-06,9.759407495315485e-06,8.699056491753582e-06,8.691343045708066e-06,3.845445939310416e-09,3.868e-09,0.0,0.0
2.698367639893334e-09,1.35,1.3497224250259876,1.3494275071479693,1.3493401892683536,-8.163969823900274e-06,9.87129634059792e-06,8.794625574755311e-06,8.78691167827128e-06,3.845896340489841e-09,3.868e-09,0.0,0.0
2.7003676398933343e-09,1.35,1.3497176004915075,1.3494318764053121,1.3493537731082774,-8.305867896844787e-06,9.974644707491665e-06,8.879794574110874e-06,8.872080222710466e-06,3.846351399127294e-09,3.868e-09,0.0,0.0
2.7023676398933345e-09,1.35,1.3497128129978275,1.3494363226132897,1.3493674799337523,-8.446676534490383e-06,1.0069422936921175e-05,8.954507705594833e-06,8.94679289498157e-06,3.846810577780702e-09,3.868e-09,0.0,0.0
2.7043676398933347e-09,1.35,1.349708060282261,1.3494408533881066,1.3493812936363938,-8.586462286443164e-06,1.015561566497074e-05,9.018735812497372e-06,9.01102053885161e-06,3.847273336819196e-09,3.868e-09,0.0,0.0
2.706367639893335e-09,1.35,1.3497033408021712,1.349445476369746,1.3493951980835097,-8.725270524381767e-06,1.0233218473440262e-05,9.072476450939734e-06,9.064760711385844e-06,3.847739135797575e-09,3.868e-09,0.0,0.0
2.708367639893335e-09,1.35,1.3496986530905728,1.3494501991623509,1.3494091771591772,-8.863144394924416e-06,1.0302239766007803e-05,9.115753863715346e-06,9.10803765608037e-06,3.848207434832429e-09,3.868e-09,0.0,0.0
2.7103676398933353e-09,1.35,1.3496939979245781,1.349455029273716,1.3494232148051917,-9.000061041826435e-06,1.0362698286602196e-05,9.148618840572591e-06,9.14090216252994e-06,3.848677695973922e-09,3.868e-09,0.0,0.0
2.7123676398933355e-09,1.35,1.349689375502234,1.349459974051493,1.3494372950617117,-9.136014640184764e-06,1.041462357193438e-05,9.17114846293453e-06,9.16343131329711e-06,3.849149384567346e-09,3.868e-09,0.0,0.0
2.7143676398933357e-09,1.35,1.349684788110737,1.3494650406134954,1.349451402107419,-9.270937919504674e-06,1.045805193475849e-05,9.183445728438598e-06,9.17572810599232e-06,3.849621970598537e-09,3.868e-09,0.0,0.0
2.716367639893336e-09,1.35,1.3496802361260691,1.3494702357938209,1.3494655202990133,-9.404819821499932e-06,1.0493037477188077e-05,9.185639061622727e-06,9.177920966330078e-06,3.850094930016945e-09,3.868e-09,0.0,0.0
2.718367639893336e-09,1.35,1.3496757123299932,1.3494755660922808,1.3494796342098758,-9.537872647263912e-06,1.0519641641334776e-05,9.177881722443725e-06,9.170163154381683e-06,3.850567746030836e-09,3.868e-09,0.0,0.0
2.7203676398933363e-09,1.35,1.349671212009552,1.3494810376077166,1.3494937286677382,-9.670235013178874e-06,1.0537934359161784e-05,9.16035110654881e-06,9.152632066244948e-06,3.851039910369229e-09,3.868e-09,0.0,0.0
2.7223676398933365e-09,1.35,1.3496667425377125,1.349486656014625,1.349507788791207,-9.801690067284818e-06,1.0548012934730365e-05,9.13324795387882e-06,9.125528442677222e-06,3.851510924505429e-09,3.868e-09,0.0,0.0
2.7243676398933367e-09,1.35,1.349662319669847,1.3494924265114883,1.3495218000250055,-9.93177441627191e-06,1.054996743576593e-05,9.096795475482247e-06,9.08907549512783e-06,3.851980300837688e-09,3.868e-09,0.0,0.0
2.726367639893337e-09,1.35,1.349657951817794,1.3494983537597025,1.349535748173795,-1.0060240653121666e-05,1.0543908781165847e-05,9.051238378953016e-06,9.043517931406342e-06,3.852447563822128e-09,3.868e-09,0.0,0.0
2.728367639893337e-09,1.35,1.3496536378988542,1.3495044418532733,1.34954961943443,-1.0187120621937829e-05,1.052995390898637e-05,8.996841806262874e-06,8.989120893865277e-06,3.852912251053412e-09,3.868e-09,0.0,0.0
2.7303676398933373e-09,1.35,1.3496493793228561,1.3495106942876065,1.3495634004265245,-1.0312372857181062e-05,1.0508237963745146e-05,8.933890202671158e-06,8.926168828526926e-06,3.853373914288566e-09,3.868e-09,0.0,0.0
2.7323676398933375e-09,1.35,1.3496451781650125,1.349517113947278,1.3495770782212362,-1.0435936323167916e-05,1.0478909224685705e-05,8.862686128882006e-06,8.854964296478585e-06,3.853832120411407e-09,3.868e-09,0.0,0.0
2.7343676398933377e-09,1.35,1.3496410356567905,1.3495237030975469,1.3495906403681908,-1.0557774800287745e-05,1.044213361931955e-05,8.783549031311897e-06,8.775826744633619e-06,3.8542864523343885e-09,3.868e-09,0.0,0.0
2.736367639893338e-09,1.35,1.349636953904878,1.3495304633526375,1.3496040749204752,-1.0677826327118445e-05,1.0398076153686377e-05,8.696813961682763e-06,8.68909122475614e-06,3.854736509835913e-09,3.868e-09,0.0,0.0
2.738367639893338e-09,1.35,1.3496329359449561,1.349537395639438,1.3496173704576104,-1.0796001618941509e-05,1.034691458039036e-05,8.602830232578673e-06,8.595107050091144e-06,3.855181910329951e-09,3.868e-09,0.0,0.0
2.7403676398933383e-09,1.35,1.3496289858059614,1.34954450019532,1.3496305161064226,-1.0912182177615082e-05,1.0288839953240942e-05,8.501960027935463e-06,8.494236405365285e-06,3.855622289565152e-09,3.868e-09,0.0,0.0
2.7423676398933385e-09,1.35,1.3496251074669883,1.3495517765464164,1.3496435015597512,-1.1026250970935791e-05,1.0224043548676429e-05,8.394576979091567e-06,8.386852921482557e-06,3.856057302251663e-09,3.868e-09,0.0,0.0
2.7443676398933387e-09,1.35,1.3496213053870347,1.349559223484547,1.3496563170929299,-1.1138076851921475e-05,1.015272637832968e-05,8.281064697156226e-06,8.273340210251945e-06,3.856486622613144e-09,3.868e-09,0.0,0.0
2.746367639893339e-09,1.35,1.3496175856309094,1.34956683911965,1.3496689535780118,-1.1247481443849017e-05,1.0075124270969735e-05,8.161815305916332e-06,8.154090395784408e-06,3.856909944863393e-09,3.868e-09,0.0,0.0
2.748367639893339e-09,1.35,1.3496139539634053,1.3495746209409036,1.3496814024957762,-1.1354295193964636e-05,9.991484223142175e-06,8.037228025103917e-06,8.029502698070345e-06,3.857326983608504e-09,3.868e-09,0.0,0.0
2.7503676398933393e-09,1.35,1.349610416519906,1.3495825658223553,1.3496936559455766,-1.145833764982368e-05,9.90205766355438e-06,7.907707780141601e-06,7.89998204253628e-06,3.857737474176812e-09,3.868e-09,0.0,0.0
2.7523676398933395e-09,1.35,1.3496069791086107,1.3495906699871971,1.3497057066530285,-1.1559437982040788e-05,9.807083829316604e-06,7.773663786354856e-06,7.765937644732546e-06,3.858141172876449e-09,3.868e-09,0.0,0.0
2.7543414011729573e-09,1.35,1.3496036909185132,1.3495988196594033,1.349717394019057,-1.1656149455502307e-05,9.708156506645183e-06,7.63734456540508e-06,7.629618032245489e-06,3.858532699638406e-09,3.868e-09,0.0,0.0
2.7563067236952414e-09,1.35,1.3496005256514838,1.3496070794605681,1.3497288230607034,-1.1749245544596942e-05,9.604766038671452e-06,7.498023270612205e-06,7.4902963547174295e-06,3.858915572533562e-09,3.868e-09,0.0,0.0
2.758252050263279e-09,1.35,1.349597505473925,1.3496153923738354,1.3497399260501837,-1.1838074296326162e-05,9.49787334286122e-06,7.356981845487538e-06,7.3492545580311486e-06,3.859287522681146e-09,3.868e-09,0.0,0.0
2.7601918648402016e-09,1.35,1.349594611316296,1.3496238118336665,1.3497507853840616,-1.192319657953439e-05,9.387019732130138e-06,7.213610691963958e-06,7.205883040484196e-06,3.859651310366068e-09,3.868e-09,0.0,0.0
2.7621170866874895e-09,1.35,1.3495918603134107,1.3496322902751352,1.349761349777422,-1.200410842910199e-05,9.273037120908207e-06,7.068991774972742e-06,7.06126376948113e-06,3.860005217543632e-09,3.868e-09,0.0,0.0
2.764038730533302e-09,1.35,1.3495892401570955,1.3496408679431253,1.3497716795205392,-1.2081171850135408e-05,9.15557845118985e-06,6.922692364163424e-06,6.914964012727509e-06,3.860351263938059e-09,3.868e-09,0.0,0.0
2.7659501288330255e-09,1.35,1.3495867634939225,1.3496495069859613,1.349781738495416,-1.2154014884635522e-05,9.035338545862048e-06,6.775592940030397e-06,6.767864251466804e-06,3.860688239596435e-09,3.868e-09,0.0,0.0
2.7678599854664044e-09,1.35,1.3495844225099916,1.3496582385507572,1.349791572434039,-1.2222867353195443e-05,8.91204935216755e-06,6.627382956197396e-06,6.619653938333414e-06,3.861017676540302e-09,3.868e-09,0.0,0.0
2.769763529308569e-09,1.35,1.3495822270422835,1.349667032735232,1.3498011565576467,-1.2287439932846811e-05,8.786290797207712e-06,6.478775403391643e-06,6.471046064548958e-06,3.861338744681158e-09,3.868e-09,0.0,0.0
2.77166775106977e-09,1.35,1.349580172827951,1.349675913650823,1.349810525967749,-1.2347858001443557e-05,8.657861133430473e-06,6.3295561214577085e-06,6.321826468314029e-06,3.861652619919591e-09,3.868e-09,0.0,0.0
2.7735693485009363e-09,1.35,1.349578267512687,1.3496848577332519,1.3498196641671056,-1.2403896685678206e-05,8.527234767833544e-06,6.180303166197169e-06,6.172573207452459e-06,3.8619587495980376e-09,3.868e-09,0.0,0.0
2.7754741028316462e-09,1.35,1.3495765095489394,1.3496938838908792,1.3498285987222753,-1.2455601501787372e-05,8.394260838784841e-06,6.0308733524612815e-06,6.023143094502359e-06,3.862258057196219e-09,3.868e-09,0.0,0.0
2.7773799435580416e-09,1.35,1.3495749054673936,1.349702973982674,1.349837319514863,-1.2502780370779454e-05,8.259322732891682e-06,5.881731018188914e-06,5.874000467809282e-06,3.8625502037479075e-09,3.868e-09,0.0,0.0
2.779291834323526e-09,1.35,1.3495734559851604,1.3497121431973325,1.3498458487928262,-1.2545412201171724e-05,8.122304880713394e-06,5.732783570465937e-06,5.725052734328884e-06,3.862835934559671e-09,3.868e-09,0.0,0.0
2.7812087516578256e-09,1.35,1.349572167221674,1.349721378016063,1.349854181280864,-1.2583317009588757e-05,7.983511185024385e-06,5.58440147080451e-06,5.576670355278424e-06,3.863115072908943e-09,3.868e-09,0.0,0.0
2.783135180698818e-09,1.35,1.3495710419299227,1.3497306912120175,1.349862335606246,-1.2616413825806971e-05,7.84284397278189e-06,5.436525310595743e-06,5.428793922179764e-06,3.863388242809245e-09,3.868e-09,0.0,0.0
2.7850774380979088e-09,1.35,1.3495700836356834,1.3497401043542758,1.3498703362328313,-1.2644598950492525e-05,7.700062829083498e-06,5.288964701511919e-06,5.281233045106859e-06,3.863656263799845e-09,3.868e-09,0.0,0.0
2.78705628818478e-09,1.35,1.3495692932098464,1.3497497089030155,1.3498782622685932,-1.266784676922511e-05,7.5538539431019244e-06,5.1404726873746425e-06,5.13274076552328e-06,3.863921785997869e-09,3.868e-09,0.0,0.0
2.7890562881847804e-09,1.35,1.3495686889138279,1.3497594199871952,1.3498860450076147,-1.2685620181536461e-05,7.405579726734411e-06,4.992552145151861e-06,4.984819962361442e-06,3.8641825077550905e-09,3.868e-09,0.0,0.0
2.7910562881847806e-09,1.35,1.349568284018432,1.3497691242635665,1.34989360203826,-1.2697528869655417e-05,7.257050087403195e-06,4.847052312484195e-06,4.839319876603909e-06,3.864435668281702e-09,3.868e-09,0.0,0.0
2.7930562881847808e-09,1.35,1.3495680822541543,1.3497788109860671,1.34990093726595,-1.2703463113113156e-05,7.108512109898307e-06,4.704208802213923e-06,4.696476120447102e-06,3.864681398409321e-09,3.868e-09,0.0,0.0
2.7938661933998345e-09,1.35,1.3495680589269123,1.3497827265153355,1.3499038454199146,-1.2704149208467297e-05,7.048406185834664e-06,4.6471643255434456e-06,4.639431546493711e-06,3.864778821567144e-09,3.868e-09,0.0,0.0
2.7939555097035825e-09,1.35,1.349568058487506,1.3497831579788058,1.3499041637413673,-1.270416213217801e-05,7.041781522316974e-06,4.640905806041999e-06,4.63317301635513e-06,3.864789485335801e-09,3.868e-09,0.0,0.0
2.7941341423110785e-09,1.35,1.3495680588530705,1.3497840207721372,1.349904799525107,-1.2704151380285578e-05,7.0285329091034206e-06,4.628400658214244e-06,4.620667847010651e-06,3.864810784091081e-09,3.868e-09,0.0,0.0
2.7944914075260705e-09,1.35,1.3495680645617063,1.3497857455344604,1.349906065947454,-1.2703983479231407e-05,7.002044335879779e-06,4.60346213779797e-06,4.59572928446228e-06,3.8648532092397015e-09,3.868e-09,0.0,0.0
2.795205937956054e-09,1.35,1.3495680958890066,1.3497891915350992,1.3499085783114055,-1.2703062088045836e-05,6.949106335284915e-06,4.553876413583872e-06,4.546143475891995e-06,3.864937373432089e-09,3.868e-09,0.0,0.0
2.7966349988160217e-09,1.35,1.349568239030345,1.3497960676382377,1.3499135219348144,-1.2698852048680098e-05,6.843426823020431e-06,4.45590276164766e-06,4.448169658388679e-06,3.8651029848162776e-09,3.868e-09,0.0,0.0
2.798634998816022e-09,1.35,1.3495686216504454,1.3498056492243637,1.3499202619419328,-1.2687598516317178e-05,6.696097167544355e-06,4.321572924145573e-06,4.3138395950936825e-06,3.865328775054748e-09,3.868e-09,0.0,0.0
2.800634998816022e-09,1.35,1.3495692193954623,1.3498151733767287,1.3499267978984273,-1.26700177805264e-05,6.549616877195695e-06,4.190637395276261e-06,4.182903847294028e-06,3.865547729597309e-09,3.868e-09,0.0,0.0
2.8026349988160223e-09,1.35,1.3495700348201827,1.3498246299380798,1.3499331351440518,-1.26460347005114e-05,6.404180734203337e-06,4.063249224670528e-06,4.055515464562731e-06,3.865760027325732e-09,3.868e-09,0.0,0.0
2.8046349988160225e-09,1.35,1.3495710702061325,1.3498340089502743,1.3499392792405116,-1.261558217257458e-05,6.259981450387676e-06,3.939543899359908e-06,3.931809933188646e-06,3.865965854557136e-09,3.868e-09,0.0,0.0
2.8066349988160227e-09,1.35,1.3495723275458458,1.3498433006860657,1.3499452359444606,-1.2578601592774796e-05,6.11719450398053e-06,3.819639366668074e-06,3.8119052010454624e-06,3.866165404139423e-09,3.868e-09,0.0,0.0
2.808634998816023e-09,1.35,1.3495738083788669,1.3498524957453863,1.3499510111806154,-1.2535047680388434e-05,5.976025504323364e-06,3.7036361593173646e-06,3.6959018001603283e-06,3.866358874550617e-09,3.868e-09,0.0,0.0
2.810634998816023e-09,1.35,1.349575513970113,1.34986158526927,1.3499566110152144,-1.2484883231973776e-05,5.836721749899233e-06,3.591617724736651e-06,3.583883178004399e-06,3.866546469009685e-09,3.868e-09,0.0,0.0
2.8126349988160233e-09,1.35,1.349577445140238,1.3498705609509432,1.3499620416301064,-1.2428084110650828e-05,5.699460676551534e-06,3.4836509099762892e-06,3.475916181105987e-06,3.8667283946085595e-09,3.868e-09,0.0,0.0
2.8146349988160235e-09,1.35,1.3495796021186495,1.3498794147201747,1.3499673092974755,-1.2364643569136302e-05,5.564299845303173e-06,3.379786303834404e-06,3.3720513987756107e-06,3.866904861465429e-09,3.868e-09,0.0,0.0
2.8166349988160237e-09,1.35,1.3495819850110964,1.3498881384966017,1.3499724203548704,-1.2294558497168151e-05,5.4312616335959335e-06,3.280058290960528e-06,3.272323214620343e-06,3.867076081888156e-09,3.868e-09,0.0,0.0
2.818634998816024e-09,1.35,1.349584593290376,1.3498967243626538,1.3499773811803046,-1.2217844400710942e-05,5.300457177610395e-06,3.184485092494211e-06,3.176749850064553e-06,3.867242269540199e-09,3.868e-09,0.0,0.0
2.820634998816024e-09,1.35,1.3495874260428837,1.3499051649101792,1.3499821981676685,-1.2134528150485602e-05,5.172049161411273e-06,3.0930691263910456e-06,3.0853337225078548e-06,3.867403638616901e-09,3.868e-09,0.0,0.0
2.8226349988160243e-09,1.35,1.349590481739578,1.3499134533180246,1.3499868777028954,-1.2044654718296188e-05,5.046156297090515e-06,3.0057976329833603e-06,2.9980620726011153e-06,3.867560403046993e-09,3.868e-09,0.0,0.0
2.8246349988160245e-09,1.35,1.3495937583246933,1.3499215833008327,1.3499914261411265,-1.194828456784619e-05,4.922886132429293e-06,2.9226433410294668e-06,2.914907628159824e-06,3.867712775727735e-09,3.868e-09,0.0,0.0
2.8266349988160247e-09,1.35,1.3495972532199896,1.349929549131837,1.349995849784903,-1.1845493529720474e-05,4.802340360242527e-06,2.8435651422963363e-06,2.8358292814001373e-06,3.867860967794243e-09,3.868e-09,0.0,0.0
2.828634998816025e-09,1.35,1.3496009635677957,1.3499373456421888,1.3500001548634242,-1.1736365653075564e-05,4.684599228730614e-06,2.768508801881918e-06,2.7607727961509454e-06,3.868005187924712e-09,3.868e-09,0.0,0.0
2.830634998816025e-09,1.35,1.349604885936579,1.3499449681899507,1.3500043475127927,-1.162100186533066e-05,4.569723483557883e-06,2.6974076728638555e-06,2.6896713827273544e-06,3.868e-09,3.8682904138545525e-09,0.0,0.0
2.8326349988160253e-09,1.35,1.3496090164131809,1.3499524126354778,1.3500084337575775,-1.1499517259393188e-05,4.45775701696098e-06,2.630183400522735e-06,2.622446837463599e-06,3.868e-09,3.868563375006178e-09,0.0,0.0
2.8346349988160255e-09,1.35,1.3496133507686228,1.3499596753339045,1.3500124194934515,-1.137203621698335e-05,4.348734129646708e-06,2.566746628000923e-06,2.5590097987304716e-06,3.868e-09,3.868829622162556e-09,0.0,0.0
2.8366349988160257e-09,1.35,1.3496178841263773,1.3499667531232997,1.3500163104706968,-1.1238702165378145e-05,4.242671537288527e-06,2.5069977094850085e-06,2.499260620236754e-06,3.868e-09,3.869089539442539e-09,0.0,0.0
2.838634998816026e-09,1.35,1.3496226107056724,1.3499736432879887,1.35002011227892,-1.1099685127288761e-05,4.139565435987545e-06,2.450827413351029e-06,2.443090070025633e-06,3.868e-09,3.869343500231844e-09,0.0,0.0
2.840634998816026e-09,1.35,1.3496275243448952,1.3499803435436655,1.350023830332836,-1.0955166326619137e-05,4.03940666097432e-06,2.398117612288533e-06,2.3903800205893333e-06,3.868e-09,3.869591866233443e-09,0.0,0.0
2.8426349988160263e-09,1.35,1.349632618645824,1.3499868520385891,1.3500274698591181,-1.0805333946359297e-05,3.942174908990334e-06,2.348741980499284e-06,2.341004145645087e-06,3.868e-09,3.869834986589091e-09,0.0,0.0
2.8446349988160265e-09,1.35,1.3496378871417543,1.3499931673497567,1.3500310358843304,-1.065037818370057e-05,3.847843424853129e-06,2.3025667029710414e-06,2.2948286297896914e-06,3.868e-09,3.870073197073261e-09,0.0,0.0
2.8466349988160267e-09,1.35,1.3496433228772253,1.349999288473438,1.3500345332239556,-1.0490503611022828e-05,3.7563729373204844e-06,2.259451189599252e-06,2.251712882817003e-06,3.868e-09,3.870306819360228e-09,0.0,0.0
2.848634998816027e-09,1.35,1.3496489184238332,1.3500052148085862,1.3500379664725193,-1.0325928710794297e-05,3.6677156065804604e-06,2.2192487857525516e-06,2.2115102495945393e-06,3.868e-09,3.870536160364281e-09,0.0,0.0
2.850634998816027e-09,1.35,1.3496546659548487,1.3500109461483538,1.350041339994802,-1.0156883680924322e-05,3.5818165221553117e-06,2.181807478609339e-06,2.1740687172755457e-06,3.868e-09,3.870761511652768e-09,0.0,0.0
2.8526349988160273e-09,1.35,1.349660557341601,1.3500164826744698,1.3500446579181393,-9.983607599975408e-06,3.4986150402178384e-06,2.1469706042066697e-06,2.139231621400839e-06,3.868e-09,3.870983148931699e-09,0.0,0.0
2.8546349988160275e-09,1.35,1.3496665841251576,1.3500218249504272,1.3500479241258123,-9.806349260073344e-06,3.4180442695834487e-06,2.1145775549180623e-06,2.1068383537770075e-06,3.868e-09,3.871201331604263e-09,0.0,0.0
2.8566349988160277e-09,1.35,1.3496727375629851,1.350026973912938,1.3500511422515218,-9.625365794560525e-06,3.3400321374445405e-06,2.08446448449434e-06,2.076725068356211e-06,3.868e-09,3.871416302401637e-09,0.0,0.0
2.858634998816028e-09,1.35,1.3496790086678412,1.3500319308624555,1.3500543156749434,-9.440921534084601e-06,3.264501265090313e-06,2.05646500795755e-06,2.0487253797885074e-06,3.868e-09,3.871628287086211e-09,0.0,0.0
2.860634998816028e-09,1.35,1.3496853881842683,1.3500366974481532,1.3500574475183542,-9.253288697996798e-06,3.1913677260336137e-06,2.0304108915038515e-06,2.0226710539805737e-06,3.868e-09,3.871837494226057e-09,0.0,0.0
2.8626349988160283e-09,1.35,1.349691866653847,1.3500412756488915,1.3500605406443051,-9.062745475088563e-06,3.120541658205962e-06,2.0061327258653807e-06,1.9983926817790376e-06,3.868e-09,3.8720441150395786e-09,0.0,0.0
2.8646349988160285e-09,1.35,1.3496984345436864,1.3500456677586403,1.3500635976543178,-8.869572244524226e-06,3.051930194740242e-06,1.9834605822330494e-06,1.9757203340020624e-06,3.868e-09,3.872248323308422e-09,0.0,0.0
2.8666349988160287e-09,1.35,1.3497050821670578,1.3500498763710491,1.350066620888576,-8.674053910071033e-06,2.9854354061458863e-06,1.9622246516434174e-06,1.9544842015939423e-06,3.868e-09,3.872450275356873e-09,0.0,0.0
2.868634998816029e-09,1.35,1.349711799771272,1.3500539043585762,1.3500696124265874,-8.476477315534636e-06,2.9209549097869773e-06,1.9422558632071433e-06,1.9345152131311494e-06,3.868e-09,3.872650110096031e-09,0.0,0.0
2.870634998816029e-09,1.35,1.3497185775277782,1.3500577548512958,1.3500725740887738,-8.2771315359359e-06,2.8583823119584626e-06,1.9233864768908836e-06,1.9156456292357404e-06,3.868e-09,3.8728479491300886e-09,0.0,0.0
2.8726349988160293e-09,1.35,1.3497254056025545,1.3500614312153498,1.3500755074389543,-8.076305807222517e-06,2.7976077493943397e-06,1.9054506494708273e-06,1.8977096054584308e-06,3.868e-09,3.87304389692215e-09,0.0,0.0
2.8746349988160295e-09,1.35,1.3497322741914857,1.3500649370309394,1.3500784137876778,-7.874288485719416e-06,2.738518220390273e-06,1.8882849722471002e-06,1.8805437345115195e-06,3.868e-09,3.87323804101687e-09,0.0,0.0
2.8766349988160297e-09,1.35,1.3497391733941406,1.350068276069035,1.3500812941963571,-7.67137076057578e-06,2.6809976639277996e-06,1.871728978634587e-06,1.8639875480896961e-06,3.868e-09,3.8734304523166484e-09,0.0,0.0
2.87863499881603e-09,1.35,1.3497460936593209,1.3500714522702177,1.350084149482164,-7.467833549393288e-06,2.624928923657911e-06,1.8556256212577497e-06,1.8478840002611463e-06,3.868e-09,3.873621185408551e-09,0.0,0.0
2.88063499881603e-09,1.35,1.349753025401383,1.3500744697237361,1.3500869802236326,-7.26395878285907e-06,2.570192815207618e-06,1.8398217190699652e-06,1.8320799091142703e-06,3.868e-09,3.873810278938654e-09,0.0,0.0
2.8826349988160303e-09,1.35,1.3497599591816174,1.3500773326451496,1.3500897867669281,-7.060024070082438e-06,2.5166692194103716e-06,1.8241683730780547e-06,1.8164263753117638e-06,3.868e-09,3.873997756030799e-09,0.0,0.0
2.8846349988160305e-09,1.35,1.3497668857119969,1.350080045354322,1.3500925692327295,-6.856302588328922e-06,2.4642369617926803e-06,1.8085213493839727e-06,1.8007791660057393e-06,3.868e-09,3.87418362474633e-09,0.0,0.0
2.8854540632100825e-09,1.35,1.3497697183653448,1.3500811138330966,1.3500937017856682,-6.772989254569262e-06,2.44305522089475e-06,1.8020865804071443e-06,1.7943443215706623e-06,3.868e-09,3.874259279282617e-09,0.0,0.0
2.8856540632100826e-09,1.35,1.3497704095520588,1.350081370336226,1.3500939775960845,-6.752660233567964e-06,2.4379202604825913e-06,1.8005099835445332e-06,1.7927677058438007e-06,3.868e-09,3.874277703418443e-09,0.0,0.0
2.8860540632100827e-09,1.35,1.3497717912812324,1.3500818804797616,1.3500945287311383,-6.712021140227453e-06,2.4276488693360705e-06,1.7973524607236625e-06,1.789610146074594e-06,3.868e-09,3.874314519240037e-09,0.0,0.0
2.8868540632100825e-09,1.35,1.349774551890158,1.3500828836993548,1.3500956280776066,-6.630826760063713e-06,2.40721220126246e-06,1.7910082654873719e-06,1.7832658776306687e-06,3.868e-09,3.8743879555841235e-09,0.0,0.0
2.8884540632100826e-09,1.35,1.3497800595971174,1.3500848229556397,1.3500978149670946,-6.468835378900528e-06,2.3667311063197644e-06,1.778172075254025e-06,1.7704295414144866e-06,3.868e-09,3.87453403980191e-09,0.0,0.0
2.8904540632100828e-09,1.35,1.3497869135398544,1.350087123915207,1.3501005260877397,-6.267248827816763e-06,2.316787886794581e-06,1.7617700129578815e-06,1.7540272980731686e-06,3.868e-09,3.8747151426610064e-09,0.0,0.0
2.892454063210083e-09,1.35,1.3497937258070958,1.3500892921779513,1.3501032115844969,-6.066888026602657e-06,2.2674700910066614e-06,1.7448613809209392e-06,1.7371184863890221e-06,3.868e-09,3.87489453384438e-09,0.0,0.0
2.894454063210083e-09,1.35,1.3498004883053207,1.350091332302787,1.3501058705881661,-5.867991019981034e-06,2.218662688982959e-06,1.7273293557895815e-06,1.7195862840324594e-06,3.868e-09,3.875072155289498e-09,0.0,0.0
2.8964540632100834e-09,1.35,1.3498071931530882,1.3500932488488018,1.3501085020546675,-5.670789615060123e-06,2.1702534517182255e-06,1.7090634155862792e-06,1.7013201678572898e-06,3.868e-09,3.875247937251772e-09,0.0,0.0
2.8984540632100836e-09,1.35,1.3498138328472105,1.3500950463615051,1.3501111047748706,-5.475504493812622e-06,2.1221332951363945e-06,1.6899595176019053e-06,1.6822160957552512e-06,3.868e-09,3.875421798961358e-09,0.0,0.0
2.9004540632100838e-09,1.35,1.3498203993315587,1.3500967293622221,1.3501136773846816,-5.2823726012160566e-06,2.0741978300857163e-06,1.669920251254689e-06,1.6621766574242969e-06,3.868e-09,3.875593649296726e-09,0.0,0.0
2.902454063210084e-09,1.35,1.3498268841257046,1.3500983023372708,1.3501162183753448,-5.0916433616335355e-06,2.0263459877451468e-06,1.6488549673175732e-06,1.6411112040426445e-06,3.868e-09,3.875763387473026e-09,0.0,0.0
2.904454063210084e-09,1.35,1.34983328062104,1.3500997697279236,1.3501187261039271,-4.903511145890049e-06,1.9784820175541045e-06,1.6266798836318298e-06,1.6189359528517855e-06,3.868e-09,3.875930903742331e-09,0.0,0.0
2.9064540632100844e-09,1.35,1.3498395846216171,1.3501011359258568,1.3501211988039485,-4.718099364205142e-06,1.930516409482039e-06,1.6033181706668741e-06,1.5955740746420588e-06,3.868e-09,3.876096080103752e-09,0.0,0.0
2.9084540632100846e-09,1.35,1.3498457922906968,1.3501024052626596,1.3501236345961276,-4.535520861867481e-06,1.8823621685995983e-06,1.5787000165416037e-06,1.5709557581455869e-06,3.868e-09,3.876258791021316e-09,0.0,0.0
2.9104540632100848e-09,1.35,1.3498518979801122,1.3501035820015221,1.3501260314992112,-4.355941761409465e-06,1.8339397319612525e-06,1.5527626693016697e-06,1.5450182504483934e-06,3.868e-09,3.876418904147302e-09,0.0,0.0
2.912454063210085e-09,1.35,1.3498578954474096,1.3501046703340214,1.3501283874408536,-4.179545664430295e-06,1.7851746498767093e-06,1.5254504604859118e-06,1.5177058840798452e-06,3.868e-09,3.876576281049012e-09,0.0,0.0
2.914454063210085e-09,1.35,1.3498637796461743,1.350105674376697,1.35013070026852,-4.0064809948767155e-06,1.7359998331450645e-06,1.4967148127033054e-06,1.4889700821196783e-06,3.868e-09,3.8767307779371235e-09,0.0,0.0
2.9164540632100854e-09,1.35,1.3498695459176024,1.3501065981702478,1.3501329677603913,-3.836884776405036e-06,1.6863546069189794e-06,1.4665142325741547e-06,1.458769350204392e-06,3.868e-09,3.876882246394126e-09,0.0,0.0
2.9184540632100856e-09,1.35,1.3498751899701766,1.3501074456766036,1.350135187636245,-3.6708832301043937e-06,1.636184573764316e-06,1.4348142893404105e-06,1.4270692589857248e-06,3.868e-09,3.87703053410117e-09,0.0,0.0
2.9204540632100858e-09,1.35,1.3498807081885928,1.3501082207721553,1.3501373575682911,-3.508582688452333e-06,1.5854397806734983e-06,1.4015875758446915e-06,1.393842400387868e-06,3.868e-09,3.877175485561837e-09,0.0,0.0
2.922454063210086e-09,1.35,1.3498860975561147,1.3501089272432543,1.3501394751919333,-3.350071878988059e-06,1.5340775822490155e-06,1.3668136510757009e-06,1.3590683340947152e-06,3.868e-09,3.8773169428211475e-09,0.0,0.0
2.924454063210086e-09,1.35,1.3498913555821714,1.3501095687853935,1.3501415381164314,-3.195424053789586e-06,1.4820614797005196e-06,1.3304789677379917e-06,1.3227335133869644e-06,3.868e-09,3.8774547461776025e-09,0.0,0.0
2.9264540632100864e-09,1.35,1.3498964801750755,1.3501101489982226,1.3501435439354386,-3.0447007330763887e-06,1.4293600487969002e-06,1.292576784714893e-06,1.2848311961022318e-06,3.868e-09,3.877588734887285e-09,0.0,0.0
2.9284540632100866e-09,1.35,1.349901469809204,1.350110671385567,1.3501454902373942,-2.89794678812183e-06,1.375950311075294e-06,1.2531070650585296e-06,1.245361346491336e-06,3.868e-09,3.877718747857922e-09,0.0,0.0
2.9304540632100868e-09,1.35,1.3499063235287547,1.3501111393656342,1.350147374615756,-2.755190330751278e-06,1.3218192155027902e-06,1.2120763682250046e-06,1.2043305237519064e-06,3.868e-09,3.877844624332494e-09,0.0,0.0
2.932454063210087e-09,1.35,1.3499110406508876,1.3501115562742736,1.350149194679061,-2.6164514444898535e-06,1.266958484974456e-06,1.1694977385715791e-06,1.1617517723383486e-06,3.868e-09,3.877966204561262e-09,0.0,0.0
2.934454063210087e-09,1.35,1.3499156208922098,1.3501119253563987,1.3501509480608065,-2.48173846442018e-06,1.211363649529053e-06,1.1253905797585723e-06,1.117644496728687e-06,3.868e-09,3.878083330461871e-09,0.0,0.0
2.9364540632100874e-09,1.35,1.3499200642780074,1.3501122497543065,1.3501526324291202,-2.3510506468454873e-06,1.1550331973837976e-06,1.0797805068943258e-06,1.0720343111003672e-06,3.868e-09,3.878195846265227e-09,0.0,0.0
2.9384540632100876e-09,1.35,1.3499243712565208,1.3501125325030496,1.3501542454961868,-2.224374808221241e-06,1.0979726139653622e-06,1.0326991789189575e-06,1.024952875461338e-06,3.868e-09,3.8783035991452785e-09,0.0,0.0
2.9404540632100878e-09,1.35,1.3499285426034289,1.3501127765335494,1.3501557850274089,-2.1016881344496086e-06,1.0401938432985505e-06,9.841841198403485e-07,9.764377135734748e-07,3.868e-09,3.878406439830904e-09,0.0,0.0
2.942454063210088e-09,1.35,1.3499325793920653,1.350112984673784,1.350157248850287,-1.9829590569078737e-06,9.817145055921587e-07,9.34278532409771e-07,9.265320282114686e-07,3.868e-09,3.878504223199169e-09,0.0,0.0
2.944454063210088e-09,1.35,1.3499364829678129,1.3501131596475884,1.3501586348630057,-1.8681480055057764e-06,9.225571095078705e-07,8.830311021406365e-07,8.752845055415293e-07,3.868e-09,3.878596808848776e-09,0.0,0.0
2.9464540632100884e-09,1.35,1.3499402549552013,1.350113304073295,1.3501599410427076,-1.757207199963584e-06,8.627493591489232e-07,8.30495790589956e-07,8.227491066215009e-07,3.868e-09,3.8786840616528644e-09,0.0,0.0
2.9484540632100886e-09,1.35,1.349943897232883,1.3501134204629146,1.3501611654534458,-1.650081385799751e-06,8.02323690689316e-07,7.767316184818015e-07,7.689848526837295e-07,3.868e-09,3.8787658522901754e-09,0.0,0.0
2.9504540632100888e-09,1.35,1.3499474119358044,1.3501135112207163,1.3501623062537917,-1.5467077704653387e-06,7.413169942175785e-07,7.218024390204724e-07,7.140555970952533e-07,3.868e-09,3.878842057753288e-09,0.0,0.0
2.952454063210089e-09,1.35,1.3499508014719874,1.350113578642574,1.350163361704089,-1.447015529787432e-06,6.797708099275462e-07,6.657767018899323e-07,6.58029789324388e-07,3.868e-09,3.878912561833132e-09,0.0,0.0
2.954454063210089e-09,1.35,1.34995406849561,1.3501136249152423,1.3501643301733361,-1.350926599710811e-06,6.177306167925001e-07,6.08727208744643e-07,6.009802315798396e-07,3.868e-09,3.8789772555788515e-09,0.0,0.0
2.9564540632100894e-09,1.35,1.3499572158481086,1.3501136521131851,1.3501652101456862,-1.2583574085789362e-06,5.552448286622901e-07,5.507308592087512e-07,5.42983823237364e-07,3.868e-09,3.87903603773184e-09,0.0,0.0
2.9584540632100896e-09,1.35,1.3499602465951261,1.350113662196003,1.3501660002265488,-1.1692177904129575e-06,4.923655778589094e-07,4.918683867919781e-07,4.841212981609999e-07,3.868e-09,3.879088815133454e-09,0.0,0.0
2.9604540632100898e-09,1.35,1.3499631640022525,1.3501136570068764,1.3501666991482786,-1.0834116984589914e-06,4.2914789896233573e-07,4.322240860938362e-07,4.2447695070002567e-07,3.868e-09,3.879135503105004e-09,0.0,0.0
2.96245406321009e-09,1.35,1.3499659715175172,1.3501136382707217,1.3501673057754378,-1.000837720088743e-06,3.656498504472704e-07,3.71885532186411e-07,3.6413835613480217e-07,3.868e-09,3.8791760257992416e-09,0.0,0.0
2.96445406321009e-09,1.35,1.3499686727519444,1.3501136075924376,1.3501678191096211,-9.213896486962025e-07,3.019318671649495e-07,3.1094329255442095e-07,3.0319608246287544e-07,3.868e-09,3.879210316522685e-09,0.0,0.0
2.9664540632100904e-09,1.35,1.3499712714646406,1.350113566454764,1.3501682382938334,-8.449569223398234e-07,2.3805663366350072e-07,2.4949063193190936e-07,2.417433939694291e-07,3.868e-09,3.87923831802807e-09,0.0,0.0
2.9684540632100906e-09,1.35,1.3499737715486102,1.350113516218661,1.3501685626164068,-7.714250408810686e-07,1.7408986669488276e-07,1.87623211750235e-07,1.7987595213320162e-07,3.868e-09,3.879259982775977e-09,0.0,0.0
2.9704540632100908e-09,1.35,1.3499761769853924,1.3501134581189507,1.3501687915144531,-7.006769002296243e-07,1.1009657242686417e-07,1.2543878347387287e-07,1.176915083167529e-07,3.868e-09,3.8792752731654615e-09,0.0,0.0
2.972454063210091e-09,1.35,1.3499784918555466,1.3501133932611367,1.350168924576837,-6.325924839303831e-07,4.614475184595111e-08,6.303687436132795e-08,5.528959023948232e-08,3.868e-09,3.879284161732698e-09,0.0,0.0
2.974454063210091e-09,1.35,1.3499807203069776,1.3501133226230413,1.3501689615466625,-5.670497947793396e-07,-1.7696541464358274e-08,5.184695697942054e-10,-7.228816656379422e-09,3.868e-09,3.879286631317051e-09,0.0,0.0
2.9764540632100914e-09,1.35,1.349982866427211,1.3501132470496413,1.3501689023232708,-5.039286114436048e-07,-8.135927884653378e-08,-6.201430995990149e-08,-6.976159272475968e-08,3.868e-09,3.879282675194482e-09,0.0,0.0
2.9784540632100916e-09,1.35,1.3499849338776722,1.3501131672535298,1.3501687469637336,-4.431212449404476e-07,-1.447722324830253e-07,-1.2445853393890094e-07,-1.3220580585837638e-07,3.868e-09,3.879272297177392e-09,0.0,0.0
2.9804540632100918e-09,1.35,1.3499869284910864,1.350113083840768,1.350168495683859,-3.8445614452403687e-07,-2.0785321965812377e-07,-1.8671077549553636e-07,-1.9445803101092451e-07,3.868e-09,3.87925551168178e-09,0.0,0.0
2.982454063210092e-09,1.35,1.3499888535906597,1.3501129972947457,1.3501681488587192,-3.278355688376977e-07,-2.705383480816179e-07,-2.486674190685812e-07,-2.5641465151160503e-07,3.868e-09,3.879232343762431e-09,0.0,0.0
2.984454063210092e-09,1.35,1.3499907133334017,1.3501129079534384,1.3501677070226854,-2.7313725289856983e-07,-3.3275669108121673e-07,-3.1022499019216915e-07,-3.17972192798166e-07,3.868e-09,3.8792028291153775e-09,0.0,0.0
2.9864540632100924e-09,1.35,1.3499925119188594,1.3501128160271838,1.350167170868957,-2.202376806134665e-07,-3.944361351567003e-07,-3.71280487533902e-07,-3.790276541515425e-07,3.868e-09,3.879167014046336e-09,0.0,0.0
2.9884540632100926e-09,1.35,1.3499942534475196,1.350112721602778,1.3501665412485877,-1.6901624942666782e-07,-4.5550498362761244e-07,-4.317317015380736e-07,-4.394788262196414e-07,3.868e-09,3.879124955405642e-09,0.0,0.0
2.9904540632100928e-09,1.35,1.3499959419439578,1.3501126246466026,1.3501658191690262,-1.193545894825898e-07,-5.15891464328504e-07,-4.914775273617616e-07,-4.992246041002346e-07,3.868e-09,3.879076720490952e-09,0.0,0.0
2.992454063210093e-09,1.35,1.3499975813282696,1.3501125250255703,1.3501650057921892,-7.113740384256939e-08,-5.755159781574434e-07,-5.504182621065765e-07,-5.581652844366403e-07,3.868e-09,3.879022386918236e-09,0.0,0.0
2.994454063210093e-09,1.35,1.3499991754344087,1.3501124225330032,1.3501641024320978,-2.4251929159335717e-08,-6.34296962883813e-07,-6.084558730673007e-07,-6.162028349798732e-07,3.868e-09,3.87896204246413e-09,0.0,0.0
2.9964540632100934e-09,1.35,1.35000072796307,1.3501123168627054,1.350163110552103,2.141067852179379e-08,-6.921713110782135e-07,-6.654942628837217e-07,-6.732411583776354e-07,3.868e-09,3.878895784880483e-09,0.0,0.0
2.9984540632100936e-09,1.35,1.3500022424778058,1.3501122075462213,1.35016203176167,6.595522957647537e-08,-7.490928253417327e-07,-7.214395809137381e-07,-7.291864045910756e-07,3.868e-09,3.87882372167956e-09,0.0,0.0
3.0004540632100938e-09,1.35,1.3500037224575006,1.3501120939389408,1.3501608678126518,1.0948404412930435e-07,-8.050101474412486e-07,-7.762005734893163e-07,-7.839473190607293e-07,3.868e-09,3.8787459698851295e-09,0.0,0.0
3.002454063210094e-09,1.35,1.3500051712004355,1.3501119752807742,1.3501596205950477,1.5209413044975362e-07,-8.598524379657903e-07,-8.296889031013822e-07,-8.374355655593746e-07,3.868e-09,3.878662655749187e-09,0.0,0.0
3.004454063210094e-09,1.35,1.3500065918693598,1.350111850753687,1.3501582921323283,1.9387851057928174e-07,-9.135458233421894e-07,-8.818193958759057e-07,-8.89565969552919e-07,3.868e-09,3.878573914439516e-09,0.0,0.0
3.0064540632100944e-09,1.35,1.350007987446237,1.3501117194799288,1.3501568845764043,2.3492488931964317e-07,-9.660268822646993e-07,-9.325102520439969e-07,-9.402567318073096e-07,3.868e-09,3.878479889703801e-09,0.0,0.0
3.0084540632100946e-09,1.35,1.3500093607545363,1.350111580511972,1.3501554002022744,2.7531630988203437e-07,-1.0172337012549825e-06,-9.816832570423576e-07,-9.894296377765954e-07,3.868e-09,3.8783807335119294e-09,0.0,0.0
3.0104540632100948e-09,1.35,1.3500107144643372,1.3501114328390296,1.35015384140235,3.151313040308801e-07,-1.0671069964248282e-06,-1.029263988221521e-06,-1.0370102647705437e-06,3.868e-09,3.878276605676969e-09,0.0,0.0
3.012454063210095e-09,1.35,1.3500120511150049,1.3501112753868478,1.3501522106804704,3.5444455896010973e-07,-1.1155927374130897e-06,-1.0751820112728195e-06,-1.0829281789082046e-06,3.868e-09,3.878167673455422e-09,0.0,0.0
3.014454063210095e-09,1.35,1.350013373059587,1.3501111070152414,1.3501505106456215,3.933252819623978e-07,-1.1626410333366098e-06,-1.1193710710926362e-06,-1.1271171254101375e-06,3.868e-09,3.878054111127507e-09,0.0,0.0
3.0164540632100954e-09,1.35,1.350014682495219,1.3501109265200681,1.350148744005363,4.318380946721767e-07,-1.2082054144740457e-06,-1.1617692755309288e-06,-1.1695152115631657e-06,3.868e-09,3.877936099558237e-09,0.0,0.0
3.0184540632100956e-09,1.35,1.3500159814686978,1.3501107326387745,1.3501469135589843,4.7004319699006647e-07,-1.2522421312347201e-06,-1.2023192672135303e-06,-1.2100650808033464e-06,3.868e-09,3.877813825740154e-09,0.0,0.0
3.0204540632100958e-09,1.35,1.350017271806645,1.350110524054642,1.350145022190407,5.079943130800735e-07,-1.2947118317899504e-06,-1.2409683818759981e-06,-1.2487140690353726e-06,3.868e-09,3.8776874823191746e-09,0.0,0.0
3.022454063210096e-09,1.35,1.350018555114246,1.3501102993992813,1.3501430728608521,5.457386542881415e-07,-1.3355790591087933e-06,-1.2776687946645547e-06,-1.285414352070191e-06,3.868e-09,3.877557267104916e-09,0.0,0.0
3.024454063210096e-09,1.35,1.3500198328791808,1.350110057261251,1.3501410686012933,5.833199758983887e-07,-1.3748099884053709e-06,-1.312377651702828e-06,-1.3201230750770065e-06,3.868e-09,3.877423382566389e-09,0.0,0.0
3.0264540632100964e-09,1.35,1.350021106478736,1.3501097961967834,1.3501390125047223,6.207787863476977e-07,-1.412373885756098e-06,-1.345057182086033e-06,-1.3528024678244321e-06,3.868e-09,3.877286035315445e-09,0.0,0.0
3.0284540632100966e-09,1.35,1.350022377176855,1.3501095147391078,1.3501369077182583,6.581522604340306e-07,-1.448242550786319e-06,-1.375674789732737e-06,-1.3834199350526433e-06,3.868e-09,3.877145435579651e-09,0.0,0.0
3.0304540632100968e-09,1.35,1.350023646046515,1.3501092114069762,1.3501347574351328,6.954719563162515e-07,-1.482391434343931e-06,-1.4042031261903357e-06,-1.411948127749696e-06,3.868e-09,3.877001796666865e-09,0.0,0.0
3.032454063210097e-09,1.35,1.3500249139915357,1.3501088847128548,1.3501325648865727,7.327644569246616e-07,-1.5147988150229062e-06,-1.4306201449187797e-06,-1.43836500021699e-06,3.868e-09,3.8768553344230525e-09,0.0,0.0
3.034454063210097e-09,1.35,1.3500261817631505,1.3501085331729796,1.3501303333336172,7.700518573627857e-07,-1.5454457840869025e-06,-1.4549091361151486e-06,-1.4626538422657376e-06,3.868e-09,3.876706266685618e-09,0.0,0.0
3.0364540632100974e-09,1.35,1.3500274499718965,1.3501081553175134,1.350128066058896,8.073521145998686e-07,-1.5743162596641703e-06,-1.4770587409341542e-06,-1.484803295426218e-06,3.868e-09,3.87655481273424e-09,0.0,0.0
3.0384540632100976e-09,1.35,1.3500287190812466,1.3501077497002063,1.3501257663584023,8.446788601901289e-07,-1.6013972282368704e-06,-1.4970629453189225e-06,-1.5048073462864409e-06,3.868e-09,3.876401192741275e-09,0.0,0.0
3.0404540632100978e-09,1.35,1.350029989417512,1.3501073149075835,1.3501234375332902,8.820416915258922e-07,-1.6266787046169723e-06,-1.5149210540154863e-06,-1.522665299624748e-06,3.868e-09,3.876245627223771e-09,0.0,0.0
3.042454063210098e-09,1.35,1.3500312611730663,1.3501068495675914,1.3501210828817263,9.194462666506364e-07,-1.6501539708917976e-06,-1.5306376454034048e-06,-1.538381733556804e-06,3.868e-09,3.8760883364993126e-09,0.0,0.0
3.044454063210098e-09,1.35,1.3500325344041126,1.3501063523570307,1.3501187056908255,9.568942386031787e-07,-1.671819831487926e-06,-1.544222508222592e-06,-1.5519664378071951e-06,3.868e-09,3.875929540147135e-09,0.0,0.0
3.0464540632100984e-09,1.35,1.3500338090472828,1.350105822008587,1.3501163092286963,9.943837436035552e-07,-1.691676414565048e-06,-1.5556905612285152e-06,-1.563434330664748e-06,3.868e-09,3.875769456476905e-09,0.0,0.0
3.0484540632100986e-09,1.35,1.350035084933499,1.3501052573184833,1.3501138967366235,1.0319098087893663e-06,-1.7097268839070301e-06,-1.5650617558076374e-06,-1.5728053641694828e-06,3.868e-09,3.875608302006443e-09,0.0,0.0
3.0504540632100988e-09,1.35,1.3500363617728408,1.3501046571533235,1.3501114714214142,1.0694639070787937e-06,-1.7259779179883008e-06,-1.5723609618410695e-06,-1.5801044079832849e-06,3.868e-09,3.8754462909504604e-09,0.0,0.0
3.052454063210099e-09,1.35,1.350037639170518,1.3501040204557988,1.35010903644793,1.1070344269961674e-06,-1.7404395515611819e-06,-1.5776178381206188e-06,-1.5853611217142571e-06,3.868e-09,3.8752836347217245e-09,0.0,0.0
3.054454063210099e-09,1.35,1.350038916624316,1.3501033462502638,1.3501065949318298,1.1446065975237452e-06,-1.7531251256088036e-06,-1.5808666882675352e-06,-1.5886098083672806e-06,3.868e-09,3.875120541446222e-09,0.0,0.0
3.0564540632100994e-09,1.35,1.3500401935367785,1.3501026336479534,1.3501041499325466,1.1821628464192546e-06,-1.7640512135570831e-06,-1.5821463026905293e-06,-1.589889259578925e-06,3.868e-09,3.874957215494105e-09,0.0,0.0
3.0584540632100996e-09,1.35,1.3500414692131748,1.3501018818517654,1.3501017044465153,1.2196827404303834e-06,-1.7732375816688436e-06,-1.58149978731403e-06,-1.5892425808683441e-06,3.868e-09,3.874793857027225e-09,0.0,0.0
3.0604540632100998e-09,1.35,1.3500427428582435,1.3501010901605954,1.3500992614006762,1.2571428895102876e-06,-1.7807070969249126e-06,-1.5789743798799672e-06,-1.5867170102268346e-06,3.868e-09,3.874630661565165e-09,0.0,0.0
3.0624540632101e-09,1.35,1.3500440136350373,1.3501002579736656,1.3500968236462667,1.2945186775650819e-06,-1.786485441500153e-06,-1.5746212544054047e-06,-1.582363722052449e-06,3.868e-09,3.874467819570616e-09,0.0,0.0
3.0644540632101e-09,1.35,1.3500452805927585,1.3500993847942964,1.3500943939529269,1.3317821399502772e-06,-1.7906012739542033e-06,-1.5684953144617236e-06,-1.5762376197603345e-06,3.868e-09,3.874305516055505e-09,0.0,0.0
3.0664540632101004e-09,1.35,1.3500465427176458,1.350098470233323,1.350091975003127,1.3689034601624406e-06,-1.7930858205459772e-06,-1.5606549761548608e-06,-1.5683971201774227e-06,3.868e-09,3.874143930208884e-09,0.0,0.0
3.0684540632101006e-09,1.35,1.3500477989532875,1.3500975140154774,1.3500895693869404,1.4058515672779603e-06,-1.7939713645734015e-06,-1.5511619397244603e-06,-1.558903922838084e-06,3.868e-09,3.8739832350476096e-09,0.0,0.0
3.0704540632101008e-09,1.35,1.350049048093961,1.3500965159861449,1.3500871795971754,1.4425909988513563e-06,-1.7932921016917217e-06,-1.5400809482905668e-06,-1.5478227717302673e-06,3.868e-09,3.8738235970913175e-09,0.0,0.0
3.072454063210101e-09,1.35,1.3500502887471342,1.3500954760837063,1.3500848080248757,1.4790807980613607e-06,-1.7910999120218117e-06,-1.527479553293425e-06,-1.5352212183739056e-06,3.868e-09,3.873665176061676e-09,0.0,0.0
3.074454063210101e-09,1.35,1.3500515198139618,1.3500943943562929,1.3500824569551781,1.5152886459271486e-06,-1.7874260473102914e-06,-1.513427881411262e-06,-1.521169389118171e-06,3.868e-09,3.873508124605893e-09,0.0,0.0
3.0764540632101014e-09,1.35,1.3500527399650557,1.3500932709882605,1.350080128563552,1.5511754428085278e-06,-1.782314119368598e-06,-1.4979983729552062e-06,-1.5057397255713312e-06,3.868e-09,3.873352588045269e-09,0.0,0.0
3.0784540632101016e-09,1.35,1.3500539478124862,1.3500921062804243,1.3500778249124472,1.586700367234295e-06,-1.775809561066642e-06,-1.481265512730083e-06,-1.4890067112638405e-06,3.868e-09,3.873198704151474e-09,0.0,0.0
3.0804540632101018e-09,1.35,1.3500551419285947,1.3500909006514132,1.3500755479483506,1.621821429251269e-06,-1.767959138200852e-06,-1.4633055679392744e-06,-1.4710466142986434e-06,3.868e-09,3.873046602949821e-09,0.0,0.0
3.082454063210102e-09,1.35,1.3500563208113712,1.3500896546383383,1.3500732994992488,1.6564944520860991e-06,-1.7588112500891694e-06,-1.4441963221051334e-06,-1.4519372182331125e-06,3.868e-09,3.872896406549812e-09,0.0,0.0
3.084454063210102e-09,1.35,1.3500574827664524,1.350088368896295,1.3500710812725008,1.6906696015395184e-06,-1.7484156741425827e-06,-1.424016806509396e-06,-1.4317575547373451e-06,3.868e-09,3.8727482290030435e-09,0.0,0.0
3.0864540632101024e-09,1.35,1.350058626105234,1.3500870441971096,1.350068894853126,1.7242972127629042e-06,-1.736823658349037e-06,-1.4028470306969498e-06,-1.4105876326997446e-06,3.868e-09,3.8726021761888185e-09,0.0,0.0
3.0884540632101026e-09,1.35,1.350059749501265,1.35008568142776,1.3500667417025078,1.7573382724914155e-06,-1.7240874521702805e-06,-1.380767713118924e-06,-1.3885081713294056e-06,3.868e-09,3.872458345727526e-09,0.0,0.0
3.0904540632101028e-09,1.35,1.3500608518284056,1.3500842815885619,1.3500646231575075,1.7897596589835918e-06,-1.7102603550485947e-06,-1.3578600126938796e-06,-1.3656003294837404e-06,3.868e-09,3.872316826921491e-09,0.0,0.0
3.092454063210103e-09,1.35,1.3500619317006954,1.3500828457896674,1.3500625404299924,1.8215206086871771e-06,-1.6953969710807674e-06,-1.3342052628312253e-06,-1.3419454403251763e-06,3.868e-09,3.8721777007234805e-09,0.0,0.0
3.094454063210103e-09,1.35,1.3500629873220955,1.3500813752477834,1.350060494606769,1.852568296920043e-06,-1.6795523173952143e-06,-1.309884709196755e-06,-1.3176247501966998e-06,3.868e-09,3.872041039732158e-09,0.0,0.0
3.0964540632101034e-09,1.35,1.350064016887842,1.3500798712829314,1.3500584866499166,1.8828496424067032e-06,-1.6627821748769952e-06,-1.2849792515243208e-06,-1.2927191583855802e-06,3.868e-09,3.871906908214428e-09,0.0,0.0
3.0984540632101036e-09,1.35,1.3500650187770846,1.3500783353144503,1.3500565173975136,1.9123169730725365e-06,-1.64514260214142e-06,-1.259569190319317e-06,-1.2673089657688763e-06,3.868e-09,3.871775362153901e-09,0.0,0.0
3.1004540632101038e-09,1.35,1.3500659913578321,1.350076768856653,1.3500545875647512,1.9409222891744737e-06,-1.6266900927692271e-06,-1.233733979503918e-06,-1.2414736259014347e-06,3.868e-09,3.8716464493253784e-09,0.0,0.0
3.102454063210104e-09,1.35,1.3500669330363992,1.3500751735132919,1.350052697745419,1.9686187176168324e-06,-1.607481523485403e-06,-1.2075519862934014e-06,-1.2152915063179393e-06,3.868e-09,3.871520209393972e-09,0.0,0.0
3.104454063210104e-09,1.35,1.3500678423010233,1.3500735509712036,1.3500508484137557,1.9953617948001434e-06,-1.58757414042901e-06,-1.1811002598390062e-06,-1.1888396564962989e-06,3.868e-09,3.871396674038871e-09,0.0,0.0
3.1064540632101044e-09,1.35,1.3500687176926625,1.3500719029942545,1.3500490399266472,2.0211086077109863e-06,-1.567024972458334e-06,-1.1544543093227558e-06,-1.162193585146909e-06,3.868e-09,3.871275867100032e-09,0.0,0.0
3.1084540632101046e-09,1.35,1.3500695577924648,1.350070231417182,1.3500472725261594,2.0458174254320283e-06,-1.5458910335626866e-06,-1.1276878917689014e-06,-1.1354270494923213e-06,3.868e-09,3.8711578047474305e-09,0.0,0.0
3.1104540632101048e-09,1.35,1.3500703612174552,1.3500685381386417,1.3500455463423884,2.069447572208838e-06,-1.5242291029955698e-06,-1.1008728104343595e-06,-1.1086118527625644e-06,3.868e-09,3.871042495671533e-09,0.0,0.0
3.112454063210105e-09,1.35,1.3500711266536505,1.3500668251153924,1.3500438613966141,2.0919604014763005e-06,-1.5020949862383868e-06,-1.07407872392462e-06,-1.0818176539029167e-06,3.868e-09,3.87092994129382e-09,0.0,0.0
3.114454063210105e-09,1.35,1.350071852837483,1.3500650943570214,1.3500422176047382,2.1133187494970507e-06,-1.4795436135318498e-06,-1.0473729654126825e-06,-1.0551117852752867e-06,3.868e-09,3.870820135996504e-09,0.0,0.0
3.1164540632101054e-09,1.35,1.350072538522328,1.350063347918212,1.3500406147809911,2.1334859508156945e-06,-1.4566298134205256e-06,-1.020820373341105e-06,-1.0285590865688476e-06,3.868e-09,3.870713067370208e-09,0.0,0.0
3.1184540632101056e-09,1.35,1.3500731825130334,1.3500615878892517,1.3500390526418904,2.1524268539185876e-06,-1.4334080895117014e-06,-9.944831362576016e-07,-1.0022217449279225e-06,3.868e-09,3.87060871647828e-09,0.0,0.0
3.1204540632101058e-09,1.35,1.3500737836597931,1.3500598163870494,1.3500375308104253,2.1701076409683107e-06,-1.4099322938995481e-06,-9.684206527442538e-07,-9.761591595047747e-07,3.868e-09,3.8705070581364045e-09,0.0,0.0
3.122454063210106e-09,1.35,1.3500743408811913,1.3500580355478786,1.3500360488204461,2.1864965056225816e-06,-1.3862548322327168e-06,-9.426894054111006e-07,-9.50427813561916e-07,3.868e-09,3.870408061205799e-09,0.0,0.0
3.124454063210106e-09,1.35,1.3500748531498317,1.350056247520919,1.3500346061212367,2.2015632303376553e-06,-1.3624268199049542e-06,-9.173428477438116e-07,-9.25081159230956e-07,3.868e-09,3.8703116888986036e-09,0.0,0.0
3.1264540632101064e-09,1.35,1.35007531949781,1.3500544544610584,1.3500332020822514,2.2152793473437238e-06,-1.3384980826131701e-06,-8.924313039547407e-07,-9.001695218113781e-07,3.868e-09,3.870217899094385e-09,0.0,0.0
3.1284540632101066e-09,1.35,1.3500757390218632,1.350052658521452,1.350031835997997,2.227618290086275e-06,-1.3145170882687631e-06,-8.68001882551846e-07,-8.757400089542955e-07,3.868e-09,3.870126644666203e-09,0.0,0.0
3.1304540632101068e-09,1.35,1.3500761108916541,1.3500508618462963,1.350030507093035,2.2385556368784143e-06,-1.2905307504835852e-06,-8.440984037786769e-07,-8.518364413845347e-07,3.868e-09,3.870037873814722e-09,0.0,0.0
3.132454063210107e-09,1.35,1.3500764343529803,1.3500490665638174,1.3500292145270862,2.248069205297576e-06,-1.2665843860216304e-06,-8.207613407966224e-07,-8.28499292060414e-07,3.868e-09,3.86995153040936e-09,0.0,0.0
3.134454063210107e-09,1.35,1.3500767087365924,1.3500472747793821,1.350027957400214,2.2561393115336226e-06,-1.242721593460909e-06,-7.980277745103272e-07,-8.057656419868664e-07,3.868e-09,3.869867554334295e-09,0.0,0.0
3.1364540632101074e-09,1.35,1.3500769334648837,1.3500454885689568,1.3500267347580686,2.2627489671619982e-06,-1.2189841242409098e-06,-7.759313618367798e-07,-7.836691475748836e-07,3.868e-09,3.869785881838969e-09,0.0,0.0
3.1384540632101076e-09,1.35,1.3500771080495961,1.350043709972644,1.350025545597168,2.2678838116491074e-06,-1.1954119223451838e-06,-7.545023172243282e-07,-7.622400235440807e-07,3.868e-09,3.869706445890809e-09,0.0,0.0
3.1404540632101078e-09,1.35,1.3500772320913206,1.3500419409881828,1.350024388870199,2.2715320976557374e-06,-1.172043079427878e-06,-7.337674074165247e-07,-7.415050362613584e-07,3.868e-09,3.869629176529288e-09,0.0,0.0
3.142454063210108e-09,1.35,1.3500773052912975,1.350040183565029,1.3500232634913147,2.2736850381552265e-06,-1.148913594341413e-06,-7.137499591527811e-07,-7.214875130667764e-07,3.868e-09,3.869554001219824e-09,0.0,0.0
3.143952616716599e-09,1.35,1.3500773266992216,1.3500388754360884,1.350022440175527,2.2743146829845573e-06,-1.131759738622464e-06,-6.992331904521381e-07,-7.069706891016381e-07,3.868e-09,3.869499003725201e-09,0.0,0.0
3.144152616716599e-09,1.35,1.3500773273837998,1.3500387015315563,1.3500223317034248,2.2743348176354483e-06,-1.129483933671887e-06,-6.973311712948926e-07,-7.050686632315006e-07,3.868e-09,3.869491757788776e-09,0.0,0.0
3.144552616716599e-09,1.35,1.3500773272191804,1.3500383540269372,1.3500221153421392,2.274329975890388e-06,-1.1249384285098049e-06,-6.935422116015604e-07,-7.012796892080786e-07,3.868e-09,3.86947730485489e-09,0.0,0.0
3.145352616716599e-09,1.35,1.3500773207548362,1.3500376608873135,1.3500216860891403,2.2741398481157526e-06,-1.115884873853829e-06,-6.860551076199781e-07,-6.937925562944258e-07,3.868e-09,3.8694486307545624e-09,0.0,0.0
3.146952616716599e-09,1.35,1.3500772832766061,1.3500362825107355,1.3500208411800767,2.2730375472332365e-06,-1.0979339628122818e-06,-6.714472796671284e-07,-6.791846718368078e-07,3.868e-09,3.869392190829124e-09,0.0,0.0
3.1489526167165993e-09,1.35,1.3500771904194702,1.35003457544643,1.350019809792849,2.270306454998927e-06,-1.0758056768926804e-06,-6.538814000540526e-07,-6.616187229191439e-07,3.868e-09,3.869323294162314e-09,0.0,0.0
3.1509526167165995e-09,1.35,1.35007704656633,1.3500328875677081,1.3500188048310213,2.2660754802894534e-06,-1.054045844960463e-06,-6.370943970267088e-07,-6.448316531848519e-07,3.868e-09,3.869256162712219e-09,0.0,0.0
3.1529526167165997e-09,1.35,1.3500768519454853,1.3500312204886125,1.3500178250918071,2.260351337796118e-06,-1.0326789976237818e-06,-6.210921348974961e-07,-6.288293252776356e-07,3.868e-09,3.869190716132708e-09,0.0,0.0
3.1549526167166e-09,1.35,1.3500766068841088,1.350029575746036,1.3500168693658081,2.2531436502520874e-06,-1.011727544746079e-06,-6.0587734707128e-07,-6.136144736768046e-07,3.868e-09,3.869126873635976e-09,0.0,0.0
3.1569526167166e-09,1.35,1.3500763118097607,1.3500279547967557,1.3500159364417619,2.244464992959272e-06,-9.912113170170144e-07,-5.914497224129367e-07,-5.991867868537781e-07,3.868e-09,3.86906455430969e-09,0.0,0.0
3.1589526167166003e-09,1.35,1.3500759672341278,1.3500263590148163,1.3500150251111538,2.2343304155181265e-06,-9.711480294281184e-07,-5.778059999345239e-07,-5.855430036394438e-07,3.868e-09,3.869003677425072e-09,0.0,0.0
3.1609526167166005e-09,1.35,1.3500755737404073,1.3500247896890674,1.3500141341726777,2.2227570707980537e-06,-9.515529391253945e-07,-5.649400713501809e-07,-5.726770153646754e-07,3.868e-09,3.86894416273487e-09,0.0,0.0
3.1629526167166007e-09,1.35,1.3500751321173432,1.3500232480236272,1.350013262436531,2.2097681571450756e-06,-9.324379455159599e-07,-5.528430895821064e-07,-5.605799755503682e-07,3.868e-09,3.868885930760261e-09,0.0,0.0
3.164952616716601e-09,1.35,1.3500746432994952,1.3500217351374844,1.350012408728542,2.1953911616204302e-06,-9.138131389486849e-07,-5.415035818665892e-07,-5.492404107076965e-07,3.868e-09,3.86882890306659e-09,0.0,0.0
3.166952616716601e-09,1.35,1.3500741080066696,1.350020252058505,1.3500115718941155,2.1796472549837076e-06,-8.956882664966584e-07,-5.309075708882305e-07,-5.38644343794914e-07,3.868e-09,3.8687730025269146e-09,0.0,0.0
3.1689526167166013e-09,1.35,1.3500735272657651,1.3500187997224,1.350010750801988,2.1625666401445254e-06,-8.780690526722481e-07,-5.210387040792928e-07,-5.287754223370911e-07,3.868e-09,3.86871815357278e-09,0.0,0.0
3.1709526167166015e-09,1.35,1.3500729021565117,1.3500173789756826,1.350009944347779,2.144181073866769e-06,-8.609591557424401e-07,-5.118783858299152e-07,-5.196150500985652e-07,3.868e-09,3.86866428243164e-09,0.0,0.0
3.1729526167166017e-09,1.35,1.3500722338345195,1.3500159905756157,1.3500091514573387,2.1245245446846472e-06,-8.443599750439354e-07,-5.034059118248823e-07,-5.111425231962841e-07,3.868e-09,3.8686113173502225e-09,0.0,0.0
3.174952616716602e-09,1.35,1.3500715235351946,1.350014635192379,1.350008371089887,2.103633388067516e-06,-8.282700112415475e-07,-4.955986057183668e-07,-5.033351648808804e-07,3.868e-09,3.868559188804446e-09,0.0,0.0
3.176952616716602e-09,1.35,1.3500707725694292,1.3500133134130956,1.3500076022409424,2.0815461596740414e-06,-8.126848538702328e-07,-4.884319556175279e-07,-4.961684632043273e-07,3.868e-09,3.868507829694942e-09,0.0,0.0
3.1789526167166023e-09,1.35,1.3500699823214957,1.3500120257408554,1.350006843945041,2.058303573394815e-06,-7.975999569414992e-07,-4.81879751904014e-07,-4.896162089096379e-07,3.868e-09,3.8684571755287405e-09,0.0,0.0
3.1809526167166025e-09,1.35,1.3500691542413696,1.3500107725856434,1.350006095278234,2.0339482755746263e-06,-7.830121689662314e-07,-4.759142335120266e-07,-4.836506406480368e-07,3.868e-09,3.868407164586018e-09,0.0,0.0
3.1829526167166027e-09,1.35,1.350068289847584,1.3500095542594075,1.3500053553603553,2.008524928938382e-06,-7.689164485730271e-07,-4.705062446213378e-07,-4.782426021865405e-07,3.868e-09,3.868357738071731e-09,0.0,0.0
3.184952616716603e-09,1.35,1.3500673907227343,1.3500083709852178,1.3500046233570462,1.9820800804121186e-06,-7.553024598362795e-07,-4.656253912488275e-07,-4.7336170005962686e-07,3.868e-09,3.868308840250686e-09,0.0,0.0
3.186952616716603e-09,1.35,1.3500664585006534,1.3500072229115034,1.3500038984815488,1.9546617839177882e-06,-7.42155754189654e-07,-4.612401867022274e-07,-4.689764470100499e-07,3.868e-09,3.868260418567441e-09,0.0,0.0
3.1889526167166033e-09,1.35,1.3500654948688764,1.3500061101168639,1.350003179996282,1.926319672829191e-06,-7.294615564609514e-07,-4.57318188094402e-07,-4.650544003226287e-07,3.868e-09,3.8682124237516246e-09,0.0,0.0
3.1909526167166035e-09,1.35,1.3500645015598618,1.3500050326075115,1.3500024672142068,1.897104701810426e-06,-7.172049128818345e-07,-4.538261331238011e-07,-4.6156229771554536e-07,3.868e-09,3.8681648099090065e-09,0.0,0.0
3.1929526167166037e-09,1.35,1.350063480352257,1.3500039903178258,1.3500017594999805,1.8670691840291798e-06,-7.053692732098461e-07,-4.5073007927561026e-07,-4.584661965623127e-07,3.868e-09,3.868117534598697e-09,0.0,0.0
3.194952616716604e-09,1.35,1.3500624330671862,1.3500029831127496,1.3500010562708964,1.8362666819454754e-06,-6.939372711287154e-07,-4.4799554241845875e-07,-4.557316128916966e-07,3.868e-09,3.868070558895878e-09,0.0,0.0
3.196952616716604e-09,1.35,1.3500613615611496,1.3500020107888338,1.3500003569976113,1.8047517985134154e-06,-6.828908917450747e-07,-4.4558763428147186e-07,-4.533236579451483e-07,3.868e-09,3.868023847440432e-09,0.0,0.0
3.1989526167166043e-09,1.35,1.3500602677162412,1.3500010730760283,1.3499996612046623,1.7725798894391298e-06,-6.722112057668642e-07,-4.434711989156426e-07,-4.5120717606650373e-07,3.868e-09,3.867977368471443e-09,0.0,0.0
3.2009526167166045e-09,1.35,1.3500591534404158,1.3500001696405797,1.349998968470748,1.7398070710494817e-06,-6.618783581406784e-07,-4.416109468492139e-07,-4.493469123456606e-07,3.8679654437700545e-09,3.868e-09,0.0,0.0
3.2029526167166047e-09,1.35,1.35005802065535,1.3499993000881516,1.3499982784288704,1.7064898632304648e-06,-6.518717316087611e-07,-4.399715859800457e-07,-4.4770752860578966e-07,3.867942327367163e-09,3.868e-09,0.0,0.0
3.204952616716605e-09,1.35,1.3500568712843144,1.3499984639666753,1.3499975907662574,1.6726848327680566e-06,-6.421701769999553e-07,-4.385179490345309e-07,-4.4625386874663775e-07,3.8679192906696155e-09,3.868e-09,0.0,0.0
3.206952616716605e-09,1.35,1.3500557072589285,1.3499976607696884,1.3499969052240401,1.638448792008751e-06,-6.327517917721407e-07,-4.372151172113122e-07,-4.4495101381158975e-07,3.867896325005349e-09,3.868e-09,0.0,0.0
3.2089526167166053e-09,1.35,1.3500545305254374,1.349996889940617,1.3499962215967893,1.6038389834480138e-06,-6.235939131023883e-07,-4.360285389905412e-07,-4.437644123278517e-07,3.86787342349244e-09,3.868e-09,0.0,0.0
3.2109526167166055e-09,1.35,1.3500533430330353,1.3499961508768517,1.349995539731861,1.5689127363244237e-06,-6.146734609318984e-07,-4.3492414351507976e-07,-4.426599942153331e-07,3.867850581017344e-09,3.868e-09,0.0,0.0
3.2129526167166057e-09,1.35,1.35005214672009,1.3499954429334355,1.3499948595285756,1.5337270614715348e-06,-6.059670091344721e-07,-4.3386844868068594e-07,-4.416042767019235e-07,3.867827794207281e-09,3.868e-09,0.0,0.0
3.214952616716606e-09,1.35,1.3500509435013621,1.3499947654266493,1.3499941809372324,1.498338275354727e-06,-5.974509764051555e-07,-4.3282866402799287e-07,-4.4056446935059057e-07,3.867805061397282e-09,3.868e-09,0.0,0.0
3.216952616716606e-09,1.35,1.3500497352697032,1.3499941176376862,1.349993503957971,1.4628020500867533e-06,-5.891015905418242e-07,-4.317727882714815e-07,-4.3950857087082795e-07,3.867782382592019e-09,3.868e-09,0.0,0.0
3.2189526167166063e-09,1.35,1.3500485238921653,1.3499934988164795,1.3499928286394847,1.4271732989776242e-06,-5.808950386171112e-07,-4.306697011645811e-07,-4.3840546104512157e-07,3.867759759422739e-09,3.868e-09,0.0,0.0
3.2209526167166065e-09,1.35,1.350047311204484,1.3499929081853195,1.3499921550776013,1.3915060142269398e-06,-5.728075986046476e-07,-4.294892495797925e-07,-4.372249868822564e-07,3.867737195099637e-09,3.868e-09,0.0,0.0
3.2229526167166067e-09,1.35,1.3500460990050618,1.3499923449422762,1.3499914834137325,1.3558530900445454e-06,-5.648157714762801e-07,-4.2820232788905177e-07,-4.359380429974635e-07,3.867714694360043e-09,3.868e-09,0.0,0.0
3.224952616716607e-09,1.35,1.3500448890510914,1.349991808264447,1.3499908138332033,1.3202662085681771e-06,-5.568963901856235e-07,-4.267809527156753e-07,-4.345166448871396e-07,3.867692263412304e-09,3.868e-09,0.0,0.0
3.226952616716607e-09,1.35,1.350043683053113,1.3499912973109904,1.3499901465634743,1.2847956797901183e-06,-5.490267624915281e-07,-4.251983321523203e-07,-4.329340022035666e-07,3.8676699098763886e-09,3.868e-09,0.0,0.0
3.2289526167166073e-09,1.35,1.3500424826710469,1.3499908112259655,1.349989481872259,1.2494903249005151e-06,-5.411847564331082e-07,-4.2342892956248775e-07,-4.311645775967321e-07,3.867647642720681e-09,3.868e-09,0.0,0.0
3.2309526167166075e-09,1.35,1.3500412895121647,1.3499903491411838,1.3499888200655474,1.2143974166059501e-06,-5.333488315655655e-07,-4.2144852195906326e-07,-4.2918414755455103e-07,3.867625472195836e-09,3.868e-09,0.0,0.0
3.2329526167166077e-09,1.35,1.350040105125936,1.3499899101790251,1.3499881614855442,1.1795625275284882e-06,-5.254981361196609e-07,-4.1923425287684543e-07,-4.2696985658174924e-07,3.867603409765729e-09,3.868e-09,0.0,0.0
3.234952616716608e-09,1.35,1.3500389309335161,1.3499894934548895,1.3499875065085303,1.1450274563507001e-06,-5.176126918953473e-07,-4.167646798804419e-07,-4.245002613867399e-07,3.8675814680357584e-09,3.868e-09,0.0,0.0
3.235651170223099e-09,1.35,1.3500385235090544,1.349989353001722,1.349987278652591,1.1330443839482895e-06,-5.148471761457445e-07,-4.1583870292907603e-07,-4.2357427676442683e-07,3.867573834861803e-09,3.868e-09,0.0,0.0
3.235851170223099e-09,1.35,1.3500384071434262,1.3499893133678176,1.3499872135292914,1.1296218654713308e-06,-5.140561293016323e-07,-4.1556587671934546e-07,-4.233014487819986e-07,3.867571653231257e-09,3.868e-09,0.0,0.0
3.236251170223099e-09,1.35,1.350038174724905,1.349989234517237,1.3499870833675187,1.122786026611089e-06,-5.124679446462333e-07,-4.150145045253768e-07,-4.2275007205994086e-07,3.867567292811875e-09,3.868e-09,0.0,0.0
3.237051170223099e-09,1.35,1.3500377114622792,1.349989079298001,1.34998682356363,1.109160655266006e-06,-5.092834671805944e-07,-4.138770064310705e-07,-4.2161256530448554e-07,3.867558589381602e-09,3.868e-09,0.0,0.0
3.238651170223099e-09,1.35,1.3500367913554054,1.34998877857301,1.3499863061440005,1.082098688390265e-06,-5.02877731888421e-07,-4.1145879189549966e-07,-4.1919433368953207e-07,3.867541255824022e-09,3.868e-09,0.0,0.0
3.2406511702230993e-09,1.35,1.3500356540396425,1.3499884203183978,1.3499856637694678,1.048648224775961e-06,-4.947906407440749e-07,-4.081570387247163e-07,-4.158925590580509e-07,3.86751973627717e-09,3.868e-09,0.0,0.0
3.2426511702230995e-09,1.35,1.3500345320585616,1.3499880808772007,1.349985026723767,1.015648781216294e-06,-4.866000268407643e-07,-4.045313540234621e-07,-4.122668524342288e-07,3.8674983952461906e-09,3.868e-09,0.0,0.0
3.2446511702230997e-09,1.35,1.3500334265605343,1.349987759365193,1.349984395516087,9.831341333532695e-07,-4.782904490731887e-07,-4.005676540601603e-07,-4.083031313051322e-07,3.867477249788912e-09,3.868e-09,0.0,0.0
3.2466511702231e-09,1.35,1.3500323386131778,1.3499874549046693,1.3499837706760647,9.511356816940819e-07,-4.698475264686555e-07,-3.9625344120178263e-07,-4.039888976681283e-07,3.867456317648165e-09,3.868e-09,0.0,0.0
3.2486511702231e-09,1.35,1.350031269199471,1.3499871666264884,1.3499831527513344,9.196823373761043e-07,-4.6125798636156214e-07,-3.9157781563786947e-07,-3.9931325135356133e-07,3.867435617169699e-09,3.868e-09,0.0,0.0
3.2506511702231003e-09,1.35,1.350030219226026,1.3499868936722856,1.3499825423050662,8.888007654653252e-07,-4.5250954996999796e-07,-3.865314819421215e-07,-3.9426689735222453e-07,3.8674151672197166e-09,3.868e-09,0.0,0.0
3.2526511702231005e-09,1.35,1.3500291895138818,1.3499866351969176,1.3499819399134947,8.585151141660141e-07,-4.435909400428252e-07,-3.811067502399769e-07,-3.8884214537127093e-07,3.867394987102065e-09,3.868e-09,0.0,0.0
3.2546511702231007e-09,1.35,1.350028180782731,1.3499863903684268,1.3499813461634529,8.288465509070919e-07,-4.344931034248947e-07,-3.752975332468964e-07,-3.830329085019457e-07,3.8673750964756775e-09,3.868e-09,0.0,0.0
3.256651170223101e-09,1.35,1.3500271936840984,1.3499861583671737,1.3499807616499104,7.998142381865359e-07,-4.2520839378250765e-07,-3.6909934104803824e-07,-3.768346967802927e-07,3.867355515271994e-09,3.868e-09,0.0,0.0
3.258651170223101e-09,1.35,1.3500262288227851,1.3499859383924795,1.3499801869735235,7.714359642613244e-07,-4.1572764020214e-07,-3.6250926987882546e-07,-3.7024460630696865e-07,3.867336263613037e-09,3.868e-09,0.0,0.0
3.2606511702231013e-09,1.35,1.3500252866837577,1.3499857296651776,1.3499796227382106,7.437259928674833e-07,-4.060450816649868e-07,-3.555259830106787e-07,-3.6326130059549655e-07,3.867317361730048e-09,3.868e-09,0.0,0.0
3.2626511702231015e-09,1.35,1.3500243676756805,1.3499855314254288,1.3499790695487581,7.166963435362161e-07,-3.961557452359491e-07,-3.481496887392183e-07,-3.558849879237158e-07,3.867298829883402e-09,3.868e-09,0.0,0.0
3.2646511702231017e-09,1.35,1.350023472124537,1.3499853429349735,1.3499785280084624,6.903566040217246e-07,-3.8605581548883777e-07,-3.403821156846209e-07,-3.4811739668683117e-07,3.867280688283489e-09,3.868e-09,0.0,0.0
3.266651170223102e-09,1.35,1.3500226002619313,1.3499851634784317,1.3499779987168137,6.647135862083986e-07,-3.7574268504017536e-07,-3.322264834921401e-07,-3.3996174653161404e-07,3.867262957013255e-09,3.868e-09,0.0,0.0
3.268651170223102e-09,1.35,1.3500217522300635,1.349984992364416,1.3499774822672275,6.397714724520887e-07,-3.652149339033618e-07,-3.2368746962581265e-07,-3.31422715493801e-07,3.867245655952114e-09,3.868e-09,0.0,0.0
3.2706511702231023e-09,1.35,1.3500209281383881,1.3499848289265493,1.3499769792448297,6.155334819971103e-07,-3.5447232807868306e-07,-3.147711724760943e-07,-3.2250640158437704e-07,3.867228804701798e-09,3.868e-09,0.0,0.0
3.2726511702231025e-09,1.35,1.3500201280843598,1.349984672524428,1.3499764902243028,5.920024811617575e-07,-3.435157696506528e-07,-3.054850709321294e-07,-3.132202834876807e-07,3.867212422514141e-09,3.868e-09,0.0,0.0
3.2746511702231027e-09,1.35,1.3500193520808366,1.3499845225444307,1.3499760157677945,5.691788481296256e-07,-3.323473404441648e-07,-2.958379806088226e-07,-3.0357317726270594e-07,3.8671965282211085e-09,3.868e-09,0.0,0.0
3.276651170223103e-09,1.35,1.3500185999962488,1.3499843784003311,1.3499755564228981,5.470587131975457e-07,-3.2097026462513906e-07,-2.85840007004318e-07,-2.9357518860351206e-07,3.8671811401670905e-09,3.868e-09,0.0,0.0
3.278651170223103e-09,1.35,1.3500178715912412,1.349984239533997,1.3499751127207056,5.256350365037687e-07,-3.0938880627542415e-07,-2.7550249573305916e-07,-2.832376619910093e-07,3.867166276143631e-09,3.868e-09,0.0,0.0
3.2806511702231033e-09,1.35,1.3500171665952263,1.3499841054160162,1.349974685173941,5.048998595949539e-07,-2.9760830585247764e-07,-2.6483797991563775e-07,-2.725731318431457e-07,3.867151953327022e-09,3.868e-09,0.0,0.0
3.2826511702231035e-09,1.35,1.3500164847032257,1.34998397554618,1.3499742742751755,4.848442125143793e-07,-2.8563510759520777e-07,-2.538601249406445e-07,-2.615952632289975e-07,3.867138188218379e-09,3.868e-09,0.0,0.0
3.2846511702231037e-09,1.35,1.3500158255485166,1.3499838494538416,1.34997388049513,4.654573093065828e-07,-2.734765803369221e-07,-2.4258367084474455e-07,-2.503187963576181e-07,3.867124996586855e-09,3.868e-09,0.0,0.0
3.286651170223104e-09,1.35,1.3500151887207203,1.3499837266980694,1.3499735042810677,4.4672708000847994e-07,-2.611410817426278e-07,-2.3102437259959249e-07,-2.3875948551577153e-07,3.867112393415768e-09,3.868e-09,0.0,0.0
3.288651170223104e-09,1.35,1.3500145737685636,1.3499836068677642,1.3499731460552797,4.286402518621779e-07,-2.4863789100193415e-07,-2.1919893854747182e-07,-2.2693403889384456e-07,3.8671003928518655e-09,3.868e-09,0.0,0.0
3.2906511702231043e-09,1.35,1.3500139801951527,1.3499834895818297,1.349972806213668,4.1118221037056424e-07,-2.359771242358471e-07,-2.0712496707944294e-07,-2.1486005641335737e-07,3.867089008157883e-09,3.868e-09,0.0,0.0
3.2926511702231045e-09,1.35,1.3500134074593695,1.3499833744892504,1.3499724851244246,3.943370402714752e-07,-2.2316973642107035e-07,-1.9482088169250032e-07,-2.0255596022700217e-07,3.8670782516682216e-09,3.868e-09,0.0,0.0
3.2946511702231047e-09,1.35,1.3500128549806716,1.3499832612691436,1.3499721831268146,3.7808766680663686e-07,-2.1022740289500672e-07,-1.8230586460777666e-07,-1.9004093276819845e-07,3.867068134748284e-09,3.868e-09,0.0,0.0
3.296651170223105e-09,1.35,1.3500123221444746,1.3499831496309773,1.3499719005300603,3.624160139562016e-07,-1.9716241939452988e-07,-1.6959978898221147e-07,-1.773348479172654e-07,3.867058667757017e-09,3.868e-09,0.0,0.0
3.298651170223105e-09,1.35,1.3500118082988777,1.349983039314571,1.3499716376123314,3.4730290816159526e-07,-1.8398777335978248e-07,-1.5672314986362942e-07,-1.644581999471484e-07,3.867049860013095e-09,3.868e-09,0.0,0.0
3.3006511702231053e-09,1.35,1.3500113127568538,1.349982930089596,1.3499713946198424,3.32728142753147e-07,-1.70717183556476e-07,-1.4369699441344006e-07,-1.5143203646594827e-07,3.8670417197647256e-09,3.868e-09,0.0,0.0
3.3026511702231055e-09,1.35,1.3500108348048467,1.3499828217549747,1.349971171766056,3.1867073078256647e-07,-1.5736496940465554e-07,-1.3054285185362495e-07,-1.3827788625242476e-07,3.867034254162872e-09,3.868e-09,0.0,0.0
3.3046511702231057e-09,1.35,1.3500103737055806,1.349982714138539,1.349970969230997,3.0510898765823136e-07,-1.4394591421661413e-07,-1.1728266317281508e-07,-1.2501769086625814e-07,3.867027469238402e-09,3.868e-09,0.0,0.0
3.306651170223106e-09,1.35,1.3500099287032299,1.3499826070969074,1.3499707871606716,2.92020683224925e-07,-1.3047515030210343e-07,-1.0393871044335652e-07,-1.116737320394634e-07,3.867021369882494e-09,3.868e-09,0.0,0.0
3.308651170223106e-09,1.35,1.3500094990241909,1.3499825005152815,1.3499706256665995,2.7938306443320293e-07,-1.1696817411739751e-07,-9.053354579468403e-08,-9.826856195438438e-08,3.867015959831086e-09,3.868e-09,0.0,0.0
3.3106511702231063e-09,1.35,1.3500090838818157,1.3499823943070202,1.3499704848254508,2.671729945752377e-07,-1.034407979686545e-07,-7.708992033671289e-08,-8.48249317453309e-08,3.867011241652595e-09,3.868e-09,0.0,0.0
3.3126511702231065e-09,1.35,1.3500086824805178,1.3499822884131536,1.349970364678795,2.5536707404932857e-07,-8.990908738363153e-08,-6.363071331362373e-08,-7.136572066634983e-08,3.867007216739634e-09,3.868e-09,0.0,0.0
3.3146511702231067e-09,1.35,1.3500082940197946,1.3499821828018712,1.3499702652329593,2.439417586611037e-07,-7.638929513608374e-08,-5.017886165999477e-08,-5.791386570308532e-08,3.867003885304141e-09,3.868e-09,0.0,0.0
3.316651170223107e-09,1.35,1.3500079176977593,1.3499820774679543,1.349970186458992,2.328734635057006e-07,-6.289781355390529e-08,-3.675729012483919e-08,-4.449229162872825e-08,3.867001246376223e-09,3.868e-09,0.0,0.0
3.318651170223107e-09,1.35,1.3500075527152169,1.3499819724321551,1.3499701282927357,2.2213868284409743e-07,-4.945111088800967e-08,-2.3388842146669295e-08,-3.11238417260995e-08,3.866999297806647e-09,3.868e-09,0.0,0.0
3.3206511702231073e-09,1.35,1.350007198278427,1.3499818677405264,1.3499700906350038,2.1171407137837717e-07,-3.6065682328210693e-08,-1.0096211655661984e-08,-1.7831210064045422e-08,3.866998036272628e-09,3.868e-09,0.0,0.0
3.3226511702231075e-09,1.35,1.3500068536009149,1.3499817634636468,1.3499700733518627,2.0157649749386053e-07,-2.2758014445594532e-08,3.0981239948707842e-09,-4.636873551788767e-09,3.866997457287399e-09,3.868e-09,0.0,0.0
3.3246511702231077e-09,1.35,1.3500065179067255,1.3499816596958512,1.349970076275015,1.9170313898114744e-07,-9.544486297265824e-09,1.6171969796511046e-08,8.436972009917554e-09,3.866997555213004e-09,3.868e-09,0.0,0.0
3.326651170223108e-09,1.35,1.3500061904479832,1.3499815565557496,1.3499700992022856,1.8207199949799024e-07,3.55930368741355e-09,2.9103478165512335e-08,2.1368479652394967e-08,3.8669983232765666e-09,3.868e-09,0.0,0.0
3.328651170223108e-09,1.35,1.3500058705796245,1.349981454183503,1.3499701418982024,1.726641065957768e-07,1.653637998781362e-08,4.187121212663285e-08,3.4136212079260986e-08,3.866999753589775e-09,3.868e-09,0.0,0.0
3.3306511702231083e-09,1.35,1.3500055573123744,1.3499813527368545,1.3499702040946746,1.6345036394499468e-07,2.9370052042549556e-08,5.4454203973785566e-08,4.671920161847254e-08,3.867001837171599e-09,3.868e-09,0.0,0.0
3.3326511702231085e-09,1.35,1.3500052500795694,1.3499812523941386,1.3499702854917588,1.5441410497474273e-07,4.204583468928716e-08,6.683201252697182e-08,5.909700773187865e-08,3.867004563973924e-09,3.868e-09,0.0,0.0
3.3346511702231087e-09,1.35,1.3500049482031207,1.349981153355099,1.3499703857585135,1.4553538589534565e-07,5.454855678518614e-08,7.898478157945202e-08,7.124977319250547e-08,3.867007922910195e-09,3.868e-09,0.0,0.0
3.336651170223109e-09,1.35,1.350004651011816,1.3499810558372118,1.3499705045339419,1.3679446517200766e-07,6.686313052235856e-08,9.089329567702007e-08,8.315828337046582e-08,3.867011901887057e-09,3.868e-09,0.0,0.0
3.338651170223109e-09,1.35,1.3500043578656735,1.3499809600742956,1.3499706414280177,1.2817251980601352e-07,7.89750276313183e-08,1.0253903189396969e-07,9.480401508277225e-08,3.86701648783859e-09,3.868e-09,0.0,0.0
3.3406511702231093e-09,1.35,1.3500040681505547,1.349980866315711,1.3499707960227891,1.19651486898964e-07,9.087019687698462e-08,1.1390420913707979e-07,1.0616918721950697e-07,3.8670216667634325e-09,3.868e-09,0.0,0.0
3.3426511702231095e-09,1.35,1.3500037812768433,1.3499807748251245,1.3499709678735548,1.1121402479497e-07,1.025350258981512e-07,1.2497183498043785e-07,1.1723680737318887e-07,3.867027423764081e-09,3.868e-09,0.0,0.0
3.3446511702231097e-09,1.35,1.3500034966845287,1.3499806858792867,1.3499711565101111,1.0284366259993849e-07,1.1395647745253945e-07,1.3572574971548994e-07,1.2799071580360533e-07,3.8670337430887215e-09,3.868e-09,0.0,0.0
3.34665117022311e-09,1.35,1.3500032138636218,1.3499805997671133,1.349971361438067,9.452540063181747e-08,1.2512218985064647e-07,1.4615066772083463e-07,1.384156269601533e-07,3.867040608175245e-09,3.868e-09,0.0,0.0
3.34865117022311e-09,1.35,1.3500029323271252,1.3499805167881895,1.349971582140217,8.624491544539925e-08,1.3602016860353194e-07,1.5623221592830656e-07,1.484971676735114e-07,3.867048001697262e-09,3.868e-09,0.0,0.0
3.3506511702231103e-09,1.35,1.350002651575361,1.349980437250492,1.349971818077971,7.798751060911213e-08,1.4663878007447687e-07,1.6595696855929622e-07,1.5822191246073203e-07,3.8670559056120305e-09,3.868e-09,0.0,0.0
3.3526511702231105e-09,1.35,1.3500023711873874,1.34998036146922,1.3499720686928374,6.974080550559147e-08,1.5696737442541543e-07,1.7531247825772374e-07,1.675774137233077e-07,3.867064301210049e-09,3.868e-09,0.0,0.0
3.3546511702231107e-09,1.35,1.350002090762283,1.3499802897659126,1.3499723334079488,6.149300831731486e-08,1.669958640867757e-07,1.8428730435182845e-07,1.7655223105705886e-07,3.867073169166281e-09,3.868e-09,0.0,0.0
3.356651170223111e-09,1.35,1.350001809932318,1.3499802224668958,1.3499726116296304,5.323330346668209e-08,1.7671486683387087e-07,1.9287103798402375e-07,1.8513595523295123e-07,3.867082489592618e-09,3.868e-09,0.0,0.0
3.358651170223111e-09,1.35,1.3500015283636224,1.3499801599021544,1.349972902749005,4.4951871239207186e-08,1.8611581854657792e-07,2.0105432392949e-07,1.9331923128973472e-07,3.867092242091665e-09,3.868e-09,0.0,0.0
3.3606511702231113e-09,1.35,1.3500012457561306,1.3499801024041165,1.349973206143627,3.6639886187572746e-08,1.9519085964487878e-07,2.0882887925832965e-07,2.01093776741601e-07,3.867102405811497e-09,3.868e-09,0.0,0.0
3.3626511702231115e-09,1.35,1.3500009618438416,1.3499800503051846,1.3499735211791437,2.8289524743596584e-08,2.0393235858897716e-07,2.1618750805968336e-07,2.0845239490085987e-07,3.867112959501307e-09,3.868e-09,0.0,0.0
3.3646511702231117e-09,1.35,1.350000676394392,1.3499800039343464,1.349973847210976,1.989395270046712e-08,2.1233295385279874e-07,2.231241109836848e-07,2.1538898709039245e-07,3.8671238815676984e-09,3.868e-09,0.0,0.0
3.366651170223112e-09,1.35,1.3500003892101666,1.3499799636154106,1.3499741835860075,1.1447357839422523e-08,2.2038633616839028e-07,2.2963368998647152e-07,2.2189855442000805e-07,3.867135150131247e-09,3.868e-09,0.0,0.0
3.368651170223112e-09,1.35,1.350000100127431,1.3499799296676072,1.349974529644283,2.9449244362544924e-09,2.28087645967116e-07,2.3571235051290072e-07,2.2797720333755933e-07,3.86714674308348e-09,3.868e-09,0.0,0.0
3.3706511702231123e-09,1.35,1.3499998090148548,1.3499799024059769,1.349974884720704,-5.6172101553508824e-09,2.354329765816098e-07,2.413573023267229e-07,2.3362214340849619e-07,3.8671586381435795e-09,3.868e-09,0.0,0.0
3.3726511702231125e-09,1.35,1.349999515774409,1.3499798821395566,1.3499752481467273,-1.4241929156832978e-08,2.424187723248966e-07,2.4656685763285204e-07,2.38831686649732e-07,3.8671708129153655e-09,3.868e-09,0.0,0.0
3.3746511702231127e-09,1.35,1.3499992203401692,1.3499798691687461,1.3499756192520567,-2.2931171503315362e-08,2.4904201712278486e-07,2.513404247970162e-07,2.436052415344392e-07,3.867183244943902e-09,3.868e-09,0.0,0.0
3.376651170223113e-09,1.35,1.3499989226788625,1.3499798637835858,1.3499759973663208,-3.168591581476088e-08,2.553004806628817e-07,2.5567849772957507e-07,2.4794330166777456e-07,3.867195911771745e-09,3.868e-09,0.0,0.0
3.378651170223113e-09,1.35,1.349998622788986,1.3499798662622617,1.349976381820732,-4.050620629886259e-08,2.611925605724318e-07,2.5958264159725315e-07,2.5184743290829203e-07,3.867208790994516e-09,3.868e-09,0.0,0.0
3.3806511702231133e-09,1.35,1.349998320699382,1.3499798768694224,1.349976771949721,-4.939119465502406e-08,2.667173146326896e-07,2.6305547491179467e-07,2.5532025293983907e-07,3.86722186031566e-09,3.868e-09,0.0,0.0
3.3826511702231135e-09,1.35,1.3499980164678305,1.34997989585478,1.349977167092541,-5.83391814648615e-08,2.7187453082737906e-07,2.661006480816257e-07,2.5836541284185444e-07,3.8672350976001154e-09,3.868e-09,0.0,0.0
3.3846511702231137e-09,1.35,1.349997710180898,1.3499799234519454,1.3499775665948355,-6.734762065391253e-08,2.7666472711060745e-07,2.687228187606746e-07,2.6098757022197105e-07,3.8672484809269875e-09,3.868e-09,0.0,0.0
3.386651170223114e-09,1.35,1.3499974019514,1.349979959877315,1.3499779698101682,-7.641319411944014e-08,2.810891245465684e-07,2.7092762419861447e-07,2.6319236212657415e-07,3.867261988640628e-09,3.868e-09,0.0,0.0
3.388651170223114e-09,1.35,1.3499970919170372,1.3499800053289857,1.3499783761015047,-8.553185185111722e-08,2.8514963070473625e-07,2.727216506877208e-07,2.64986374842735e-07,3.867275599400406e-09,3.868e-09,0.0,0.0
3.3906511702231143e-09,1.35,1.349996780242023,1.3499800599858622,1.3499787848426477,-9.469876403878086e-08,2.8884888784088336e-07,2.741124002872972e-07,2.6637711081356485e-07,3.86728929222869e-09,3.868e-09,0.0,0.0
3.3926511702231145e-09,1.35,1.3499964671170588,1.349980124006958,1.349979195419619,-1.0390832180795506e-07,2.92190252024997e-07,2.751082550995392e-07,2.673729517788104e-07,3.867303046557237e-09,3.868e-09,0.0,0.0
3.3946511702231147e-09,1.35,1.3499961527561142,1.3499801975306747,1.3499796072319838,-1.1315423194269147e-07,2.9517772951554506e-07,2.7571843925903224e-07,2.67983122137494e-07,3.867316842271456e-09,3.868e-09,0.0,0.0
3.396651170223115e-09,1.35,1.3499958373936032,1.3499802806740904,1.349980019694115,-1.2242959990943492e-07,2.978159661494155e-07,2.75952978697684e-07,2.6821764764761724e-07,3.867330659752848e-09,3.868e-09,0.0,0.0
3.398651170223115e-09,1.35,1.349995521282468,1.3499803735323284,1.3499804322363937,-1.3172698624247525e-07,3.0011021573869806e-07,2.758226588041356e-07,2.680873141258644e-07,3.867344479919188e-09,3.868e-09,0.0,0.0
3.4006511702231153e-09,1.35,1.3499952046944284,1.3499804761780387,1.3499808443063446,-1.4103839916790317e-07,3.020663412446263e-07,2.753389801631598e-07,2.676036217064137e-07,3.867358284262542e-09,3.868e-09,0.0,0.0
3.4026511702231155e-09,1.35,1.3499948879186574,1.3499805886609852,1.3499812553697,-1.5035533361407172e-07,3.0369077584822726e-07,2.745141125748635e-07,2.6677874043201655e-07,3.867372054884946e-09,3.868e-09,0.0,0.0
3.4046511702231157e-09,1.35,1.349994571260273,1.3499807110076816,1.3499816649113938,-1.5966881550255607e-07,3.049904923144176e-07,2.733608475210961e-07,2.656254616262288e-07,3.867385774531689e-09,3.868e-09,0.0,0.0
3.406651170223116e-09,1.35,1.349994255038844,1.349980843221097,1.3499820724364793,-1.6896944576849648e-07,3.059729717779582e-07,2.7189254923161085e-07,2.641571494876871e-07,3.867399426622049e-09,3.868e-09,0.0,0.0
3.408651170223116e-09,1.35,1.3499939395871725,1.3499809852804385,1.3499824774709726,-1.7824743610977967e-07,3.0664617452595495e-07,2.7012310451434395e-07,2.6238769135211726e-07,3.867412995277586e-09,3.868e-09,0.0,0.0
3.4106511702231163e-09,1.35,1.3499936252497675,1.349981137141011,1.349982879562616,-1.8749265390249903e-07,3.070185058561358e-07,2.6806687152686193e-07,2.6033144462367375e-07,3.8674264653476334e-09,3.868e-09,0.0,0.0
3.4126511702231165e-09,1.35,1.3499933123816428,1.349981298734171,1.3499832782815642,-1.966946575684969e-07,3.070987936091583e-07,2.65738627674701e-07,2.5800318792512655e-07,3.867439822432399e-09,3.868e-09,0.0,0.0
3.4146511702231167e-09,1.35,1.3499930013471055,1.349981469967405,1.349983673220988,-2.05842732192707e-07,3.068962682136027e-07,2.6315351684845154e-07,2.5541806358830854e-07,3.867453052903103e-09,3.868e-09,0.0,0.0
3.416651170223117e-09,1.35,1.3499926925155816,1.3499816507244715,1.3499840639975982,-2.149260123068819e-07,3.0642050685520205e-07,2.6032699619756277e-07,2.525915296924808e-07,3.867466143919534e-09,3.868e-09,0.0,0.0
3.418651170223117e-09,1.35,1.349992386255939,1.3499818408651256,1.3499844502520852,-2.239336488532584e-07,3.0568117675314914e-07,2.572747823350501e-07,2.4953930299886906e-07,3.86747908344485e-09,3.868e-09,0.0,0.0
3.4206511702231173e-09,1.35,1.3499920829721104,1.3499820402246008,1.3499848316494758,-2.3285376146708892e-07,3.046880614568801e-07,2.540127966968496e-07,2.4627730454973573e-07,3.8674918602574396e-09,3.868e-09,0.0,0.0
3.4226511702231175e-09,1.35,1.3499917830601653,1.3499822486189335,1.349985207879409,-2.416747010222653e-07,3.0345383172387733e-07,2.5055711329422404e-07,2.428216088201651e-07,3.867504463960205e-09,3.868e-09,0.0,0.0
3.4246511702231177e-09,1.35,1.349991486885564,1.3499824658433157,1.3499855786563322,-2.503857187072245e-07,3.0198770783435404e-07,2.469239083135403e-07,2.391883908714476e-07,3.867516884987127e-09,3.868e-09,0.0,0.0
3.426651170223118e-09,1.35,1.3499911948391699,1.3499826916685413,1.3499859437196158,-2.5897531853724676e-07,3.003007442765183e-07,2.431294066628257e-07,2.353938772792219e-07,3.867529114607122e-09,3.868e-09,0.0,0.0
3.428651170223118e-09,1.35,1.3499909073141345,1.349982925845014,1.349986302833589,-2.674319372272804e-07,2.984041981160336e-07,2.3918982873657405e-07,2.3145428729165474e-07,3.867541144925234e-09,3.868e-09,0.0,0.0
3.4306511702231183e-09,1.35,1.349990624698153,1.3499831681034489,1.3499866557874922,-2.75744171975012e-07,2.963094126559313e-07,2.3512133988140733e-07,2.273857866441631e-07,3.867552968880987e-09,3.868e-09,0.0,0.0
3.4326511702231185e-09,1.35,1.3499903473757275,1.3499834181556514,1.3499870023953555,-2.8390071390299587e-07,2.940278728729109e-07,2.3094000083264104e-07,2.232044362671104e-07,3.867564580244408e-09,3.868e-09,0.0,0.0
3.4346511702231187e-09,1.35,1.3499900757277832,1.3499836756955639,1.3499873424958009,-2.9189035932047913e-07,2.915711839035525e-07,2.266617193988742e-07,2.1892614343599348e-07,3.867575973609328e-09,3.868e-09,0.0,0.0
3.436651170223119e-09,1.35,1.3499898101282195,1.3499839404002634,1.34998767595177,-2.99702111197786e-07,2.8895097488198205e-07,2.2230220360353048e-07,2.1456661625229856e-07,3.867587144384286e-09,3.868e-09,0.0,0.0
3.438651170223119e-09,1.35,1.349989550942846,1.3499842119306547,1.349988002650181,-3.07325210419096e-07,2.8617874947410313e-07,2.1787691616267837e-07,2.101413181243572e-07,3.867598088781066e-09,3.868e-09,0.0,0.0
3.4406511702231193e-09,1.35,1.3499892985347635,1.349984489932616,1.3499883225015188,-3.147489775479073e-07,2.8326617199495455e-07,2.1340103045926727e-07,2.0566542136002397e-07,3.867608803800875e-09,3.868e-09,0.0,0.0
3.4426511702231195e-09,1.35,1.3499890532610421,1.3499847740391218,1.349988635439358,-3.2196291053360193e-07,2.802251808397261e-07,2.0888938889154947e-07,2.0115376919704886e-07,3.867619287218489e-09,3.868e-09,0.0,0.0
3.4446511702231197e-09,1.35,1.3499888154618174,1.349985063871207,1.349988941419822,-3.2895700537854955e-07,2.770672179586494e-07,2.043564635639209e-07,1.9662083383664708e-07,3.8676295375640365e-09,3.868e-09,0.0,0.0
3.44665117022312e-09,1.35,1.349988585468627,1.3499853590386717,1.3499892404209857,-3.357215109731082e-07,2.7380379403765864e-07,1.9981631859083797e-07,1.9208067869591616e-07,3.867639554103013e-09,3.868e-09,0.0,0.0
3.44865117022312e-09,1.35,1.3499883635999113,1.3499856591416672,1.349989532442219,-3.422470614411477e-07,2.704462877421434e-07,1.9528257442504807e-07,1.8754692487910063e-07,3.8676493368143425e-09,3.868e-09,0.0,0.0
3.4506511702231203e-09,1.35,1.3499881501590598,1.3499859637719782,1.349989817503481,-3.4852473353857993e-07,2.670059258548605e-07,1.9076837459405024e-07,1.830327154284106e-07,3.867658886366612e-09,3.868e-09,0.0,0.0
3.4526511702231205e-09,1.35,1.3499879454377184,1.3499862725143403,1.3499900956445592,-3.5454594946721096e-07,2.63493757666663e-07,1.8628635475121877e-07,1.7855068645822314e-07,3.867668204092726e-09,3.868e-09,0.0,0.0
3.4546511702231207e-09,1.35,1.3499877497233705,1.3499865849477715,1.349990366924269,-3.603022538101186e-07,2.599206265908056e-07,1.818486141192191e-07,1.741129367349714e-07,3.867677291963011e-09,3.868e-09,0.0,0.0
3.456651170223121e-09,1.35,1.3499875632938512,1.3499869006469045,1.349990631419607,-3.65785474971958e-07,2.562971459263031e-07,1.7746668938144368e-07,1.697310030301935e-07,3.867686152556839e-09,3.868e-09,0.0,0.0
3.458651170223121e-09,1.35,1.349987386400824,1.3499872191833011,1.349990889224868,-3.7098821106112956e-07,2.5263366360222254e-07,1.7315153105627087e-07,1.654158361397151e-07,3.867694789033075e-09,3.868e-09,0.0,0.0
3.4606511702231213e-09,1.35,1.349987219265631,1.3499875401267563,1.3499911404507259,-3.7590395203512816e-07,2.4894024700279976e-07,1.6891348237387926e-07,1.6117777890123364e-07,3.867703205099314e-09,3.868e-09,0.0,0.0
3.4626511702231215e-09,1.35,1.3499870620913867,1.3499878630466182,1.349991385223286,-3.805267239226362e-07,2.452266674056113e-07,1.647622606960582e-07,1.5702654909688363e-07,3.86771140498008e-09,3.868e-09,0.0,0.0
3.4646511702231217e-09,1.35,1.3499869150719814,1.3499881875130808,1.3499916236831098,-3.8485082408390436e-07,2.415023667554425e-07,1.6070694150199967e-07,1.5297122191171297e-07,3.867719393384175e-09,3.868e-09,0.0,0.0
3.466651170223122e-09,1.35,1.3499867783855404,1.3499885130984397,1.3499918559842168,-3.888710135221962e-07,2.37776443026325e-07,1.5675594492727766e-07,1.4902021749918504e-07,3.86772717547126e-09,3.868e-09,0.0,0.0
3.468651170223122e-09,1.35,1.349986652189966,1.3499888393783084,1.3499920822930684,-3.9258264806357746e-07,2.3405762136677815e-07,1.5291702483595775e-07,1.451812898789484e-07,3.867734756817791e-09,3.868e-09,0.0,0.0
3.4706511702231223e-09,1.35,1.3499865366256874,1.3499891659327894,1.3499923027875365,-3.959815974355352e-07,2.30354241005197e-07,1.491972603941778e-07,1.414615180550527e-07,3.867742143382464e-09,3.868e-09,0.0,0.0
3.4726511702231225e-09,1.35,1.3499864318138586,1.349989492347631,1.349992517655859,-3.9906429828012735e-07,2.2667424598779203e-07,1.4560305012579263e-07,1.3786730046483342e-07,3.8677493414712755e-09,3.868e-09,0.0,0.0
3.4746511702231227e-09,1.35,1.3499863378545505,1.3499898182153596,1.3499927270955918,-4.018278073475434e-07,2.2302517390318913e-07,1.4214010843512093e-07,1.3440435209233215e-07,3.867756357702325e-09,3.868e-09,0.0,0.0
3.476651170223123e-09,1.35,1.3499862548265138,1.3499901431363635,1.3499929313125558,-4.042698084211205e-07,2.194141380610987e-07,1.3881346455787112e-07,1.310777011376274e-07,3.867763198970619e-09,3.868e-09,0.0,0.0
3.478651170223123e-09,1.35,1.349986182787295,1.3499904667199456,1.3499931305197828,-4.063886089727964e-07,2.1584783069215888e-07,1.3562746389774588e-07,1.2789169390181598e-07,3.867769872412716e-09,3.868e-09,0.0,0.0
3.4806511702231233e-09,1.35,1.3499861217729197,1.349990788585348,1.3499933249364664,-4.081831494265331e-07,2.1233250981931326e-07,1.3258577171045265e-07,1.2484999523110218e-07,3.867776385371629e-09,3.868e-09,0.0,0.0
3.4826511702231235e-09,1.35,1.3499860717966747,1.3499911083626612,1.349993514786921,-4.09653038983826e-07,2.0887396554965927e-07,1.2969137904621578e-07,1.2195559606631434e-07,3.867782745361851e-09,3.868e-09,0.0,0.0
3.4846511702231237e-09,1.35,1.349986032849517,1.3499914256936194,1.3499937002995501,-4.1079854361941726e-07,2.0547751064113915e-07,1.2694661080832597e-07,1.1921082143651063e-07,3.867788960034935e-09,3.868e-09,0.0,0.0
3.486651170223124e-09,1.35,1.3499860049009853,1.349991740232375,1.349993881705829,-4.116205592624711e-07,2.021479974579472e-07,1.2435313583741316e-07,1.1661734067303087e-07,3.8677950371452695e-09,3.868e-09,0.0,0.0
3.488651170223124e-09,1.35,1.349985987899096,1.349992051646278,1.3499940592393047,-4.121206148288703e-07,1.9888982731547171e-07,1.2191197899509652e-07,1.1417617784559297e-07,3.867800984516706e-09,3.868e-09,0.0,0.0
3.490149723729615e-09,1.35,1.349985982294434,1.349992282749938,1.3499941898574594,-4.122854578292312e-07,1.9649763688679648e-07,1.2018296869416994e-07,1.1244716313640879e-07,3.867805360224887e-09,3.868e-09,0.0,0.0
3.490349723729615e-09,1.35,1.3499859820041098,1.3499923134229666,1.3499942071226376,-4.122939967765582e-07,1.9618193954635281e-07,1.199594634689646e-07,1.1222365681184954e-07,3.867805938608359e-09,3.868e-09,0.0,0.0
3.4907497237296153e-09,1.35,1.3499859817475985,1.3499923746942524,1.3499942415846926,-4.123015412277331e-07,1.9555217494250118e-07,1.1951550625278725e-07,1.1177969860831638e-07,3.8678070930872e-09,3.868e-09,0.0,0.0
3.491549723729615e-09,1.35,1.3499859825311262,1.349992496781229,1.349994310104627,-4.122784962937165e-07,1.9430229627415418e-07,1.1864589642636468e-07,1.1091008667030167e-07,3.867809388505003e-09,3.868e-09,0.0,0.0
3.493149723729615e-09,1.35,1.3499859892431114,1.3499927390640527,1.3499944455839892,-4.1208108496337825e-07,1.9184149537566576e-07,1.1697969108778652e-07,1.0924387683353132e-07,3.867813927063633e-09,3.868e-09,0.0,0.0
3.4951497237296154e-09,1.35,1.3499860071948322,1.3499930381964367,1.3499946121540964,-4.115530931741995e-07,1.8884007326355463e-07,1.1503308289977695e-07,1.072972630744573e-07,3.867819507162225e-09,3.868e-09,0.0,0.0
3.4971497237296156e-09,1.35,1.349986035638076,1.3499933329534544,1.349994775844679,-4.1071652718410734e-07,1.85923566815828e-07,1.1323631948247353e-07,1.055004941186155e-07,3.8678249907967545e-09,3.868e-09,0.0,0.0
3.4991497237296158e-09,1.35,1.3499860744129202,1.34999362308202,1.349994936884664,-4.095760905847845e-07,1.83093966342756e-07,1.1158731660877112e-07,1.038514858553441e-07,3.867830385636238e-09,3.868e-09,0.0,0.0
3.5e-09,1.35,1.3499860939920265,1.3499937449725241,1.3499950045948275,-4.0900023452056233e-07,1.8191771834333034e-07,1.1093049299227891e-07,1.0319466015040746e-07,3.867832653926725e-09,3.868e-09,0.0,0.0
3.5002e-09,1.348920000000002,1.3493432417210838,1.3499937734889793,1.3499950204478546,1.2448285914172519e-05,1.8164389891838174e-07,1.1078050799536322e-07,1.0304467457089572e-07,3.867833185003121e-09,3.868e-09,0.0,0.0
3.5006e-09,1.3467600000000013,1.3480575374678494,1.3499938304216599,1.3499950521082,3.8162866701413334e-05,1.8109772549424572e-07,1.104834054645534e-07,1.0274757089590025e-07,3.867834245624704e-09,3.868e-09,0.0,0.0
3.5014e-09,1.3424400000000023,1.3454861301681293,1.3499939436806074,1.349995115159911,8.959206376844137e-05,1.800162484654018e-07,1.0990632628093359e-07,1.0217048962424258e-07,3.867836357857013e-09,3.868e-09,0.0,0.0
3.503e-09,1.3338000000000019,1.3403433203331376,1.3499941677237917,1.3499952402395954,0.0001924505980334043,1.7789674252187692e-07,1.0881983719538465e-07,1.0108399628450115e-07,3.86784054802644e-09,3.868e-09,0.0,0.0
3.505e-09,1.3230000000000006,1.3339148168060344,1.3499944430141773,1.3499953948045125,0.0003210240237068798,1.7532865824222704e-07,1.0758624203761197e-07,9.985039595150624e-08,3.867845725951168e-09,3.868e-09,0.0,0.0
3.5070000000000004e-09,1.3121999999999996,1.3274863228040918,1.3499947128453709,1.3499955475751944,0.0004495977295321252,1.7285102821233505e-07,1.0648734114339451e-07,9.87514898742603e-08,3.8678508437690154e-09,3.868e-09,0.0,0.0
3.5090000000000006e-09,1.3013999999999983,1.3210578380809088,1.3499949770481,1.3499956987554413,0.0005781717082620694,1.7046375663405506e-07,1.0551868738961547e-07,9.77828313875051e-08,3.86785590830728e-09,3.868e-09,0.0,0.0
3.511000000000001e-09,1.2905999999999973,1.314629362378944,1.3499952354705274,1.3499958485419046,0.000706745952321966,1.6816630921136297e-07,1.0467543216528732e-07,9.693957081502447e-08,3.867860926153799e-09,3.868e-09,0.0,0.0
3.513000000000001e-09,1.2797999999999963,1.3082008954119502,1.3499954879777472,1.3499959971234878,0.0008353204532927649,1.6595756445074143e-07,1.0395235340511684e-07,9.621648744406741e-08,3.867865903636836e-09,3.868e-09,0.0,0.0
3.515000000000001e-09,1.268999999999995,1.301772436859543,1.3499957344517481,1.3499961446807955,0.0009638952017514066,1.6383625117653818e-07,1.0334388394150039e-07,9.560801306207622e-08,3.867870846806654e-09,3.868e-09,0.0,0.0
3.5170000000000014e-09,1.258199999999994,1.2953439864454876,1.3499959747920474,1.3499962913856247,0.0010924701895733413,1.618009021787701e-07,1.028441407628037e-07,9.510826481928802e-08,3.8678757614184256e-09,3.868e-09,0.0,0.0
3.5190000000000016e-09,1.247399999999993,1.2889155438438038,1.3499962089153381,1.349996437400501,0.001221045407170905,1.598494691553064e-07,1.0244695494915964e-07,9.471107387248878e-08,3.867880652916779e-09,3.868e-09,0.0,0.0
3.521000000000002e-09,1.2365999999999917,1.2824871087211902,1.3499964367548027,1.3499965828782625,0.001349620844741134,1.5797960114205264e-07,1.0214590149301532e-07,9.44100155830796e-08,3.86788552642179e-09,3.868e-09,0.0,0.0
3.523000000000002e-09,1.2257999999999907,1.2760586807347098,1.349996658259925,1.3499967279616887,0.001478196492197624,1.561886749116932e-07,1.0193432904476076e-07,9.419843838287534e-08,3.867890386716568e-09,3.868e-09,0.0,0.0
3.525000000000002e-09,1.2149999999999896,1.269630259531065,1.3499968733962058,1.3499968727831753,0.0016067723391492705,1.5447377551283312e-07,1.0180538975658633e-07,9.406949419421551e-08,3.867895238236369e-09,3.868e-09,0.0,0.0
3.5270000000000024e-09,1.2041999999999884,1.2632018447481141,1.349997082144769,1.3499970174644544,0.0017353483749448784,1.5283171941591466e-07,1.0175206905922805e-07,9.401616862803053e-08,3.8679000850592205e-09,3.868e-09,0.0,0.0
3.5290000000000026e-09,1.1933999999999874,1.2567734360176912,1.3499972845019659,1.3499971621163613,0.0018639245887559983,1.512590917049372e-07,1.0176721525775954e-07,9.403131029372958e-08,3.867904930898104e-09,3.868e-09,0.0,0.0
3.531000000000003e-09,1.1825999999999863,1.2503450329664143,1.3499974804789305,1.3499973068386453,0.0019925009696008175,1.4975224378494637e-07,1.0184356886598286e-07,9.410765899886542e-08,3.867909779094611e-09,3.868e-09,0.0,0.0
3.533000000000003e-09,1.171799999999985,1.2439166352104816,1.3499976701009746,1.3499974517198263,0.002121077506191074,1.4830727233012912e-07,1.0197379151180054e-07,9.423787661333449e-08,3.867914632614184e-09,3.868e-09,0.0,0.0
3.535000000000003e-09,1.160999999999984,1.237488242359988,1.3499978534069723,1.3499975968370965,0.0022496541870589415,1.4692009441464816e-07,1.021504942668762e-07,9.441457438086331e-08,3.867919494042729e-09,3.868e-09,0.0,0.0
3.5370000000000034e-09,1.150199999999983,1.2310598540288185,1.3499980304489188,1.3499977422562623,0.002378231000848108,1.4558651285212054e-07,1.0236626544546986e-07,9.46303408966287e-08,3.867924365584788e-09,3.868e-09,0.0,0.0
3.5390000000000036e-09,1.1393999999999818,1.224631469824981,1.3499982012913985,1.3499978880317312,0.0025068079360293857,1.4430216282592793e-07,1.0261369787255628e-07,9.487776853056573e-08,3.86792924906299e-09,3.868e-09,0.0,0.0
3.541000000000004e-09,1.1285999999999807,1.2182030893561038,1.3499983660109631,1.3499980342065383,0.002635384981062444,1.4306257418404573e-07,1.0288541547204006e-07,9.514948118294342e-08,3.867934145919032e-09,3.868e-09,0.0,0.0
3.543000000000004e-09,1.1177999999999795,1.211774712229934,1.3499985246955566,1.349998180812416,0.002763962124410428,1.4186318343771326e-07,1.0317409910426921e-07,9.543815959744961e-08,3.867939057215933e-09,3.868e-09,0.0,0.0
3.545000000000004e-09,1.1069999999999784,1.2053463380554232,1.349998677443789,1.3499983278698986,0.002892539354571899,1.4069929882291236e-07,1.0347251155169105e-07,9.57365673404098e-08,3.8679439836415974e-09,3.868e-09,0.0,0.0
3.5470000000000044e-09,1.0961999999999774,1.1989179664438234,1.3499988243640022,1.3499984753884677,0.0030211166601131142,1.395660801066978e-07,1.0377352140913867e-07,9.603757233911381e-08,3.8679489255136685e-09,3.868e-09,0.0,0.0
3.5490000000000046e-09,1.0853999999999764,1.192489597009772,1.3499989655734312,1.3499986233667325,0.003149694029699869,1.3845865336913288e-07,1.0407012577444766e-07,9.633417152876689e-08,3.86795388278554e-09,3.868e-09,0.0,0.0
3.551000000000005e-09,1.0745999999999751,1.186061229372438,1.3499991011977928,1.349998771792644,0.0032782714521312623,1.3737225223080773e-07,1.0435547199386542e-07,9.661951283490566e-08,3.8679588550535735e-09,3.868e-09,0.0,0.0
3.553000000000005e-09,1.063799999999974,1.1796328631563142,1.3499992313710378,1.3499989206437424,0.003406848916362941,1.3630220130056592e-07,1.046228787599749e-07,9.688691471332334e-08,3.867963841565366e-09,3.868e-09,0.0,0.0
3.555000000000005e-09,1.0529999999999728,1.1732044979921694,1.349999356234761,1.3499990698874365,0.003535426411535189,1.3524380427253864e-07,1.0486585642313813e-07,9.712988746635176e-08,3.867968841229119e-09,3.868e-09,0.0,0.0
3.5570000000000054e-09,1.0421999999999718,1.1667761335181708,1.3499994759372709,1.3499992194813129,0.003664003927005853,1.3419232569921326e-07,1.0507812609980051e-07,9.734215189460826e-08,3.8679738526239735e-09,3.868e-09,0.0,0.0
3.5590000000000056e-09,1.0313999999999708,1.1603477693807214,1.3499995906327316,1.3499993693734749,0.003792581452375019,1.3314308160728768e-07,1.0525363739637746e-07,9.751765817078706e-08,3.867978874011408e-09,3.868e-09,0.0,0.0
3.561000000000006e-09,1.0205999999999698,1.1539194052354675,1.3499997004804813,1.349999519502905,0.003921158977514643,1.3209147216075103e-07,1.0538658485660136e-07,9.765060071664777e-08,3.8679839033473205e-09,3.868e-09,0.0,0.0
3.563000000000006e-09,1.0097999999999685,1.147491040747973,1.3499998056443412,1.3499996697998546,0.004049736492588364,1.3103297432213136e-07,1.0547142320193464e-07,9.773543419022701e-08,3.8679889382951305e-09,3.868e-09,0.0,0.0
3.565000000000006e-09,0.9989999999999674,1.141062675594371,1.349999906291922,1.3499998201862558,0.004178313988070694,1.2996317788677803e-07,1.055028813294872e-07,9.776688725260385e-08,3.867993976239571e-09,3.868e-09,0.0,0.0
3.5670000000000064e-09,0.9881999999999663,1.1346343094620912,1.3500000025939982,1.3499999705761505,0.004306891454768376,1.2887781052638822e-07,1.0547597508370112e-07,9.773997611262075e-08,3.867999014301041e-09,3.868e-09,0.0,0.0
3.5690000000000066e-09,0.9773999999999652,1.1282059420505388,1.3500000947239095,1.3500001208761432,0.004435468883840398,1.277727492789827e-07,1.0538601883389523e-07,9.765001451889077e-08,3.868004049350793e-09,3.868e-09,0.0,0.0
3.571000000000007e-09,0.966599999999964,1.1217775730715,1.3500001828569617,1.3500002709858605,0.004564046266809878,1.2664403213434196e-07,1.0522863585571765e-07,9.749261797864506e-08,3.868e-09,3.868018101855478e-09,0.0,0.0
3.573000000000007e-09,0.955799999999963,1.1153492022499725,1.3500002671698483,1.3500004207984433,0.0046926235955885125,1.2548787575311562e-07,1.0499976750696569e-07,9.726373972895885e-08,3.868e-09,3.868028109336006e-09,0.0,0.0
3.575000000000007e-09,0.9449999999999619,1.1089208293250978,1.3500003478401121,1.3500005702010456,0.004821200862504,1.2430069405032847e-07,1.0469568121132533e-07,9.695964342526509e-08,3.868e-09,3.868038089429842e-09,0.0,0.0
3.5770000000000074e-09,0.9341999999999608,1.102492454050446,1.3500004250456197,1.3500007190753325,0.004949778060308389,1.23079101547184e-07,1.0431297727746085e-07,9.657692934261775e-08,3.868e-09,3.868048034232209e-09,0.0,0.0
3.5790000000000076e-09,0.9233999999999596,1.0960640761939642,1.3500004989640253,1.3500008672979988,0.005078355182176607,1.2181991785849942e-07,1.03848594543046e-07,9.611253659613794e-08,3.868e-09,3.86805793550632e-09,0.0,0.0
3.581000000000008e-09,0.9125999999999586,1.0896356955453457,1.3500005697721773,1.3500010147412942,0.005206932221923151,1.2052014312953356e-07,1.0329981479418899e-07,9.556374713781679e-08,3.868e-09,3.868067784718451e-09,0.0,0.0
3.5822482772361153e-09,0.9058593029249782,1.0856234934185243,1.350000612462322,1.350001106317406,0.005287182073339589,1.1968724677796964e-07,1.0291352084201367e-07,9.51774465907107e-08,3.868e-09,3.8680739020027174e-09,0.0,0.0
3.5824482772361153e-09,0.904779302924978,1.084980655000962,1.3500006191844436,1.3500011209500118,0.005300039766940705,1.1955248609980814e-07,1.0284801412230901e-07,9.511193943545493e-08,3.868e-09,3.868074879460779e-09,0.0,0.0
3.5828482772361154e-09,0.9026193029249772,1.0836949780709073,1.3500006325728835,1.3500011501947948,0.005325755151350888,1.192810301151821e-07,1.0271522981456275e-07,9.497915320899608e-08,3.868e-09,3.868076833012292e-09,0.0,0.0
3.5836482772361153e-09,0.8982993029249782,1.0811236238234283,1.3500006590190987,1.3500012085585067,0.005377185908777945,1.1873261358274389e-07,1.0243899182583484e-07,9.470291129076713e-08,3.868e-09,3.868080731708238e-09,0.0,0.0
3.5852482772361154e-09,0.8896593029249777,1.0759809137537162,1.3500007106301222,1.3500013247494318,0.005480047377315837,1.176131567230783e-07,1.018434302941032e-07,9.410734169712498e-08,3.868e-09,3.868088493262034e-09,0.0,0.0
3.5872482772361156e-09,0.8788593029249765,1.0695525231133387,1.3500007728485317,1.35000146889443,0.005608624123187123,1.1617007696929405e-07,1.0101725385802847e-07,9.328115613271848e-08,3.868e-09,3.8680981221479116e-09,0.0,0.0
3.5892482772361158e-09,0.8680593029249755,1.0631241289410296,1.350000832668104,1.35000161169766,0.005737200765178065,1.1467665479073994e-07,1.0009915054340953e-07,9.236304276960539e-08,3.868e-09,3.868107661403688e-09,0.0,0.0
3.591248277236116e-09,0.8572593029249744,1.0566957311027811,1.350000890254324,1.3500017530169774,0.005865777299347258,1.1313103366266092e-07,9.908818660920617e-08,9.135206990862343e-08,3.868e-09,3.868117101534084e-09,0.0,0.0
3.591316410413913e-09,0.8568913837648714,1.056476737450339,1.3500008921782425,1.3500017578038064,0.005870157461337282,1.1307744717129445e-07,9.905210403899945e-08,9.131598655010009e-08,3.868e-09,3.868117421294262e-09,0.0,0.0
3.591452676769507e-09,0.8561555454446632,1.0560387501324733,1.3500008960188992,1.3500017673717741,0.00587891778493559,1.1297008309210924e-07,9.897961317676887e-08,9.124349564793022e-08,3.868e-09,3.8681180604345135e-09,0.0,0.0
3.5915756649538683e-09,0.8554914092491117,1.0556434414898899,1.3499998189821747,1.3500017759991039,0.005886824477669948,-8.619807954576263e-06,9.887646504488733e-08,9.114034660306913e-08,3.868e-09,3.86811863674014e-09,0.0,0.0
3.591679033518589e-09,0.8549332189996193,1.0553111942153146,1.3499965545633588,1.3500017832375832,0.005893469859285159,-2.2573552630660863e-05,9.86631879957897e-08,9.092706898528036e-08,3.868e-09,3.868119120270539e-09,0.0,0.0
3.5917756979759387e-09,0.8544112309299313,1.0550004952797618,1.3499909053732604,1.3500017899822396,0.0058996842455832504,-3.532014881332708e-05,9.82212107119776e-08,9.048509097553392e-08,3.868e-09,3.8681195708135975e-09,0.0,0.0
3.5918847220050417e-09,0.8538225011727754,1.0546500701985315,1.3499816188672042,1.3500017975306284,0.005906693206639887,-4.9151819785506376e-05,9.726465898048407e-08,8.952853880472844e-08,3.868e-09,3.868120075045958e-09,0.0,0.0
3.5920150242085542e-09,0.8531188692738076,1.0542312527908382,1.3499665504874931,1.3500018064022739,0.005915070103442076,-6.560362322200955e-05,9.522896997658315e-08,8.74928491878535e-08,3.868e-09,3.868120667671885e-09,0.0,0.0
3.5921369383767656e-09,0.8524605327654664,1.0538393961981727,1.349948556557713,1.3500018144649144,0.005922907748020772,-8.09184530303821e-05,9.219100882423435e-08,8.445488774988519e-08,3.868e-09,3.8681212062562756e-09,0.0,0.0
3.592267248727359e-09,0.8517568568722615,1.053420552569687,1.3499251815493558,1.3500018226918626,0.005931285167571337,-9.720517216211009e-05,8.742833152863301e-08,7.969220972015023e-08,3.868e-09,3.868121755816413e-09,0.0,0.0
3.5923896478259453e-09,0.8510959017398958,1.0530271372784537,1.3498993472855274,1.3500018299048318,0.005939153986428171,-0.00011242554434170831,8.126171218757417e-08,7.352559006079673e-08,3.868e-09,3.868122237642754e-09,0.0,0.0
3.5925190715475434e-09,0.8503970136432663,1.0526111434219039,1.3498679656004946,1.3500018367966105,0.005947474405254047,-0.0001284381353400265,7.265983935724108e-08,6.492371684707621e-08,3.868e-09,3.868122698013578e-09,0.0,0.0
3.5926426830410274e-09,0.8497295115784523,1.0522138312196585,1.349834112096371,1.3500018424715932,0.005955421165917827,-0.00014365400309455383,6.217795796497423e-08,5.4441835262153404e-08,3.868e-09,3.8681230771024196e-09,0.0,0.0
3.5927718480899576e-09,0.8490320203142293,1.0517986687573835,1.3497947079676262,1.3500018472045845,0.005963724954210419,-0.00015947288801251635,4.8566011418693785e-08,4.082988813713939e-08,3.868e-09,3.868123393266242e-09,0.0,0.0
3.592896531575439e-09,0.8483587294926298,1.0513979109266212,1.3497527848111446,1.3500018503538347,0.005971740630411511,-0.00017466519128006919,3.257692715341224e-08,2.4840803636294595e-08,3.868e-09,3.868123603636152e-09,0.0,0.0
3.5930255826990305e-09,0.8476618534252359,1.0509831146109647,1.3497053941931458,1.3500018518376153,0.005980037093697908,-0.00019030969959710407,1.2789128849172193e-08,5.053004903388114e-09,3.868e-09,3.868123702752705e-09,0.0,0.0
3.5931512024009804e-09,0.8469835070347066,1.0505793475602339,1.3496553771953175,1.350001851229153,0.005988112956633155,-0.0002054604977010846,-9.910469326219779e-09,-1.764659307568195e-08,3.868e-09,3.868123662107419e-09,0.0,0.0
3.5932802759623005e-09,0.846286509803578,1.0501644790929836,1.3496000129544619,1.3500018481294882,0.005996410861453104,-0.00022094841918503588,-3.705554104120774e-08,-4.479166437754145e-08,3.868e-09,3.868123455049791e-09,0.0,0.0
3.593406736379027e-09,0.8456036235532544,1.0497580097838413,1.3495418858451909,1.3500018422826063,0.0060045407714878485,-0.00023604510793543104,-6.768288943796122e-08,-7.541901236862714e-08,3.868e-09,3.868123064478095e-09,0.0,0.0
3.5935359400767236e-09,0.8449059235856932,1.0493427229996684,1.3494785494696844,1.3500018330128325,0.006012847041587506,-0.00025139031935209673,-1.0338296025714963e-07,-1.1111908237992907e-07,3.868e-09,3.8681224452572e-09,0.0,0.0
3.5936631674747194e-09,0.8442188956365159,1.048933788425975,1.349412303288854,1.3500018201911057,0.006021026258513508,-0.00026642323951662095,-1.431676780963784e-07,-1.5090379945625898e-07,3.868e-09,3.868121588765859e-09,0.0,0.0
3.5937925862149167e-09,0.8435200344394506,1.0485178104192392,1.349340989138979,1.3500018029048615,0.006029346352346723,-0.0002816365446014486,-1.886377272756359e-07,-1.9637384740534003e-07,3.868e-09,3.86812043404474e-09,0.0,0.0
3.5939205248562866e-09,0.842829165776053,1.048106589733365,1.3492666190094982,1.3500017811094254,0.006037571292862115,-0.0002965984323337684,-2.3882216483159035e-07,-2.4655828378961075e-07,3.868e-09,3.8681189781096116e-09,0.0,0.0
3.594050226429481e-09,0.8421287772808025,1.0476897026114518,1.3491873167203305,1.3500017536930289,0.006045909568548509,-0.0003116883397340495,-2.9529516485019935e-07,-3.030312820673231e-07,3.868e-09,3.86811714669432e-09,0.0,0.0
3.5941788348282198e-09,0.8414342919276135,1.0472763291573441,1.3491048197744129,1.3500017206553874,0.006054177565580313,-0.0003265738037629951,-3.5713507648516365e-07,-3.648711914827629e-07,3.868e-09,3.868114939779874e-09,0.0,0.0
3.5943088738989343e-09,0.8407320809457551,1.0468583572171266,1.3490175159536935,1.3500016807199022,0.0060625375373932755,-0.0003415470739516304,-4.2586242909863233e-07,-4.335985415160337e-07,3.868e-09,3.86811227208947e-09,0.0,0.0
3.594438121814809e-09,0.8400341422000309,1.046442928192564,1.3489268899202624,1.3500016338942513,0.0060708466468392085,-0.0003563521808279192,-5.006278736023452e-07,-5.083639826874986e-07,3.868e-09,3.868109144135974e-09,0.0,0.0
3.5945685429923755e-09,0.8393298678411726,1.0460237280495377,1.3488315692388004,1.3500015787672337,0.006079231182598975,-0.00037121424270150367,-5.828797612454775e-07,-5.906158664359396e-07,3.868e-09,3.8681054616512095e-09,0.0,0.0
3.5946984090637463e-09,0.8386285910557706,1.0456063121131465,1.3487328114873562,1.3500015153222586,0.0060875800310992885,-0.0003859361932700091,-6.718561308423541e-07,-6.795922320446124e-07,3.868e-09,3.868101223526874e-09,0.0,0.0
3.5948292492597224e-09,0.8379220539974994,1.045185765125445,1.3486294573578277,1.3500014420391582,0.006095991503763106,-0.0004006914608629461,-7.68921867079008e-07,-7.766579634971293e-07,3.868e-09,3.8680963282157606e-09,0.0,0.0
3.5949597191397154e-09,0.8372175166455375,1.0447664083916726,1.3485225642690106,1.350001358849303,0.006104379169003974,-0.00041532833818249624,-8.734109747730761e-07,-8.81147065978638e-07,3.868e-09,3.868090771133436e-09,0.0,0.0
3.5950910093828976e-09,0.8365085493323533,1.0443444148266792,1.3484111592434462,1.350001264144472,0.006112819573362526,-0.00042998045199003367,-9.865994040750403e-07,-9.943354881691846e-07,3.868e-09,3.8680844448507245e-09,0.0,0.0
3.59522207427777e-09,0.8358007989000416,1.0439231455599556,1.3482961258060397,1.350001157780664,0.0061212454899974705,-0.0004445310252199188,-1.1079205924906067e-06,-1.1156566701586712e-06,3.868e-09,3.868077339748363e-09,0.0,0.0
3.5953538411169256e-09,0.8350892579686023,1.0434996200841504,1.3481766517815543,1.3500010380779248,0.006129716532810237,-0.0004590830366142216,-1.2385605679140588e-06,-1.2462966370030415e-06,3.868e-09,3.868069343605378e-09,0.0,0.0
3.5954854966442997e-09,0.8343783181207822,1.0430764523698834,1.3480534713425327,1.350000904797742,0.00613818041909121,-0.0004735466092542579,-1.3780518232357723e-06,-1.3857878835565884e-06,3.868e-09,3.868060440489159e-09,0.0,0.0
3.595617763235112e-09,0.8336640785303954,1.0426513205557828,1.3479259096384972,1.3500007562004643,0.006146683588981985,-0.0004880011217985226,-1.5274927755123312e-06,-1.5352288262882041e-06,3.868e-09,3.868050514191008e-09,0.0,0.0
3.5957500085338657e-09,0.8329499539171253,1.0422262571613428,1.3477945737548125,1.3500005919377287,0.006155185389535807,-0.0005023774142822358,-1.6865118409989166e-06,-1.6942478806569738e-06,3.868e-09,3.868039541440269e-09,0.0,0.0
3.5958827954836024e-09,0.8322329043885476,1.0417994527725725,1.3476589051051509,1.3500004102183611,0.00616372201129485,-0.00051673669217686,-1.856124444416886e-06,-1.8638604719622975e-06,3.868e-09,3.868027402586525e-09,0.0,0.0
3.5960156325225004e-09,0.831515584378498,1.041372487369491,1.3475194034597378,1.350000210572138,0.006172261852676261,-0.0005310257513010176,-2.036049936875109e-06,-2.043785950922583e-06,3.868e-09,3.8680140662188155e-09,0.0,0.0
3.5961489585482436e-09,0.830795623839485,1.0409439502450977,1.3473756079505148,1.3499999911611473,0.0061808331295768425,-0.0005452918027652793,-2.2272268726598638e-06,-2.2349628718831838e-06,3.868e-09,3.867999409564638e-09,0.0,0.0
3.5962823915904814e-09,0.830075085411401,1.04051506913013,1.3472279283068682,1.3499997513841115,0.006189411285844968,-0.0005594939319369959,-2.4294594088127157e-06,-2.437195400828429e-06,3.867991671367736e-09,3.868e-09,0.0,0.0
3.596416274033961e-09,0.8293521202166115,1.0400847435298046,1.3470759852793825,1.34999948935827,0.006198018332740973,-0.0005736685734637833,-2.643616225007567e-06,-2.651352208227209e-06,3.867982893502048e-09,3.868e-09,0.0,0.0
3.5965503092241582e-09,0.828628330189546,1.0396539269514875,1.3469201134566975,1.3499992043444111,0.006206635198880633,-0.0005877842790755073,-2.869579567359927e-06,-2.8773155409389517e-06,3.8679733455377734e-09,3.868e-09,0.0,0.0
3.596684764455835e-09,0.8279022719384905,1.039221760254134,1.3467600013899461,1.34999889441439,0.006215279068107163,-0.0006018691849581025,-3.1081556331023915e-06,-3.115891596294773e-06,3.867962962882067e-09,3.868e-09,0.0,0.0
3.5968194095030564e-09,0.8271751886834958,1.0387889834323827,1.346595921246679,1.3499985586860057,0.006223935139673141,-0.0006158991353263411,-3.3592978658121745e-06,-3.3670338175362247e-06,3.867951715981187e-09,3.868e-09,0.0,0.0
3.596954453241096e-09,0.8264459524980813,1.038354925118104,1.3464276176276542,1.3499981951832087,0.0062326168417653725,-0.0006298958762853179,-3.623757419018742e-06,-3.6314933586911735e-06,3.8679395386374915e-09,3.868e-09,0.0,0.0
3.597089717176777e-09,0.8257155272454036,1.037920159024908,1.3462553110457909,1.3499978028771402,0.006241312699397188,-0.0006438408702886028,-3.901552163769875e-06,-3.909288090353513e-06,3.86792639638419e-09,3.868e-09,0.0,0.0
3.5972253647395733e-09,0.8249830304063047,1.0374841598567495,1.3460787922342459,1.3499973797397267,0.0062500332191307295,-0.0006577509430430622,-4.193385449851614e-06,-4.201121362124027e-06,3.867912221280843e-09,3.868e-09,0.0,0.0
3.597361257734787e-09,0.8242492082321512,1.037047371799682,1.3458982390984182,1.3499969245927748,0.006258769516692082,-0.0006716118860982657,-4.499333133348854e-06,-4.507069030657007e-06,3.867896973857958e-09,3.868e-09,0.0,0.0
3.5974975242437647e-09,0.8235133690836711,1.0366093831737673,1.345713480187456,1.3499964353508007,0.0062675298261792994,-0.0006854367367100968,-4.8200576384091666e-06,-4.827793519179835e-06,3.8678805842518214e-09,3.868e-09,0.0,0.0
3.597634057473185e-09,0.8227760896448019,1.0361705372346046,1.3455246583553448,1.3499959106842565,0.006276307282053022,-0.0006992146227302345,-5.1556868223889e-06,-5.1634226854169185e-06,3.867863007922588e-09,3.868e-09,0.0,0.0
3.5977709580162673e-09,0.8220368267121573,1.035730510654723,1.3453316330309992,1.3499953484438816,0.006285108351251935,-0.0007129556648129093,-5.506848600325146e-06,-5.514584444865633e-06,3.86784417287003e-09,3.868e-09,0.0,0.0
3.5979081435583073e-09,0.8212960247851411,1.035289568010423,1.3451345182938752,1.3499947471471112,0.006293927741920058,-0.0007266515625784643,-5.873717382830328e-06,-5.8814532071238546e-06,3.867824029428223e-09,3.868e-09,0.0,0.0
3.5980487497194294e-09,0.8205367515150814,1.0348376307707239,1.344928683729472,1.3499940898255662,0.0063029670369306595,-0.0007406128587019407,-6.265584312923196e-06,-6.273320115157688e-06,3.8678020091564676e-09,3.868e-09,0.0,0.0
3.598192439112003e-09,0.8197608287951837,1.0343757833677625,1.344714383345516,1.349993373368925,0.006312204546252316,-0.0007548012562100567,-6.682930062639102e-06,-6.690665840913823e-06,3.867778007858984e-09,3.868e-09,0.0,0.0
3.598340090840807e-09,0.8189635094596417,1.0339012001755645,1.3444900408504772,1.3499925880719328,0.006321696785762436,-0.0007692982560185158,-7.129896905237057e-06,-7.137632657361337e-06,3.867751700409753e-09,3.868e-09,0.0,0.0
3.5984910056398874e-09,0.8181485695446087,1.0334161287779082,1.3442564429633046,1.3499917318374683,0.006331398800979399,-0.0007840296880302603,-7.6060650111340575e-06,-7.613800734329601e-06,3.867723016555186e-09,3.868e-09,0.0,0.0
3.5986459285601255e-09,0.8173119857753226,1.0329181744227642,1.3440121555917919,1.34999079413001,0.0063413584896306364,-0.0007990626615117083,-8.115575853202761e-06,-8.12331154476098e-06,3.867691603355329e-09,3.868e-09,0.0,0.0
3.598804383518962e-09,0.8164563289976051,1.0324088673383474,1.3437576339880701,1.3499897708863775,0.006351545245315948,-0.000814345072193533,-8.658793032880816e-06,-8.666528690248754e-06,3.867657324693648e-09,3.868e-09,0.0,0.0
3.5989670051236828e-09,0.8155781723321135,1.0318861677635347,1.3434915532477885,1.3499886504100824,0.0063619998656300365,-0.0008299320132688966,-9.23995054548405e-06,-9.24768616550331e-06,3.867619788737757e-09,3.868e-09,0.0,0.0
3.5991334452204495e-09,0.8146793958095729,1.0313511947349912,1.3432141616159918,1.3499874267267968,0.006372699968394652,-0.000845783688285175,-9.860023414970928e-06,-9.867758993697962e-06,3.867578795347688e-09,3.868e-09,0.0,0.0
3.5993042385393823e-09,0.813757111887336,1.0308022295169894,1.34292423486218,1.3499860867303708,0.0063836799302839226,-0.0008619443625276271,-1.0523375455736787e-05,-1.0531110989697723e-05,3.867533905467426e-09,3.868e-09,0.0,0.0
3.599479141753837e-09,0.8128126345292801,1.0302400542097017,1.342621836461153,1.3499846222211531,0.006394924108247695,-0.000878384021965265,-1.1231616560999916e-05,-1.1239352046166218e-05,3.867484844408627e-09,3.868e-09,0.0,0.0
3.5996586150818306e-09,0.8118434785581151,1.029663189574367,1.3423058078138093,1.3499830182519432,0.006406462088713292,-0.0008951386643626501,-1.1989345429549822e-05,-1.1997080860748355e-05,3.867431111440094e-09,3.868e-09,0.0,0.0
3.599842502024745e-09,0.8108504890663785,1.0290721386276385,1.341976044035487,1.3499812639942983,0.006418283810625296,-0.0009121860721420706,-1.2798847384035921e-05,-1.2806582756486051e-05,3.8673723438089894e-09,3.868e-09,0.0,0.0
3.6000312071407607e-09,0.8098314814398926,1.0284656010326167,1.3416314240700387,1.3499793421502597,0.006430415282138946,-0.0009295558376490785,-1.3665062063548682e-05,-1.3672797371855339e-05,3.867307962033697e-09,3.868e-09,0.0,0.0
3.6002246464728746e-09,0.8087869090464775,1.027843846641845,1.341271686906458,1.3499772387549864,0.006442851105746099,-0.0009472319475933122,-1.4591006845117595e-05,-1.4598742082982952e-05,3.867237498292043e-09,3.868e-09,0.0,0.0
3.6004231843790594e-09,0.8077148043530797,1.027205704329813,1.3408957236370034,1.3499749335346658,0.006455614705198037,-0.0009652390686833174,-1.558207943427576e-05,-1.5589814594818563e-05,3.867160273411299e-09,3.868e-09,0.0,0.0
3.6006267987344426e-09,0.8066152868340101,1.0265512452056444,1.3405031246284467,1.3499724087435587,0.006468704657989245,-0.00098356616497983,-1.664210683110359e-05,-1.6649841906968277e-05,3.867075692909213e-09,3.868e-09,0.0,0.0
3.600835826575288e-09,0.8054865364934441,1.0258793859612014,1.3400927695109401,1.3499696403584056,0.006482142631404626,-0.001002234161166388,-1.7777077208392e-05,-1.7784812191390387e-05,3.866982952006586e-09,3.868e-09,0.0,0.0
3.6010502997956618e-09,0.8043283811034269,1.0251900240796579,1.3396641032632737,1.3499666060345052,0.006495930675771498,-0.0010212360589921773,-1.8991728955257777e-05,-1.8999463836655295e-05,3.866881302155925e-09,3.868e-09,0.0,0.0
3.6012705390611147e-09,0.803139089069981,1.0244821288709731,1.3392159714106118,1.3499632770339773,0.006510089405911534,-0.001040589996228092,-2.0292793400360345e-05,-2.0300528170258403e-05,3.8667697806382366e-09,3.868e-09,0.0,0.0
3.6014966249149164e-09,0.8019182254594519,1.0237554414481922,1.3387476726724123,1.3499596253723225,0.006524623999668834,-0.0010602923043213348,-2.1686051035844586e-05,-2.1693785683396527e-05,3.866647449972801e-09,3.868e-09,0.0,0.0
3.601728871249895e-09,0.8006640952505674,1.0230089528895991,1.3382579959446583,1.3499556163829005,0.00653955463644211,-0.0010803591176903051,-2.317915573828162e-05,-2.3186890251825076e-05,3.866513148827161e-09,3.868e-09,0.0,0.0
3.6019674040196314e-09,0.799376018293991,1.0222422583493913,1.33774608867544,1.3499512151119377,0.006554889413394129,-0.0011007895808554373,-2.477909620627133e-05,-2.4786830572276486e-05,3.866365706249914e-09,3.868e-09,0.0,0.0
3.6022125390916108e-09,0.7980522889053021,1.0214543425581761,1.3372106598409506,1.3499463794240198,0.006570648636849235,-0.0011215984837392697,-2.649466318221144e-05,-2.65023973859968e-05,3.866203710704667e-09,3.868e-09,0.0,0.0
3.6024644465315293e-09,0.7966919887297421,1.0206446588838465,1.3366506962155593,1.3499410656889492,0.006586843239826598,-0.0011427874289795731,-2.833426376738027e-05,-2.8341997793779328e-05,3.866025700579794e-09,3.868e-09,0.0,0.0
3.6027234525472477e-09,0.7952933562448627,1.0198121588180502,1.3360648018040102,1.349935222332206,0.006603494193329042,-0.00116437043639973,-3.0308085612161642e-05,-3.0315819442128245e-05,3.8658299481289084e-09,3.868e-09,0.0,0.0
3.6029897718935494e-09,0.7938552317748336,1.018956152088819,1.3354517883921508,1.3499287948404204,0.006620615303352513,-0.0011863513547377333,-3.242622039003049e-05,-3.24339540049845e-05,3.865614627154079e-09,3.868e-09,0.0,0.0
3.6032637495728673e-09,0.792375752306517,1.018075529779336,1.3348101270105568,1.3499217196555533,0.006638228749200559,-0.0012087439609936338,-3.470057289690521e-05,-3.470830627461119e-05,3.8653776084610285e-09,3.868e-09,0.0,0.0
3.6035456475451243e-09,0.7908535032563292,1.0171694498881991,1.3341384343614604,1.3499139285054806,0.006656351371525586,-0.0012315542714097273,-3.7143257881561164e-05,-3.715099099865782e-05,3.8651166049336056e-09,3.868e-09,0.0,0.0
3.603835838661796e-09,0.7892864712263029,1.0162367139844775,1.333435016042797,1.3499053425292415,0.006675007139946312,-0.0012547963349373666,-3.97682974995634e-05,-3.9776030328786405e-05,3.8648289747295896e-09,3.868e-09,0.0,0.0
3.6041346367669084e-09,0.7876729614586951,1.0152763132990823,1.3326982664388547,1.34989587591273,0.006694216230599622,-0.0012784783923216409,-4.259026332870392e-05,-4.2597995840942815e-05,3.864511843076451e-09,3.868e-09,0.0,0.0
3.604442452829826e-09,0.7860107547189388,1.0142869268807573,1.331926286782787,1.3498854301117977,0.006714005063582898,-0.001302615306134729,-4.562580276048261e-05,-4.5633534923039676e-05,3.8641619087452225e-09,3.868e-09,0.0,0.0
3.6047596598447812e-09,0.7842978368381818,1.013267355836028,1.331117212716253,1.3498738967364945,0.0067343976175837095,-0.0013272177471303926,-4.889250581236613e-05,-4.89002375885228e-05,3.863775540672564e-09,3.868e-09,0.0,0.0
3.6050867191730165e-09,0.782531716465711,1.012216117242488,1.3302688928947481,1.349861151703783,0.0067554235522581454,-0.0013523020054343287,-5.241030022669413e-05,-5.24180315755185e-05,3.8633485820767314e-09,3.868e-09,0.0,0.0
3.605424073530592e-09,0.7807100029348033,1.0111317881059745,1.3293791554825323,1.3498470572600965,0.006777111328563859,-0.0013778815668126863,-5.6200531420416404e-05,-5.620826229724152e-05,3.8628764182132266e-09,3.868e-09,0.0,0.0
3.605772250047997e-09,0.778829849740816,1.0100126741049742,1.328445534981265,1.3498314558371964,0.006799494834239944,-0.0014039748943301435,-6.0287267941971115e-05,-6.029499829640628e-05,3.862353770546079e-09,3.868e-09,0.0,0.0
3.606131776197416e-09,0.7768884085339545,1.0088570798185605,1.3274654862521342,1.349814171019941,0.006822607978959002,-0.001430598904951048,-6.46965937772664e-05,-6.470432355243361e-05,3.861774729168021e-09,3.868e-09,0.0,0.0
3.6065032649806153e-09,0.7748823691046777,1.0076630349140978,1.3264361485244434,1.3497950007806967,0.006846490170865298,-0.0014577751969737178,-6.945787192482643e-05,-6.946560105758337e-05,3.861132526153335e-09,3.868e-09,0.0,0.0
3.6068873499972882e-09,0.7728083100146439,1.0064285028501518,1.3253545129071371,1.3497737170650927,0.006871182142220822,-0.0014855250570977294,-7.460326338284622e-05,-7.461099180261499e-05,3.860419521680605e-09,3.868e-09,0.0,0.0
3.607284757452462e-09,0.7706623097567051,1.0051511494322218,1.3242172130074203,1.3497500579122186,0.006896730578691668,-0.0015138745261904494,-8.0169009570594e-05,-8.017673719784568e-05,3.859626940059316e-09,3.868e-09,0.0,0.0
3.6076962578546857e-09,0.7684402075846973,1.0038284980621064,1.3230206489193306,1.3497237251025507,0.0069231850140414435,-0.00154285067364106,-8.619521580391777e-05,-8.620294254924055e-05,3.85874479093545e-09,3.868e-09,0.0,0.0
3.6081227292535862e-09,0.7661372620306345,1.0024577264792818,1.3217607931726474,1.3496943743719536,0.006950601895548452,-0.0015724858416059642,-9.272723877746077e-05,-9.273496453898744e-05,3.857761541460439e-09,3.868e-09,0.0,0.0
3.6085651244812847e-09,0.7637483278010627,1.0010357720538852,1.3204332702105197,1.3496616101557442,0.006979042478024191,-0.001602815028188985,-9.981581235917456e-05,-9.982353702331359e-05,3.856663940217432e-09,3.868e-09,0.0,0.0
3.6090245303823573e-09,0.7612675359352706,0.9995591414089969,1.3190331636272676,1.349624972546305,0.0070085766315801865,-0.0016338796417626708,-0.00010751867631654131,-0.00010752639975319944,3.8554365803012105e-09,3.868e-09,0.0,0.0
3.6095021514501347e-09,0.7586883821692727,0.9980239630144707,1.317555043797651,1.3495839273865686,0.007039281789564648,-0.0016657259560235148,-0.0001159011965051134,-0.00011590891856694263,3.854061567450055e-09,3.868e-09,0.0,0.0
3.6099993712741737e-09,0.756003395119462,0.9964257896828077,1.315992755577369,1.3495378475181037,0.007071246898921933,-0.0016984087581249077,-0.00012503847214941066,-0.00012504619266762163,3.852517891856471e-09,3.868e-09,0.0,0.0
3.610517756741978e-09,0.7532041135933194,0.9947595850626874,1.3143393747463437,1.3494859948823246,0.007104572690275528,-0.001731991023509177,-0.0001350167529500566,-0.00013502447173130427,3.85078082855787e-09,3.868e-09,0.0,0.0
3.611059131811932e-09,0.750280688215568,0.993019486518876,1.3125869393901435,1.3494274912541482,0.007139376420685524,-0.001766548022690998,-0.0001459364812339488,-0.00014594419805535885,3.848820957013961e-09,3.868e-09,0.0,0.0
3.6116256133286165e-09,0.7472216880254711,0.9911986900043865,1.3107262897429641,1.3493612854576578,0.007175794175850455,-0.0018021687297771764,-0.00015791514355946245,-0.0001579228581627401,3.846603062831531e-09,3.868e-09,0.0,0.0
3.6122197171203466e-09,0.7440135275501284,0.9892891090451783,1.3087466672923074,1.3492861032697123,0.00721398769103088,-0.0018389614391769403,-0.0001710922223699641,-0.00017109993445507676,3.844084459535357e-09,3.868e-09,0.0,0.0
3.6128444532637026e-09,0.7406399523760061,0.9872810685382969,1.3066353277884626,1.3492003840407891,0.007254150475361491,-0.001877058279660798,-0.00018563495490329072,-0.00018564266411669195,3.841212865366435e-09,3.868e-09,0.0,0.0
3.6135035119821924e-09,0.737081035296161,0.9851627072254592,1.3043768246973422,1.3491021848167901,0.007296519762626418,-0.00191662477974864,-0.0002017475586041558,-0.00020175526452792525,3.837923191362474e-09,3.868e-09,0.0,0.0
3.6142014948923023e-09,0.733311927581568,0.982919234410292,1.301952096122637,1.3489890453433975,0.007341391377315411,-0.0019578713437907428,-0.00021968378591768144,-0.00021969148805101035,3.834133019003812e-09,3.868e-09,0.0,0.0
3.6149443171388114e-09,0.7293006874504188,0.9805316374122584,1.299336902916816,1.3488577754002147,0.0073891455871129275,-0.0020010737111247614,-0.00023976719918104115,-0.00023977489691673348,3.829735475907189e-09,3.868e-09,0.0,0.0
3.615739825687007e-09,0.7250049412901617,0.9779746942189199,1.2964994122292126,1.348704118161174,0.007440286850845829,-0.0020466041286086173,-0.0002624229775035714,-0.0002624306700920176,3.824587958399331e-09,3.868e-09,0.0,0.0
3.6165989219603976e-09,0.720365821413853,0.9752133650612118,1.293395831398526,1.3485221641065306,0.0074955159896282,-0.0020949883632567696,-0.00028823396818997556,-0.00028824165468277485,3.818492497568772e-09,3.868e-09,0.0,0.0
3.6175376742003115e-09,0.7152965593183178,0.9721960028146994,1.2899621877138567,1.3483032561132862,0.007555865985187694,-0.002147012892390801,-0.00031804565884716225,-0.00031805333800671853,3.811159079795084e-09,3.868e-09,0.0,0.0
3.6185819354527335e-09,0.7096575485552393,0.9688395096638006,1.2860963881148078,1.348033654781883,0.0076229988561341555,-0.0022039598396710867,-0.00035319195660247474,-0.000353199626730083,3.802127435193075e-09,3.868e-09,0.0,0.0
3.6197793462236135e-09,0.7031915303924872,0.9649907578015906,1.2816116261913333,1.3476885781249333,0.007699977276738334,-0.0022682183263244516,-0.0003960755254870764,-0.00039608318405481846,3.790567367185257e-09,3.868e-09,0.0,0.0
3.621242278057862e-09,0.6952916984875461,0.9602885586400032,1.2760698559320216,1.3472112619627492,0.007794025298601678,-0.0023454752969124153,-0.00045222075742490733,-0.00045222840000236353,3.774577275752099e-09,3.868e-09,0.0,0.0
3.623242278057862e-09,0.6844916984875451,0.9538600955985659,1.2684098314166365,1.34645135608563,0.007922599915030023,-0.0024494192677909725,-0.000535641623132155,-0.0005356492402528445,3.749120428868605e-09,3.868e-09,0.0,0.0
3.6246730142090904e-09,0.676765723270912,0.9492613760290224,1.2628874115836517,1.3458264147427739,0.008014578022297363,-0.002522923838992738,-0.0006000155165891452,-0.000600023112774295,3.72818489388292e-09,3.868e-09,0.0,0.0
3.6258445213922945e-09,0.6704395844816097,0.9454958773920499,1.2583497802257602,1.3452606462931784,0.008089890967954122,-0.002582794545563172,-0.0006556150200990973,-0.0006556225973308738,3.709231650821472e-09,3.868e-09,0.0,0.0
3.6269822257329723e-09,0.6642959810419496,0.9418390278051235,1.2539364121926697,1.344662169133261,0.008163030787152172,-0.0026408044244880975,-0.000712071945363713,-0.000712079502546592,3.6891826659642486e-09,3.868e-09,0.0,0.0
3.628141829969424e-09,0.6580341181651103,0.9381117856039474,1.2494373245475665,1.3440002283639678,0.008237578454083447,-0.0026999156451259203,-0.0007720796686909281,-0.0007720872036987014,3.6670076501929207e-09,3.868e-09,0.0,0.0
3.6294106432612073e-09,0.6511825263894806,0.9340335183204639,1.2445203507415699,1.343213252477546,0.008319146821499507,-0.0027647104154411573,-0.0008405438988288252,-0.0008405514074727449,3.640643957997785e-09,3.868e-09,0.0,0.0
3.6305780262360393e-09,0.6448786583253876,0.9302812709309793,1.2400074488075812,1.3424290235603118,0.008394194488399755,-0.0028245455079412922,-0.0009060788706562787,-0.000906086353028801,3.6143722892704415e-09,3.868e-09,0.0,0.0
3.6317914239344255e-09,0.6383263107541023,0.9263811200356362,1.2353335279195572,1.341550327521661,0.008472200272986292,-0.002887076452390379,-0.0009767263967853605,-0.0009767338497215228,3.5849359719756385e-09,3.868e-09,0.0,0.0
3.6329339701428937e-09,0.632156561228374,0.9227087016809947,1.2309528188930325,1.3406616485482978,0.008545651189782962,-0.0029463621053463615,-0.001045553592404188,-0.0010455610155697403,3.555165226367971e-09,3.868e-09,0.0,0.0
3.634118286922226e-09,0.6257612506199802,0.9189020215571257,1.2264372446992646,1.339675583964608,0.00862178738050428,-0.0030083210044707974,-0.001119196936084078,-0.001119204326216261,3.5221320628143677e-09,3.868e-09,0.0,0.0
3.6352568638377853e-09,0.6196129352759593,0.9152423593596735,1.2221241372360243,1.3386634080804587,0.008694983061285712,-0.0030684483668716213,-0.0011921449442618647,-0.0011921523004865264,3.48822417069536e-09,3.868e-09,0.0,0.0
3.636431556046726e-09,0.6132695973476797,0.9114666128054161,1.21770676454496,1.3375511966473406,0.008770500454639306,-0.0031311338613624743,-0.0012695488213614941,-0.0012695561403270883,3.4509650876859105e-09,3.868e-09,0.0,0.0
3.6375761425113786e-09,0.6070888304385555,0.907787632460852,1.2134375930850512,1.3363993203834599,0.008844082412420486,-0.0031929126222966725,-0.001346995815822131,-0.0013470030961997281,3.412377232845905e-09,3.868e-09,0.0,0.0
3.638751943663771e-09,0.6007395042156356,0.9040083194855557,1.2090910226426321,1.3351441184370765,0.008919671037350592,-0.003257156757052422,-0.0014285653263363604,-0.0014285725646647762,3.3703279676420594e-09,3.868e-09,0.0,0.0
3.6399086991997177e-09,0.594493024321524,0.9002902228498899,1.2048561236247952,1.333836402669462,0.008994035250834292,-0.0033211855873613813,-0.0015107284093443338,-0.001510735603863722,3.3265194894269754e-09,3.868e-09,0.0,0.0
3.641092968851465e-09,0.5880979682020878,0.8964836881292273,1.2005653984645488,1.332420983694254,0.009070168233151162,-0.0033876354558481756,-0.0015967330929936956,-0.0015967402400967057,3.2791029537575024e-09,3.868e-09,0.0,0.0
3.642266412465114e-09,0.5817613726883839,0.8927119500511196,1.196360873912194,1.3309404134813467,0.009145605216551049,-0.0034544174131357352,-0.001683753326243829,-0.0016837604237478487,3.2295038516251167e-09,3.868e-09,0.0,0.0
3.643464709375968e-09,0.5752905693697716,0.8888603264262671,1.192117524782086,1.3293466109481948,0.009222639913426336,-0.0035236183307000464,-0.0017743792974871787,-0.001774386341599099,3.176111466764527e-09,3.868e-09,0.0,0.0
3.644658511257529e-09,0.5688440392093428,0.8850231500494572,1.187942226451365,1.327674948782646,0.00929938561294454,-0.0035936023327148084,-0.0018663461410167886,-0.0018663531291278623,3.1201107842186443e-09,3.868e-09,0.0,0.0
3.6458753697978363e-09,0.5622730030916836,0.8811118629776657,1.1837412794803561,1.3258833215683012,0.009377613526058298,-0.0036660378142819652,-0.0019617190522233734,-0.0019617259803148546,3.0600912725380867e-09,3.868e-09,0.0,0.0
3.6470927735406827e-09,0.555699022880313,0.8771988226354002,1.1795951541100074,1.3240008339315334,0.009455876463384916,-0.0037396398295605174,-0.0020586818152469105,-0.0020586886802749227,2.997027936706369e-09,3.868e-09,0.0,0.0
3.648332149579181e-09,0.5490063922724212,0.8732151570039149,1.175433353179074,1.3219903877408767,0.00953555190386746,-0.003815753365848617,-0.0021588784732425974,-0.002158885270920896,2.929677989319368e-09,3.868e-09,0.0,0.0
3.649576221151301e-09,0.5422884057829752,0.869216397953247,1.1713164133077782,1.3198755888425007,0.009615529181478583,-0.003893367841187131,-0.00226085141276512,-0.0022608581417578044,2.860992833325677e-09,3.868e-09,0.0,0.0
3.6508417753761206e-09,0.5354544129689484,0.8651485874509873,1.1671910296782175,1.3176235007415802,0.009696887484765854,-0.003973575517769831,-0.002365905751588246,-0.00236591244424722,2.8246591452974916e-09,3.868e-09,0.0,0.0
3.652115570847108e-09,0.5285759174256156,0.8610542867504761,1.1631026054736782,1.3152528746652112,0.009778775568378249,-0.004055581979941488,-0.0024728701253108184,-0.0024728767797237428,2.7864130445987383e-09,3.868e-09,0.0,0.0
3.653410870491705e-09,0.5215812993447918,0.8568908654551683,1.1590105325628683,1.3127341845791944,0.009862046062069897,-0.004140280309520222,-0.002582776315013481,-0.0025827829287914383,2.7457781778776723e-09,3.868e-09,0.0,0.0
3.654717567127316e-09,0.5145251375124932,0.8526908106180418,1.1549486377061389,1.310081856545435,0.009946049208986722,-0.00422704753759333,-0.0026946809549845234,-0.002694687525971684,2.7029872855996842e-09,3.868e-09,0.0,0.0
3.656046248400416e-09,0.5073502586377533,0.8484200908925604,1.1508856128145477,1.307269094969603,0.01003146565455315,-0.004316618778796862,-0.0028093950367682244,-0.0028094015623760793,2.657608065509595e-09,3.868e-09,0.0,0.0
3.6573892637422333e-09,0.5000979757919399,0.8441032971553242,1.1468463315609205,1.3043064215747666,0.0101178035695113,-0.004408507855299082,-0.0029261562432047134,-0.002926162721014647,2.6098102680728986e-09,3.868e-09,0.0,0.0
3.65875517959293e-09,0.4927220301981783,0.8397128947007984,1.1428061905743931,1.301169140797876,0.010205613661841766,-0.004503324105039066,-0.003045596986397877,-0.0030456034135935006,2.5591954715390687e-09,3.868e-09,0.0,0.0
3.6601382951921777e-09,0.48525320596223986,0.8352672072669358,1.1387830216185015,1.2978641818165981,0.010294529450138114,-0.0046006912028384445,-0.0031670982146638307,-0.0031671045885390825,2.505875466641114e-09,3.868e-09,0.0,0.0
3.6615456680118887e-09,0.4776533927358002,0.8307435503467357,1.1347569109882767,1.2943683442324594,0.01038500463561575,-0.004701118268250983,-0.003291147766784265,-0.0032911540842599507,2.4494759536170123e-09,3.868e-09,0.0,0.0
3.662973173290489e-09,0.46994486423135884,0.8261551820010589,1.1307400074734124,1.2906851610669554,0.010476774052050001,-0.0048043179468462245,-0.0034172395311347415,-0.003417245789188783,2.390053931880215e-09,3.868e-09,0.0,0.0
3.6644267701668537e-09,0.46209544109898937,0.8214829480636122,1.12671548322761,1.2867923188956119,0.010570220793077142,-0.0049107198595035,-0.0035457442736053562,-0.003545750492698563,2.351093174391824e-09,3.868e-09,0.0,0.0
3.6659036433417328e-09,0.45412032595464247,0.8167358976709851,1.1226907205920067,1.282690018890647,0.010665163874010076,-0.0050201096831098335,-0.003676244640145669,-0.0036762508235488323,2.315403164348627e-09,3.868e-09,0.0,0.0
3.667408995249405e-09,0.4459914256532129,0.8118973088774704,1.1186506480794907,1.2783561838723236,0.010761937741889925,-0.005132854874579426,-0.0038090167333418826,-0.0038090228790406133,2.2776987996892156e-09,3.868e-09,0.0,0.0
3.668941145272277e-09,0.43771781552970457,0.8069725836614556,1.1145984230928994,1.2737875824416955,0.010860434356816209,-0.005248802500670218,-0.00394371294126305,-0.003943719047214911,2.2379519672427522e-09,3.868e-09,0.0,0.0
3.6705048409479495e-09,0.4292738588810717,0.8019464622564583,1.110519553734482,1.2689616216233492,0.010960958922805485,-0.0053682731222939204,-0.004080533267804717,-0.004080539331770883,2.1959661081231363e-09,3.868e-09,0.0,0.0
3.672099447612846e-09,0.42066298289063053,0.796820984691929,1.10641316534879,1.2638713116854008,0.011063470641214662,-0.0054911676455034605,-0.0042191853156867834,-0.0042191913353673005,2.1516804116629876e-09,3.868e-09,0.0,0.0
3.6737295500595282e-09,0.41186042967854697,0.791581414282224,1.1022641974709864,1.2584925966899188,0.011168264253049322,-0.005617774335303781,-0.004359808882432556,-0.004359814859438593,2.109005826916516e-09,3.868e-09,0.0,0.0
3.675395564410155e-09,0.40286395218516335,0.7862264135661395,1.0980675611686777,1.2528140654014004,0.011275366511205183,-0.005748044913741542,-0.004502156493489453,-0.004502162436613499,2.075123923561688e-09,3.868e-09,0.0,0.0
3.67710223420929e-09,0.39364793526983344,0.7807407356512497,1.0938063513223268,1.2468088912834137,0.011385082364159303,-0.005882251163067384,-0.004646322310043341,-0.0046463282173363485,2.0392930513243683e-09,3.868e-09,0.0,0.0
3.678851152499427e-09,0.3842037765030931,0.7751192601344002,1.0894706009884445,1.2404600272164439,0.011497514224450209,-0.006020398564424348,-0.00479209803853257,-0.004792103907944378,2.001411495724782e-09,3.868e-09,0.0,0.0
3.680647633983323e-09,0.3745027764900546,0.7693449042620553,1.0850399142794003,1.2337358957819375,0.011613003758000019,-0.006162762519173163,-0.004939547330447518,-0.004939553159738486,1.9612908448322282e-09,3.868e-09,0.0,0.0
3.6824947640645574e-09,0.3645282740513893,0.7634077508313066,1.0804980396762671,1.2266116143151231,0.01173174931705639,-0.006309414692495181,-0.005088501337497725,-0.005088507127894548,1.9223969101441035e-09,3.868e-09,0.0,0.0
3.684399049156941e-09,0.3542451345525168,0.7607327833080079,1.075818621846656,1.219047555804706,0.011955519081043853,-0.00646066451698187,-0.005239012238694314,-0.005239017992027417,1.885333023443059e-09,3.868e-09,0.0,0.0
3.68636573208625e-09,0.3436250467342481,0.7585956352289243,1.0709763646696298,1.2110068598682622,0.012205017308666945,-0.006616680149490665,-0.00539096098714872,-0.005390966701082078,1.8459336133544844e-09,3.868e-09,0.0,0.0
3.6883657320862504e-09,0.33282504673424707,0.7557019517155015,1.0660287097461356,1.202597184116013,0.012437556028860425,-0.006774871438750165,-0.005541606104115435,-0.005541611776841426,1.804726202168463e-09,3.868e-09,0.0,0.0
3.6903657320862506e-09,0.3220250467342458,0.7521449622440236,1.0610438722072462,1.1939589244805398,0.012650585750287581,-0.0069323190382492685,-0.005688120116055957,-0.005688125749273798,1.765217898530392e-09,3.868e-09,0.0,0.0
3.6923657320862508e-09,0.3112250467342448,0.7479860585173492,1.0560083607148802,1.1850985905013558,0.012845912111267779,-0.007088753119240614,-0.005830302829728214,-0.005830308423665276,1.7259370845560109e-09,3.868e-09,0.0,0.0
3.694365732086251e-09,0.30042504673424375,0.7432844535891505,1.0509089970991972,1.1760229822943216,0.01302527667220314,-0.007243910119259239,-0.005967976691777264,-0.005967982245478787,1.6857018881714925e-09,3.868e-09,0.0,0.0
3.696365732086251e-09,0.2896250467342425,0.7380970482487064,1.0457329795158445,1.1667391557964673,0.013190352985719528,-0.007397533999762728,-0.006100986688318478,-0.006100992201731437,1.645413149151947e-09,3.868e-09,0.0,0.0
3.6983657320862514e-09,0.27882504673424147,0.7324783589032333,1.040467940122016,1.157254388247683,0.013342744475558586,-0.0075493774050836866,-0.006229200137795136,-0.006229205611688382,1.6058932843653454e-09,3.868e-09,0.0,0.0
3.7003657320862516e-09,0.26802504673424044,0.7264804776684659,1.0351019972952578,1.147576144071557,0.01348398326277134,-0.007699202701318315,-0.006352506383708069,-0.006352511817275364,1.5655672669648208e-09,3.868e-09,0.0,0.0
3.702016310248478e-09,0.2591119246582181,0.7212799965756966,1.0305897079252442,1.1394482983053218,0.013593178585808195,-0.00782117514623058,-0.006450511125240758,-0.006450516525052796,1.5318115832777755e-09,3.868e-09,0.0,0.0
3.7020811475624924e-09,0.25876180316254005,0.7210715208249904,1.030410766814939,1.1391263913306955,0.01359734463713089,-0.007825932590230919,-0.006454288295993787,-0.006454293694528657,1.5305346856117577e-09,3.868e-09,0.0,0.0
3.7022108221905216e-09,0.2580615601711822,0.7206536536160068,1.0300526281074767,1.1384822011406233,0.01360564980720072,-0.00783544234871543,-0.006461831995777231,-0.006461837391756875,1.527979397857805e-09,3.868e-09,0.0,0.0
3.7024701714465797e-09,0.2566610741884683,0.7198142563677602,1.0293348031750538,1.1371915696893615,0.013622152417037996,-0.007854430914839929,-0.006476855497389553,-0.006476860888249503,1.5228598931011336e-09,3.868e-09,0.0,0.0
3.702988869958696e-09,0.2538601022230407,0.7181214598020182,1.0278928779295908,1.1346013663310586,0.0136547458111464,-0.007892282537484824,-0.006506646454401231,-0.006506651834986998,1.5125854197798648e-09,3.868e-09,0.0,0.0
3.704026266982929e-09,0.248258158292183,0.7146824523396529,1.0249832553468678,1.1293857098972861,0.013718361589631467,-0.007967470332982457,-0.006565200937577812,-0.006565206297474591,1.4918966492592345e-09,3.868e-09,0.0,0.0
3.706026266982929e-09,0.23745815829218198,0.7078710133885906,1.0192720750836242,1.1192015443658778,0.013835672208717899,-0.00811039076928348,-0.006674203573856205,-0.006674208893355571,1.4514994593179808e-09,3.868e-09,0.0,0.0
3.7080262669829292e-09,0.22665815829218094,0.7008557201934598,1.0134197515725603,1.1088536329164682,0.013946987114743493,-0.008250488301881121,-0.006778070712309703,-0.006778075990877097,1.4105673806103434e-09,3.868e-09,0.0,0.0
3.7100262669829294e-09,0.2158581582921797,0.6936761467724561,1.0074173166032905,1.0983498850658562,0.014053470249419895,-0.008387583567121954,-0.006876790976966149,-0.00687679621491899,1.3699528889213102e-09,3.868e-09,0.0,0.0
3.7120262669829296e-09,0.20505815829217866,0.6863697314166317,1.0012564877831396,1.08769821353042,0.014156222738954501,-0.008521510917841516,-0.006970371584382157,-0.006970376781148424,1.3287664256509575e-09,3.868e-09,0.0,0.0
3.71402626698293e-09,0.19425815829217763,0.6789705694395038,0.9949296858355934,1.0769065062449752,0.014256247386686063,-0.008652118769156874,-0.0070588375346857775,-0.007058842689930289,1.2872447237309056e-09,3.868e-09,0.0,0.0
3.71602626698293e-09,0.1834581582921766,0.6715064176900627,0.988430047340238,1.0659825996608243,0.01435436057052606,-0.008779269853452832,-0.00714223075573232,-0.0071422358694663846,1.2457338787111326e-09,3.868e-09,0.0,0.0
3.7180262669829302e-09,0.17265815829217535,0.6640085281418638,0.9817514330974778,1.0549342533930344,0.01445148146616731,-0.00890284138784249,-0.007220609206911148,-0.007220614278661275,1.2037501628935303e-09,3.868e-09,0.0,0.0
3.7200262669829304e-09,0.16185815829217431,0.6565029336993905,0.974888432314247,1.043769126271964,0.014548375747271063,-0.009022725157326793,-0.00729404594899255,-0.007294050978730704,1.1617380714153321e-09,3.868e-09,0.0,0.0
3.7220262669829306e-09,0.15105815829217328,0.6490131282600491,0.9678363628141391,1.03249475384688,0.014645734410819877,-0.00913882751945072,-0.007362628186231352,-0.007362633173878308,1.1196470810283524e-09,3.868e-09,0.0,0.0
3.724026266982931e-09,0.14025815829217203,0.6415605921258949,0.9605912674827637,1.0211185273808734,0.014744189230403614,-0.009251069333228789,-0.007426456286754614,-0.007426461231930359,1.0771758355552607e-09,3.868e-09,0.0,0.0
3.726026266982931e-09,0.129458158292171,0.6341634285079727,0.9531499071687174,1.0096476743640395,0.01484427265340593,-0.009359385816657228,-0.007485642787050353,-0.007485647689953856,1.0349034416596653e-09,3.868e-09,0.0,0.0
3.728026266982931e-09,0.11865815829217197,0.6268381421204824,0.9455097502626937,0.9980892405667549,0.014946470112597365,-0.009463726338834544,-0.007540311386147641,-0.007540316246516188,9.92368405285658e-10,3.868e-09,0.0,0.0
3.730026266982931e-09,0.10785815829217316,0.6195990091050829,0.9376689591813446,0.9864500736444117,0.015051201494497346,-0.009564054149583452,-0.007590595934839754,-0.007590600752530152,9.496901011535107e-10,3.868e-09,0.0,0.0
3.73202626698293e-09,0.09705815829217435,0.6124576085677219,0.9296263739879222,0.9747368082962038,0.015158807361045518,-0.009660346051434718,-0.007636639425047513,-0.007636644200140541,9.070928595038611e-10,3.868e-09,0.0,0.0
3.73402626698293e-09,0.08625815829217554,0.6054236374600916,0.9213814933804767,0.9629558529757843,0.015269572916703413,-0.009752592019668759,-0.007678592984155621,-0.007678597716405111,8.642494519886026e-10,3.868e-09,0.0,0.0
3.73602626698293e-09,0.07545815829217672,0.5985049233445657,0.9129344532782638,0.9511133781413258,0.015383728383893795,-0.009840794774169647,-0.007716614878883021,-0.007716619568391092,8.215081613087731e-10,3.868e-09,0.0,0.0
3.73802626698293e-09,0.06465815829217769,0.5917072102144574,0.9042860032382376,0.9392153060274536,0.015501442703596461,-0.009924969307573897,-0.007750869532967567,-0.007750874179642819,7.786751016988335e-10,3.868e-09,0.0,0.0
3.7400262669829295e-09,0.05385815829217888,0.5850343633580479,0.895437480931391,0.9272673019151739,0.015622829560760852,-0.010005142374555208,-0.007781526562658855,-0.007781531166321187,7.356622868946258e-10,3.868e-09,0.0,0.0
3.742026266982929e-09,0.04305815829217985,0.5784886999546697,0.8863907849034116,0.9152747668682701,0.01574795710772029,-0.010081351947732565,-0.007808759833723173,-0.007808764394654277,6.92930917719724e-10,3.868e-09,0.0,0.0
3.742340328882621e-09,0.04136222403384715,0.5774724355773319,0.8849522869101727,0.9133877980008148,0.015767947398337787,-0.010092961473213312,-0.007812734519755385,-0.00781273907394997,6.861944388629092e-10,3.868e-09,0.0,0.0
3.742438323471184e-09,0.040833053255603824,0.5771559830311076,0.884502220653839,0.9127987782245685,0.015774203816926582,-0.010096559482912361,-0.007813954568945361,-0.007813959121037106,6.84091638261709e-10,3.868e-09,0.0,0.0
3.742634312648312e-09,0.03977471169911295,0.5765239982728493,0.8836011510701347,0.9116205558954044,0.01578674372275695,-0.010103736760763368,-0.007816379295537022,-0.007816383843422647,6.798853845465932e-10,3.868e-09,0.0,0.0
3.743026291002567e-09,0.03765802858613565,0.5752637100931051,0.8817933975855263,0.909263028405376,0.015811931809028512,-0.010117979029615426,-0.007821137025166285,-0.007821141564635647,6.714690114071925e-10,3.868e-09,0.0,0.0
3.743810247711077e-09,0.033424662360180823,0.5727578387681723,0.8781555171247648,0.9045437788492849,0.015862740482587987,-0.01014601609549147,-0.007830290672756444,-0.007830295195378145,6.546212904919472e-10,3.868e-09,0.0,0.0
3.7453781611280976e-09,0.024957929908271392,0.5678045610577095,0.8707909795889512,0.8950895677569004,0.01596607738674818,-0.010200314687353796,-0.007847191542857542,-0.007847196031727233,6.208697568921343e-10,3.868e-09,0.0,0.0
3.747378161128097e-09,0.014157929908272582,0.561598030579073,0.8612272653119456,0.8830023820051491,0.01610117943149413,-0.010266183850666065,-0.007866140999490557,-0.00786614544554931,5.780584561182793e-10,3.868e-09,0.0,0.0
3.749378161128097e-09,0.0033579299082737712,0.5555136966489822,0.8514766998657939,0.8708881684285076,0.016239875492373778,-0.010328315976593927,-0.007882327801032108,-0.007882332204085296,5.350529979212019e-10,3.868e-09,0.0,0.0
3.75e-09,0.0,0.5536462306945753,0.848407512524568,0.8671166777622273,0.01628371266748751,-0.01034688311882163,-0.007886821905986914,-0.007886826295651295,5.216642060559069e-10,3.868e-09,0.0,0.0
3.750140205727374e-09,0.0,0.5536774251485919,0.8477126289880532,0.8662659741812347,0.016284630151429173,-0.010351011938476021,-0.00788779503489514,-0.007887799421601782,5.187064421070292e-10,3.868e-09,0.0,0.0
3.7504206171821235e-09,0.0,0.5537414577100482,0.8463210845492265,0.8645643597633087,0.016286513462060243,-0.01035923403031814,-0.007889716736462854,-0.007889721117156911,5.126940711636905e-10,3.868e-09,0.0,0.0
3.750981440091622e-09,0.0,0.5538762138002077,0.8435273691074783,0.8611599188486861,0.016290476876476695,-0.010375465682073613,-0.007893414304131268,-0.00789341867279636,5.00665046598691e-10,3.868e-09,0.0,0.0
3.752053727604378e-09,0.0,0.5541587809128831,0.8381467148518009,0.8546464406787507,0.016298787673908324,-0.010405718433793053,-0.007899956126954316,-0.007899960472605105,4.776507570649191e-10,3.868e-09,0.0,0.0
3.7540537276043776e-09,0.0,0.5547696049498614,0.8279760573240271,0.8424846260774481,0.01631675308676063,-0.010459448690875029,-0.00791039420641024,-0.007910398509089145,4.3467901214031735e-10,3.868e-09,0.0,0.0
3.756053727604377e-09,0.0,0.5554838836788901,0.8176337503891165,0.8303084132643654,0.01633776128467324,-0.010509745950447822,-0.007918673888262125,-0.0079186781479188,3.9165639353409124e-10,3.868e-09,0.0,0.0
3.758053727604377e-09,0.0,0.556293445905237,0.807125068012545,0.818120986357299,0.016361571938389323,-0.010556715693425507,-0.007924972614455222,-0.007924976831268138,3.488129419322166e-10,3.868e-09,0.0,0.0
3.760053727604377e-09,0.0,0.5571902006514721,0.7964555571033352,0.805925258648669,0.016387947077984473,-0.01060046885901486,-0.007929465016107758,-0.007929469189951188,3.0584332797214356e-10,3.868e-09,0.0,0.0
3.762053727604377e-09,0.0,0.5581650110713788,0.7856310043875238,0.7937238773816677,0.016416617972687612,-0.01064112118309381,-0.007932322326242669,-0.007932326457150696,2.6290804838346996e-10,3.868e-09,0.0,0.0
3.7640537276043765e-09,0.0,0.5592074908003395,0.7746574036554192,0.7815192293962767,0.016447279141186457,-0.010678792542914478,-0.007933711835909662,-0.007933715923857276,2.1994768747489438e-10,3.868e-09,0.0,0.0
3.766053727604376e-09,0.0,0.5603078737134335,0.763540923525509,0.7693134475786304,0.01647964334451275,-0.01071360631165966,-0.007933796394099055,-0.007933800439082428,1.7698333547677906e-10,3.868e-09,0.0,0.0
3.768053727604376e-09,0.0,0.5614555709818497,0.7522878758519729,0.7571084180458233,0.01651339914652499,-0.010745688727808069,-0.007932733951621354,-0.00793273795356686,1.339453262481172e-10,3.868e-09,0.0,0.0
3.770053727604376e-09,0.0,0.5626396568316093,0.7409046848961696,0.7449057879985699,0.016548225200929686,-0.0107751682777588,-0.007930677148911288,-0.007930681107862658,9.095139304829432e-11,3.868e-09,0.0,0.0
3.772053727604376e-09,0.0,0.5638489509558938,0.7293978573748744,0.7327069741745975,0.016583792675173348,-0.010802175096744556,-0.007927772947508398,-0.007927776863301927,4.779336394335772e-11,3.868e-09,0.0,0.0
3.7740537276043754e-09,0.0,0.5650719619227935,0.7177729426793513,0.7205131713988517,0.016619763585964516,-0.010827343326901362,-0.007924162872462585,-0.007924166745167938,4.7053424549823096e-12,3.868e-09,0.0,0.0
3.77559896493513e-09,0.0,0.5660187685270915,0.7086772766646948,0.7110960434888676,0.016647610839032104,-0.010868749564782012,-0.00792098930052254,-0.007920993139748478,-2.8774030936191496e-11,3.868e-09,0.0,0.0
3.776932641390857e-09,0.0,0.5668331404469789,0.7007103506983487,0.7029713535424049,0.016671562954322906,-0.010908127386607727,-0.007918072390991725,-0.007918076201323121,-5.7668678261791386e-11,3.868e-09,0.0,0.0
3.77844339823775e-09,0.0,0.5677485381827999,0.6915540844971308,0.6937715620696985,0.016698486417141174,-0.010948980219691928,-0.00791468482250678,-0.007914688600119901,-9.03868166553246e-11,3.868e-09,0.0,0.0
3.78021266628792e-09,0.0,0.5688040573997757,0.6806776055407016,0.6830025414959825,0.0167295310999934,-0.010987017704193133,-0.007910752250151391,-0.007910755989230522,-1.2892087602942325e-10,3.868e-09,0.0,0.0
3.782119962957082e-09,0.0,0.5699135279487166,0.6688017361174339,0.6713992237192429,0.01676216258672696,-0.011019640683706313,-0.007906719946848769,-0.007906723644271918,-1.7057678684791786e-10,3.868e-09,0.0,0.0
3.783896440211102e-09,0.0,0.5709125251343601,0.6576267414224131,0.6605968641617332,0.016791544856892944,-0.011043161651531568,-0.007903289282418565,-0.00790329294106129,-2.0935725765937788e-10,3.868e-09,0.0,0.0
3.785896440211102e-09,0.0,0.5719876634616236,0.6449450814281992,0.648440532413167,0.016823166572400693,-0.011062847365623633,-0.007899934717612508,-0.007899938332074474,-2.535379304574495e-10,3.868e-09,0.0,0.0
3.7878644332151285e-09,0.0,0.5729849424257201,0.6323889969442735,0.6364833095567412,0.016852498306638826,-0.011076211652208522,-0.007897258271487075,-0.007897261842464753,-2.970223642453184e-10,3.868e-09,0.0,0.0
3.789864433215128e-09,0.0,0.5739268706832613,0.619575304705054,0.6243352199344546,0.01688020207891945,-0.011084702802200292,-0.007895251140029662,-0.007895254666507756,-3.4152192104208105e-10,3.868e-09,0.0,0.0
3.791864433215128e-09,0.0,0.5747871137115443,0.6067293910065491,0.6121896265532297,0.016905503344457187,-0.011088980693450682,-0.0078940132474645,-0.007894016729084852,-3.86379645930072e-10,3.868e-09,0.0,0.0
3.793864433215128e-09,0.0,0.5755567400030014,0.5938696828788796,0.6000453249665837,0.01692813941185298,-0.011089879390253327,-0.00789357189678788,-0.00789357533355528,-4.312325997900847e-10,3.868e-09,0.0,0.0
3.795864433215128e-09,0.0,0.5762268595541372,0.581011480364476,0.5879010843719265,0.016947848810415802,-0.011088153204705508,-0.007893934048512236,-0.007893937439499399,-4.770129119178374e-10,3.868e-09,0.0,0.0
3.7978644332151274e-09,0.0,0.5767886373692158,0.5681672384536133,0.5757556763216617,0.016964371687329876,-0.011084458754151736,-0.007895089680646212,-0.007895093025845124,-5.228011002673355e-10,3.868e-09,0.0,0.0
3.799864433215127e-09,0.0,0.577235023895648,0.5553468420638309,0.5636078984855318,0.016977500702813175,-0.01107938279449237,-0.007897014862276093,-0.007897018161124092,-5.691522048407992e-10,3.868e-09,0.0,0.0
3.801864433215127e-09,0.0,0.5775587132022793,0.5425578223262811,0.5514565938811711,0.016987020976537624,-0.011073449449906876,-0.007899674572560992,-0.00789967782454537,-6.160157362649505e-10,3.868e-09,0.0,0.0
3.803864433215127e-09,0.0,0.577753096173998,0.529805580564331,0.5393006659436429,0.016992738122764646,-0.011067114567481537,-0.007903025289138287,-0.007903028494241293,-6.628970983440173e-10,3.868e-09,0.0,0.0
3.80552482048943e-09,0.0,0.5778120383783972,0.5192492385941564,0.5292046623721016,0.016994471717011683,-0.011061820769590459,-0.007906297701618045,-0.007906300866596716,-7.03021505923997e-10,3.868e-09,0.0,0.0
3.80572482048943e-09,0.0,0.5778125835694344,0.5179798316521484,0.5279882428817589,0.016994487752042188,-0.011061199777964029,-0.00790672352707363,-0.007906726687227139,-7.078466365690233e-10,3.868e-09,0.0,0.0
3.80612482048943e-09,0.0,0.5778094764705959,0.5154418655573921,0.5255552710751294,0.01699439636678223,-0.011059956399941537,-0.007907586905361603,-0.007907590055864278,-7.1749742473532e-10,3.868e-09,0.0,0.0
3.806924820489431e-09,0.0,0.5777864723492669,0.5103710523272905,0.5206885092701724,0.01699371977497844,-0.011057498622869465,-0.00790938267904803,-0.007909385810245917,-7.368022465616497e-10,3.868e-09,0.0,0.0
3.80852482048943e-09,0.0,0.5776714407347953,0.5002500206562968,0.5109515089096957,0.01699033649219986,-0.011052811664737854,-0.007913236682954508,-0.007913239775528824,-7.75425681324874e-10,3.868e-09,0.0,0.0
3.81052482048943e-09,0.0,0.5773949591213615,0.48763708429924535,0.4987732372407251,0.016982204680040046,-0.011047564738921435,-0.007918510351250319,-0.007918513394132853,-8.251174596854344e-10,3.868e-09,0.0,0.0
3.81252482048943e-09,0.0,0.5769672426378614,0.4750656486545726,0.48658650176632184,0.01696962478346651,-0.011043188857283748,-0.007924239729552543,-0.00792424272259118,-8.749612077757439e-10,3.868e-09,0.0,0.0
3.81452482048943e-09,0.0,0.5763847948121795,0.4625335910526202,0.47439064426164645,0.016952493965064104,-0.011039852591590803,-0.007930369091151752,-0.007930372033486677,-9.256649704781579e-10,3.868e-09,0.0,0.0
3.8165248204894295e-09,0.0,0.575644703613244,0.4500379701599876,0.462185090541988,0.01693072657686012,-0.011037684994644652,-0.007936844911445367,-0.007936847802069491,-9.773758330704444e-10,3.868e-09,0.0,0.0
3.818524820489429e-09,0.0,0.5747446343334522,0.43757519681459084,0.4499693463704187,0.01690425395098389,-0.011036775051563558,-0.007943616782100687,-0.007943619620970788,-1.0291298692106598e-09,3.868e-09,0.0,0.0
3.820524820489429e-09,0.0,0.5736828198859772,0.4251411794089865,0.4377429921031346,0.016873024114293447,-0.011037186522552131,-0.007950638141429713,-0.007950640926498886,-1.0829308347462075e-09,3.868e-09,0.0,0.0
3.822524820489429e-09,0.0,0.5724580486752758,0.41273145330106853,0.4255056763332386,0.01683700143162576,-0.011038952337653948,-0.007957866843141155,-0.007957869574366061,-1.13677502413375e-09,3.868e-09,0.0,0.0
3.824524820489429e-09,0.0,0.5710696502444754,0.4003413173553554,0.41325710878080174,0.016796166183661042,-0.011042077638100898,-0.0079652655675943,-0.007965268243801615,-1.1917925365676722e-09,3.868e-09,0.0,0.0
3.826524820489428e-09,0.0,0.5695174788956311,0.38796594834193704,0.4009970526673887,0.01675051408516562,-0.011046548412577684,-0.00797280208341543,-0.007972804703635261,-1.247780126152258e-09,3.868e-09,0.0,0.0
3.828524820489428e-09,0.0,0.5678018954529825,0.3756004981122928,0.3887253167836778,0.016700055748617132,-0.011052331816235854,-0.007980449381265055,-0.007980451945189038,-1.304075989997803e-09,3.868e-09,0.0,0.0
3.830524820489428e-09,0.0,0.5659237473580904,0.3632401882450527,0.3764417474442215,0.016644816098767362,-0.011059377259779157,-0.007988185690731781,-0.00798818819610414,-1.3626276705158774e-09,3.868e-09,0.0,0.0
3.832524820489428e-09,0.0,0.5638843472927277,0.3508803932371211,0.364146220497184,0.016584833743903758,-0.011067620938175638,-0.007995994388281115,-0.00799599683504476,-1.4212363489634232e-09,3.868e-09,0.0,0.0
3.8345248204894275e-09,0.0,0.5616850257777745,0.3385167082842121,0.3518386335488459,0.016520147816993368,-0.011076988683302955,-0.00800386381160172,-0.008003866197794862,-1.4818068322557706e-09,3.868e-09,0.0,0.0
3.836524820489427e-09,0.0,0.5593286777678224,0.32614500958971593,0.33951889853654266,0.016450843463759482,-0.011087396373068395,-0.008011786993605068,-0.008011789318199514,-1.543405507317287e-09,3.868e-09,0.0,0.0
3.838524820489427e-09,0.0,0.5568177036623558,0.31376150796573377,0.32718693476349975,0.016376991284186935,-0.011098752252227478,-0.008019761324571781,-0.008019763586756379,-1.6058154769122347e-09,3.868e-09,0.0,0.0
3.840524820489427e-09,0.0,0.5541548995559639,0.3013627893274305,0.3148426625033855,0.016298673516351878,-0.01111096038980178,-0.008027788154220901,-0.008027790351392228,-1.6708286441488365e-09,3.868e-09,0.0,0.0
3.84101589724347e-09,0.0,0.5534780760406458,0.2983157991441356,0.31180978003359455,0.016278766942371934,-0.011114079634362261,-0.008029767424259985,-0.008029769605458148,-1.6868018251564022e-09,3.868e-09,0.0,0.0
3.8414713030975846e-09,0.0,0.5528425220049868,0.29548911405284994,0.30899653176744124,0.01626007417661726,-0.011117010285439136,-0.00803160606490529,-0.008031608231287013,-1.7016182660248096e-09,3.868e-09,0.0,0.0
3.841719724409167e-09,0.0,0.5524921570350536,0.29395381928656583,0.3074616492059312,0.0162497693245604,-0.011090329930725413,-0.008032609843759864,-0.008032612002057848,-1.7097019808487625e-09,3.868e-09,0.0,0.0
3.841989016097871e-09,0.0,0.5521104062182941,0.29230610546117697,0.3057976015291587,0.01623854135936159,-0.01105795979443616,-0.008033696622571336,-0.008033698772105358,-1.7184659652797644e-09,3.868e-09,0.0,0.0
3.842321325301243e-09,0.0,0.5516355555483419,0.29029761760459544,0.30374383700511287,0.016224575163186525,-0.011018537613678672,-0.008035031788526681,-0.008035033927244195,-1.7292824584397395e-09,3.868e-09,0.0,0.0
3.842985943707987e-09,0.0,0.5506738586525917,0.28636123214057696,0.2996352946012749,0.01619628996037034,-0.010941393716288113,-0.00803766092221061,-0.008037663039289766,-1.750920781766619e-09,3.868e-09,0.0,0.0
3.8439698302723585e-09,0.0,0.5492210771646493,0.28072556971551765,0.2935506959976796,0.01615356109307792,-0.01083123888452032,-0.008041379903526958,-0.008041381987055729,-1.7844711720127626e-09,3.868e-09,0.0,0.0
3.8451538518670195e-09,0.0,0.5474272987484072,0.27423458423335934,0.2862248765287012,0.016100802904364917,-0.010704825506038988,-0.008045426130293253,-0.0080454281735301,-1.8247631790921435e-09,3.868e-09,0.0,0.0
3.846238825936436e-09,0.0,0.5457405742876356,0.2685527143576466,0.2795088902036537,0.016051193361401046,-0.010594613217285618,-0.008048562236513589,-0.008048564242812528,-1.8617011038799046e-09,3.868e-09,0.0,0.0
3.847382034072372e-09,0.0,0.5439193370680496,0.26282637608387555,0.27242994115519387,0.015997627560824988,-0.01048400096497444,-0.008051098363097255,-0.008051100330461913,-1.900635323646434e-09,3.868e-09,0.0,0.0
3.848456147302702e-09,0.0,0.5421682075427332,0.25767707077150664,0.2657771646083455,0.01594612375125686,-0.010384957431265048,-0.008052618030751564,-0.008052619960259189,-1.938492445271596e-09,3.868e-09,0.0,0.0
3.849587820977815e-09,0.0,0.5402814272187724,0.2524802225663269,0.258766974810035,0.015890630212316834,-0.01028545028859935,-0.008053163658174295,-0.00805316554702279,-1.9791515461017966e-09,3.868e-09,0.0,0.0
3.850670376849447e-09,0.0,0.5384380603938078,0.2477161204680135,0.2520610780987223,0.015836413540994347,-0.010194642673480714,-0.00805254308531406,-0.008052544935268302,-2.0180457470274106e-09,3.868e-09,0.0,0.0
3.85179835413934e-09,0.0,0.5364770950798374,0.24295472839114202,0.24507494079080117,0.015778738090583454,-0.010104326820379745,-0.008050576220054726,-0.008050578029489386,-2.058565343413353e-09,3.868e-09,0.0,0.0
3.852889130114665e-09,0.0,0.5345433924697338,0.23853525095167383,0.23832141908387697,0.015721864484403936,-0.01002089926213178,-0.00804727790505652,-0.008047279674761265,-2.098295296285554e-09,3.868e-09,0.0,0.0
3.854016310492762e-09,0.0,0.532506623953785,0.23414697474612045,0.23134608269941553,0.0156619595280525,-0.009938476933343418,-0.008042312555073133,-0.008042314281995755,-2.141077359443584e-09,3.868e-09,0.0,0.0
3.8551165907907984e-09,0.0,0.5304820235940371,0.23002722405690001,0.2245420532968059,0.015602412458648149,-0.00986148214659512,-0.008035838370713895,-0.008035840055905186,-2.1828087397795907e-09,3.868e-09,0.0,0.0
3.8562466591028505e-09,0.0,0.5283657648378167,0.2259526754121582,0.21756029202597826,0.015540169554053433,-0.009785716752682774,-0.008027416699965073,-0.008027418342334836,-2.225630208907333e-09,3.868e-09,0.0,0.0
3.857357981422342e-09,0.0,0.526249016096706,0.22208959820152618,0.21070227252841575,0.015477912238138413,-0.009714247800615541,-0.008017295781076043,-0.008017297381383404,-2.267692728492383e-09,3.868e-09,0.0,0.0
3.858493858850736e-09,0.0,0.5240503611998566,0.2182774007836693,0.2037025230839205,0.015413245917642841,-0.009644063805046017,-0.008004983134237302,-0.008004984689513661,-2.3127236840573144e-09,3.868e-09,0.0,0.0
3.8596179223476045e-09,0.0,0.5218397782722252,0.2146297823221351,0.19678704584186965,0.015348228772712505,-0.009577243704793747,-0.0079907657120004,-0.00799076722255665,-2.3574437702225762e-09,3.868e-09,0.0,0.0
3.860762989967876e-09,0.0,0.5195543307994109,0.2110310468535755,0.1897559330537956,0.015281009729394439,-0.009511614027677771,-0.007974134105305026,-0.00797413557039342,-2.4029116329187882e-09,3.868e-09,0.0,0.0
3.8619018866139804e-09,0.0,0.5172474849863679,0.20755858560107077,0.18277821233757818,0.015213161323128466,-0.009448576201386668,-0.007955380340493977,-0.007955381760459734,-2.4480342268836606e-09,3.868e-09,0.0,0.0
3.8630597434035155e-09,0.0,0.5148696046604289,0.20412726195324848,0.1757022016877868,0.015143223666483201,-0.00938653394297674,-0.007933997881958576,-0.00793399925430377,-2.4956548083542715e-09,3.868e-09,0.0,0.0
3.864215310913712e-09,0.0,0.5124663086354301,0.20079225809044526,0.16866022566802372,0.015072538489277355,-0.009326460481567907,-0.007910281551573672,-0.007910282875329216,-2.5442444428906366e-09,3.868e-09,0.0,0.0
3.86538953564649e-09,0.0,0.5099965632467807,0.19748510893728422,0.16152726496860495,0.014999898919022961,-0.009267085043652909,-0.0078837093684018,-0.00788371064293994,-2.5934618717166257e-09,3.868e-09,0.0,0.0
3.866564645386348e-09,0.0,0.5077497427551797,0.1942483373077708,0.1544140998792226,0.014933815963387638,-0.009209127481806316,-0.007854587802765604,-0.007854589028222891,-2.6425427108333643e-09,3.868e-09,0.0,0.0
3.8677588950921426e-09,0.0,0.5056013385067321,0.19102399902275435,0.14721325071953756,0.014870627603139178,-0.009151519456770571,-0.007822372265506677,-0.007822373439791891,-2.693714836318104e-09,3.868e-09,0.0,0.0
3.8689575538402475e-09,0.0,0.5033929773050774,0.1878445560171017,0.14001680914876782,0.014805675803090512,-0.009094801037014122,-0.007787362667446317,-0.0077873637882379665,-2.7472083853274926e-09,3.868e-09,0.0,0.0
3.87017490797006e-09,0.0,0.5010390273247929,0.1846646014608891,0.13274245507409396,0.014736441980140968,-0.009038125298436488,-0.007749051485175924,-0.007749052551894869,-2.8012810839492348e-09,3.868e-09,0.0,0.0
3.87140040756554e-09,0.0,0.4985271730546323,0.18150443376582182,0.12545698820134882,0.014662563913371538,-0.00898180558633932,-0.00770767440101647,-0.007707675413580056,-2.855436387703307e-09,3.868e-09,0.0,0.0
3.872646207121811e-09,0.0,0.4958658183819329,0.17832536843560498,0.11809220356652705,0.014584288775939203,-0.008925110838285417,-0.007662725677676001,-0.00766272663396847,-2.9117075239689273e-09,3.868e-09,0.0,0.0
3.873904270018428e-09,0.0,0.493083033032648,0.17514068272140787,0.11070005812292301,0.014502442148019058,-0.008868239147537689,-0.007614392720344636,-0.007614393615775095,-2.9725695214546006e-09,3.868e-09,0.0,0.0
3.875183298019191e-09,0.0,0.4901664587369287,0.17192096495013337,0.10323415608219239,0.014416660551086138,-0.008810609591600061,-0.0075622438211411964,-0.007562244655102426,-3.0340387815899494e-09,3.868e-09,0.0,0.0
3.87647915747221e-09,0.0,0.4871316707347197,0.1686692575374955,0.09572385931534104,0.014327402080432932,-0.0087522261215436,-0.007506342102312795,-0.007506342874439242,-3.095873558303692e-09,3.868e-09,0.0,0.0
3.877800071239362e-09,0.0,0.4839621350076093,0.16535740262755644,0.08812730185450872,0.014234180441400273,-0.008692539614503792,-0.007446221748687326,-0.007446222455210039,-3.1614772883688477e-09,3.868e-09,0.0,0.0
3.879141080483136e-09,0.0,0.48067854904127555,0.16199018024603312,0.08047931033792456,0.014137604383566928,-0.008631573030133493,-0.007381995313742869,-0.007381995944805361,-3.236937471332478e-09,3.868e-09,0.0,0.0
3.880511342706441e-09,0.0,0.4772644591488637,0.15853670911432843,0.0727346391532886,0.014037189974966578,-0.008568706857455706,-0.0073131069176783185,-0.007313107472326774,-3.3133515603542184e-09,3.868e-09,0.0,0.0
3.881909533525207e-09,0.0,0.47372627743494317,0.1549921317121869,0.06490875126934056,0.013933125806910094,-0.008503796174720211,-0.00723948975376375,-0.007239490231196757,-3.39056698747584e-09,3.868e-09,0.0,0.0
3.883310743463791e-09,0.0,0.4701356006702018,0.15141202786945435,0.05714717019120403,0.013827517666770641,-0.008437799914161489,-0.00716242750349923,-0.0071624278879000025,-3.4835992393441762e-09,3.868e-09,0.0,0.0
3.884650323392151e-09,0.0,0.4666706105103732,0.14795757918012958,0.04980617387249167,0.013725606191481565,-0.008373672901266775,-0.007085762655555965,-0.007085762925192474,-3.59836348179338e-09,3.868e-09,0.0,0.0
3.8859557151188995e-09,0.0,0.46326655065870215,0.1445566142396223,0.042729902574277896,0.013625486784079474,-0.008310103715668328,-0.007008324535903307,-0.007008324694914116,-3.708989189755456e-09,3.868e-09,0.0,0.0
3.8872010582291955e-09,0.0,0.4600005755199988,0.1412764647582544,0.03605278458908746,0.01352942869176467,-0.008248365118692223,-0.00693201556146666,-0.006932015616091858,-3.813374800923932e-09,3.868e-09,0.0,0.0
3.8884044835684e-09,0.0,0.4568324458915201,0.1380707238407437,0.02967087747658524,0.01343624840857412,-0.008187606700412265,-0.0068560923908928175,-0.006856092338715283,-3.920177533366347e-09,3.868e-09,0.0,0.0
3.889544135868643e-09,0.0,0.45382222475117384,0.1350000177168203,0.02369279898231108,0.013347712492681584,-0.008129024555743367,-0.006782281745500659,-0.006782281472134225,-4.1413664376544905e-09,3.868e-09,0.0,0.0
3.89062764527365e-09,0.0,0.45095666777380994,0.1320474758101398,0.018069916687492645,0.013263431405112058,-0.008072331296322245,-0.006710443575368654,-0.0067104430939555725,-4.349413082562773e-09,3.868e-09,0.0,0.0
3.891635957849725e-09,0.0,0.4482862161560329,0.12926966609004842,0.012891600377326078,0.013184888710471557,-0.008018677401982111,-0.006642185252161436,-0.00664218457915065,-4.541010786038935e-09,3.868e-09,0.0,0.0
3.892467810393608e-09,0.0,0.4460835271855039,0.12695542507831276,0.008659688212407791,0.013120103740750115,-0.007973734404907304,-0.006584886011408215,-0.006584885181816679,-4.697591536140911e-09,3.868e-09,0.0,0.0
3.893163526080879e-09,0.0,0.44424070139164734,0.12500390701794167,0.005148682820235205,0.013065902982107275,-0.007935672870043806,-0.006536300460847273,-0.006536299501348536,-4.827498735651298e-09,3.868e-09,0.0,0.0
3.8938627793822975e-09,0.0,0.4423897201050923,0.12302752159138558,0.0016461835420776476,0.013011462356032127,-0.007896968387739258,-0.006486876601329378,-0.00648687551223817,-4.957091208943127e-09,3.868e-09,0.0,0.0
3.894615889371238e-09,0.0,0.44039765172012846,0.12088194339231811,-0.002096158006563859,0.012952872109415543,-0.00785477406311418,-0.0064330022954740464,-0.006433000959125601,-5.204348446783527e-09,3.868e-09,0.0,0.0
3.895360153322959e-09,0.0,0.4384299238903112,0.11874409122398177,-0.005763697204936811,0.012894997761479742,-0.007812556291907085,-0.006379124538791166,-0.006379122876398485,-5.530392681518883e-09,3.868e-09,0.0,0.0
3.896130000853295e-09,0.0,0.4363978129481094,0.11651431539263668,-0.009524660625282497,0.012835229792591453,-0.0077683274721690645,-0.006322751254201793,-0.0063227492574594625,-5.864742329587614e-09,3.868e-09,0.0,0.0
3.896976456871294e-09,0.0,0.43416611096983354,0.11404087476439967,-0.013621112844416743,0.012769591499112751,-0.007719044776397859,-0.00626004009212183,-0.006260037731204891,-6.228916931868649e-09,3.868e-09,0.0,0.0
3.897223373995931e-09,0.0,0.4335161178430651,0.11331504397535253,-0.014808370328453889,0.012750474054207797,-0.00770453696334528,-0.006241606583882033,-0.0062416041174179065,-6.33446412219955e-09,3.868e-09,0.0,0.0
3.897229276097899e-09,0.0,0.43350058583553464,0.1132976698943387,-0.01483670569673438,0.0127500172304569,-0.007704189431102917,-0.006241165188021199,-0.006241162719038063,-6.336983136439687e-09,3.868e-09,0.0,0.0
3.8972410803018336e-09,0.0,0.43346952209472633,0.11326291950301864,-0.014893372425009177,0.012749103591021363,-0.007703494291642411,-0.006240282325893207,-0.006240279851872393,-6.342020808583316e-09,3.868e-09,0.0,0.0
3.897264688709704e-09,0.0,0.4334073957101083,0.11319340534421929,-0.015006681828008177,0.01274727634441495,-0.007702103607580773,-0.006238516179449838,-0.006238513695355823,-6.352094014509927e-09,3.868e-09,0.0,0.0
3.897311905525446e-09,0.0,0.4332831473288761,0.11305432351805744,-0.015233204381514225,0.01274362198026106,-0.007699320618816897,-0.006234982200319701,-0.006234979696087828,-6.3722318695166146e-09,3.868e-09,0.0,0.0
3.897406339156929e-09,0.0,0.43303466811842617,0.11277594580227962,-0.015685864173061514,0.012736313768189005,-0.007693748158142294,-0.0062279075171445455,-0.006227904972671224,-6.412473324985168e-09,3.868e-09,0.0,0.0
3.897595206419895e-09,0.0,0.4325377799055879,0.1122183339184914,-0.016589640063445626,0.01272169940898788,-0.007682577300237762,-0.006213731411754252,-0.006213728786935251,-6.4928190016403165e-09,3.868e-09,0.0,0.0
3.897972940945826e-09,0.0,0.4315446660967764,0.11109968331419656,-0.01839099783691499,0.012692490179316953,-0.007660131817651268,-0.006185273532079732,-0.006185270747120015,-6.6529597077017435e-09,3.868e-09,0.0,0.0
3.898728409997689e-09,0.0,0.42956104412243346,0.10884867652644181,-0.02196878683917985,0.01263414835654216,-0.007614824281016252,-0.006127945429228133,-0.006127942326202975,-6.971025150003089e-09,3.868e-09,0.0,0.0
3.899916144922221e-09,0.0,0.42645037020582394,0.10527281470001681,-0.02752587359896645,0.012542657947230116,-0.007542463609557977,-0.006036749937499758,-0.006036746340449588,-7.465050162948119e-09,3.868e-09,0.0,0.0
3.9011845746935935e-09,0.0,0.42314047680254896,0.10140452748284468,-0.03336784340831161,0.01244530814125144,-0.007463656348272591,-0.005938001961451451,-0.005937997431029941,-8.398421495327343e-09,3.868e-09,0.0,0.0
3.902615476036174e-09,0.0,0.4194223396546695,0.0969801560253914,-0.039841596638564854,0.01233595116631381,-0.007372865166567706,-0.005825054529744274,-0.0058250486279660466,-9.769778221269321e-09,3.868e-09,0.0,0.0
3.9040867036782845e-09,0.0,0.41561825985063555,0.09236534879731007,-0.0463672850023004,0.012224066466195163,-0.007277435652269819,-0.005707361433332507,-0.005707354149195966,-1.1152136539653968e-08,3.868e-09,0.0,0.0
3.9057418765261015e-09,0.0,0.4113627806225397,0.08709612545521989,-0.05354857861809712,0.01209890531242764,-0.007167580205480246,-0.005573267086293676,-0.005573258280919785,-1.2673373903933573e-08,3.868e-09,0.0,0.0
3.907482347050044e-09,0.0,0.4069162140821626,0.08147024035083533,-0.06091467150587068,0.011968123943593017,-0.007049267985850512,-0.005430582253961034,-0.00543057157126943,-1.45506915907778e-08,3.868e-09,0.0,0.0
3.909256454323572e-09,0.0,0.40241390222467605,0.07565024768456974,-0.06822549410185438,0.011835703006608118,-0.006925792584579021,-0.005283642403900623,-0.005283627639333099,-1.863256754020203e-08,3.868e-09,0.0,0.0
3.910933489337201e-09,0.0,0.3981858833976654,0.0700741384691499,-0.07495118725237088,0.01171134951169604,-0.006806485145623464,-0.005143604414554402,-0.005143585894808206,-2.2387746215907074e-08,3.868e-09,0.0,0.0
3.912491905573602e-09,0.0,0.39428090377819924,0.06483191352748269,-0.08103875370246105,0.011596497169947036,-0.006693443108893046,-0.005012691073371235,-0.005012669154733765,-2.578663748387409e-08,3.868e-09,0.0,0.0
3.913958011183575e-09,0.0,0.3906277395324215,0.05985099634310842,-0.08662217008240358,0.01148905116271828,-0.006585261356338606,-0.004889018141592454,-0.004888993105547509,-2.890404496267533e-08,3.868e-09,0.0,0.0
3.9153466411409456e-09,0.0,0.387185090201115,0.05509290529562755,-0.09178174557072488,0.01138779677062103,-0.006481225200595326,-0.004771562849145896,-0.004771533227207442,-3.348993845483846e-08,3.868e-09,0.0,0.0
3.91667244923754e-09,0.0,0.3839136232549654,0.050516673763375874,-0.0965907312815715,0.011291577154557806,-0.006380534538635066,-0.004659252279968501,-0.004659215370813707,-4.077715480200802e-08,3.868e-09,0.0,0.0
3.91794002220549e-09,0.0,0.38079925890649186,0.046113907884487715,-0.10108134930943631,0.011199978203132113,-0.00628308227679521,-0.004551822240644125,-0.004551778526706157,-4.758193798689915e-08,3.868e-09,0.0,0.0
3.919155833991941e-09,0.0,0.3778234371568137,0.0418683285233189,-0.10529018418926857,0.011112454034023932,-0.00618857722804424,-0.004448818203492073,-0.00444876811176631,-5.3959725774804975e-08,3.868e-09,0.0,0.0
3.920321469290983e-09,0.0,0.37498073464631954,0.03777962763642717,-0.10923491298281371,0.011028845136656458,-0.006097072753214067,-0.004350176316225394,-0.004350120246920608,-5.99373048066237e-08,3.868e-09,0.0,0.0
3.921440313231359e-09,0.0,0.37226062138059707,0.03384037953823721,-0.11293816592824688,0.010948841805311678,-0.006008460041069133,-0.004255661419348073,-0.004255599738380633,-6.554896743660344e-08,3.868e-09,0.0,0.0
3.922512773602104e-09,0.0,0.36966090748170194,0.03005292505626389,-0.11641162055684903,0.010872379631814763,-0.005922843048649407,-0.004165274427180287,-0.0041652074827712715,-7.081240901714526e-08,3.868e-09,0.0,0.0
3.9235403081160075e-09,0.0,0.3671763808695774,0.02641532593933288,-0.11966971506980371,0.010799305319693453,-0.005840228401301761,-0.004078914227783448,-0.00407884234627523,-7.574950823577591e-08,3.868e-09,0.0,0.0
3.924522266941502e-09,0.0,0.3648075750055872,0.022932587764024848,-0.12271960520785198,0.010729634558987858,-0.0057607760371810295,-0.003996645297555237,-0.0039965617878372495,-8.737771797546099e-08,3.868e-09,0.0,0.0
3.925458659114844e-09,0.0,0.3625531585087639,0.0196069374409637,-0.12557017485234487,0.010663328191434233,-0.005684583203632744,-0.003918466131248753,-0.003918370957949974,-9.904129877084441e-08,3.868e-09,0.0,0.0
3.926347839489624e-09,0.0,0.3604163856591013,0.01644606717067104,-0.12822498315333458,0.010600481931150037,-0.005611871179977847,-0.00384450377858694,-0.0038443977426975418,-1.0990388940239404e-07,3.868e-09,0.0,0.0
3.927199862965435e-09,0.0,0.35837187795690933,0.01341568096885587,-0.13072147417221622,0.010540349351673804,-0.005541894176119316,-0.0037739084210313407,-0.003773792170332857,-1.2011869848798477e-07,3.868e-09,0.0,0.0
3.9280684868955566e-09,0.0,0.3562908228596482,0.010325676079306734,-0.13321907052213008,0.010479141848813182,-0.005470266404913392,-0.003702239906938492,-0.0037021134369082664,-1.3033803021971568e-07,3.868e-09,0.0,0.0
3.928923690045159e-09,0.0,0.35424417291482574,0.007283840965692567,-0.1356313934735255,0.010418946262200758,-0.005399488386371957,-0.003631999253542224,-0.003631862913090589,-1.4020845162917523e-07,3.868e-09,0.0,0.0
3.929791995149727e-09,0.0,0.35216886374461015,0.004196866246442499,-0.13803350848676152,0.010357907757194416,-0.005327383033404859,-0.0035610303693922253,-0.0035608842002866348,-1.5003710555833259e-07,3.868e-09,0.0,0.0
3.930648854404837e-09,0.0,0.3501228918001006,0.0011530294755509596,-0.14035760423392174,0.010297732111767665,-0.005256013574321264,-0.0034913618963431457,-0.003491206217812459,-1.5954653065712984e-07,3.868e-09,0.0,0.0
3.9315155179184e-09,0.0,0.3480554081633392,-0.0019221415212510862,-0.14266170495015446,0.010236923769509977,-0.00518363192108399,-0.0034212861854349165,-0.0034211210792921554,-1.68974142754382e-07,3.868e-09,0.0,0.0
3.9323750162215136e-09,0.0,0.34600687318783685,-0.00496741400928552,-0.14490074567153258,0.01017667274081873,-0.005111674524255736,-0.003352197305582644,-0.0033520230380315874,-1.7813555103935425e-07,3.868e-09,0.0,0.0
3.9332412732601744e-09,0.0,0.3433181322189716,-0.008031105112775438,-0.1471113121429907,0.0100975921240874,-0.005038998020294836,-0.0032829956284611927,-0.003282812316008993,-1.8718045218507025e-07,3.868e-09,0.0,0.0
3.934102388762181e-09,0.0,0.3391438038345874,-0.01107011772883948,-0.14926319747405498,0.009974817759840807,-0.004966632663854805,-0.0032146520576706167,-0.003214459940420966,-1.9598524966467503e-07,3.868e-09,0.0,0.0
3.934974077049413e-09,0.0,0.33507291061834127,-0.014138838636613998,-0.15139554555083154,0.009855085606421801,-0.004893273116492208,-0.0031459425273736236,-0.0031457322071862526,-2.1418818741155004e-07,3.868e-09,0.0,0.0
3.935842242514599e-09,0.0,0.33116468474349664,-0.01718655089161969,-0.15347363357382346,0.00974013778657343,-0.004820128302652546,-0.0030780019818169653,-0.0030777690451049,-2.3680471206177871e-07,3.868e-09,0.0,0.0
3.936715932952374e-09,0.0,0.3273738918638255,-0.0202439778412698,-0.15551929763671832,0.009628643878347809,-0.0047464585235219015,-0.003010141843775133,-0.003009886643419196,-2.590683559462843e-07,3.868e-09,0.0,0.0
3.937591719613288e-09,0.0,0.32371058499107885,-0.02329798881076109,-0.1575242636549939,0.009520899558561143,-0.0046725758506789864,-0.0029426523612661676,-0.002942375340196701,-2.8088906944518356e-07,3.868e-09,0.0,0.0
3.938536020229911e-09,0.0,0.3199081771943471,-0.026577695597345047,-0.15963534798340548,0.009409064035127855,-0.004592898007912366,-0.002870500818427043,-0.002870200821723151,-3.038647038860631e-07,3.868e-09,0.0,0.0
3.939506188707607e-09,0.0,0.316154259620076,-0.0299316954514596,-0.16174991915019976,0.009298654694708117,-0.004511051989903323,-0.002797060622518262,-0.0027967376122314813,-3.2687828675134067e-07,3.868e-09,0.0,0.0
3.9405386814261976e-09,0.0,0.3123205407258158,-0.033482368277449465,-0.16394042478638257,0.00918589825664164,-0.004423998982532952,-0.002719691387140377,-0.0027193445368505764,-3.5071828975846363e-07,3.868e-09,0.0,0.0
3.9415981872445564e-09,0.0,0.30855073065812205,-0.037104193523097045,-0.16612469443779476,0.009075021489944766,-0.004334759481611545,-0.002641167573488114,-0.0026407969510636453,-3.7449042446466636e-07,3.868e-09,0.0,0.0
3.942714594442726e-09,0.0,0.3047481306894688,-0.040894879605126194,-0.16835742643590135,0.008963180314396142,-0.0042408747812344,-0.0025594060737374126,-0.0025590111517463654,-3.987899910440598e-07,3.868e-09,0.0,0.0
3.9438622406389496e-09,0.0,0.30101004303472156,-0.04476223847819433,-0.1705798978884406,0.008853236559844753,-0.004144562079613512,-0.0024764316401953853,-0.002476012530306687,-4.229778886858619e-07,3.868e-09,0.0,0.0
3.945063765284546e-09,0.0,0.29726984210207996,-0.048777040200748883,-0.17282874877220658,0.008743230650061174,-0.004044002170897308,-0.002390758448874309,-0.0023903148639918548,-4.474528824708484e-07,3.868e-09,0.0,0.0
3.946299786037769e-09,0.0,0.29359465394182926,-0.052868358869227194,-0.17506013670488577,0.008635136880642037,-0.003940900940663436,-0.0023039323051158547,-0.0023034644352946942,-4.7173782113817346e-07,3.868e-09,0.0,0.0
3.9475899612034045e-09,0.0,0.28993069525543147,-0.057094454544770495,-0.17730192440681963,0.00852737338986563,-0.0038337223349890906,-0.0022147461861545857,-0.0022142539182106458,-4.961359439608871e-07,3.868e-09,0.0,0.0
3.948918142390391e-09,0.0,0.2863276189054269,-0.06139486562290089,-0.179518067166558,0.008421400556041968,-0.003723920825303195,-0.002124504292818837,-0.002123987905854552,-5.20254964329373e-07,3.868e-09,0.0,0.0
3.950301852946484e-09,0.0,0.2827388374267792,-0.06581798487048049,-0.18172968004790688,0.008315848159611153,-0.003610184005155368,-0.0020322159952352995,-0.002031645269149923,-5.745940853597569e-07,3.868e-09,0.0,0.0
3.951729597133185e-09,0.0,0.27919585157182475,-0.07031768022314933,-0.18390966989992216,0.008211642693288963,-0.0034936017669608796,-0.0019388676988646649,-0.0019382350974006535,-6.364694639927908e-07,3.868e-09,0.0,0.0
3.953215120207472e-09,0.0,0.27566327286480335,-0.0749269367829325,-0.18607015507094896,0.008107743319553039,-0.003373227314802244,-0.0018437945330337308,-0.00184310060979892,-6.977912347637684e-07,3.868e-09,0.0,0.0
3.954751074941541e-09,0.0,0.2721553806527561,-0.07961138307147006,-0.18819099484430427,0.008004570019198708,-0.0032498501264447677,-0.0017477224673197076,-0.0017469683475826447,-7.57987736997503e-07,3.868e-09,0.0,0.0
3.95635256589613e-09,0.0,0.2686327653929285,-0.08440402841972647,-0.19028287724897722,0.00790096368802731,-0.003122520706388216,-0.001649989368835256,-0.0016491758745026397,-8.173623325834703e-07,3.868e-09,0.0,0.0
3.958027201933134e-09,0.0,0.2650747119433385,-0.089315366757929,-0.1923431835678324,0.007796315057157014,-0.0029931301304010442,-0.0015504785862403606,-0.0015496066135467224,-8.758406936003095e-07,3.868e-09,0.0,0.0
3.9595871656527845e-09,0.0,0.2618542935079358,-0.09380262946289675,-0.19414851554385312,0.007701596867880465,-0.0028768799071425544,-0.0014602732053898013,-0.0014593499913568841,-9.270820328530317e-07,3.868e-09,0.0,0.0
3.961262685386558e-09,0.0,0.25847664270860754,-0.09852783120604316,-0.19596868430523226,0.007602254197311986,-0.0027526984322042806,-0.0013660850715413522,-0.0013651101950518385,-9.78744489530176e-07,3.868e-09,0.0,0.0
3.962440023315952e-09,0.0,0.2561428772166302,-0.10178547072750965,-0.1971757654307604,0.007533614035783241,-0.0026653215825662886,-0.001301582980980927,-0.0013005738435054592,-1.0130054754764162e-06,3.868e-09,0.0,0.0
3.9636485412434135e-09,0.0,0.25377311849654105,-0.105071284668872,-0.19835469817182944,0.007463915249898266,-0.0025756463844832725,-0.0012368193198938136,-0.0012357767203773906,-1.0464675164437593e-06,3.868e-09,0.0,0.0
3.9650517453791766e-09,0.0,0.25104563101235094,-0.10880851967748173,-0.19964896896199932,0.007383695029775028,-0.002472010602906605,-0.0011634597814998118,-0.0011623804462640996,-1.0832032357047476e-06,3.868e-09,0.0,0.0
3.966543911048471e-09,0.0,0.24816280646252015,-0.11268685506539361,-0.20093961927232032,0.0072989060724270634,-0.0023625946204132364,-0.0010876083353759032,-0.0010864923671822235,-1.1198361936793587e-06,3.868e-09,0.0,0.0
3.96822243451611e-09,0.0,0.24492731266663673,-0.11692676567879427,-0.20228906502008795,0.007203744490195198,-0.0022407611806289397,-0.001004926955274284,-0.0010037726853120987,-1.1581379621534962e-06,3.868e-09,0.0,0.0
3.969956485710084e-09,0.0,0.24157812184727048,-0.12116585679206143,-0.20357293296534812,0.007105238877860897,-0.002116537823312293,-0.0009224227015941021,-0.0009212319911800493,-1.1945784139997978e-06,3.868e-09,0.0,0.0
3.971891824230266e-09,0.0,0.23781466854305203,-0.12572296871789254,-0.20487838955060506,0.006994549074795648,-0.0019802322555270133,-0.0008337908249739494,-0.0008325630613505441,-1.2316316234113406e-06,3.868e-09,0.0,0.0
3.9737179153896225e-09,0.0,0.23422242446810082,-0.12985121091914684,-0.205991427520258,0.006888894837297083,-0.001854139943933364,-0.0007534467081681871,-0.0007521873528171241,-1.2632233511166565e-06,3.868e-09,0.0,0.0
3.9753909060673455e-09,0.0,0.2308843302981329,-0.1334851452004135,-0.20691381753806187,0.006790715597003909,-0.0017409800894412836,-0.0006825873699309523,-0.0006813018340764421,-1.289403854455323e-06,3.868e-09,0.0,0.0
3.976932294207309e-09,0.0,0.2277607974754642,-0.136706966313615,-0.2076842618835258,0.006698846984572477,-0.001638857912312477,-0.000619584336429152,-0.0006182769327960358,-1.3112716331274077e-06,3.868e-09,0.0,0.0
3.978383412813092e-09,0.0,0.22477226246157145,-0.1396291962795293,-0.20834239086372802,0.006610948895928572,-0.0015446540476686725,-0.0005622328106378513,-0.0005609067271105106,-1.329951527348814e-06,3.868e-09,0.0,0.0
3.979756980719456e-09,0.0,0.22189598016359194,-0.14229626041929738,-0.2089072600323201,0.006526352357752704,-0.0014572991342226387,-0.0005096652624767184,-0.000508323146079459,-1.3459843972506857e-06,3.868e-09,0.0,0.0
3.98106906707825e-09,0.0,0.21910220026560387,-0.14475434618958835,-0.20939573402222492,0.006444182360753055,-0.0013755248953766777,-0.0004609816022645237,-0.00045962562134715945,-1.3598489173308176e-06,3.868e-09,0.0,0.0
3.9823221481094115e-09,0.0,0.21638916892364507,-0.1470205962549444,-0.2098170171644529,0.0063643873212836785,-0.0012990044789929684,-0.00041585671386832224,-0.00041448877553112995,-1.3718063371843878e-06,3.868e-09,0.0,0.0
3.983524549002596e-09,0.0,0.2137430884881919,-0.14912102419414908,-0.2101809251853453,0.006286561426123291,-0.00122702305391405,-0.00037379039599940805,-0.0003724042313552056,-1.3900326441843733e-06,3.868e-09,0.0,0.0
3.984676740129024e-09,0.0,0.21116668387009618,-0.1510661193034516,-0.21049360676596046,0.006210784819708711,-0.0011594012030997193,-0.0003345923501062151,-0.0003331836619654416,-1.4125561407080191e-06,3.868e-09,0.0,0.0
3.985783471041329e-09,0.0,0.20865320474976562,-0.15287270270286912,-0.2107616490952458,0.0061368589632284,-0.0010957028818919347,-0.0002979457804561166,-0.0002965177843329836,-1.4318641231608746e-06,3.868e-09,0.0,0.0
3.9868444474255075e-09,0.0,0.2062074554020525,-0.15454830223189422,-0.21098967523663792,0.006064925158883896,-0.00103578797932841,-0.0002637213253177717,-0.0002622769037116113,-1.448289606212484e-06,3.868e-09,0.0,0.0
3.987862293727442e-09,0.0,0.20382713763751784,-0.15610450146702035,-0.2111824889069177,0.005994915812868171,-0.0009793808273997114,-0.00023170718587165926,-0.0002302488752541354,-1.4621786175949737e-06,3.868e-09,0.0,0.0
3.988836143909421e-09,0.0,0.20151837548789367,-0.15754690148521538,-0.21134377083740505,0.005927011043761579,-0.000926384902988267,-0.00020181399949646586,-0.00020034407120383957,-1.47379629265441e-06,3.868e-09,0.0,0.0
3.989767268642004e-09,0.0,0.19928191172921295,-0.15888390118971832,-0.21147726510224824,0.005861232697918028,-0.0008766056771444356,-0.00017389443489206318,-0.00017241489056252224,-1.483412329531947e-06,3.868e-09,0.0,0.0
3.990654345772061e-09,0.0,0.1971248974426863,-0.16011975063965156,-0.21158603944658308,0.005797791101255479,-0.0008299872308112568,-0.00014788726374438747,-0.00014639988403625237,-1.4912477081355363e-06,3.868e-09,0.0,0.0
3.991497349510466e-09,0.0,0.19505117817387777,-0.1612602764428266,-0.2116731296599246,0.005736799358055229,-0.0007864115617128614,-0.0001236982181044147,-0.00012220456499795196,-1.4975211065032356e-06,3.868e-09,0.0,0.0
3.992294434258378e-09,0.0,0.19306901404814836,-0.1623085818744735,-0.21174118738815256,0.005678500413180834,-0.0007458605580541417,-0.00010129057729069707,-9.9792021759193e-05,-1.5024235315265887e-06,3.868e-09,0.0,0.0
3.993044358091112e-09,0.0,0.19118520649695045,-0.1632684218960572,-0.2117927889709798,0.005623094308733837,-0.0007082811050239194,-8.061390674409197e-05,-7.91116341785636e-05,-1.506140565542913e-06,3.868e-09,0.0,0.0
3.99374433400772e-09,0.0,0.18941041248018942,-0.16414142411100466,-0.2118302835125016,0.005570894484711453,-0.000673702169585303,-6.166357075293887e-05,-6.0158597330661756e-05,-1.5088414223505348e-06,3.868e-09,0.0,0.0
3.994391331921288e-09,0.0,0.18775585816204643,-0.16492886129486786,-0.2118559382008059,0.00552223112241313,-0.0006421650959392642,-4.44431308720862e-05,-4.29363094570645e-05,-1.5106894150647167e-06,3.868e-09,0.0,0.0
3.994916228953702e-09,0.0,0.1864037039802497,-0.16555404984443117,-0.21187049541644118,0.00548246188177205,-0.0006168791369185088,-3.067858025305134e-05,-2.917071023322837e-05,-1.5117380198309777e-06,3.868e-09,0.0,0.0
3.99535357307564e-09,0.0,0.1852703182088414,-0.16606569180540806,-0.21187840320917375,0.0054491270061423945,-0.000596013660788562,-1.9349361838235407e-05,-1.784092219370148e-05,-1.5123076445008151e-06,3.868e-09,0.0,0.0
3.9957193220991174e-09,0.0,0.18431780606051593,-0.16648714887412494,-0.2118821033796988,0.00542111194295635,-0.000578705231755885,-9.97118535595521e-06,-8.462479175852522e-06,-1.5125741801176364e-06,3.868e-09,0.0,0.0
3.9960169283052755e-09,0.0,0.18353969976442164,-0.1668257870893526,-0.2118831745616561,0.00539822646365946,-0.0005647167654739903,-2.4045535270242475e-06,-8.957701861378453e-07,-1.5126513409246314e-06,3.868e-09,0.0,0.0
3.996313471256996e-09,0.0,0.18276158732935685,-0.16715939870007152,-0.21188252547123235,0.005375340803804613,-0.0005508623717096234,5.078064502460594e-06,6.586801087227201e-06,-1.512604584777768e-06,3.868e-09,0.0,0.0
3.996613513180389e-09,0.0,0.18197146328407734,-0.16749308561533344,-0.21188013819762563,0.0053521018612963924,-0.0005369296126898027,1.2591448011332687e-05,1.4100012632856096e-05,-1.5124326215023039e-06,3.868e-09,0.0,0.0
3.997006270369894e-09,0.0,0.18093288212635122,-0.16792404420867563,-0.21187440577248223,0.005321555356657389,-0.000518820312484784,2.2339722485543743e-05,2.3847874181304185e-05,-1.5120196958111358e-06,3.868e-09,0.0,0.0
3.997454551084034e-09,0.0,0.17974168079254924,-0.16840787875533386,-0.2118642846143612,0.0052865200233102715,-0.0004983288480650497,3.334678490367533e-05,3.4854207538737025e-05,-1.5112906350544865e-06,3.868e-09,0.0,0.0
3.997983536373712e-09,0.0,0.17832822475442148,-0.16896785820884147,-0.2118474926058466,0.00524494778689475,-0.0004743910623664553,4.617348534302657e-05,4.76796983936989e-05,-1.5100810507078161e-06,3.868e-09,0.0,0.0
3.998549997666907e-09,0.0,0.17680507478146745,-0.169554452002381,-0.2118237664182653,0.0052001492582784544,-0.000449046432852592,5.971659712559208e-05,6.122110109990642e-05,-1.5083719743290444e-06,3.868e-09,0.0,0.0
3.99918078245051e-09,0.0,0.17509753718691864,-0.1701919016677612,-0.21179045862825516,0.005149927564321136,-0.00042117309468505,7.456649470570059e-05,7.60685994088961e-05,-1.5059727031886455e-06,3.868e-09,0.0,0.0
3.999842688335148e-09,0.0,0.17329333280029627,-0.17084311846925693,-0.21174782720544835,0.005096862729420479,-0.0003923175920349498,8.989076511808267e-05,9.138979893769106e-05,-1.5029018196991312e-06,3.868e-09,0.0,0.0
4.000559609732394e-09,0.0,0.1713244602244325,-0.17152824453228638,-0.21169293317197044,0.005038954712483309,-0.0003615131147556074,0.00010619480798994851,0.0001076898876093968,-1.4989476194876024e-06,3.868e-09,0.0,0.0
4.00130457617595e-09,0.0,0.1692631483639163,-0.17221814007182934,-0.21162645979093334,0.004978327893056362,-0.0003299937057682482,0.00012281790929473537,0.00012430820061498649,-1.4941593202735652e-06,3.868e-09,0.0,0.0
4.002097485268512e-09,0.0,0.1670519873993144,-0.17292805724883503,-0.2115453535309691,0.004913293747038658,-0.000296988758326725,0.00014016000235010374,0.00014164445131614745,-1.4883169660141418e-06,3.868e-09,0.0,0.0
4.00291654547672e-09,0.0,0.1647497812650319,-0.17363532124513437,-0.2114505872913773,0.004845581801912703,-0.0002634759056471488,0.00015770101630160874,0.00015917863893943895,-1.481490637888878e-06,3.868e-09,0.0,0.0
4.0037780656153256e-09,0.0,0.16230888757381284,-0.17435104288081188,-0.2113391203986622,0.0047737908109944955,-0.00022885439713519134,0.00017575008054168404,0.0001772196738477061,-1.4734613060503023e-06,3.868e-09,0.0,0.0
4.0046645250717715e-09,0.0,0.15977736155666183,-0.1750577123063596,-0.21121209046938716,0.004699334163431231,-0.00019389359034659729,0.00019390073136490874,0.00019536117428170519,-1.464310916811521e-06,3.868e-09,0.0,0.0
4.005589125611213e-09,0.0,0.1571157291118647,-0.17576308401115676,-0.21106657320336217,0.004621050856231315,-0.00015813469634284286,0.00021238708134168206,0.00021383704216476618,-1.4538288230821889e-06,3.868e-09,0.0,0.0
4.006537819146716e-09,0.0,0.154363552894393,-0.17645369672062136,-0.21090377438952654,0.004540104496893911,-0.00012217935548632802,0.0002308929544008717,0.00023233118828269728,-1.4421018818588953e-06,3.868e-09,0.0,0.0
4.007521198652416e-09,0.0,0.15148870202883674,-0.17713469106941054,-0.21072096074121913,0.004455550059671669,-8.56840436933937e-05,0.0002495927311557217,0.0002510177963610527,-1.4289332053924855e-06,3.868e-09,0.0,0.0
4.008528016854501e-09,0.0,0.1485231528225516,-0.17779574695201195,-0.21051933777234777,0.004368328024192694,-4.912159305004318e-05,0.00026824134992135747,0.0002696518915522028,-1.414409630868119e-06,3.868e-09,0.0,0.0
4.009566786260726e-09,0.0,0.14544125411253106,-0.17844008082783286,-0.21029639608250128,0.004277683944486208,-1.22329787421852e-05,0.0002869681287177536,0.0002883626111155335,-1.398350397809508e-06,3.868e-09,0.0,0.0
4.0106285466827876e-09,0.0,0.14226919989475514,-0.17905979954055795,-0.21005328401851206,0.00418438823219868,2.4616513617876853e-05,0.00030558432906117145,0.0003069612992866455,-1.380838225466819e-06,3.868e-09,0.0,0.0
4.011720023644245e-09,0.0,0.13898672554025823,-0.17965664232785114,-0.20978775632516192,0.004087844868831124,6.161084389919464e-05,0.0003241833426532127,0.00032555045047022446,-1.3709758170291794e-06,3.868e-09,0.0,0.0
4.012834119010653e-09,0.0,0.13561515870374943,-0.18022458946688127,-0.20950086375465923,0.003988681138345571,9.846891907439097e-05,0.00034262095505756545,0.0003439799199071447,-1.3628328495697448e-06,3.868e-09,0.0,0.0
4.013976266771623e-09,0.0,0.1321383873795746,-0.18076439856195736,-0.20919059654168537,0.003886423158222782,0.00013532770800076926,0.0003609662357619371,0.0003623163941938179,-1.3540264318415034e-06,3.868e-09,0.0,0.0
4.01514074112341e-09,0.0,0.12857451267482142,-0.1812714022983281,-0.20885793093407382,0.003781603313965336,0.00017196580233794437,0.0003791077073783302,0.00038044842365136944,-1.3445842730121285e-06,3.868e-09,0.0,0.0
4.016331803528769e-09,0.0,0.12491134827882602,-0.18174561767552322,-0.2085011282074134,0.0036738631846713536,0.00020848052107530292,0.00039709460901301544,0.0003984251980352904,-1.3344570222870839e-06,3.868e-09,0.0,0.0
4.017544942930796e-09,0.0,0.12116387807614093,-0.1821834657631207,-0.20812104785609029,0.003563643472827674,0.00024470121615283223,0.00041484309504359027,0.00041616289611856594,-1.3236690749820296e-06,3.868e-09,0.0,0.0
4.018783587844883e-09,0.0,0.11732303315907448,-0.18258450683764552,-0.20771617248749394,0.003450677445855132,0.0002807002344521556,0.0004323897565900461,0.0004336980659525036,-1.3121773624367037e-06,3.868e-09,0.0,0.0
4.020044177285122e-09,0.0,0.11340172875602773,-0.18294596625174928,-0.2072872490697901,0.0033353449634125803,0.00031634355253892,0.00044967201179141417,0.0004509681468775617,-1.3000030860975424e-06,3.868e-09,0.0,0.0
4.021329477848757e-09,0.0,0.10939329318793761,-0.18326710926795586,-0.2068329600597811,0.003217449799645224,0.0003516869602168673,0.000466717653011029,0.0004680008938607316,-1.2871088496967872e-06,3.868e-09,0.0,0.0
4.022636713478005e-09,0.0,0.1053089315437401,-0.18354576165801528,-0.20635393277161618,0.0030973215159923557,0.00038662924635172297,0.00048348114727059705,0.00048475079172910496,-1.2735124585010393e-06,3.868e-09,0.0,0.0
4.023968078148951e-09,0.0,0.10114421965309948,-0.1837805400214728,-0.20584904340072352,0.002974829989797044,0.0004215498003189442,0.0004999839786910269,0.0005012392927061793,-1.259182015190536e-06,3.868e-09,0.0,0.0
4.024840532903997e-09,0.0,0.09841389547208526,-0.1839018915170447,-0.20550912707794255,0.0028945263374142724,0.0004506754426239903,0.0005104987336518321,0.0005117443997087467,-1.249534056895603e-06,3.868e-09,0.0,0.0
4.025383729927836e-09,0.0,0.0967141081497136,-0.18395697413392265,-0.20529395513272358,0.002844532592638635,0.00047595881268017615,0.0005169315841743555,0.0005181711429342317,-1.243426759850471e-06,3.868e-09,0.0,0.0
4.026060908964394e-09,0.0,0.09459546719058862,-0.18399609983949045,-0.20502197885306375,0.0027822196232526065,0.0005083802777658503,0.00052483833214616,0.0005260701713125648,-1.2357071664461261e-06,3.868e-09,0.0,0.0
4.0267843455550575e-09,0.0,0.09233302424750683,-0.1840032420751619,-0.20472691368646684,0.002715677183750201,0.0005398025268648355,0.0005331578857802195,0.0005343813500136574,-1.2273322334675508e-06,3.868e-09,0.0,0.0
4.027673851240995e-09,0.0,0.08955332835650921,-0.18396772494688282,-0.20435783074350172,0.0026339214222502708,0.0005762695280039113,0.0005432246807945921,0.0005444376692238517,-1.2168564292697245e-06,3.868e-09,0.0,0.0
4.028650061204055e-09,0.0,0.08650637080187924,-0.18387674875924223,-0.20394492122411864,0.0025443050235846834,0.000613677617613637,0.0005540883656673462,0.0005552896343480884,-1.205136680744568e-06,3.868e-09,0.0,0.0
4.029661040628258e-09,0.0,0.0833562177605109,-0.18373013931173093,-0.20350878514436993,0.0024516534635444383,0.0006497182207853335,0.0005651603344837756,0.0005663492241688162,-1.192757685014367e-06,3.868e-09,0.0,0.0
4.030708812422327e-09,0.0,0.08009853391493746,-0.18352728617110425,-0.2030477680531707,0.0023558392327922783,0.0006843535751550471,0.0005764687721952185,0.000577644576678471,-1.1796724832424955e-06,3.868e-09,0.0,0.0
4.031801443326976e-09,0.0,0.07671069244613037,-0.18326620541656605,-0.20255738160825656,0.002256196836650893,0.0007177345295751777,0.0005881061257358534,0.0005892680114171767,-1.165753681314349e-06,3.868e-09,0.0,0.0
4.032950406231148e-09,0.0,0.0731601864560068,-0.18294315543952816,-0.20203123934060538,0.002151770189882553,0.0007500489803068317,0.0006001977978081664,0.0006013447498181002,-1.1508200099508497e-06,3.868e-09,0.0,0.0
4.034162506004902e-09,0.0,0.06943002981858958,-0.18255498134565684,-0.20146467921610398,0.0020420597005467523,0.0007812939538903834,0.0006128173405567272,0.000613948211701798,-1.1347391450837516e-06,3.868e-09,0.0,0.0
4.03545126064581e-09,0.0,0.06548371747067991,-0.18209605475072563,-0.20084946345173676,0.0019259916903141148,0.0008115939634480104,0.000626106353583588,0.0006272197628545695,-1.1172772709717952e-06,3.868e-09,0.0,0.0
4.0368312050796235e-09,0.0,0.06128368719070539,-0.18155976401181323,-0.20017619512622306,0.0018024613879619232,0.0008410262937641048,0.0006402135705015856,0.0006413078701733022,-1.0981676716659645e-06,3.868e-09,0.0,0.0
4.038247090732075e-09,0.0,0.05700468554013103,-0.18096925491047292,-0.1994699073388164,0.0016766083982391478,0.0008683235166304027,0.000654578718446384,0.0006556529713163117,-1.0781208699667391e-06,3.868e-09,0.0,0.0
4.039722169128413e-09,0.0,0.05258304149831222,-0.18031883005011445,-0.19871753197996334,0.0015465600440680064,0.0008939967345846264,0.0006694446172950458,0.0006704975152444503,-1.0567659493646263e-06,3.868e-09,0.0,0.0
4.041241479335962e-09,0.0,0.04807111417887555,-0.17961917051078122,-0.19792504170481695,0.0014138562993786926,0.0009178591334428727,0.000684663005086732,0.0006856934095204603,-1.034272433721721e-06,3.868e-09,0.0,0.0
4.042837533899045e-09,0.0,0.04338152479104058,-0.1788594670841135,-0.19707345088412714,0.0012759271997364876,0.000940492594199948,0.0007005562723414133,0.0007015625057890662,-1.0101014475944754e-06,3.868e-09,0.0,0.0
4.044501570640982e-09,0.0,0.03855133586173459,-0.1780479811946649,-0.1961649065538488,0.0011338628194627822,0.0009618249722199858,0.0007170262195554935,0.0007180066654865758,-9.843139310200754e-07,3.868e-09,0.0,0.0
4.046265101454321e-09,0.0,0.033503170937347726,-0.17717371555050462,-0.19517914472056044,0.0009853873805102272,0.0009823384299071278,0.000734364363564418,0.0007353168302887403,-9.56334724318574e-07,3.868e-09,0.0,0.0
4.048132841147764e-09,0.0,0.02824704835747873,-0.1762387637792358,-0.19410963234250375,0.000830795539925845,0.001002184913737445,0.0007525831862455728,0.0007535052966435862,-9.259783979880652e-07,3.868e-09,0.0,0.0
4.050132841147764e-09,0.0,0.022787372846905057,-0.1752338346606107,-0.19293555626445502,0.0006702168484383841,0.00102175286307936,0.0007719048186145489,0.0007727936048199102,-8.926542053061149e-07,3.868e-09,0.0,0.0
4.0521328411477635e-09,0.0,0.017482621424378165,-0.17423002110252656,-0.19173197909511178,0.0005141947477758284,0.001040049384556042,0.0007910020906530505,0.0007918567153264167,-8.584926733162562e-07,3.868e-09,0.0,0.0
4.054132841147763e-09,0.0,0.012235004169985039,-0.17323069049024778,-0.19049927489067817,0.0003598530638230894,0.001057459134417852,0.0008098391140183279,0.000810658750437343,-8.235044189804156e-07,3.868e-09,0.0,0.0
4.056132841147763e-09,0.0,0.007056608650467328,-0.17223753357851537,-0.18923787471637904,0.00020754731324903905,0.0010743566072056504,0.0008283776424741772,0.0008291614761515298,-7.877016773665587e-07,3.868e-09,0.0,0.0
4.058132841147763e-09,0.0,0.001975885547529619,-0.1712507980274929,-0.18794826887124888,5.811428080969468e-05,0.0010910074962795745,0.0008465788921528934,0.0008473261225177275,-7.510983647956145e-07,3.868e-09,0.0,0.0
4.060132841147763e-09,0.0,-0.002991704560334696,-0.17026951722983544,-0.18663100651275097,-8.79913105980793e-05,0.0011076730537704887,0.0008644051014614124,0.0008651149435296157,-7.137100681869149e-07,3.868e-09,0.0,0.0
4.0621328411477625e-09,0.0,-0.00783488217977452,-0.1692916886191006,-0.18528669305991702,-0.00023043771116983881,0.0011245337264092752,0.0008818208591831297,0.0008824925451545174,-6.755539713506445e-07,3.868e-09,0.0,0.0
4.064132841147762e-09,0.0,-0.01254278924537311,-0.16831451704229283,-0.18391598573960982,-0.00036890556604038556,0.0011417355969635691,0.0008987941905162557,0.000899426971244871,-6.366487285759254e-07,3.868e-09,0.0,0.0
4.066132841147762e-09,0.0,-0.017107404807598082,-0.16733454750168753,-0.18251958762998077,-0.0005031589649293554,0.0011594008802108132,0.0009152974249773037,0.0009158905712728926,-5.970142955642877e-07,3.868e-09,0.0,0.0
4.068132841147762e-09,0.0,-0.02152176038569398,-0.16634782027554,-0.18109824049965287,-0.0006329929525204112,0.0011776078705889818,0.0009313078944271697,0.000931860698153375,-5.566717261818142e-07,3.868e-09,0.0,0.0
4.070132841147762e-09,0.0,-0.02578136486971905,-0.16535003261500297,-0.17965271204443792,-0.0007582754373446779,0.0011964089324017551,0.0009468084412766749,0.000947326293626094,-5.21720349416966e-07,3.868e-09,0.0,0.0
4.072132841147761e-09,0.0,-0.029882544373646232,-0.1643366575954627,-0.17818377672925337,-0.0008788983639307715,0.0012158346442634651,0.000961787750677037,0.0009622896161138039,-5.057334367367076e-07,3.868e-09,0.0,0.0
4.074132841147761e-09,0.0,-0.033823410926044364,-0.16330307394427396,-0.17669222612445032,-0.0009948062037071872,0.0012358847187903125,0.0009762405377359325,0.0009767261701302266,-4.89500394321101e-07,3.868e-09,0.0,0.0
4.076132841147761e-09,0.0,-0.03760325743403569,-0.16224468553335453,-0.175178870022078,-0.0011059781598245792,0.0012565424600910347,0.0009901676009184685,0.000990636762953856,-4.730300354069489e-07,3.868e-09,0.0,0.0
4.078132841147761e-09,0.0,-0.04122194141612191,-0.16115700527598859,-0.17364451234955436,-0.0012124100416506444,0.0012777779769557471,0.0010035757482174694,0.0010040282113268628,-4.5633110940431663e-07,3.868e-09,0.0,0.0
4.0801328411477605e-09,0.0,-0.04468048777961707,-0.160035741295674,-0.17208994206900194,-0.0013141319935181491,0.0012995435786665377,0.001016477609188476,0.0010169131533913356,-4.394122028509712e-07,3.868e-09,0.0,0.0
4.08213284114776e-09,0.0,-0.04798071184927736,-0.1588768736350356,-0.17051592444388577,-0.001411197407331687,0.0013217826034745018,0.0010288913456152867,0.0010293097592596612,-4.222816443642903e-07,3.868e-09,0.0,0.0
4.08413284114776e-09,0.0,-0.051124938488500235,-0.15767671530134025,-0.1689231928175931,-0.0015036746614264774,0.0013444277094929798,0.0010408402755056013,0.0010412413549207578,-4.0494741516480495e-07,3.868e-09,0.0,0.0
4.08613284114776e-09,0.0,-0.054116005986899064,-0.15643196576212515,-0.16731244102669493,-0.001591647234908796,0.0013674055111828943,0.001052352424180372,0.001052735973246871,-3.874170665071965e-07,3.868e-09,0.0,0.0
4.08813284114776e-09,0.0,-0.05695714094658017,-0.15513974976188308,-0.16568431655079233,-0.0016752100278405932,0.0013906382808991824,0.001063460015781392,0.0010638258454265526,-3.696976451277898e-07,3.868e-09,0.0,0.0
4.0901328411477595e-09,0.0,-0.059652015899663846,-0.1537976462209817,-0.16403941447925635,-0.001754471055872466,0.0014140461146528764,0.0010741989199426704,0.0010745468475702458,-3.5179562758257325e-07,3.868e-09,0.0,0.0
4.092132841147759e-09,0.0,-0.062204564656860424,-0.15240371071705855,-0.16237827235600236,-0.0018295460193194241,0.0014375468145353793,0.0010846080637957859,0.001084937912659928,-3.3371686414115895e-07,3.868e-09,0.0,0.0
4.094132841147759e-09,0.0,-0.06461889073977893,-0.1509564932811532,-0.16070136595001444,-0.001900555609993498,0.0014610571314969637,0.001094728816591621,0.001095040415124371,-3.154665327559906e-07,3.868e-09,0.0,0.0
4.096132841147759e-09,0.0,-0.06689919050957358,-0.14945504061109693,-0.15900910598413986,-0.001967623250281576,0.0014844980215217446,0.001104604359409133,0.0011048975405126005,-2.970491034607222e-07,3.868e-09,0.0,0.0
4.098132841147759e-09,0.0,-0.0690498939548448,-0.14789889565406208,-0.15730183583636398,-0.0020308792339660234,0.0015077894328164158,0.0011142790512827412,0.001114553651596073,-2.7846831335242807e-07,3.868e-09,0.0,0.0
4.100132841147758e-09,0.0,-0.0710753738138713,-0.14628809637759838,-0.1555798302167267,-0.0020904521709962146,0.0015308546536489964,0.0011237977947802238,0.001124053653932422,-2.5972715219204233e-07,3.868e-09,0.0,0.0
4.102132841147758e-09,0.0,-0.07298007627203158,-0.14462316195221972,-0.15384329481407696,-0.0021464728315303406,0.0015536209601980829,0.0011332054096536725,0.0011334423695122386,-2.408278585598709e-07,3.868e-09,0.0,0.0
4.104132841147758e-09,0.0,-0.07476844238105823,-0.1429050800754996,-0.15209236689445682,-0.002199071834737007,0.0015760171642530965,0.001142546022067609,0.001142763925993967,-2.2177192636800506e-07,3.868e-09,0.0,0.0
4.106132841147758e-09,0.0,-0.07644481962637106,-0.14113528006087614,-0.15032711682067604,-0.002248377047834443,0.0015979819428820598,0.0011518624777997063,0.001152061169921087,-2.0256012139835753e-07,3.868e-09,0.0,0.0
4.1081328411477576e-09,0.0,-0.07801349760455648,-0.13931560351522568,-0.14854754286341068,-0.0022945146354281317,0.0016194555636002631,0.001161195785494341,0.0011613849745238936,-1.9305702954945532e-07,3.868e-09,0.0,0.0
4.110132841147757e-09,0.0,-0.07947877182411284,-0.13744828072648194,-0.14675358023605084,-0.0023376109360033186,0.0016403842402112222,0.001170584592311492,0.0011707664410439411,-1.8571673246584144e-07,3.868e-09,0.0,0.0
4.112132841147757e-09,0.0,-0.0808447701630568,-0.13553590330855453,-0.14494511439654065,-0.0023777873577369647,0.001660716630036432,0.00118006470122626,0.0011802391503193121,-1.7831709307251223e-07,3.868e-09,0.0,0.0
4.114132841147757e-09,0.0,-0.08211548712941831,-0.13358138285524468,-0.1431219799550253,-0.002415161386159362,0.0016804133707008278,0.0011896686342160153,0.0011898356236506868,-1.7085743464931184e-07,3.868e-09,0.0,0.0
4.116132841147757e-09,0.0,-0.08339825033630043,-0.13158791432908254,-0.14128396431379103,-0.0024528897157735418,0.0016994343620843507,0.0011994252410665895,0.0011995847099539325,-1.6333688731726166e-07,3.868e-09,0.0,0.0
4.1181328411477565e-09,0.0,-0.0852762860302762,-0.12955894856374361,-0.13943081358588216,-0.002508126059714006,0.001717746214271096,0.0012093593499154065,0.0012095112363276483,-1.557544122555678e-07,3.868e-09,0.0,0.0
4.120132841147756e-09,0.0,-0.08683494644936932,-0.12749814839812312,-0.13756223901489112,-0.0025539690132167447,0.0017353222830904511,0.0012194914651327527,0.001219635705960731,-1.4810882796926293e-07,3.868e-09,0.0,0.0
4.122132841147756e-09,0.0,-0.088093391763807,-0.1254093492269312,-0.13567792381755822,-0.002590982110700206,0.0017521398898584675,0.001229837519733799,0.0012299740505720969,-1.4039883828684245e-07,3.868e-09,0.0,0.0
4.124132841147756e-09,0.0,-0.08909179986640936,-0.12329652187243724,-0.1337775303679038,-0.0026203470548943927,0.0017681815039757845,0.0012404086789169597,0.0012405374339787,-1.3262306175533964e-07,3.868e-09,0.0,0.0
4.126132841147756e-09,0.0,-0.08986899142209658,-0.12116373293648006,-0.1318607076439229,-0.002643205630061664,0.0017834344712462729,0.0012512111951343853,0.0012513321071965233,-1.2478006210971803e-07,3.868e-09,0.0,0.0
4.1281328411477554e-09,0.0,-0.09046022735592835,-0.1190151095355378,-0.12992709885820838,-0.0026605949222331866,0.0017978888680093424,0.0012622463138529587,0.0012623593142324363,-1.1686837949483597e-07,3.868e-09,0.0,0.0
4.130132841147755e-09,0.0,-0.09089689000597008,-0.11685480533069627,-0.12797634919687803,-0.0026734379413520613,0.001811538862584763,0.0012735102269349273,0.0012736152454970728,-1.0888656213055926e-07,3.868e-09,0.0,0.0
4.132132841147755e-09,0.0,-0.09120671754942379,-0.11468696408538989,-0.12600811359300657,-0.0026825505161595232,0.0018243825376052338,0.0012849940743378107,0.0012850910395359183,-1.0083319811805193e-07,3.868e-09,0.0,0.0
4.134132841147755e-09,0.0,-0.09141347864939839,-0.11251568092514883,-0.12402206445819897,-0.0026886317249823054,0.0018364232641393215,0.0012966839967669531,0.0012967728357140273,-9.270694707479754e-08,3.868e-09,0.0,0.0
4.1361328411477546e-09,0.0,-0.09153888179232929,-0.11034497490825217,-0.12201789929791582,-0.0026923200527155674,0.0018476628571080591,0.0013085612340827991,0.0013086418726540872,-8.450657129397227e-08,3.868e-09,0.0,0.0
4.138132841147754e-09,0.0,-0.09160181966165483,-0.1081787802877586,-0.119995348144068,-0.0026941711665192597,0.0018580993557572565,0.0013206022523972172,0.001320674627348084,-7.624295088764439e-08,3.868e-09,0.0,0.0
4.139631394654264e-09,0.0,-0.09161705144574281,-0.10656090801831428,-0.11846771088999351,-0.002694619160168906,0.0018653635874607772,0.0013297158022055906,0.0013297858622768333,-7.39280712353035e-08,3.868e-09,0.0,0.0
4.1398313946542644e-09,0.0,-0.0916176345880227,-0.1063454836262859,-0.11826294048634318,-0.0026946363114124326,0.0018662674881418375,0.0013309378739513292,0.0013310076237271762,-7.361777581697205e-08,3.868e-09,0.0,0.0
4.1402313946542646e-09,0.0,-0.09161769617772388,-0.1059149093712009,-0.11785302342853507,-0.0026946381228742317,0.0018680315331066199,0.0013333841234108843,0.001333453252025718,-7.299661483537348e-08,3.868e-09,0.0,0.0
4.141031394654265e-09,0.0,-0.09161340057769171,-0.10505554725689213,-0.11703092820364465,-0.002694511781696815,0.0018713983633345348,0.0013382883460015644,0.0013383562288681317,-7.175086653792285e-08,3.868e-09,0.0,0.0
4.1425050308035216e-09,0.0,-0.0915936883171755,-0.10347980913151004,-0.11550867510581506,-0.002693932009328691,0.0018771151918921803,0.0013473551802702054,0.0013474207564158902,-6.944414567701178e-08,3.868e-09,0.0,0.0
4.144505030803521e-09,0.0,-0.09154949760122799,-0.10135843363990642,-0.11342622416584307,-0.0026926322823890587,0.0018842666527143703,0.0013597030450093405,0.0013597654655476688,-6.628853835264084e-08,3.868e-09,0.0,0.0
4.146505030803521e-09,0.0,-0.09149289322200369,-0.09925807047883917,-0.11132477343207964,-0.0026909674477059906,0.0018913781355501644,0.001372061252204788,0.0013721204883448135,-6.310414000741137e-08,3.868e-09,0.0,0.0
4.148505030803521e-09,0.0,-0.09143115551607402,-0.0971793861920068,-0.10920434191101897,-0.002689151632825706,0.0018981736732649579,0.001384384466054678,0.0013844404890341333,-5.98909794424974e-08,3.868e-09,0.0,0.0
4.150505030803521e-09,0.0,-0.09136923672153603,-0.09512385817182491,-0.10706501920526036,-0.002687330491809883,0.0019044344660797536,0.0013966262472596472,0.0013966790284520858,-5.6649192435704565e-08,3.868e-09,0.0,0.0
4.1525050308035205e-09,0.0,-0.09131131654101923,-0.09309337539361671,-0.10490696767666015,-0.002685626957088801,0.0019100801696525472,0.001408738447703194,0.0014087879587282026,-5.3379025019365664e-08,3.868e-09,0.0,0.0
4.15450503080352e-09,0.0,-0.09125966466186552,-0.09108991279002518,-0.10273042522489027,-0.0026841077841725154,0.0019150502077705613,0.0014206710157349278,0.001420717228572621,-5.0080837690783745e-08,3.868e-09,0.0,0.0
4.15650503080352e-09,0.0,-0.09121574574167773,-0.08911546932318007,-0.10053570819546243,-0.002682816051225816,0.0019192912335601752,0.0014323720225737852,0.0014324149096835992,-4.675510981885741e-08,3.868e-09,0.0,0.0
4.15850503080352e-09,0.0,-0.09118019941073621,-0.08717199914729368,-0.098323214188155,-0.0026817705709040063,0.001922773231801356,0.0014437877653721994,0.0014438272998160834,-4.34024438997842e-08,3.868e-09,0.0,0.0
4.16050503080352e-09,0.0,-0.09115266473498565,-0.08526133840578998,-0.09609342464322174,-0.002680960727499578,0.001925475875125835,0.0014548629530276712,0.0014548991085971408,-4.0023569476028665e-08,3.868e-09,0.0,0.0
4.1625050308035194e-09,0.0,-0.09113221141923868,-0.08338514661545128,-0.09384690708279825,-0.002680359159389373,0.001927395366307021,0.0014655409686068692,0.0014655737199534002,-3.6619346532800284e-08,3.868e-09,0.0,0.0
4.164505030803519e-09,0.0,-0.09111735257851016,-0.08154486032882906,-0.09158431690164863,-0.0026799221346620636,0.0019285320795240208,0.001475764192772917,0.0014757935155411128,-3.319076821163157e-08,3.868e-09,0.0,0.0
4.166505030803519e-09,0.0,-0.09110602933447894,-0.07974165930380751,-0.08930639811420535,-0.00267958909807291,0.0019288973960808551,0.0014854743733962433,0.0014855009081351789,-3.040273894709799e-08,3.868e-09,0.0,0.0
4.168505030803519e-09,0.0,-0.09109593390503458,-0.0779764368614017,-0.0870139833496967,-0.0026792921736774875,0.0019285055621097906,0.001494613030918713,0.001494638285726102,-2.9122807370247323e-08,3.868e-09,0.0,0.0
4.1705050308035186e-09,0.0,-0.09108452948267452,-0.07624979302825174,-0.08470799555135604,-0.0026789567494904273,0.0019273713387037048,0.0015031218848192713,0.0015031458521167773,-2.7835297516173794e-08,3.868e-09,0.0,0.0
4.172505030803518e-09,0.0,-0.09106905668006411,-0.07456202605120325,-0.08238944800198358,-0.002678501667060709,0.0019255140230009472,0.0015109432892922903,0.0015109659620674148,-2.6540775134440835e-08,3.868e-09,0.0,0.0
4.174505030803518e-09,0.0,-0.09104670731886985,-0.07291312666749572,-0.08005944184116083,-0.002677844332907937,0.0019229529351411125,0.0015180206751471425,0.0015180420470021633,-2.523985502798146e-08,3.868e-09,0.0,0.0
4.176505030803518e-09,0.0,-0.09101462686538295,-0.07130278629824867,-0.07771916407222226,-0.002676900790158322,0.0019197058909398439,0.0015242989874180355,0.0015243190526179756,-2.3933199940324098e-08,3.868e-09,0.0,0.0
4.178505030803518e-09,0.0,-0.09097002484776585,-0.06973040957240009,-0.07536988490724379,-0.0026755889661107604,0.001915789437559909,0.001529725108334979,0.0015297438618540327,-2.262151907321112e-08,3.868e-09,0.0,0.0
4.1805050308035175e-09,0.0,-0.09091021864082538,-0.06819512903227283,-0.07301295447593545,-0.0026738299600242758,0.001911218360498895,0.0015342482612805822,0.0015342656988468345,-2.1305566249063963e-08,3.868e-09,0.0,0.0
4.182505030803517e-09,0.0,-0.09083267435360208,-0.06669582167017601,-0.07064979892994902,-0.0026715492456941786,0.0019060060525416076,0.0015378203927978126,0.0015378365109355446,-1.9986137735888204e-08,3.868e-09,0.0,0.0
4.184505030803517e-09,0.0,-0.09073501557606914,-0.06523112891212744,-0.06828191597914213,-0.0026686769287079157,0.0019001631700499891,0.0015403965290436581,0.0015404113251134,-1.8664069755021015e-08,3.868e-09,0.0,0.0
4.186505030803517e-09,0.0,-0.09061508241102083,-0.06379948112192771,-0.06591086990301159,-0.002665149482677083,0.0018936974123435015,0.0015419351016205875,0.0015419485738562833,-1.734023569584814e-08,3.868e-09,0.0,0.0
4.188505030803517e-09,0.0,-0.09047098112293274,-0.06239912290139826,-0.06353828608711676,-0.0026609112094980215,0.001886613964144147,0.0015423982392639424,0.001542410386807011,-1.601554306530686e-08,3.868e-09,0.0,0.0
4.1905050308035164e-09,0.0,-0.09030101291040211,-0.06102813703390261,-0.06116584513714492,-0.0026559121444235914,0.0018789162764913311,0.001541752025226208,0.0015417628481563944,-1.4690930201572573e-08,3.868e-09,0.0,0.0
4.192505030803516e-09,0.0,-0.09010376004831874,-0.05968447077165976,-0.058795276303172044,-0.0026501105896564337,0.0018706046002785533,0.0015399667192089977,0.0015399766360083417,-1.3784799363555275e-08,3.868e-09,0.0,0.0
4.194505030803516e-09,0.0,-0.08987806403923165,-0.05836596260124193,-0.056428350923690467,-0.0026434724717421076,0.0018616776215401492,0.001537016941912054,0.0015370263573177279,-1.328340567066843e-08,3.868e-09,0.0,0.0
4.196505030803516e-09,0.0,-0.08962302984594865,-0.0570703674092694,-0.05406687623479577,-0.0026359714660573134,0.0018521319538610315,0.0015328818230787933,0.0015328907382454043,-1.278316661573757e-08,3.868e-09,0.0,0.0
4.198505030803516e-09,0.0,-0.0893381039599498,-0.055795383081229874,-0.051712688336632305,-0.0026275912929397,0.0018419621931493797,0.0015275451128959833,0.0015275535293671205,-1.228447114597661e-08,3.868e-09,0.0,0.0
4.200505030803515e-09,0.0,-0.08902293453957752,-0.05453867523640833,-0.04936764471710959,-0.002618321604105221,0.0018311619749226118,0.0015209952562997135,0.0015210031760124476,-1.1787712739241048e-08,3.868e-09,0.0,0.0
4.202505030803515e-09,0.0,-0.08867743136211989,-0.05329789931291891,-0.04703361699869922,-0.002608159745944703,0.001819724347984524,0.0015132254326331912,0.0015132328579210638,-1.1293287867557784e-08,3.868e-09,0.0,0.0
4.204505030803515e-09,0.0,-0.08830174513556584,-0.05207072366751958,-0.04471248365006322,-0.002597110151046054,0.0018076409421234135,0.0015042335617112869,0.0015042404953057448,-1.080159445320506e-08,3.868e-09,0.0,0.0
4.206505030803515e-09,0.0,-0.0878963348086402,-0.05085426200901006,-0.04240612245944124,-0.0025851863179011825,0.0017951966713396612,0.0014940226074725612,0.0014940290525028363,-1.031303027432497e-08,3.868e-09,0.0,0.0
4.207678157168271e-09,0.0,-0.08764488042539158,-0.050143944503649854,-0.04106086051447345,-0.002577790600746811,0.0017881529115995366,0.0014874688794079295,0.0014874750394668831,-1.0028058952315959e-08,3.868e-09,0.0,0.0
4.2083502990489974e-09,0.0,-0.08749640809369884,-0.04973652083038635,-0.04029280697361658,-0.0025734237674617305,0.0017853636848439046,0.001483527411670748,0.0014835334090303534,-9.865359610577779e-09,3.868e-09,0.0,0.0
4.208997508704685e-09,0.0,-0.08735037770639748,-0.049342290329875166,-0.03955520093230777,-0.002569128756070514,0.001783237529060721,0.0014796052124744952,0.0014796110535845591,-9.70911006416053e-09,3.868e-09,0.0,0.0
4.2099208728657675e-09,0.0,-0.08713691034836157,-0.04877540344512857,-0.03850632532512275,-0.0025628503043635758,0.0017804177426341417,0.00147379726060881,0.0014738028795320546,-9.486923248038504e-09,3.868e-09,0.0,0.0
4.2110313177055285e-09,0.0,-0.08687247432597431,-0.04808826582762194,-0.03725054199440875,-0.002555072774293362,0.0017749495540401463,0.0014664878929950566,0.0014664932459015345,-9.220906479148921e-09,3.868e-09,0.0,0.0
4.212059633071948e-09,0.0,-0.08662010225756975,-0.047448854136226695,-0.03609332857884228,-0.00254765006639911,0.0017690209669250843,0.001459408404825915,0.0014594135125960209,-8.975770103951422e-09,3.868e-09,0.0,0.0
4.2131667032774604e-09,0.0,-0.08634064074173535,-0.046758398319288075,-0.034853888189387214,-0.0025394306100510397,0.0017617822797927987,0.0014514584741531762,0.00145146331936849,-8.713215314785193e-09,3.868e-09,0.0,0.0
4.214651412939611e-09,0.0,-0.08595349813228616,-0.04583100067501308,-0.03320258289393645,-0.0025280440627142987,0.001750832537372549,0.0014402718146027441,0.0014402763100165514,-8.363413809698871e-09,3.868e-09,0.0,0.0
4.216022728970095e-09,0.0,-0.08558373924173619,-0.04497462424064024,-0.03168902215019777,-0.002517168801227535,0.0017395986349406515,0.0014294139154903808,0.0014294180902815756,-8.042791192150227e-09,3.868e-09,0.0,0.0
4.2176560872631115e-09,0.0,-0.08512879193406452,-0.043956829294358915,-0.029901589848524247,-0.002503787998060721,0.0017250417602397532,0.001415835020431206,0.0014158388286825419,-7.676251337533808e-09,3.868e-09,0.0,0.0
4.219258579845093e-09,0.0,-0.08466792540380452,-0.04296197747913918,-0.02816492904524919,-0.0024902331001118976,0.0017097253623984188,0.0014018417546774913,0.001401845408539687,-7.521862192122653e-09,3.868e-09,0.0,0.0
4.2212585798450925e-09,0.0,-0.08407356386686826,-0.041726962105806016,-0.026022380237871838,-0.0024727518784373017,0.0016893836104869319,0.0013834645776612715,0.0013834680410508698,-7.3313896031468065e-09,3.868e-09,0.0,0.0
4.223120192367279e-09,0.0,-0.08350262511972448,-0.040584655742772306,-0.02405412717565137,-0.0024559595623448375,0.0016694775074251936,0.001365466970416473,0.001365470258828383,-7.156411905915409e-09,3.868e-09,0.0,0.0
4.225080672213094e-09,0.0,-0.08288443204599492,-0.03938921515695897,-0.022009889205542102,-0.0024377774131174976,0.0016477073853541724,0.0013456071557385392,0.0013456102624176923,-6.974679150372693e-09,3.868e-09,0.0,0.0
4.226873630848945e-09,0.0,-0.08230520874682236,-0.0383021181186671,-0.020167097079046556,-0.0024207414337300693,0.0016272276973500741,0.0013266511922906763,0.00132665413514561,-6.8108549303272394e-09,3.868e-09,0.0,0.0
4.228730737383685e-09,0.0,-0.0816925553957237,-0.03718131254903562,-0.018286491655069702,-0.002402722217521285,0.001605567032696332,0.0013062421775630981,0.0013062449532322065,-6.643669108135697e-09,3.868e-09,0.0,0.0
4.2304631997042135e-09,0.0,-0.08111012028418113,-0.03613932034300492,-0.016558852178371553,-0.0023855917730641507,0.001585032540704143,0.001286514521841252,0.0012865171439232145,-6.490081958657231e-09,3.868e-09,0.0,0.0
4.231729948160765e-09,0.0,-0.08067572053280787,-0.03537889210465459,-0.015312468072034114,-0.002372815309788467,0.0015698620416039438,0.001271682535389146,0.0012716850466675603,-6.379278411603833e-09,3.868e-09,0.0,0.0
4.231753852318129e-09,0.0,-0.08066741217259879,-0.03536455079018262,-0.01528908977206085,-0.0023725709462529055,0.0015695748110263815,0.0012713993437214579,0.0012714018529215443,-6.37720008073621e-09,3.868e-09,0.0,0.0
4.2318016606328574e-09,0.0,-0.08065078637919464,-0.03533586854514968,-0.015242343591094783,-0.002372081952329254,0.0015690002089259081,0.001270832723653739,0.0012708352286980897,-6.373044345248327e-09,3.868e-09,0.0,0.0
4.2318972772623135e-09,0.0,-0.08061749850044155,-0.03527850627495368,-0.015148913795220369,-0.00237110289707181,0.0015678504550212507,0.0012696980647759694,0.0012697005615144065,-6.364738436395091e-09,3.868e-09,0.0,0.0
4.2320885105212266e-09,0.0,-0.08055077757515572,-0.03516378978446339,-0.014962304988231595,-0.002369140516916345,0.001565548731806158,0.0012674230886401863,0.0012674255687891017,-6.348148913453789e-09,3.868e-09,0.0,0.0
4.232470977039053e-09,0.0,-0.08041675505346657,-0.034934382480982046,-0.014590094655376978,-0.0023651986780431344,0.0015609362933100845,0.0012628506368390564,0.0012628530838984763,-6.315059414863013e-09,3.868e-09,0.0,0.0
4.233235910074704e-09,0.0,-0.08014701672305313,-0.03447561202822176,-0.013849735889641182,-0.0023572651977368567,0.0015516850953095093,0.0012536168287701766,0.0012536192100117034,-6.249241520589102e-09,3.868e-09,0.0,0.0
4.234765776146006e-09,0.0,-0.0796025726471998,-0.03355777980714737,-0.01238552216597169,-0.002341252136682347,0.0015330776241158012,0.0012348026911676473,0.0012348049422405659,-6.119072920554883e-09,3.868e-09,0.0,0.0
4.236436028876345e-09,0.0,-0.07900664712686459,-0.03255437380660347,-0.010812555229372734,-0.002323724915496017,0.001512624514929751,0.001213752952366186,0.001213755063602346,-5.9792361598912365e-09,3.868e-09,0.0,0.0
4.238090472548532e-09,0.0,-0.07842314918122202,-0.031557863378887184,-0.009281455691585339,-0.0023065632112124123,0.0014922426112967022,0.0011924045400409009,0.0011924065151623121,-5.8431214109819364e-09,3.868e-09,0.0,0.0
4.239621806060737e-09,0.0,-0.07788410525290511,-0.030632136410955975,-0.007888745520642467,-0.002290708978026621,0.0014732859001853904,0.0011722276945756887,0.0011722295458851673,-5.719309476785116e-09,3.868e-09,0.0,0.0
4.241131358650197e-09,0.0,-0.0773524056316523,-0.02971547321888072,-0.00653932111748269,-0.0022750707538721263,0.0014545095829213836,0.0011519695970636326,0.0011519713284092797,-5.599345647344211e-09,3.868e-09,0.0,0.0
4.242560131134093e-09,0.0,-0.0768479648538165,-0.028843379485541415,-0.005283950300592211,-0.0022602342604063673,0.0014366578726887223,0.0011324804275279438,0.001132482047271126,-5.487743181722648e-09,3.868e-09,0.0,0.0
4.244071463620873e-09,0.0,-0.07631297247040812,-0.027915425553501398,-0.003979531182718807,-0.002244499190306121,0.0014176916711549426,0.001111555888408406,0.0011115573921887268,-5.3717803221437014e-09,3.868e-09,0.0,0.0
4.245576094403815e-09,0.0,-0.07577875697381013,-0.026985365158482384,-0.0027052292048585593,-0.002228786969817945,0.0013987207459738198,0.0010904333472128466,0.0010904347377077234,-5.258494876311926e-09,3.868e-09,0.0,0.0
4.247167982775881e-09,0.0,-0.07521174956509798,-0.02599398619864915,-0.0013838176135299693,-0.002212110281326411,0.0013785447087454542,0.0010677995777346417,0.0010678008507560277,-5.141021385842815e-09,3.868e-09,0.0,0.0
4.248770778540311e-09,0.0,-0.07463895764655328,-0.02498761745463539,-8.151711624763421e-05,-0.0021952634601927435,0.0013581158356612637,0.0010447449353292342,0.0010447460925761057,-5.025246871634415e-09,3.868e-09,0.0,0.0
4.250470078360247e-09,0.0,-0.07402976831582547,-0.023911201673983924,0.0012679854645940081,-0.0021773461269360434,0.001336323427769256,0.001020048356616359,0.0010200494597008968,-4.971084537810021e-09,3.868e-09,0.0,0.0
4.25221189743148e-09,0.0,-0.0734035429338917,-0.022797412550635915,0.002617596828554791,-0.002158927733349756,0.0013138325243473733,0.000994504043505371,0.0009945050966542884,-4.921148917343473e-09,3.868e-09,0.0,0.0
4.254080983992749e-09,0.0,-0.07273002973598047,-0.02159029460673769,0.004027600449066685,-0.0021391185216464844,0.001289514431889607,0.0009668848241665938,0.0009668858251453789,-4.8689787833845325e-09,3.868e-09,0.0,0.0
4.255866359311828e-09,0.0,-0.07208564020490976,-0.020425710023481057,0.005337266733238516,-0.002120165888379699,0.0012660971967208938,0.0009403493661616011,0.0009403503186827316,-4.820521130870175e-09,3.868e-09,0.0,0.0
4.2576868722305305e-09,0.0,-0.07142804324378912,-0.01922684636675702,0.006635110134060595,-0.002100824801287915,0.0012420200977416853,0.0009131884070342493,0.0009131893115351744,-4.772500925039758e-09,3.868e-09,0.0,0.0
4.259437142505923e-09,0.0,-0.07079577116569594,-0.018063842076544767,0.007846979438288068,-0.002082228563696939,0.001218676074874306,0.000887023335991584,0.0008870241956533409,-4.7276617607833415e-09,3.868e-09,0.0,0.0
4.261218725309571e-09,0.0,-0.07015253478939802,-0.016870179049109937,0.009044346745919467,-0.002063309846747001,0.0011947133315123918,0.000860384648234378,0.0008603854635935489,-4.68335917040098e-09,3.868e-09,0.0,0.0
4.262951284703956e-09,0.0,-0.06952767967397151,-0.015700570430937713,0.010173777615995484,-0.002044931755116809,0.0011712133368781202,0.0008345168476680147,0.000834517621238243,-4.641570228208167e-09,3.868e-09,0.0,0.0
4.264710165968452e-09,0.0,-0.06889433172918764,-0.014505243707428485,0.011285157866882627,-0.0020263038743878717,0.0011471584878018364,0.0008083376540683163,0.0008083383865174765,-4.600449158925342e-09,3.868e-09,0.0,0.0
4.266434602829341e-09,0.0,-0.06827458300870512,-0.013326565657499095,0.012340467072585404,-0.002008075970844268,0.001123384172511199,0.0007827913331772044,0.0007827920265799267,-4.56140271831434e-09,3.868e-09,0.0,0.0
4.268173538601892e-09,0.0,-0.06765095341884635,-0.012132356450265003,0.013370440826595031,-0.001989733924083716,0.001099224291889459,0.0007571904518896727,0.0007571911071833637,-4.523293689415984e-09,3.868e-09,0.0,0.0
4.269799386031727e-09,0.0,-0.06706913145833412,-0.011011808383168169,0.014302567357864955,-0.0019726215134804152,0.0010764728985978075,0.0007334333680865086,0.0007334339888915194,-4.488805007758997e-09,3.868e-09,0.0,0.0
4.271418637957115e-09,0.0,-0.06649083296436574,-0.009893105143840453,0.015201507461636734,-0.0019556127342460513,0.0010536671240865018,0.0007099753298067884,0.0007099759173510162,-4.455544223919441e-09,3.868e-09,0.0,0.0
4.2729650435015906e-09,0.0,-0.06593956433035353,-0.008823276414318147,0.016032857379053266,-0.0019393989508927508,0.001031761102909102,0.0006877873873592607,0.0006877879441435364,-4.424784276975029e-09,3.868e-09,0.0,0.0
4.274518119824021e-09,0.0,-0.06538679723383002,-0.0077484948729249145,0.016841369629665606,-0.0019231410951126477,0.0010096472779606515,0.0006657392476392362,0.0006657397745085634,-4.3948693237023736e-09,3.868e-09,0.0,0.0
4.276023190915334e-09,0.0,-0.06485179186706957,-0.00670765101781564,0.017599901903203617,-0.0019074056431491052,0.0009881195895453452,0.0006446190330232728,0.000644619531826901,-4.3668036295814666e-09,3.868e-09,0.0,0.0
4.277536317331663e-09,0.0,-0.06431431632885538,-0.005663014000592902,0.018337999317911007,-0.001891597539083982,0.0009663906042238401,0.0006236502862795799,0.0006236507577736111,-4.339494025237293e-09,3.868e-09,0.0,0.0
4.2790148562218065e-09,0.0,-0.06378932154477346,-0.004644999742539464,0.019035804826191573,-0.0018761565160227488,0.0009450904916098181,0.0006034347620433457,0.0006034352077185709,-4.313675221430912e-09,3.868e-09,0.0,0.0
4.2805060880012085e-09,0.0,-0.0632597448843658,-0.0036220323230292395,0.019716478881023052,-0.0018605807318931116,0.0009235532057625865,0.0005833366542804763,0.0005833370747707622,-4.288490281402147e-09,3.868e-09,0.0,0.0
4.281977829491974e-09,0.0,-0.06273670708128924,-0.002617174455744768,0.020365822683335498,-0.0018451972670967423,0.0009022575229605436,0.0005638027681379151,0.0005638031646024791,-4.264464560716587e-09,3.868e-09,0.0,0.0
4.283460902863458e-09,0.0,-0.06220882496813354,-0.0016103689645848643,0.020997976505549514,-0.001829671322592163,0.000880771897924802,0.0005444355888284712,0.0005444359619033445,-4.241074869294668e-09,3.868e-09,0.0,0.0
4.284931540124512e-09,0.0,-0.06168431515508313,-0.0006187444776695472,0.021603196980668777,-0.001814244563384798,0.0008594579865576965,0.0005255578164782815,0.0005255581671599965,-4.2186817117152555e-09,3.868e-09,0.0,0.0
4.286418016444825e-09,0.0,-0.06115269694549311,0.00037573298317847975,0.02219342979343689,-0.0017986087336909738,0.0008379218268327581,0.0005068194115533426,0.0005068197403964442,-4.1968430976428354e-09,3.868e-09,0.0,0.0
4.287901765400784e-09,0.0,-0.060620144238750104,0.0013595475973346774,0.02276141436644267,-0.0017829454187867678,0.0008164487873932524,0.0004884695416248521,0.000488469849452524,-4.175827668441622e-09,3.868e-09,0.0,0.0
4.289401714152917e-09,0.0,-0.06007934237827199,0.0023441323231485414,0.023314525532049026,-0.001767039481713882,0.000794783164260798,0.0004702886397973108,0.00047028892715987244,-4.155362555314186e-09,3.868e-09,0.0,0.0
4.2909060604851214e-09,0.0,-0.05953415577649087,0.003320555114445102,0.023848409455770447,-0.0017510045816614961,0.0007731148462323647,0.00045243595964571364,0.00045243622725456636,-4.135608850136493e-09,3.868e-09,0.0,0.0
4.292431791887249e-09,0.0,-0.05897786448246129,0.004298574575390242,0.024369014761417004,-0.0017346430730135673,0.0007512192196512731,0.0004347274071070518,0.0004347276554535068,-4.116346453827571e-09,3.868e-09,0.0,0.0
4.293968899052747e-09,0.0,-0.058413493073894596,0.005270408240394889,0.024872728617991845,-0.0017180439139380763,0.000729261781521697,0.0004172986075187489,0.00041729883722779054,-4.097709041134302e-09,3.868e-09,0.0,0.0
4.29553109889811e-09,0.0,-0.05783525432378457,0.006243277574062588,0.025363808184285908,-0.0017010368918760168,0.0007070706489116773,0.00040001435460763283,0.0004000145661467308,-4.079539097181421e-09,3.868e-09,0.0,0.0
4.2971129858008864e-09,0.0,-0.057246998690000016,0.007212219396380594,0.025840182628518827,-0.0016837352555882357,0.0006847488807557488,0.0003829574946766859,0.0003829576885899244,-4.061913242744804e-09,3.868e-09,0.0,0.0
4.2987271128464615e-09,0.0,-0.056649421824014536,0.008183165799451317,0.026305160480710847,-0.0016661594654121922,0.0006621479128268079,0.000366018133221915,0.0003660183099309794,-4.044709062213699e-09,3.868e-09,0.0,0.0
4.3003695640595185e-09,0.0,-0.05609999493226701,0.00915181486473434,0.02675701419921748,-0.0016499998509490296,0.0006393557598559587,0.0003492658921209369,0.0003492660521114063,-4.027990474628953e-09,3.868e-09,0.0,0.0
4.302054134490733e-09,0.0,-0.055558375064119064,0.010124111187116862,0.027198798340602803,-0.0016340698548270314,0.0006162170326870959,0.00033259236374266575,0.000332592507387125,-4.011644461397697e-09,3.868e-09,0.0,0.0
4.303779904085075e-09,0.0,-0.05492330141949708,0.011097013953401506,0.027629335875101503,-0.0016153912182205023,0.0005927870417399009,0.00031604411998270994,0.0003160442476972808,-3.995714572621245e-09,3.868e-09,0.0,0.0
4.3055611962055725e-09,0.0,-0.05422441731299983,0.012075715179316871,0.028051071331943022,-0.0015948358033235244,0.0005689206620876761,0.0002995268736639252,0.000299526985774283,-3.980110360718109e-09,3.868e-09,0.0,0.0
4.307404487934003e-09,0.0,-0.05345990864555733,0.013060317231963457,0.02846408206815116,-0.0015723502542810978,0.0005445883596685182,0.00028303285491439883,0.00028303295174336024,-3.964828963478407e-09,3.868e-09,0.0,0.0
4.309324094477409e-09,0.0,-0.05262916097603245,0.014054365034448017,0.02886980479994144,-0.001547916499295072,0.0005196725861032965,0.00026649577810077246,0.00026649585991799646,-3.949817222402167e-09,3.868e-09,0.0,0.0
4.3113240944774085e-09,0.0,-0.05173504154121622,0.015055231396270002,0.029267071477037367,-0.0015216188688593007,0.0004942045270113406,0.0002499507531883397,0.00024995082030669635,-3.935118355349618e-09,3.868e-09,0.0,0.0
4.313324094477408e-09,0.0,-0.050817592430867455,0.01601986957643659,0.029639412371041663,-0.0014946350714961016,0.0004692636902769353,0.00023409228855714447,0.0002340923418988894,-3.9213417422714586e-09,3.868e-09,0.0,0.0
4.315324094477408e-09,0.0,-0.049883132745306216,0.01694772334427306,0.02998787280093568,-0.0014671509630972417,0.00044487809740955986,0.00021890617651462192,0.00021890621696332713,-3.90844870636538e-09,3.868e-09,0.0,0.0
4.317146634365765e-09,0.0,-0.04902023055388381,0.0177608831037929,0.03028546981932271,-0.0014417714868789357,0.0004231593707351746,0.00020563987279942857,0.00020563990833658702,-3.903537155157921e-09,3.868e-09,0.0,0.0
4.318909539534359e-09,0.0,-0.04817784738550856,0.01851788419931842,0.030555976811448664,-0.001416995511338487,0.0004026236473035293,0.00019331412326051186,0.00019331415456873974,-3.899308229181019e-09,3.868e-09,0.0,0.0
4.320553098428796e-09,0.0,-0.047387073823871986,0.01919739084021593,0.030793391696629927,-0.0013937374654079996,0.00038390624833040636,0.0001822602518026194,0.00018226027939927114,-3.895596643142685e-09,3.868e-09,0.0,0.0
4.322162147485388e-09,0.0,-0.046608742967594576,0.019838088030383838,0.03101252994192747,-0.0013708453813998404,0.0003659853454413479,0.00017183669268972567,0.000171836716860517,-3.892170781907867e-09,3.868e-09,0.0,0.0
4.323689944269273e-09,0.0,-0.0458666225270721,0.02042394077609956,0.031208870190446825,-0.0013490183096197675,0.0003493075637675291,0.00016229451007769013,0.0001622945311790247,-3.8891013293560156e-09,3.868e-09,0.0,0.0
4.325189069473355e-09,0.0,-0.04513558166450753,0.020977462252036207,0.031390813704573695,-0.0013275171077796334,0.0003332594573333925,0.00015325823791068668,0.000153258256167646,-3.886256945751831e-09,3.868e-09,0.0,0.0
4.3266224207959675e-09,0.0,-0.0444339575197907,0.021486991515485977,0.03155519205956522,-0.001306881103523256,0.0003182596416206795,0.0001449126763527553,0.00014491269203992935,-3.8836871641354634e-09,3.868e-09,0.0,0.0
4.328029891710898e-09,0.0,-0.04374250571135208,0.021968782096234533,0.03170779564480304,-0.0012865442856280025,0.0003038982365937796,0.00013698961847176034,0.00013698963177322804,-3.881301461419579e-09,3.868e-09,0.0,0.0
4.32939234082744e-09,0.0,-0.04307074253246895,0.022417991917134415,0.03184747751614647,-0.0012667865450726162,0.0002903899348811634,0.00012956920402922546,0.0001295692151469935,-3.879117768164244e-09,3.868e-09,0.0,0.0
4.330742209405013e-09,0.0,-0.04240277704868847,0.02284673510461828,0.03197832200255169,-0.0012471405014320138,0.0002773441234497454,0.00012245209867527517,0.0001224521077475213,-3.8770722326934415e-09,3.868e-09,0.0,0.0
4.332062526650579e-09,0.0,-0.04174688236060186,0.023250631189756905,0.0320992643354473,-0.0012278494811941724,0.0002648912787613235,0.00011571039228984578,0.0001157103994713568,-3.875181500889174e-09,3.868e-09,0.0,0.0
4.333368680741621e-09,0.0,-0.041095285614186426,0.023635373871290326,0.032212276228499766,-0.001208684871005483,0.00025286166904626024,0.00010924844487868507,0.00010924845029344071,-3.8734147482944545e-09,3.868e-09,0.0,0.0
4.334644215440377e-09,0.0,-0.04045616731776791,0.023997074284522562,0.03231646764962645,-0.0011898872740519974,0.00024138430839470808,0.00010313126024251838,0.00010313126402840961,-3.871785889077506e-09,3.868e-09,0.0,0.0
4.335901947422386e-09,0.0,-0.039823103984185065,0.024340352804634764,0.03241341563953419,-0.0011712677642407372,0.0002303247867234991,9.728088618354299e-05,9.728088845381566e-05,-3.870270268835282e-09,3.868e-09,0.0,0.0
4.337131394009736e-09,0.0,-0.039201322079046655,0.02466326135772475,0.03250279256896858,-0.001152980061148431,0.00021975667279682093,9.173099530533395e-05,9.173099617834635e-05,-3.868873009505125e-09,3.868e-09,0.0,0.0
4.338342602951979e-09,0.0,-0.0385856652763023,0.024969329177804443,0.032585784965915236,-0.0011348725081265381,0.0002095760596004024,8.642177750888599e-05,8.642177708444859e-05,-3.867575561699526e-09,3.868e-09,0.0,0.0
4.339528126396481e-09,0.0,-0.03797998286284055,0.025257493977541193,0.03266229431390548,-0.0011170583194953104,0.00019982969309753195,8.137271708466886e-05,8.137271546414943e-05,-3.866379465559277e-09,3.868e-09,0.0,0.0
4.340695310825722e-09,0.0,-0.03738056682254621,0.025530336853412255,0.032733184026362314,-0.0010994284359572414,0.0001904420280357179,7.653999392020447e-05,7.653999119144189e-05,-3.865271223054537e-09,3.868e-09,0.0,0.0
4.341838776484335e-09,0.0,-0.03679021844822668,0.025787340986920437,0.032798482233479656,-0.0010820652484772552,0.00018144273423703207,7.193437838316956e-05,7.193437463356295e-05,-3.8642503944166015e-09,3.868e-09,0.0,0.0
4.342963945641011e-09,0.0,-0.036206188492455195,0.026030442438968016,0.03285883348847325,-0.0010648878968369175,0.00017277610783950477,6.752311700919098e-05,6.752311231609381e-05,-3.863306903130201e-09,3.868e-09,0.0,0.0
4.34406696208829e-09,0.0,-0.03563060708644585,0.02625948042235933,0.03291433828048184,-0.0010479590319542897,0.0001644593222770083,6.33112607452283e-05,6.331125518441172e-05,-3.862439178215134e-09,3.868e-09,0.0,0.0
4.3451517909952306e-09,0.0,-0.03506147357417635,0.026475928116451213,0.0329654860402618,-0.0010312198110051867,0.00015645137069988886,5.927414190174192e-05,5.9274135541305395e-05,-3.861639568237241e-09,3.868e-09,0.0,0.0
4.346215609675689e-09,0.0,-0.0345004144236867,0.026679836037274886,0.03301241171964113,-0.0010147180712849029,0.00014876159459411257,5.5413429336149646e-05,5.5413422242113486e-05,-3.860905963449611e-09,3.868e-09,0.0,0.0
4.347261289697305e-09,0.0,-0.03394603653893092,0.026872346610091406,0.033055495248596106,-0.000998412839380321,0.0001413584171990661,5.1710345153058706e-05,5.1710337385484084e-05,-3.860232424280281e-09,3.868e-09,0.0,0.0
4.34828667731806e-09,0.0,-0.03339962126151349,0.027053626507958735,0.03309488395663075,-0.0009823418018092202,0.00013424748071800549,4.816472197101022e-05,4.816471358765062e-05,-3.859616647478006e-09,3.868e-09,0.0,0.0
4.3492937689561754e-09,0.0,-0.032860265089268974,0.02722457333378727,0.0331308785644105,-0.0009664783849784992,0.00012740412334683667,4.4762271102624734e-05,4.476226215656409e-05,-3.859053931776383e-09,3.868e-09,0.0,0.0
4.35028090216893e-09,0.0,-0.03232902828358923,0.02738542550105186,0.03316363010228671,-0.0009508537730467421,0.00012083093524552224,4.1501685519736145e-05,4.150167606164351e-05,-3.858541916067585e-09,3.868e-09,0.0,0.0
4.351249361077895e-09,0.0,-0.03180538205522029,0.02753689695407035,0.03319338183656074,-0.000935452413388832,0.00011450909836134013,3.8372150289234194e-05,3.837214036604003e-05,-3.8580767972884335e-09,3.868e-09,0.0,0.0
4.352197772842088e-09,0.0,-0.03129026642271236,0.027679257973704224,0.03322028172495756,-0.0009203019536091872,0.000108438982369402,3.537190444912175e-05,3.537189410537933e-05,-3.857656262366497e-09,3.868e-09,0.0,0.0
4.3531268437959924e-09,0.0,-0.030783459915780385,0.02781308615592007,0.03324453215486807,-0.0009053958798758936,0.00010260663221819967,3.249281252941389e-05,3.249280180656067e-05,-3.857277147312229e-09,3.868e-09,0.0,0.0
4.354035340845701e-09,0.0,-0.030285836868766403,0.027938659892396016,0.03326627524691047,-0.0008907599079048941,9.701135577383053e-05,2.9733101270258968e-05,2.973309020749826e-05,-3.856937230306633e-09,3.868e-09,0.0,0.0
4.354923509054208e-09,0.0,-0.02979743816895882,0.02805645776214242,0.03328568505693495,-0.0008763952402634947,9.164278305634661e-05,2.70866829789288e-05,2.7086671612719382e-05,-3.856633790276583e-09,3.868e-09,0.0,0.0
4.355790158398744e-09,0.0,-0.029319117417297782,0.028166754066600654,0.03330289760430035,-0.0008623269828616994,8.649981947263017e-05,2.4552014224760307e-05,2.455200258945356e-05,-3.856364700786105e-09,3.868e-09,0.0,0.0
4.356635114556581e-09,0.0,-0.028851142050007515,0.028269949232194495,0.033318066750861484,-0.0008485630014708092,8.157493115786433e-05,2.212472817912381e-05,2.2124716306685943e-05,-3.856127556461533e-09,3.868e-09,0.0,0.0
4.357457119558507e-09,0.0,-0.028394417116189136,0.02836630226348761,0.03333132268024384,-0.0008351299151820334,7.686735189785018e-05,1.9803771041862485e-05,1.98037589621905e-05,-3.855920322098854e-09,3.868e-09,0.0,0.0
4.358255579438417e-09,0.0,-0.02794941762584708,0.028456148569667262,0.03334280517090453,-0.0008220416948778553,7.237211083804968e-05,1.758632945352492e-05,1.758631719434023e-05,-3.855740812494859e-09,3.868e-09,0.0,0.0
4.3590290666945004e-09,0.0,-0.027517173111017545,0.028539724909741337,0.03335263986888675,-0.0008093286209122807,6.808930596810872e-05,1.5472048220080124e-05,1.5472035807144457e-05,-3.85558706338307e-09,3.868e-09,0.0,0.0
4.359776536946527e-09,0.0,-0.027098348728078984,0.028617310054006046,0.0333609573820278,-0.0007970102567082054,6.401653496927282e-05,1.3459608607591811e-05,1.345959606462166e-05,-3.855457032927632e-09,3.868e-09,0.0,0.0
4.360496266922588e-09,0.0,-0.02669418991937235,0.028689111186117,0.03336788040886648,-0.0007851232329227161,6.015532976386523e-05,1.154961500715918e-05,1.1549602355970245e-05,-3.855348802941387e-09,3.868e-09,0.0,0.0
4.3611866669257905e-09,0.0,-0.02630562687209112,0.028755351805686644,0.03337353424286242,-0.00077369490800268,5.650625974639062e-05,9.74236913399805e-06,9.742356394421003e-06,-3.855260414669917e-09,3.868e-09,0.0,0.0
4.361845520145663e-09,0.0,-0.025934169150651307,0.028816197724641796,0.033378040345149976,-0.0007627696809015091,5.3073118550418476e-05,8.039865858083622e-06,8.039853048064094e-06,-3.8551899692708215e-09,3.868e-09,0.0,0.0
4.362470466492111e-09,0.0,-0.02558122776873252,0.028871807376647438,0.03338152185565758,-0.0007523890520215447,4.986041778293499e-05,6.4444869449574004e-06,6.4444740804983636e-06,-3.855135541656554e-09,3.868e-09,0.0,0.0
4.3630584035451575e-09,0.0,-0.02524866891756489,0.028922279891833207,0.03338410085867167,-0.0007426079093401438,4.68763039244443e-05,4.960514581292379e-06,4.96050167651807e-06,-3.855095223242766e-09,3.868e-09,0.0,0.0
4.363605666288936e-09,0.0,-0.024938781966184643,0.02896767607325751,0.033385901376539406,-0.0007334935872407248,4.4131471587574616e-05,3.5936226212231487e-06,3.5936096883029678e-06,-3.8550670751467666e-09,3.868e-09,0.0,0.0
4.364139696429267e-09,0.0,-0.024636017246192975,0.029010521064692898,0.03338710633112475,-0.0007245887425350875,4.148320402505453e-05,2.2728922221814936e-06,2.2728792704110323e-06,-3.855048237690083e-09,3.868e-09,0.0,0.0
4.3646819772405e-09,0.0,-0.024328253038329566,0.029052577647972276,0.03338777742339586,-0.0007155368540685167,3.882407743349654e-05,9.447284669585408e-07,9.447155047068168e-07,-3.855037746280912e-09,3.868e-09,0.0,0.0
4.365224668271239e-09,0.0,-0.02402001317467087,0.02909322145599967,0.03338789703945407,-0.0007064709757256139,3.61927529445135e-05,-3.716292195110177e-07,-3.716421836386097e-07,-3.855035876283202e-09,3.868e-09,0.0,0.0
4.365773671932828e-09,0.0,-0.023707885300643407,0.029132886584501326,0.033387461596434645,-0.0006972907441365708,3.356088039232113e-05,-1.690538483175144e-06,-1.6905514404891298e-06,-3.855042683709072e-09,3.868e-09,0.0,0.0
4.3663224357850975e-09,0.0,-0.023395668984428183,0.029171094429069906,0.03338647236787821,-0.0006881079113067113,3.095980062649489e-05,-2.9963227661372416e-06,-2.996335707980413e-06,-3.855058148648837e-09,3.868e-09,0.0,0.0
4.36687656507071e-09,0.0,-0.023080221667524506,0.02920823413930203,0.033384916805150544,-0.0006788300490448385,2.8362859376702572e-05,-4.302422973324568e-06,-4.302435890862766e-06,-3.855082467279481e-09,3.868e-09,0.0,0.0
4.367431245003066e-09,0.0,-0.02276423624580944,0.029243979004650644,0.03338280475110305,-0.0006695363601708659,2.5792822472724587e-05,-5.59756779845819e-06,-5.597580682970005e-06,-3.855115485724422e-09,3.868e-09,0.0,0.0
4.367990885127299e-09,0.0,-0.022445328275231474,0.029278611002426513,0.03338011638141877,-0.0006601567139773963,2.322878591452465e-05,-6.8921492154296295e-06,-6.892162057917095e-06,-3.85515751390382e-09,3.868e-09,0.0,0.0
4.368611862561215e-09,0.0,-0.02209132348479896,0.029315378033154184,0.03337648441436177,-0.0006497448083764401,2.041745407632012e-05,-8.314681045891274e-06,-8.314693831591724e-06,-3.8552142936554785e-09,3.868e-09,0.0,0.0
4.3692599993060015e-09,0.0,-0.02172171609117647,0.029351916720876184,0.03337197266362113,-0.0006388740026816609,1.752040455591845e-05,-9.784177708820895e-06,-9.78419042399481e-06,-3.855284827358723e-09,3.868e-09,0.0,0.0
4.3699630921756864e-09,0.0,-0.021320795526241228,0.029389465968917266,0.03336625453321012,-0.0006270822213600361,1.4419659508933973e-05,-1.1361138781491085e-05,-1.1361151407270065e-05,-3.855374220797482e-09,3.868e-09,0.0,0.0
4.37069124225384e-09,0.0,-0.02090557131303125,0.02942610097093077,0.033359438711444714,-0.0006148697445009191,1.1253720583411632e-05,-1.2976039517868269e-05,-1.2976052037087793e-05,-3.8554807748110805e-09,3.868e-09,0.0,0.0
4.371469050790804e-09,0.0,-0.020462229855676115,0.029462747223329793,0.03335116484845739,-0.0006018302898728269,7.921114589140742e-06,-1.4681183783503461e-05,-1.4681196173378652e-05,-3.855610122869117e-09,3.868e-09,0.0,0.0
4.372272875626263e-09,0.0,-0.020004257879403967,0.029497968583121325,0.033341548729107426,-0.0005883605258648225,4.529534705540701e-06,-1.6422471402602432e-05,-1.642248364214921e-05,-3.855760454868287e-09,3.868e-09,0.0,0.0
4.373123100925176e-09,0.0,-0.01952029295703268,0.029532347232846475,0.03333021311273108,-0.0005741262634421377,9.981717934271681e-07,-1.8241966310675394e-05,-1.8241978373002843e-05,-3.855937668337638e-09,3.868e-09,0.0,0.0
4.374000613462678e-09,0.0,-0.01902134931043289,0.029564789470198687,0.0333172736279031,-0.0005594514503068497,-2.587956067543638e-06,-2.0096676298706885e-05,-2.0096688158749432e-05,-3.856139955617115e-09,3.868e-09,0.0,0.0
4.374922139274715e-09,0.0,-0.01849813426756608,0.029595602769146755,0.033302346064564656,-0.0005440627725754729,-6.292124962287451e-06,-2.2020042006303772e-05,-2.202005363297066e-05,-3.856373323190639e-09,3.868e-09,0.0,0.0
4.37587228579176e-09,0.0,-0.01795978686495463,0.02962395303365096,0.033285536467631924,-0.000528229025439842,-1.0047215323679924e-05,-2.3978053441804882e-05,-2.397806480569642e-05,-3.856636113222688e-09,3.868e-09,0.0,0.0
4.3768648242821615e-09,0.0,-0.01739870237756617,0.029649940565439716,0.033266458557873406,-0.000511726540516652,-1.3902421634291896e-05,-2.5997381858317033e-05,-2.5997392923950147e-05,-3.8569343645452464e-09,3.868e-09,0.0,0.0
4.377887527253128e-09,0.0,-0.016822207586270066,0.029672926284613783,0.033245198572611614,-0.0004947708113608842,-1.780584112477599e-05,-2.8051487614185133e-05,-2.80514983474478e-05,-3.8572667289815045e-09,3.868e-09,0.0,0.0
4.378951784377636e-09,0.0,-0.01622439707198826,0.029692851652866583,0.03322137015778337,-0.0004771881491761253,-2.1797408024410416e-05,-3.016175303722504e-05,-3.016176339797061e-05,-3.8576392465333205e-09,3.868e-09,0.0,0.0
4.380047686858534e-09,0.0,-0.015611232235842798,0.029709208470363655,0.03319503946366465,-0.00045915388928949405,-2.5835576450823645e-05,-3.2307110428607e-05,-3.230712037771699e-05,-3.858050883051376e-09,3.868e-09,0.0,0.0
4.381184449144695e-09,0.0,-0.01497814427850637,0.029721816815986513,0.033165828391679884,-0.00044053365525018734,-2.995099413023427e-05,-3.45043645688732e-05,-3.4504374061328225e-05,-3.858507549476738e-09,3.868e-09,0.0,0.0
4.382354258334074e-09,0.0,-0.01433015358464688,0.02973026556094908,0.0331337748701402,-0.00042147510543079055,-3.4111660333627296e-05,-3.673728333172776e-05,-3.673729232306355e-05,-3.859008652863475e-09,3.868e-09,0.0,0.0
4.383564778201743e-09,0.0,-0.013663764163398718,0.02973428753349649,0.03309850364828805,-0.0004018754165705505,-3.834259452422671e-05,-3.901955318455113e-05,-3.901956162449122e-05,-3.859560059631763e-09,3.868e-09,0.0,0.0
4.384809787685744e-09,0.0,-0.012983120091006878,0.02973353130329946,0.033060024139340484,-0.0003818564732649082,-4.2619355652166164e-05,-4.133863226111929e-05,-4.133864009948918e-05,-3.860161622621644e-09,3.868e-09,0.0,0.0
4.386095469266681e-09,0.0,-0.012285728552856957,0.029727662935312284,0.033017970444492936,-0.0003613449574369693,-4.6961724749430086e-05,-4.3705432237199296e-05,-4.3705439418131875e-05,-3.860819062051094e-09,3.868e-09,0.0,0.0
4.387416795071767e-09,0.0,-0.011575290772310733,0.029716371517537747,0.03297232590248208,-0.0003404497285973745,-5.134821513238241e-05,-4.611025950028983e-05,-4.6110265967645725e-05,-3.861532638391197e-09,3.868e-09,0.0,0.0
4.388779208760243e-09,0.0,-0.010849939938659563,0.029699305167709085,0.032922716720623114,-0.00031911588054881065,-5.577622822259781e-05,-4.856278831075181e-05,-4.856279400256014e-05,-3.862308195267591e-09,3.868e-09,0.0,0.0
4.3901826631218815e-09,0.0,-0.010110894360742641,0.02967621388344746,0.03286893984876813,-0.00029737924590419535,-6.020373737630282e-05,-5.106271847321971e-05,-5.1062723324307724e-05,-3.863148907030924e-09,3.868e-09,0.0,0.0
4.391643938365277e-09,0.0,-0.009350797615643794,0.02964714737635691,0.032810094352451365,-0.000275023459283641,-6.426999641230384e-05,-5.363917001890092e-05,-5.363917395002915e-05,-3.864068858290011e-09,3.868e-09,0.0,0.0
4.3932633857137475e-09,0.0,-0.008520247973421054,0.02961031141150473,0.0327415146544487,-0.00025059552863003097,-6.844327338109483e-05,-5.646456628293216e-05,-5.646456914194797e-05,-3.865140987568785e-09,3.868e-09,0.0,0.0
4.394851392680319e-09,0.0,-0.007718615872406427,0.029569280305247143,0.03267086646042803,-0.0002270181138943067,-7.291014727303307e-05,-5.9205768289966016e-05,-5.920577004450006e-05,-3.866245454335308e-09,3.868e-09,0.0,0.0
4.396371487379815e-09,0.0,-0.006963754119156802,0.029524248059907384,0.03260011770058131,-0.0002048162976222589,-7.754681037055836e-05,-6.180430562817599e-05,-6.180430627669015e-05,-3.8673514932809115e-09,3.868e-09,0.0,0.0
4.3979345039083785e-09,0.0,-0.006200880367365081,0.02947120695681888,0.03252421679510151,-0.0001823788343342671,-8.244203554054706e-05,-6.445306303590259e-05,-6.44530624978254e-05,-3.868538077436581e-09,3.868e-09,0.0,0.0
4.399432169542463e-09,0.0,-0.005483048154871011,0.0294135633011587,0.032448512562982805,-0.00016126612220208856,-8.724123343187187e-05,-6.697213789901616e-05,-6.697213617743586e-05,-3.869721586932035e-09,3.868e-09,0.0,0.0
4.401030474811969e-09,0.0,-0.004731713731888759,0.029344355870420828,0.032364530204520514,-0.00013916805093790467,-9.241551377128767e-05,-6.964390396084872e-05,-6.964390092632777e-05,-3.8710345111359966e-09,3.868e-09,0.0,0.0
4.402509641023977e-09,0.0,-0.004050422754241358,0.02927311200455627,0.03228388794997196,-0.00011913008100709877,-9.720906868641799e-05,-7.21047859200219e-05,-7.210478162479605e-05,-3.872295218382105e-09,3.868e-09,0.0,0.0
4.404064277242913e-09,0.0,-0.0033492366951310597,0.02919076128885699,0.03219611809436771,-9.850696162150176e-05,-0.00010223196304032379,-7.468302030736987e-05,-7.468301464001736e-05,-3.873667353791384e-09,3.868e-09,0.0,0.0
4.405559138718992e-09,0.0,-0.0026896974729515464,0.02910441381302991,0.03210881773371303,-7.910874920445725e-05,-0.0001070251170731078,-7.71577758589595e-05,-7.715776882681602e-05,-3.87503214942962e-09,3.868e-09,0.0,0.0
4.4071393383164626e-09,0.0,-0.002008530185153109,0.02900565466716429,0.03201344000406374,-5.907441721038556e-05,-0.0001120286741146066,-7.977310936955636e-05,-7.977310084633649e-05,-3.876523221269803e-09,3.868e-09,0.0,0.0
4.408696549644373e-09,0.0,-0.0013536759258850513,0.028901027247212406,0.031916338012774596,-3.981399782014857e-05,-0.00011688364838380204,-8.235338029540448e-05,-8.235337025416095e-05,-3.878041249066958e-09,3.868e-09,0.0,0.0
4.4103475577421155e-09,0.0,-0.0006774433906355304,0.028782480871363474,0.03181000696592039,-1.9924805606927367e-05,-0.00012193762442198808,-8.509628763763345e-05,-8.509627593407398e-05,-3.879703557766112e-09,3.868e-09,0.0,0.0
4.4120083559741865e-09,0.0,-1.6144116362738242e-05,0.028655673138159893,0.0316995236287165,-4.748269518452424e-07,-0.00012692078432171292,-8.786675683464505e-05,-8.786674340385825e-05,-3.881430780604398e-09,3.868e-09,0.0,0.0
4.413777431774941e-09,0.0,0.0006673106223604701,0.028512695300279806,0.03157793295064767,1.962678301060206e-05,-0.00013211604412799414,-9.083435576153516e-05,-9.083434042988364e-05,-3.8833316482048756e-09,3.868e-09,0.0,0.0
4.415590850476007e-09,0.0,0.0013462773094939308,0.028358162126668574,0.0314490879917132,3.959639145570385e-05,-0.00013732141494869423,-9.389791389625372e-05,-9.38978965503226e-05,-3.8853459243962164e-09,3.868e-09,0.0,0.0
4.4175394120405236e-09,0.0,0.0020510610899245048,0.028183702803596045,0.03130585666793693,6.032532617425014e-05,-0.00014278986860227563,-9.721819993981044e-05,-9.721818035469953e-05,-3.887585107424586e-09,3.868e-09,0.0,0.0
4.419539412040523e-09,0.0,0.002745527319291388,0.02799619445210499,0.031153642286438316,8.075080350857022e-05,-0.00014828051958681732,-0.00010066053755822538,-0.00010066051559350087,-3.889964725588681e-09,3.868e-09,0.0,0.0
4.421539412040523e-09,0.0,0.0034088973689609657,0.027800742348372813,0.03099610270557508,0.00010026168732238134,-0.00015366067748261885,-0.0001041409639563164,-0.00010414093952872128,-3.892427594369509e-09,3.868e-09,0.0,0.0
4.423539412040523e-09,0.0,0.0040433554835277346,0.027597919922970976,0.030833177363773282,0.0001189222201037569,-0.00015894506368669482,-0.00010766203178828521,-0.00010766200481361621,-3.894974660546344e-09,3.868e-09,0.0,0.0
4.425539412040523e-09,0.0,0.004650190079375456,0.027388242340386677,0.03066480229835108,0.0001367702964522193,-0.00016415233648814533,-0.00011122560984215676,-0.00011122558023522744,-3.897606924069112e-09,3.868e-09,0.0,0.0
4.4275394120405225e-09,0.0,0.005230142477020052,0.027172163484144064,0.030490911147993516,0.00015382771991235446,-0.00016929741246161524,-0.0001148329475550269,-0.00011483291522960265,-3.9003254223863675e-09,3.868e-09,0.0,0.0
4.429539412040522e-09,0.0,0.005783907211576676,0.026950079266023816,0.030311436055320707,0.0001701149179875493,-0.0001743961318754439,-0.00011848474037626888,-0.00011848470524504495,-3.9031312163351535e-09,3.868e-09,0.0,0.0
4.431539412040522e-09,0.0,0.006312124148251771,0.026722327173264705,0.03012630846943937,0.00018565071024269914,-0.00017946259302817845,-0.00012218119442607573,-0.00012218115640069,-3.906025377594431e-09,3.868e-09,0.0,0.0
4.433539412040522e-09,0.0,0.006815420394487512,0.02648919361789065,0.029935459852452825,0.0002004535410143386,-0.0001845080664886114,-0.00012592208806980835,-0.00012592204568181997,-3.910387985459246e-09,3.868e-09,0.0,0.0
4.435539412040522e-09,0.0,0.00729440107924013,0.026250919723961492,0.029738822296438375,0.000214541208212945,-0.0001895429736645269,-0.00012970682680054225,-0.00012970677713696616,-3.91766357503178e-09,3.868e-09,0.0,0.0
4.4375394120405214e-09,0.0,0.007749661819381342,0.026007707045424683,0.029536329056256888,0.00022793122998180417,-0.00019457504662360756,-0.00013353449225480253,-0.00013353443509897533,-3.9251558249184954e-09,3.868e-09,0.0,0.0
4.439539412040521e-09,0.0,0.008181818405902623,0.025759726038969942,0.029327915014715156,0.00024064171782066536,-0.00019960988961162713,-0.00013740388377242715,-0.00013740381890528508,-3.932867144455539e-09,3.868e-09,0.0,0.0
4.441539412040521e-09,0.0,0.008591503242580087,0.02550712307544204,0.02911351709331733,0.00025269127184059077,-0.00020465121874593044,-0.00014131355171176325,-0.00014131347891189333,-3.940799867547259e-09,3.868e-09,0.0,0.0
4.443539412040521e-09,0.0,0.008979384374033188,0.025250028158476184,0.02889307461574058,0.0002640995404127408,-0.00020970032959198343,-0.00014526182289412116,-0.00014526174193788682,-3.9489562392175986e-09,3.868e-09,0.0,0.0
4.4455394120405206e-09,0.0,0.00934616372756137,0.02498856281335816,0.02866652963862829,0.00027488716845768733,-0.00021475658747230526,-0.0001492468176465117,-0.00014924672830810698,-3.957338403370753e-09,3.868e-09,0.0,0.0
4.44753941204052e-09,0.0,0.009692570140842353,0.024722846815983437,0.02843382726221585,0.00028507559237771625,-0.0002198175398459089,-0.00015326645897646487,-0.00015326636102806768,-3.9659483912980135e-09,3.868e-09,0.0,0.0
4.44953941204052e-09,0.0,0.01001934554801138,0.024453004129898634,0.028194915932057262,0.00029468663376504056,-0.0002248792090809179,-0.0001573184749662132,-0.00015731836817810263,-3.974788110513881e-09,3.868e-09,0.0,0.0
4.45153941204052e-09,0.0,0.010327269034892436,0.024179168221864583,0.027949747741672148,0.0003037432069086011,-0.00022993610736010692,-0.00016140039518188962,-0.00016140027932255024,-3.98385933355813e-09,3.868e-09,0.0,0.0
4.45353941204052e-09,0.0,0.010617140349611025,0.023901487494452332,0.027698278745094146,0.00031226883381208897,-0.00023498115073821097,-0.00016550954139254163,-0.00016550941622885812,-3.993163686431517e-09,3.868e-09,0.0,0.0
4.4555394120405195e-09,0.0,0.01088977293894366,0.023620129089072517,0.02744046928740513,0.0003202874393806959,-0.00024000653159760057,-0.00016964301346950123,-0.00016964287876686246,-4.002702636366011e-09,3.868e-09,0.0,0.0
4.457539412040519e-09,0.0,0.011145982073440489,0.023335282184339664,0.027176284359726088,0.0003278230021600144,-0.00024500306521749914,-0.00017379767169336873,-0.00017379752721589925,-4.012477478690135e-09,3.868e-09,0.0,0.0
4.459539412040519e-09,0.0,0.011386589058407538,0.02304716062057554,0.02690569398365623,0.000334899678188457,-0.00024996113983088655,-0.00017797011616424687,-0.00017796996167492724,-4.0224893226047195e-09,3.868e-09,0.0,0.0
4.461539412040519e-09,0.0,0.011612425155406357,0.02275600273646059,0.026628673628092098,0.0003415419163354811,-0.0002548711100360273,-0.00018215666529754047,-0.0001821565005584655,-4.032739075760592e-09,3.868e-09,0.0,0.0
4.463539412040519e-09,0.0,0.01182428058167294,0.022462072651463535,0.026345204659224363,0.00034777295828449824,-0.00025972214170207585,-0.00018635333419702896,-0.00018635315896960158,-4.043227427608699e-09,3.868e-09,0.0,0.0
4.4655394120405184e-09,0.0,0.012022949347776181,0.022165660284322215,0.026055274823951025,0.00035361615728753473,-0.0002645039518047612,-0.0001905558128405738,-0.00019055562688573974,-4.053954831513812e-09,3.868e-09,0.0,0.0
4.467539412040518e-09,0.0,0.012209225987972906,0.021867079298068158,0.02575887876552416,0.00035909488199920307,-0.00026920605719476165,-0.00019475944599068435,-0.00019475924906920544,-4.064921485675606e-09,3.868e-09,0.0,0.0
4.469539412040518e-09,0.0,0.012383818271076093,0.021566665000164735,0.025456018567835918,0.00036422994914929685,-0.0002738185109067638,-0.00019895921605284168,-0.00019895900792553378,-4.076127312990071e-09,3.868e-09,0.0,0.0
4.471539412040518e-09,0.0,0.012547478077404006,0.021264773827637154,0.025146704324453435,0.0003690434728648237,-0.0002783303459359229,-0.00020314972804363993,-0.00020314950847170193,-4.087571939995223e-09,3.868e-09,0.0,0.0
4.4735394120405176e-09,0.0,0.012700890957281078,0.020961779149580664,0.024830954728231935,0.00037355561639061994,-0.00028273293497272636,-0.00020732519787093333,-0.0002073249666162541,-4.099254675055418e-09,3.868e-09,0.0,0.0
4.475539412040517e-09,0.0,0.01284468637430548,0.020658067942828245,0.024508797675183523,0.00037778489336192587,-0.0002870161781753282,-0.00021147944552117018,-0.00021147920234668507,-4.11117448601821e-09,3.868e-09,0.0,0.0
4.477539412040517e-09,0.0,0.012979482907967882,0.020354036841075937,0.024180270875153103,0.00038174949729317297,-0.00029117261793958207,-0.00021560589302284508,-0.00021560563769286445,-4.123329977619335e-09,3.868e-09,0.0,0.0
4.479539412040517e-09,0.0,0.013105648269618178,0.020050087953391582,0.02384542246158368,0.00038546024322406406,-0.0002951934399291492,-0.00021969756766676698,-0.00021969729994739812,-4.135719368921405e-09,3.868e-09,0.0,0.0
4.481539412040517e-09,0.0,0.013222328289697553,0.019746625871699244,0.023504311592705517,0.00038889200852051627,-0.00029907189227340337,-0.00022374710993469763,-0.00022374682959422007,-4.148340471069896e-09,3.868e-09,0.0,0.0
4.4835394120405165e-09,0.0,0.013318622155684797,0.019444053861357346,0.023157009037080064,0.0003917241810495528,-0.00030280029271075027,-0.0002277467859095344,-0.0002277464927188666,-4.161190665628038e-09,3.868e-09,0.0,0.0
4.485539412040516e-09,0.0,0.013405723859393679,0.01914276903757494,0.02280359773583239,0.00039428599586451994,-0.00030637355578864024,-0.00023168850517000118,-0.00023168819890311346,-4.174266883774202e-09,3.868e-09,0.0,0.0
4.487539412040516e-09,0.0,0.01350283114437888,0.018843156138080137,0.02244417333211735,0.00039714209248173176,-0.0003097864059223039,-0.0002355638454920292,-0.00023556352592644242,-4.187565586711658e-09,3.868e-09,0.0,0.0
4.489539412040516e-09,0.0,0.013602550189206883,0.0185455852680624,0.022078844658494832,0.0004000750055649083,-0.0003130342448341263,-0.0002393640828655846,-0.0002393637497828359,-4.201082747635691e-09,3.868e-09,0.0,0.0
4.491539412040516e-09,0.0,0.013700547549615647,0.018250408503079785,0.021707734175302647,0.00040295728087104844,-0.0003161129154086639,-0.00024308022518084973,-0.00024307987836701128,-4.214813835513802e-09,3.868e-09,0.0,0.0
4.4935394120405154e-09,0.0,0.013794653076136372,0.017957956334931205,0.02133097835386796,0.0004057250904745992,-0.00031901908759391886,-0.0002467030502518897,-0.0002467026894980885,-4.2287538009068855e-09,3.868e-09,0.0,0.0
4.495539412040515e-09,0.0,0.0138832845034858,0.01766853382089622,0.020948727997741747,0.000408331897161347,-0.00032175010049641,-0.0002502231483630532,-0.00025022277346598357,-4.242897064083555e-09,3.868e-09,0.0,0.0
4.497539412040515e-09,0.0,0.013965495281813942,0.017382416500053583,0.020561148494829075,0.0004107498612298218,-0.0003243043258834281,-0.0002536309695579972,-0.0002536305803204873,-4.2572375056913245e-09,3.868e-09,0.0,0.0
4.499539412040515e-09,0.0,0.014040540278986628,0.01709984815957602,0.020168419993883475,0.00041295706702901844,-0.0003266799835691691,-0.0002569168746772509,-0.0002569164709087905,-4.2717684602263114e-09,3.868e-09,0.0,0.0
4.5015394120405146e-09,0.0,0.014108137209529149,0.016821039893762546,0.019770737501026658,0.00041494521204497495,-0.0003288757875051687,-0.0002600711882877922,-0.00026007076980507846,-4.286482712462014e-09,3.868e-09,0.0,0.0
4.503539412040514e-09,0.0,0.014168279225897267,0.016546167136074444,0.01936831089313708,0.0004167140948793314,-0.00033089141517748103,-0.0002630842538238748,-0.0002630838204513708,-4.301372496953928e-09,3.868e-09,0.0,0.0
4.505539412040514e-09,0.0,0.014221202521155012,0.016275363163009888,0.01896136484238044,0.00041827066238691213,-0.0003327289072212396,-0.0002659464939617643,-0.00026594604553226153,-4.316429500831924e-09,3.868e-09,0.0,0.0
4.507539412040514e-09,0.0,0.014267223983413948,0.016008698941289846,0.018550138636489515,0.0004196242348062926,-0.00033439819070620687,-0.0002686484857708232,-0.0002686480221259502,-4.331644870449888e-09,3.868e-09,0.0,0.0
4.509539412040514e-09,0.0,0.014306876136800846,0.01574620103239261,0.018134885882711987,0.0004207904746117896,-0.00033589279258060565,-0.0002711810367940642,-0.00027118055778484196,-4.3470092223396565e-09,3.868e-09,0.0,0.0
4.5115394120405135e-09,0.0,0.014340685009394196,0.015487915354101026,0.017715874130350542,0.00042178485321747635,-0.00033719144112207315,-0.0002735352147976991,-0.00027353472028503883,-4.36251265717703e-09,3.868e-09,0.0,0.0
4.513539412040513e-09,0.0,0.014369173880062501,0.015233914083228842,0.01729338447842874,0.00042262276117830885,-0.00033828474265717973,-0.00027570233735807866,-0.00027570182721330105,-4.378144774298136e-09,3.868e-09,0.0,0.0
4.515539412040513e-09,0.0,0.014392882975574683,0.014984207722814852,0.016867711164695615,0.00042332008751690245,-0.00033919566236109645,-0.00027767400653444724,-0.00027767348063975975,-4.393894686906263e-09,3.868e-09,0.0,0.0
4.517539412040513e-09,0.0,0.01441238792978041,0.014738709850789587,0.016439161048471675,0.00042389376264060025,-0.00033993299877231776,-0.0002794422122024119,-0.0002794416704513733,-4.4097510412065485e-09,3.868e-09,0.0,0.0
4.519539412040513e-09,0.0,0.014428164149426461,0.01449727789908752,0.0160080529374942,0.0004243577691007783,-0.00034050032494741596,-0.00028099943152139586,-0.00028099887381935473,-4.425702041312715e-09,3.868e-09,0.0,0.0
4.5215394120405124e-09,0.0,0.01444068277804995,0.014259727467390284,0.015574716786252184,0.0004247259640602927,-0.00034090036765825415,-0.00028233869653075064,-0.0002823381227952705,-4.441735478908669e-09,3.868e-09,0.0,0.0
4.523539412040512e-09,0.0,0.014450347993049015,0.014025838720272826,0.01513949280005829,0.0004250102350896769,-0.0003411346852854361,-0.0002834536490955636,-0.0002834530592567934,-4.457838766397843e-09,3.868e-09,0.0,0.0
4.525539412040512e-09,0.0,0.014457490932198946,0.01379536265427351,0.014702730460907986,0.0004252203215352631,-0.000341204156249366,-0.0002843385876375802,-0.0002843379816386028,-4.473998972946404e-09,3.868e-09,0.0,0.0
4.527539412040512e-09,0.0,0.014462405721434231,0.013568026537070526,0.014264787487406835,0.0004253648741598303,-0.00034110898775386027,-0.00028498850611576417,-0.00028498788391290164,-4.490202862965947e-09,3.868e-09,0.0,0.0
4.5295394120405116e-09,0.0,0.014465315082352057,0.013343538943068379,0.013826028740204088,0.0004254504435985899,-0.0003408489784685821,-0.0002853991258876118,-0.0002853984874506728,-4.5064369366124485e-09,3.868e-09,0.0,0.0
4.531037965547022e-09,0.0,0.014466279733050086,0.013177027840738664,0.013496954614514663,0.0004254788156779437,-0.00034054590652029686,-0.000285547893878758,-0.00028554724326607453,-4.518612679262957e-09,3.868e-09,0.0,0.0
4.5310965116451995e-09,0.0,0.01446629809147695,0.013170551083791192,0.013484094731310636,0.00042547935563167497,-0.00034053224907255045,-0.00028555081900127503,-0.0002855501679127799,-4.519088494941507e-09,3.868e-09,0.0,0.0
4.5312136038415546e-09,0.0,0.014466330336474853,0.013157601482024214,0.013458374720410273,0.00042548030401396624,-0.00034050446870900763,-0.0002855562488372398,-0.00028555559679710116,-4.52004013534482e-09,3.868e-09,0.0,0.0
4.531447788234265e-09,0.0,0.01446637693904738,0.013131725559310548,0.013406933458989119,0.0004254816746778641,-0.0003404471987691147,-0.0002855645845715383,-0.0002855639306280737,-4.5219434620174024e-09,3.868e-09,0.0,0.0
4.531916157019685e-09,0.0,0.014466398594499308,0.01308006492894303,0.01330404825357136,0.0004254823116029208,-0.0003403257838746015,-0.0002855711460097373,-0.00028557048825952197,-4.52575021461786e-09,3.868e-09,0.0,0.0
4.532852894590526e-09,0.0,0.014466155706630682,0.012977093470659038,0.013098285362422147,0.0004254751678420789,-0.00034005515286997386,-0.00028554372442085954,-0.0002855430590574144,-4.533363441590381e-09,3.868e-09,0.0,0.0
4.534726369732208e-09,0.0,0.014464586508000135,0.012772423921988563,0.012686936219225533,0.0004254290149411804,-0.0003394050635836658,-0.0002853260299272422,-0.00028532534934388315,-4.548583359888655e-09,3.868e-09,0.0,0.0
4.536726369732207e-09,0.0,0.01446133500420413,0.012555569898843117,0.012248337935710637,0.0004253333824765921,-0.0003385505318838424,-0.0002848531160369812,-0.00028485241922548456,-4.564811496378706e-09,3.868e-09,0.0,0.0
4.538726369732207e-09,0.0,0.014456460651617662,0.012340083480599664,0.011810658786643691,0.00042519001916522533,-0.0003375305215873054,-0.00028413118756717123,-0.00028413047456154507,-4.581005624894183e-09,3.868e-09,0.0,0.0
4.540726369732207e-09,0.0,0.014449937123315416,0.012125628257566044,0.011374281778691233,0.0004249981506857475,-0.00033634527675580474,-0.0002831603649282325,-0.0002831596357766586,-4.597151574188425e-09,3.868e-09,0.0,0.0
4.542726369732207e-09,0.0,0.014441711379556188,0.011911868340985132,0.010939589112037709,0.00042475621704577023,-0.0003349953428212758,-0.0002819415761081359,-0.00028194083087293084,-4.613235202854605e-09,3.868e-09,0.0,0.0
4.5447263697322065e-09,0.0,0.014431704183190413,0.011698470404765902,0.010506960941073293,0.00042446188774089447,-0.0003334815602110709,-0.00028047655262325634,-0.0002804757913808121,-4.629242445180288e-09,3.868e-09,0.0,0.0
4.546726369732206e-09,0.0,0.01441982501296659,0.011485105851376924,0.010076774144194361,0.00042411250038137027,-0.0003318049971676614,-0.0002787678217211572,-0.0002787670445617979,-4.645159356664808e-09,3.868e-09,0.0,0.0
4.548726369732206e-09,0.0,0.014405968294294042,0.01127145317113511,0.009649401108607144,0.0004237049498321777,-0.0003299669013074189,-0.00027681869467374324,-0.0002768179017015853,-4.660972158981536e-09,3.868e-09,0.0,0.0
4.550726369732206e-09,0.0,0.0143900245146241,0.011057200245070335,0.009225208536190342,0.0004232360151360029,-0.0003279687487280591,-0.0002746332511075428,-0.00027463244244025665,-4.676667284160957e-09,3.868e-09,0.0,0.0
4.552726369732206e-09,0.0,0.014371892981847266,0.010842046304116426,0.00880455627631708,0.00042270273476021367,-0.000325812330659976,-0.0002722163196264017,-0.000272215495394983,-4.692231417776268e-09,3.868e-09,0.0,0.0
4.5547263697322055e-09,0.0,0.014351464964722869,0.010625704270071003,0.008387796191328314,0.0004221019107271432,-0.0003234994346289573,-0.0002695734547419587,-0.000269572615090417,-4.707651540920852e-09,3.868e-09,0.0,0.0
4.556726369732205e-09,0.0,0.01432864402195549,0.010407903161971937,0.007975271060498066,0.0004214307065281026,-0.00032103208074211385,-0.00026671090990387813,-0.00026671005498890565,-4.722914970761571e-09,3.868e-09,0.0,0.0
4.558726369732205e-09,0.0,0.014303345141483185,0.010188389592239238,0.0075673135280873985,0.000420686621808329,-0.00031841268047327843,-0.00026363560715436353,-0.0002636347371449653,-4.738009399460766e-09,3.868e-09,0.0,0.0
4.560726369732205e-09,0.0,0.014275498755877582,0.00996693008186715,0.007164245100598466,0.0004198676104669877,-0.0003156434068495936,-0.0002603551035135847,-0.0002603542185906516,-4.752922931277857e-09,3.868e-09,0.0,0.0
4.562726369732205e-09,0.0,0.014245031154542162,0.009743312965554737,0.006766375198387828,0.0004189715045453577,-0.0003127269573985585,-0.00025687755392729816,-0.0002568766542831811,-4.76764411765965e-09,3.868e-09,0.0,0.0
4.564726369732204e-09,0.0,0.014211906058165467,0.009517349375029408,0.006374000266300962,0.00041799723700486666,-0.00030966617261156534,-0.00025321167159173626,-0.0002532107574297459,-4.782161990146864e-09,3.868e-09,0.0,0.0
4.566726369732204e-09,0.0,0.014176084645611958,0.00928887535286493,0.005987402947398582,0.00041694366604741055,-0.00030646377360535234,-0.00024936668560943923,-0.00024936575714334854,-4.796466090946253e-09,3.868e-09,0.0,0.0
4.568726369732204e-09,0.0,0.014137562220206276,0.009057753396150206,0.005606851324064962,0.0004158106535354787,-0.0003031228202281617,-0.00024535229573686155,-0.00024535135319036106,-4.8105465010095965e-09,3.868e-09,0.0,0.0
4.570726369732204e-09,0.0,0.014096332521012783,0.008823876048901547,0.005232598231549114,0.00041459801532390536,-0.00029964514056539105,-0.0002411786234741094,-0.000241177667080243,-4.824393865432683e-09,3.868e-09,0.0,0.0
4.5727263697322035e-09,0.0,0.014052411535929567,0.008587187245341708,0.004864880658052586,0.00041330622164498725,-0.0002960239667426149,-0.00023685614846465907,-0.00023685517846524368,-4.8379994156520545e-09,3.868e-09,0.0,0.0
4.574726369732203e-09,0.0,0.014005814118794408,0.008347846471768406,0.004503919323238116,0.0004119357093763061,-0.0002921800863365251,-0.00023239554014855296,-0.0002323945567935682,-4.851354985040189e-09,3.868e-09,0.0,0.0
4.576726369732203e-09,0.0,0.013956585720935609,0.00810609890185312,0.004149918530688205,0.0004104878153216355,-0.00028817146603425415,-0.00022780746997433173,-0.00022780647352131818,-4.864453014364537e-09,3.868e-09,0.0,0.0
4.578726369732203e-09,0.0,0.013904780556580613,0.007861766065358294,0.0038030660329997855,0.00040896413401707684,-0.0002841722064381889,-0.00022310278276018624,-0.00022310177347362962,-4.877286556779008e-09,3.868e-09,0.0,0.0
4.580726369732203e-09,0.0,0.013850453062647495,0.007614400413361566,0.0034635324803282863,0.0004073662665484557,-0.00028016417221299095,-0.00021829286684861907,-0.0002182918449993203,-4.8898492982278534e-09,3.868e-09,0.0,0.0
4.582713688333375e-09,0.0,0.013794029569184244,0.007365374450675629,0.003133552124560994,0.0004057067520348307,-0.0002761053746008099,-0.0002134210064240549,-0.00021341997236548355,-4.902058571391243e-09,3.868e-09,0.0,0.0
4.584640814403778e-09,0.0,0.013737052108947564,0.00712081978502463,0.002820735880583396,0.0004040309443808107,-0.000272075461127203,-0.00020862000825614622,-0.00020861896262337276,-4.913632772418414e-09,3.868e-09,0.0,0.0
4.586556792405838e-09,0.0,0.01367825709472093,0.006874790954491707,0.002516831668339184,0.00040230167925649793,-0.00026796604072461635,-0.00020378294175072624,-0.00020378188487349793,-4.92487722827145e-09,3.868e-09,0.0,0.0
4.588444123938729e-09,0.0,0.013618313249969064,0.006629800093316901,0.002224478773639139,0.0004005386249990901,-0.00026381252308765076,-0.00019896640182981087,-0.00019896533413552497,-4.935694285375351e-09,3.868e-09,0.0,0.0
4.590334370854331e-09,0.0,0.013556318084966826,0.006382031132963589,0.0019387131525013016,0.00039871523779314196,-0.0002595460973032132,-0.00019410112031435314,-0.00019410004204673936,-4.946267613357452e-09,3.868e-09,0.0,0.0
4.592209648492178e-09,0.0,0.013492926042440652,0.0061341108270101165,0.0016622234659524175,0.00039685076595413684,-0.0002552096982919121,-0.00018924331562698783,-0.00018924222712925621,-4.956497731759761e-09,3.868e-09,0.0,0.0
4.5940923529302875e-09,0.0,0.013427442585231021,0.005883376288513986,0.0013917035481394824,0.0003949247819185594,-0.0002507571522556087,-0.00018434474714045004,-0.00018434364863348113,-4.966506968718839e-09,3.868e-09,0.0,0.0
4.595968309171852e-09,0.0,0.013360424184831297,0.005632009921227878,0.001129218275596861,0.0003929536524950381,-0.00024622886306671014,-0.00017945150418505524,-0.00017945039596613146,-4.976218923802916e-09,3.868e-09,0.0,0.0
4.597854248467066e-09,0.0,0.013291390421088666,0.005378070134694396,0.0008724561972540507,0.0003909232476790784,-0.00024159264413897567,-0.00017452892528558605,-0.00017452780756646526,-4.9857191207016e-09,3.868e-09,0.0,0.0
4.599738864822995e-09,0.0,0.013220869725473252,0.005123375034657952,0.0006230041277111091,0.00038884910957274273,-0.00023688486548739717,-0.00016961518081289213,-0.00016961405386404485,-4.9949488472746885e-09,3.868e-09,0.0,0.0
4.6016348573746955e-09,0.0,0.013148172340903779,0.004866504700693965,0.00037922426778003697,0.0003867109512030523,-0.00023208376915104145,-0.00016468567164931914,-0.000164684535680617,-5.003968702092139e-09,3.868e-09,0.0,0.0
4.6035333959991346e-09,0.0,0.013073269679513647,0.004608946004253647,0.00014230485569695679,0.00038450793175040136,-0.00022722115857402012,-0.0001597716733265014,-0.00015977052859178105,-5.012734720339212e-09,3.868e-09,0.0,0.0
4.605444259885639e-09,0.0,0.01299571762710402,0.00434966269243962,-8.892837655833952e-05,0.00038222698903247115,-0.0002222815097771195,-0.0001548560760084769,-0.00015485491810274417,-5.025905732676036e-09,3.868e-09,0.0,0.0
4.607360817420244e-09,0.0,0.012916201297326013,0.004089841905997573,-0.00031362098251079936,0.00037988827345076506,-0.00021729157825073822,-0.00014996402023056263,-0.00014996284234965738,-5.04588090534521e-09,3.868e-09,0.0,0.0
4.60929103547562e-09,0.0,0.01283445138561336,0.0038286897825556,-0.0005326597632962692,0.00037748386428274587,-0.00021224052728235874,-0.0001450831705136128,-0.0001450819731601599,-5.065353452957038e-09,3.868e-09,0.0,0.0
4.611230140560248e-09,0.0,0.012750641605312514,0.0035671374803959545,-0.0007454499244779418,0.0003750188707444857,-0.00020714988850079326,-0.00014023354786777323,-0.00014023233159727504,-5.084270498286089e-09,3.868e-09,0.0,0.0
4.61318480068347e-09,0.0,0.0126644299970821,0.003304573314136622,-0.000952672085148134,0.00037248323520829707,-0.00020201136685131098,-0.00013540639697044065,-0.0001354051622778922,-5.102692548369669e-09,3.868e-09,0.0,0.0
4.615152070035142e-09,0.0,0.012575851956456632,0.003041684656720391,-0.001153954657822586,0.00036987799871931266,-0.00019684144245336264,-0.00013061695242846683,-0.0001306156998418977,-5.120586569080428e-09,3.868e-09,0.0,0.0
4.617138093685688e-09,0.0,0.012484505313892603,0.0027779500687371474,-0.0013498626913070568,0.00036719133276154716,-0.00019163231878562483,-0.00012585828986876372,-0.00012585701986597047,-5.138002793257197e-09,3.868e-09,0.0,0.0
4.619138093685688e-09,0.0,0.012390455892384387,0.002514310288679901,-0.0015398669808754282,0.0003644251733054231,-0.00018640478523867772,-0.00012114984346708703,-0.00012114855657291207,-5.154894174599826e-09,3.868e-09,0.0,0.0
4.621138093685688e-09,0.0,0.01229421746294767,0.0022528884118851265,-0.0017226964768588208,0.00036159463126316676,-0.00018120282234862734,-0.00011653109135321488,-0.0001165297882054976,-5.171147716792749e-09,3.868e-09,0.0,0.0
4.6231380936856875e-09,0.0,0.012195674832669015,0.0019939396189903183,-0.001898493223533846,0.0003586963186079122,-0.00017603312032138914,-0.00011200730124808214,-0.00011200598247203437,-5.186776047572159e-09,3.868e-09,0.0,0.0
4.623414710526185e-09,0.0,0.012181857621191495,0.001958330779961502,-0.0019222603535882943,0.00035828993003504396,-0.00017532095536359015,-0.00011138932278302409,-0.00011138800189407824,-5.188888945433999e-09,3.868e-09,0.0,0.0
4.6234583632052966e-09,0.0,0.012179672588345621,0.0019527168302089582,-0.0019259973814788548,0.0003582256643631065,-0.00017520864962299133,-0.00011129199928695485,-0.00011129067806578755,-5.18922116721347e-09,3.868e-09,0.0,0.0
4.62354566856352e-09,0.0,0.012175298865133452,0.0019414915684056585,-0.0019334649044117815,0.0003580970254451015,-0.00017498406749743488,-0.0001110974482571913,-0.00011109612637216076,-5.1898850300022075e-09,3.868e-09,0.0,0.0
4.623720279279967e-09,0.0,0.01216653678862758,0.001919056932970912,-0.001948360791931729,0.0003578393173125759,-0.00017453512741645268,-0.00011070892309163569,-0.00011070759988236062,-5.191209274402731e-09,3.868e-09,0.0,0.0
4.6240695007128605e-09,0.0,0.012148954115289734,0.0018742518339483682,-0.0019779963225111667,0.0003573221798614628,-0.00017363815631825643,-0.00010993419143382632,-0.00010993286558995266,-5.193843873071243e-09,3.868e-09,0.0,0.0
4.624767943578648e-09,0.0,0.012113554385615576,0.0017849032244606758,-0.0020366455435623467,0.00035628101134163457,-0.00017184801023585752,-0.00010839408979965245,-0.0001083927587418633,-5.199057788822692e-09,3.868e-09,0.0,0.0
4.626164829310222e-09,0.0,0.012041816836665664,0.0016072911534335665,-0.002151482132342345,0.0003541710834313431,-0.00016828379268946545,-0.00010535200052912391,-0.00010535065926236273,-5.209266761565234e-09,3.868e-09,0.0,0.0
4.628164829310222e-09,0.0,0.011936830194841467,0.0013556504116160285,-0.002310279425260278,0.000351083241024749,-0.00016322083343776477,-0.00010108717691479113,-0.00010108582153094993,-5.223383840905639e-09,3.868e-09,0.0,0.0
4.630164829310221e-09,0.0,0.01182905224991873,0.001107339292000211,-0.0024625999450423835,0.00034791330146819794,-0.00015820919303700804,-9.693222311092202e-05,-9.693085418578705e-05,-5.236925135114267e-09,3.868e-09,0.0,0.0
4.632164829310221e-09,0.0,0.01171835169661082,0.000862590967277312,-0.0026086151938397094,0.0003446574028414947,-0.00015325329861782085,-9.289035115662728e-05,-9.28889692507367e-05,-5.24990589073235e-09,3.868e-09,0.0,0.0
4.634164829310221e-09,0.0,0.011604603244527186,0.0006216335201227208,-0.0027485012636058247,0.00034131186013315254,-0.00014835721956161298,-8.896431578697572e-05,-8.896292144521326e-05,-5.2623417623345575e-09,3.868e-09,0.0,0.0
4.636164829310221e-09,0.0,0.011487688763896413,0.00038468954218885253,-0.0028824381337718176,0.0003378731989381298,-0.00014352466927782233,-8.515641601932806e-05,-8.515500977057753e-05,-5.274248750092315e-09,3.868e-09,0.0,0.0
4.6381648293102205e-09,0.0,0.011367496681147445,0.00015197549524407182,-0.0030106089724158437,0.00033433813768080724,-0.00013875912618285422,-8.146849810979415e-05,-8.14670804666572e-05,-5.285643137647768e-09,3.868e-09,0.0,0.0
4.64016482931022e-09,0.0,0.011243921915877676,-7.629907286233785e-05,-0.003133199443195719,0.00033070358576110814,-0.00013406379236443412,-7.79019600886106e-05,-7.790053154718094e-05,-5.2965414305000985e-09,3.868e-09,0.0,0.0
4.64216482931022e-09,0.0,0.011116867726415146,-0.0002999323664588556,-0.0032503970205527027,0.0003269666978357396,-0.00012944167261883725,-7.445775797719252e-05,-7.445631901689675e-05,-5.306960295127136e-09,3.868e-09,0.0,0.0
4.64416482931022e-09,0.0,0.0109862482572122,-0.0005187315079399502,-0.0033623903159292296,0.0003231249487415353,-0.00012489567256354484,-7.113641388908649e-05,-7.113496497258755e-05,-5.316916499086108e-09,3.868e-09,0.0,0.0
4.64616482931022e-09,0.0,0.010851983402035945,-0.0007325135307776993,-0.0034693684179536977,0.00031917598241282193,-0.00012042843276197577,-6.79380260860735e-05,-6.793656765922106e-05,-5.326426852356084e-09,3.868e-09,0.0,0.0
4.6481648293102195e-09,0.0,0.010714003940153143,-0.0009411063029118507,-0.0035715202494807714,0.00031511776294568066,-0.00011604248190889537,-6.486228083412439e-05,-6.48608133259742e-05,-5.335508150178841e-09,3.868e-09,0.0,0.0
4.650164829310219e-09,0.0,0.010572255605955884,-0.0011443496726547854,-0.0036690339443052754,0.0003109486942928201,-0.00011174021981046452,-6.190846612299712e-05,-6.19069899458792e-05,-5.344177117648739e-09,3.868e-09,0.0,0.0
4.652164829310219e-09,0.0,0.01042668794892073,-0.0013420965440688127,-0.0037620962464629706,0.0003066672926153156,-0.00010752392871478342,-5.907548730947986e-05,-5.9074002859122766e-05,-5.352450356310558e-09,3.868e-09,0.0,0.0
4.654164829310219e-09,0.0,0.010277269067339076,-0.0015342135328886173,-0.0038508919348438884,0.00030227261962761985,-0.00010339558641850083,-5.63618843803623e-05,-5.636039203606863e-05,-5.3603442930076225e-09,3.868e-09,0.0,0.0
4.656164829310219e-09,0.0,0.01012397974319183,-0.001720581866813363,-0.003935603275510411,0.0002977641100938773,-9.935721062799931e-05,-5.3765850705540216e-05,-5.376435083040941e-05,-5.367875131192875e-09,3.868e-09,0.0,0.0
4.658164829310218e-09,0.0,0.009966808517508174,-0.001901098196286379,-0.00401640950405357,0.0002931414269855345,-9.541050916013006e-05,-5.1285253334500995e-05,-5.128374627569668e-05,-5.375058804910362e-09,3.868e-09,0.0,0.0
4.660164829310218e-09,0.0,0.009805760987923504,-0.00207567519981416,-0.004093486340206532,0.0002884047349389266,-9.15571695617663e-05,-4.8917654634089e-05,-4.891614072315316e-05,-5.38191093564436e-09,3.868e-09,0.0,0.0
4.662164829310218e-09,0.0,0.009640831482885734,-0.0022442420695946057,-0.004167005536608627,0.0002835538671436981,-8.779855439956479e-05,-4.666033504636139e-05,-4.6658814599570726e-05,-5.388446792204507e-09,3.868e-09,0.0,0.0
4.664069101035372e-09,0.0,0.009480046543199368,-0.0023991056493197615,-0.004233851435969242,0.0002788248983293932,-8.430899425494103e-05,-4.461085175210273e-05,-4.4609325362710874e-05,-5.3943893926576655e-09,3.868e-09,0.0,0.0
4.665899697692074e-09,0.0,0.009320841991595238,-0.0025427642151099198,-0.004295343716656707,0.000274142411517507,-8.10371738856906e-05,-4.272981262415383e-05,-4.27282807680977e-05,-5.399856056410781e-09,3.868e-09,0.0,0.0
4.6676508354882655e-09,0.0,0.009164896707990316,-0.0026753881609161713,-0.004351741477495473,0.0002695557855291269,-7.798386642290269e-05,-4.100977215414022e-05,-4.100823528432364e-05,-5.4048698173493475e-09,3.868e-09,0.0,0.0
4.669352950233121e-09,0.0,0.009011758157976755,-0.0027997971701429585,-0.004404386985971507,0.00026505171052872807,-7.508813875199809e-05,-3.940993061568159e-05,-3.9408389065679304e-05,-5.409550003052867e-09,3.868e-09,0.0,0.0
4.671000469504917e-09,0.0,0.00886313469991504,-0.002915992933373627,-0.0044533903641444305,0.0002606804323504424,-7.235320697506303e-05,-3.792687027931679e-05,-3.792532437291423e-05,-5.41390640337244e-09,3.868e-09,0.0,0.0
4.67261237135507e-09,0.0,0.008716565501605348,-0.003025667679643832,-0.004499552681748786,0.00025636957357662787,-6.974211592306616e-05,-3.653611025119356e-05,-3.653456024096079e-05,-5.418010233407467e-09,3.868e-09,0.0,0.0
4.674183368462317e-09,0.0,0.008571748067155657,-0.003128760557748583,-0.004542917639813441,0.000252110237269284,-6.725882888512185e-05,-3.5235993355836366e-05,-3.523443949045822e-05,-5.4218653781794145e-09,3.868e-09,0.0,0.0
4.675726684780818e-09,0.0,0.008427448877144585,-0.003226407317194013,-0.004584019099329056,0.00024786614344542894,-6.487835714440621e-05,-3.401008102973032e-05,-3.400852351043322e-05,-5.425519297930353e-09,3.868e-09,0.0,0.0
4.677238284975012e-09,0.0,0.008284105021280479,-0.0033185856083131453,-0.004622892682591085,0.00024365014768471996,-6.260326961818947e-05,-3.28568264940477e-05,-3.285526551888816e-05,-5.4289751594823474e-09,3.868e-09,0.0,0.0
4.678727779794599e-09,0.0,0.008140860538470709,-0.003406093641842567,-0.0046599114005889675,0.0002394370746609032,-6.041582702036454e-05,-3.176462808198286e-05,-3.176306381586034e-05,-5.432266123512358e-09,3.868e-09,0.0,0.0
4.6801921769910155e-09,0.0,0.007998098617559991,-0.003488943770521385,-0.004695109544766366,0.0002352381946341174,-5.831752564486369e-05,-3.07319138953624e-05,-3.0730346500124246e-05,-5.435395238529731e-09,3.868e-09,0.0,0.0
4.68163862225578e-09,0.0,0.00785525023436723,-0.003567713661557522,-0.0047287555286895135,0.00023103677159903616,-5.629543106903563e-05,-2.9750220451965834e-05,-2.9748650065599888e-05,-5.438386366500497e-09,3.868e-09,0.0,0.0
4.6830649989881436e-09,0.0,0.007712663943508138,-0.003642443880045367,-0.0047608846625164835,0.00022684305716200404,-5.435000049572251e-05,-2.881791940471759e-05,-2.8816346162071314e-05,-5.441242646497717e-09,3.868e-09,0.0,0.0
4.684476702806911e-09,0.0,0.007569936040410449,-0.0037135615762974214,-0.004791694253174057,0.00022264517765913084,-5.247153639560857e-05,-2.7928673199619206e-05,-2.7927097217999783e-05,-5.443981619107173e-09,3.868e-09,0.0,0.0
4.68587221780158e-09,0.0,0.007427371546596406,-0.003781121828342887,-0.004821218201700448,0.00021845210431165898,-5.0659966688467044e-05,-2.7080888672972458e-05,-2.7079310066674758e-05,-5.44660629813117e-09,3.868e-09,0.0,0.0
4.687255673150341e-09,0.0,0.007284720655548287,-0.003845447538578708,-0.0048496042742631855,0.00021425648986906726,-4.890805776185867e-05,-2.6269701993405214e-05,-2.6268120863585064e-05,-5.4491298199819975e-09,3.868e-09,0.0,0.0
4.688626099683393e-09,0.0,0.007142234038419333,-0.003906607080122321,-0.004876886337940184,0.0002100657070123333,-4.721550935083776e-05,-2.549352705800605e-05,-2.5491943502810484e-05,-5.451555195442882e-09,3.868e-09,0.0,0.0
4.689986855616879e-09,0.0,0.006999685950460508,-0.00396485692019651,-0.004903179713418383,0.00020587311619001494,-4.557661230360383e-05,-2.4748465209600352e-05,-2.47468793169248e-05,-5.453892676522894e-09,3.868e-09,0.0,0.0
4.691337482713709e-09,0.0,0.006857269578515945,-0.004020275725879525,-0.0049285186340065614,0.00020168439936811604,-4.399050330055076e-05,-2.4032934649472664e-05,-2.4031346504166384e-05,-5.456145306563184e-09,3.868e-09,0.0,0.0
4.692680686046066e-09,0.0,0.0067148797117077465,-0.004073064510901968,-0.00495299260225356,0.00019749646210905138,-4.245109216315721e-05,-2.3343799189571092e-05,-2.3342208868529224e-05,-5.45832104234034e-09,3.868e-09,0.0,0.0
4.694015809429755e-09,0.0,0.006572673317500994,-0.004123278364338052,-0.004976624504318636,0.0001933139211029704,-4.0956753433498485e-05,-2.2679808421859465e-05,-2.2678215999940958e-05,-5.460421918433927e-09,3.868e-09,0.0,0.0
4.695344087834507e-09,0.0,0.006430640687379874,-0.004171040280127191,-0.004999468569753052,0.0001891364908052904,-3.950389931696856e-05,-2.2038831114691068e-05,-2.2037236661935633e-05,-5.4624527558510455e-09,3.868e-09,0.0,0.0
4.696664585261661e-09,0.0,0.006289027483510356,-0.00421639095442067,-0.005021538909082774,0.000184971396573834,-3.809236397774334e-05,-2.141986453258733e-05,-2.1418268117778458e-05,-5.464414809017459e-09,3.868e-09,0.0,0.0
4.6979785847328704e-09,0.0,0.006147798271171729,-0.004259449947062673,-0.0050428851255368565,0.0001808175962109332,-3.672121204771254e-05,-2.082091399641566e-05,-2.0819315683928696e-05,-5.466312487660226e-09,3.868e-09,0.0,0.0
4.699286581494523e-09,0.0,0.00600698612859885,-0.00430030710598754,-0.005063540489702802,0.00017667606260584853,-3.538917013746619e-05,-2.0240449443472127e-05,-2.0238849294721035e-05,-5.468148749534579e-09,3.868e-09,0.0,0.0
4.700590895564115e-09,0.0,0.005866469742407664,-0.004339102190127722,-0.005083563458457281,0.00017254322771787246,-3.4092721551527794e-05,-1.9676236644833174e-05,-1.9674634716041785e-05,-5.469928791456851e-09,3.868e-09,0.0,0.0
4.70189206439954e-09,0.0,0.0057262876753509835,-0.004375911445462575,-0.005102980881598717,0.00016842022574561715,-3.2830085547365384e-05,-1.9126930014882704e-05,-1.912532635988274e-05,-5.471655000374126e-09,3.868e-09,0.0,0.0
4.703191249113284e-09,0.0,0.005586374876597985,-0.004410823694094239,-0.005121826410845903,0.0001643051434293525,-3.159902862077175e-05,-1.8590989992206736e-05,-1.858938466183825e-05,-5.4733303679242005e-09,3.868e-09,0.0,0.0
4.7044885140205605e-09,0.0,0.005446836951102227,-0.004443893539741853,-0.005140115436488348,0.00016020108679712434,-3.039837836961714e-05,-1.8067393033735388e-05,-1.8065786077474215e-05,-5.474956262303814e-09,3.868e-09,0.0,0.0
4.705784744858797e-09,0.0,0.005307667283442172,-0.0044751938385834585,-0.005157873303686137,0.00015610786127771094,-2.9226124845253697e-05,-1.7554829004984138e-05,-1.755322047004588e-05,-5.476534936697697e-09,3.868e-09,0.0,0.0
4.707080045670983e-09,0.0,0.005168902978821238,-0.0045047747336759685,-0.005175112739677625,0.00015202655820062465,-2.8081113488779448e-05,-1.7052346575026536e-05,-1.705073650750278e-05,-5.478067522557341e-09,3.868e-09,0.0,0.0
4.708375104722129e-09,0.0,0.00503057246347628,-0.004532697328853011,-0.005191852837586085,0.00014795801363165528,-2.69615398151131e-05,-1.655880553097628e-05,-1.6557193975259843e-05,-5.479555717261403e-09,3.868e-09,0.0,0.0
4.709670008674916e-09,0.0,0.004892738169247681,-0.004559006513186119,-0.005208103342039624,0.00014390406380140238,-2.5866174664771835e-05,-1.6073334465717173e-05,-1.60717214653305e-05,-5.481000387107322e-09,3.868e-09,0.0,0.0
4.710965237442243e-09,0.0,0.004755396368375496,-0.0045837533104719184,-0.005223877760170746,0.00013986459906986754,-2.479358948159368e-05,-1.5594945610346746e-05,-1.5593331207613796e-05,-5.4824027328791795e-09,3.868e-09,0.0,0.0
4.7122608430885436e-09,0.0,0.004618639918162822,-0.0046069781377375985,-0.005239183126532387,0.00013584235053420063,-2.374248786830641e-05,-1.5122840835986238e-05,-1.5121225072605403e-05,-5.4837633799487295e-09,3.868e-09,0.0,0.0
4.713557190510164e-09,0.0,0.0044824797898496485,-0.004628725340784004,-0.005254029167803618,0.00013183764087793085,-2.2711585338671054e-05,-1.4656134733121625e-05,-1.4654517649930095e-05,-5.485083193017741e-09,3.868e-09,0.0,0.0
4.714854255462468e-09,0.0,0.004346966238320567,-0.004649031158482782,-0.005268420107460346,0.00012785194818589903,-2.169993189573669e-05,-1.4194108752623021e-05,-1.4192490390075446e-05,-5.486362547553224e-09,3.868e-09,0.0,0.0
4.716152375362715e-09,0.0,0.004212149368535872,-0.0046679358207864586,-0.005282363318204604,0.000123886746133408,-2.070584704717072e-05,-1.373593930727683e-05,-1.3734319705178619e-05,-5.48760209898839e-09,3.868e-09,0.0,0.0
4.717451450528461e-09,0.0,0.004078098980727268,-0.004685471298543076,-0.00529586054920194,0.00011994408766844905,-1.9728514563810067e-05,-1.3280980919502588e-05,-1.3279360117500645e-05,-5.488802002824053e-09,3.868e-09,0.0,0.0
4.71875148027713e-09,0.0,0.00394487837034432,-0.004701670461707464,-0.005308914003956607,0.00011602583442189176,-1.876688624454096e-05,-1.2828573948104226e-05,-1.2826951985647934e-05,-5.4899624549517425e-09,3.868e-09,0.0,0.0
4.72005240189797e-09,0.0,0.0038125295953947884,-0.00471656471207741,-0.005321524652990619,0.00011213322339396437,-1.782009420394165e-05,-1.2378101468492563e-05,-1.2376478384952018e-05,-5.491083541650866e-09,3.868e-09,0.0,0.0
4.72135431875185e-09,0.0,0.003681110698232053,-0.004730186481882781,-0.00533369445321702,0.00010826796171270743,-1.6886997334726863e-05,-1.1928910260021292e-05,-1.1927286094583905e-05,-5.492165436890993e-09,3.868e-09,0.0,0.0
4.722657115636564e-09,0.0,0.0035506835965627404,-0.0047425648379002625,-0.0053454226840499285,0.00010443187048713942,-1.5966719021841666e-05,-1.1480443720693391e-05,-1.1478818512617589e-05,-5.493208076612039e-09,3.868e-09,0.0,0.0
4.72396070153117e-09,0.0,0.003421296054393055,-0.004753728696534432,-0.005356708403684513,0.0001006263545409722,-1.5058459452542322e-05,-1.1032157616820412e-05,-1.1030531405442634e-05,-5.494211377087554e-09,3.868e-09,0.0,0.0
4.725264888629705e-09,0.0,0.0032930376391934325,-0.004763705622515434,-0.0053675494420053725,9.685404821157154e-05,-1.4161279898407918e-05,-1.0583562007011712e-05,-1.0581934831867257e-05,-5.495175145394277e-09,3.868e-09,0.0,0.0
4.726569499561299e-09,0.0,0.0031659597300335964,-0.004772522940477879,-0.005377943423531924,9.311646264804696e-05,-1.3274495797905974e-05,-1.0134184702710278e-05,-1.013255660353967e-05,-5.496099170351988e-09,3.868e-09,0.0,0.0
4.727874172367237e-09,0.0,0.0030401365670647035,-0.004780206844182742,-0.005387886318348322,8.941578138425599e-05,-1.239751643340998e-05,-9.683639223408543e-06,-9.68201024031598e-06,-5.496983093701166e-09,3.868e-09,0.0,0.0
4.729178687031174e-09,0.0,0.0029156536488365733,-0.004786784356498568,-0.0053973751038914166,8.575451908342863e-05,-1.1529497713662421e-05,-9.23151310050729e-06,-9.229883273860658e-06,-5.497826646735947e-09,3.868e-09,0.0,0.0
4.730482590750168e-09,0.0,0.0027925766463791635,-0.004792281372931874,-0.005406405013787861,8.213460724644598e-05,-1.0670033558924699e-05,-8.777498385139725e-06,-8.775867755734384e-06,-5.498629405725741e-09,3.868e-09,0.0,0.0
4.73178539191153e-09,0.0,0.002670988029621085,-0.004796724341473723,-0.005414971213417014,7.855847145944369e-05,-9.818649075023275e-06,-8.321326408967577e-06,-8.319695018027193e-06,-5.4993909408727715e-09,3.868e-09,0.0,0.0
4.733086588680811e-09,0.0,0.002550989585650591,-0.004800140089928367,-0.00542306907243499,7.50291054603115e-05,-8.974768220457665e-06,-7.862759197353852e-06,-7.861127086513688e-06,-5.50011084053947e-09,3.868e-09,0.0,0.0
4.734385485296622e-09,0.0,0.0024326554790339216,-0.004802555711895454,-0.005430693171107305,7.154869055982123e-05,-8.138237756761411e-06,-7.401656055972639e-06,-7.400023267350141e-06,-5.50078862291144e-09,3.868e-09,0.0,0.0
4.73568124148524e-09,0.0,0.002316091775660717,-0.004803999405395636,-0.005437837945573506,6.812034634296226e-05,-7.308863589992941e-06,-6.937959675982109e-06,-6.936326252189248e-06,-5.501423793361485e-09,3.868e-09,0.0,0.0
4.736973059643279e-09,0.0,0.002201411514432637,-0.004804500566661324,-0.005444498919750538,6.474739748331285e-05,-6.486350531641484e-06,-6.4716318291912915e-06,-6.469997813236816e-06,-5.502015953965823e-09,3.868e-09,0.0,0.0
4.738259764590096e-09,0.0,0.0020887118170761277,-0.004804090016461189,-0.005450670734168566,6.143270050223905e-05,-5.6709325544616824e-06,-6.002807804685696e-06,-6.001173240056251e-06,-5.502564628267585e-09,3.868e-09,0.0,0.0
4.739540032495259e-09,0.0,0.0019781281910508613,-0.004802800957767103,-0.005456348849338885,5.818024091326063e-05,-4.86276984802229e-06,-5.5317197663088314e-06,-5.530084696895449e-06,-5.503069412706227e-09,3.868e-09,0.0,0.0
4.740812405821139e-09,0.0,0.0018697983976943265,-0.0048006690742191304,-0.005461529926464374,5.4994070520421367e-05,-4.062181243047797e-06,-5.0586955431499324e-06,-5.057060013139575e-06,-5.503530010462683e-09,3.868e-09,0.0,0.0
4.74208517264453e-09,0.0,0.001763014448767289,-0.004797706826492224,-0.005466246924562086,5.185336614021438e-05,-3.2635004706343167e-06,-4.580429753778867e-06,-4.5787938044265786e-06,-5.5039493515935705e-09,3.868e-09,0.0,0.0
4.743397511115116e-09,0.0,0.0016546050808333053,-0.004793802888254926,-0.005470617441094772,4.866485531862663e-05,-2.4416761231751488e-06,-4.081693309900408e-06,-4.0800569720104984e-06,-5.5043378905133255e-09,3.868e-09,0.0,0.0
4.744731281050235e-09,0.0,0.0015462128693340949,-0.00478897097775243,-0.0054745403391392505,4.547684909806161e-05,-1.6077338954952548e-06,-3.5687268327934917e-06,-3.5670901461556243e-06,-5.504686636149478e-09,3.868e-09,0.0,0.0
4.746107214230572e-09,0.0,0.0014363033302468547,-0.00478309417744958,-0.005478032197211087,4.2244215595495725e-05,-7.483368077123928e-07,-3.0328549057706463e-06,-3.0312179087089997e-06,-5.504997062332066e-09,3.868e-09,0.0,0.0
4.747511441350043e-09,0.0,0.0013261689716183042,-0.004776183936999294,-0.005481007151652698,3.900496975347953e-05,1.2828017211082396e-07,-2.4787031916268975e-06,-2.477065930091109e-06,-5.505261535781925e-09,3.868e-09,0.0,0.0
4.748964375407484e-09,0.0,0.001214407727224928,-0.004768086602372966,-0.005483450753326421,3.571787433014494e-05,1.0353158469333868e-06,-1.89735386398087e-06,-1.8957163852098557e-06,-5.5054787719707185e-09,3.868e-09,0.0,0.0
4.7504578557723756e-09,0.0,0.0011018730680542367,-0.004758783309030667,-0.005485280355469225,3.24080314133599e-05,1.9681496077857055e-06,-1.2910756667526526e-06,-1.2894380253284862e-06,-5.5056414236012145e-09,3.868e-09,0.0,0.0
4.752012629514287e-09,0.0,0.000987277442435567,-0.004748069112493171,-0.005486439314476139,2.903757183634021e-05,2.940298001414417e-06,-6.502909903826824e-07,-6.486532459276315e-07,-5.505744455056929e-09,3.868e-09,0.0,0.0
4.753627355665842e-09,0.0,0.0008710526391261886,-0.004735858911667482,-0.005486825096386175,2.561919526841731e-05,3.951655517115128e-06,2.5837092673997786e-08,2.7474871424834624e-08,-5.505778751068732e-09,3.868e-09,0.0,0.0
4.755327335032108e-09,0.0,0.000751790277986657,-0.004721841440134726,-0.0054863159383837954,2.211147876431344e-05,5.019988203501618e-06,7.496090857524384e-07,7.512468192388821e-07,-5.505733486922319e-09,3.868e-09,0.0,0.0
4.757120069977884e-09,0.0,0.0006294833576275391,-0.004705783239457945,-0.005484744353023933,1.8514216400809973e-05,6.159635232713424e-06,1.5263827732890987e-06,1.528020367061976e-06,-5.505593772983829e-09,3.868e-09,0.0,0.0
4.7590085889971934e-09,0.0,0.000504508215828857,-0.0046874577661022284,-0.00548191915729908,1.4838476936142854e-05,7.372049838639394e-06,2.3599027392868976e-06,2.3615400818986776e-06,-5.5053426130838875e-09,3.868e-09,0.0,0.0
4.7609698054893044e-09,0.0,0.00037893697932501607,-0.004666952422822613,-0.005477690881965329,1.1145205274265179e-05,8.622821499847606e-06,3.2422805395558362e-06,3.2439175062749445e-06,-5.504966719406718e-09,3.868e-09,0.0,0.0
4.762969805489304e-09,0.0,0.000255309118573812,-0.004644623943195472,-0.005471994447978465,7.509091722759177e-06,9.876523630739199e-06,4.1598102163420075e-06,4.1614466766487154e-06,-5.5044603064252846e-09,3.868e-09,0.0,0.0
4.764969805489304e-09,0.0,0.00013614295061987707,-0.004620990148360458,-0.005464872729726258,4.004204429996385e-06,1.1124433842640128e-05,5.095151224035071e-06,5.096787051220644e-06,-5.503827185672665e-09,3.868e-09,0.0,0.0
4.766969805489304e-09,0.0,2.1420364025463163e-05,-0.004596120261517046,-0.005456298482866949,6.300107066312695e-07,1.2379149943517703e-05,6.0480988009468435e-06,6.049733865882284e-06,-5.503064935126873e-09,3.868e-09,0.0,0.0
4.7689698054893036e-09,0.0,-8.889020986181519e-05,-0.004570053170449534,-0.005446244848051018,-2.6144179371122116e-06,1.3642650341644025e-05,7.018357223661551e-06,7.01999139482868e-06,-5.502171166991735e-09,3.868e-09,0.0,0.0
4.770969805489303e-09,0.0,-0.00019483164075004107,-0.004542819431072799,-0.0054346854737023775,-5.730342375001208e-06,1.4916437467120296e-05,8.005562114865758e-06,8.007195258404043e-06,-5.501143538612141e-09,3.868e-09,0.0,0.0
4.772969805489303e-09,0.0,-0.00029645276735576693,-0.004514444652160584,-0.005421594615371879,-8.719199039875497e-06,1.620067835859756e-05,9.009288591481356e-06,9.010920571242767e-06,-5.4999797613065595e-09,3.868e-09,0.0,0.0
4.774969805489303e-09,0.0,-0.0003938202861044265,-0.004484954360867613,-0.005406947226044587,-1.1582949591306663e-05,1.749433988212126e-05,1.0029054876631046e-05,1.0030685554239527e-05,-5.498677608395364e-09,3.868e-09,0.0,0.0
4.776969805489303e-09,0.0,-0.00048700801889188115,-0.004454377110720742,-0.0053907190442616755,-1.4323765261525916e-05,1.879592984612966e-05,1.1064321528625035e-05,1.1065950763547959e-05,-5.497234923034863e-09,3.868e-09,0.0,0.0
4.7789698054893025e-09,0.0,-0.0005760929061231104,-0.004422746913902358,-0.0053728866857448215,-1.6943909003620893e-05,2.0103087159967842e-05,1.2114487658735855e-05,1.2116115308363068e-05,-5.495649626362714e-09,3.868e-09,0.0,0.0
4.780969805489302e-09,0.0,-0.0006611543883030722,-0.0043901052850109515,-0.005353427742688865,-1.9445717303031535e-05,2.1413174802450414e-05,1.3178884744653945e-05,1.3180510664379495e-05,-5.493919726325041e-09,3.868e-09,0.0,0.0
4.7829633532344545e-09,0.0,-0.0007420219392030219,-0.004356610200785635,-0.005332391668252472,-2.182417468244182e-05,2.2719918322347097e-05,1.4253272171854716e-05,1.4254896221473773e-05,-5.492049619307645e-09,3.868e-09,0.0,0.0
4.7849339934868725e-09,0.0,-0.0008182787918748432,-0.004322613299304719,-0.0053099686571640445,-2.4067023290436564e-05,2.4009235759498123e-05,1.5327688559851322e-05,1.5329310616064677e-05,-5.4900562136218825e-09,3.868e-09,0.0,0.0
4.786887288763119e-09,0.0,-0.000890405912294093,-0.004288104370565132,-0.0052861272908353955,-2.618840918512038e-05,2.528341150332046e-05,1.6403929613161292e-05,1.6405549549877545e-05,-5.487936716155267e-09,3.868e-09,0.0,0.0
4.7888164141239155e-09,0.0,-0.0009583673360365025,-0.00425329091260035,-0.005260986237636857,-2.8187274589308895e-05,2.653544472777613e-05,1.747696472067932e-05,1.7478582422355594e-05,-5.4857016765259165e-09,3.868e-09,0.0,0.0
4.790728457299248e-09,0.0,-0.0010225368999576476,-0.004218131896959925,-0.005234489994862326,-3.0074614704636693e-05,2.7768826416770966e-05,1.854944429320985e-05,1.8551059639370163e-05,-5.483346160543261e-09,3.868e-09,0.0,0.0
4.792620008230625e-09,0.0,-0.0010829934613653443,-0.004182773194116444,-0.00520671995642755,-3.1852748863686596e-05,2.8979602836151655e-05,1.9618173815053605e-05,1.961978669245794e-05,-5.480877404126409e-09,3.868e-09,0.0,0.0
4.794497471818493e-09,0.0,-0.0011401337531794578,-0.00414717525426438,-0.005177614299645917,-3.353334568174876e-05,3.017094963449512e-05,2.068548732752762e-05,2.068709761744031e-05,-5.478289911238522e-09,3.868e-09,0.0,0.0
4.7963593162490036e-09,0.0,-0.0011940939042954398,-0.004111442219949309,-0.005147224742889044,-3.5120408949865876e-05,3.134089883775077e-05,2.174923766053907e-05,2.175084524881979e-05,-5.475588279642836e-09,3.868e-09,0.0,0.0
4.79821118779829e-09,0.0,-0.0012452078102376766,-0.004075536830339039,-0.005115483793996321,-3.6623759124637545e-05,3.2492078979097744e-05,2.281136822189472e-05,2.281297298840218e-05,-5.472766509286273e-09,3.868e-09,0.0,0.0
4.800052677623421e-09,0.0,-0.0012936177638666522,-0.004039533170761635,-0.00508241847607101,-3.804758129019565e-05,3.36237136008199e-05,2.3870356826651248e-05,2.3871958653653817e-05,-5.469827002522712e-09,3.868e-09,0.0,0.0
4.801888520688435e-09,0.0,-0.0013395997817403798,-0.004003400718251942,-0.005047960283237983,-3.939999358059941e-05,3.473783961144321e-05,2.492761904118147e-05,2.4929217804850468e-05,-5.466763669179857e-09,3.868e-09,0.0,0.0
4.8037189427706624e-09,0.0,-0.001383284826113294,-0.003967192848351225,-0.005012117262825795,-4.0684847826861585e-05,3.5834204954204686e-05,2.598195366578006e-05,2.5983549243004632e-05,-5.463577224665213e-09,3.868e-09,0.0,0.0
4.805547888480749e-09,0.0,-0.0014248959242909832,-0.003930885544725388,-0.004974821256481571,-4.190870365561715e-05,3.6914398342845376e-05,2.7034265228028344e-05,2.703585748963823e-05,-5.460261609701212e-09,3.868e-09,0.0,0.0
4.807375938515476e-09,0.0,-0.0014645519145665344,-0.003894517486308688,-0.004936065946262157,-4.3075056310780424e-05,3.797843219588312e-05,2.8083477441407443e-05,2.8085066257669232e-05,-5.456816262622706e-09,3.868e-09,0.0,0.0
4.809206521638344e-09,0.0,-0.0015024361741171111,-0.0038580675210036375,-0.0048957813275489325,-4.4189299238738565e-05,3.902733828351397e-05,2.9130094005550723e-05,2.913167924051014e-05,-5.4532349600191e-09,3.868e-09,0.0,0.0
4.811040394676207e-09,0.0,-0.0015386558345655622,-0.0038215651232358662,-0.004853950484583489,-4.5254583369575354e-05,4.006088902405508e-05,3.0173021338411192e-05,3.0174602854609114e-05,-5.449516198079472e-09,3.868e-09,0.0,0.0
4.812880274307813e-09,0.0,-0.0015733437746865522,-0.0037849974502613777,-0.004810509236441069,-4.6274816902545654e-05,4.108012533853504e-05,3.121220774765842e-05,3.121378540192968e-05,-5.445654271119611e-09,3.868e-09,0.0,0.0
4.814727192711683e-09,0.0,-0.00160660582468689,-0.003748382385608118,-0.00476542885664878,-4.725311249079088e-05,4.20846431795787e-05,3.2246560662880295e-05,3.2248134309505704e-05,-5.441646625356077e-09,3.868e-09,0.0,0.0
4.816583871462849e-09,0.0,-0.0016385556511797816,-0.0037117018805043374,-0.004718636594370412,-4.8192813269993574e-05,4.307519834315094e-05,3.327583843731492e-05,3.3277407924108514e-05,-5.43748679323953e-09,3.868e-09,0.0,0.0
4.818451435872778e-09,0.0,-0.0016692826159491509,-0.003674967126519832,-0.004670095885942268,-4.90965475279162e-05,4.4051292359025595e-05,3.429879891701761e-05,3.43003640885433e-05,-5.4331715242602675e-09,3.868e-09,0.0,0.0
4.820332359785877e-09,0.0,-0.001698885676738483,-0.0036381606088807805,-0.0046197328850191635,-4.996722578642597e-05,4.501323611600351e-05,3.531482126851454e-05,3.531638196276835e-05,-5.428694253478204e-09,3.868e-09,0.0,0.0
4.8222279661525676e-09,0.0,-0.001727440887768705,-0.003601285288815006,-0.004567501303096618,-5.080708493437367e-05,4.5960436505274296e-05,3.632252246641685e-05,3.632407851728286e-05,-5.424050865845289e-09,3.868e-09,0.0,0.0
4.8241406807247306e-09,0.0,-0.001755036864868063,-0.003564320640855724,-0.00451332249287366,-5.161873131964891e-05,4.6892844316753954e-05,3.7320960612518026e-05,3.7322511846888014e-05,-5.419234369616469e-09,3.868e-09,0.0,0.0
4.826072101399362e-09,0.0,-0.0017817407679172918,-0.0035272602727362593,-0.004457138470050955,-5.2404140232861525e-05,4.780971589036482e-05,3.8308589558716564e-05,3.831013579832718e-05,-5.41423960998753e-09,3.868e-09,0.0,0.0
4.8280247392481524e-09,0.0,-0.001807631741771248,-0.003490078374370204,-0.004398862875364217,-5.316563946386024e-05,4.871065264705816e-05,3.928414885070253e-05,3.928568990961296e-05,-5.4090589096198785e-09,3.868e-09,0.0,0.0
4.830000534647773e-09,0.0,-0.0018327715890445293,-0.0034527582027797953,-0.004338423973856658,-5.3905046736603804e-05,4.959472629025036e-05,4.0245879881827824e-05,4.024741556771846e-05,-5.403685891275857e-09,3.868e-09,0.0,0.0
4.832000534647773e-09,0.0,-0.00185721120938603,-0.003415297616765767,-0.004275777556767668,-5.462385909958912e-05,5.046046137189291e-05,4.1191396531343255e-05,4.119292664796822e-05,-5.398116624796646e-09,3.868e-09,0.0,0.0
4.8340005346477725e-09,0.0,-0.0018807041406024457,-0.0033781584158618433,-0.004211699678789199,-5.531482766477781e-05,5.129590831264264e-05,4.210679030394288e-05,4.210831472404447e-05,-5.3924201014443586e-09,3.868e-09,0.0,0.0
4.836000534647772e-09,0.0,-0.00190331723027316,-0.0033413395156133463,-0.0041462381565538055,-5.597991853744588e-05,5.210002099619969e-05,4.299014558139688e-05,4.299166418196901e-05,-5.386600572117633e-09,3.868e-09,0.0,0.0
4.838000534647772e-09,0.0,-0.0019251092230582832,-0.0033048360917596487,-0.004079443707348984,-5.662085950171421e-05,5.287193336223725e-05,4.383960712175274e-05,4.3841119784298124e-05,-5.380662545583325e-09,3.868e-09,0.0,0.0
4.840000534647772e-09,0.0,-0.0019461359887760776,-0.0032686398399893036,-0.00401136985068601,-5.7239293787531695e-05,5.36105981561664e-05,4.465338726678979e-05,4.465489387756906e-05,-5.374610779725986e-09,3.868e-09,0.0,0.0
4.842000534647772e-09,0.0,-0.0019664466542732885,-0.0032327392341302066,-0.003942072799098885,-5.7836666302155546e-05,5.431516295801952e-05,4.542977273542499e-05,4.543127318569484e-05,-5.36845027183989e-09,3.868e-09,0.0,0.0
4.8440005346477714e-09,0.0,-0.0019860920961407916,-0.0031971195967786773,-0.0038716113387374552,-5.841447341590563e-05,5.4984700639028986e-05,4.616713109791376e-05,4.616862528416133e-05,-5.36218624801376e-09,3.868e-09,0.0,0.0
4.846000534647771e-09,0.0,-0.002005125006851562,-0.003161763427268622,-0.00380004670028433,-5.8974264907398875e-05,5.5618363586132666e-05,4.686391688075062e-05,4.6865404704902504e-05,-5.355824151655277e-09,3.868e-09,0.0,0.0
4.848000534647771e-09,0.0,-0.002023699366707169,-0.0031266504877276663,-0.0037274424207782418,-5.952056960903438e-05,5.621536152985513e-05,4.7518677283382265e-05,4.752015865301315e-05,-5.349369631207186e-09,3.868e-09,0.0,0.0
4.850000534647771e-09,0.0,-0.002041941394666499,-0.0030917579248333988,-0.0036538641968593567,-6.005709984313232e-05,5.677497712498906e-05,4.813005761301095e-05,4.8131532441537776e-05,-5.342828527100798e-09,3.868e-09,0.0,0.0
4.8520005346477706e-09,0.0,-0.002059526475858946,-0.0030570605139737727,-0.0035793797299455516,-6.0574308113498406e-05,5.729650002480701e-05,4.86968063395508e-05,4.8698274546407974e-05,-5.336206857992159e-09,3.868e-09,0.0,0.0
4.85400053464777e-09,0.0,-0.002076119784998082,-0.003022530892478792,-0.003504058563978671,-6.106234661759065e-05,5.777930789747959e-05,4.921777969973032e-05,4.921924121053644e-05,-5.329510806337703e-09,3.868e-09,0.0,0.0
4.85600053464777e-09,0.0,-0.0020919260565946903,-0.0029881396551418916,-0.003427971916375977,-6.152723695866736e-05,5.8222862684952296e-05,4.969194592626232e-05,4.969340067296525e-05,-5.322746703365825e-09,3.868e-09,0.0,0.0
4.85800053464777e-09,0.0,-0.0021073121966177677,-0.0029538555164786828,-0.0033511925027383286,-6.197977048875788e-05,5.8626689291888837e-05,5.011838913496439e-05,5.011983705597786e-05,-5.3159210134934366e-09,3.868e-09,0.0,0.0
4.86000053464777e-09,0.0,-0.0021223988402818174,-0.0029196454964719436,-0.003273794355885222,-6.24234953024064e-05,5.8990392599168056e-05,5.049631281274322e-05,5.0497753853060746e-05,-5.309040318238196e-09,3.868e-09,0.0,0.0
4.8620005346477695e-09,0.0,-0.0021372126127760043,-0.002885475074937999,-0.0031958526398317135,-6.285919449341188e-05,5.9313662621146645e-05,5.0825042905200973e-05,5.0826477016501295e-05,-5.302111299681039e-09,3.868e-09,0.0,0.0
4.864000534647769e-09,0.0,-0.002151775485775452,-0.0028513084287498575,-0.003117443459349257,-6.328751428751328e-05,5.959623390953066e-05,5.11040304699702e-05,5.1105457610693336e-05,-5.2951407235361494e-09,3.868e-09,0.0,0.0
4.866000534647769e-09,0.0,-0.0021660821506603073,-0.0028171086379388667,-0.0030386436658041524,-6.370829854883257e-05,5.983794645602194e-05,5.133285386252065e-05,5.133427399794249e-05,-5.28813542188999e-09,3.868e-09,0.0,0.0
4.868000534647769e-09,0.0,-0.0021801143957281416,-0.002782837807755119,-0.0029595306599457145,-6.412101163906298e-05,6.0038730523572465e-05,5.15112205157517e-05,5.151263361802749e-05,-5.281102275669174e-09,3.868e-09,0.0,0.0
4.870000534647769e-09,0.0,-0.0021938424552919084,-0.0027484573707867313,-0.002880182192312674,-6.452477809682084e-05,6.019853542219629e-05,5.1638968256728596e-05,5.164037430492596e-05,-5.274048196896597e-09,3.868e-09,0.0,0.0
4.8720005346477684e-09,0.0,-0.0022072292111582742,-0.002713928539235027,-0.002800676162114,-6.491850621053748e-05,6.03173280889689e-05,5.1716065973240194e-05,5.171746495335116e-05,-5.266980110811935e-09,3.868e-09,0.0,0.0
4.874000534647768e-09,0.0,-0.0022202477735100575,-0.002679212705889956,-0.002721090415627561,-6.530140510323698e-05,6.0395120630852265e-05,5.174261357408106e-05,5.174400547901942e-05,-5.25990493794929e-09,3.868e-09,0.0,0.0
4.876000534647768e-09,0.0,-0.002232861458037448,-0.002644270781090611,-0.002641502544720844,-6.567239582463082e-05,6.043247143863941e-05,5.171884187013644e-05,5.1720226699713146e-05,-5.252829576225683e-09,3.868e-09,0.0,0.0
4.878000534647768e-09,0.0,-0.002245049899773793,-0.002609062115981908,-0.002561989684976951,-6.603087940511156e-05,6.0430190196986865e-05,5.164511320646538e-05,5.164649096734862e-05,-5.245760882994451e-09,3.868e-09,0.0,0.0
4.8800005346477676e-09,0.0,-0.0022567925324030323,-0.002573545370342849,-0.0024826283129332103,-6.637625095303036e-05,6.038866757594661e-05,5.1521921983856635e-05,5.152329268951362e-05,-5.2387056570197635e-09,3.868e-09,0.0,0.0
4.882000534647767e-09,0.0,-0.0022680779975051035,-0.0025376814218314456,-0.002403494044325081,-6.670817639720893e-05,6.030752964851076e-05,5.1349892830433743e-05,5.13512565010546e-05,-5.2316706205404995e-09,3.868e-09,0.0,0.0
4.884000534647767e-09,0.0,-0.0022788955758828626,-0.0025014344336165865,-0.0023246614370329363,-6.702634046714302e-05,6.018689264103956e-05,5.1129776316331475e-05,5.1131132978733326e-05,-5.224662401752229e-09,3.868e-09,0.0,0.0
4.886000534647767e-09,0.0,-0.0022892439132159177,-0.0024647704266443707,-0.002246203800630617,-6.733070332987993e-05,6.002733979724702e-05,5.08624446567642e-05,5.0863794344282575e-05,-5.2176875178760625e-09,3.868e-09,0.0,0.0
4.888000534647767e-09,0.0,-0.002299124677231179,-0.0024276565766926726,-0.0021681930117829567,-6.762131403621115e-05,5.98295766908284e-05,5.0548888405317646e-05,5.05502311576771e-05,-5.210752358747504e-09,3.868e-09,0.0,0.0
4.8900005346477665e-09,0.0,-0.002308540728493246,-0.0023900614772993257,-0.002090699334695543,-6.78982567203896e-05,5.959428930577187e-05,5.0190213192789905e-05,5.019154905596063e-05,-5.203863170854434e-09,3.868e-09,0.0,0.0
4.892000534647766e-09,0.0,-0.0023175032206316395,-0.0023519554967434326,-0.002013791247000234,-6.816185943034234e-05,5.9322232145194526e-05,4.978763592189813e-05,4.978896494794039e-05,-5.197026041858321e-09,3.868e-09,0.0,0.0
4.894000534647766e-09,0.0,-0.0023260171751157046,-0.002313310848343685,-0.0019375352718249113,-6.841226985634426e-05,5.901427456447139e-05,4.9342480533093124e-05,4.934380277997865e-05,-5.190246885665234e-09,3.868e-09,0.0,0.0
4.896000534647766e-09,0.0,-0.002334096519664055,-0.0022741019321333832,-0.001861995816694772,-6.864989763717809e-05,5.867121068291569e-05,4.885617335777409e-05,4.8857488889202366e-05,-5.183531428104165e-09,3.868e-09,0.0,0.0
4.898000534647766e-09,0.0,-0.0023417493997355734,-0.002234305623714902,-0.0017872350199878888,-6.887498234516392e-05,5.829396590339538e-05,4.833023794455214e-05,4.833154682974553e-05,-5.176885193276923e-09,3.868e-09,0.0,0.0
4.9000005346477654e-09,0.0,-0.002348987279212633,-0.0021939014958279384,-0.0017133126056966116,-6.908786115331273e-05,5.7883413036400764e-05,4.7766289435423535e-05,4.7767591748914835e-05,-5.1703134906464286e-09,3.868e-09,0.0,0.0
4.902000534647765e-09,0.0,-0.0023558123846871303,-0.002152872093778377,-0.0016402857471736682,-6.928859954962147e-05,5.744051772716316e-05,4.7166028509508755e-05,4.716732433091182e-05,-5.163821402923739e-09,3.868e-09,0.0,0.0
4.904000534647765e-09,0.0,-0.0023622358594694273,-0.00211120326869241,-0.0015682089405681552,-6.947752527851257e-05,5.696615169255125e-05,4.653123484248022e-05,4.653252425625468e-05,-5.15741377481651e-09,3.868e-09,0.0,0.0
4.906000534647765e-09,0.0,-0.0023682618320941856,-0.0020688844459760634,-0.0014971338886844779,-6.965475976747605e-05,5.6461298137276226e-05,4.5863760097323005e-05,4.5865043192525696e-05,-5.151095202704049e-09,3.868e-09,0.0,0.0
4.908000534647765e-09,0.0,-0.0023738932833324926,-0.0020259087403159876,-0.0014271093958813377,-6.982039068624978e-05,5.592690825463538e-05,4.516552058153147e-05,4.516679745155674e-05,-5.144870025293851e-09,3.868e-09,0.0,0.0
4.910000534647764e-09,0.0,-0.00237912835002149,-0.001982273109464083,-0.001358181274464414,-6.997436323592618e-05,5.5364010508421756e-05,4.443848964812921e-05,4.443976039044447e-05,-5.138742315299885e-09,3.868e-09,0.0,0.0
4.912000534647764e-09,0.0,-0.0023839655187068453,-0.0019379784358864555,-0.0012903922629421694,-7.011663290314251e-05,5.477362178038965e-05,4.3684689872601554e-05,4.368595458847393e-05,-5.132715872175559e-09,3.868e-09,0.0,0.0
4.914000534647764e-09,0.0,-0.0023883977271875016,-0.0018930296984624216,-0.001223781956486719,-7.024699197610299e-05,5.4156775601353075e-05,4.2906185009396284e-05,4.2907443803612364e-05,-5.126794215931669e-09,3.868e-09,0.0,0.0
4.916000534647764e-09,0.0,-0.002392418000310079,-0.001847435970255121,-0.0011583867498918042,-7.036523530323762e-05,5.3514564116267014e-05,4.2105071789195097e-05,4.210632476977713e-05,-5.120980582065381e-09,3.868e-09,0.0,0.0
4.9180005346477635e-09,0.0,-0.0023960144634637627,-0.0018012104179555418,-0.0010942397931874132,-7.047101363128714e-05,5.2848078833832345e-05,4.1283471668013624e-05,4.1284718945931156e-05,-5.115277917614361e-09,3.868e-09,0.0,0.0
4.920000534647763e-09,0.0,-0.002399174664998508,-0.0017543702494864106,-0.0010313709599524786,-7.056396073525023e-05,5.2158479133944676e-05,4.0443522570605385e-05,4.044476425948355e-05,-5.109688878339774e-09,3.868e-09,0.0,0.0
4.921973580425951e-09,0.0,-0.002401849322885957,-0.0017075796915303047,-0.0009706277077698538,-7.064262714370461e-05,5.14566439310615e-05,3.95990026750569e-05,3.960023896386008e-05,-5.10428880322074e-09,3.868e-09,0.0,0.0
4.923938176496495e-09,0.0,-0.00240405907759464,-0.0016604394707663843,-0.000911428424921678,-7.070761992925412e-05,5.07377310745182e-05,3.87444748651908e-05,3.874570589117773e-05,-5.099025986975537e-09,3.868e-09,0.0,0.0
4.925882498781539e-09,0.0,-0.0024057831934860096,-0.0016132720238347424,-0.0008541200478350666,-7.075832922017676e-05,5.000762738029833e-05,3.7887369790661605e-05,3.788859572193383e-05,-5.093931272252536e-09,3.868e-09,0.0,0.0
4.927821608953665e-09,0.0,-0.0024070241309231202,-0.0015657516526758784,-0.0007982490338831865,-7.079482738009177e-05,4.9262204305255416e-05,3.702322248141471e-05,3.7024443445753726e-05,-5.088964339112216e-09,3.868e-09,0.0,0.0
4.929746287426403e-09,0.0,-0.0024077655538925174,-0.001518143539567661,-0.0007440739004791539,-7.081663393801522e-05,4.850639615836108e-05,3.615817284645673e-05,3.615938899462646e-05,-5.084148169752597e-09,3.868e-09,0.0,0.0
4.931499088154272e-09,0.0,-0.0024079972787250086,-0.0014744330307505625,-0.0006958542440907417,-7.082344937426495e-05,4.780523463511961e-05,3.536555988571869e-05,3.536677174716108e-05,-5.079861442299667e-09,3.868e-09,0.0,0.0
4.9316912627805765e-09,0.0,-0.002407995901954096,-0.0014696193047162558,-0.0006906389758996845,-7.082340888100282e-05,4.772762077845116e-05,3.527841307056756e-05,3.527962446837256e-05,-5.079397804957482e-09,3.868e-09,0.0,0.0
4.932075612033186e-09,0.0,-0.002407977347833901,-0.001459984582416271,-0.0006802342150012721,-7.082286317158532e-05,4.757206098037803e-05,3.510405107648546e-05,3.510526154930718e-05,-5.078472821713613e-09,3.868e-09,0.0,0.0
4.932844310538404e-09,0.0,-0.002407877037280034,-0.0014406724696590433,-0.0006595794547451,-7.081991286117748e-05,4.725934130032605e-05,3.475495962237927e-05,3.475616825899272e-05,-5.07663661352684e-09,3.868e-09,0.0,0.0
4.93423718864833e-09,0.0,-0.0024074743433755968,-0.0014055416434040932,-0.0006226795070089275,-7.080806892281168e-05,4.668753178295619e-05,3.412149197278543e-05,3.412269732899363e-05,-5.073356208173093e-09,3.868e-09,0.0,0.0
4.93623718864833e-09,0.0,-0.0024063812726673683,-0.0013548157504434638,-0.0005708834331811662,-7.077591978433436e-05,4.585572688682075e-05,3.321099789555875e-05,3.321219864709597e-05,-5.068751537209806e-09,3.868e-09,0.0,0.0
4.938112885463845e-09,0.0,-0.002404785795084633,-0.0013069749878122346,-0.0005235791257021101,-7.072899397307745e-05,4.506537480011001e-05,3.235754272601305e-05,3.2358739272197296e-05,-5.064546184274917e-09,3.868e-09,0.0,0.0
4.940109766361593e-09,0.0,-0.0024024573971169676,-0.0012558034119594316,-0.00047457016071671614,-7.066051167991081e-05,4.4215405811561624e-05,3.1451239803524966e-05,3.1452431992812246e-05,-5.060189287287716e-09,3.868e-09,0.0,0.0
4.941956291755465e-09,0.0,-0.0023997065099276237,-0.0012083025941615946,-0.0004304876306556355,-7.057960323316541e-05,4.3422704126005087e-05,3.061678425938469e-05,3.0617972529735056e-05,-5.0562703503652855e-09,3.868e-09,0.0,0.0
4.943921385899533e-09,0.0,-0.0023961253425264324,-0.001157610524963667,-0.00038487224685280504,-7.047427478018919e-05,4.2569742099972644e-05,2.973418471989458e-05,2.9735368935037386e-05,-5.052215142745215e-09,3.868e-09,0.0,0.0
4.945789883147894e-09,0.0,-0.002392075591508602,-0.0011093328290629923,-0.0003427318001013864,-7.035516445613536e-05,4.1748697764777185e-05,2.8901568286550366e-05,2.890274875540737e-05,-5.048468857029013e-09,3.868e-09,0.0,0.0
4.947762774722909e-09,0.0,-0.002387096407375213,-0.0010583411466009694,-0.00029952940248988825,-7.020871786397686e-05,4.087485738881458e-05,2.803089820857283e-05,2.803207483673679e-05,-5.044628163881351e-09,3.868e-09,0.0,0.0
4.949672516691186e-09,0.0,-0.002381569222013726,-0.0010090172422159438,-0.00025896138183433286,-7.0046153588639e-05,4.002629575372511e-05,2.719769718892026e-05,2.7198870210587108e-05,-5.041021666845072e-09,3.868e-09,0.0,0.0
4.951669949178028e-09,0.0,-0.002375023135594947,-0.0009575165667516864,-0.00021783135634799246,-6.985362163514551e-05,3.913786121172307e-05,2.6337723011369957e-05,2.633889237657757e-05,-5.037365207579336e-09,3.868e-09,0.0,0.0
4.953619508246541e-09,0.0,-0.0023678608579404373,-0.000907384735894566,-0.0001789519044043955,-6.964296641001285e-05,3.827095630400139e-05,2.5510935452604994e-05,2.5512101361429337e-05,-5.03390882430155e-09,3.868e-09,0.0,0.0
4.955619508246541e-09,0.0,-0.0023597001245863358,-0.0008561449310909984,-0.00014034407327445848,-6.940294484077459e-05,3.7383078766877465e-05,2.46769166309007e-05,2.4678079107488826e-05,-5.0304765881140994e-09,3.868e-09,0.0,0.0
4.957619508246541e-09,0.0,-0.002350698023414324,-0.0008051481546409148,-0.00010300742246902999,-6.913817715924482e-05,3.6497643541923133e-05,2.3858407782208344e-05,2.385956693956821e-05,-5.027157359857496e-09,3.868e-09,0.0,0.0
4.9596195082465404e-09,0.0,-0.002340837848871631,-0.0007544474270734295,-6.691724571829803e-05,-6.884817202563621e-05,3.561553272876571e-05,2.3056506887440212e-05,2.3057662836383348e-05,-5.023948943144357e-09,3.868e-09,0.0,0.0
4.96161950824654e-09,0.0,-0.002330102976207331,-0.0007040966377211437,-3.204721656465554e-05,-6.85324404766862e-05,3.473753868111484e-05,2.2272222214354356e-05,2.2273375063351902e-05,-5.020848997552598e-09,3.868e-09,0.0,0.0
4.96361950824654e-09,0.0,-0.0023184770755523914,-0.0006541504541117691,1.630471626033807e-06,-6.819050222212915e-05,3.386440651659187e-05,2.1506469729493177e-05,2.150761958454425e-05,-5.017855051072446e-09,3.868e-09,0.0,0.0
4.96561950824654e-09,0.0,-0.002305945139767864,-0.0006046638384700404,3.414496340661707e-05,-6.782191587552542e-05,3.299698218041797e-05,2.0760070993577642e-05,2.0761219730214004e-05,-5.016736636353955e-09,3.868e-09,0.0,0.0
4.9676195082465396e-09,0.0,-0.0022925030970682558,-0.0005556916467401162,6.552659342541289e-05,-6.742656167847812e-05,3.213601982163634e-05,2.003375171870451e-05,2.0034899294220544e-05,-5.015575516043259e-09,3.868e-09,0.0,0.0
4.969619508246539e-09,0.0,-0.002278150727252039,-0.0005072881370320841,9.580673707513939e-05,-6.700443315447173e-05,3.1282417217233184e-05,1.9328140995273144e-05,1.9329287450423914e-05,-5.01445515072822e-09,3.868e-09,0.0,0.0
4.971619508246539e-09,0.0,-0.0022628784907165714,-0.000459506347905769,0.0001250176633339641,-6.655524972695799e-05,3.0437044285520075e-05,1.8643771311701707e-05,1.8644916686048202e-05,-5.013374346456643e-09,3.868e-09,0.0,0.0
4.973619508246539e-09,0.0,-0.002246662931316603,-0.00041239765974992256,0.0001531923866829703,-6.607832150931185e-05,2.960082437541527e-05,1.798107933577813e-05,1.7982223667659824e-05,-5.01233188169273e-09,3.868e-09,0.0,0.0
4.975619508246539e-09,0.0,-0.002229492539823299,-0.0003660113753702313,0.00018036452078835864,-6.55733099948029e-05,2.8774645639901574e-05,1.734040734283223e-05,1.7341550669344984e-05,-5.011326512730831e-09,3.868e-09,0.0,0.0
4.9776195082465385e-09,0.0,-0.0022113657491672485,-0.00032039433593871705,0.0002065681348524578,-6.504016909315437e-05,2.795943555739818e-05,1.6722005257004904e-05,1.6723147613983925e-05,-5.0103569790104586e-09,3.868e-09,0.0,0.0
4.979619508246538e-09,0.0,-0.002192283641757257,-0.00027559053730085315,0.00023183761355820916,-6.447893063991932e-05,2.71560909041096e-05,1.6126033281484503e-05,1.6127174703492832e-05,-5.009422008298346e-09,3.868e-09,0.0,0.0
4.981619508246538e-09,0.0,-0.0021722474606654606,-0.00023164093346319365,0.0002562075214283121,-6.388963119604295e-05,2.6365460492010794e-05,1.5552565007319085e-05,1.5553705527640777e-05,-5.008520321707152e-09,3.868e-09,0.0,0.0
4.983619508246538e-09,0.0,-0.0021512606393927257,-0.00018858317253430735,0.000279712472279158,-6.327237174684487e-05,2.558840262478486e-05,1.5001590927820207e-05,1.5002730578458803e-05,-5.007650638525671e-09,3.868e-09,0.0,0.0
4.985619508246538e-09,0.0,-0.002129329591583873,-0.00014645150257564963,0.0003023870043443711,-6.262734092893745e-05,2.4825650567125304e-05,1.4473022294637302e-05,1.447416110631817e-05,-5.006811680839258e-09,3.868e-09,0.0,0.0
4.9876195082465374e-09,0.0,-0.0021064601255622096,-0.00010527668501008995,0.00032426546151157387,-6.19547095753591e-05,2.4077951266462347e-05,1.3966695208867353e-05,1.3967833211045281e-05,-5.006002177924072e-09,3.868e-09,0.0,0.0
4.989619508246537e-09,0.0,-0.002082661714231643,-6.508592818265583e-05,0.00034538188101640135,-6.125475630093068e-05,2.334592500999962e-05,1.3482374924359917e-05,1.3483512145230365e-05,-5.005220870402393e-09,3.868e-09,0.0,0.0
4.991619508246537e-09,0.0,-0.0020579438525848265,-2.590294648922636e-05,0.0003657698878514002,-6.052776037014196e-05,2.2630152089748722e-05,1.3019760273753875e-05,1.3020896740268068e-05,-5.004466514149498e-09,3.868e-09,0.0,0.0
4.993619508246537e-09,0.0,-0.0020323190876731794,1.2251911398160516e-05,0.00038546259598856405,-5.977409081391704e-05,2.1931060654197536e-05,1.2578488100161015e-05,1.2579623838045e-05,-5.0037378839484226e-09,3.868e-09,0.0,0.0
4.995619508246537e-09,0.0,-0.002005799436732982,4.936163167206789e-05,0.00040449251643051153,-5.899410108038183e-05,2.1249096124805448e-05,1.2158137702709908e-05,1.21592727364868e-05,-5.003033776892071e-09,3.868e-09,0.0,0.0
4.997619508246536e-09,0.0,-0.0019784006495088867,8.541252116667621e-05,0.00042289147215496085,-5.81882543973202e-05,2.0584569009006686e-05,1.1758235352281871e-05,1.1759369705297376e-05,-5.002353015530266e-09,3.868e-09,0.0,0.0
4.999619508246536e-09,0.0,-0.001950139312914941,0.00012039399440473531,0.0004406905199757715,-5.735703861514532e-05,1.993771730989617e-05,1.1378258767305564e-05,1.137939246175629e-05,-5.001694450760896e-09,3.868e-09,0.0,0.0
5.001619508246536e-09,0.0,-0.0019210351411837385,0.00015429840549520814,0.0004579198791867021,-5.65010335642276e-05,1.930867522486333e-05,1.1017641455488913e-05,1.1018774512453421e-05,-5.001056964470092e-09,3.868e-09,0.0,0.0
5.003619508246536e-09,0.0,-0.0018911091732479225,0.00018712090207633955,0.0004746088668048557,-5.5620858036703604e-05,1.8697523983122222e-05,1.0675776951674391e-05,1.0676909391146307e-05,-5.00043947192822e-09,3.868e-09,0.0,0.0
5.005533264637292e-09,0.0,-0.0018617253377137234,0.0002175130087075306,0.0004900982700399249,-5.4756627579815395e-05,1.8129456406449108e-05,1.036562375946322e-05,1.036675562582736e-05,-4.9998663640085226e-09,3.868e-09,0.0,0.0
5.007412437032421e-09,0.0,-0.0018321832610458696,0.0002463900748054664,0.000504874729870733,-5.3887742971937344e-05,1.7587514808532243e-05,1.007664260365999e-05,1.0077773923294962e-05,-4.999319634994782e-09,3.868e-09,0.0,0.0
5.009226688028536e-09,0.0,-0.0018030352238951545,0.0002733633158658392,0.000518754195659367,-5.303044776162219e-05,1.7079082445801268e-05,9.811733957164081e-06,9.812864763258824e-06,-4.998806094760603e-09,3.868e-09,0.0,0.0
5.011018071822902e-09,0.0,-0.001773672355953893,0.0002991262672277723,0.0005321049687707494,-5.216683399864392e-05,1.6591163652508494e-05,9.563209406858663e-06,9.564339718974731e-06,-4.998312116155482e-09,3.868e-09,0.0,0.0
5.012762768981186e-09,0.0,-0.0017445401923321575,0.00032339071194080276,0.0005447866236437574,-5.1310005656828164e-05,1.6129252700273193e-05,9.333112643802143e-06,9.33424248669712e-06,-4.997842894925181e-09,3.868e-09,0.0,0.0
5.014490273901401e-09,0.0,-0.0017151974925677532,0.00034661704599752666,0.0005570464430850799,-5.0446985075522154e-05,1.5684609663875974e-05,9.116402225750318e-06,9.117531615031945e-06,-4.9973892816058516e-09,3.868e-09,0.0,0.0
5.01618258957937e-09,0.0,-0.0016859945511803012,0.0003686051066610621,0.0005687839639089516,-4.958807503471474e-05,1.5261073397484767e-05,8.914354510644064e-06,8.91548346563728e-06,-4.996954993335368e-09,3.868e-09,0.0,0.0
5.017861469856073e-09,0.0,-0.0016565978499495746,0.00038967674389106316,0.0005801745684305544,-4.872346617498749e-05,1.4852443219143239e-05,8.723461666070354e-06,8.72459019961129e-06,-4.99653354096807e-09,3.868e-09,0.0,0.0
5.019513515674458e-09,0.0,-0.0016272798542025066,0.00040969714801982523,0.0005911480725565239,-4.7861172182426663e-05,1.4461310543077296e-05,8.544450823148787e-06,8.545578950670059e-06,-4.9961275213154086e-09,3.868e-09,0.0,0.0
5.021155016820375e-09,0.0,-0.0015977880291724617,0.00042889518789550893,0.0006018314152802747,-4.699376556389593e-05,1.4083195708630178e-05,8.374811252580136e-06,8.375938984817662e-06,-4.99573223763463e-09,3.868e-09,0.0,0.0
5.022775996030367e-09,0.0,-0.0015683340632170462,0.0004471814245201116,0.0006121757404808806,-4.612747244756018e-05,1.3719819288735416e-05,8.214908044992601e-06,8.21603539449009e-06,-4.995349497602207e-09,3.868e-09,0.0,0.0
5.022997641660773e-09,0.0,-0.001564281213559398,0.0004496302735864015,0.0006135747314944267,-4.600827098704112e-05,1.3670898332440214e-05,8.193612600593843e-06,8.194739898328691e-06,-4.995297734934706e-09,3.868e-09,0.0,0.0
5.0230348668799506e-09,0.0,-0.0015635998966263584,0.0004500401742387911,0.0006138092841133969,-4.598823225371642e-05,1.366270169933581e-05,8.190050933590808e-06,8.191178222647201e-06,-4.995289056487804e-09,3.868e-09,0.0,0.0
5.023109317318306e-09,0.0,-0.0015622367374814,0.0004508592812895322,0.0006142781855888996,-4.594813933768823e-05,1.3646316711054966e-05,8.182935044713782e-06,8.184062316420851e-06,-4.99527170713321e-09,3.868e-09,0.0,0.0
5.0232582181950164e-09,0.0,-0.0015595086668433171,0.0004524933323152904,0.0006152147685164203,-4.586790196597992e-05,1.3613607625824976e-05,8.168747813101709e-06,8.169875050155202e-06,-4.9952370535648925e-09,3.868e-09,0.0,0.0
5.023556019948437e-09,0.0,-0.0015540470759412147,0.000455744806852077,0.0006170830796461818,-4.570726693944749e-05,1.3548432786169774e-05,8.140550288156292e-06,8.141677456082255e-06,-4.9951679260530915e-09,3.868e-09,0.0,0.0
5.02415162345528e-09,0.0,-0.0015430937960519604,0.0004621814481856703,0.0006208004833847736,-4.538511164858707e-05,1.3419052148001693e-05,8.08485302277125e-06,8.085980053153339e-06,-4.995030382114763e-09,3.868e-09,0.0,0.0
5.025342830468965e-09,0.0,-0.0015210728731723615,0.00047479114010803185,0.0006281599787381771,-4.473743744624592e-05,1.3164099728425931e-05,7.976169931618925e-06,7.977296689699767e-06,-4.994758080786687e-09,3.868e-09,0.0,0.0
5.0268423697572944e-09,0.0,-0.0014931496445316616,0.0004901694927449238,0.0006372856593024038,-4.391616601563711e-05,1.2850205839924228e-05,7.844283004769767e-06,7.84540942520037e-06,-4.994420430605811e-09,3.868e-09,0.0,0.0
5.028512897837855e-09,0.0,-0.0014617970392388658,0.000506659635064819,0.0006472766898355595,-4.2994030565848994e-05,1.2509510365254883e-05,7.70344520887897e-06,7.704571259641458e-06,-4.994050762476084e-09,3.868e-09,0.0,0.0
5.030061963243807e-09,0.0,-0.0014325214367607295,0.0005213549248904572,0.0006563827508852587,-4.2132983434139105e-05,1.2201769441382984e-05,7.5782017168222695e-06,7.5793274306604555e-06,-4.993713838217245e-09,3.868e-09,0.0,0.0
5.031671911589722e-09,0.0,-0.0014019257050789775,0.0005360298325462649,0.0006656916795299848,-4.12331089729111e-05,1.1889965338068668e-05,7.453081994816848e-06,7.454207364224587e-06,-4.99336940785739e-09,3.868e-09,0.0,0.0
5.033204233677325e-09,0.0,-0.0013726662856674387,0.0005494399337815009,0.0006744104390733359,-4.03725378137482e-05,1.1600505346429293e-05,7.3384077537128015e-06,7.339532800526767e-06,-4.993046813754286e-09,3.868e-09,0.0,0.0
5.034794755966626e-09,0.0,-0.001342134373323604,0.0005627943164551968,0.0006833199334305378,-3.9474540391870705e-05,1.1307292709425071e-05,7.223542861366296e-06,7.224667578528601e-06,-4.99271716246307e-09,3.868e-09,0.0,0.0
5.03632900081143e-09,0.0,-0.0013125243486858933,0.0005751400531659947,0.0006917831822740104,-3.860365731429098e-05,1.1031161740696369e-05,7.116408395411155e-06,7.117532799433431e-06,-4.992404022255862e-09,3.868e-09,0.0,0.0
5.03790876160911e-09,0.0,-0.001281895944014362,0.0005873119629886853,0.0007003674469171752,-3.770282188277535e-05,1.0753411220906441e-05,7.009487137610074e-06,7.010611224014546e-06,-4.992086404464064e-09,3.868e-09,0.0,0.0
5.039446409079608e-09,0.0,-0.0012520079938092695,0.0005986427952447713,0.0007085998408128497,-3.6823764523802044e-05,1.0489178897523872e-05,6.908376423763704e-06,6.909500205569603e-06,-4.991781805889925e-09,3.868e-09,0.0,0.0
5.041020724813861e-09,0.0,-0.001221392840371159,0.0006097261321558979,0.0007169062625596739,-3.592331883444585e-05,1.0224579360097202e-05,6.807524510856467e-06,6.8086479853245434e-06,-4.991474468285292e-09,3.868e-09,0.0,0.0
5.0425644292440435e-09,0.0,-0.0011913820036267885,0.0006200953443136992,0.0007249339369833302,-3.504064716549378e-05,9.970661134335486e-06,6.710921719509599e-06,6.7120448969539654e-06,-4.991177444331617e-09,3.868e-09,0.0,0.0
5.044138495234092e-09,0.0,-0.0011608096030808522,0.0006301706872027233,0.000733002585689492,-3.4141458914142714e-05,9.717104323226134e-06,6.614409828034545e-06,6.615532706938853e-06,-4.990878904329488e-09,3.868e-09,0.0,0.0
5.045691159940903e-09,0.0,-0.0011307030653302894,0.0006396269980429561,0.0007408480268764094,-3.325597250971439e-05,9.471992635251705e-06,6.520854043389503e-06,6.521976632012567e-06,-4.990588623005573e-09,3.868e-09,0.0,0.0
5.047269876797229e-09,0.0,-0.0011001649023511706,0.000648761979308104,0.0007487113555448451,-3.235779124562267e-05,9.227549184014877e-06,6.4270728861175385e-06,6.428195183797564e-06,-4.99029767984484e-09,3.868e-09,0.0,0.0
5.048834742871393e-09,0.0,-0.001069989641694688,0.0006573499170926908,0.0007563939171542232,-3.1470283579255525e-05,8.989701970323755e-06,6.3351362688995265e-06,6.3362582823245795e-06,-4.9900134250652936e-09,3.868e-09,0.0,0.0
5.05042278872334e-09,0.0,-0.001039481096024224,0.0006656010096447497,0.0007640775792782763,-3.0572973412477174e-05,8.752571855507567e-06,6.242559980857061e-06,6.243681709986815e-06,-4.989729129566703e-09,3.868e-09,0.0,0.0
5.052003274922788e-09,0.0,-0.0010092493695892215,0.000673359840591684,0.0007716126344136911,-2.9683804987918277e-05,8.520515380991549e-06,6.150840255561963e-06,6.15196170589442e-06,-4.9894503325266935e-09,3.868e-09,0.0,0.0
5.053605364394752e-09,0.0,-0.0009787577763872195,0.0006807750388406408,0.0007791369503559123,-2.8786993423153515e-05,8.28899251416133e-06,6.057983852294259e-06,6.059105024227044e-06,-4.989171932836831e-09,3.868e-09,0.0,0.0
5.05520542532153e-09,0.0,-0.0009484781766740622,0.0006877404864322921,0.0007865374118253156,-2.789641696100183e-05,8.061176932541429e-06,5.965066051502914e-06,5.96618694961859e-06,-4.988898115762463e-09,3.868e-09,0.0,0.0
5.05682650185029e-09,0.0,-0.0009180013656720725,0.0006943604635817791,0.0007939181469692309,-2.700004016682566e-05,7.833529161269057e-06,5.870450257094931e-06,5.871570882123433e-06,-4.988625028562138e-09,3.868e-09,0.0,0.0
5.058450438953509e-09,0.0,-0.0008876901907716014,0.0007005631209379107,0.0008011931293432662,-2.610853502269416e-05,7.6084213445549194e-06,5.774899136670962e-06,5.776019492525304e-06,-4.988355854214299e-09,3.868e-09,0.0,0.0
5.060095779860008e-09,0.0,-0.0008572244133616089,0.0007064221135216677,0.0008084415902200006,-2.5212482745929672e-05,7.383092278539507e-06,5.677020591167855e-06,5.678140678829109e-06,-4.98808766116186e-09,3.868e-09,0.0,0.0
5.061749096815121e-09,0.0,-0.0008268819989443944,0.0007118909417153422,0.000815599543155001,-2.432005879248219e-05,7.159182570320257e-06,5.577309252531737e-06,5.578429075348609e-06,-4.987822816903265e-09,3.868e-09,0.0,0.0
5.063425764575918e-09,0.0,-0.0007964113624249991,0.0007170216308751595,0.0008227280095907944,-2.3423863600735268e-05,6.934344848182936e-06,5.474527293098076e-06,5.475646852161472e-06,-4.9875590636451406e-09,3.868e-09,0.0,0.0
5.0651224119119884e-09,0.0,-0.0007659094215189661,0.0007218008694037453,0.0008298051932485022,-2.2526747691734296e-05,6.70870374878365e-06,5.368550445801884e-06,5.369669743009826e-06,-4.987297207849805e-09,3.868e-09,0.0,0.0
5.066857066139519e-09,0.0,-0.000735095471240882,0.0007262716921649338,0.0008368963754110608,-2.162045503649653e-05,6.479624133546349e-06,5.2578848390914015e-06,5.2590038739255655e-06,-4.987034834109791e-09,3.868e-09,0.0,0.0
5.068621315389629e-09,0.0,-0.0007041630653207739,0.0007304020559237641,0.0008439552659197747,-2.0710678391787468e-05,6.248026931395644e-06,5.14266784333942e-06,5.143786616994403e-06,-4.9867736551609685e-09,3.868e-09,0.0,0.0
5.070428955885038e-09,0.0,-0.0006729220420460852,0.0007342131593801224,0.0008510234698718248,-1.979182476606133e-05,6.011890324742645e-06,5.02156896901546e-06,5.022687481147023e-06,-4.986512131614742e-09,3.868e-09,0.0,0.0
5.072275764983151e-09,0.0,-0.0006415032136871588,0.0007376828174070619,0.0008580684831317521,-1.8867741579034082e-05,5.771538564288421e-06,4.894401024398025e-06,4.895519275864048e-06,-4.986251466124125e-09,3.868e-09,0.0,0.0
5.074176233167197e-09,0.0,-0.0006097254637631601,0.0007408228439547845,0.0008651267363956464,-1.7933101875387062e-05,5.524833113193664e-06,4.759645664621708e-06,4.760763654932613e-06,-4.9859903107533605e-09,3.868e-09,0.0,0.0
5.076130536870644e-09,0.0,-0.0005776611506062759,0.0007436146463894804,0.0008721761982195981,-1.6990033841361054e-05,5.271484291144653e-06,4.6167022563694494e-06,4.617819985849999e-06,-4.985729480665875e-09,3.868e-09,0.0,0.0
5.078130536870644e-09,0.0,-0.000545518045647862,0.0007460320437892459,0.0008791642916473903,-1.6044648401407708e-05,5.012248472266686e-06,4.465583999358311e-06,4.466701470279494e-06,-4.985470921209047e-09,3.868e-09,0.0,0.0
5.080130536870644e-09,0.0,-0.0005140793074902907,0.0007480240684985284,0.0008859159652192838,-1.5119979632067373e-05,4.752728759677392e-06,4.309356952072281e-06,4.310474173181613e-06,-4.9852211092868864e-09,3.868e-09,0.0,0.0
5.0821305368706434e-09,0.0,-0.0004833671545756523,0.0007496099388106518,0.0008924232111809133,-1.421668101693095e-05,4.492634334115598e-06,4.147828596595447e-06,4.148945576936671e-06,-4.984980341186306e-09,3.868e-09,0.0,0.0
5.084130536870643e-09,0.0,-0.0004534009583612404,0.0007508084465480631,0.0008986777491957931,-1.3335322304742366e-05,4.231689701456708e-06,3.9808370934834075e-06,3.981953842406658e-06,-4.984748923279756e-09,3.868e-09,0.0,0.0
5.086130536870643e-09,0.0,-0.0004241966836803107,0.0007516379225942043,0.0009046710733538772,-1.2476373049420904e-05,3.969648022890762e-06,3.8082510359319154e-06,3.809367563102151e-06,-4.984527170285907e-09,3.868e-09,0.0,0.0
5.088130536870643e-09,0.0,-0.0003957685531224136,0.0007521162048607381,0.0009103944987329008,-1.164025156242393e-05,3.7062784137332056e-06,3.6299691142246784e-06,3.6310854296284657e-06,-4.9843154035468824e-09,3.868e-09,0.0,0.0
5.0901305368706426e-09,0.0,-0.00036812684499822187,0.0007522606301310376,0.0009158392073863426,-1.0827260147006525e-05,3.441389765726851e-06,3.445919705896636e-06,3.4470358198457427e-06,-4.984113949326705e-09,3.868e-09,0.0,0.0
5.092130536870642e-09,0.0,-0.00034127906544684174,0.0007520880409793252,0.0009209962936611473,-1.0037619571965934e-05,3.1748135460316107e-06,3.2560604142628735e-06,3.2571763373999765e-06,-4.983923137134537e-09,3.868e-09,0.0,0.0
5.094130536870642e-09,0.0,-0.000315229774073922,0.000751614786108498,0.0009258568087700897,-9.271463943350647e-06,2.906416758356888e-06,3.060377560926856e-06,3.061493304225109e-06,-4.983743298075507e-09,3.868e-09,0.0,0.0
5.096130536870642e-09,0.0,-0.00028998110254528533,0.000750856719203325,0.0009304118045452004,-8.528855957214274e-06,2.6360871793545513e-06,2.858885628655634e-06,2.8600012034188035e-06,-4.983574763231827e-09,3.868e-09,0.0,0.0
5.098130536870642e-09,0.0,-0.00026553235908239166,0.0007498292045476771,0.0009346523762989505,-7.809775267129166e-06,2.3637503240377357e-06,2.651626658593652e-06,2.6527420764559627e-06,-4.983417862076938e-09,3.868e-09,0.0,0.0
5.1001305368706415e-09,0.0,-0.0002418806717404718,0.0007485471491084065,0.000938569704738133,-7.114137404131523e-06,2.0893644027986162e-06,2.4386696215602766e-06,2.439784894481354e-06,-4.983272920924689e-09,3.868e-09,0.0,0.0
5.102130536870641e-09,0.0,-0.0002190207443154799,0.0007470250040513786,0.000942155096889656,-6.4417865975141146e-06,1.8129088876558078e-06,2.2201097622370614e-06,2.2212249024984847e-06,-4.9831402614150824e-09,3.868e-09,0.0,0.0
5.104130536870641e-09,0.0,-0.00019694543624551515,0.0007452767612872416,0.0009454000259820721,-5.792512830750446e-06,1.5343921182481532e-06,1.9960678974429984e-06,1.9971829176418637e-06,-4.983020199038663e-09,3.868e-09,0.0,0.0
5.106130536870641e-09,0.0,-0.00017564521998617954,0.0007433159933126715,0.0009482961702297331,-5.166035881946457e-06,1.253863787108806e-06,1.7666896912752683e-06,1.7678046043169415e-06,-4.982913041701499e-09,3.868e-09,0.0,0.0
5.108130536870641e-09,0.0,-0.00015510899326326574,0.0007411558878983278,0.0009508354505014373,-4.562029213625463e-06,9.713984430476552e-07,1.5321449298100315e-06,1.5332597488983482e-06,-4.982819088331446e-09,3.868e-09,0.0,0.0
5.1101305368706404e-09,0.0,-0.00013532438710535052,0.0007388092284104551,0.0009530100668481415,-3.980129032510309e-06,6.870834844790371e-07,1.2926267631894693e-06,1.293741501816846e-06,-4.982738627526619e-09,3.868e-09,0.0,0.0
5.11213053687064e-09,0.0,-0.00011627739774859986,0.0007362884089305898,0.0009548125338321393,-3.4199234631941134e-06,4.0104690266099046e-07,1.0483509054436518e-06,1.0494655773797459e-06,-4.98267193624821e-09,3.868e-09,0.0,0.0
5.11413053687064e-09,0.0,-9.795285233220651e-05,0.0007336054648880208,0.0009562357146155098,-2.8809662450648974e-06,1.1343563534884827e-07,7.99554821723054e-07,8.006694410015672e-07,-4.982619278559226e-09,3.868e-09,0.0,0.0
5.11613053687064e-09,0.0,-8.033425402081845e-05,0.0007307720145838464,0.0009572728537577639,-2.3627721770828956e-06,-1.7560875177613729e-07,5.464968630244038e-07,5.476114439287392e-07,-4.982580904410962e-09,3.868e-09,0.0,0.0
5.1181305368706396e-09,0.0,-6.340327445667782e-05,0.0007277994262457761,0.0009579176087020307,-1.8648021899022888e-06,-4.6581536265103824e-07,2.894554265693542e-07,2.905699836178253e-07,-4.982557048478025e-09,3.868e-09,0.0,0.0
5.120130536870639e-09,0.0,-4.714220076031737e-05,0.00072469881782739,0.0009581640800155229,-1.3865353164799227e-06,-7.570034187246581e-07,2.8728175992884573e-08,2.984272392181006e-08,-4.982547929039426e-09,3.868e-09,0.0,0.0
5.122081703678465e-09,0.0,-3.19050858375533e-05,0.0007215609440551515,0.000958015546010396,-9.38384877575097e-07,-1.0417071156244022e-06,-2.2888418538004622e-07,-2.2776963195538479e-07,-4.9825534247976156e-09,3.868e-09,0.0,0.0
5.124003120664376e-09,0.0,-1.7487844599719312e-05,0.0007183719563465711,0.0009574893307959491,-5.143483705799798e-07,-1.3223275808377405e-06,-4.854025357219491e-07,-4.842879628272258e-07,-4.98257289476055e-09,3.868e-09,0.0,0.0
5.125882316898982e-09,0.0,-3.93385606206988e-06,0.0007151669182521981,0.0009566061964302969,-1.1570164888440823e-07,-1.5970834839846189e-06,-7.387050758797294e-07,-7.375904703089357e-07,-4.982605570732079e-09,3.868e-09,0.0,0.0
5.12773964589981e-09,0.0,8.947916494479444e-06,0.000711922142946575,0.0009553720799950878,2.6317401454351303e-07,-1.869265152026718e-06,-9.91114031786767e-07,-9.899993805538576e-07,-4.9826512330401814e-09,3.868e-09,0.0,0.0
5.129568719415762e-09,0.0,2.1151111499827073e-05,0.0007086568706965877,0.0009538031076914495,6.220915147007963e-07,-2.1377286655037576e-06,-1.2413854375501433e-06,-1.2402707282651183e-06,-4.982709285015416e-09,3.868e-09,0.0,0.0
5.131386293548994e-09,0.0,3.2819215229559556e-05,0.0007053490013496882,0.0009518942218217332,9.652710361635164e-07,-2.4041370570786708e-06,-1.4914634913285669e-06,-1.4903487114146033e-06,-4.982779913792596e-09,3.868e-09,0.0,0.0
5.133183875269694e-09,0.0,4.3925290289459216e-05,0.000702022529331975,0.0009496617041326896,1.2919203026311533e-06,-2.666601611787945e-06,-1.7398521640904275e-06,-1.7387373015733537e-06,-4.98286251694709e-09,3.868e-09,0.0,0.0
5.134968526758518e-09,0.0,5.4540209252412784e-05,0.000698673047724902,0.0009471049662821349,1.6041238015415525e-06,-2.926021173278563e-06,-1.9872048574197518e-06,-1.9860899003036094e-06,-4.982957116247561e-09,3.868e-09,0.0,0.0
5.136732854854851e-09,0.0,6.464626440164822e-05,0.0006953221768424205,0.0009442432538271124,1.9013607176955358e-06,-3.181206019772882e-06,-2.232184317233149e-06,-2.2310692542335323e-06,-4.983062999608397e-09,3.868e-09,0.0,0.0
5.138485459771382e-09,0.0,7.431824286212039e-05,0.0006919605046570611,0.0009410712848593073,2.1858306724153055e-06,-3.43325117744061e-06,-2.475681085829277e-06,-2.474565905466724e-06,-4.983180362460206e-09,3.868e-09,0.0,0.0
5.140223111104688e-09,0.0,8.35611628521386e-05,0.0006886002932925421,0.0009376023953346444,2.4576812603570176e-06,-3.681547076850233e-06,-2.7169535949569338e-06,-2.71583828624568e-06,-4.983308711372618e-09,3.868e-09,0.0,0.0
5.1419527636414735e-09,0.0,9.243291113274659e-05,0.0006852333918005534,0.0009338294881969216,2.718615033316076e-06,-3.926985154779175e-06,-2.95668130217337e-06,-2.9555658538646477e-06,-4.983448308936713e-09,3.868e-09,0.0,0.0
5.143672044316041e-09,0.0,0.00010094040655893846,0.0006818689132584554,0.0009297635843735518,2.9688354870276018e-06,-4.169120160424178e-06,-3.194254896482939e-06,-3.1931392977355318e-06,-4.983598747378179e-09,3.868e-09,0.0,0.0
5.145386646105293e-09,0.0,0.00010912921253144855,0.0006784995488345712,0.0009253964889059575,3.2096827215131925e-06,-4.40862800101418e-06,-3.430183605338983e-06,-3.4290678450090133e-06,-4.983760329910479e-09,3.868e-09,0.0,0.0
5.147095106537463e-09,0.0,0.0001170085714944106,0.0006751314225418319,0.0009207363724717317,3.4414285733650174e-06,-4.645156758664322e-06,-3.6639903422065667e-06,-3.6628744094525933e-06,-4.983932754218546e-09,3.868e-09,0.0,0.0
5.148801973401317e-09,0.0,0.0001246144074473103,0.0006717583925553421,0.0009157747864900417,3.665129630803244e-06,-4.879150915158427e-06,-3.896021300347388e-06,-3.894905184014495e-06,-4.984116332899868e-09,3.868e-09,0.0,0.0
5.150506165230751e-09,0.0,0.00013195431656846653,0.0006683849747402235,0.0009105182457295759,3.8810093108372504e-06,-5.110327660860461e-06,-4.125851721934581e-06,-4.1247354111094946e-06,-4.9843108249080055e-09,3.868e-09,0.0,0.0
5.152211347229394e-09,0.0,0.00013905610569689552,0.0006650058691911873,0.0009049584903594133,4.089885461673398e-06,-5.338998140939939e-06,-4.353695535162196e-06,-4.35257901862645e-06,-4.9845165358567015e-09,3.868e-09,0.0,0.0
5.153917040142349e-09,0.0,0.00014592962930726932,0.0006616236737248926,0.0008990996541740851,4.2920479208020385e-06,-5.564890520686567e-06,-4.579203936111015e-06,-4.5780872027982415e-06,-4.984733312795558e-09,3.868e-09,0.0,0.0
5.155626313269905e-09,0.0,0.00015259993180140495,0.0006582336868488238,0.0008929334758139046,4.4882332882766165e-06,-5.788197744078617e-06,-4.802492571252168e-06,-4.801375609790907e-06,-4.984961461394885e-09,3.868e-09,0.0,0.0
5.1573389109314655e-09,0.0,0.0001590785377713926,0.0006548375634565975,0.0008864628276198975,4.678780522688017e-06,-6.008652520841847e-06,-5.023231183547544e-06,-5.022113982672185e-06,-4.985200875378063e-09,3.868e-09,0.0,0.0
5.159057435515985e-09,0.0,0.0001653851992512125,0.0006514310813596139,0.0008796796475030187,4.864270566212132e-06,-6.22634952878991e-06,-5.2414509562596115e-06,-5.2403335044067054e-06,-4.985451853042388e-09,3.868e-09,0.0,0.0
5.160781964619888e-09,0.0,0.0001715289544204542,0.0006480147688830761,0.0008725851575037966,5.044969247660418e-06,-6.441075543586682e-06,-5.456848402904543e-06,-5.455730688555364e-06,-4.985714349172359e-09,3.868e-09,0.0,0.0
5.162514935204724e-09,0.0,0.0001775270276620131,0.0006445842270252699,0.0008651706981833768,5.221383166529798e-06,-6.652872758764374e-06,-5.669404292552414e-06,-5.668286303868106e-06,-4.985988684167215e-09,3.868e-09,0.0,0.0
5.164264374051168e-09,0.0,0.0001834142906831357,0.0006411237943016534,0.0008574012337362895,5.394537961268697e-06,-6.862426702169068e-06,-5.879738915325141e-06,-5.878620639170875e-06,-4.986276154351757e-09,3.868e-09,0.0,0.0
5.166053143831378e-09,0.0,0.0001892707537489265,0.0006375882993705675,0.000849167657395581,5.5667868749684266e-06,-7.072056060912864e-06,-6.0901075930640495e-06,-6.088989012267279e-06,-4.986580796676363e-09,3.868e-09,0.0,0.0
5.167871083599115e-09,0.0,0.00019506488599007517,0.0006339976184382395,0.0008405068402836735,5.737202529119858e-06,-7.280085527229242e-06,-6.298747361452999e-06,-6.297628460206128e-06,-4.986901246909504e-09,3.868e-09,0.0,0.0
5.169729869099495e-09,0.0,0.00020083625386332348,0.0006303281227410776,0.0008313538233711082,5.906948643038926e-06,-7.487343481854608e-06,-6.506390290057234e-06,-6.505271050148654e-06,-4.987239908535269e-09,3.868e-09,0.0,0.0
5.171621885326443e-09,0.0,0.00020656394231504733,0.0006265938570322305,0.0008217367922391898,6.075410068089627e-06,-7.692429588744121e-06,-6.711528510093604e-06,-6.7104089143549e-06,-4.9875957386871495e-09,3.868e-09,0.0,0.0
5.17355816228525e-09,0.0,0.00021228435727578207,0.000622771537647399,0.000811590747936099,6.2436575669347666e-06,-7.895958705098613e-06,-6.914647998270363e-06,-6.9135280271279825e-06,-4.987971142326364e-09,3.868e-09,0.0,0.0
5.175534190669355e-09,0.0,0.00021798687000020592,0.0006188678976354677,0.0008009301474772689,6.411378529417821e-06,-8.096830967355501e-06,-7.114496716918379e-06,-7.113376351333776e-06,-4.988365584543341e-09,3.868e-09,0.0,0.0
5.177534190669354e-09,0.0,0.00022363158827429222,0.0006149112500834284,0.0007898370386847273,6.577399655126242e-06,-8.292905437926193e-06,-7.308785854999782e-06,-7.307665078970212e-06,-4.988776029568665e-09,3.868e-09,0.0,0.0
5.179534190669354e-09,0.0,0.00022916047896679757,0.0006109456619105759,0.000778451447658601,6.740014087258752e-06,-8.481502191271594e-06,-7.494724452290371e-06,-7.493603254994045e-06,-4.989197296436632e-09,3.868e-09,0.0,0.0
5.181534190669354e-09,0.0,0.00023458448580607625,0.0006069673643442059,0.0007667864535357972,6.899543700178713e-06,-8.662446885056905e-06,-7.672010733552206e-06,-7.670889104650891e-06,-4.989628901219175e-09,3.868e-09,0.0,0.0
5.183534190669354e-09,0.0,0.0002399138600485956,0.0006029720809499115,0.0007548555845398565,7.056290001429282e-06,-8.835582355875304e-06,-7.840362660415666e-06,-7.839240590072323e-06,-4.9900703433720255e-09,3.868e-09,0.0,0.0
5.1855341906693536e-09,0.0,0.00024515796015374327,0.0005989550394570423,0.0007426727868214948,7.2105282398159785e-06,-9.00076889140161e-06,-7.999518964905186e-06,-7.998396443798308e-06,-4.990521106887605e-09,3.868e-09,0.0,0.0
5.187534190669353e-09,0.0,0.0002503254969895349,0.0005949109944928272,0.0007302523917523516,7.3625146173392615e-06,-9.157880547467942e-06,-8.149240126749494e-06,-8.148117146087892e-06,-4.990980661505163e-09,3.868e-09,0.0,0.0
5.189534190669353e-09,0.0,0.0002554242502143619,0.000590834254463937,0.0007176090817661937,7.512477947481232e-06,-9.306808658021181e-06,-8.289309284381354e-06,-8.28818583591736e-06,-4.99144846397465e-09,3.868e-09,0.0,0.0
5.191534190669353e-09,0.0,0.000260461136923013,0.0005867187140013049,0.0007047578548549512,7.660621674206264e-06,-9.44745730894578e-06,-8.419533072657395e-06,-8.418409148698049e-06,-4.991923959370366e-09,3.868e-09,0.0,0.0
5.193534190669353e-09,0.0,0.00026544244577238386,0.0005825578941017918,0.000691713987839118,7.80713075801129e-06,-9.579745632237608e-06,-8.539742378467987e-06,-8.538617971885461e-06,-4.992406582449953e-09,3.868e-09,0.0,0.0
5.1955341906693525e-09,0.0,0.00027037371142862274,0.0005783449881675584,0.00067849299854566,7.952167983194786e-06,-9.703604000913316e-06,-8.649793005368965e-06,-8.648668109609943e-06,-4.9928957590538106e-09,3.868e-09,0.0,0.0
5.197534190669352e-09,0.0,0.00027525947495118654,0.0005740729079034377,0.0006651106070367086,8.095866910329016e-06,-9.818979138658075e-06,-8.749566242934552e-06,-8.748440852027238e-06,-4.993390907539641e-09,3.868e-09,0.0,0.0
5.199534190669352e-09,0.0,0.00028010358891742917,0.000569734332166044,0.0006515826960375235,8.238340850512623e-06,-9.925828584114816e-06,-8.838969338353784e-06,-8.837843446913587e-06,-4.993891440246612e-09,3.868e-09,0.0,0.0
5.201534190669352e-09,0.0,0.0002849094735645209,0.0005653217730505238,0.0006379252707234068,8.379690398956497e-06,-1.002411849285556e-05,-8.917935858203093e-06,-8.91680946143818e-06,-4.9943967649832335e-09,3.868e-09,0.0,0.0
5.203534190669352e-09,0.0,0.0002896796142533767,0.0005608276387967505,0.0006241544180410042,8.51998865451108e-06,-1.0113828021444968e-05,-8.986425931972121e-06,-8.985299025685597e-06,-4.994906286532482e-09,3.868e-09,0.0,0.0
5.2055341906693514e-09,0.0,0.0002944159236289702,0.0005562442936381345,0.0006102862657434601,8.6592918714403e-06,-1.0194946834889118e-05,-9.044426380529848e-06,-9.043298961121729e-06,-4.995419408167492e-09,3.868e-09,0.0,0.0
5.207534190669351e-09,0.0,0.00029912023158224323,0.0005515641187475491,0.0005963369413156907,8.797653870065977e-06,-1.0267477196773326e-05,-9.091950730511624e-06,-9.090822794978427e-06,-4.99593553317132e-09,3.868e-09,0.0,0.0
5.209534190669351e-09,0.0,0.0003037918461965872,0.0005467795575884388,0.0005823225309589542,8.935054299899624e-06,-1.0331439552661492e-05,-9.129039122845312e-06,-9.127910668779043e-06,-4.9964540663545184e-09,3.868e-09,0.0,0.0
5.211534190669351e-09,0.0,0.00030843142688401546,0.0005418831887746211,0.0005682590388025385,9.07151255541222e-06,-1.0386852979628241e-05,-9.155758108977024e-06,-9.154629134561546e-06,-4.996974415564306e-09,3.868e-09,0.0,0.0
5.2135341906693506e-09,0.0,0.0003130368768819213,0.0005368677990132839,0.0005541623465269077,9.206966967115331e-06,-1.0433754160485068e-05,-9.172200319751697e-06,-9.171070823758625e-06,-4.997495993178505e-09,3.868e-09,0.0,0.0
5.21553419066935e-09,0.0,0.00031760500348836324,0.0005317264355575753,0.0005400481735848806,9.341323632010684e-06,-1.0472187815848042e-05,-9.178484019094298e-06,-9.17735400087665e-06,-4.998018217577359e-09,3.868e-09,0.0,0.0
5.21753419066935e-09,0.0,0.00032214124935911703,0.0005264524588651717,0.0005259320381886353,9.474742628209325e-06,-1.0502215174127741e-05,-9.174752554756984e-06,-9.173622014242429e-06,-4.9985405145870205e-09,3.868e-09,0.0,0.0
5.21953419066935e-09,0.0,0.0003266560081847132,0.0005210396044364701,0.000511829219224155,9.607529652491565e-06,-1.0523899733595034e-05,-9.161173701901142e-06,-9.160042639582214e-06,-4.999062318888706e-09,3.868e-09,0.0,0.0
5.22153419066935e-09,0.0,0.0003311450997901495,0.0005154820221471551,0.0004977547192512824,9.739561758533809e-06,-1.053733127432312e-05,-9.13793890822754e-06,-9.136807325152234e-06,-4.999583075387702e-09,3.868e-09,0.0,0.0
5.2235341906693495e-09,0.0,0.0003355908785101982,0.0005097743158638677,0.00048372322873017605,9.8703199561823e-06,-1.0542600111225077e-05,-9.105262454526738e-06,-9.10413035228627e-06,-5.000102240536983e-09,3.868e-09,0.0,0.0
5.225534190669349e-09,0.0,0.0003399828756461998,0.0005039116063035435,0.0004697490916132803,9.99949634253529e-06,-1.0539809513744683e-05,-9.063380518961939e-06,-9.062247899678326e-06,-5.0006192836103085e-09,3.868e-09,0.0,0.0
5.227534190669349e-09,0.0,0.0003443215751756661,0.0004978895696768542,0.000455846272449186,1.0127105152225473e-05,-1.052907335601424e-05,-9.012550147332402e-06,-9.011417013644494e-06,-5.0011336879193796e-09,3.868e-09,0.0,0.0
5.229534190669349e-09,0.0,0.000348605800069604,0.0004917044694950493,0.0004420283251281766,1.0253111766753059e-05,-1.0510519730294915e-05,-8.953048148619715e-06,-8.951914503667877e-06,-5.001644951970257e-09,3.868e-09,0.0,0.0
5.231534190669349e-09,0.0,0.0003528333362056598,0.000485353173929067,0.0004283083633736979,1.0377451064872347e-05,-1.0484292244363312e-05,-8.8851699297453e-06,-8.884035777154803e-06,-5.002152590555173e-09,3.868e-09,0.0,0.0
5.2335341906693484e-09,0.0,0.0003570026506597925,0.0004788331722379157,0.0004146990330650346,1.0500077960582132e-05,-1.0450546806127558e-05,-8.809228280243363e-06,-8.808093624107722e-06,-5.0026561357765936e-09,3.868e-09,0.0,0.0
5.235534190669348e-09,0.0,0.000361112085148755,0.00047214258669163136,0.00040121248646425285,1.0620943680845735e-05,-1.0409454602665955e-05,-8.725552112046793e-06,-8.724416956908771e-06,-5.003155138000822e-09,3.868e-09,0.0,0.0
5.237534190669348e-09,0.0,0.0003651590859828796,0.0004652802112635087,0.0003878603584243748,1.0739973117143518e-05,-1.036118324125738e-05,-8.63448514409954e-06,-8.633349494932801e-06,-5.003649166738298e-09,3.868e-09,0.0,0.0
5.239534190669348e-09,0.0,0.00036913993832955185,0.0004582455311536686,0.00037465374466516706,1.0857057009692702e-05,-1.0305922447281253e-05,-8.53638452984866e-06,-8.53524839203719e-06,-5.004137811447389e-09,3.868e-09,0.0,0.0
5.2415341906693476e-09,0.0,0.00037305049429207785,0.00045103872774382675,0.0003616031821879819,1.0972073361531701e-05,-1.0243862826244775e-05,-8.431619448985964e-06,-8.430482828303732e-06,-5.0046206822590445e-09,3.868e-09,0.0,0.0
5.243534190669347e-09,0.0,0.00037688679675305627,0.0004436607209095315,0.00034871863189259823,1.1084905786854595e-05,-1.017519567249171e-05,-8.320569653105836e-06,-8.319432555695214e-06,-5.005097410619974e-09,3.868e-09,0.0,0.0
5.245534190669347e-09,0.0,0.0003806432178827319,0.00043611315049157376,0.0003360094634548542,1.119538876125682e-05,-1.0100140459360991e-05,-8.203623981021943e-06,-8.202486413372051e-06,-5.00556764985217e-09,3.868e-09,0.0,0.0
5.247534190669347e-09,0.0,0.00038431386409172466,0.0004283982876480517,0.000323484442453176,1.1303348943874255e-05,-1.0018949274776743e-05,-8.081178919885397e-06,-8.08004088880969e-06,-5.006031075629232e-09,3.868e-09,0.0,0.0
5.249534190669347e-09,0.0,0.0003878927090511091,0.00042051899553478546,0.00031115171966267577,1.1408609089738503e-05,-9.931875051629112e-06,-7.953637226227107e-06,-7.952498738840734e-06,-5.006487386372481e-09,3.868e-09,0.0,0.0
5.2515341906693465e-09,0.0,0.00039137373614096815,0.0004124787808866711,0.0002990188224834177,1.151099223944024e-05,-9.839155385209147e-06,-7.82140653049838e-06,-7.820267594194704e-06,-5.006936303568113e-09,3.868e-09,0.0,0.0
5.25351752003985e-09,0.0,0.0003947234124938965,0.0004043507850777023,0.00028719117681263626,1.1609512132173426e-05,-9.741871243707696e-06,-7.686051706667126e-06,-7.684912332740648e-06,-5.0073739264579326e-09,3.868e-09,0.0,0.0
5.255485698861449e-09,0.0,0.0003979405322965042,0.000396137160094914,0.00027566087282199177,1.1704133302838359e-05,-9.640320563698578e-06,-7.547968632122019e-06,-7.546828831574322e-06,-5.0078005477055865e-09,3.868e-09,0.0,0.0
5.257438143084474e-09,0.0,0.00040102070837911245,0.00038784894808926084,0.0002644317920415059,1.179472671703272e-05,-9.534897824895685e-06,-7.4076758314090326e-06,-7.406535615385272e-06,-5.008216023694464e-09,3.868e-09,0.0,0.0
5.25937964922754e-09,0.0,0.00040396803725970394,0.00037947423886994214,0.0002534767147797747,1.1881412860579527e-05,-9.425686068060614e-06,-7.2652775568837044e-06,-7.264136935522048e-06,-5.0086213615531485e-09,3.868e-09,0.0,0.0
5.261309906120386e-09,0.0,0.0004067785042819143,0.00037102263289811726,0.00024279778062204934,1.196407365535042e-05,-9.313026601384734e-06,-7.121218385798253e-06,-7.120077369316086e-06,-5.009016482116984e-09,3.868e-09,0.0,0.0
5.263232436782533e-09,0.0,0.00040945376254206486,0.0003624869208151151,0.00023237576247621625,1.2042757721825437e-05,-9.197020447553968e-06,-6.9756362092796675e-06,-6.974494807182889e-06,-5.00940209678838e-09,3.868e-09,0.0,0.0
5.26514715930189e-09,0.0,0.0004119901847624577,0.0003538756134405718,0.00022221133192665,1.2117358375366403e-05,-9.077967318099008e-06,-6.828918141732972e-06,-6.827776363552216e-06,-5.009778180718714e-09,3.868e-09,0.0,0.0
5.267057043302651e-09,0.0,0.0004143882370373304,0.00034518350456528185,0.00021228887098043712,1.2187889324627363e-05,-8.955963903588977e-06,-6.681201048127503e-06,-6.680058902815687e-06,-5.010145311773724e-09,3.868e-09,0.0,0.0
5.268962342929309e-09,0.0,0.00041664449077663404,0.00033641755803278327,0.00020260721516330977,1.2254249728724531e-05,-8.831269371563806e-06,-6.532814066799359e-06,-6.5316715632662554e-06,-5.0105035330389576e-09,3.868e-09,0.0,0.0
5.270865655459132e-09,0.0,0.00041875813414834643,0.0003275739659801166,0.00019315330125540942,1.2316415710245484e-05,-8.703978196186393e-06,-6.383890638118915e-06,-6.382747784791046e-06,-5.01085332785355e-09,3.868e-09,0.0,0.0
5.272767516551346e-09,0.0,0.0004207258087195033,0.0003186584010431198,0.0001839246540618602,1.2374288491750097e-05,-8.574308914842707e-06,-6.234712554008311e-06,-6.233569359220462e-06,-5.011194787799711e-09,3.868e-09,0.0,0.0
5.274670307561849e-09,0.0,0.0004225457988197066,0.00030966792905170657,0.00017490993827635025,1.2427817612344312e-05,-8.442347764359757e-06,-6.085406717701065e-06,-6.084263189368768e-06,-5.011528332283775e-09,3.868e-09,0.0,0.0
5.276574887428639e-09,0.0,0.0004242144800013898,0.0003006067905559252,0.00016610540987885126,1.2476896470629112e-05,-8.308276642167069e-06,-5.936210613902301e-06,-5.935066759802456e-06,-5.011854099834482e-09,3.868e-09,0.0,0.0
5.278483578967247e-09,0.0,0.00042572911358586317,0.00029147234816828373,0.00015750076214657142,1.252144451723127e-05,-8.172168908059849e-06,-5.787240131423066e-06,-5.786095958951263e-06,-5.012172471800577e-09,3.868e-09,0.0,0.0
5.280397589501224e-09,0.0,0.00042708551127356933,0.00028226737085045196,0.00014909115582786584,1.2561338566869687e-05,-8.034170526236123e-06,-5.638693295955398e-06,-5.637548812328143e-06,-5.012483627234369e-09,3.868e-09,0.0,0.0
5.282319329959765e-09,0.0,0.00042827980658023603,0.0002729889964093751,0.0001408667900125972,1.2596464899418706e-05,-7.894335617161484e-06,-5.490671447552775e-06,-5.489526659623994e-06,-5.012787928769534e-09,3.868e-09,0.0,0.0
5.284250444049217e-09,0.0,0.0004293069170746116,0.00026363824564808397,0.00013282168255800679,1.2626674031606222e-05,-7.75277079190114e-06,-5.343334426697268e-06,-5.342189341099498e-06,-5.013085597745354e-09,3.868e-09,0.0,0.0
5.286216574073236e-09,0.0,0.00043017057919035134,0.000254099939866145,0.00012485425230385685,1.2652075858539744e-05,-7.6078094306894144e-06,-5.195043890921572e-06,-5.193898510528908e-06,-5.013380392664757e-09,3.868e-09,0.0,0.0
5.288210874654878e-09,0.0,0.00043085501381741163,0.0002444168090697781,0.00011700022254228176,1.2672206288747401e-05,-7.4601691445665465e-06,-5.046665214128949e-06,-5.045519543137153e-06,-5.013670991765935e-09,3.868e-09,0.0,0.0
5.2902108746548774e-09,0.0,0.00043134378003813667,0.00023470840844281335,0.00010935056723696068,1.2686581765827549e-05,-7.3117494889731584e-06,-4.900178307809291e-06,-4.899032353780267e-06,-5.013954029012232e-09,3.868e-09,0.0,0.0
5.292210874654877e-09,0.0,0.00043163088588626876,0.0002250131589807178,0.0001019243067453376,1.2695026055478492e-05,-7.163220315628045e-06,-4.756252514130424e-06,-4.755106285329744e-06,-5.0142288006504224e-09,3.868e-09,0.0,0.0
5.293032744175852e-09,0.0,0.00043168978238062737,0.0002210350527408369,9.89365398232039e-05,1.269675830531257e-05,-7.102201983968364e-06,-4.697898042780295e-06,-4.696751703432272e-06,-5.0143393480265415e-09,3.868e-09,0.0,0.0
5.293124916339143e-09,0.0,0.0004316941636871784,0.00022058921855637662,9.860399398440531e-05,1.2696887167269952e-05,-7.095361750009208e-06,-4.691386604296849e-06,-4.690240252644613e-06,-5.014351652222577e-09,3.868e-09,0.0,0.0
5.293309260665724e-09,0.0,0.0004317016094503459,0.00021969767436244897,9.793982477933333e-05,1.2697106160304291e-05,-7.081681622038801e-06,-4.678376038255561e-06,-4.677229662029069e-06,-5.0143762264831645e-09,3.868e-09,0.0,0.0
5.2936779493188855e-09,0.0,0.0004317112335769436,0.0002179153560703194,9.66170106609314e-05,1.2697389222851282e-05,-7.0543281937939854e-06,-4.652429258306378e-06,-4.651282833135771e-06,-5.014425170605546e-09,3.868e-09,0.0,0.0
5.294415326625209e-09,0.0,0.0004317094122311892,0.00021435405016718824,9.399337279824463e-05,1.2697335653858505e-05,-6.9996536540551765e-06,-4.600837897952861e-06,-4.599691375707689e-06,-5.014522245206465e-09,3.868e-09,0.0,0.0
5.295890081237856e-09,0.0,0.00043162048069485183,0.000207246750795481,8.883318053472146e-05,1.2694720020436818e-05,-6.890479148024243e-06,-4.498900953232975e-06,-4.49775424006062e-06,-5.014713172320215e-09,3.868e-09,0.0,0.0
5.297890081237856e-09,0.0,0.0004313160701236647,0.000197646982583179,8.201777264120339e-05,1.2685766768343078e-05,-6.742929593578137e-06,-4.363422986855325e-06,-4.362276021512907e-06,-5.014965342412275e-09,3.868e-09,0.0,0.0
5.2998900812378554e-09,0.0,0.00043079747076714214,0.0001881009443050668,7.540822805892069e-05,1.2670513846092416e-05,-6.5961535628490975e-06,-4.231279145350178e-06,-4.2301319354546185e-06,-5.01520989556182e-09,3.868e-09,0.0,0.0
5.301890081237855e-09,0.0,0.0004300620942239484,0.0001786188604096128,6.899929480459825e-05,1.2648885124233776e-05,-6.450350020732365e-06,-4.102628742190671e-06,-4.101481295164564e-06,-5.0154470260922295e-09,3.868e-09,0.0,0.0
5.303890081237855e-09,0.0,0.0004291074608880539,0.00016921075766920677,6.278548929857026e-05,1.2620807673178055e-05,-6.305719323048821e-06,-3.977613539608725e-06,-3.976465862671821e-06,-5.0156769368959524e-09,3.868e-09,0.0,0.0
5.305890081237855e-09,0.0,0.00042793152953401364,0.00015988645231668243,5.6761123366856906e-05,1.2586221456882754e-05,-6.162431725158445e-06,-3.856357748393991e-06,-3.855209848555548e-06,-5.0158998384354265e-09,3.868e-09,0.0,0.0
5.307890081237855e-09,0.0,0.0004265325649699426,0.0001506555106323758,5.092033119763347e-05,1.254507544029243e-05,-6.020672127718592e-06,-3.738968087382679e-06,-3.73781997143493e-06,-5.016115947745688e-09,3.868e-09,0.0,0.0
5.309890081237854e-09,0.0,0.000424909235894011,0.00014152700474196744,4.525709606043871e-05,1.249733046747091e-05,-5.880697419602733e-06,-3.625534032405705e-06,-3.624385706918259e-06,-5.016325487445764e-09,3.868e-09,0.0,0.0
5.311890081237854e-09,0.0,0.0004230605302056282,0.00013250935368590142,3.976527644547273e-05,1.244295677075377e-05,-5.7427375088900124e-06,-3.516128321222289e-06,-3.514979792537509e-06,-5.016528684771517e-09,3.868e-09,0.0,0.0
5.313890081237854e-09,0.0,0.0004209860422307127,0.00012361063963958136,3.443863147211782e-05,1.2381942418550374e-05,-5.606859091947852e-06,-3.4108073985945116e-06,-3.4096586728238714e-06,-5.0167257706355314e-09,3.868e-09,0.0,0.0
5.315890081237854e-09,0.0,0.0004186855837911107,0.00011483900134144666,2.927084589795256e-05,1.2314281876209137e-05,-5.473064031389267e-06,-3.3096114905696674e-06,-3.3084625735909726e-06,-5.0169169787017755e-09,3.868e-09,0.0,0.0
5.3178900812378535e-09,0.0,0.0004161594622070882,0.00010620249676798326,2.4255555102616163e-05,1.2239984182561417e-05,-5.341454795082473e-06,-3.212564562890812e-06,-3.2114154603463527e-06,-5.017102544461203e-09,3.868e-09,0.0,0.0
5.319890081237853e-09,0.0,0.00041340844668766416,9.77087118181555e-05,1.9386369885630504e-05,1.2159071961401886e-05,-5.2121954923120215e-06,-3.1196746044393324e-06,-3.1185253217350185e-06,-5.017282704314231e-09,3.868e-09,0.0,0.0
5.321890081237853e-09,0.0,0.00041043385262966076,8.936465356179809e-05,1.4656900591936561e-05,1.2071583900872376e-05,-5.085410283298713e-06,-3.0309342177617935e-06,-3.0297847600671146e-06,-5.0174576946780985e-09,3.868e-09,0.0,0.0
5.323890081237853e-09,0.0,0.00040723754036343435,8.117679954623111e-05,1.0060780284058144e-05,1.1977574716571599e-05,-4.9612086481258116e-06,-2.9463212679259563e-06,-2.9451716401748257e-06,-5.01762775112949e-09,3.868e-09,0.0,0.0
5.325890081237853e-09,0.0,0.0004038218833281744,7.315107919853375e-05,5.591686910141833e-06,1.187711421553454e-05,-4.8396951716296885e-06,-2.865799539023966e-06,-2.8646497459163812e-06,-5.017793107584325e-09,3.868e-09,0.0,0.0
5.3278900812378525e-09,0.0,0.00040018971630076486,6.529285975014054e-05,1.243364429604079e-06,1.1770285773551908e-05,-4.7209588660238845e-06,-2.789319432778219e-06,-2.7881694787827028e-06,-5.017953995516105e-09,3.868e-09,0.0,0.0
5.329890081237852e-09,0.0,0.0003963441903433571,5.7606967222915615e-05,-2.9903570309969455e-06,1.1657182068922268e-05,-4.605067838626477e-06,-2.7168186858413704e-06,-2.715668419998631e-06,-5.018265842740055e-09,3.868e-09,0.0,0.0
5.331890081237852e-09,0.0,0.0003922891175819561,5.0097717849739996e-05,-7.115542312818606e-06,1.1537915222998709e-05,-4.492070864624389e-06,-2.6482230789412395e-06,-2.6470724463695264e-06,-5.01863257171161e-09,3.868e-09,0.0,0.0
5.333890081237852e-09,0.0,0.00038802856141317897,4.276893308007598e-05,-1.1138133540540746e-05,1.141260474744644e-05,-4.382005384689164e-06,-2.583447139849327e-06,-2.5822961496692544e-06,-5.018990180071754e-09,3.868e-09,0.0,0.0
5.335890081237852e-09,0.0,0.00038356706777632657,3.5623944000391454e-05,-1.5063933282614918e-05,1.1281384346362546e-05,-4.274896181974187e-06,-2.5223948542108387e-06,-2.521243515027172e-06,-5.019339183668824e-09,3.868e-09,0.0,0.0
5.337890081237851e-09,0.0,0.000378910128024715,2.866562210773765e-05,-1.8898588828161486e-05,1.1144415530138676e-05,-4.170745027153473e-06,-2.4649603742679133e-06,-2.4638086941833687e-06,-5.019680084546824e-09,3.868e-09,0.0,0.0
5.339890081237851e-09,0.0,0.0003740639539460639,2.1896405864959217e-05,-2.264757759169516e-05,1.1001880998413645e-05,-4.069544531555341e-06,-2.4110287117800584e-06,-2.4098766984104116e-06,-5.020013369647902e-09,3.868e-09,0.0,0.0
5.341890081237851e-09,0.0,0.0003690348394710073,1.531830247385112e-05,-2.6316193583324812e-05,1.0853965866794333e-05,-3.971277995823153e-06,-2.3604764302177484e-06,-2.359324090708137e-06,-5.020339509609558e-09,3.868e-09,0.0,0.0
5.343890081237851e-09,0.0,0.00036382910791458317,8.932889652551296e-06,-2.9909534953093983e-05,1.0700856115134799e-05,-3.875920955530032e-06,-2.3131723489494407e-06,-2.3120196899917847e-06,-5.02065895765733e-09,3.868e-09,0.0,0.0
5.3458900812378505e-09,0.0,0.0003584535471086094,2.741319647157545e-06,-3.34324926260021e-05,1.0542751385547335e-05,-3.7834399430374586e-06,-2.26897825693736e-06,-2.267825284788761e-06,-5.020972148594452e-09,3.868e-09,0.0,0.0
5.34789008123785e-09,0.0,0.00035291544921538037,-3.2556639263684405e-06,-3.6889740034871814e-05,1.037986615339354e-05,-3.6937887761820723e-06,-2.2277496262397587e-06,-2.2265963467418603e-06,-5.0212794978891e-09,3.868e-09,0.0,0.0
5.34989008123785e-09,0.0,0.00034722249477922476,-9.057712854991973e-06,-4.028572394583503e-05,1.0212426317036023e-05,-3.6069154864947547e-06,-2.1893363189111726e-06,-2.188182737510311e-06,-5.021581400858785e-09,3.868e-09,0.0,0.0
5.35189008123785e-09,0.0,0.00034138270487393065,-1.4664870086291082e-05,-4.3624656370788485e-05,1.0040667790409725e-05,-3.5227612695331932e-06,-2.153583293161125e-06,-2.152429414929175e-06,-5.021878231951363e-09,3.868e-09,0.0,0.0
5.35389008123785e-09,0.0,0.0003354044436538855,-2.0077562197431693e-05,-4.691050756720065e-05,9.864836578055457e-06,-3.441261313615572e-06,-2.12033131075076e-06,-2.1191771404066364e-06,-5.022170344122724e-09,3.868e-09,0.0,0.0
5.3558900812378495e-09,0.0,0.0003292963373439799,-2.529659193973587e-05,-5.0147000124844985e-05,9.685186392469997e-06,-3.3623454216596776e-06,-2.089417642599318e-06,-2.0882631845310103e-06,-5.0224580683110985e-09,3.868e-09,0.0,0.0
5.357890081237849e-09,0.0,0.00032306729367553323,-3.03231294341823e-05,-5.333760413521842e-05,9.501979225750978e-06,-3.2859381263469623e-06,-2.0606767706674868e-06,-2.059522028954476e-06,-5.02274171300762e-09,3.868e-09,0.0,0.0
5.359890081237849e-09,0.0,0.0003167264690673736,-3.5158699667304106e-05,-5.648553343480543e-05,9.315484384334519e-06,-3.2119581322546012e-06,-2.0339410820725686e-06,-2.032786060508646e-06,-5.023021563922354e-09,3.868e-09,0.0,0.0
5.361890081237849e-09,0.0,0.0003102832648021134,-3.980516470806383e-05,-5.959374290544015e-05,9.125978376532747e-06,-3.140317624275785e-06,-2.0090415492002488e-06,-2.007886251316498e-06,-5.023297883744293e-09,3.868e-09,0.0,0.0
5.363890081237849e-09,0.0,0.00030374718123167766,-4.4264706758569605e-05,-6.266492680740789e-05,8.933740624461108e-06,-3.0709247161793596e-06,-1.9858083921535523e-06,-1.9846528212415633e-06,-5.023570911993178e-09,3.868e-09,0.0,0.0
5.365890081237848e-09,0.0,0.00029712785730823797,-4.853981306453812e-05,-6.570151811840728e-05,8.739054626712881e-06,-3.0036832339631622e-06,-1.9640717239226183e-06,-1.9629158830576605e-06,-5.0238408649607274e-09,3.868e-09,0.0,0.0
5.367890081237848e-09,0.0,0.00029043502957715666,-5.263325723077868e-05,-6.870568885019424e-05,8.542206752269314e-06,-2.9384924167821353e-06,-1.9436621762011196e-06,-1.9425060682653805e-06,-5.024107935738782e-09,3.868e-09,0.0,0.0
5.369890081237848e-09,0.0,0.0002836785029820358,-5.6548078180869535e-05,-7.167935130974341e-05,8.343485381824582e-06,-2.8752472730570043e-06,-1.9244115014428774e-06,-1.9232551291485357e-06,-5.024372294331436e-09,3.868e-09,0.0,0.0
5.371890081237848e-09,0.0,0.00027686810906282615,-6.028755862088543e-05,-7.462416026635753e-05,8.143179678318415e-06,-2.8138391556114328e-06,-1.9061531485376693e-06,-1.9049965144498162e-06,-5.024634087847679e-09,3.868e-09,0.0,0.0
5.3738900812378475e-09,0.0,0.0002700138283111484,-6.385520190622861e-05,-7.754151598248707e-05,7.94158318562201e-06,-2.7541555157011166e-06,-1.8887228099593447e-06,-1.8875659165185798e-06,-5.024893440770843e-09,3.868e-09,0.0,0.0
5.375890081237847e-09,0.0,0.0002631252890527995,-6.725471116142694e-05,-8.043256806394685e-05,7.73897908978822e-06,-2.6960823339262014e-06,-1.8719589398344169e-06,-1.870801789379106e-06,-5.0251504553008855e-09,3.868e-09,0.0,0.0
5.377890081237847e-09,0.0,0.00025621221424478404,-7.048996839470497e-05,-8.329822008509403e-05,7.535653360140707e-06,-2.6395026941713464e-06,-1.8557032433239445e-06,-1.8545458381121762e-06,-5.025405211765565e-09,3.868e-09,0.0,0.0
5.379890081237847e-09,0.0,0.00024928422150070445,-7.356501095078641e-05,-8.613913494305065e-05,7.3318888676677775e-06,-2.584297834525597e-06,-1.839801135000536e-06,-1.8386434772314515e-06,-5.025657769096437e-09,3.868e-09,0.0,0.0
5.381890081237847e-09,0.0,0.00024235079502868423,-7.648401005167762e-05,-8.895574089243496e-05,7.127964559667183e-06,-2.5303480187513644e-06,-1.8241021651335127e-06,-1.822944256968132e-06,-5.025908165365338e-09,3.868e-09,0.0,0.0
5.3838900812378465e-09,0.0,0.00023542118063936713,-7.925125027426671e-05,-9.174823821199074e-05,6.924152371746092e-06,-2.4775329518816383e-06,-1.808460414872733e-06,-1.8073022584543544e-06,-5.026156418377046e-09,3.868e-09,0.0,0.0
5.385176502825386e-09,0.0,0.00023097000045669723,-8.095286218629647e-05,-9.353166978014264e-05,6.793235307549918e-06,-2.4441073081032464e-06,-1.7983680781604315e-06,-1.797209763194983e-06,-5.0263149654434555e-09,3.868e-09,0.0,0.0
5.385376502825386e-09,0.0,0.0002302786414406026,-8.121127966590645e-05,-9.380792126695379e-05,6.772901218841254e-06,-2.438960440627529e-06,-1.796793003796776e-06,-1.795634664272558e-06,-5.026339524200631e-09,3.868e-09,0.0,0.0
5.385776502825386e-09,0.0,0.00022889651257720244,-8.172524119580868e-05,-9.435993897946881e-05,6.7322503699177184e-06,-2.4286658206500582e-06,-1.7936388556737329e-06,-1.7924804670751417e-06,-5.0263885985752745e-09,3.868e-09,0.0,0.0
5.386576502825386e-09,0.0,0.00022613510126606574,-8.273603130749234e-05,-9.546105447261294e-05,6.651032390178404e-06,-2.40818312092173e-06,-1.7873033721310849e-06,-1.786144885643318e-06,-5.026486487742615e-09,3.868e-09,0.0,0.0
5.388176502825386e-09,0.0,0.00022062517496101194,-8.469016203484252e-05,-9.765150277732416e-05,6.48897573414741e-06,-2.3676162563066828e-06,-1.7744922907310552e-06,-1.7733336095124362e-06,-5.026681218596904e-09,3.868e-09,0.0,0.0
5.390176502825386e-09,0.0,0.00021376727640732082,-8.700921114663713e-05,-0.00010036712606058609,6.287272835509436e-06,-2.3175790243519072e-06,-1.7581355813656353e-06,-1.7569766587281223e-06,-5.026922637506786e-09,3.868e-09,0.0,0.0
5.3921765028253855e-09,0.0,0.00020694991240346815,-8.919500136969718e-05,-0.00010305720657269324,6.086762129513769e-06,-2.2681814666714113e-06,-1.7412871687968534e-06,-1.7401280070111801e-06,-5.027161785664312e-09,3.868e-09,0.0,0.0
5.394176502825385e-09,0.0,0.00020018131830098015,-9.125209026585826e-05,-0.00010572089741030833,5.8876858323817694e-06,-2.2193083639936853e-06,-1.723829480476208e-06,-1.7226700818884222e-06,-5.027398587779777e-09,3.868e-09,0.0,0.0
5.396176502825385e-09,0.0,0.00019346941053223707,-9.318503620101541e-05,-0.00010835717561743697,5.690276780359914e-06,-2.1708464665873337e-06,-1.7056512203317228e-06,-1.7044915873788181e-06,-5.02763295291239e-09,3.868e-09,0.0,0.0
5.398176502825385e-09,0.0,0.00018682157868508674,-9.499838552934443e-05,-0.00011096485198040413,5.494752314267257e-06,-2.1226869191778177e-06,-1.6866475492539033e-06,-1.6854876844785702e-06,-5.027864775341059e-09,3.868e-09,0.0,0.0
5.400176502825385e-09,0.0,0.00018024580525738697,-9.66966620502103e-05,-0.00011354258108170282,5.3013472134525574e-06,-2.0747243020916643e-06,-1.666720241145232e-06,-1.6655601472097628e-06,-5.028093935458163e-09,3.868e-09,0.0,0.0
5.4021765028253845e-09,0.0,0.0001737508887844625,-9.828435582981744e-05,-0.00011608887157563654,5.110320258366544e-06,-2.026857562723047e-06,-1.6457778152047453e-06,-1.644617494904059e-06,-5.028320300683074e-09,3.868e-09,0.0,0.0
5.404176502825384e-09,0.0,0.0001673438488046902,-9.976591371099822e-05,-0.0001186020966494897,4.9218779060202995e-06,-1.978990164259965e-06,-1.6237356448314293e-06,-1.622575101105009e-06,-5.02854372639214e-09,3.868e-09,0.0,0.0
5.406176502825384e-09,0.0,0.0001610285419323635,-0.000101145732754445,-0.00012108050463612161,4.736133586245985e-06,-1.9310315907378685e-06,-1.6005160455733569e-06,-1.5993552815164692e-06,-5.0287640568621505e-09,3.868e-09,0.0,0.0
5.408176502825384e-09,0.0,0.00015480869625731337,-0.0001024281513285513,-0.0001235222297458948,4.553196948744511e-06,-1.8828948284811652e-06,-1.5760483423148771e-06,-1.5748873611886335e-06,-5.02898112622441e-09,3.868e-09,0.0,0.0
5.410176502825384e-09,0.0,0.00014869017629941624,-0.00010361744040792445,-0.0001259253028849948,4.373240479394595e-06,-1.8344991006828565e-06,-1.5502689144007079e-06,-1.54910771964128e-06,-5.029194759426476e-09,3.868e-09,0.0,0.0
5.412176502825383e-09,0.0,0.00014267921360682528,-0.00010471779966099196,-0.0001282876625283128,4.196447459024273e-06,-1.7857695839376964e-06,-1.5231212214453006e-06,-1.5219598166720655e-06,-5.0294047731987665e-09,3.868e-09,0.0,0.0
5.414176502825383e-09,0.0,0.0001367808922415589,-0.00010573335443524699,-0.0001306071656196119,4.02296741886938e-06,-1.7366381733060952e-06,-1.4945558129937537e-06,-1.4933942020167127e-06,-5.029610977023583e-09,3.868e-09,0.0,0.0
5.416176502825383e-09,0.0,0.00013099990057068652,-0.00010666815396899832,-0.00013288159847504836,3.852938252079015e-06,-1.6870433311868636e-06,-1.464530323224812e-06,-1.463368510050704e-06,-5.029813174104432e-09,3.868e-09,0.0,0.0
5.418176502825383e-09,0.0,0.00012534056787997621,-0.0001075261686834828,-0.00013510868766718607,3.6864872905875356e-06,-1.6369297560273987e-06,-1.4330094508906709e-06,-1.4318474397283156e-06,-5.0300111623336125e-09,3.868e-09,0.0,0.0
5.4201765028253825e-09,0.0,0.00011980662696688901,-0.0001083112855960446,-0.00013728611086561893,3.523724322555559e-06,-1.586247723376041e-06,-1.3999649229695602e-06,-1.3988027182342791e-06,-5.030204735255953e-09,3.868e-09,0.0,0.0
5.422176502825382e-09,0.0,0.00011440116885525082,-0.00010902730241652297,-0.00013941150760782268,3.3647402604485536e-06,-1.5349529996847853e-06,-1.3653754403135226e-06,-1.3642130466304768e-06,-5.030393683026335e-09,3.868e-09,0.0,0.0
5.424176502825382e-09,0.0,0.00010912673840479488,-0.00010967792551695962,-0.00014148248997372588,3.209609953082202e-06,-1.483008728382774e-06,-1.3292266068370285e-06,-1.3280640290436348e-06,-5.030577793358665e-09,3.868e-09,0.0,0.0
5.426176502825382e-09,0.0,0.00010398546400339512,-0.0001102667660354882,-0.00014349665313965047,3.0583960000998564e-06,-1.4303824596737365e-06,-1.2915108435107974e-06,-1.2903480866583296e-06,-5.030756852464115e-09,3.868e-09,0.0,0.0
5.428176502825382e-09,0.0,9.897896229390465e-05,-0.0001107973375090263,-0.00014545158578822424,2.911145949820725e-06,-1.3770496933190829e-06,-1.252227287133604e-06,-1.251064356487606e-06,-5.030930645976573e-09,3.868e-09,0.0,0.0
5.4301765028253815e-09,0.0,9.410825456309038e-05,-0.0001112730663467755,-0.00014734488035720003,2.767889840090893e-06,-1.3229965083165958e-06,-1.2113816821407487e-06,-1.2102185831808763e-06,-5.031098959863755e-09,3.868e-09,0.0,0.0
5.432176502825381e-09,0.0,8.937403556154778e-05,-0.00011169729974918877,-0.0001491741431210607,2.628648104751405e-06,-1.2682154462428449e-06,-1.1689862714193101e-06,-1.167823009837985e-06,-5.031261581323462e-09,3.868e-09,0.0,0.0
5.434176502825381e-09,0.0,8.477664555721061e-05,-0.00011207329621218042,-0.00015093700409540137,2.493430751682665e-06,-1.2127007423878432e-06,-1.1250596751045382e-06,-1.1238962568048654e-06,-5.031418299664081e-09,3.868e-09,0.0,0.0
5.436176502825381e-09,0.0,8.031609121509586e-05,-0.00011240421044191837,-0.00015263112673582867,2.362237976914584e-06,-1.1564500495542484e-06,-1.079626744657802e-06,-1.0784631757506345e-06,-5.031568907166815e-09,3.868e-09,0.0,0.0
5.438176502825381e-09,0.0,7.599200322967593e-05,-0.00011269308979845936,-0.000154254217396126,2.2350589185198803e-06,-1.09946813114023e-06,-1.0327183958358167e-06,-1.031554682635866e-06,-5.031713199926515e-09,3.868e-09,0.0,0.0
5.44017650282538e-09,0.0,7.180362139418954e-05,-0.0001129428777736989,-0.00015580403452146533,2.1118712174761627e-06,-1.0417663196735668e-06,-9.84371431283924e-07,-9.832075803051861e-07,-5.031850978668958e-09,3.868e-09,0.0,0.0
5.44217650282538e-09,0.0,6.774992037015355e-05,-0.00011315641487938841,-0.00015727839756286604,1.992644716769222e-06,-9.83361408703266e-07,-9.346283555652362e-07,-9.334643735156871e-07,-5.0319820495433385e-09,3.868e-09,0.0,0.0
5.44417650282538e-09,0.0,6.382958125594771e-05,-0.0001133364376207406,-0.0001586751955995684,1.8773406251749327e-06,-9.24275429736214e-07,-8.83537180422235e-07,-8.823730741973313e-07,-5.032106224888802e-09,3.868e-09,0.0,0.0
5.44617650282538e-09,0.0,6.004101494612358e-05,-0.00011348557759005864,-0.000159992395653785,1.7659122042977523e-06,-8.645355350452966e-07,-8.311512196082036e-07,-8.29986996284224e-07,-5.0322233239736215e-09,3.868e-09,0.0,0.0
5.4481765028253795e-09,0.0,5.638237456489234e-05,-0.00011360636002812372,-0.00016122805068188598,1.6583051342615393e-06,-8.041734297019881e-07,-7.7752887342075e-07,-7.763645402470223e-07,-5.0323331737056194e-09,3.868e-09,0.0,0.0
5.450176502825379e-09,0.0,5.285155687314203e-05,-0.00011370120250667259,-0.0001623803072262903,1.5544575550924125e-06,-7.432255586454922e-07,-7.22733403087953e-07,-7.215689674785954e-07,-5.0324356093124174e-09,3.868e-09,0.0,0.0
5.452176502825379e-09,0.0,4.944619443580078e-05,-0.00011377241434835465,-0.00016344741271313013,1.4542998363470817e-06,-6.817328256466087e-07,-6.668326958881646e-07,-6.656681654131427e-07,-5.032530474990197e-09,3.868e-09,0.0,0.0
5.454176502825379e-09,0.0,4.6163666111319625e-05,-0.00011382219573456555,-0.000164427722381934,1.3577548856270478e-06,-6.197402408447863e-07,-6.098990216564393e-07,-6.087344040318964e-07,-5.032617624519754e-09,3.868e-09,0.0,0.0
5.456176502825379e-09,0.0,4.3001145996202057e-05,-0.00011385263508974389,-0.00016531970583352843,1.26473958812359e-06,-5.572959202979733e-07,-5.520087799627041e-07,-5.508440830408353e-07,-5.032696921848601e-09,3.868e-09,0.0,0.0
5.4581765028253785e-09,0.0,3.995559856096952e-05,-0.00011386570634874556,-0.00016612195318135332,1.175164663557927e-06,-4.9445151276173e-07,-4.932422373731642e-07,-4.920774691315275e-07,-5.032768241637821e-09,3.868e-09,0.0,0.0
5.460176502825378e-09,0.0,3.70237840371248e-05,-0.00011386326732659332,-0.0001668331807917171,1.0889348246213177e-06,-4.3126178641296724e-07,-4.336832558111917e-07,-4.325184243413776e-07,-5.032831469772384e-09,3.868e-09,0.0,0.0
5.462176502825378e-09,0.0,3.420227710937825e-05,-0.0001138470578492172,-0.0001674522366000382,1.0059493267464192e-06,-3.6778437212215624e-07,-3.7341901297986e-07,-3.722541264759957e-07,-5.032886503833744e-09,3.868e-09,0.0,0.0
5.464176502825378e-09,0.0,3.1487483440355075e-05,-0.00011381869858754694,-0.00016797810499143785,9.261024541280905e-07,-3.040798034046488e-07,-3.1253971559705663e-07,-3.1137478234349674e-07,-5.0329332535337384e-09,3.868e-09,0.0,0.0
5.466176502825378e-09,0.0,2.8875656773421198e-05,-0.00011377969060256741,-0.00016840991123562383,8.492840227476823e-07,-2.4021125039696235e-07,-2.511383067393833e-07,-2.499733350982741e-07,-5.032971641108847e-09,3.868e-09,0.0,0.0
5.468176502825377e-09,0.0,2.6362941508536904e-05,-0.00011373140980112665,-0.00016874692546550336,7.753806326040266e-07,-1.7624166337318482e-07,-1.8931016534684158e-07,-1.8814516374515223e-07,-5.0330016016738835e-09,3.868e-09,0.0,0.0
5.470176502825377e-09,0.0,2.394535703661545e-05,-0.00011367510422112031,-0.00016898856618689326,7.04275206959278e-07,-1.1223742585581953e-07,-1.2715279714531253e-07,-1.25987774061753e-07,-5.033023083534014e-09,3.868e-09,0.0,0.0
5.472176502825377e-09,0.0,2.161883342269147e-05,-0.00011361189550458428,-0.00016913440330957238,6.358480418438667e-07,-4.8266160640662755e-08,-6.47655214695877e-08,-6.360048542111479e-08,-5.0330360484542205e-09,3.868e-09,0.0,0.0
5.474176502825377e-09,0.0,1.9379234557148256e-05,-0.00011354277676605688,-0.0001691841606940405,5.699774869749487e-07,1.5603497359912135e-08,-2.2491548592896714e-09,-1.0841143873732088e-09,-5.0330404718857e-09,3.868e-09,0.0,0.0
5.4761765028253765e-09,0.0,1.7222562631506877e-05,-0.00011346860267879696,-0.00016913771820452236,5.065459597502023e-07,7.930618356680955e-08,6.029431441781814e-08,6.145935076102638e-08,-5.033036343148382e-09,3.868e-09,0.0,0.0
5.478176502825376e-09,0.0,1.5145041189742887e-05,-0.00011339010301374965,-0.0001689951132614683,4.454423879336143e-07,1.4276451592323792e-07,1.2276205154370915e-07,1.2392707520931016e-07,-5.033023665568944e-09,3.868e-09,0.0,0.0
5.480176502825376e-09,0.0,1.3140810486481036e-05,-0.00011330791053581111,-0.00016875654191077723,3.8649442607297165e-07,2.0589787538844e-07,1.8505067823252643e-07,1.8621568068913005e-07,-5.0330024565758686e-09,3.868e-09,0.0,0.0
5.482176502825376e-09,0.0,1.1206616362866432e-05,-0.00011322252443202767,-0.00016842235942247452,3.296063636137186e-07,2.686462777811168e-07,2.47056581356674e-07,2.482215541044371e-07,-5.0329727477526585e-09,3.868e-09,0.0,0.0
5.484176502825376e-09,0.0,9.338293771114806e-06,-0.0001131342935920172,-0.0001679930803914554,2.746556991504355e-07,3.309372826963629e-07,3.086762516355947e-07,3.098411862204379e-07,-5.0329345848468e-09,3.868e-09,0.0,0.0
5.4861765028253755e-09,0.0,7.531637585348414e-06,-0.00011304344379328533,-0.00016746937832205834,2.2151875251024747e-07,3.9269793487694807e-07,3.698066159679699e-07,3.7097150399573804e-07,-5.032888027732832e-09,3.868e-09,0.0,0.0
5.488176502825375e-09,0.0,5.782529214201955e-06,-0.00011295007797726094,-0.0001668520847140279,1.7007438865299869e-07,4.5385684494869834e-07,4.30345353293548e-07,4.3151018644388287e-07,-5.032833150331077e-09,3.868e-09,0.0,0.0
5.490176502825375e-09,0.0,4.08694658679602e-06,-0.00011285417474048533,-0.00016614218766321793,1.2020431137635355e-07,5.143436265909156e-07,4.901912095685913e-07,4.913559796091045e-07,-5.03277004048326e-09,3.868e-09,0.0,0.0
5.492176502825375e-09,0.0,2.4409485350890043e-06,-0.00011275560926180499,-0.00016534082998773936,7.179260397320601e-08,5.740789255950874e-07,5.492442997132704e-07,5.504089985130763e-07,-5.032698799785911e-09,3.868e-09,0.0,0.0
5.494176502825375e-09,0.0,8.406991957080753e-07,-0.00011265418829307212,-0.0001644493069157561,2.472644693259045e-08,6.329779711002261e-07,6.074063755217979e-07,6.085709950651998e-07,-5.032619543384811e-09,3.868e-09,0.0,0.0
5.496176502825374e-09,0.0,-7.175225726129695e-07,-0.00011254962933891144,-0.0001634690633695918,-2.1103605076852045e-08,6.909752871881181e-07,6.645810825486963e-07,6.657456149484261e-07,-5.032532399733556e-09,3.868e-09,0.0,0.0
5.498176502825374e-09,0.0,-2.237300226963904e-06,-0.00011244148342587297,-0.00016240169081495958,-6.580294785187953e-08,7.480285827038577e-07,7.206742685631572e-07,7.218387060734725e-07,-5.03243751031345e-09,3.868e-09,0.0,0.0
5.500176502825374e-09,0.0,-3.722117807499307e-06,-0.00011232911522519024,-0.00016124892359683184,-1.0947405316174433e-07,8.040870240618858e-07,7.755943424632791e-07,7.767586774925681e-07,-5.032335029307758e-09,3.868e-09,0.0,0.0
5.502176502825374e-09,0.0,-5.175300975871704e-06,-0.00011221177503634587,-0.0001600126347492941,-1.5221473458446187e-07,8.590779914402646e-07,8.292525991832228e-07,8.304168243064656e-07,-5.032225123229212e-09,3.868e-09,0.0,0.0
5.5041765028253736e-09,0.0,-6.6000238170227435e-06,-0.00011208865632638616,-0.00015869483136555566,-1.9411834755949245e-07,9.129280731759499e-07,8.815634665830066e-07,8.827275745535389e-07,-5.032107970508398e-09,3.868e-09,0.0,0.0
5.506176502825373e-09,0.0,-7.999293162015354e-06,-0.0001119588906559454,-0.0001572976496151287,-2.3527332829456922e-07,9.655736488565829e-07,9.324447172404813e-07,9.336087010015492e-07,-5.031983761050785e-09,3.868e-09,0.0,0.0
5.508176502825373e-09,0.0,-9.375953223812796e-06,-0.00011182153867445929,-0.0001558233494336822,-2.7576333011214106e-07,1.0169526853656679e-06,9.818176821831656e-07,9.829815348789397e-07,-5.031852695764654e-09,3.868e-09,0.0,0.0
5.510176502825373e-09,0.0,-1.0732692434445971e-05,-0.0001116755968105813,-0.00015427430888795393,-3.1566742454252857e-07,1.067005562746582e-06,1.0296074595817381e-06,1.0307711745677892e-06,-5.031714986060139e-09,3.868e-09,0.0,0.0
5.512176502825373e-09,0.0,-1.2072053574163222e-05,-0.00011151999864995757,-0.00015265301822823163,-3.5506039924009474e-07,1.1156772948830604e-06,1.0757431122179253e-06,1.0769066830712613e-06,-5.03157085332049e-09,3.868e-09,0.0,0.0
5.5141765028253725e-09,0.0,-1.3396425975475086e-05,-0.00011135361262193556,-0.00015096207364203795,-3.940125286904437e-07,1.1629175317139536e-06,1.120157858452153e-06,1.1213212789805025e-06,-5.031420528346777e-09,3.868e-09,0.0,0.0
5.516176502825372e-09,0.0,-1.4708018219764034e-05,-0.00011117524257669733,-0.00014920417071892435,-4.3258877116953044e-07,1.2086794960379595e-06,1.1627892568163578e-06,1.163952521067137e-06,-5.031264250776912e-09,3.868e-09,0.0,0.0
5.518176502825372e-09,0.0,-1.6008905262910596e-05,-0.00011098363286674644,-0.00014738209763961576,-4.708501547914881e-07,1.2529191663895206e-06,1.2035793797655306e-06,1.2047424820340637e-06,-5.031102268480162e-09,3.868e-09,0.0,0.0
5.520176502825372e-09,0.0,-1.7300947166846525e-05,-0.00011077747337237267,-0.00014549872810833115,-5.088513872601919e-07,1.2955964558788133e-06,1.2424749737990419e-06,1.2436379086359906e-06,-5.03093483692883e-09,3.868e-09,0.0,0.0
5.522176502825372e-09,0.0,-1.8585763588929255e-05,-0.00011055540215148423,-0.0001435570140484025,-5.466401055567428e-07,1.3366755217545383e-06,1.2794276070527603e-06,1.2805903692713065e-06,-5.030762218548904e-09,3.868e-09,0.0,0.0
5.5241765028253714e-09,0.0,-1.9864833991870764e-05,-0.00011031601258149507,-0.00014155997808156962,-5.842598232903165e-07,1.3761225045121756e-06,1.3143938029293627e-06,1.3155563876114087e-06,-5.030584682051451e-09,3.868e-09,0.0,0.0
5.526176502825371e-09,0.0,-2.113956993407513e-05,-0.00011005786420174175,-0.00013951070581613863,-6.217520568845626e-07,1.4139061981016753e-06,1.34733515494711e-06,1.3484975574488565e-06,-5.0304025017470546e-09,3.868e-09,0.0,0.0
5.528176502825371e-09,0.0,-2.2411256004624833e-05,-0.00010977949252795562,-0.0001374123379741925,-6.591545883713186e-07,1.4499980998413806e-06,1.3782184211242451e-06,1.3793806370811278e-06,-5.030215956845906e-09,3.868e-09,0.0,0.0
5.530176502825371e-09,0.0,-2.3680984221572955e-05,-0.00010947941791675068,-0.00013526806238859507,-6.964995359286163e-07,1.4843730019165461e-06,1.407015598864838e-06,1.4081776241956227e-06,-5.0300253307463456e-09,3.868e-09,0.0,0.0
5.5321765028253706e-09,0.0,-2.4949676348288537e-05,-0.00010915615337380786,-0.00013308110589900537,-7.338140102437805e-07,1.5170090561515417e-06,1.4337039813606803e-06,1.4348658122710265e-06,-5.029830910314421e-09,3.868e-09,0.0,0.0
5.53417650282537e-09,0.0,-2.6218104728236824e-05,-0.00010880821420611496,-0.00013085472617574239,-7.711207273010831e-07,1.5478868865381866e-06,1.4582661949856845e-06,1.4594278279708457e-06,-5.029632985157023e-09,3.868e-09,0.0,0.0
5.53617650282537e-09,0.0,-2.7486894299800887e-05,-0.00010843412848893054,-0.00012859220350192743,-8.084380676412025e-07,1.5769901260298737e-06,1.4806902161417304e-06,1.4818516479886575e-06,-5.0294318468913215e-09,3.868e-09,0.0,0.0
5.53817650282537e-09,0.0,-2.8756525801621885e-05,-0.00010803244659764531,-0.00012629683254547383,-8.457801706359378e-07,1.6043053576932282e-06,1.5009693676126188e-06,1.5021305954010435e-06,-5.029227788413291e-09,3.868e-09,0.0,0.0
5.54017650282537e-09,0.0,-3.0027345132829755e-05,-0.0001076017506084442,-0.00012397191415197104,-8.831572097891105e-07,1.6298222116017346e-06,1.5191022950494027e-06,1.5202633161525727e-06,-5.02902110316811e-09,3.868e-09,0.0,0.0
5.5421765028253695e-09,0.0,-3.129955913586723e-05,-0.00010714066299983906,-0.00012162074718862594,-9.205752687019774e-07,1.653533549036037e-06,1.5350929241116206e-06,1.5362537361960694e-06,-5.028812084425069e-09,3.868e-09,0.0,0.0
5.544176502825369e-09,0.0,-3.257324217353943e-05,-0.00010664785435407124,-0.00011924662046821782,-9.580365345158655e-07,1.6754356713321178e-06,1.5489503993099328e-06,1.5501110003345042e-06,-5.0286010245596244e-09,3.868e-09,0.0,0.0
5.546176502825369e-09,0.0,-3.384834497233737e-05,-0.00010612205041865795,-0.00011685280478041638,-9.955395580099225e-07,1.6955282894712833e-06,1.5606890055930713e-06,1.5618493938074265e-06,-5.028388214344979e-09,3.868e-09,0.0,0.0
5.548176502825369e-09,0.0,-3.512471044035801e-05,-0.00010556203942082106,-0.00011444254505672649,-1.0330797188340592e-06,1.7138142550938902e-06,1.570328073047187e-06,1.5714882469894582e-06,-5.028173942255543e-09,3.868e-09,0.0,0.0
5.550176502825369e-09,0.0,-3.640206394262941e-05,-0.00010496667906696939,-0.00011201905269487624,-1.0706489394891003e-06,1.730299778739618e-06,1.5778918649220683e-06,1.579051823415845e-06,-5.027958493784574e-09,3.868e-09,0.0,0.0
5.5521765028253684e-09,0.0,-3.7680022131537114e-05,-0.00010433490253932749,-0.00010958549806756914,-1.1082359450452092e-06,1.7449944703530227e-06,1.5834094499325642e-06,1.5845691920833896e-06,-5.027742150778207e-09,3.868e-09,0.0,0.0
5.554176502825368e-09,0.0,-3.895809618298358e-05,-0.00010366572401667751,-0.00010714500323897344,-1.1458263583230463e-06,1.7579112652368438e-06,1.5869145599002768e-06,1.5880740850910747e-06,-5.027525190787945e-09,3.868e-09,0.0,0.0
5.556176502825368e-09,0.0,-4.023569099418665e-05,-0.00010295824384591495,-0.00010470063491094618,-1.1834026762996073e-06,1.7690663729902814e-06,1.5884454334578665e-06,1.5896047413443233e-06,-5.027307886443583e-09,3.868e-09,0.0,0.0
5.558176502825368e-09,0.0,-4.151211888960235e-05,-0.00010221165336701833,-0.0001022553976199167,-1.2209446732235985e-06,1.77847917496834e-06,1.5880446464891368e-06,1.5892037369939923e-06,-5.027090504848411e-09,3.868e-09,0.0,0.0
5.5601765028253676e-09,0.0,-4.278663944041039e-05,-0.00010142523972154257,-9.981222720444398e-05,-1.2584305717767761e-06,1.7861719831357797e-06,1.585758929813537e-06,1.5869178031205399e-06,-5.026873306998474e-09,3.868e-09,0.0,0.0
5.562176502825367e-09,0.0,-4.405839098686401e-05,-0.00010059838997470399,-9.737398456251788e-05,-1.2958350290254121e-06,1.7921702456926823e-06,1.5816389748361636e-06,1.5827976313834136e-06,-5.026656547227607e-09,3.868e-09,0.0,0.0
5.564176502825367e-09,0.0,-4.532644044040894e-05,-9.973059460894639e-05,-9.494344971628379e-05,-1.3331306011884982e-06,1.7965022541732593e-06,1.5757392282482448e-06,1.576897668720945e-06,-5.0264404726797774e-09,3.868e-09,0.0,0.0
5.566176502825367e-09,0.0,-4.658979551703764e-05,-9.882145155186741e-05,-9.252331620071518e-05,-1.3702881034422835e-06,1.799198749638678e-06,1.5681176761954313e-06,1.5692759015182233e-06,-5.026225322810244e-09,3.868e-09,0.0,0.0
5.568176502825367e-09,0.0,-4.7847434194114424e-05,-9.787067363708361e-05,-9.011618579385735e-05,-1.407277476297483e-06,1.800291166272357e-06,1.5588356160680564e-06,1.5599936273969715e-06,-5.026011328917074e-09,3.868e-09,0.0,0.0
5.5701765028253665e-09,0.0,-4.909804176825636e-05,-9.687809275658668e-05,-8.772456360742701e-05,-1.4440600520075399e-06,1.7998145636514447e-06,1.5479574162487805e-06,1.5491152149624976e-06,-5.0257987137047e-09,3.868e-09,0.0,0.0
5.572176502825366e-09,0.0,-5.034028994196171e-05,-9.584363119219879e-05,-8.53508535403594e-05,-1.480596762998874e-06,1.7978205346326221e-06,1.5355502845345208e-06,1.536707872225402e-06,-5.025587690879738e-09,3.868e-09,0.0,0.0
5.574176502825366e-09,0.0,-5.157315188514823e-05,-9.476732208982528e-05,-8.299735408870662e-05,-1.5168574083867128e-06,1.7943394102399671e-06,1.5216840364584425e-06,1.5228414149231996e-06,-5.025378464778485e-09,3.868e-09,0.0,0.0
5.576176502825366e-09,0.0,-5.279526391901512e-05,-9.364933576703318e-05,-8.066625453548364e-05,-1.552801879971033e-06,1.7894146616827838e-06,1.5064308330366363e-06,1.50758800426664e-06,-5.025171230028204e-09,3.868e-09,0.0,0.0
5.578176502825366e-09,0.0,-5.400523246820278e-05,-9.248995866427206e-05,-7.835963154919297e-05,-1.5883891902412581e-06,1.783091503166093e-06,1.4898649117399585e-06,1.4910218779112019e-06,-5.024966171244723e-09,3.868e-09,0.0,0.0
5.5801765028253654e-09,0.0,-5.520164801242009e-05,-9.128959482880611e-05,-7.607944619036421e-05,-1.623577882718238e-06,1.7754165599038668e-06,1.4720623251034321e-06,1.4732190885661953e-06,-5.024763462766324e-09,3.868e-09,0.0,0.0
5.582176502825365e-09,0.0,-5.638303956263812e-05,-9.00487668731439e-05,-7.382754132352341e-05,-1.658324693018768e-06,1.7664379342220917e-06,1.453100675058424e-06,1.4542572383268479e-06,-5.024563268423661e-09,3.868e-09,0.0,0.0
5.584176502825365e-09,0.0,-5.7547708107553486e-05,-8.876811552172963e-05,-7.160563943997984e-05,-1.6925796502221613e-06,1.7562053070276733e-06,1.433058844538464e-06,1.4342152102798e-06,-5.024365741346214e-09,3.868e-09,0.0,0.0
5.586176502825365e-09,0.0,-5.8693902491036956e-05,-8.744839840842877e-05,-6.941534089433202e-05,-1.726291249736381e-06,1.7447696708598683e-06,1.412016728038561e-06,1.4131728990623716e-06,-5.024171023805506e-09,3.868e-09,0.0,0.0
5.5881765028253646e-09,0.0,-5.982027955203177e-05,-8.609048857910523e-05,-6.725812255549325e-05,-1.7594199868244639e-06,1.7321832045334306e-06,1.3900549621809412e-06,1.3912109414280355e-06,-5.023979247095183e-09,3.868e-09,0.0,0.0
5.590176502825364e-09,0.0,-6.0925800481631504e-05,-8.469537252038717e-05,-6.513533687153629e-05,-1.7919353082832795e-06,1.7184990960149313e-06,1.3672546571845418e-06,1.3684104477159806e-06,-5.023790531447879e-09,3.868e-09,0.0,0.0
5.592176502825364e-09,0.0,-6.200907963357067e-05,-8.326414704913145e-05,-6.304821134591364e-05,-1.823796459810902e-06,1.703771750991144e-06,1.3436971306074578e-06,1.3448527355934336e-06,-5.023604985988651e-09,3.868e-09,0.0,0.0
5.594176502825364e-09,0.0,-6.30682919879858e-05,-8.17980159474378e-05,-6.0997848420601805e-05,-1.8549497643525236e-06,1.6880561817612494e-06,1.3194636446032089e-06,1.3206190673119338e-06,-5.023422708724591e-09,3.868e-09,0.0,0.0
5.596176502825364e-09,0.0,-6.410164885333336e-05,-8.029828672919812e-05,-5.898522576036391e-05,-1.885342613333334e-06,1.6714080315178633e-06,1.2946351472107875e-06,1.2957903909973555e-06,-5.023243786570096e-09,3.868e-09,0.0,0.0
5.5981765028253635e-09,0.0,-6.510752795837847e-05,-7.876636675896488e-05,-5.701119693136035e-05,-1.9149272928934842e-06,1.6538833593107072e-06,1.2692920184118756e-06,1.2704470867072755e-06,-5.023068295407197e-09,3.868e-09,0.0,0.0
5.600176502825363e-09,0.0,-6.608429756066456e-05,-7.720375884051522e-05,-5.5076492465930434e-05,-1.943655810607781e-06,1.635538616622074e-06,1.2435138220514306e-06,1.2446687183516114e-06,-5.02289630018022e-09,3.868e-09,0.0,0.0
5.602176502825363e-09,0.0,-6.703035772001003e-05,-7.561205593767706e-05,-5.31817213035943e-05,-1.9714811094120596e-06,1.6164306129702326e-06,1.217379064830323e-06,1.218533792685347e-06,-5.0227278550238895e-09,3.868e-09,0.0,0.0
5.604176502825363e-09,0.0,-6.794418097368023e-05,-7.399293511104878e-05,-5.132737259636603e-05,-1.9983582639317715e-06,1.596616466402311e-06,1.1909649637079745e-06,1.1921195267114025e-06,-5.0225630034238166e-09,3.868e-09,0.0,0.0
5.606176502825363e-09,0.0,-6.882430389050857e-05,-7.234815113166035e-05,-4.95138178646575e-05,-2.0242442320737816e-06,1.5761533577930172e-06,1.1643472227313083e-06,1.1655016245097318e-06,-5.022401778408169e-09,3.868e-09,0.0,0.0
5.6081765028253624e-09,0.0,-6.966930493819926e-05,-7.067953029072341e-05,-4.7741313488925874e-05,-2.049097204064684e-06,1.5550982426225988e-06,1.1375998197386528e-06,1.1387540639414237e-06,-5.022244202769165e-09,3.868e-09,0.0,0.0
5.610176502825362e-09,0.0,-7.047779697263984e-05,-6.898896358271733e-05,-4.6010003521409714e-05,-2.0728763815482305e-06,1.5335080345353461e-06,1.110794803540274e-06,1.1119488938295965e-06,-5.022090289313053e-09,3.868e-09,0.0,0.0
5.612176502825362e-09,0.0,-7.124845401197952e-05,-6.727840057331843e-05,-4.431992280159832e-05,-2.0955427650582213e-06,1.5114386865602697e-06,1.0840021018840964e-06,1.0851560419252381e-06,-5.021940041137062e-09,3.868e-09,0.0,0.0
5.614176502825362e-09,0.0,-7.198000896041927e-05,-6.554984456828356e-05,-4.267100035945153e-05,-2.117059087071155e-06,1.4889450892398247e-06,1.0572893394136593e-06,1.058443132865589e-06,-5.021793451931955e-09,3.868e-09,0.0,0.0
5.616176502825362e-09,0.0,-7.267121556250121e-05,-6.380534552350063e-05,-4.1063063090348514e-05,-2.1373886930147414e-06,1.466081941892966e-06,1.0307216664620196e-06,1.0318753169683324e-06,-5.021650506308732e-09,3.868e-09,0.0,0.0
5.618176502825361e-09,0.0,-7.332087003504623e-05,-6.204699001553427e-05,-3.949583968262862e-05,-2.1564961775013597e-06,1.442904013915717e-06,1.0043616018873905e-06,1.0055151130675382e-06,-5.021511180147786e-09,3.868e-09,0.0,0.0
5.620176502825361e-09,0.0,-7.39278164893379e-05,-6.02768918355206e-05,-3.796896477492169e-05,-2.174347543804056e-06,1.4194652749489655e-06,9.782688915104984e-07,9.794222669514657e-07,-5.021375440968491e-09,3.868e-09,0.0,0.0
5.622176502825361e-09,0.0,-7.44909617454334e-05,-5.84971850634331e-05,-3.6481983320428486e-05,-2.1909106395715704e-06,1.3958182629303986e-06,9.5250038064138e-07,9.536536238897021e-07,-5.021243248317186e-09,3.868e-09,0.0,0.0
5.624176502825361e-09,0.0,-7.500927585689872e-05,-5.671001761162512e-05,-3.503435513758946e-05,-2.206155172261727e-06,1.372014240506421e-06,9.271098992468633e-07,9.282630138010345e-07,-5.021114554171732e-09,3.868e-09,0.0,0.0
5.6261765028253605e-09,0.0,-7.548178088853148e-05,-5.491754397344061e-05,-3.3625459627409996e-05,-2.2200523790744553e-06,1.348103217047041e-06,9.021481601288979e-07,9.033011494322495e-07,-5.020989303360877e-09,3.868e-09,0.0,0.0
5.62817650282536e-09,0.0,-7.590756680520266e-05,-5.3121917834531666e-05,-3.2254600636896156e-05,-2.2325754942706663e-06,1.3241338049213279e-06,8.776626708017426e-07,8.788155382357396e-07,-5.02086743399662e-09,3.868e-09,0.0,0.0
5.63017650282536e-09,0.0,-7.628579345754861e-05,-5.1325284855812814e-05,-3.0921011447432646e-05,-2.2436998075749592e-06,1.3001531154925693e-06,8.536976591889043e-07,8.548504080668171e-07,-5.020748877917677e-09,3.868e-09,0.0,0.0
5.63217650282536e-09,0.0,-7.661569687116964e-05,-4.952977553391462e-05,-2.962385986686029e-05,-2.2534028491520483e-06,1.2762066897958175e-06,8.302940131160896e-07,8.314466466772302e-07,-5.020633561142164e-09,3.868e-09,0.0,0.0
5.63417650282536e-09,0.0,-7.689659665118797e-05,-4.773749833344344e-05,-2.836225340410805e-05,-2.2616646073878817e-06,1.2523383254508124e-06,8.074892334963623e-07,8.086417549006889e-07,-5.020521404327625e-09,3.868e-09,0.0,0.0
5.6361765028253595e-09,0.0,-7.712790253466558e-05,-4.595053312000702e-05,-2.7135244505509078e-05,-2.2684677216078114e-06,1.2285900200781873e-06,7.853174009547352e-07,7.864698132779713e-07,-5.020412323236539e-09,3.868e-09,0.0,0.0
5.638176502825359e-09,0.0,-7.730911541377773e-05,-4.417092466845568e-05,-2.594183583225214e-05,-2.273797512169933e-06,1.2050019370243984e-06,7.638091557268339e-07,7.649614619560386e-07,-5.020306229205487e-09,3.868e-09,0.0,0.0
5.640176502825359e-09,0.0,-7.743982593428665e-05,-4.240067620947249e-05,-2.47809855585779e-05,-2.277641939243725e-06,1.1816123936079378e-06,7.429916907908561e-07,7.441438938204752e-07,-5.020203029616158e-09,3.868e-09,0.0,0.0
5.642176502825359e-09,0.0,-7.751972203255212e-05,-4.064174341474031e-05,-2.3651612670567146e-05,-2.279991824486827e-06,1.1584576541299627e-06,7.228887579651501e-07,7.240408605935157e-07,-5.020102628366413e-09,3.868e-09,0.0,0.0
5.643675056331869e-09,0.0,-7.754615816310815e-05,-3.933232626040985e-05,-2.2825391448304312e-05,-2.280769357738475e-06,1.1412820278498077e-06,7.083062602770663e-07,7.094582894543624e-07,-5.020029177299754e-09,3.868e-09,0.0,0.0
5.643875056331869e-09,0.0,-7.754751390487561e-05,-3.91582386305857e-05,-2.271653800541278e-05,-2.2808092324963417e-06,1.13900311940777e-06,7.063953592947107e-07,7.07547378794938e-07,-5.020019500228681e-09,3.868e-09,0.0,0.0
5.644275056331869e-09,0.0,-7.754869178403034e-05,-3.8810363178785225e-05,-2.249941677883207e-05,-2.280843876000892e-06,1.1344513313926828e-06,7.025885937814954e-07,7.03740593979646e-07,-5.020000198151639e-09,3.868e-09,0.0,0.0
5.645075056331869e-09,0.0,-7.754491312481892e-05,-3.811645426251424e-05,-2.2068660412372493e-05,-2.2807327389652622e-06,1.1253847259655829e-06,6.95065635110058e-07,6.962175970139697e-07,-5.01996190391066e-09,3.868e-09,0.0,0.0
5.646675056331869e-09,0.0,-7.751280460104753e-05,-3.673643061953452e-05,-2.1220811361194478e-05,-2.279788370619045e-06,1.1074058219657988e-06,6.803852246201725e-07,6.815371111503075e-07,-5.019886530130009e-09,3.868e-09,0.0,0.0
5.648675056331869e-09,0.0,-7.742664794060453e-05,-3.502710968748468e-05,-2.0185875866942973e-05,-2.277254351194251e-06,1.0852391427354149e-06,6.627272368522861e-07,6.638790313766497e-07,-5.019794524364571e-09,3.868e-09,0.0,0.0
5.6506750563318685e-09,0.0,-7.728946921317622e-05,-3.333676263092848e-05,-1.9177508412326483e-05,-2.273219682740477e-06,1.0634375359695933e-06,6.458469547442904e-07,6.46998659624787e-07,-5.019704880497855e-09,3.868e-09,0.0,0.0
5.652675056331868e-09,0.0,-7.71014826620324e-05,-3.166701224393244e-05,-1.8194507708575657e-05,-2.2676906665303647e-06,1.0420259988712848e-06,6.29750637759559e-07,6.309022552512914e-07,-5.019617491735292e-09,3.868e-09,0.0,0.0
5.654675056331868e-09,0.0,-7.686300548341576e-05,-3.0019404783264594e-05,-1.7235665252596764e-05,-2.2606766318651695e-06,1.0210269521108207e-06,6.14441405270633e-07,6.155929375212732e-07,-5.019532250640956e-09,3.868e-09,0.0,0.0
5.656675056331868e-09,0.0,-7.657445133489601e-05,-2.839540703339251e-05,-1.6299770092494304e-05,-2.2521897451440004e-06,1.0004606564085962e-06,5.999193215623648e-07,6.010707706119251e-07,-5.019449049561222e-09,3.868e-09,0.0,0.0
5.658675056331868e-09,0.0,-7.623631394780718e-05,-2.679640277038748e-05,-1.5385613455519983e-05,-2.242244527876682e-06,9.803452735409186e-07,5.861814896736558e-07,5.873328574546927e-07,-5.019367781036195e-09,3.868e-09,0.0,0.0
5.6606750563318674e-09,0.0,-7.584916640870132e-05,-2.522369104377365e-05,-1.449199322550669e-05,-2.2308578355500388e-06,9.606960974842073e-07,5.732221532244029e-07,5.743734415625972e-07,-5.0192883381977476e-09,3.868e-09,0.0,0.0
5.662675056331867e-09,0.0,-7.541380460382984e-05,-2.367848816684234e-05,-1.3617718260030827e-05,-2.2180530765832305e-06,9.415246885159297e-07,5.61032802940878e-07,5.621840135560329e-07,-5.019210615153316e-09,3.868e-09,0.0,0.0
5.664675056331867e-09,0.0,-7.493114308092709e-05,-2.216192516687383e-05,-1.2761612539860255e-05,-2.203857149439032e-06,9.228422135676563e-07,5.49602288158361e-07,5.507534226657134e-07,-5.019134507354794e-09,3.868e-09,0.0,0.0
5.666675056331867e-09,0.0,-7.440188146556373e-05,-2.0675040015171814e-05,-1.1922519138965484e-05,-2.18829063134011e-06,9.046589335721398e-07,5.389169385855376e-07,5.400679984974915e-07,-5.019059911951454e-09,3.868e-09,0.0,0.0
5.6686750563318666e-09,0.0,-7.382703950585365e-05,-1.9218778972179337e-05,-1.109930400115831e-05,-2.1713835148780485e-06,8.869804373043676e-07,5.289606939237162e-07,5.301116806518446e-07,-5.0189867281257026e-09,3.868e-09,0.0,0.0
5.670675056331866e-09,0.0,-7.320768703566257e-05,-1.7793999930573808e-05,-1.029085951625228e-05,-2.1531672657547815e-06,8.698106751658745e-07,5.197152348685844e-07,5.208661497259948e-07,-5.018914857410995e-09,3.868e-09,0.0,0.0
5.672675056331866e-09,0.0,-7.254496992996499e-05,-1.6401471091672315e-05,-9.496107892640201e-06,-2.1336755861754406e-06,8.531515094024637e-07,5.111601167657145e-07,5.123109609697063e-07,-5.018844203991655e-09,3.868e-09,0.0,0.0
5.674675056331866e-09,0.0,-7.184011286551735e-05,-1.5041872876622216e-05,-8.71400432176683e-06,-2.112944496044628e-06,8.370018267338376e-07,5.032729064906921e-07,5.044236811656776e-07,-5.018774674984206e-09,3.868e-09,0.0,0.0
5.676675056331866e-09,0.0,-7.109441829887612e-05,-1.3715802978176301e-05,-7.943539932474283e-06,-2.0910123029081213e-06,8.213571380183982e-07,4.960293187339325e-07,4.971800249146334e-07,-5.018706180699997e-09,3.868e-09,0.0,0.0
5.6786750563318655e-09,0.0,-7.030926063737061e-05,-1.2423776597232366e-05,-7.183744535593326e-06,-2.0679194305109003e-06,8.062126444403831e-07,4.894033523957205e-07,4.905539910306097e-07,-5.018638634889214e-09,3.868e-09,0.0,0.0
5.680675056331865e-09,0.0,-6.948608297416753e-05,-1.1166216108878274e-05,-6.433689152145462e-06,-2.043708322769633e-06,7.915657061639625e-07,4.833674354966455e-07,4.845180074516125e-07,-5.018571954965626e-09,3.868e-09,0.0,0.0
5.682675056331865e-09,0.0,-6.862639530534501e-05,-9.943443845542083e-06,-5.692488309033688e-06,-2.0184233913336766e-06,7.774121267422463e-07,4.778925825314825e-07,4.790430885936926e-07,-5.018506062210673e-09,3.868e-09,0.0,0.0
5.684675056331865e-09,0.0,-6.773177215024718e-05,-8.755692242989036e-06,-4.959302092143493e-06,-1.992110945595505e-06,7.637415547396958e-07,4.729485524816023e-07,4.7409899336355955e-07,-5.018440881955991e-09,3.868e-09,0.0,0.0
5.686675056331865e-09,0.0,-6.680384157779452e-05,-7.6031196093393955e-06,-4.233337965981799e-06,-1.964818869935133e-06,7.505395909686731e-07,4.6850399430289996e-07,4.696543706466455e-07,-5.018376343745175e-09,3.868e-09,0.0,0.0
5.6886750563318644e-09,0.0,-6.584428408825568e-05,-6.485814159301625e-06,-3.513852376666786e-06,-1.9365965908310494e-06,7.377917950843934e-07,4.645265830813961e-07,4.6567689546287236e-07,-5.0183123814762854e-09,3.868e-09,0.0,0.0
5.690675056331864e-09,0.0,-6.485482742623929e-05,-5.403791178130432e-06,-2.8001521447630267e-06,-1.9074949243011555e-06,7.254833667175736e-07,4.609831570784895e-07,4.6213340601201563e-07,-5.018248933525669e-09,3.868e-09,0.0,0.0
5.692675056331864e-09,0.0,-6.383724456363247e-05,-4.356993862740726e-06,-2.0915956453965285e-06,-1.8775660165774255e-06,7.135979133311735e-07,4.578398572215797e-07,4.58990043164433e-07,-5.018185942852875e-09,3.868e-09,0.0,0.0
5.694675056331864e-09,0.0,-6.279335056164996e-05,-3.345295810173722e-06,-1.3875937743749886e-06,-1.846863251813234e-06,7.021181418226845e-07,4.550622658064832e-07,4.562123891635698e-07,-5.018123357086543e-09,3.868e-09,0.0,0.0
5.6966750563318636e-09,0.0,-6.172499749847865e-05,-2.3685022025042205e-06,-6.876107018582694e-07,-1.8154411028964309e-06,6.910260909751104e-07,4.526155439795736e-07,4.5376560510816495e-07,-5.018061128591395e-09,3.868e-09,0.0,0.0
5.698675056331863e-09,0.0,-6.063406610653015e-05,-1.4263513852798103e-06,8.835584754743156e-09,-1.783354885486181e-06,6.803029774392305e-07,4.50464568274235e-07,4.516145674887515e-07,-5.0179992145165156e-09,3.868e-09,0.0,0.0
5.700675056331863e-09,0.0,-5.9522460821177106e-05,-5.185175413022241e-07,7.021729744646988e-07,-1.750660612387562e-06,6.699290764064501e-07,4.4857406511459104e-07,4.4972403913419116e-07,-5.017974019599944e-09,3.868e-09,0.0,0.0
5.702675056331863e-09,0.0,-5.8392103636513284e-05,3.5538612458371505e-07,1.3927750742887222e-06,-1.717414812838626e-06,6.598838528231621e-07,4.4690874216971693e-07,4.4805869063703915e-07,-5.017948467322251e-09,3.868e-09,0.0,0.0
5.704675056331863e-09,0.0,-5.724491667186037e-05,1.1958044434299715e-06,2.080961251101193e-06,-1.6836740197605991e-06,6.501462100278763e-07,4.454334162147383e-07,4.465833392191722e-07,-5.017923004433709e-09,3.868e-09,0.0,0.0
5.7066750563318625e-09,0.0,-5.608282732990941e-05,2.0032370957436942e-06,2.766996923476807e-06,-1.6494949214679238e-06,6.406943716347888e-07,4.441131372480116e-07,4.4526303486912584e-07,-5.017897621113831e-09,3.868e-09,0.0,0.0
5.708675056331862e-09,0.0,-5.490778033150843e-05,2.7782344820732093e-06,3.4510940120534806e-06,-1.6149347156326009e-06,6.315057745900187e-07,4.4291330797102784e-07,4.4406318028054956e-07,-5.017872309521554e-09,3.868e-09,0.0,0.0
5.710675056331862e-09,0.0,-5.372172876302155e-05,3.5213935136629485e-06,4.133411569910802e-06,-1.580050845971222e-06,6.225573699513057e-07,4.4179979787019597e-07,4.4294964493396787e-07,-5.0178470637719135e-09,3.868e-09,0.0,0.0
5.712675056331862e-09,0.0,-5.252661201691323e-05,4.233353842764854e-06,4.814056584313757e-06,-1.5449003534386243e-06,6.13825763392502e-07,4.4073905190996555e-07,4.418888737898732e-07,-5.01782187990638e-09,3.868e-09,0.0,0.0
5.714675056331862e-09,0.0,-5.132434698098666e-05,4.914794293662866e-06,5.493084941667296e-06,-1.509539617087843e-06,6.052873866276411e-07,4.3969819401386864e-07,4.408479907697267e-07,-5.017796755857158e-09,3.868e-09,0.0,0.0
5.7166750563318614e-09,0.0,-5.011682946767119e-05,5.5664292700914485e-06,6.170502547605654e-06,-1.4740243961079761e-06,5.96918515929959e-07,4.386451252587311e-07,4.3979489695013943e-07,-5.017771691405738e-09,3.868e-09,0.0,0.0
5.718675056331861e-09,0.0,-4.890593006591372e-05,6.189004922474339e-06,6.846266593841935e-06,-1.4384097078209918e-06,5.886953250319563e-07,4.375486164688921e-07,4.386983631570304e-07,-5.017746688136027e-09,3.868e-09,0.0,0.0
5.720675056331861e-09,0.0,-4.7693488142745625e-05,6.783295474804867e-06,7.520286963008513e-06,-1.4027496512572241e-06,5.805940909553418e-07,4.3637839501013845e-07,4.37528116759523e-07,-5.017721749382369e-09,3.868e-09,0.0,0.0
5.722675056331861e-09,0.0,-4.6481307201714226e-05,7.350099800928449e-06,8.19242776262999e-06,-1.3670972706386536e-06,5.725912800064343e-07,4.351052258682229e-07,4.362549227483961e-07,-5.017696880172783e-09,3.868e-09,0.0,0.0
5.7246750563318606e-09,0.0,-4.5271149935194876e-05,7.890238128761746e-06,8.86250897949491e-06,-1.3315044098586728e-06,5.646636818837621e-07,4.337009870888294e-07,4.348506591759979e-07,-5.017672087167759e-09,3.868e-09,0.0,0.0
5.72667505633186e-09,0.0,-4.406473262305288e-05,8.404548981836118e-06,9.530308245812862e-06,-1.2960215477368493e-06,5.567885388417693e-07,4.321387396587419e-07,4.332883870373381e-07,-5.017647378594905e-09,3.868e-09,0.0,0.0
5.72867505633186e-09,0.0,-4.286372181976768e-05,8.893886308768827e-06,1.0195562708699572e-05,-1.2606977005814023e-06,5.489436442537276e-07,4.303927919512001e-07,4.3154241471538024e-07,-5.017622764179778e-09,3.868e-09,0.0,0.0
5.73067505633186e-09,0.0,-4.166973127046993e-05,9.359116665069457e-06,1.0857970994649016e-05,-1.2255803314844098e-06,5.411073935427011e-07,4.284387587638191e-07,4.29588357018894e-07,-5.017598255073198e-09,3.868e-09,0.0,0.0
5.73267505633186e-09,0.0,-4.048431770442438e-05,9.801116414651519e-06,1.1517195260629753e-05,-1.190715226600717e-06,5.332588556556836e-07,4.262536148922871e-07,4.2740318875606293e-07,-5.017573863775357e-09,3.868e-09,0.0,0.0
5.7346750563318595e-09,0.0,-3.9308909827562686e-05,1.0220769229083365e-05,1.2172863323468598e-05,-1.15614440669302e-06,5.25377951339605e-07,4.2381574333037663e-07,4.2496529293443663e-07,-5.0175496040570316e-09,3.868e-09,0.0,0.0
5.735773609838369e-09,0.0,-3.866809061705534e-05,1.0442058889455086e-05,1.2531362408551839e-05,-1.1372967828545689e-06,5.210288626105211e-07,4.223623870772356e-07,4.2351192341682364e-07,-5.017536339590883e-09,3.868e-09,0.0,0.0
5.7359736098383695e-09,0.0,-3.855181421473811e-05,1.0481555855542384e-05,1.2596475765858143e-05,-1.133876888668768e-06,5.20237249287538e-07,4.220872885606011e-07,4.2323682249099576e-07,-5.017533930396663e-09,3.868e-09,0.0,0.0
5.73637360983837e-09,0.0,-3.8319634855325005e-05,1.056013393308851e-05,1.2726616949772379e-05,-1.1270480839801471e-06,5.186479058115264e-07,4.215313438363486e-07,4.2268087295151897e-07,-5.0175291151728584e-09,3.868e-09,0.0,0.0
5.73717360983837e-09,0.0,-3.78568360989464e-05,1.0714816391980768e-05,1.2986375389304138e-05,-1.1134363558513647e-06,5.154609292210459e-07,4.203845360226005e-07,4.2153405552670847e-07,-5.017519504110596e-09,3.868e-09,0.0,0.0
5.7387736098383695e-09,0.0,-3.693768177898178e-05,1.1014500663415304e-05,1.3503686544919394e-05,-1.0864024052641701e-06,5.09049532414752e-07,4.179470719844924e-07,4.190965723480871e-07,-5.017500363597838e-09,3.868e-09,0.0,0.0
5.740773609838369e-09,0.0,-3.5801607271413675e-05,1.1371515715750215e-05,1.4145891314268693e-05,-1.0529884491592257e-06,5.009541717841648e-07,4.1462015120397613e-07,4.1576962780599626e-07,-5.017476602021372e-09,3.868e-09,0.0,0.0
5.742773609838369e-09,0.0,-3.468094339942617e-05,1.1709785058285147e-05,1.4782727668197848e-05,-1.0200277470419463e-06,4.92754021922496e-07,4.109681792628241e-07,4.1211763230189805e-07,-5.017453039076277e-09,3.868e-09,0.0,0.0
5.744773609838369e-09,0.0,-3.357684315493316e-05,1.203019223361389e-05,1.5413684788590253e-05,-9.875542104392105e-07,4.844337179932713e-07,4.069771945145597e-07,4.081266242082231e-07,-5.017429693662822e-09,3.868e-09,0.0,0.0
5.746773609838369e-09,0.0,-3.249036263074149e-05,1.2333614140000246e-05,1.6038231598578363e-05,-9.555989009041615e-07,4.759789861861903e-07,4.0263482219088477e-07,4.0378422877631863e-07,-5.017406585430852e-09,3.868e-09,0.0,0.0
5.7487736098383684e-09,0.0,-3.142248276118152e-05,1.2620918923443118e-05,1.665581921261503e-05,-9.241906694465152e-07,4.673765991124591e-07,3.979302857366615e-07,3.990796694713518e-07,-5.017383734689133e-09,3.868e-09,0.0,0.0
5.750773609838368e-09,0.0,-3.0374105212825496e-05,1.2892963569822071e-05,1.7265883399900077e-05,-8.933560356713382e-07,4.586142887114234e-07,3.928544128368866e-07,3.9400377399920325e-07,-5.0173611623142035e-09,3.868e-09,0.0,0.0
5.752773609838368e-09,0.0,-2.9346034352402853e-05,1.3150591937159998e-05,1.7867847053052032e-05,-8.631186574236133e-07,4.496810589010801e-07,3.8739963620867016e-07,3.8854897509833127e-07,-5.017338889659037e-09,3.868e-09,0.0,0.0
5.754773609838368e-09,0.0,-2.833897672098093e-05,1.3394635480433101e-05,1.846112265532715e-05,-8.334993153229686e-07,4.4056820923517234e-07,3.815599909208531e-07,3.827093078593121e-07,-5.017316938461752e-09,3.868e-09,0.0,0.0
5.7567736098383676e-09,0.0,-2.7353600731989253e-05,1.362591276024028e-05,1.904511474168732e-05,-8.045176685879192e-07,4.3126769882799126e-07,3.753311090781457e-07,3.7648040440890196e-07,-5.017295330754557e-09,3.868e-09,0.0,0.0
5.758773609838367e-09,0.0,-2.6390502621335184e-05,1.3845222412211346e-05,1.961922234632069e-05,-7.761912535686818e-07,4.2177051480546857e-07,3.687102075256961e-07,3.698594816144694e-07,-5.017274088773186e-09,3.868e-09,0.0,0.0
5.760773609838367e-09,0.0,-2.5450151238846457e-05,1.4053341837151527e-05,2.018284142554465e-05,-7.485338599660722e-07,4.1207111505729694e-07,3.6169606814180247e-07,3.628453213766693e-07,-5.017253234867254e-09,3.868e-09,0.0,0.0
5.762773609838367e-09,0.0,-2.4532951218258232e-05,1.4251029211814696e-05,2.073536724862565e-05,-7.215573887723009e-07,4.021645941293025e-07,3.5428901583720695e-07,3.554382486286228e-07,-5.017232791411801e-09,3.868e-09,0.0,0.0
5.764773609838367e-09,0.0,-2.363922426622887e-05,1.4439020986755704e-05,2.1276196752503142e-05,-6.952713019479079e-07,3.920472274849842e-07,3.4649089363139915e-07,3.476401064121216e-07,-5.017212780720157e-09,3.868e-09,0.0,0.0
5.7667736098383665e-09,0.0,-2.276919335476647e-05,1.461803063174523e-05,2.1804730854545272e-05,-6.696821574931316e-07,3.817164927238898e-07,3.3830503301768456e-07,3.394542262426458e-07,-5.0171932249583816e-09,3.868e-09,0.0,0.0
5.768773609838366e-09,0.0,-2.1922991132719985e-05,1.4788747549952914e-05,2.232037671674261e-05,-6.447938568447054e-07,3.7117106911084683e-07,3.2973622046783513e-07,3.308853946138963e-07,-5.01717414606148e-09,3.868e-09,0.0,0.0
5.770773609838366e-09,0.0,-2.1100726044585253e-05,1.495183606370179e-05,2.282254995555195e-05,-6.206095895466251e-07,3.604108029627738e-07,3.2079066027259555e-07,3.219398158382496e-07,-5.017155565651645e-09,3.868e-09,0.0,0.0
5.772773609838366e-09,0.0,-2.030250222991513e-05,1.5107934473768083e-05,2.33106767918675e-05,-5.971324185269156e-07,3.494367009797668e-07,3.1147593386699974e-07,3.1262507137195776e-07,-5.017137504958701e-09,3.868e-09,0.0,0.0
5.774773609838366e-09,0.0,-1.952832628325687e-05,1.5257654274202304e-05,2.378419613586692e-05,-5.743625377428491e-07,3.382509295455766e-07,3.018009558425411e-07,3.0295007582727734e-07,-5.017119984742973e-09,3.868e-09,0.0,0.0
5.7767736098383654e-09,0.0,-1.8778044067503765e-05,1.5401579497298418e-05,2.4242561601819295e-05,-5.522954137501108e-07,3.268567890613068e-07,2.9177592688557615e-07,2.929250299107936e-07,-5.017103025220733e-09,3.868e-09,0.0,0.0
5.778773609838365e-09,0.0,-1.8051410800926656e-05,1.554026604077781e-05,2.4685243448239217e-05,-5.309238470860781e-07,3.1525863372263943e-07,2.8141228378911045e-07,2.825613704351038e-07,-5.017086645992415e-09,3.868e-09,0.0,0.0
5.780773609838365e-09,0.0,-1.7348159700948277e-05,1.5674241048681347e-05,2.5111730438968595e-05,-5.102399912043611e-07,3.034618756416418e-07,2.707226466471101e-07,2.7187171751307887e-07,-5.017070865973758e-09,3.868e-09,0.0,0.0
5.782773609838365e-09,0.0,-1.6667981585414887e-05,1.580400244257173e-05,2.5521531621011737e-05,-4.902347525122026e-07,2.914729472086501e-07,2.597207634396637e-07,2.608698191429963e-07,-5.017055703330022e-09,3.868e-09,0.0,0.0
5.784773609838365e-09,0.0,-1.601050621432917e-05,1.593001858233895e-05,2.591417801530611e-05,-4.7089724159791676e-07,2.7929928995958444e-07,2.48421452264265e-07,2.495704934396767e-07,-5.017041175413434e-09,3.868e-09,0.0,0.0
5.786773609838364e-09,0.0,-1.53753195368754e-05,1.6052728080000574e-05,2.6289224217007826e-05,-4.5221528049633535e-07,2.669493241163444e-07,2.3684054147383902e-07,2.3798956877255117e-07,-5.017027298703971e-09,3.868e-09,0.0,0.0
5.788773609838364e-09,0.0,-1.4761966350182047e-05,1.6172539689226523e-05,2.6646249902251337e-05,-4.3417548088770726e-07,2.5443239509805236e-07,2.2499480795526176e-07,2.261438220440171e-07,-5.017014088753617e-09,3.868e-09,0.0,0.0
5.790773609838364e-09,0.0,-1.4169947240024861e-05,1.6289832191350342e-05,2.6984861238637018e-05,-4.1676315411837824e-07,2.4175870010997406e-07,2.1290191369722978e-07,2.1405091525737024e-07,-5.01700156013417e-09,3.868e-09,0.0,0.0
5.792773609838364e-09,0.0,-1.3598718397464457e-05,1.6404954304388798e-05,2.73046921969088e-05,-3.9996230580777814e-07,2.2893924453692108e-07,2.005803407695563e-07,2.0172933049594668e-07,-5.016989726388714e-09,3.868e-09,0.0,0.0
5.7947736098383635e-09,0.0,-1.3047696561816863e-05,1.6518224611379192e-05,2.7605405761483702e-05,-3.8375578122990776e-07,2.1598576365828515e-07,1.8804932485142895e-07,1.8919830345141955e-07,-5.016978599986825e-09,3.868e-09,0.0,0.0
5.796773609838363e-09,0.0,-1.2516264054558967e-05,1.6629931341166622e-05,2.7886695037634837e-05,-3.6812541336938137e-07,2.0291059325025267e-07,1.7532878735276086e-07,1.7647775554505195e-07,-5.016968192283608e-09,3.868e-09,0.0,0.0
5.798773609838363e-09,0.0,-1.2003767028181415e-05,1.6740332333935804e-05,2.8148284253270687e-05,-3.530519714171004e-07,1.8972675377685676e-07,1.624392662680673e-07,1.6358822478155144e-07,-5.016958513482629e-09,3.868e-09,0.0,0.0
5.800773609838363e-09,0.0,-1.1509516652458758e-05,1.684965559750162e-05,2.8389929653788513e-05,-3.3851519566055174e-07,1.7644802080243871e-07,1.4940184631901685e-07,1.5055079589162013e-07,-5.0169495726028095e-09,3.868e-09,0.0,0.0
5.802773609838363e-09,0.0,-1.1032797108033232e-05,1.6958099999259364e-05,2.8611420289314705e-05,-3.244940325892127e-07,1.6308878210515275e-07,1.36238088914977e-07,1.373870302924266e-07,-5.016941377449295e-09,3.868e-09,0.0,0.0
5.8047736098383625e-09,0.0,-1.057286970269436e-05,1.7065835546733964e-05,2.881257869402618e-05,-3.1096675596159883e-07,1.496638358025867e-07,1.2296996189788585e-07,1.2411889583247737e-07,-5.016933934588321e-09,3.868e-09,0.0,0.0
5.806773609838362e-09,0.0,-1.0128977240868746e-05,1.7173003440754317e-05,2.8993261457038574e-05,-2.97911095319669e-07,1.361883382577097e-07,1.0961976883429548e-07,1.107686960836172e-07,-5.01692724932609e-09,3.868e-09,0.0,0.0
5.808773609838362e-09,0.0,-9.700345683269658e-06,1.727971632579036e-05,2.9153359684245912e-05,-2.8530428480204874e-07,1.2267781239970465e-07,9.621007796020675e-08,9.735899928589494e-08,-5.016921325691683e-09,3.868e-09,0.0,0.0
5.810773609838362e-09,0.0,-9.286187443042821e-06,1.738605872886107e-05,2.9292799350838806e-05,-2.731231600894947e-07,1.0914809100507445e-07,8.276365111842868e-08,8.391256728486026e-08,-5.0169161664240186e-09,3.868e-09,0.0,0.0
5.812773609838362e-09,0.0,-8.885706863699467e-06,1.7492087538253943e-05,2.9411541544682924e-05,-2.6134431952057256e-07,9.561525132114453e-08,6.930337293953349e-08,7.045228471249418e-08,-5.016911772962847e-09,3.868e-09,0.0,0.0
5.814773609838361e-09,0.0,-8.498103259815113e-06,1.759783252745793e-05,2.950958260106313e-05,-2.499442135239739e-07,8.209556168909283e-08,5.585218043632485e-08,5.7001088581769515e-08,-5.01690814544376e-09,3.868e-09,0.0,0.0
5.816773609838361e-09,0.0,-8.122575023677441e-06,1.770329693381189e-05,2.9586954129565996e-05,-2.388992654022777e-07,6.86054218943905e-08,4.243299318924167e-08,4.3581898471938886e-08,-5.016905282697206e-09,3.868e-09,0.0,0.0
5.818773609838361e-09,0.0,-7.758323321071363e-06,1.7808458072913808e-05,2.964372293414126e-05,-2.281859800315107e-07,5.516130172213925e-08,2.906864429363312e-08,3.0217547475888055e-08,-5.016903182251436e-09,3.868e-09,0.0,0.0
5.820773609838361e-09,0.0,-7.404554982765141e-06,1.7913268020588524e-05,2.9679990827650346e-05,-2.1778102890485709e-07,4.1779698811414865e-08,1.578181224558586e-08,1.6930714085927286e-08,-5.016901840339377e-09,3.868e-09,0.0,0.0
5.8227736098383605e-09,0.0,-7.060484652027989e-06,1.8017654388560975e-05,2.9695894342505418e-05,-2.0766131329494084e-07,2.8477092290227085e-08,2.5949539737494394e-09,3.743855225658908e-09,-5.016901251909327e-09,3.868e-09,0.0,0.0
5.82477360983836e-09,0.0,-6.725337804654775e-06,1.812152092128516e-05,2.9691604339213388e-05,-1.978040530780816e-07,1.5269767531500134e-08,-1.0469760915942988e-08,-9.320859505305577e-09,-5.016901410639449e-09,3.868e-09,0.0,0.0
5.82677360983836e-09,0.0,-6.398386150477864e-06,1.8224746767960186e-05,2.9667325514128062e-05,-1.881878279552313e-07,2.1732019354532403e-09,-2.3390515414588457e-08,-2.2241613105628867e-08,-5.016902308955977e-09,3.868e-09,0.0,0.0
5.82877360983836e-09,0.0,-6.078954841083353e-06,1.8327190526529814e-05,2.962329580872587e-05,-1.7879278944362803e-07,-1.0795077196220564e-08,-3.614590785528105e-08,-3.499700391722309e-08,-5.016903938055077e-09,3.868e-09,0.0,0.0
5.83077360983836e-09,0.0,-5.76606269916191e-06,1.842869402610944e-05,2.955978572632688e-05,-1.6959007938711501e-07,-2.361860085737628e-08,-4.8715009489392e-08,-4.7566103201460586e-08,-5.0169062879281256e-09,3.868e-09,0.0,0.0
5.8327736098383595e-09,0.0,-5.459150836160616e-06,1.8529077286266035e-05,2.947709756036112e-05,-1.6056325988707695e-07,-3.628335023560267e-08,-6.107742190141645e-08,-5.99285125540283e-08,-5.016909347390266e-09,3.868e-09,0.0,0.0
5.834773609838359e-09,0.0,-5.157542708097993e-06,1.8628138600921757e-05,2.937556453290697e-05,-1.5169243259111744e-07,-4.87739345224058e-08,-7.32133362404859e-08,-7.206442313636969e-08,-5.016913104112282e-09,3.868e-09,0.0,0.0
5.836773609838359e-09,0.0,-4.860569070683106e-06,1.8725659236584126e-05,2.9255549844994124e-05,-1.4295791384362076e-07,-6.1075234488853e-08,-8.510358869497323e-08,-8.395467115031866e-08,-5.016917544655735e-09,3.868e-09,0.0,0.0
5.838773609838359e-09,0.0,-4.567592316774742e-06,1.8821404223139764e-05,2.9117445644827636e-05,-1.3434095049337475e-07,-7.317280760860796e-08,-9.672971172064093e-08,-9.558078906613047e-08,-5.016922654511141e-09,3.868e-09,0.0,0.0
5.840773609838359e-09,0.0,-4.27799943112361e-06,1.891512311874507e-05,2.8961671918831798e-05,-1.2582351268010616e-07,-8.50525961428084e-08,-1.0807398314661104e-07,-1.0692505472847144e-07,-5.016928418139003e-09,3.868e-09,0.0,0.0
5.842773609838358e-09,0.0,-3.99120237367476e-06,1.900655133614285e-05,2.8788675309074207e-05,-1.1738830510808118e-07,-9.670103573251538e-08,-1.1911947277541197e-07,-1.1797053795639732e-07,-5.016934819013564e-09,3.868e-09,0.0,0.0
5.844773609838358e-09,0.0,-3.7066480317946495e-06,1.909541108059142e-05,2.8598927861060106e-05,-1.0901905975866616e-07,-1.0810523035356415e-07,-1.298500863016068e-07,-1.287011444619371e-07,-5.01694183966914e-09,3.868e-09,0.0,0.0
5.846773609838358e-09,0.0,-3.4238315304947638e-06,1.9181412270393996e-05,2.839292570590353e-05,-1.0070092736749305e-07,-1.1925287131953839e-07,-1.4025060670337722e-07,-1.391016572416251e-07,-5.016949461748881e-09,3.868e-09,0.0,0.0
5.848773609838358e-09,0.0,-3.14225873964295e-06,1.926425465445748e-05,2.8171187681325967e-05,-9.241937469538088e-08,-1.3013180287954693e-07,-1.5030673237526286e-07,-1.4915777470921276e-07,-5.016957666055791e-09,3.868e-09,0.0,0.0
5.8507736098383575e-09,0.0,-2.8614352694200747e-06,1.9343629987349815e-05,2.79342538970867e-05,-8.415986086529632e-08,-1.407305002826968e-07,-1.600051112344686e-07,-1.588561448018569e-07,-5.0169664326058074e-09,3.868e-09,0.0,0.0
5.852773609838357e-09,0.0,-2.5809449412359703e-06,1.9419222617880136e-05,2.768268425042113e-05,-7.591014533046971e-08,-1.5103844518227345e-07,-1.6933337160406938e-07,-1.6818439586338806e-07,-5.0169757406827344e-09,3.868e-09,0.0,0.0
5.854773609838357e-09,0.0,-2.30038866426247e-06,1.9490710561830883e-05,2.7417056896008702e-05,-6.765849012536677e-08,-1.610455687199562e-07,-1.7828015044168268e-07,-1.771311648727882e-07,-5.016985568894847e-09,3.868e-09,0.0,0.0
5.856773609838357e-09,0.0,-2.0194013177718055e-06,1.9557767240758904e-05,2.7137966675086615e-05,-5.93941564050531e-08,-1.7074253051568297e-07,-1.8683511822118367e-07,-1.8568612232594593e-07,-5.016995895233022e-09,3.868e-09,0.0,0.0
5.858773609838357e-09,0.0,-1.7376515672468348e-06,1.9620062490012065e-05,2.6846023508861548e-05,-5.110739903667161e-08,-1.801208492904471e-07,-1.949890004637697e-07,-1.9383999376663117e-07,-5.017006697130172e-09,3.868e-09,0.0,0.0
5.8607736098383565e-09,0.0,-1.4548421336807192e-06,1.9677263711719774e-05,2.6541850761147514e-05,-4.278947452002115e-08,-1.8917274019772283e-07,-2.0273359621313206e-07,-2.015845782616117e-07,-5.017017951521837e-09,3.868e-09,0.0,0.0
5.862773609838356e-09,0.0,-1.1707095201205528e-06,1.9729038531963136e-05,2.6226083575665976e-05,-3.443263294472214e-08,-1.978905628537669e-07,-2.100617924993081e-07,-2.0891276286439812e-07,-5.0170296349077e-09,3.868e-09,0.0,0.0
5.864773609838356e-09,0.0,-8.85024316717315e-07,1.9775058428529565e-05,2.5899367195265314e-05,-2.6030126962273973e-08,-2.062669144319072e-07,-2.1696757337988117e-07,-2.1581853165645996e-07,-5.017041723413775e-09,3.868e-09,0.0,0.0
5.866773609838356e-09,0.0,-5.975914224710744e-07,1.9815000258893004e-05,2.5562355270922642e-05,-1.7576218307972777e-08,-2.1429559343922352e-07,-2.2344602418187545e-07,-2.2229696998902435e-07,-5.0170541928549754e-09,3.868e-09,0.0,0.0
5.868773609838356e-09,0.0,-3.0824956638619746e-07,1.9848545158669106e-05,2.521570816587068e-05,-9.066163717241102e-09,-2.2197194915126671e-07,-2.294933335973363e-07,-2.2834426657853394e-07,-5.0170670187978624e-09,3.868e-09,0.0,0.0
5.870773609838355e-09,0.0,-1.6870117584441126e-08,1.987537831234879e-05,2.4860091257393995e-05,-4.961799289541507e-10,-2.2929210168504823e-07,-2.3510679461778164e-07,-2.3395771444116137e-07,-5.017080176623477e-09,3.868e-09,0.0,0.0
5.872773609838355e-09,0.0,2.7664256458324074e-07,1.9895191232148875e-05,2.449617323954169e-05,8.136546017154139e-09,-2.3625247420051638e-07,-2.40284802408429e-07,-2.391357087668379e-07,-5.017093641590137e-09,3.868e-09,0.0,0.0
5.874773609838355e-09,0.0,5.723517115859907e-07,1.99076843177522e-05,2.4124624432664665e-05,1.6833873870176196e-08,-2.4285011222526763e-07,-2.4502684756220887e-07,-2.438777401733136e-07,-5.017107388895991e-09,3.868e-09,0.0,0.0
5.876773609838355e-09,0.0,8.702882594439798e-07,1.9912568430918737e-05,2.374611510656899e-05,2.5596713513058228e-08,-2.4908283623799336e-07,-2.4933350514482096e-07,-2.481843837510838e-07,-5.017121393741057e-09,3.868e-09,0.0,0.0
5.8787736098383545e-09,0.0,1.170451510103691e-06,1.9909566398469754e-05,2.3361313823286943e-05,3.442504441481444e-08,-2.549490991809535e-07,-2.5320642014698215e-07,-2.5205728451559164e-07,-5.0171356313885385e-09,3.868e-09,0.0,0.0
5.880773609838354e-09,0.0,1.4728102790242675e-06,1.9898414676583915e-05,2.2970885805009887e-05,4.331794938306669e-08,-2.604480160651046e-07,-2.5664828932181153e-07,-2.5549913924458487e-07,-5.017150077225214e-09,3.868e-09,0.0,0.0
5.882773609838354e-09,0.0,1.7773042792221008e-06,1.9878864759116764e-05,2.2575491332676913e-05,5.2273655271238255e-08,-2.6557942173297895e-07,-2.596628394950988e-07,-2.5851367478827553e-07,-5.0171647068206905e-09,3.868e-09,0.0,0.0
5.884773609838354e-09,0.0,2.083845022584798e-06,1.98506843457985e-05,2.2175784180400025e-05,6.128955948778817e-08,-2.7034388584897115e-07,-2.622548026676753e-07,-2.611056231716873e-07,-5.017179495985325e-09,3.868e-09,0.0,0.0
5.886773609838354e-09,0.0,2.392317594546129e-06,1.9813658433183852e-05,2.1772410090488607e-05,7.03622821925332e-08,-2.7474268352217054e-07,-2.644298881339885e-07,-2.6328069371316345e-07,-5.017194420826652e-09,3.868e-09,0.0,0.0
5.8887736098383535e-09,0.0,2.702582609784661e-06,1.9767590379215613e-05,2.1366005293579945e-05,7.948772381719591e-08,-2.7877777915993173e-07,-2.6619475172590126e-07,-2.650455422680955e-07,-5.017209457804137e-09,3.868e-09,0.0,0.0
5.890773609838353e-09,0.0,3.014474176475543e-06,1.971230279853576e-05,2.0957195078171034e-05,8.866100519045714e-08,-2.82451862511137e-07,-2.675569623472815e-07,-2.6640773776350206e-07,-5.0172245837821075e-09,3.868e-09,0.0,0.0
5.892773609838353e-09,0.0,3.3277994306821474e-06,1.9647638265288214e-05,2.0546592413517045e-05,9.787645384359256e-08,-2.8576833892295214e-07,-2.6852496606277794e-07,-2.6737572628669483e-07,-5.017239776080699e-09,3.868e-09,0.0,0.0
5.894773609838353e-09,0.0,3.642342279745075e-06,1.9573460010374916e-05,2.0134796629524425e-05,1.0712771411014926e-07,-2.887312677479684e-07,-2.691080479162351e-07,-2.6795879290370986e-07,-5.017255012524707e-09,3.868e-09,0.0,0.0
5.896773609838353e-09,0.0,3.957867208313989e-06,1.948965262791802e-05,1.972239215708066e-05,1.1640785906805849e-07,-2.913453407940198e-07,-2.6931629154467683e-07,-2.681670212731867e-07,-5.0172702714901875e-09,3.868e-09,0.0,0.0
5.898773609838352e-09,0.0,4.274119881445801e-06,1.9396122708046888e-05,1.930994733212909e-05,1.2570940827781768e-07,-2.936158576224128e-07,-2.6916053669580574e-07,-2.6801125116385436e-07,-5.017285531948711e-09,3.868e-09,0.0,0.0
5.900773609838352e-09,0.0,4.590827188673923e-06,1.929279935517276e-05,1.8898013266575004e-05,1.350243290786448e-07,-2.955487202818063e-07,-2.6865233482997255e-07,-2.6750303405646594e-07,-5.017300773509137e-09,3.868e-09,0.0,0.0
5.902773609838352e-09,0.0,4.907698730210133e-06,1.917963459039054e-05,1.8487122788810062e-05,1.4434408030029802e-07,-2.9715040565934826e-07,-2.678039030144218e-07,-2.6665458703796575e-07,-5.017315976456814e-09,3.868e-09,0.0,0.0
5.904773609838352e-09,0.0,5.22442831671275e-06,1.9056603706947333e-05,1.8077789456349603e-05,1.5365965637390441e-07,-2.984279227087802e-07,-2.6662807628243203e-07,-2.654787451606429e-07,-5.0173311217901145e-09,3.868e-09,0.0,0.0
5.9067736098383516e-09,0.0,5.5406952637468845e-06,1.892370556195117e-05,1.767050664283223e-05,1.6296162540432013e-07,-2.9938879023994753e-07,-2.651382586032014e-07,-2.6398891241194764e-07,-5.017346191254215e-09,3.868e-09,0.0,0.0
5.908773609838351e-09,0.0,5.856165855303516e-06,1.8780962783118892e-05,1.726574670138874e-05,1.7224017221480928e-07,-3.000410020748566e-07,-2.6334837263195933e-07,-2.621990114645837e-07,-5.017361167372048e-09,3.868e-09,0.0,0.0
5.910773609838351e-09,0.0,6.1704947836913405e-06,1.86284219028114e-05,1.686396020612114e-05,1.8148514069680413e-07,-3.003929964866955e-07,-2.612728084167697e-07,-2.601234323832999e-07,-5.017376033472373e-09,3.868e-09,0.0,0.0
5.912773609838351e-09,0.0,6.483326263877316e-06,1.8466153395033315e-05,1.6465575273154602e-05,1.9068606658462695e-07,-3.0045363154270376e-07,-2.589263712469207e-07,-2.5777698047320705e-07,-5.0173907737148935e-09,3.868e-09,0.0,0.0
5.914773609838351e-09,0.0,6.7942956948393226e-06,1.8294251596022527e-05,1.607099696242095e-05,1.998322263188036e-07,-3.002321626662349e-07,-2.5632422885365727e-07,-2.5517482348054503e-07,-5.0174053731123905e-09,3.868e-09,0.0,0.0
5.9167736098383505e-09,0.0,7.103034994948981e-06,1.8112834615004294e-05,1.5680606761044832e-05,2.0891279396908767e-07,-2.997381638794555e-07,-2.534818581259714e-07,-2.523324383084185e-07,-5.017419817549841e-09,3.868e-09,0.0,0.0
5.91877360983835e-09,0.0,7.409174807131134e-06,1.7922044812620678e-05,1.5294762149248466e-05,2.1791690609209218e-07,-2.989812171518322e-07,-2.504149911206623e-07,-2.492655570268626e-07,-5.017434093800478e-09,3.868e-09,0.0,0.0
5.92077360983835e-09,0.0,7.712300793850353e-06,1.7722048687215146e-05,1.4913796249777966e-05,2.2683237628971625e-07,-2.9797140876970714e-07,-2.471395604743316e-07,-2.459901122847915e-07,-5.017448189538758e-09,3.868e-09,0.0,0.0
5.92277360983835e-09,0.0,8.012023397262254e-06,1.751303152925998e-05,1.4538017559182195e-05,2.3564774697830159e-07,-2.967213267914011e-07,-2.4367164758306334e-07,-2.425221854897122e-07,-5.01746209335031e-09,3.868e-09,0.0,0.0
5.92477360983835e-09,0.0,8.307984150300688e-06,1.7295199725808286e-05,1.4167709757663913e-05,2.4435247500884373e-07,-2.95240159385948e-07,-2.400274322787945e-07,-2.388779564840569e-07,-5.0174757947389665e-09,3.868e-09,0.0,0.0
5.9267736098383494e-09,0.0,8.599786276366312e-06,1.7068784089183202e-05,1.3803131598882158e-05,2.5293489048136213e-07,-2.9353898351186766e-07,-2.3622313921635785e-07,-2.3507364993222593e-07,-5.017489284130841e-09,3.868e-09,0.0,0.0
5.928773609838349e-09,0.0,8.887036241872863e-06,1.6834035745233076e-05,1.3444516881920939e-05,2.613834188786136e-07,-2.916290673179288e-07,-2.3227498467022962e-07,-2.3112548211735398e-07,-5.017502552875368e-09,3.868e-09,0.0,0.0
5.930773609838349e-09,0.0,9.169347558806191e-06,1.6591225445163393e-05,1.3092074502988147e-05,2.6968669290606447e-07,-2.895217625754518e-07,-2.2819912608851632e-07,-2.2704961049527358e-07,-5.0175155932433895e-09,3.868e-09,0.0,0.0
5.932773609838349e-09,0.0,9.44633516713544e-06,1.634064275807809e-05,1.2745988583965066e-05,2.7783338726868944e-07,-2.872285716276178e-07,-2.240116126331566e-07,-2.2286208423473667e-07,-5.017528398422393e-09,3.868e-09,0.0,0.0
5.9347736098383486e-09,0.0,9.717619137850679e-06,1.6082595023399187e-05,1.2406418676068903e-05,2.8581232758384347e-07,-2.8476110213374284e-07,-2.1972833699279064e-07,-2.1857879603028277e-07,-5.017540962508985e-09,3.868e-09,0.0,0.0
5.936773609838348e-09,0.0,9.982827891594779e-06,1.5817406454760258e-05,1.2073500036568896e-05,2.9361258504690524e-07,-2.8213094207282607e-07,-2.1536498860023003e-07,-2.1421543531972845e-07,-5.017553280498647e-09,3.868e-09,0.0,0.0
5.938773609838348e-09,0.0,1.0241595399220162e-05,1.5545417444905314e-05,1.1747343976486108e-05,3.0122339409471064e-07,-2.793495925614799e-07,-2.1093700813616995e-07,-2.0978744278789656e-07,-5.0175653482728695e-09,3.868e-09,0.0,0.0
5.940773609838348e-09,0.0,1.0493555520334365e-05,1.526698316079134e-05,1.1428038277018658e-05,3.086339858921872e-07,-2.764287984617082e-07,-2.0645954368237532e-07,-2.0530996651978972e-07,-5.0175771625837505e-09,3.868e-09,0.0,0.0
5.942773609838348e-09,0.0,1.0738353868972356e-05,1.49824714891273e-05,1.1115647671510307e-05,3.1583393732271635e-07,-2.7338045539979795e-07,-2.0194740936210159e-07,-2.0079782064106416e-07,-5.017588721036154e-09,3.868e-09,0.0,0.0
5.9447736098383475e-09,0.0,1.0975652466268464e-05,1.4692262268553896e-05,1.0810214389357832e-05,3.228133078314254e-07,-2.702159827665102e-07,-1.9741504617922649e-07,-1.9626544615715547e-07,-5.0176000220675936e-09,3.868e-09,0.0,0.0
5.946773609838347e-09,0.0,1.1205119844446414e-05,1.4396746487062859e-05,1.0511758758964785e-05,3.29562348366071e-07,-2.6694689123250026e-07,-1.9287648441873889e-07,-1.9172687335381304e-07,-5.017611064925918e-09,3.868e-09,0.0,0.0
5.948773609838347e-09,0.0,1.1426438494169227e-05,1.4096324663363268e-05,1.022027986692311e-05,3.3607172041674197e-07,-2.635845477149494e-07,-1.8834530815001503e-07,-1.8719568630036667e-07,-5.017621849644924e-09,3.868e-09,0.0,0.0
5.950773609838347e-09,0.0,1.1639306684668282e-05,1.3791405581620976e-05,9.935756269941908e-06,3.423325495490671e-07,-2.6014016621319895e-07,-1.8383462215221633e-07,-1.8268498977519908e-07,-5.017632377018012e-09,3.868e-09,0.0,0.0
5.952773609838347e-09,0.0,1.1843433946576935e-05,1.348240497349856e-05,9.658146755884537e-06,3.483362925463804e-07,-2.5662477932381334e-07,-1.7935702114795784e-07,-1.7820737849938492e-07,-5.017642648570032e-09,3.868e-09,0.0,0.0
5.9547736098383464e-09,0.0,1.2038532402136634e-05,1.3169744187654133e-05,9.387391150295405e-06,3.540744824157834e-07,-2.5304921382183897e-07,-1.7492456143301458e-07,-1.73774908766486e-07,-5.017652666527439e-09,3.868e-09,0.0,0.0
5.956773609838346e-09,0.0,1.222432401049452e-05,1.2853848859219224e-05,9.123411164688692e-06,3.595389414851329e-07,-2.494240607993558e-07,-1.7054873495602956e-07,-1.6939907252224032e-07,-5.0176624337869066e-09,3.868e-09,0.0,0.0
5.958773609838346e-09,0.0,1.2400560150048131e-05,1.2535147594950186e-05,8.866111282803759e-06,3.647223573543568e-07,-2.457596483804458e-07,-1.6624044588205928e-07,-1.650907739281751e-07,-5.017671953882536e-09,3.868e-09,0.0,0.0
5.960773609838346e-09,0.0,1.2567023448477728e-05,1.2214070664250335e-05,8.615379680985773e-06,3.6961833671993316e-07,-2.420660217255998e-07,-1.6200998966616107e-07,-1.6086030843520895e-07,-5.017681230951803e-09,3.868e-09,0.0,0.0
5.9627736098383456e-09,0.0,1.2723510941460909e-05,1.1891048685007404e-05,8.37108917880417e-06,3.742209100429679e-07,-2.38352926294881e-07,-1.5786703467058207e-07,-1.567173444008803e-07,-5.0176902697003845e-09,3.868e-09,0.0,0.0
5.964773609838345e-09,0.0,1.2869828732074213e-05,1.156651133281841e-05,8.13309821598082e-06,3.78524374472771e-07,-2.3462977875847387e-07,-1.5382060634484502e-07,-1.5267090726947576e-07,-5.017699075366009e-09,3.868e-09,0.0,0.0
5.966773609838345e-09,0.0,1.3005800404621877e-05,1.1240886089333081e-05,7.90125185169275e-06,3.8252354131240814e-07,-2.3090564755727675e-07,-1.4987907395869906e-07,-1.4872936630501568e-07,-5.017707653681487e-09,3.868e-09,0.0,0.0
5.968773609838345e-09,0.0,1.3131269454831796e-05,1.0914597027338795e-05,7.675382782338768e-06,3.862138074950528e-07,-2.2718923007858242e-07,-1.4605013986600142e-07,-1.4490042385516407e-07,-5.017716010837053e-09,3.868e-09,0.0,0.0
5.970773609838345e-09,0.0,1.3246097007062864e-05,1.0588063635955149e-05,7.455312373896921e-06,3.895910884430254e-07,-2.2348883657777378e-07,-1.4234083127268422e-07,-1.411911071192407e-07,-5.017724153442165e-09,3.868e-09,0.0,0.0
5.9727736098383445e-09,0.0,1.335016349362215e-05,1.026169967290893e-05,7.240851705040123e-06,3.92651867459475e-07,-2.1981237881196232e-07,-1.387574944830841e-07,-1.3760776239459555e-07,-5.0177320884869136e-09,3.868e-09,0.0,0.0
5.974773609838344e-09,0.0,1.3443370286499638e-05,9.935912041482483e-06,7.0318026172134995e-06,3.953932437205776e-07,-2.1616736009338537e-07,-1.3530579160332065e-07,-1.3415605178001766e-07,-5.017739823303163e-09,3.868e-09,0.0,0.0
5.976773609838344e-09,0.0,1.3525640237598194e-05,9.611099703994023e-06,6.827958767917066e-06,3.9781294816465276e-07,-2.1256086291257363e-07,-1.3199069967087495e-07,-1.3084095230534774e-07,-5.0177473655255865e-09,3.868e-09,0.0,0.0
5.978773609838344e-09,0.0,1.3596917478660548e-05,9.28765262819758e-06,6.629106683491672e-06,3.9990933760766315e-07,-2.0899954559985523e-07,-1.2881651217072241e-07,-1.2766675744766884e-07,-5.017754723052711e-09,3.868e-09,0.0,0.0
5.980773609838344e-09,0.0,1.3657167704546047e-05,8.965950766763237e-06,6.435026807768684e-06,4.0168140307488374e-07,-2.0548963459995901e-07,-1.2578684289622385e-07,-1.24637080992213e-07,-5.017761904008113e-09,3.868e-09,0.0,0.0
5.9827736098383434e-09,0.0,1.3706379200194849e-05,8.646363149893937e-06,6.245494543046049e-06,4.0312880000573084e-07,-2.0203688594421884e-07,-1.229046320639124e-07,-1.2175486314720893e-07,-5.017768916701907e-09,3.868e-09,0.0,0.0
5.984773609838343e-09,0.0,1.3744562668813146e-05,8.32924710905168e-06,6.060281280038313e-06,4.0425184320038666e-07,-1.9864657295073697e-07,-1.2017215453244317e-07,-1.1902237876284943e-07,-5.017775769592638e-09,3.868e-09,0.0,0.0
5.986773609838343e-09,0.0,1.377175029630441e-05,8.014947514674172e-06,5.879155413638506e-06,4.0505147930307083e-07,-1.9532351001547842e-07,-1.1759103002815201e-07,-1.164412475569018e-07,-5.017782471249695e-09,3.868e-09,0.0,0.0
5.988773609838343e-09,0.0,1.3787995663018289e-05,7.703795980516011e-06,5.701883341411391e-06,4.0552928420642024e-07,-1.920720678579446e-07,-1.1516223536866695e-07,-1.1401244633834957e-07,-5.0177890303163675e-09,3.868e-09,0.0,0.0
5.990272163344853e-09,0.0,1.3793037261852041e-05,7.472903492823548e-06,5.571448598104736e-06,4.0567756652506003e-07,-1.8968508053667393e-07,-1.1344246850576476e-07,-1.1229267464936348e-07,-5.01779385640187e-09,3.868e-09,0.0,0.0
5.990472163344853e-09,0.0,1.379325275886787e-05,7.44225967197163e-06,5.554206998147321e-06,4.0568390467258444e-07,-1.893700890345486e-07,-1.1322019421753237e-07,-1.1207039972319084e-07,-5.0177944943410685e-09,3.868e-09,0.0,0.0
5.990872163344853e-09,0.0,1.3793359828325315e-05,7.381047222971189e-06,5.519791721030784e-06,4.0568705377427396e-07,-1.8874173825108122e-07,-1.127786973020004e-07,-1.1162890153429444e-07,-5.017795767706321e-09,3.868e-09,0.0,0.0
5.991672163344853e-09,0.0,1.3792278268943315e-05,7.25908041782666e-06,5.4513630746301354e-06,4.0565524320421514e-07,-1.8749471201037646e-07,-1.1191399756737362e-07,-1.1076419926780821e-07,-5.017798299566238e-09,3.868e-09,0.0,0.0
5.993272163344853e-09,0.0,1.3784974229411396e-05,7.017047645448138e-06,5.31605725568374e-06,4.0544041851209986e-07,-1.8503970522312096e-07,-1.1025755982596574e-07,-1.0910775652008428e-07,-5.0178033058815395e-09,3.868e-09,0.0,0.0
5.995272163344853e-09,0.0,1.376629103475919e-05,6.718245270676448e-06,5.149687269136828e-06,4.04890912787035e-07,-1.8204567031684473e-07,-1.0832303545247201e-07,-1.0717322599090083e-07,-5.017809461571042e-09,3.868e-09,0.0,0.0
5.9972721633448525e-09,0.0,1.3737127231497821e-05,6.423836545131485e-06,4.9861783544863975e-06,4.04033153867583e-07,-1.7913668029753274e-07,-1.0653817856606056e-07,-1.0538836305466e-07,-5.017815511400884e-09,3.868e-09,0.0,0.0
5.999272163344852e-09,0.0,1.3697644218473227e-05,6.1340733101513955e-06,4.825301888120348e-06,4.028718887786243e-07,-1.7631469073866714e-07,-1.0490086468503504e-07,-1.0375104322120449e-07,-5.01782146383014e-09,3.868e-09,0.0,0.0
6.001272163344852e-09,0.0,1.364802234007204e-05,5.84919082889265e-06,4.66683291999281e-06,4.014124217668247e-07,-1.735812098037402e-07,-1.0340844267177652e-07,-1.0225861534459436e-07,-5.01782732718196e-09,3.868e-09,0.0,0.0
6.003272163344852e-09,0.0,1.3588460359130834e-05,5.569407501921673e-06,4.510550965534667e-06,3.9966059879796567e-07,-1.7093730493321927e-07,-1.0205775856060821e-07,-1.0090792545099339e-07,-5.017833109614275e-09,3.868e-09,0.0,0.0
6.005272163344852e-09,0.0,1.3519174982177772e-05,5.294924651955183e-06,4.356240760037706e-06,3.976227935934639e-07,-1.6838361057488348e-07,-1.0084518051414902e-07,-9.969534169505746e-08,-5.017838819091878e-09,3.868e-09,0.0,0.0
6.007272163344851e-09,0.0,1.3440399943916327e-05,5.025926343931807e-06,4.203692973855361e-06,3.9530588070342136e-07,-1.6592035383223568e-07,-9.976662480535357e-08,-9.861678034199346e-08,-5.017844463359967e-09,3.868e-09,0.0,0.0
6.009272163344851e-09,0.0,1.335238256056606e-05,4.762579180708599e-06,4.052704886882012e-06,3.927171341342959e-07,-1.6354739386833109e-07,-9.881758277328071e-08,-9.766773272336209e-08,-5.017850049919185e-09,3.868e-09,0.0,0.0
6.011272163344851e-09,0.0,1.3255383113356177e-05,4.505032416589874e-06,3.903081020976095e-06,3.8986420921635815e-07,-1.6126407921229033e-07,-9.799314854033595e-08,-9.68432929543338e-08,-5.017855586002224e-09,3.868e-09,0.0,0.0
6.013272163344851e-09,0.0,1.3149697457809941e-05,4.253418575684431e-06,3.754633729548269e-06,3.867558075826453e-07,-1.590691952384435e-07,-9.728804698039333e-08,-9.613818590184079e-08,-5.017861078552007e-09,3.868e-09,0.0,0.0
6.0152721633448506e-09,0.0,1.3035640029863228e-05,4.007853161949813e-06,3.607183743791739e-06,3.834011773489185e-07,-1.5696152448390523e-07,-9.669666211584985e-08,-9.5546795581648e-08,-5.017866534201479e-09,3.868e-09,0.0,0.0
6.01727216334485e-09,0.0,1.2913490826639721e-05,3.7684339550432527e-06,3.460560674361507e-06,3.798085537246977e-07,-1.5493955010141554e-07,-9.621306663691037e-08,-9.506319467765542e-08,-5.017871959255049e-09,3.868e-09,0.0,0.0
6.01927216334485e-09,0.0,1.2783577996985351e-05,3.5352417004508203e-06,3.3146034672394723e-06,3.75987588146628e-07,-1.5300111900859634e-07,-9.583105194066236e-08,-9.468117458099072e-08,-5.017877359671712e-09,3.868e-09,0.0,0.0
6.02127216334485e-09,0.0,1.2646236357884027e-05,3.3083407888552537e-06,3.169160813623705e-06,3.719481281730596e-07,-1.5114384385561904e-07,-9.554415786055772e-08,-9.439427511950786e-08,-5.0178827410498955e-09,3.868e-09,0.0,0.0
6.02327216334485e-09,0.0,1.2501810440832733e-05,3.087779327691774e-06,3.0240915140902453e-06,3.6770030708331564e-07,-1.4936506258579234e-07,-9.534570238260492e-08,-9.419581427399075e-08,-5.017888108613978e-09,3.868e-09,0.0,0.0
6.0252721633448495e-09,0.0,1.2350655067473476e-05,2.873589463447054e-06,2.879264796933124e-06,3.632545608080434e-07,-1.4766181382390794e-07,-9.522881149746957e-08,-9.407891803026666e-08,-5.0178934672025135e-09,3.868e-09,0.0,0.0
6.027272163344849e-09,0.0,1.2193133131412255e-05,2.665787769081559e-06,2.7345605906497484e-06,3.586215626885957e-07,-1.4603088873259142e-07,-9.518644895937919e-08,-9.40365501381211e-08,-5.017898821258146e-09,3.868e-09,0.0,0.0
6.029272163344849e-09,0.0,1.2029612981123686e-05,2.464375614543866e-06,2.589869750775356e-06,3.538121465036378e-07,-1.444688469054312e-07,-9.521144587341011e-08,-9.406154169859107e-08,-5.017904174819221e-09,3.868e-09,0.0,0.0
6.031272163344849e-09,0.0,1.1860469846507675e-05,2.269339690285215e-06,2.4450942414285685e-06,3.488373484266963e-07,-1.429719833082742e-07,-9.529652998374708e-08,-9.414662045223407e-08,-5.017909531513067e-09,3.868e-09,0.0,0.0
6.033272163344849e-09,0.0,1.1686089618267967e-05,2.080652676690115e-06,2.300147272195975e-06,3.43708518184352e-07,-1.4153634687692523e-07,-9.543435444468934e-08,-9.428443955013824e-08,-5.017914894550929e-09,3.868e-09,0.0,0.0
6.0352721633448484e-09,0.0,1.1506861172527565e-05,1.8982737552027169e-06,2.1549533911840418e-06,3.3843709330963427e-07,-1.4015785757909998e-07,-9.561752603209984e-08,-9.446760576537497e-08,-5.017920266724526e-09,3.868e-09,0.0,0.0
6.037272163344848e-09,0.0,1.1323171145247261e-05,1.7221490125361324e-06,2.009448535021761e-06,3.330344454484488e-07,-1.3883229845428643e-07,-9.583863289599453e-08,-9.468870724559035e-08,-5.017925650404204e-09,3.868e-09,0.0,0.0
6.039272163344848e-09,0.0,1.1135411898159746e-05,1.552212045781341e-06,1.863580036597155e-06,3.275121146517572e-07,-1.3755527867277518e-07,-9.609027175393665e-08,-9.494034070639789e-08,-5.017931047538646e-09,3.868e-09,0.0,0.0
6.041272163344848e-09,0.0,1.0943975803342668e-05,1.3883845827243134e-06,1.7173065915170716e-06,3.2188164127478436e-07,-1.3632231657787018e-07,-9.636507435736666e-08,-9.52151378977102e-08,-5.017936459656114e-09,3.868e-09,0.0,0.0
6.0432721633448476e-09,0.0,1.0749254980178988e-05,1.230577041416651e-06,1.5705981844238458e-06,3.1615455824055847e-07,-1.3512883902075468e-07,-9.665573321135047e-08,-9.550579132348285e-08,-5.0179418878671765e-09,3.868e-09,0.0,0.0
6.045272163344847e-09,0.0,1.0551640162915774e-05,1.078689292202235e-06,1.4234359764123175e-06,3.103423577328169e-07,-1.3397013197453253e-07,-9.695502642437256e-08,-9.580507909150359e-08,-5.017947332868872e-09,3.868e-09,0.0,0.0
6.047272163344847e-09,0.0,1.0351519636195235e-05,9.326116383299518e-07,1.2758121550999428e-06,3.0445645988809513e-07,-1.3284132983389922e-07,-9.725584140953447e-08,-9.610588861458423e-08,-5.017952794950261e-09,3.868e-09,0.0,0.0
6.049272163344847e-09,0.0,1.0149278100420089e-05,7.922256163405136e-07,1.1277297491643604e-06,2.9850817942412025e-07,-1.3173756188005813e-07,-9.755119737567227e-08,-9.640123910167295e-08,-5.01795827399928e-09,3.868e-09,0.0,0.0
6.051272163344847e-09,0.0,9.945295650792822e-06,6.574043041438637e-07,9.792024089486154e-07,2.925086956115536e-07,-1.3065409460565492e-07,-9.783426694830692e-08,-9.668430317879614e-08,-5.017963769510869e-09,3.868e-09,0.0,0.0
6.0532721633448465e-09,0.0,9.739946885587355e-06,5.280125589313456e-07,8.302541542578986e-07,2.8646902604668693e-07,-1.2958626691300442e-07,-9.809839719973255e-08,-9.69484279191363e-08,-5.0179692805962925e-09,3.868e-09,0.0,0.0
6.055272163344846e-09,0.0,9.533599953201817e-06,4.0390772150234307e-07,6.809190904555734e-07,2.8039999862358284e-07,-1.2852936431882124e-07,-9.833712982988091e-08,-9.718715502388727e-08,-5.017974805993653e-09,3.868e-09,0.0,0.0
6.057272163344846e-09,0.0,9.326615490182065e-06,2.84940589378978e-07,5.312410945088504e-07,2.743122202994725e-07,-1.2747865022730272e-07,-9.854422005093256e-08,-9.739423970685299e-08,-5.017980344079503e-09,3.868e-09,0.0,0.0
6.059272163344846e-09,0.0,9.119345727374999e-06,1.7095621854639632e-07,3.812734730446596e-07,2.6821605080514703e-07,-1.264294562168978e-07,-9.871365408947636e-08,-9.756366819659486e-08,-5.017985892881497e-09,3.868e-09,0.0,0.0
6.061272163344846e-09,0.0,8.91213358692442e-06,6.179458640521679e-08,2.3107859443089692e-07,2.6212157608601235e-07,-1.253771944981329e-07,-9.883966545138865e-08,-9.768967400129663e-08,-5.017991450092006e-09,3.868e-09,0.0,0.0
6.0632721633448454e-09,0.0,8.70531194023964e-06,-4.2708709198370635e-08,8.072749676296105e-08,2.5603858647763644e-07,-1.2431735884834142e-07,-9.89167499801026e-08,-9.776675296701997e-08,-5.01799701308262e-09,3.868e-09,0.0,0.0
6.065272163344845e-09,0.0,8.499202941303366e-06,-1.4272176321025114e-07,-6.970052635860884e-08,2.499765570971578e-07,-1.2324555864560568e-07,-9.89396796699404e-08,-9.778967709102091e-08,-5.018002578919475e-09,3.868e-09,0.0,0.0
6.067272163344845e-09,0.0,8.294117362657723e-06,-2.384157400720385e-07,-2.201183515753064e-07,2.4394462831346244e-07,-1.221575427838493e-07,-9.890351525920737e-08,-9.775349569068592e-08,-5.018019568521455e-09,3.868e-09,0.0,0.0
6.069272163344845e-09,0.0,8.090353974517152e-06,-3.299642766905121e-07,-3.7043149033344905e-07,2.3795158748579856e-07,-1.210492128009975e-07,-9.880361762625896e-08,-9.765358469489938e-08,-5.01803293135949e-09,3.868e-09,0.0,0.0
6.0712721633448446e-09,0.0,7.888199046918015e-06,-4.1754289011726766e-07,-5.205385644857674e-07,2.3200585432111807e-07,-1.199166336773508e-07,-9.863565797899271e-08,-9.748561170311445e-08,-5.018046275878382e-09,3.868e-09,0.0,0.0
6.073272163344844e-09,0.0,7.687925554370484e-06,-5.013284032606485e-07,-6.703317790685467e-07,2.2611545748148481e-07,-1.1875605118089493e-07,-9.839562684699376e-08,-9.724556725449858e-08,-5.01805959249516e-09,3.868e-09,0.0,0.0
6.075272163344844e-09,0.0,7.489792175522126e-06,-5.814984060643074e-07,-8.196974223586311e-07,2.2028800516241548e-07,-1.1756390895322846e-07,-9.807984189371179e-08,-9.692976902261109e-08,-5.018072871100848e-09,3.868e-09,0.0,0.0
6.077272163344844e-09,0.0,7.294043079125008e-06,-6.582307315516087e-07,-9.685163742659286e-07,2.1453067879779434e-07,-1.1633685326565277e-07,-9.768495455798104e-08,-9.65348684568755e-08,-5.0180861011056725e-09,3.868e-09,0.0,0.0
6.079272163344844e-09,0.0,7.100908118982107e-06,-7.317029249336651e-07,-1.116664624039658e-06,2.0885023879359137e-07,-1.15071736923668e-07,-9.720795552045789e-08,-9.605785624897287e-08,-5.018099271485077e-09,3.868e-09,0.0,0.0
6.0812721633448435e-09,0.0,6.910593782496878e-06,-8.020916308611418e-07,-1.2640137954356935e-06,2.032527583087317e-07,-1.1376558437944544e-07,-9.664617893669958e-08,-9.549606656587317e-08,-5.018112370826414e-09,3.868e-09,0.0,0.0
6.082370716851353e-09,0.0,6.807340007870591e-06,-8.395004803524642e-07,-1.3445659465357586e-06,2.0021588258442914e-07,-1.1302984761423395e-07,-9.630074574802813e-08,-9.515062621611537e-08,-5.018119531912646e-09,3.868e-09,0.0,0.0
6.0825707168513535e-09,0.0,6.788641116232152e-06,-8.462047777429905e-07,-1.359194322124053e-06,1.9966591518329858e-07,-1.1289474117175121e-07,-9.623456215629084e-08,-9.50844413239155e-08,-5.0181208323752365e-09,3.868e-09,0.0,0.0
6.0829707168513536e-09,0.0,6.751338640133004e-06,-8.595578353377424e-07,-1.388430435833866e-06,1.9856878353332364e-07,-1.1262259032884053e-07,-9.610042122133865e-08,-9.495029778987258e-08,-5.018123431465746e-09,3.868e-09,0.0,0.0
6.083770716851354e-09,0.0,6.677122503421981e-06,-8.859348794018285e-07,-1.4467755504477256e-06,1.9638595598299943e-07,-1.1207276146564516e-07,-9.582145332351763e-08,-9.46713247051711e-08,-5.0181286183464345e-09,3.868e-09,0.0,0.0
6.0853707168513535e-09,0.0,6.530270558708067e-06,-9.374138811632592e-07,-1.5629242012492182e-06,1.9206678113847257e-07,-1.1095039349337629e-07,-9.522037179121448e-08,-9.407023284725285e-08,-5.018138943961491e-09,3.868e-09,0.0,0.0
6.087370716851353e-09,0.0,6.349768560010872e-06,-9.99478966777836e-07,-1.7070067246862154e-06,1.8675789882384916e-07,-1.0950352522202356e-07,-9.438719937374172e-08,-9.323704762084385e-08,-5.018151752897826e-09,3.868e-09,0.0,0.0
6.089370716851353e-09,0.0,6.172808159919343e-06,-1.059157989385216e-06,-1.8497366482367e-06,1.8155318117409834e-07,-1.0800616582395958e-07,-9.34620174363739e-08,-9.231185299478573e-08,-5.0181644415880274e-09,3.868e-09,0.0,0.0
6.091370716851353e-09,0.0,5.999528180736247e-06,-1.1166163741285304e-06,-1.990971721206956e-06,1.764567111981249e-07,-1.0645658769377325e-07,-9.244391886393236e-08,-9.12937418665464e-08,-5.018176997386014e-09,3.868e-09,0.0,0.0
6.093370716851353e-09,0.0,5.830049644840318e-06,-1.1720160312587323e-06,-2.1305685629045288e-06,1.714720483776564e-07,-1.0485330251171201e-07,-9.133234174784288e-08,-9.018215234029808e-08,-5.018189407545242e-09,3.868e-09,0.0,0.0
6.0953707168513524e-09,0.0,5.664477845521297e-06,-1.225514958905639e-06,-2.2683831910290815e-06,1.666022895741558e-07,-1.0319507215752992e-07,-9.012706588088663e-08,-8.89768642216205e-08,-5.018201659265682e-09,3.868e-09,0.0,0.0
6.097370716851352e-09,0.0,5.502902494955154e-06,-1.2772668877350402e-06,-2.404271543893531e-06,1.6185007338103394e-07,-1.0148091059347236e-07,-8.882820824190363e-08,-8.767799450216351e-08,-5.018213739740252e-09,3.868e-09,0.0,0.0
6.099370716851352e-09,0.0,5.345398262389488e-06,-1.3274209358442602e-06,-2.538089994950748e-06,1.57217595952632e-07,-9.971007706713253e-08,-8.743621750841949e-08,-8.628599187221908e-08,-5.018225636200551e-09,3.868e-09,0.0,0.0
6.101370716851352e-09,0.0,5.192024823553838e-06,-1.376121229441455e-06,-2.6696958581279228e-06,1.5270661245746583e-07,-9.7882053953162e-08,-8.595186759406974e-08,-8.480163025810767e-08,-5.018237335961787e-09,3.868e-09,0.0,0.0
6.1033707168513516e-09,0.0,5.042824041024006e-06,-1.4235065987905778e-06,-2.7989478824952668e-06,1.4831835414776488e-07,-9.59965924533271e-08,-8.437625024590618e-08,-8.32260014194398e-08,-5.018248826466754e-09,3.868e-09,0.0,0.0
6.105370716851351e-09,0.0,4.897821711490383e-06,-1.469710719581107e-06,-2.925706735058152e-06,1.4405357974971716e-07,-9.405387283311059e-08,-8.271076700763962e-08,-8.156050691231111e-08,-5.0182600953287465e-09,3.868e-09,0.0,0.0
6.107370716851351e-09,0.0,4.7570366375867365e-06,-1.5148620778043612e-06,-3.0498354708244927e-06,1.3991284228196284e-07,-9.205423992579079e-08,-8.095712071430553e-08,-7.980684958393205e-08,-5.018271130373356e-09,3.868e-09,0.0,0.0
6.109370716851351e-09,0.0,4.620472453880435e-06,-1.5590829068280523e-06,-3.171199988917845e-06,1.358962486435422e-07,-8.999793867039374e-08,-7.911730585710526e-08,-7.796702393742603e-08,-5.018281919679015e-09,3.868e-09,0.0,0.0
6.111370716851351e-09,0.0,4.488113977449142e-06,-1.602489015918436e-06,-3.289669472952693e-06,1.3200335227791596e-07,-8.788580116412389e-08,-7.719359775949228e-08,-7.604330530787579e-08,-5.018292451616146e-09,3.868e-09,0.0,0.0
6.1133707168513505e-09,0.0,4.359935393553114e-06,-1.6451901626150878e-06,-3.4051168144783437e-06,1.2823339392803275e-07,-8.571880789395941e-08,-7.51885413903551e-08,-7.40382386754703e-08,-5.018302714884808e-09,3.868e-09,0.0,0.0
6.11537071685135e-09,0.0,4.2358985824886056e-06,-1.6872897379163273e-06,-3.5174190188863185e-06,1.2458525242613546e-07,-8.34981621745605e-08,-7.310493975344786e-08,-7.195462705489722e-08,-5.018312698550779e-09,3.868e-09,0.0,0.0
6.11737071685135e-09,0.0,4.115953103155203e-06,-1.7288846496919558e-06,-3.62645759293379e-06,1.2105744421044715e-07,-8.122529033027053e-08,-7.094584159889552e-08,-6.979551920681506e-08,-5.018322392080012e-09,3.868e-09,0.0,0.0
6.11937071685135e-09,0.0,4.000037421345011e-06,-1.7700652124019839e-06,-3.7321189129452687e-06,1.1764815945132384e-07,-7.890181952898655e-08,-6.871452859347804e-08,-6.756419680810599e-08,-5.018331785371361e-09,3.868e-09,0.0,0.0
6.12137071685135e-09,0.0,3.8880791231099735e-06,-1.810915014810699e-06,-3.834294572870534e-06,1.1435526832676392e-07,-7.652956282514854e-08,-6.64145019635263e-08,-6.526416109473804e-08,-5.018340868787528e-09,3.868e-09,0.0,0.0
6.1233707168513494e-09,0.0,3.7799945754707035e-06,-1.8515108585290968e-06,-3.932881711426652e-06,1.1117631104325598e-07,-7.411054212781902e-08,-6.404946866139797e-08,-6.28991190282144e-08,-5.018349633184145e-09,3.868e-09,0.0,0.0
6.125370716851349e-09,0.0,3.6756900658170104e-06,-1.8919228301668812e-06,-4.027783317698155e-06,1.0810853134755912e-07,-7.16470036322344e-08,-6.162332719467701e-08,-6.04729691247402e-08,-5.0183580699369435e-09,3.868e-09,0.0,0.0
6.127370716851349e-09,0.0,3.57506407858255e-06,-1.932214302967396e-06,-4.118908514722841e-06,1.0514894348772206e-07,-6.914133872261476e-08,-5.9140153178316686e-08,-5.798978700734846e-08,-5.018366170966959e-09,3.868e-09,0.0,0.0
6.129370716851349e-09,0.0,3.478006929025222e-06,-1.9724417983786726e-06,-4.206172820565347e-06,1.0229432144191829e-07,-6.659606419177749e-08,-5.660418451667136e-08,-5.5453810587906604e-08,-5.018373928763747e-09,3.868e-09,0.0,0.0
6.1313707168513486e-09,0.0,3.384400682196832e-06,-2.0126549943621377e-06,-4.289498386331962e-06,9.954119653520094e-08,-6.401388497377391e-08,-5.4019806245098434e-08,-5.286942490869186e-08,-5.0183813364065446e-09,3.868e-09,0.0,0.0
6.133370716851348e-09,0.0,3.294121005110764e-06,-2.0528968028922026e-06,-4.3688142107165815e-06,9.688591191502247e-08,-6.139763528966309e-08,-5.139153517889666e-08,-5.024114679131335e-08,-5.018388387583333e-09,3.868e-09,0.0,0.0
6.135370716851348e-09,0.0,3.2070370230204826e-06,-2.093203392854223e-06,-4.444056330808257e-06,9.432461832413184e-08,-5.875027950482954e-08,-4.872400440447225e-08,-4.7573609327863224e-08,-5.018395076607809e-09,3.868e-09,0.0,0.0
6.137370716851348e-09,0.0,3.1230107033763664e-06,-2.13360425194751e-06,-4.515167988931597e-06,9.185325598165783e-08,-5.607489949991902e-08,-4.602194763091324e-08,-4.487154623247931e-08,-5.018401398434216e-09,3.868e-09,0.0,0.0
6.139370716851348e-09,0.0,3.041897733699568e-06,-2.174122262960396e-06,-4.582099775349231e-06,8.946758040292847e-08,-5.337468306351296e-08,-4.329018345911486e-08,-4.213977611044406e-08,-5.018407348670028e-09,3.868e-09,0.0,0.0
6.1413707168513475e-09,0.0,2.9635510808399457e-06,-2.2147737951895934e-06,-4.644809746733191e-06,8.716326708352781e-08,-5.065291152580261e-08,-4.053359961228985e-08,-3.9383186688702785e-08,-5.018412923586484e-09,3.868e-09,0.0,0.0
6.143370716851347e-09,0.0,2.8878231433904618e-06,-2.2555688114825704e-06,-4.703263520380118e-06,8.493597480560181e-08,-4.791294835652478e-08,-3.775713717242819e-08,-3.660671905230187e-08,-5.018418120126962e-09,3.868e-09,0.0,0.0
6.145370716851347e-09,0.0,2.814563889501038e-06,-2.2965109937637543e-06,-4.757434344215107e-06,8.278129086767759e-08,-4.515822827874837e-08,-3.496577486909672e-08,-3.381535193318286e-08,-5.018422935913201e-09,3.868e-09,0.0,0.0
6.147370716851347e-09,0.0,2.7436191273921757e-06,-2.337597885379282e-06,-4.807303142700832e-06,8.069468021741693e-08,-4.2392245190774314e-08,-3.2164513467508973e-08,-3.101408609825991e-08,-5.018427369249386e-09,3.868e-09,0.0,0.0
6.149370716851347e-09,0.0,2.6748320967028376e-06,-2.37882104575081e-06,-4.852858538837947e-06,7.867153225596581e-08,-3.9618539280498283e-08,-2.9358360299114753e-08,-2.8207928879990113e-08,-5.018431419124103e-09,3.868e-09,0.0,0.0
6.1513707168513464e-09,0.0,2.6080454202567804e-06,-2.4201662176250187e-06,-4.894096852507241e-06,7.670721824284649e-08,-3.6840685415400516e-08,-2.6552313975302775e-08,-2.5401878890091906e-08,-5.018435085210188e-09,3.868e-09,0.0,0.0
6.153370716851346e-09,0.0,2.543101410610439e-06,-2.461613508215889e-06,-4.931022075466914e-06,7.479710031207174e-08,-3.40622813089109e-08,-2.3751349325346805e-08,-2.2600910957484054e-08,-5.0184383678625085e-09,3.868e-09,0.0,0.0
6.155370716851346e-09,0.0,2.4798424786131224e-06,-2.5031375852661328e-06,-4.963645823382281e-06,7.293654348862125e-08,-3.128693691101369e-08,-2.0960402600606816e-08,-1.9809961332492865e-08,-5.018441268113699e-09,3.868e-09,0.0,0.0
6.157370716851346e-09,0.0,2.4181121250360713e-06,-2.54470788966186e-06,-4.991987265330604e-06,7.11209448540021e-08,-2.8518263962263497e-08,-1.8184356987993656e-08,-1.7033913200326357e-08,-5.0184437876678875e-09,3.868e-09,0.0,0.0
6.1593707168513456e-09,0.0,2.357755608012345e-06,-2.5862888630445608e-06,-5.016073031289536e-06,6.934575317683367e-08,-2.5759865272108918e-08,-1.5428028475177056e-08,-1.4277582546284803e-08,-5.018445928892481e-09,3.868e-09,0.0,0.0
6.161370716851345e-09,0.0,2.29862041677619e-06,-2.6278401890211924e-06,-5.035937098181219e-06,6.760648284635853e-08,-2.3015324321165885e-08,-1.2696152107711961e-08,-1.1545704412903576e-08,-5.018447694808028e-09,3.868e-09,0.0,0.0
6.163370716851345e-09,0.0,2.2405567492132256e-06,-2.6693170473758536e-06,-5.05162065510449e-06,6.589872791803604e-08,-2.028819506523661e-08,-9.993368676424276e-09,-8.84291958734807e-09,-5.018449089076239e-09,3.868e-09,0.0,0.0
6.165370716851345e-09,0.0,2.183418104669124e-06,-2.7106703735574867e-06,-5.06317194844242e-06,6.421817954909189e-08,-1.758198859140512e-08,-7.324211867946111e-09,-6.173761751959474e-09,-5.018450115986216e-09,3.868e-09,0.0,0.0
6.167370716851345e-09,0.0,2.1270617959401447e-06,-2.7518471152718217e-06,-5.070646107575539e-06,6.256064105706308e-08,-1.4900159810098174e-08,-4.693095901532751e-09,-3.542645121094004e-09,-5.018450780438964e-09,3.868e-09,0.0,0.0
6.1693707168513445e-09,0.0,2.0713492279584296e-06,-2.792790499305747e-06,-5.074104951968139e-06,6.09220361164244e-08,-1.2246101633511605e-08,-2.1043036772164575e-09,-9.538525892862897e-10,-5.018451087930231e-09,3.868e-09,0.0,0.0
6.171370716851344e-09,0.0,2.0161460435526033e-06,-2.8334402930883966e-06,-5.073616780431886e-06,5.9298413045664805e-08,-9.623125011797968e-09,4.3802454188325995e-10,1.5884755864160798e-09,-5.018451044531779e-09,3.868e-09,0.0,0.0
6.173370716851344e-09,0.0,1.9613280965748343e-06,-2.873732938427783e-06,-5.069256143345703e-06,5.7686120487495125e-08,-7.0343932112411206e-09,2.929901968752232e-09,4.0803526256231676e-09,-5.018450656871143e-09,3.868e-09,0.0,0.0
6.175370716851344e-09,0.0,1.9067829635748608e-06,-2.913602234137854e-06,-5.0611035987640706e-06,5.6081851869848846e-08,-4.483239389522983e-09,5.3675053983890864e-09,6.5179553304994196e-09,-5.01844993210993e-09,3.868e-09,0.0,0.0
6.177370716851344e-09,0.0,1.8523512671988363e-06,-2.9529800028678793e-06,-5.049245453785121e-06,5.448091962349518e-08,-1.972822006695166e-09,7.747184264215115e-09,8.897633142137446e-09,-5.018448877920842e-09,3.868e-09,0.0,0.0
6.1793707168513434e-09,0.0,1.797942765839725e-06,-2.9917956511806623e-06,-5.033773492319497e-06,5.288066958352132e-08,4.940983201698478e-10,1.0065469260712473e-08,1.1215916763176393e-08,-5.018447502463467e-09,3.868e-09,0.0,0.0
6.181370716851343e-09,0.0,1.7434532336288205e-06,-3.029976320271912e-06,-5.014784689715523e-06,5.1278036283200605e-08,2.914659209823864e-09,1.231908080763247e-08,1.3469526621991277e-08,-5.0184458143589154e-09,3.868e-09,0.0,0.0
6.183370716851343e-09,0.0,1.6887811516943012e-06,-3.067447678305094e-06,-4.992380915027924e-06,4.9670033873361796e-08,5.2860933045416055e-09,1.4504936649224421e-08,1.565538047188803e-08,-5.018443822663346e-09,3.868e-09,0.0,0.0
6.185370716851343e-09,0.0,1.6338324949027186e-06,-3.1041342203927354e-06,-4.966668622334835e-06,4.805389690890349e-08,7.605790419413945e-09,1.662015849228872e-08,1.7770600029129608e-08,-5.018441536840525e-09,3.868e-09,0.0,0.0
6.187370716851343e-09,0.0,1.5785199495209723e-06,-3.139959528148743e-06,-4.937758532359821e-06,4.642705733885213e-08,9.871268089794145e-09,1.8662077971655105e-08,1.9812516938388294e-08,-5.018438966733526e-09,3.868e-09,0.0,0.0
6.189370716851342e-09,0.0,1.5227630482293192e-06,-3.1748465984174076e-06,-4.905765305453551e-06,4.4787148477332914e-08,1.2080177875560893e-08,2.062824191722646e-08,2.1778678039761734e-08,-5.018436122535655e-09,3.868e-09,0.0,0.0
6.191370716851342e-09,0.0,1.466488108753943e-06,-3.2087181750875377e-06,-4.870807207047365e-06,4.313200319864538e-08,1.4230307310129974e-08,2.2516416873519745e-08,2.3666849888279856e-08,-5.018433014760706e-09,3.868e-09,0.0,0.0
6.193370716851342e-09,0.0,1.4096281216392344e-06,-3.2414970722084724e-06,-4.833005766731827e-06,4.145965063644807e-08,1.6319590561992303e-08,2.432459286770702e-08,2.5475022521919926e-08,-5.018429654212663e-09,3.868e-09,0.0,0.0
6.195370716851342e-09,0.0,1.3521242594835533e-06,-3.2731064339702284e-06,-4.792485432089884e-06,3.9768360573045686e-08,1.8346135970775158e-08,2.6050986460652845e-08,2.7201412512608212e-08,-5.018426051954912e-09,3.868e-09,0.0,0.0
6.1973707168513415e-09,0.0,1.293927926873012e-06,-3.303470002360029e-06,-4.7493732183673114e-06,3.805670373155918e-08,2.0308200107603373e-08,2.769404310745662e-08,2.8844465326735637e-08,-5.018422219279113e-09,3.868e-09,0.0,0.0
6.199370716851341e-09,0.0,1.23499468631534e-06,-3.3325125606727327e-06,-4.703798355124722e-06,3.632337312692176e-08,2.2204130239395777e-08,2.9252438720956305e-08,3.040285688863152e-08,-5.01841816767377e-09,3.868e-09,0.0,0.0
6.201370716851341e-09,0.0,1.175282338190669e-06,-3.3601603101600903e-06,-4.655891931145948e-06,3.4567127593843204e-08,2.4032457361326858e-08,3.0725080374983244e-08,3.187549428377542e-08,-5.018413908792679e-09,3.868e-09,0.0,0.0
6.203370716851341e-09,0.0,1.1147630627225625e-06,-3.3863410286068053e-06,-4.6057865388035345e-06,3.278714890360478e-08,2.579191225257758e-08,3.211110630693868e-08,3.326151576136108e-08,-5.018409454423299e-09,3.868e-09,0.0,0.0
6.205370716851341e-09,0.0,1.0534139007233924e-06,-3.4109843316147973e-06,-4.553615918908984e-06,3.098276178598213e-08,2.7481357744487398e-08,3.3409885285098286e-08,3.456029010155354e-08,-5.0184048164551914e-09,3.868e-09,0.0,0.0
6.2073707168513405e-09,0.0,9.912191409821355e-07,-3.434022008331969e-06,-4.499514607100362e-06,2.9153504146533396e-08,2.9099817454982878e-08,3.462101524280667e-08,3.5771415249656085e-08,-5.018400006848571e-09,3.868e-09,0.0,0.0
6.20937071685134e-09,0.0,9.281701511575393e-07,-3.4553882880026485e-06,-4.443617582895076e-06,2.7299122092868802e-08,3.0646477971108363e-08,3.5744321179612243e-08,3.6894716217215157e-08,-5.01839503760312e-09,3.868e-09,0.0,0.0
6.21137071685134e-09,0.0,8.64264955335062e-07,-3.4750201041224893e-06,-4.386059922501418e-06,2.5419557509854763e-08,3.212068297075811e-08,3.677985237381487e-08,3.7930242294541626e-08,-5.01838992072711e-09,3.868e-09,0.0,0.0
6.21337071685134e-09,0.0,7.995081152888983e-07,-3.492857348228423e-06,-4.32697645643852e-06,2.3514944567320537e-08,3.352193800142598e-08,3.77278789190184e-08,3.887826358722527e-08,-5.018384668206977e-09,3.868e-09,0.0,0.0
6.21537071685134e-09,0.0,7.339112571656262e-07,-3.5088430870813206e-06,-4.266501432979403e-06,2.158562521075371e-08,3.484991632535318e-08,3.858888761765121e-08,3.973926690962926e-08,-5.018379291977391e-09,3.868e-09,0.0,0.0
6.217370716851339e-09,0.0,6.674930397264184e-07,-3.522923769597503e-06,-4.204768188380205e-06,1.96321482272476e-08,3.610444934719131e-08,3.9363577265436126e-08,4.0513951069328134e-08,-5.018373803891946e-09,3.868e-09,0.0,0.0
6.219370716851339e-09,0.0,6.002775729753833e-07,-3.535049460712661e-06,-4.141908824833166e-06,1.7655222734570096e-08,3.728551276013929e-08,4.005285332612808e-08,4.1203221541823533e-08,-5.018368215694528e-09,3.868e-09,0.0,0.0
6.221370716851339e-09,0.0,5.322944445043577e-07,-3.545174060851845e-06,-4.078053897079294e-06,1.565571895601052e-08,3.8393236296033324e-08,4.065782199921912e-08,4.180818453821088e-08,-5.01836253899145e-09,3.868e-09,0.0,0.0
6.223370716851339e-09,0.0,4.635797467566546e-07,-3.55325547854198e-06,-4.013332108579883e-06,1.3634698434019253e-08,3.942790483698769e-08,4.1179783725798725e-08,4.2330140511023514e-08,-5.018356785224453e-09,3.868e-09,0.0,0.0
6.2253707168513385e-09,0.0,3.9417481376740796e-07,-3.5592557993950395e-06,-3.947870018080414e-06,1.1593376875511999e-08,4.03899455974831e-08,4.162022617264278e-08,4.2770577138287585e-08,-5.0183509656446076e-09,3.868e-09,0.0,0.0
6.227370716851338e-09,0.0,3.2412629953183674e-07,-3.5631414378632232e-06,-3.881791757350873e-06,9.533126456818728e-09,4.1279934975302364e-08,4.198081671883037e-08,4.313116181011705e-08,-5.018345091287228e-09,3.868e-09,0.0,0.0
6.229370716851338e-09,0.0,2.534858726007967e-07,-3.5648832321959913e-06,-3.815218760825526e-06,7.455466841199902e-09,4.209860446002857e-08,4.2263394499886446e-08,4.341373367283388e-08,-5.018339172947837e-09,3.868e-09,0.0,0.0
6.231370716851338e-09,0.0,1.8230994829378887e-07,-3.56445651895987e-06,-3.7482695077786336e-06,5.362057302758496e-09,4.2846828585176574e-08,4.246996206696669e-08,4.362029528812538e-08,-5.018333221159241e-09,3.868e-09,0.0,0.0
6.233370716851338e-09,0.0,1.1065940150458282e-07,-3.561841260329003e-06,-3.681059277630961e-06,3.2546882795465535e-09,4.352559367900988e-08,4.26026766576793e-08,4.3753003903848733e-08,-5.0183272461697815e-09,3.868e-09,0.0,0.0
6.2353707168513375e-09,0.0,3.8599294291462576e-08,-3.5570222176131362e-06,-3.6136999190154707e-06,1.135273361513605e-09,4.4135988246820876e-08,4.2663841038366056e-08,4.38141622962894e-08,-5.0183212579228e-09,3.868e-09,0.0,0.0
6.237370716851337e-09,0.0,-3.380139978888026e-08,-3.5499890600886763e-06,-3.5462996332410546e-06,-9.941588173200077e-10,4.4679226025615803e-08,4.2655893944414185e-08,4.380620921045156e-08,-5.018315266037395e-09,3.868e-09,0.0,0.0
6.239370716851337e-09,0.0,-1.0647010401355793e-07,-3.5407363657058287e-06,-3.478962772685073e-06,-3.1314736474575864e-09,4.5156657259607464e-08,4.258140023253389e-08,4.373170951232432e-08,-5.018309279790491e-09,3.868e-09,0.0,0.0
6.241370716851337e-09,0.0,-1.7933096059695655e-07,-3.529263597164117e-06,-3.4117896544871838e-06,-5.274440017557546e-09,4.556974977498909e-08,4.244304083683213e-08,4.3593344144932726e-08,-5.018303308100284e-09,3.868e-09,0.0,0.0
6.243370716851337e-09,0.0,-2.5230513302660693e-07,-3.5155751077615354e-06,-3.344876389835055e-06,-7.42073920666491e-09,4.5920072838251016e-08,4.224360254332499e-08,4.339389990283577e-08,-5.018297359511056e-09,3.868e-09,0.0,0.0
6.245370716851336e-09,0.0,-3.253111168583822e-07,-3.4996801414012924e-06,-3.2783147291179044e-06,-9.567974025246535e-09,4.620929557339298e-08,4.198596758727901e-08,4.313625902945894e-08,-5.0182914421794185e-09,3.868e-09,0.0,0.0
6.247370716851336e-09,0.0,-3.9826503259052486e-07,-3.481592804419854e-06,-3.2121919231917953e-06,-1.1713677429133084e-08,4.6439181604281945e-08,4.167310311062149e-08,4.2823388674483406e-08,-5.018285563861971e-09,3.868e-09,0.0,0.0
6.249370716851336e-09,0.0,-4.710809252441829e-07,-3.461332026018966e-06,-3.1465906009407375e-06,-1.3855321330711261e-08,4.6611578891568635e-08,4.130805051998815e-08,4.245833025189262e-08,-5.018279731904424e-09,3.868e-09,0.0,0.0
6.251370716851336e-09,0.0,-5.436710744376012e-07,-3.438921509623813e-06,-3.081588663263425e-06,-1.5990325718752978e-08,4.6728413052192545e-08,4.089391477538197e-08,4.20441887286139e-08,-5.018273953232164e-09,3.868e-09,0.0,0.0
6.2533707168513355e-09,0.0,-6.159463025051708e-07,-3.4143896658466848e-06,-3.017259193566196e-06,-1.8116067720740318e-08,4.6791681723863816e-08,4.043385364344151e-08,4.158412187778411e-08,-5.018268234342308e-09,3.868e-09,0.0,0.0
6.255370716851335e-09,0.0,-6.878162942043556e-07,-3.3877695264049594e-06,-2.953670384786174e-06,-2.0229891006010458e-08,4.6803448177063274e-08,3.993106695494839e-08,4.108132953624581e-08,-5.0182625812972065e-09,3.868e-09,0.0,0.0
6.257370716851335e-09,0.0,-7.591899776585482e-07,-3.3590986430106248e-06,-2.89088548290907e-06,-2.23291169899573e-08,4.6765833729139626e-08,3.9388785904270554e-08,4.053904290398981e-08,-5.01825699971943e-09,3.868e-09,0.0,0.0
6.259370716851335e-09,0.0,-8.299758742882572e-07,-3.3284189721110316e-06,-2.82896274689033e-06,-2.441105512612521e-08,4.66810110378111e-08,3.8810262425582386e-08,3.99605139203706e-08,-5.018251494788199e-09,3.868e-09,0.0,0.0
6.261370716851335e-09,0.0,-9.000823552986578e-07,-3.29577674048088e-06,-2.7679554248330523e-06,-2.6473010449960523e-08,4.655119919080922e-08,3.819875868285288e-08,3.9349004754090224e-08,-5.018246071237267e-09,3.868e-09,0.0,0.0
6.2633707168513345e-09,0.0,-9.694183153793806e-07,-3.2612223041930945e-06,-2.7079117462226058e-06,-2.8512303393511193e-08,4.63786510332091e-08,3.755753670613644e-08,3.870777743949055e-08,-5.018240733354239e-09,3.868e-09,0.0,0.0
6.265370716851334e-09,0.0,-1.0378934575775512e-06,-3.224810103657355e-06,-2.64887493001785e-06,-3.0526278164045626e-08,4.616559748090034e-08,3.6889848141710974e-08,3.804008362669228e-08,-5.018235484981278e-09,3.868e-09,0.0,0.0
6.267370716851334e-09,0.0,-1.1054135349084924e-06,-3.1865985367855298e-06,-2.5908832084163786e-06,-3.2512162791426246e-08,4.59143235218105e-08,3.619892412570323e-08,3.734915445521991e-08,-5.018230329517228e-09,3.868e-09,0.0,0.0
6.269370716851334e-09,0.0,-1.17188839661374e-06,-3.1466489799168983e-06,-2.5339698656868773e-06,-3.446730578275706e-08,4.5627496190812344e-08,3.5487965823210045e-08,3.6638191093131635e-08,-5.018225269921059e-09,3.868e-09,0.0,0.0
6.271370716851334e-09,0.0,-1.2372337972815701e-06,-3.1050260201567865e-06,-2.478163291187797e-06,-3.638922933181089e-08,4.530721608013014e-08,3.4760135446956914e-08,3.5910355755673164e-08,-5.018220308716587e-09,3.868e-09,0.0,0.0
6.273370716851333e-09,0.0,-1.3013622457556395e-06,-3.061797909079261e-06,-2.4234870464419644e-06,-3.827536016928351e-08,4.49558375382674e-08,3.4018546965910576e-08,3.516876241390908e-08,-5.018215447998428e-09,3.868e-09,0.0,0.0
6.275370716851333e-09,0.0,-1.3641881982241833e-06,-3.0170358175185954e-06,-2.369959946309245e-06,-4.0123182300711274e-08,4.4575726002481774e-08,3.326625706918809e-08,3.441646775862744e-08,-5.018210689439227e-09,3.868e-09,0.0,0.0
6.277370716851333e-09,0.0,-1.4256288694957834e-06,-2.9708136057670164e-06,-2.3175961535573616e-06,-4.193026086752304e-08,4.416922709176451e-08,3.2506256784523354e-08,3.365646281882127e-08,-5.01820603429805e-09,3.868e-09,0.0,0.0
6.279370716851333e-09,0.0,-1.4856036842057566e-06,-2.9232076095858616e-06,-2.266405286042667e-06,-4.3694226006051667e-08,4.3738673261644226e-08,3.174146346685172e-08,3.2891664950282e-08,-5.01820148342993e-09,3.868e-09,0.0,0.0
6.2813707168513325e-09,0.0,-1.5440345944082448e-06,-2.874296394859259e-06,-2.2163925359143308e-06,-4.541278218847779e-08,4.3286377103588436e-08,3.09747131792597e-08,3.212491021655628e-08,-5.018197037296443e-09,3.868e-09,0.0,0.0
6.283370716851332e-09,0.0,-1.6008462722885699e-06,-2.824160504450092e-06,-2.167558800211529e-06,-4.708371389084029e-08,4.2814627110136524e-08,3.020875350110965e-08,3.1358946197086964e-08,-5.018192695977339e-09,3.868e-09,0.0,0.0
6.285370716851332e-09,0.0,-1.6559665224584272e-06,-2.7728821985851225e-06,-2.119900822181011e-06,-4.87048977193655e-08,4.232568118926618e-08,2.944623678340367e-08,3.059642524258666e-08,-5.0181884591830915e-09,3.868e-09,0.0,0.0
6.287370716851332e-09,0.0,-1.7093268049697222e-06,-2.7205452243863133e-06,-2.0734113426281137e-06,-5.027431779322712e-08,4.182174562085691e-08,2.8689713849911495e-08,2.9839898176179685e-08,-5.018184326268359e-09,3.868e-09,0.0,0.0
6.289370716851332e-09,0.0,-1.760861628189074e-06,-2.667234626517583e-06,-2.0280792606377144e-06,-5.179004788791394e-08,4.1304963484905884e-08,2.7941628115092806e-08,2.9091808411338468e-08,-5.01818029624627e-09,3.868e-09,0.0,0.0
6.2913707168513315e-09,0.0,-1.8105079840907024e-06,-2.613036453064844e-06,-1.9838898029888676e-06,-5.325023482619713e-08,4.077746700055639e-08,2.7204310164358355e-08,2.8354486532161452e-08,-5.018176367803486e-09,3.868e-09,0.0,0.0
6.293370716851331e-09,0.0,-1.8582074090628892e-06,-2.558037364013878e-06,-1.9408247014576013e-06,-5.465315909008497e-08,4.0241363341301546e-08,2.6479972919169453e-08,2.7630145458485315e-08,-5.018172539315959e-09,3.868e-09,0.0,0.0
6.295370716851331e-09,0.0,-1.9039059590840176e-06,-2.502324447886224e-06,-1.8988623771499392e-06,-5.59972340907064e-08,3.9698636225922864e-08,2.5770707332611007e-08,2.6920876141476135e-08,-5.018168808865329e-09,3.868e-09,0.0,0.0
6.297370716851331e-09,0.0,-1.9475531001436923e-06,-2.4459850436261268e-06,-1.8579781311358745e-06,-5.7280973533638006e-08,3.9151233526508655e-08,2.507847850255242e-08,2.622864367680822e-08,-5.018165174255857e-09,3.868e-09,0.0,0.0
6.299370716851331e-09,0.0,-1.9891025232588436e-06,-2.3891064423525897e-06,-1.8181443406873324e-06,-5.850301538996599e-08,3.8601032082256435e-08,2.4405122273265238e-08,2.5555283906296786e-08,-5.018161633031888e-09,3.868e-09,0.0,0.0
6.30137071685133e-09,0.0,-2.0285122176685617e-06,-2.331775648412627e-06,-1.7793306603381812e-06,-5.966212404907535e-08,3.804983714427438e-08,2.3752342365104148e-08,2.4902500547600164e-08,-5.018158182495704e-09,3.868e-09,0.0,0.0
6.30337071685133e-09,0.0,-2.0657444765632616e-06,-2.2740791333614336e-06,-1.7415042269729984e-06,-6.075719048715475e-08,3.7499381208684867e-08,2.312170800741221e-08,2.4271862827137966e-08,-5.018154819725778e-09,3.868e-09,0.0,0.0
6.30537071685133e-09,0.0,-2.100766117417442e-06,-2.2161025937471896e-06,-1.7046298681661793e-06,-6.178723874757182e-08,3.695131906713795e-08,2.2514652080131757e-08,2.3664803621727048e-08,-5.01815154159528e-09,3.868e-09,0.0,0.0
6.30737071685133e-09,0.0,-2.1335486392837424e-06,-2.157930730705984e-06,-1.6686703129977064e-06,-6.27514305671689e-08,3.640721869696991e-08,2.1932469752496945e-08,2.308261809728818e-08,-5.018148344790824e-09,3.868e-09,0.0,0.0
6.3093707168513296e-09,0.0,-2.164068071220385e-06,-2.099647045408966e-06,-1.6335864045956392e-06,-6.364906091824662e-08,3.5868560247714e-08,2.1376317599569046e-08,2.252646282540042e-08,-5.018145225831369e-09,3.868e-09,0.0,0.0
6.311370716851329e-09,0.0,-2.1923048534755187e-06,-2.0413336150431143e-06,-1.599337313667765e-06,-6.447955451398584e-08,3.5336745443431974e-08,2.0847213199748722e-08,2.1997355380835965e-08,-5.018142181087186e-09,3.868e-09,0.0,0.0
6.313370716851329e-09,0.0,-2.218244137551862e-06,-1.9830708647602996e-06,-1.5658807522720979e-06,-6.524247463387829e-08,3.481308987360808e-08,2.0346035226732665e-08,2.149617443353181e-08,-5.0181392067988766e-09,3.868e-09,0.0,0.0
6.315370716851329e-09,0.0,-2.241875815966638e-06,-1.924937378503816e-06,-1.533173187081039e-06,-6.593752399901876e-08,3.429881203834541e-08,1.9873524015748632e-08,2.1023660314844847e-08,-5.018136299096332e-09,3.868e-09,0.0,0.0
6.317370716851329e-09,0.0,-2.263194365911399e-06,-1.8670097183149804e-06,-1.5011700514310875e-06,-6.656454017386467e-08,3.379504166732869e-08,1.9430282576074178e-08,2.058041603009208e-08,-5.018133454017572e-09,3.868e-09,0.0,0.0
6.3193707168513285e-09,0.0,-2.282199079496307e-06,-1.8093622419295222e-06,-1.4698259554760782e-06,-6.712350233812668e-08,3.330281471621062e-08,1.9016778043892784e-08,2.016690871142028e-08,-5.018130667527443e-09,3.868e-09,0.0,0.0
6.321370716851328e-09,0.0,-2.2988941595051508e-06,-1.7520669374529445e-06,-1.4390948937753762e-06,-6.761453410309268e-08,3.282307321649745e-08,1.8633343563956186e-08,1.9783471499492232e-08,-5.0181279355360556e-09,3.868e-09,0.0,0.0
6.323370716851328e-09,0.0,-2.3132884132701177e-06,-1.6951932679245624e-06,-1.4089304496717719e-06,-6.803789450794463e-08,3.2356664684341213e-08,1.8280180581276668e-08,1.9430305835193654e-08,-5.018125253916976e-09,3.868e-09,0.0,0.0
6.325370716851328e-09,0.0,-2.3253947088205226e-06,-1.6388080274490595e-06,-1.3792859958408523e-06,-6.839396202413302e-08,3.190434193973653e-08,1.7957361526476388e-08,1.910748414500145e-08,-5.01812261852503e-09,3.868e-09,0.0,0.0
6.327370716851328e-09,0.0,-2.335229992954313e-06,-1.582975209410992e-06,-1.350114890420285e-06,-6.868323508689156e-08,3.146676302818199e-08,1.7664832876522802e-08,1.881495290173641e-08,-5.018120025213758e-09,3.868e-09,0.0,0.0
6.3293707168513274e-09,0.0,-2.3428158172520054e-06,-1.5277558873538507e-06,-1.321370668156501e-06,-6.890634756623545e-08,3.104449148207015e-08,1.740241857133046e-08,1.8552536041182853e-08,-5.018117469852399e-09,3.868e-09,0.0,0.0
6.331370716851327e-09,0.0,-2.3481784426887663e-06,-1.473208108116288e-06,-1.2930072260368554e-06,-6.906407184378724e-08,3.063799713634282e-08,1.7169823766013922e-08,1.8319938714356255e-08,-5.018114948342395e-09,3.868e-09,0.0,0.0
6.333370716851327e-09,0.0,-2.3513483992852766e-06,-1.4193867968226328e-06,-1.264979002906502e-06,-6.915730586133167e-08,3.0247657241087196e-08,1.6966638898469532e-08,1.8116751355102866e-08,-5.018112456633358e-09,3.868e-09,0.0,0.0
6.334869270357837e-09,0.0,-2.3523056843283296e-06,-1.3795656948974646e-06,-1.2441720240734873e-06,-6.91854613037744e-08,2.9965950447835315e-08,1.6833380525726862e-08,1.7983491132619754e-08,-5.01811060689294e-09,3.868e-09,0.0,0.0
6.335069270357837e-09,0.0,-2.352343482712825e-06,-1.3742891702290185e-06,-1.2414078602957028e-06,-6.918657302096544e-08,2.9929117995526595e-08,1.6816954194437898e-08,1.79670645555969e-08,-5.01811036115878e-09,3.868e-09,0.0,0.0
6.335469270357837e-09,0.0,-2.3523551899194052e-06,-1.3637526357465024e-06,-1.2358844999252546e-06,-6.918691735057074e-08,2.985579237014572e-08,1.678466798218177e-08,1.793477785231411e-08,-5.0181098701320435e-09,3.868e-09,0.0,0.0
6.3362692703578374e-09,0.0,-2.352123046082919e-06,-1.3427797365709714e-06,-1.224866541664128e-06,-6.918008959067408e-08,2.9711180443345626e-08,1.672347760571166e-08,1.7873586496347303e-08,-5.0181088906355534e-09,3.868e-09,0.0,0.0
6.337869270357837e-09,0.0,-2.350652051200333e-06,-1.3012452743225845e-06,-1.2029353769980887e-06,-6.913682503530392e-08,2.943003097918783e-08,1.661444914501161e-08,1.7764556085966887e-08,-5.018106940955015e-09,3.868e-09,0.0,0.0
6.339869270357837e-09,0.0,-2.3469562145249884e-06,-1.2501253746654099e-06,-1.175691252392139e-06,-6.90281239566173e-08,2.9093709678254736e-08,1.650270138281541e-08,1.7652805901767647e-08,-5.0181045189523374e-09,3.868e-09,0.0,0.0
6.341869270357837e-09,0.0,-2.3412410334165338e-06,-1.1999287862997433e-06,-1.1485986702940963e-06,-6.886003039460393e-08,2.8774144837563072e-08,1.6417448715266177e-08,1.7567550825688006e-08,-5.018102110421789e-09,3.868e-09,0.0,0.0
6.3438692703578365e-09,0.0,-2.3335567720166144e-06,-1.1506929866962378e-06,-1.1216175876483442e-06,-6.863402270637101e-08,2.8471253182631505e-08,1.6357756901986263e-08,1.7507856613789886e-08,-5.018099711803542e-09,3.868e-09,0.0,0.0
6.345869270357836e-09,0.0,-2.3239569781169673e-06,-1.1024520234948427e-06,-1.0947094629401586e-06,-6.835167582696962e-08,2.8184870617627952e-08,1.6322608187180114e-08,1.7472705506851204e-08,-5.018097319671255e-09,3.868e-09,0.0,0.0
6.347869270357836e-09,0.0,-2.312498304813252e-06,-1.055236508820868e-06,-1.0678373803051415e-06,-6.801465602391918e-08,2.7914755350445426e-08,1.6310906987927957e-08,1.7461001918671106e-08,-5.018094930743109e-09,3.868e-09,0.0,0.0
6.349869270357836e-09,0.0,-2.299240316773795e-06,-1.0090736231711004e-06,-1.0409661647870526e-06,-6.762471519922927e-08,2.766059151836962e-08,1.632148571295262e-08,1.747157825484433e-08,-5.01809254189205e-09,3.868e-09,0.0,0.0
6.351869270357836e-09,0.0,-2.2842453201110873e-06,-9.639871291961318e-07,-1.014062488559548e-06,-6.718368588562022e-08,2.7421992390898654e-08,1.6353110690756324e-08,1.7503200840911657e-08,-5.0180901501552325e-09,3.868e-09,0.0,0.0
6.353869270357835e-09,0.0,-2.2675781522448006e-06,-9.199973945534646e-07,-9.870949679597109e-07,-6.669347506602355e-08,2.7198504603397176e-08,1.6404488186134222e-08,1.7554575938876645e-08,-5.018087752742652e-09,3.868e-09,0.0,0.0
6.355869270357835e-09,0.0,-2.2493055365303705e-06,-8.771214185397194e-07,-9.600342512110228e-07,-6.615604519206972e-08,2.6989614148941173e-08,1.647427048737288e-08,1.7624355834417652e-08,-5.018085347044932e-09,3.868e-09,0.0,0.0
6.357869270357835e-09,0.0,-2.2294958200885023e-06,-8.353728998462734e-07,-9.328530967545674e-07,-6.557340647319124e-08,2.6794732157407967e-08,1.6561062028333833e-08,1.7711144958974107e-08,-5.018082930640302e-09,3.868e-09,0.0,0.0
6.359869270357835e-09,0.0,-2.208222572543029e-06,-7.947623635085757e-07,-9.055264421863012e-07,-6.494772272185379e-08,2.661319190923304e-08,1.6663425478471642e-08,1.781350597977236e-08,-5.018080501300709e-09,3.868e-09,0.0,0.0
6.3618692703578345e-09,0.0,-2.185561918034853e-06,-7.55297179213565e-07,-8.780314638364311e-07,-6.428123288337802e-08,2.6444317981920767e-08,1.6779887818062087e-08,1.7929965875059184e-08,-5.018078056997135e-09,3.868e-09,0.0,0.0
6.363869270357834e-09,0.0,-2.161583722480961e-06,-7.16981524864698e-07,-8.503476269511401e-07,-6.357599183767533e-08,2.6287396527443462e-08,1.6908946479915387e-08,1.8059022075819286e-08,-5.018075595904036e-09,3.868e-09,0.0,0.0
6.365869270357834e-09,0.0,-2.1363646136485916e-06,-6.798165263908043e-07,-8.224567264350736e-07,-6.283425334260563e-08,2.6141629672661465e-08,1.704907547866445e-08,1.8199148595067298e-08,-5.01807311640298e-09,3.868e-09,0.0,0.0
6.367869270357834e-09,0.0,-2.109981704296562e-06,-6.438004065463076e-07,-7.94342918261868e-07,-6.205828542048713e-08,2.6006188781732913e-08,1.7198731413015056e-08,1.8348802030100478e-08,-5.018070617085433e-09,3.868e-09,0.0,0.0
6.369869270357834e-09,0.0,-2.0825127228913338e-06,-6.08928552452541e-07,-7.659927417248371e-07,-6.125037420268629e-08,2.5880213487169202e-08,1.7356359371285086e-08,1.8506427468039736e-08,-5.01806809675474e-09,3.868e-09,0.0,0.0
6.3718692703578335e-09,0.0,-2.0540360513959495e-06,-5.751936122667653e-07,-7.373951326618693e-07,-6.041282504105734e-08,2.57628099158373e-08,1.7520398759391042e-08,1.8670464313818332e-08,-5.018065554427294e-09,3.868e-09,0.0,0.0
6.373869270357833e-09,0.0,-2.0246304724949375e-06,-5.425856069702314e-07,-7.085414278006537e-07,-5.9547955073380516e-08,2.5653056492360158e-08,1.768928901642927e-08,1.8839352005762213e-08,-5.018062989332931e-09,3.868e-09,0.0,0.0
6.375869270357833e-09,0.0,-1.994374969222833e-06,-5.11092043739618e-07,-6.794253604119071e-07,-5.865808733008332e-08,2.5550008648377843e-08,1.786147519869392e-08,1.9011535599608554e-08,-5.01806040091454e-09,3.868e-09,0.0,0.0
6.377869270357833e-09,0.0,-1.963348376525759e-06,-4.806980283906916e-07,-6.500430474806261e-07,-5.774554048605173e-08,2.5452705600962383e-08,1.8035413422230074e-08,1.9185471211056984e-08,-5.018057788826922e-09,3.868e-09,0.0,0.0
6.379869270357833e-09,0.0,-1.9316289048845325e-06,-4.513863790654789e-07,-6.203929686202748e-07,-5.681261484954507e-08,2.5360173690362778e-08,1.8209576154464673e-08,1.9359631307399553e-08,-5.0180551529349105e-09,3.868e-09,0.0,0.0
6.381869270357832e-09,0.0,-1.8992943246397055e-06,-4.23137762535326e-07,-5.904759369793404e-07,-5.586159778352075e-08,2.5271422212092008e-08,1.8382457332504354e-08,1.9532509825814943e-08,-5.018052493310797e-09,3.868e-09,0.0,0.0
6.383869270357832e-09,0.0,-1.866422542929072e-06,-3.959308449605959e-07,-5.60295062429622e-07,-5.489478067438447e-08,2.5185450433640904e-08,1.855257727858778e-08,1.9702627088818814e-08,-5.0180498102310496e-09,3.868e-09,0.0,0.0
6.385869270357832e-09,0.0,-1.8330903772991365e-06,-3.697424126173993e-07,-5.298557073479938e-07,-5.391442286173931e-08,2.510126513264109e-08,1.8718487413125592e-08,1.9868534517297852e-08,-5.018047104172383e-09,3.868e-09,0.0,0.0
6.387869270357832e-09,0.0,-1.7993726998905216e-06,-3.445474845011388e-07,-4.991654352926885e-07,-5.292272646736828e-08,2.501787633305757e-08,1.887877477879171e-08,2.0028819154598818e-08,-5.018044375807196e-09,3.868e-09,0.0,0.0
6.3898692703578315e-09,0.0,-1.7653436590355141e-06,-3.203194554471133e-07,-4.6823395288035363e-07,-5.1921872324573945e-08,2.4934295241022727e-08,1.9032066355438142e-08,2.0182107981436568e-08,-5.018041625998411e-09,3.868e-09,0.0,0.0
6.391869270357831e-09,0.0,-1.7310758015622683e-06,-2.97030239794501e-07,-4.3707304520470173e-07,-5.091399416359613e-08,2.484954443488086e-08,1.917703314111747e-08,2.032707199691118e-08,-5.018038855793719e-09,3.868e-09,0.0,0.0
6.393869270357831e-09,0.0,-1.6966400497166933e-06,-2.7465040592991774e-07,-4.0569650515815197e-07,-4.990117793284392e-08,2.4762660134118696e-08,1.9312393997184417e-08,2.0462430063603743e-08,-5.018036066419308e-09,3.868e-09,0.0,0.0
6.395869270357831e-09,0.0,-1.662105547950263e-06,-2.531493142338619e-07,-3.7412005702189947e-07,-4.8885457292654794e-08,2.467269569025706e-08,1.943691925425163e-08,2.058695251352469e-08,-5.018033259273069e-09,3.868e-09,0.0,0.0
6.397869270357831e-09,0.0,-1.6275394270541346e-06,-2.3249525234399515e-07,-3.4236127469727076e-07,-4.786880667806278e-08,2.457872639583363e-08,1.9549434072575353e-08,2.06994645084926e-08,-5.018030435917321e-09,3.868e-09,0.0,0.0
6.3998692703578305e-09,0.0,-1.5930065850301877e-06,-2.126555677921619e-07,-3.1043949495817334e-07,-4.685313485382905e-08,2.447985245326564e-08,1.9648821554262986e-08,2.0798849152334092e-08,-5.018027598071102e-09,3.868e-09,0.0,0.0
6.40186927035783e-09,0.0,-1.558569681144535e-06,-1.9359680455449528e-07,-2.7837572611097555e-07,-4.5840284739545145e-08,2.437520003153862e-08,1.9734025601421098e-08,2.088405034902314e-08,-5.018024747602051e-09,3.868e-09,0.0,0.0
6.40386927035783e-09,0.0,-1.5242891304454562e-06,-1.7528484205334858e-07,-2.4619255245905597e-07,-4.483203324839577e-08,2.426392444490671e-08,1.9804053511954512e-08,2.0954075398472407e-08,-5.018021886517913e-09,3.868e-09,0.0,0.0
6.40586927035783e-09,0.0,-1.4902227931981146e-06,-1.5768502759372308e-07,-2.1391403497713047e-07,-4.3830082152885724e-08,2.414521516455471e-08,1.9857978311073136e-08,2.1007997328030808e-08,-5.018019016957709e-09,3.868e-09,0.0,0.0
6.40786927035783e-09,0.0,-1.4564258179454267e-06,-1.4076230383984073e-07,-1.8156560859990183e-07,-4.283605346898314e-08,2.4018297673381716e-08,1.989494082118386e-08,2.1044956962366475e-08,-5.018016141182605e-09,3.868e-09,0.0,0.0
6.409869270357829e-09,0.0,-1.4229506845308843e-06,-1.2448133590383094e-07,-1.4917397652778012e-07,-4.1851490721496596e-08,2.3882435681824112e-08,1.9914151469825297e-08,2.1064164731391822e-08,-5.018013261566512e-09,3.868e-09,0.0,0.0
6.411869270357829e-09,0.0,-1.3898470346603775e-06,-1.0880663156858816e-07,-1.1676700195177641e-07,-4.087785396059934e-08,2.373693567944322e-08,1.9914891836826533e-08,2.1064902217413e-08,-5.0180103805864745e-09,3.868e-09,0.0,0.0
6.413869270357829e-09,0.0,-1.3571616132247334e-06,-9.370265485305868e-08,-8.437359759480146e-08,-3.991651803602157e-08,2.3581148530842968e-08,1.989651594584162e-08,2.1046523446654456e-08,-5.018007500812826e-09,3.868e-09,0.0,0.0
6.415869270357829e-09,0.0,-1.3249381976931658e-06,-7.913394470731053e-08,-5.2023613463520035e-08,-3.896877052038723e-08,2.3414467656547563e-08,1.985845129911217e-08,2.1008455924011415e-08,-5.018004624899236e-09,3.868e-09,0.0,0.0
6.4178692703578286e-09,0.0,-1.2932175404388296e-06,-6.506524272786445e-08,-1.974772321310954e-08,-3.8035810012906753e-08,2.323632817229882e-08,1.9800199645949677e-08,2.095020140152227e-08,-5.018001755572594e-09,3.868e-09,0.0,0.0
6.419869270357828e-09,0.0,-1.262037319200805e-06,-5.1461614974259986e-08,1.242269046322655e-08,-3.711874468237662e-08,2.3046211949284006e-08,1.972133748209184e-08,2.0871336377714656e-08,-5.017998895622818e-09,3.868e-09,0.0,0.0
6.421869270357828e-09,0.0,-1.2314321017076427e-06,-3.828855286774152e-08,4.445565279109381e-08,-3.621859122669537e-08,2.2843653693119392e-08,1.962151629337194e-08,2.077151464851279e-08,-5.0179983551408466e-09,3.868e-09,0.0,0.0
6.423869270357828e-09,0.0,-1.201433325023495e-06,-2.5512061689708045e-08,7.631871001279992e-08,-3.533627426539691e-08,2.2628241279232468e-08,1.9500462563497417e-08,2.0650459739705138e-08,-5.017997176207729e-09,3.868e-09,0.0,0.0
6.425869270357828e-09,0.0,-1.1720682547390966e-06,-1.3098789743430103e-08,1.0797904330238138e-07,-3.4472595727620486e-08,2.2399594973540132e-08,1.935797753197531e-08,2.0507973536750745e-08,-5.0179960047753974e-09,3.868e-09,0.0,0.0
6.426967823864338e-09,0.0,-1.156219483938484e-06,-6.424175346145286e-09,1.2527218418575236e-07,-3.400645540995541e-08,2.2268297061532348e-08,1.9270548489893905e-08,2.0420543854823087e-08,-5.017995364929185e-09,3.868e-09,0.0,0.0
6.427167823864338e-09,0.0,-1.1533553316782679e-06,-5.220890201398113e-09,1.2841123302555268e-07,-3.3922215637596113e-08,2.2243985794614266e-08,1.9253822209917642e-08,2.040381745870201e-08,-5.017995248784378e-09,3.868e-09,0.0,0.0
6.427567823864338e-09,0.0,-1.1476474813946733e-06,-2.820443239071172e-09,1.3468411760594282e-07,-3.375433768807863e-08,2.2194884413832145e-08,1.9219937297146224e-08,2.0369932313833868e-08,-5.017995016687648e-09,3.868e-09,0.0,0.0
6.428367823864338e-09,0.0,-1.136314174324929e-06,1.9444679868039523e-09,1.471978098530132e-07,-3.342100512720379e-08,2.209502801692784e-08,1.9149572935463963e-08,2.0299567489145017e-08,-5.017994553681035e-09,3.868e-09,0.0,0.0
6.429967823864338e-09,0.0,-1.1139795373500472e-06,1.1337816565853544e-08,1.720889051998918e-07,-3.276410403970727e-08,2.188863154009271e-08,1.899846881682236e-08,2.014846244953289e-08,-5.017993632710508e-09,3.868e-09,0.0,0.0
6.4319678238643375e-09,0.0,-1.0866940318761823e-06,2.2842836952051456e-08,2.0292630832906037e-07,-3.196158917282889e-08,2.1618001535329477e-08,1.8790169126659645e-08,1.9940161618386257e-08,-5.0179924917265916e-09,3.868e-09,0.0,0.0
6.433967823864337e-09,0.0,-1.0601254629017166e-06,3.411178986648327e-08,2.3342672286770514e-07,-3.11801606735799e-08,2.1333223108443254e-08,1.8560385918640708e-08,1.9710377281852013e-08,-5.0179913632112535e-09,3.868e-09,0.0,0.0
6.435967823864337e-09,0.0,-1.0342866737113703e-06,4.517366602948054e-08,2.6355722587688133e-07,-3.0420196285628536e-08,2.1034201644901167e-08,1.830928638169431e-08,1.9459276630076904e-08,-5.017990248382643e-09,3.868e-09,0.0,0.0
6.437967823864337e-09,0.0,-1.0091872292094898e-06,5.605636424248084e-08,2.932852044322718e-07,-2.9681977329690876e-08,2.0720892092137236e-08,1.8037106343483148e-08,1.918709549193053e-08,-5.0179891484474354e-09,3.868e-09,0.0,0.0
6.439967823864337e-09,0.0,-9.848337523246494e-07,6.678662282030684e-08,3.22578459888998e-07,-2.8965698597783807e-08,2.0393301301741805e-08,1.774414853721647e-08,1.8894136601813416e-08,-5.017988064596984e-09,3.868e-09,0.0,0.0
6.441967823864336e-09,0.0,-9.612299995422359e-07,7.73899617972579e-08,3.5140530933763387e-07,-2.8271470574771643e-08,2.0051487390428685e-08,1.7430780683409454e-08,1.8580767681412993e-08,-5.017986998003555e-09,3.868e-09,0.0,0.0
6.443967823864336e-09,0.0,-9.383769356078884e-07,8.789063069236636e-08,3.797346839764573e-07,-2.7599321635526128e-08,1.9695559133090288e-08,1.7097433399240738e-08,1.8247419349057462e-08,-5.017985949816693e-09,3.868e-09,0.0,0.0
6.445967823864336e-09,0.0,-9.162728382717326e-07,9.831156007863958e-08,4.075362241416489e-07,-2.6949201125639193e-08,1.9325674115659972e-08,1.674459794453184e-08,1.789458286569161e-08,-5.017984921159707e-09,3.868e-09,0.0,0.0
6.447967823864336e-09,0.0,-8.949133577058083e-07,1.0867430925997622e-07,4.347803707471537e-07,-2.6320981108994362e-08,1.8942033980334253e-08,1.6372823808338196e-08,1.752280772146442e-08,-5.017983913126282e-09,3.868e-09,0.0,0.0
6.4499678238643355e-09,0.0,-8.742912639295602e-07,1.189990260687651e-07,4.614384528958664e-07,-2.5714448939104712e-08,1.8544890227056588e-08,1.5982716145084654e-08,1.7132699071862003e-08,-5.017982926777243e-09,3.868e-09,0.0,0.0
6.451967823864335e-09,0.0,-8.543967402392137e-07,1.2930448019423802e-07,4.874827714711834e-07,-2.512931588938864e-08,1.8134569731300508e-08,1.5574933112912494e-08,1.672491507604995e-08,-5.017981963137455e-09,3.868e-09,0.0,0.0
6.453967823864335e-09,0.0,-8.352185441759734e-07,1.3960807264075624e-07,5.128866785835353e-07,-2.4565251299293334e-08,1.771143197434602e-08,1.5150183146814555e-08,1.6300164170007367e-08,-5.0179810231928924e-09,3.868e-09,0.0,0.0
6.455967823864335e-09,0.0,-8.167431300794553e-07,1.499256782921312e-07,5.376246526928325e-07,-2.4021856767042804e-08,1.727582324539281e-08,1.4709222064191003e-08,1.585920217207882e-08,-5.0179801078878505e-09,3.868e-09,0.0,0.0
6.457967823864335e-09,0.0,-7.98954147441722e-07,1.6027162778010683e-07,5.616723691410494e-07,-2.3498651395344762e-08,1.682818570680251e-08,1.4252849992480522e-08,1.5402829210602974e-08,-5.017979218122342e-09,3.868e-09,0.0,0.0
6.4599678238643345e-09,0.0,-7.818335690955394e-07,1.7065878456868575e-07,5.8500676592674e-07,-2.2995104973398218e-08,1.636898946564667e-08,1.3781908256045104e-08,1.4931886610794612e-08,-5.017978354749661e-09,3.868e-09,0.0,0.0
6.461967823864334e-09,0.0,-7.653615793699244e-07,1.8109851409030426e-07,6.076061046574649e-07,-2.2510634687350718e-08,1.5898740583216203e-08,1.329727622057347e-08,1.444725373914754e-08,-5.017977518574127e-09,3.868e-09,0.0,0.0
6.463967823864334e-09,0.0,-7.495166079397225e-07,1.9160068141161876e-07,6.294500265846856e-07,-2.204460611587419e-08,1.5417980851940878e-08,1.2799868055890403e-08,1.394984476623951e-08,-5.017976710349016e-09,3.868e-09,0.0,0.0
6.465967823864334e-09,0.0,-7.342755050746831e-07,2.0217365621857748e-07,6.505196036154442e-07,-2.1596338384549503e-08,1.4927285125979677e-08,1.2290629442971831e-08,1.3440605373746582e-08,-5.017975930774666e-09,3.868e-09,0.0,0.0
6.467967823864334e-09,0.0,-7.196136886689674e-07,2.1282432119562525e-07,6.707973842240334e-07,-2.1165108490263748e-08,1.4427259047507078e-08,1.1770534236922324e-08,1.2920509417419086e-08,-5.017975180496784e-09,3.868e-09,0.0,0.0
6.469967823864333e-09,0.0,-7.055053178137681e-07,2.2355808158127916e-07,6.902674342023499e-07,-2.0750156406287298e-08,1.3918535195372607e-08,1.124058109428744e-08,1.2390555554392509e-08,-5.017974460104934e-09,3.868e-09,0.0,0.0
6.471967823864333e-09,0.0,-6.919233712688785e-07,2.3437887343757441e-07,7.089153721985213e-07,-2.0350687390261134e-08,1.3401769521992503e-08,1.0701790070499005e-08,1.1851763840630417e-08,-5.017973770131228e-09,3.868e-09,0.0,0.0
6.473967823864333e-09,0.0,-6.788396485745761e-07,2.452891839179432e-07,7.267284000070257e-07,-1.9965872016899297e-08,1.2877644056625557e-08,1.01551991993759e-08,1.1305172310424998e-08,-5.017973111049199e-09,3.868e-09,0.0,0.0
6.475967823864333e-09,0.0,-6.662250366115572e-07,2.562900940488082e-07,7.436953276021704e-07,-1.9594854017986977e-08,1.2346868557779943e-08,9.601861079989817e-09,1.0751833563262767e-08,-5.017972483272879e-09,3.868e-09,0.0,0.0
6.4779678238643326e-09,0.0,-6.540498478063364e-07,2.6738131175965286e-07,7.598065929363043e-07,-1.923676022959813e-08,1.1810167208454704e-08,9.042839483955133e-09,1.0192811371111174e-08,-5.017971887156061e-09,3.868e-09,0.0,0.0
6.479967823864332e-09,0.0,-6.422837438323133e-07,2.7856118351099696e-07,7.75054276525223e-07,-1.8890698348009214e-08,1.1268274507409618e-08,8.479205971491161e-09,9.629177294482803e-09,-5.017971322991769e-09,3.868e-09,0.0,0.0
6.481967823864332e-09,0.0,-6.308958061394089e-07,2.898267293434578e-07,7.894321108396273e-07,-1.855575900410026e-08,1.0721944266045171e-08,7.912036523230597e-09,9.062007314242637e-09,-5.017970791011899e-09,3.868e-09,0.0,0.0
6.483967823864332e-09,0.0,-6.198547944139921e-07,3.0117368996492684e-07,8.029354845466464e-07,-1.8231023365117417e-08,1.0171939899550852e-08,7.3424082134953755e-09,8.492378504882342e-09,-5.0179702913870715e-09,3.868e-09,0.0,0.0
6.485967823864332e-09,0.0,-6.091292348269936e-07,3.1259656676179064e-07,8.155614416717605e-07,-1.7915565730205693e-08,9.619034015524768e-09,6.771395933538989e-09,7.92136575776569e-09,-5.017969824226658e-09,3.868e-09,0.0,0.0
6.4879678238643315e-09,0.0,-5.986875542494401e-07,3.2408866870340895e-07,8.273086757622343e-07,-1.760845747792471e-08,9.064005753269321e-09,6.200069170270933e-09,7.350038559849975e-09,-5.017969389578997e-09,3.868e-09,0.0,0.0
6.489967823864331e-09,0.0,-5.884982275444426e-07,3.356421602287521e-07,8.381775191450694e-07,-1.7308771398365957e-08,8.507637555500968e-09,5.629488850403878e-09,6.7794578378356525e-09,-5.017968987431791e-09,3.868e-09,0.0,0.0
6.491967823864331e-09,0.0,-5.785298800782651e-07,3.472481099047242e-07,8.48169927385033e-07,-1.7015584708184267e-08,7.950712540265249e-09,5.060704256404248e-09,6.210672874116829e-09,-5.017968617712686e-09,3.868e-09,0.0,0.0
6.493967823864331e-09,0.0,-5.687513690469925e-07,3.5889654419542276e-07,8.572894590598201e-07,-1.67279814425586e-08,7.394013581432204e-09,4.494750022816038e-09,5.644718303106086e-09,-5.0179682802900145e-09,3.868e-09,0.0,0.0
6.495967823864331e-09,0.0,-5.59131915398783e-07,3.7057650763203635e-07,8.655412509849144e-07,-1.6445056335258325e-08,6.838321493923336e-09,3.932643224542534e-09,5.082611199516372e-09,-5.017967974973713e-09,3.868e-09,0.0,0.0
6.4979678238643304e-09,0.0,-5.496412496319201e-07,3.8227612252399715e-07,8.729319890359961e-07,-1.616591910682118e-08,6.284410897297068e-09,3.3753805653734327e-09,4.525348266889667e-09,-5.017967701516405e-09,3.868e-09,0.0,0.0
6.49996782386433e-09,0.0,-5.402496954046051e-07,3.939826471803842e-07,8.79469874725948e-07,-1.5889696923664856e-08,5.733048092733544e-09,2.8239356704328777e-09,3.973903130047482e-09,-5.017967459614635e-09,3.868e-09,0.0,0.0
6.50196782386433e-09,0.0,-5.309282752465897e-07,4.0568253844561976e-07,8.851645877010863e-07,-1.5615537507252636e-08,5.184990025243127e-09,2.279256488721709e-09,3.4292237376319308e-09,-5.017967248910255e-09,3.868e-09,0.0,0.0
6.50396782386433e-09,0.0,-5.216488438179682e-07,4.1736151653013004e-07,8.900272443322259e-07,-1.5342613053469652e-08,4.640981385337317e-09,1.742262813857145e-09,2.8922298828491867e-09,-5.0179670689919594e-09,3.868e-09,0.0,0.0
6.5059678238643296e-09,0.0,-5.123841465385372e-07,4.2900463018016984e-07,8.940703525867762e-07,-1.5070121957015802e-08,4.101752841258666e-09,1.2138439286691445e-09,2.3638108480660954e-09,-5.0179669193969544e-09,3.868e-09,0.0,0.0
6.507967823864329e-09,0.0,-5.031078282706201e-07,4.4059632350682245e-07,8.97307763376327e-07,-1.4797289066782942e-08,3.568019049493401e-09,6.948563787366169e-10,1.8448231783493457e-09,-5.0179667996127546e-09,3.868e-09,0.0,0.0
6.509967823864329e-09,0.0,-4.937944929155298e-07,4.521205037394699e-07,8.997546185820783e-07,-1.4523367438692053e-08,3.040476784917064e-09,1.8612188004803084e-10,1.3360885891270132e-09,-5.017966709079112e-09,3.868e-09,0.0,0.0
6.511967823864329e-09,0.0,-4.844198698301596e-07,4.6356060973102786e-07,9.014272959678801e-07,-1.424764323029881e-08,2.5198031381603014e-09,-3.1157463477498853e-10,8.383920124151636e-10,-5.017966647190049e-09,3.868e-09,0.0,0.0
6.513967823864329e-09,0.0,-4.7496095532457173e-07,4.748996810446683e-07,9.023433511971282e-07,-1.3969439862487404e-08,2.006653842255476e-09,-7.974868276884817e-10,3.5247978560772523e-10,-5.017966613296005e-09,3.868e-09,0.0,0.0
6.5159678238643285e-09,0.0,-4.6539596241976347e-07,4.86120423889212e-07,9.025214571740535e-07,-1.3688116541757749e-08,1.501659901483444e-09,-1.270908622310775e-09,-1.209420156046295e-10,-5.017966606706085e-09,3.868e-09,0.0,0.0
6.517967823864328e-09,0.0,-4.557052096604439e-07,4.972052679476339e-07,9.019813409279565e-07,-1.3403094401777761e-08,1.005423242229609e-09,-1.7311757310119236e-09,-5.812091043213859e-10,-5.017966626690385e-09,3.868e-09,0.0,0.0
6.519967823864328e-09,0.0,-4.458714930027162e-07,5.0813646818031e-07,9.00743718273197e-07,-1.311386744125636e-08,5.185405230498943e-10,-2.177667019348593e-09,-1.0277003468661044e-09,-5.017966672482424e-09,3.868e-09,0.0,0.0
6.521967823864328e-09,0.0,-4.3587099552902566e-07,5.18896214122236e-07,8.988302265195453e-07,-1.2819735162618401e-08,4.158051457601068e-11,-2.6098056761626884e-09,-1.4598389328809102e-09,-5.017966743281618e-09,3.868e-09,0.0,0.0
6.523967823864328e-09,0.0,-4.256905632370022e-07,5.294666237046074e-07,8.962633554866504e-07,-1.252031068344124e-08,-4.2495287643857896e-10,-3.0270602481383764e-09,-1.8770934098825824e-09,-5.017966838255847e-09,3.868e-09,0.0,0.0
6.5259678238643274e-09,0.0,-4.1531597289663196e-07,5.398297836536499e-07,8.930663770026639e-07,-1.2215175673430352e-08,-8.805624528700951e-10,-3.428945575844379e-09,-2.278978619300241e-09,-5.017966956544051e-09,3.868e-09,0.0,0.0
6.527967823864327e-09,0.0,-4.047337518091248e-07,5.499678723084538e-07,8.892632730954909e-07,-1.1903933876738964e-08,-1.3247766188205865e-09,-3.815023557283879e-09,-2.6650564600249393e-09,-5.017967097258896e-09,3.868e-09,0.0,0.0
6.529967823864327e-09,0.0,-3.939320699063939e-07,5.598632270801359e-07,8.848786631546274e-07,-1.1586237350188055e-08,-1.7571593395245586e-09,-4.184903722587317e-09,-3.0349364630978003e-09,-5.017967259489463e-09,3.868e-09,0.0,0.0
6.531967823864327e-09,0.0,-3.8290062597888396e-07,5.694984018270123e-07,8.799377303264972e-07,-1.1261783117025998e-08,-2.1773061896411785e-09,-4.538243655775947e-09,-3.3882762134720746e-09,-5.017967442303978e-09,3.868e-09,0.0,0.0
6.5339678238643266e-09,0.0,-3.716306518135111e-07,5.78856231918203e-07,8.74466147377984e-07,-1.093031328863268e-08,-2.584845175160885e-09,-4.874749264347856e-09,-3.7247816195951396e-09,-5.017967644752547e-09,3.868e-09,0.0,0.0
6.535967823864326e-09,0.0,-3.6011491671994826e-07,5.879198973757988e-07,8.684900022650287e-07,-1.0591615197645537e-08,-2.979437249878079e-09,-5.194174893116199e-09,-4.044207027246128e-09,-5.017967865869916e-09,3.868e-09,0.0,0.0
6.537967823864326e-09,0.0,-3.483476982751482e-07,5.966729845475375e-07,8.620357236444805e-07,-1.024552053750436e-08,-3.3607766030288817e-09,-5.496323284144996e-09,-4.34635517946661e-09,-5.017968104678225e-09,3.868e-09,0.0,0.0
6.539967823864326e-09,0.0,-3.3632473461666784e-07,6.050995445032263e-07,8.551300065637654e-07,-9.89190395931376e-09,-3.728591768791872e-09,-5.7810453856530504e-09,-4.631077025463185e-09,-5.017968360189757e-09,3.868e-09,0.0,0.0
6.541967823864326e-09,0.0,-3.240434356351622e-07,6.131841424365147e-07,8.477997385550772e-07,-9.530689283387124e-09,-4.082648461258177e-09,-6.048240017241313e-09,-4.898271385831686e-09,-5.017968631409673e-09,3.868e-09,0.0,0.0
6.5439678238643255e-09,0.0,-3.115032054204126e-07,6.209119068615131e-07,8.400719263506089e-07,-9.161858982953312e-09,-4.422746034074868e-09,-6.297853397315973e-09,-5.147884479977166e-09,-5.0179689173387246e-09,3.868e-09,0.0,0.0
6.545967823864325e-09,0.0,-2.987044449385051e-07,6.282685984408257e-07,8.319736234385036e-07,-8.785424851132504e-09,-4.748710171058251e-09,-6.529878522735506e-09,-5.379909305759465e-09,-5.017969216975932e-09,3.868e-09,0.0,0.0
6.547967823864325e-09,0.0,-2.8564817204540457e-07,6.352406692077406e-07,8.235318586902793e-07,-8.40141682486484e-09,-5.060403576774302e-09,-6.7443543962537e-09,-5.594384866932458e-09,-5.017969529321228e-09,3.868e-09,0.0,0.0
6.549967823864325e-09,0.0,-2.723379575226007e-07,6.418152917452994e-07,8.147735662756254e-07,-8.009939927135315e-09,-5.357728543808555e-09,-6.941365125495932e-09,-5.791395272118048e-09,-5.017969853378048e-09,3.868e-09,0.0,0.0
6.551967823864325e-09,0.0,-2.5877842686341324e-07,6.479803983468835e-07,8.057255170522652e-07,-7.611130201865095e-09,-5.640617507106461e-09,-7.121038906406312e-09,-5.971068718250378e-09,-5.017970188155869e-09,3.868e-09,0.0,0.0
6.5539678238643244e-09,0.0,-2.449755553945987e-07,6.537247290191795e-07,7.96414251615319e-07,-7.2051633939587855e-09,-5.90903593762137e-09,-7.28354688245256e-09,-6.133576349779997e-09,-5.01797053267269e-09,3.868e-09,0.0,0.0
6.555967823864324e-09,0.0,-2.309366397389475e-07,6.590378686522428e-07,7.868660151948498e-07,-6.792254109969044e-09,-6.162982429986388e-09,-7.429101882787694e-09,-6.279130996830242e-09,-5.0179708859574375e-09,3.868e-09,0.0,0.0
6.557967823864324e-09,0.0,-2.1667023789095667e-07,6.63910280838581e-07,7.771066945799268e-07,-6.372654055616373e-09,-6.402487645813296e-09,-7.557957049622034e-09,-6.407985802569553e-09,-5.0179712470523e-09,3.868e-09,0.0,0.0
6.559967823864324e-09,0.0,-2.0218611534633616e-07,6.683333396177697e-07,7.671617572354059e-07,-5.946650451362828e-09,-6.627613550874407e-09,-7.67040436032248e-09,-6.520432745307533e-09,-5.017971615014982e-09,3.868e-09,0.0,0.0
6.5619678238643236e-09,0.0,-1.8749516124864591e-07,6.722993584923757e-07,7.570561927692754e-07,-5.514563566136644e-09,-6.838452478352418e-09,-7.766773049583591e-09,-6.616801060662731e-09,-5.017971988920867e-09,3.868e-09,0.0,0.0
6.563967823864323e-09,0.0,-1.7260933264568437e-07,6.75801614894076e-07,7.468144568989902e-07,-5.076745077814246e-09,-7.035127078159231e-09,-7.847427938573121e-09,-6.697455570707989e-09,-5.017972367865095e-09,3.868e-09,0.0,0.0
6.565967823864323e-09,0.0,-1.5754170769331986e-07,6.788343678221129e-07,7.364604180527176e-07,-4.633579638038819e-09,-7.2177903355909495e-09,-7.912767680411417e-09,-6.762794929446831e-09,-5.017972750964532e-09,3.868e-09,0.0,0.0
6.567967823864323e-09,0.0,-1.4230645207838928e-07,6.813928733403366e-07,7.26017306727937e-07,-4.185483884658508e-09,-7.386623032391179e-09,-7.963222930127804e-09,-6.813249792768072e-09,-5.017973137359651e-09,3.868e-09,0.0,0.0
6.569967823864323e-09,0.0,-1.2691853886860372e-07,6.834734022631676e-07,7.155076677211311e-07,-3.732898202017757e-09,-7.541831465386005e-09,-7.999254442296456e-09,-6.849280916080129e-09,-5.017973526216294e-09,3.868e-09,0.0,0.0
6.5719678238643225e-09,0.0,-1.1139371904268976e-07,6.850732524016754e-07,7.049533153358377e-07,-3.2762858541967575e-09,-7.683648559600926e-09,-8.021351101528872e-09,-6.871377184801652e-09,-5.017973916727332e-09,3.868e-09,0.0,0.0
6.573967823864322e-09,0.0,-9.574865329150901e-08,6.861907525277032e-07,6.943752916637765e-07,-2.8161368615149708e-09,-7.812332876284337e-09,-8.030027896992253e-09,-6.88005358887811e-09,-5.017974308114208e-09,3.868e-09,0.0,0.0
6.575967823864322e-09,0.0,-8.000069039946604e-08,6.868252647172456e-07,6.837938280181501e-07,-2.352961482337236e-09,-7.928166312570383e-09,-8.025823850065022e-09,-6.875849150436595e-09,-5.0179746996283635e-09,3.868e-09,0.0,0.0
6.577967823864322e-09,0.0,-6.416785309790554e-08,6.86977184403658e-07,6.732283095867407e-07,-1.887289796997222e-09,-8.031453354296185e-09,-8.009299900948462e-09,-6.859324810395946e-09,-5.017975090552545e-09,3.868e-09,0.0,0.0
6.579967823864322e-09,0.0,-4.826875882533003e-08,6.866479361919382e-07,6.626972433622922e-07,-1.419669377215589e-09,-8.122519669466673e-09,-7.981036761589732e-09,-6.831061281387733e-09,-5.017975480201996e-09,3.868e-09,0.0,0.0
6.5819678238643214e-09,0.0,-3.232253575522301e-08,6.858399667759649e-07,6.522182293960413e-07,-9.506628163300886e-10,-8.201710634525865e-09,-7.941632742664078e-09,-6.791656874738649e-09,-5.017975867925512e-09,3.868e-09,0.0,0.0
6.583967823864321e-09,0.0,-1.634875611682417e-08,6.845567342666997e-07,6.418079354086035e-07,-4.808457681418873e-10,-8.269390227279968e-09,-7.891701562036989e-09,-6.7417253089306276e-09,-5.01797625310639e-09,3.868e-09,0.0,0.0
6.585967823864321e-09,0.0,-3.6739563462772415e-10,6.828026931661621e-07,6.314820747803435e-07,-1.0805753959638946e-11,-8.325939904695119e-09,-7.831870142970911e-09,-6.681893507807729e-09,-5.017976635163233e-09,3.868e-09,0.0,0.0
6.587967823864321e-09,0.0,1.5601236842441537e-08,6.805832760985972e-07,6.212553879307944e-07,4.588599071306334e-10,-8.371756931012643e-09,-7.762776410157103e-09,-6.612799396606468e-09,-5.017977013550646e-09,3.868e-09,0.0,0.0
6.589967823864321e-09,0.0,3.153660512981242e-08,6.779048734661689e-07,6.111416270852432e-07,9.275472097003653e-10,-8.40725267783132e-09,-7.685067090370028e-09,-6.535089702610207e-09,-5.0179773877597974e-09,3.868e-09,0.0,0.0
6.59196782386432e-09,0.0,4.74180051906556e-08,6.747748101715379e-07,6.011535444162855e-07,1.3946472114898707e-09,-8.432851394323959e-09,-7.599395524353762e-09,-6.449417767034984e-09,-5.017977757318856e-09,3.868e-09,0.0,0.0
6.59396782386432e-09,0.0,6.322461559572057e-08,6.712013192320131e-07,5.913028835375575e-07,1.8595475175211932e-09,-8.448988624078364e-09,-7.50641949710475e-09,-6.35644137531153e-09,-5.017978121793309e-09,3.868e-09,0.0,0.0
6.59596782386432e-09,0.0,7.89355824847927e-08,6.671935133908892e-07,5.816003743162653e-07,2.321634778964491e-09,-8.45610946921959e-09,-7.40679909315469e-09,-6.25682061236862e-09,-5.01797848078615e-09,3.868e-09,0.0,0.0
6.59796782386432e-09,0.0,9.453008038815843e-08,6.627613537464712e-07,5.720557309610592e-07,2.78029648200466e-09,-8.454667550548192e-09,-7.301194583337403e-09,-6.151215749399482e-09,-5.017978833937955e-09,3.868e-09,0.0,0.0
6.5999678238643195e-09,0.0,1.0998737970916035e-07,6.579156137246035e-07,5.626776533307312e-07,3.2349229326223634e-09,-8.445124174611113e-09,-7.190264350953799e-09,-6.040285170027089e-09,-5.017979180926826e-09,3.868e-09,0.0,0.0
6.601967823864319e-09,0.0,1.2528691162697365e-07,6.526678396028026e-07,5.534738313968894e-07,3.684909165499225e-09,-8.427946780313423e-09,-7.07466286543578e-09,-5.9246833439675696e-09,-5.0179795214682386e-09,3.868e-09,0.0,0.0
6.603967823864319e-09,0.0,1.4040833183994154e-07,6.470303109701359e-07,5.444509527833554e-07,4.12965681882181e-09,-8.403606524499099e-09,-6.955038708941485e-09,-5.805058853626718e-09,-5.017979855314747e-09,3.868e-09,0.0,0.0
6.605967823864319e-09,0.0,1.5533158735284707e-07,6.410160018475535e-07,5.356147132985236e-07,4.568576098613149e-09,-8.372576477276305e-09,-6.832032658910466e-09,-5.682052476654888e-09,-5.017980182255608e-09,3.868e-09,0.0,0.0
6.607967823864319e-09,0.0,1.7003701702949402e-07,6.346385409373974e-07,5.269698303719857e-07,5.001088736161589e-09,-8.33533008394272e-09,-6.706275829960974e-09,-5.556295327844696e-09,-5.017980502116276e-09,3.868e-09,0.0,0.0
6.6099678238643185e-09,0.0,1.8450537762020238e-07,6.279121856158809e-07,5.185200593072585e-07,5.4266287535353645e-09,-8.292332211870415e-09,-6.578387871058531e-09,-5.4284070563007e-09,-5.017980814757806e-09,3.868e-09,0.0,0.0
6.611967823864318e-09,0.0,1.9871749909024202e-07,6.208517862605245e-07,5.102682122649842e-07,5.844632326183589e-09,-8.244049357532326e-09,-6.448975218732121e-09,-5.298994098656076e-09,-5.017981120076146e-09,3.868e-09,0.0,0.0
6.613967823864318e-09,0.0,2.126549134139194e-07,6.134726193183435e-07,5.022161798272091e-07,6.254556276879982e-09,-8.19100131991707e-09,-6.318629488453256e-09,-5.1686480704519175e-09,-5.0179814180013466e-09,3.868e-09,0.0,0.0
6.615967823864318e-09,0.0,2.263003243923611e-07,6.057903976668447e-07,4.943649549480266e-07,6.655891893892974e-09,-8.133618310313269e-09,-6.187925980982154e-09,-5.037944272485474e-09,-5.017981708496667e-09,3.868e-09,0.0,0.0
6.617967823864318e-09,0.0,2.396365177105726e-07,5.978213266655897e-07,4.867146592081375e-07,7.048132873840371e-09,-8.072358139220705e-09,-6.057422180928113e-09,-4.907440189370561e-09,-5.017981991557609e-09,3.868e-09,0.0,0.0
6.619967823864317e-09,0.0,2.526469107255917e-07,5.895819793535251e-07,4.792645713249099e-07,7.4307914919291675e-09,-8.007675981839897e-09,-5.927656326036484e-09,-4.777674058825538e-09,-5.017982267210861e-09,3.868e-09,0.0,0.0
6.621967823864317e-09,0.0,2.653157174675623e-07,5.810892414659179e-07,4.7201315775930693e-07,7.803403454928303e-09,-7.940017186309022e-09,-5.79914611197164e-09,-4.649163576458503e-09,-5.0179825355131625e-09,3.868e-09,0.0,0.0
6.623967823864317e-09,0.0,2.7762788070009054e-07,5.723602642049956e-07,4.649581052431102e-07,8.16552590294384e-09,-7.869818115488554e-09,-5.672387491147532e-09,-4.52240469459738e-09,-5.017982796550106e-09,3.868e-09,0.0,0.0
6.625967823864317e-09,0.0,2.895691231593945e-07,5.634124130231161e-07,4.5809635508184447e-07,8.51673891645278e-09,-7.797504978536269e-09,-5.5478535654831865e-09,-4.397870515048352e-09,-5.0179830504348615e-09,3.868e-09,0.0,0.0
6.6279678238643165e-09,0.0,3.0112598209683903e-07,5.542632165393085e-07,4.514241390858295e-07,8.856646532259972e-09,-7.723492816477344e-09,-5.425993577078109e-09,-4.276010279771291e-09,-5.017983297306853e-09,3.868e-09,0.0,0.0
6.629967823864316e-09,0.0,3.122858419664104e-07,5.449303150401053e-07,4.4493701697731835e-07,9.184877704894423e-09,-7.648184804328533e-09,-5.307231998623806e-09,-4.15724846129343e-09,-5.017983537330372e-09,3.868e-09,0.0,0.0
6.631967823864316e-09,0.0,3.2303698686336193e-07,5.354314088384484e-07,4.3862991511889655e-07,9.50108784892241e-09,-7.571971301866975e-09,-5.191967725348273e-09,-4.041983954655175e-09,-5.01798377069314e-09,3.868e-09,0.0,0.0
6.633967823864316e-09,0.0,3.333686605839164e-07,5.257842121390775e-07,4.324971664082525e-07,9.804960605409306e-09,-7.49522654985588e-09,-5.080573366787269e-09,-3.930589369182462e-09,-5.017983997604843e-09,3.868e-09,0.0,0.0
6.635967823864316e-09,0.0,3.432709920526594e-07,5.160064148123679e-07,4.2653255119065985e-07,1.0096205648607628e-08,-7.418306720289965e-09,-4.97339463198387e-09,-3.823410413688217e-09,-5.017984218295606e-09,3.868e-09,0.0,0.0
6.6379678238643155e-09,0.0,3.527349253369576e-07,5.061156285809682e-07,4.207293390413657e-07,1.0374556627557576e-08,-7.341558482108313e-09,-4.870749813408734e-09,-3.7207653803942432e-09,-5.017984433014456e-09,3.868e-09,0.0,0.0
6.639967823864315e-09,0.0,3.6175246614932923e-07,4.96129317698144e-07,4.1508033125195336e-07,1.0639778416156742e-08,-7.265317227933635e-09,-4.77292938786956e-09,-3.6229447458417996e-09,-5.017984642027743e-09,3.868e-09,0.0,0.0
6.641967823864315e-09,0.0,3.703166915388153e-07,4.860647638041148e-07,4.095779038483111e-07,1.089166739820045e-08,-7.189891169779123e-09,-4.680195724510701e-09,-3.5302108788930857e-09,-5.017984845617557e-09,3.868e-09,0.0,0.0
6.643967823864315e-09,0.0,3.784215918444574e-07,4.759390339137422e-07,4.0421405099125573e-07,1.113004681895463e-08,-7.115575189605873e-09,-4.592782879359114e-09,-3.4427978352790594e-09,-5.017985044080113e-09,3.868e-09,0.0,0.0
6.645967823864315e-09,0.0,3.860621628828801e-07,4.657689297582682e-07,3.9898042861974553e-07,1.1354769496555296e-08,-7.042645940432372e-09,-4.510896485408559e-09,-3.360911247684313e-09,-5.017985237724141e-09,3.868e-09,0.0,0.0
6.647967823864314e-09,0.0,3.9323441318333986e-07,4.555709471683188e-07,3.93868398185903e-07,1.1565718034804113e-08,-6.971361635361182e-09,-4.434713743180124e-09,-3.2847283163109135e-09,-5.017985426869267e-09,3.868e-09,0.0,0.0
6.649967823864314e-09,0.0,3.9993535478321055e-07,4.4536123645528333e-07,3.88869070332093e-07,1.1762804552447368e-08,-6.9019618376840034e-09,-4.364383505486495e-09,-3.214397893642155e-09,-5.017985611844398e-09,3.868e-09,0.0,0.0
6.651967823864314e-09,0.0,4.0616300039934963e-07,4.3515556418184123e-07,3.839733483663351e-07,1.1945970599980871e-08,-6.834667242532573e-09,-4.300026454829342e-09,-3.1500406618432335e-09,-5.01798579298611e-09,3.868e-09,0.0,0.0
6.653967823864314e-09,0.0,4.1191635829749043e-07,4.249692761986069e-07,3.7917197139498415e-07,1.2115187008749718e-08,-6.769679711514385e-09,-4.241735371550165e-09,-3.0917494009131363e-09,-5.017985970637058e-09,3.868e-09,0.0,0.0
6.6559678238643135e-09,0.0,4.17195442473265e-07,4.148172625956779e-07,3.744555569748509e-07,1.2270454190390146e-08,-6.707181911095918e-09,-4.189575490404463e-09,-3.03958934526005e-09,-5.0179861451443915e-09,3.868e-09,0.0,0.0
6.657967823864313e-09,0.0,4.2200127178408903e-07,4.0471392715937114e-07,3.698146431520347e-07,1.2411802111296736e-08,-6.647336232412164e-09,-4.143584941259223e-09,-2.993598624401009e-09,-5.0179863168582035e-09,3.868e-09,0.0,0.0
6.659967823864313e-09,0.0,4.2633582085707576e-07,3.9467316049281727e-07,3.6523972976221856e-07,1.2539288848737521e-08,-6.590285010614206e-09,-4.103775268489938e-09,-2.9537887823599036e-09,-5.017986486129999e-09,3.868e-09,0.0,0.0
6.661967823864313e-09,0.0,4.302019920704634e-07,3.8470831110448233e-07,3.6072131887280147e-07,1.2652999766778335e-08,-6.536152431071727e-09,-4.070132027193574e-09,-2.920145373882327e-09,-5.017986653311201e-09,3.868e-09,0.0,0.0
6.663967823864313e-09,0.0,4.336036420839143e-07,3.748321567347667e-07,3.562499542487573e-07,1.2753048296585713e-08,-6.48504377399735e-09,-4.042615456126869e-09,-2.892628637375139e-09,-5.017986818751693e-09,3.868e-09,0.0,0.0
6.6659678238643125e-09,0.0,4.3654555479055416e-07,3.650568826613375e-07,3.5181625972824755e-07,1.2839575140898651e-08,-6.437044118709897e-09,-4.021161222086143e-09,-2.871174239287703e-09,-5.01798698279839e-09,3.868e-09,0.0,0.0
6.667967823864312e-09,0.0,4.390333979509994e-07,3.5539406230782795e-07,3.474109764031247e-07,1.2912746998558805e-08,-6.392220048236616e-09,-4.005681229166109e-09,-2.8556940833722463e-09,-5.017987145793873e-09,3.868e-09,0.0,0.0
6.669967823864312e-09,0.0,4.410737085918719e-07,3.45854638467757e-07,3.43024998506894e-07,1.2972756135055056e-08,-6.350619319247484e-09,-3.996064489802747e-09,-2.846077181727702e-09,-5.017987308075055e-09,3.868e-09,0.0,0.0
6.671967823864312e-09,0.0,4.4267386103997615e-07,3.364489078071056e-07,3.386494079179637e-07,1.301981944235224e-08,-6.312271362752501e-09,-3.9921780538535325e-09,-2.842190583881616e-09,-5.017987469971907e-09,3.868e-09,0.0,0.0
6.673967823864312e-09,0.0,4.438420349221697e-07,3.2718650720877916e-07,3.342755071923808e-07,1.3054177497710873e-08,-6.277187779651624e-09,-3.993867991182407e-09,-2.843880359376158e-09,-5.017987631806234e-09,3.868e-09,0.0,0.0
6.675967823864311e-09,0.0,4.445871886825488e-07,3.1807640247309424e-07,3.298948510468945e-07,1.3076093784780847e-08,-6.245362688812735e-09,-4.000960423646573e-09,-2.8509726297560604e-09,-5.017987793890511e-09,3.868e-09,0.0,0.0
6.677967823864311e-09,0.0,4.449190286392661e-07,3.0912688008228885e-07,3.2549927622009195e-07,1.3085853783507827e-08,-6.216772964678181e-09,-4.01326260161411e-09,-2.863274645087354e-09,-5.0179879565267794e-09,3.868e-09,0.0,0.0
6.679466377370821e-09,0.0,4.44902597254778e-07,3.025308513541192e-07,3.221914720127974e-07,1.308537050749347e-08,-6.197452197620425e-09,-4.0257750700022564e-09,-2.8757869910867256e-09,-5.017988078915535e-09,3.868e-09,0.0,0.0
6.679666377370821e-09,0.0,4.4488378218123033e-07,3.016586809443744e-07,3.217487505808058e-07,1.3084817122977362e-08,-6.1950208714573565e-09,-4.027677403241454e-09,-2.8776893079453572e-09,-5.0179880952962285e-09,3.868e-09,0.0,0.0
6.680066377370821e-09,0.0,4.4483431214683906e-07,2.999178421067242e-07,3.208627076572571e-07,1.3083362121965854e-08,-6.1902188665463575e-09,-4.031577823201544e-09,-2.8815896951218004e-09,-5.0179881280798165e-09,3.868e-09,0.0,0.0
6.680866377370822e-09,0.0,4.446880125288734e-07,2.9645732376401284e-07,3.190868464331744e-07,1.3079059192025688e-08,-6.181000474407865e-09,-4.039947476933878e-09,-2.8899592831472373e-09,-5.017988193786682e-09,3.868e-09,0.0,0.0
6.682466377370821e-09,0.0,4.442103066605823e-07,2.89622375606077e-07,3.1551830826491354e-07,1.306500901942889e-08,-6.164062111742825e-09,-4.0589035660991995e-09,-2.9089152402766706e-09,-5.017988325822594e-09,3.868e-09,0.0,0.0
6.684466377370821e-09,0.0,4.4327444462690565e-07,2.812437124010594e-07,3.110217520545339e-07,1.3037483665497225e-08,-6.145633392662283e-09,-4.08659632541211e-09,-2.9366078332169123e-09,-5.017988492195174e-09,3.868e-09,0.0,0.0
6.686466377370821e-09,0.0,4.4197389706935843e-07,2.730531564835861e-07,3.064793560789552e-07,1.2999232266745836e-08,-6.130164819033387e-09,-4.1184955952992956e-09,-2.9685069350354482e-09,-5.017988660263825e-09,3.868e-09,0.0,0.0
6.688466377370821e-09,0.0,4.403216226088791e-07,2.6505538132244214e-07,3.0188485859889935e-07,1.295063595908468e-08,-6.117553650651882e-09,-4.154328619297467e-09,-3.004339789037214e-09,-5.017988830260232e-09,3.868e-09,0.0,0.0
6.6904663773708204e-09,0.0,4.383310796407325e-07,2.572543794710553e-07,2.97232426288287e-07,1.2892090577668603e-08,-6.107684105943931e-09,-4.193811217159163e-09,-3.043822214758957e-09,-5.017989002400227e-09,3.868e-09,0.0,0.0
6.69246637737082e-09,0.0,4.3601618919499456e-07,2.496534700397109e-07,2.925166708386368e-07,1.2824005564558664e-08,-6.100428145262883e-09,-4.236649046669555e-09,-3.0866598697863833e-09,-5.0179891768831785e-09,3.868e-09,0.0,0.0
6.69446637737082e-09,0.0,4.333912789759564e-07,2.4225530809065563e-07,2.877326636168441e-07,1.2746802322822247e-08,-6.0956462625227685e-09,-4.282538872435648e-09,-3.1325495185442372e-09,-5.017989353891446e-09,3.868e-09,0.0,0.0
6.69646637737082e-09,0.0,4.304710210440856e-07,2.3506189587342438e-07,2.828759483689288e-07,1.2660912383649576e-08,-6.093188319212429e-09,-4.3311698373357e-09,-3.1811803037457485e-09,-5.01798953358991e-09,3.868e-09,0.0,0.0
6.69846637737082e-09,0.0,4.272703830196636e-07,2.2807459547499008e-07,2.779425519687585e-07,1.2566775971166576e-08,-6.092894548746311e-09,-4.382224732601259e-09,-3.2322350164756553e-09,-5.017989716125577e-09,3.868e-09,0.0,0.0
6.700466377370819e-09,0.0,4.238045273103273e-07,2.2129414254300628e-07,2.7292899321661284e-07,1.2464839038539037e-08,-6.0945965539918055e-09,-4.4353812629409566e-09,-3.285391361313691e-09,-5.017989901627251e-09,3.868e-09,0.0,0.0
6.702466377370819e-09,0.0,4.200887452688073e-07,2.147206646492035e-07,2.678322896993637e-07,1.2355551331435508e-08,-6.098116523484599e-09,-4.4903133013155445e-09,-3.340323211110292e-09,-5.017990090205281e-09,3.868e-09,0.0,0.0
6.704466377370819e-09,0.0,4.1613899208660183e-07,2.083537057492289e-07,2.6264996273449155e-07,1.2239382120194171e-08,-6.103267476293382e-09,-4.54669212517506e-09,-3.396701843223722e-09,-5.017990281951379e-09,3.868e-09,0.0,0.0
6.706466377370819e-09,0.0,4.1197151356516387e-07,2.0219224139160458e-07,2.573800404267263e-07,1.2116809222504819e-08,-6.109860068430741e-09,-4.604187633809802e-09,-3.4541971568712684e-09,-5.017990476938504e-09,3.868e-09,0.0,0.0
6.7084663773708185e-09,0.0,4.0760145599237163e-07,1.9623468731606824e-07,2.5202105886112104e-07,1.1988278117422696e-08,-6.117701494556906e-09,-4.662469553636322e-09,-3.5124788784155697e-09,-5.017990675220822e-09,3.868e-09,0.0,0.0
6.710466377370818e-09,0.0,4.0304477443720637e-07,1.9047892666318682e-07,2.4657206145789937e-07,1.185425807168254e-08,-6.12658972616791e-09,-4.721208622606432e-09,-3.571217745772639e-09,-5.017990876833726e-09,3.868e-09,0.0,0.0
6.712466377370818e-09,0.0,3.983173737329752e-07,1.8492234067647925e-07,2.4103259653230274e-07,1.171521687449927e-08,-6.136319871129108e-09,-4.7800777392969574e-09,-3.6300866575030596e-09,-5.017991081793928e-09,3.868e-09,0.0,0.0
6.714466377370818e-09,0.0,3.934350646423157e-07,1.7956182975784752e-07,2.3540271311262168e-07,1.1571619548303403e-08,-6.1466848729098416e-09,-4.838753078182081e-09,-3.688761788082426e-09,-5.0179912900996146e-09,3.868e-09,0.0,0.0
6.716466377370818e-09,0.0,3.884135666339883e-07,1.743938375617998e-07,2.2968295506704187e-07,1.1423928430411422e-08,-6.157475499609947e-09,-4.8969151729020315e-09,-3.746923671171357e-09,-5.0179915017306625e-09,3.868e-09,0.0,0.0
6.7184663773708175e-09,0.0,3.8326845940406345e-07,1.6941437720832233e-07,2.2387435359218775e-07,1.1272601747178337e-08,-6.168481431758254e-09,-4.954249962787895e-09,-3.804258246138995e-09,-5.017991716648917e-09,3.868e-09,0.0,0.0
6.720466377370817e-09,0.0,3.7801514440814707e-07,1.6461905777084384e-07,2.179784181222934e-07,1.111809248259256e-08,-6.179492090978621e-09,-5.010449799522193e-09,-3.8604578647236535e-09,-5.017991934798529e-09,3.868e-09,0.0,0.0
6.722466377370817e-09,0.0,3.726688087400719e-07,1.6000311122402773e-07,2.1199712572195847e-07,1.0960847315884467e-08,-6.190297554129305e-09,-5.065214411818129e-09,-3.915222255711759e-09,-5.017992156106348e-09,3.868e-09,0.0,0.0
6.724466377370817e-09,0.0,3.6724436734572704e-07,1.555614191765716e-07,2.0593290902843583e-07,1.0801304921933149e-08,-6.200689631624547e-09,-5.118251826350031e-09,-3.9682594458677005e-09,-5.017992380482366e-09,3.868e-09,0.0,0.0
6.726466377370817e-09,0.0,3.617563832826739e-07,1.5128853976752868e-07,1.9978864281192922e-07,1.0639893625960996e-08,-6.210462504431006e-09,-5.169279243411197e-09,-4.019286635590981e-09,-5.017992607820216e-09,3.868e-09,0.0,0.0
6.728466377370816e-09,0.0,3.5621909405613313e-07,1.4717873721666192e-07,1.9356762922590094e-07,1.0477032178121563e-08,-6.219412471004459e-09,-5.218023864243497e-09,-4.068031026245806e-09,-5.0179928379977185e-09,3.868e-09,0.0,0.0
6.730466377370816e-09,0.0,3.5064650818137534e-07,1.4322601292393844e-07,1.872735818246244e-07,1.0313132593569862e-08,-6.2273390330137376e-09,-5.264223666291166e-09,-4.114230595413678e-09,-5.017993070877472e-09,3.868e-09,0.0,0.0
6.732466377370816e-09,0.0,3.4505221224439464e-07,1.3942413257337595e-07,1.8091060842803564e-07,1.0148594477776312e-08,-6.234047293966107e-09,-5.30762812645917e-09,-4.1576348201516675e-09,-5.017993306307488e-09,3.868e-09,0.0,0.0
6.734466377370816e-09,0.0,3.394492270755876e-07,1.3576665175736337e-07,1.7448319291243794e-07,9.983800796340812e-09,-6.239347692298465e-09,-5.347998894247209e-09,-4.198005350125344e-09,-5.017993544121862e-09,3.868e-09,0.0,0.0
6.7364663773708155e-09,0.0,3.338502054106544e-07,1.3224694517919008e-07,1.6799617600594132e-07,9.819123688548659e-09,-6.243055783762592e-09,-5.385110412461757e-09,-4.235116628320287e-09,-5.017993784141488e-09,3.868e-09,0.0,0.0
6.738466377370815e-09,0.0,3.2826730096553303e-07,1.2885823577309743e-07,1.6145473517158598e-07,9.654920616633324e-09,-6.244993686043731e-09,-5.418750482516567e-09,-4.268756456341738e-09,-5.017994026174798e-09,3.868e-09,0.0,0.0
6.740466377370815e-09,0.0,3.227121602569107e-07,1.2559362215722288e-07,1.5486436366335562e-07,9.491534125203256e-09,-6.2449905379387986e-09,-5.448720774376347e-09,-4.298726504357817e-09,-5.017994270018544e-09,3.868e-09,0.0,0.0
6.742466377370815e-09,0.0,3.1719590251483104e-07,1.224461061635521e-07,1.482308488401991e-07,9.329291250436207e-09,-6.242882966496242e-09,-5.4748372812043245e-09,-4.3248427657457e-09,-5.0179945154585926e-09,3.868e-09,0.0,0.0
6.744466377370815e-09,0.0,3.117291019542823e-07,1.1940862010265677e-07,1.4156024982361639e-07,9.168502998655363e-09,-6.238515605055691e-09,-5.49693071808262e-09,-4.346935955811865e-09,-5.017994762270756e-09,3.868e-09,0.0,0.0
6.7464663773708145e-09,0.0,3.063217714988908e-07,1.1647405339978186e-07,1.348588745849564e-07,9.009463867614435e-09,-6.231741629023572e-09,-5.514846864667851e-09,-4.364851854446168e-09,-5.01799501022164e-09,3.868e-09,0.0,0.0
6.748466377370814e-09,0.0,3.0098333560437284e-07,1.1363527823729424e-07,1.2813325654839703e-07,8.852451047187437e-09,-6.2224233435510985e-09,-5.528446852150499e-09,-4.378451593080965e-09,-5.017995259069508e-09,3.868e-09,0.0,0.0
6.750466377370814e-09,0.0,2.957226048602527e-07,1.1088517444199248e-07,1.213901307948822e-07,8.697723672360374e-09,-6.2104324899178334e-09,-5.5376073950535115e-09,-4.387611886488342e-09,-5.017995508565161e-09,3.868e-09,0.0,0.0
6.752466377370814e-09,0.0,2.905477855191024e-07,1.0821665446668295e-07,1.1463640995186304e-07,8.545523103503012e-09,-6.195650300753978e-09,-5.542220967889507e-09,-4.392225209436651e-09,-5.0179957584528314e-09,3.868e-09,0.0,0.0
6.754466377370814e-09,0.0,2.8546649037003026e-07,1.0562268796482224e-07,1.0787915985373907e-07,8.39607324617736e-09,-6.177967945155904e-09,-5.542195926595628e-09,-4.392199918124513e-09,-5.017996008471085e-09,3.868e-09,0.0,0.0
6.756466377370813e-09,0.0,2.804857020859624e-07,1.0309632467713523e-07,1.0112557505717578e-07,8.24957947311654e-09,-6.157287111181732e-09,-5.537456575761566e-09,-4.3874603174078085e-09,-5.017996258353723e-09,3.868e-09,0.0,0.0
6.758466377370813e-09,0.0,2.7561176032203525e-07,1.0063071619003343e-07,9.438295429352865e-08,8.106228244765742e-09,-6.133520065833567e-09,-5.527943183164154e-09,-4.377946675333483e-09,-5.017996507830691e-09,3.868e-09,0.0,0.0
6.760466377370813e-09,0.0,2.7085038072636804e-07,9.821913732251376e-08,8.765867593877735e-08,7.966187668422589e-09,-6.106589756960064e-09,-5.5136119424722546e-09,-4.3636151858432554e-09,-5.01799675662899e-09,3.868e-09,0.0,0.0
6.762466377370813e-09,0.0,2.662066423434312e-07,9.585500656461057e-08,8.096017358005183e-08,7.829607127747976e-09,-6.076430057163522e-09,-5.494434884973515e-09,-4.34443788049992e-09,-5.017997004473578e-09,3.868e-09,0.0,0.0
6.7644663773708125e-09,0.0,2.6168499398580405e-07,9.353190543760517e-08,7.429491175615147e-08,7.696617470170707e-09,-6.042985829590448e-09,-5.47039974165881e-09,-4.320402490570544e-09,-5.017997251088265e-09,3.868e-09,0.0,0.0
6.766466377370812e-09,0.0,2.5728925805115243e-07,9.1243596896196e-08,6.767036194733291e-08,7.567331119151541e-09,-6.006213014238892e-09,-5.4415097570902035e-09,-4.291512260893612e-09,-5.017997496196608e-09,3.868e-09,0.0,0.0
6.768466377370812e-09,0.0,2.5302263236920286e-07,8.898404254159651e-08,6.109397888733801e-08,7.4418421285059664e-09,-5.966078713709769e-09,-5.407783456622558e-09,-4.257785717099799e-09,-5.0179977395227814e-09,3.868e-09,0.0,0.0
6.769466377370812e-09,0.0,2.509384281332363e-07,8.786339733386551e-08,5.78259392969178e-08,7.380542003918714e-09,-5.94474115783538e-09,-5.38911507843745e-09,-4.239117217997207e-09,-5.017997860440246e-09,3.868e-09,0.0,0.0
6.769666377370812e-09,0.0,2.5052561811097497e-07,8.763999199556836e-08,5.7174367628400106e-08,7.368400532675734e-09,-5.940375995582013e-09,-5.385213729913411e-09,-4.2352158453650304e-09,-5.017997884548398e-09,3.868e-09,0.0,0.0
6.770066377370812e-09,0.0,2.497039759065217e-07,8.719355910489309e-08,5.587243940270807e-08,7.344234585485932e-09,-5.931539022012811e-09,-5.3773155543530905e-09,-4.227317621633351e-09,-5.017997932719742e-09,3.868e-09,0.0,0.0
6.770866377370812e-09,0.0,2.480766028578921e-07,8.63028332371269e-08,5.327604948769772e-08,7.2963706722909445e-09,-5.913451053976328e-09,-5.360947630936501e-09,-4.2109496021503595e-09,-5.017998028786169e-09,3.868e-09,0.0,0.0
6.772466377370812e-09,0.0,2.4488658332132005e-07,8.45286373969656e-08,4.81148856518847e-08,7.202546568274119e-09,-5.875655593455304e-09,-5.325939850795014e-09,-4.175941631045774e-09,-5.017998219749231e-09,3.868e-09,0.0,0.0
6.7744663773708115e-09,0.0,2.4102040895804606e-07,8.232118580933765e-08,4.1727265336323467e-08,7.08883555758959e-09,-5.825350931665766e-09,-5.277963235275007e-09,-4.1279647791838255e-09,-5.017998456091182e-09,3.868e-09,0.0,0.0
6.776466377370811e-09,0.0,2.3729018171435876e-07,8.012062802444477e-08,3.5417005846166185e-08,6.979122991598787e-09,-5.771660770292439e-09,-5.225371247591458e-09,-4.075372558020668e-09,-5.017998689570784e-09,3.868e-09,0.0,0.0
6.778466377370811e-09,0.0,2.3369598280269886e-07,7.792214719051291e-08,2.9191138577437158e-08,6.873411258902908e-09,-5.714609263018079e-09,-5.168253811254947e-09,-4.018254891327071e-09,-5.017998919927872e-09,3.868e-09,0.0,0.0
6.780466377370811e-09,0.0,2.3023751099892938e-07,7.572119956530979e-08,2.305654658349319e-08,6.771691499968511e-09,-5.654229365670651e-09,-5.106713847707866e-09,-3.956714700800089e-09,-5.017999146907776e-09,3.868e-09,0.0,0.0
6.782466377370811e-09,0.0,2.269139068223743e-07,7.351352857112333e-08,1.7019944965910354e-08,6.673938435952185e-09,-5.590563738467487e-09,-5.040866772319645e-09,-3.8908674020576075e-09,-5.017999370262036e-09,3.868e-09,0.0,0.0
6.78446637737081e-09,0.0,2.237237950094706e-07,7.129517400778918e-08,1.1087862067081347e-08,6.580111617925605e-09,-5.523665207998384e-09,-4.970839956169207e-09,-3.8208403664201054e-09,-5.0179995897491036e-09,3.868e-09,0.0,0.0
6.78646637737081e-09,0.0,2.2066530467808398e-07,6.906247894628006e-08,5.266621513325942e-09,6.490156019943646e-09,-5.4535963523377364e-09,-4.896772158596932e-09,-3.746772353461928e-09,-5.017999805135004e-09,3.868e-09,0.0,0.0
6.78846637737081e-09,0.0,2.1773609153466964e-07,6.681209601818644e-08,-4.376748485528741e-10,6.404002692196166e-09,-5.3804290546962066e-09,-4.818812933174505e-09,-3.668812916980536e-09,-5.0180000161939695e-09,3.868e-09,0.0,0.0
6.79046637737081e-09,0.0,2.1493336374492297e-07,6.454099299320205e-08,-6.019162841548051e-09,6.321569521909499e-09,-5.3042440909123026e-09,-4.7371220090167705e-09,-3.587121473913195e-09,-5.0180005351035765e-09,3.868e-09,0.0,0.0
6.7924663773708095e-09,0.0,2.1225390234619582e-07,6.224645832389125e-08,-1.1472231382185695e-08,6.242761833711642e-09,-5.2251302975490504e-09,-4.6518686487971135e-09,-3.501867628915744e-09,-5.01800101988137e-09,3.868e-09,0.0,0.0
6.794466377370809e-09,0.0,2.0969405325933434e-07,5.99261049843595e-08,-1.6791536860232464e-08,6.167472154686304e-09,-5.143184946307988e-09,-4.5632309853126845e-09,-3.4132294925450588e-09,-5.018001492767627e-09,3.868e-09,0.0,0.0
6.796466377370809e-09,0.0,2.0724976456565498e-07,5.7577862672817716e-08,-2.1972016002375687e-08,6.095581310754558e-09,-5.058517813394282e-09,-4.47139534555335e-09,-3.3213933922411254e-09,-5.018001953312223e-09,3.868e-09,0.0,0.0
6.798466377370809e-09,0.0,2.0491671703088847e-07,5.51999710696779e-08,-2.7008897972115183e-08,6.026962265614367e-09,-4.971245228430761e-09,-4.376555569511235e-09,-3.226553168420206e-09,-5.018002401091029e-09,3.868e-09,0.0,0.0
6.800466377370809e-09,0.0,2.0269027646283616e-07,5.279099982428345e-08,-3.189771538894149e-08,5.961478719495181e-09,-4.881481359202369e-09,-4.2789123091609e-09,-3.128909473453991e-09,-5.018002835706898e-09,3.868e-09,0.0,0.0
6.8024663773708085e-09,0.0,2.0056541864413116e-07,5.0349849388841306e-08,-3.663431425144735e-08,5.898982901297975e-09,-4.789355020967414e-09,-4.17867230459416e-09,-3.028669047803625e-09,-5.018003256790537e-09,3.868e-09,0.0,0.0
6.804466377370808e-09,0.0,1.9853687506574368e-07,4.787573454767272e-08,-4.1214862745953704e-08,5.839319854874814e-09,-4.695000018743433e-09,-4.076047659055927e-09,-2.926043995054628e-09,-5.018003664001298e-09,3.868e-09,0.0,0.0
6.806466377370808e-09,0.0,1.9659914241313647e-07,4.536818373249415e-08,-4.5635858940580305e-08,5.782327718033425e-09,-4.59855551044401e-09,-3.971255114987793e-09,-2.821251057959943e-09,-5.01800405702786e-09,3.868e-09,0.0,0.0
6.808466377370808e-09,0.0,1.9474649448295363e-07,4.2827034868121534e-08,-4.989413736195216e-08,5.727838073028048e-09,-4.500165915549206e-09,-3.86451532541228e-09,-2.714510889823481e-09,-5.018004435588811e-09,3.868e-09,0.0,0.0
6.810466377370808e-09,0.0,1.9297301617259521e-07,4.025242967748734e-08,-5.398687445050998e-08,5.6756769462528e-09,-4.399980314343069e-09,-3.7560521247348484e-09,-2.606047325301695e-09,-5.0180047994331395e-09,3.868e-09,0.0,0.0
6.812466377370807e-09,0.0,1.912726307902567e-07,3.764480722828256e-08,-5.7911592895492e-08,5.625665611478138e-09,-4.298151969162047e-09,-3.6460918015155172e-09,-2.4960866531749177e-09,-5.0180051483406085e-09,3.868e-09,0.0,0.0
6.814466377370807e-09,0.0,1.8963913015027105e-07,3.500489656555546e-08,-6.166616485430519e-08,5.577621475007972e-09,-4.194837807133105e-09,-3.5348623754042927e-09,-2.3848568932822415e-09,-5.018005482122055e-09,3.868e-09,0.0,0.0
6.816466377370807e-09,0.0,1.8806620613044468e-07,3.233370899608534e-08,-6.524881406419584e-08,5.531359003836608e-09,-4.090197670492986e-09,-3.422592880195166e-09,-2.2725870795755895e-09,-5.01800580061957e-09,3.868e-09,0.0,0.0
6.818466377370807e-09,0.0,1.8654747096179863e-07,2.9632530548717817e-08,-6.86581168566558e-08,5.4866903224058416e-09,-3.984393552372753e-09,-3.3095126543289506e-09,-2.1595065506223656e-09,-5.018006103706589e-09,3.868e-09,0.0,0.0
6.8204663773708066e-09,0.0,1.850764668232037e-07,2.6902912617049643e-08,-7.189300208767188e-08,5.443425494800109e-09,-3.8775898549816845e-09,-3.1958506409864437e-09,-2.045844249698557e-09,-5.018006391287886e-09,3.868e-09,0.0,0.0
6.822466377370806e-09,0.0,1.8364670691881634e-07,2.414665873266742e-08,-7.495275000195342e-08,5.401373732906363e-09,-3.769953668709623e-09,-3.0818347021669255e-09,-1.931828038867462e-09,-5.018006663299475e-09,3.868e-09,0.0,0.0
6.824466377370806e-09,0.0,1.822517287838815e-07,2.136581255607206e-08,-7.78369900547021e-08,5.360344964231809e-09,-3.661652532639424e-09,-2.967690949414236e-09,-1.8176840297058312e-09,-5.0180069197084156e-09,3.868e-09,0.0,0.0
6.826466377370806e-09,0.0,1.808850945150569e-07,1.8562649663458067e-08,-8.054569771524817e-08,5.3201498386781445e-09,-3.552853463920518e-09,-2.853643089516569e-09,-1.703635929004044e-09,-5.018007160512526e-09,3.868e-09,0.0,0.0
6.828466377370806e-09,0.0,1.7954040368530382e-07,1.5739665783886757e-08,-8.30791902763429e-08,5.280600108391288e-09,-3.443724399902079e-09,-2.7399117861591082e-09,-1.5899044004191016e-09,-5.0180073857400156e-09,3.868e-09,0.0,0.0
6.8304663773708055e-09,0.0,1.7821133429100696e-07,1.289956286687058e-08,-8.543812169695876e-08,5.24150983208844e-09,-3.334432577844615e-09,-2.626714041830559e-09,-1.4767064463815452e-09,-5.018007595449018e-09,3.868e-09,0.0,0.0
6.832466377370805e-09,0.0,1.768916612500826e-07,1.0045236446928773e-08,-8.762347651094209e-08,5.2026959191200765e-09,-3.225144296220853e-09,-2.5142626015238557e-09,-1.36425481179678e-09,-5.018007789727063e-09,3.868e-09,0.0,0.0
6.834466377370805e-09,0.0,1.7557527716198172e-07,7.179762075002914e-09,-8.963656283566845e-08,5.1639787400582856e-09,-3.1160244471880292e-09,-2.4027653790378926e-09,-1.252757410347477e-09,-5.018007968690436e-09,3.868e-09,0.0,0.0
6.836466377370805e-09,0.0,1.742562139304514e-07,4.306381321275062e-09,-9.147900451680726e-08,5.125182762660335e-09,-3.0072360740690856e-09,-2.2924249076164857e-09,-1.1424167751329905e-09,-5.018008132483502e-09,3.868e-09,0.0,0.0
6.838466377370805e-09,0.0,1.7292866449949697e-07,1.4284874249628065e-09,-9.315273244768917e-08,5.086137191161675e-09,-2.898939916305943e-09,-2.183437816291361e-09,-1.03342953501342e-09,-5.018008281277914e-09,3.868e-09,0.0,0.0
6.8404663773708044e-09,0.0,1.7158700424615548e-07,-1.4503890862962308e-09,-9.465997510366485e-08,5.046676595475161e-09,-2.7912938591078688e-09,-2.075994333026708e-09,-9.259859177549206e-10,-5.018008415271787e-09,3.868e-09,0.0,0.0
6.842466377370804e-09,0.0,1.7022580590026819e-07,-4.326594665214591e-09,-9.60032483332961e-08,5.006641350007888e-09,-2.6844524620957477e-09,-1.9702778154544822e-09,-8.202692807656932e-10,-5.018008534688778e-09,3.868e-09,0.0,0.0
6.844466377370804e-09,0.0,1.6883985151101483e-07,-7.1963675470578584e-09,-9.718534444961328e-08,4.965877985618083e-09,-2.578566785858592e-09,-1.8664643102237707e-09,-7.164556704466426e-10,-5.0180086397771214e-09,3.868e-09,0.0,0.0
6.846466377370804e-09,0.0,1.6742415245675383e-07,-1.0055853354659356e-08,-9.820932066660474e-08,4.924239778139819e-09,-2.4737841131939694e-09,-1.7647221424508604e-09,-6.147134116422368e-10,-5.018008730808606e-09,3.868e-09,0.0,0.0
6.8484663773708036e-09,0.0,1.6597396896444065e-07,-1.2901120408059051e-08,-9.907848692799139e-08,4.8815873224835485e-09,-2.3702472910343855e-09,-1.6652115362378628e-09,-5.152027281603631e-10,-5.0180088080774875e-09,3.868e-09,0.0,0.0
6.850466377370803e-09,0.0,1.6448481920395805e-07,-1.5728174473390716e-08,-9.979639317619789e-08,4.837788800116413e-09,-2.2680943820806796e-09,-1.5680842664073799e-09,-4.180753945080353e-10,-5.018008871899354e-09,3.868e-09,0.0,0.0
6.852466377370803e-09,0.0,1.6295249046285003e-07,-1.8532973863915352e-08,-1.0036681610989663e-07,4.7927203077308834e-09,-2.1674585233277256e-09,-1.4734833419102983e-09,-3.2347441930030877e-10,-5.018008922609952e-09,3.868e-09,0.0,0.0
6.854466377370803e-09,0.0,1.613730519556662e-07,-2.1311444615905046e-08,-1.007937454794366e-07,4.746266233990182e-09,-2.0684675039870404e-09,-1.3815427216656147e-09,-2.3153376110163844e-10,-5.018008960563972e-09,3.868e-09,0.0,0.0
6.856466377370803e-09,0.0,1.597428636162651e-07,-2.405949543809857e-08,-1.0108136997034229e-07,4.698319518125444e-09,-1.9712435395182917e-09,-1.2923870632095586e-09,-1.4237807707573353e-10,-5.0180089861337905e-09,3.868e-09,0.0,0.0
6.8584663773708025e-09,0.0,1.580585852185195e-07,-2.6773032613555602e-08,-1.0123406272555232e-07,4.64878191819175e-09,-1.8759030042988525e-09,-1.2061315044054567e-09,-5.612250469727909e-11,-5.018008999708175e-09,3.868e-09,0.0,0.0
6.860466377370802e-09,0.0,1.5631726052692398e-07,-2.9447972539709162e-08,-1.0125636655648729e-07,4.597566486085999e-09,-1.7825551206140899e-09,-1.1228814772091722e-09,2.712752448180994e-11,-5.0180090016909865e-09,3.868e-09,0.0,0.0
6.862466377370802e-09,0.0,1.545162356669103e-07,-3.2080259793765e-08,-1.0115297889385549e-07,4.544595166673832e-09,-1.6913056774211478e-09,-1.04273255556033e-09,1.0727643693949494e-10,-5.018008992499824e-09,3.868e-09,0.0,0.0
6.864466377370802e-09,0.0,1.5265280573437306e-07,-3.466588859123959e-08,-1.0092873653472985e-07,4.4897884039521486e-09,-1.602254733124877e-09,-9.657703426408414e-10,1.842386299238577e-10,-5.018008972564677e-09,3.868e-09,0.0,0.0
6.866466377370802e-09,0.0,1.5072490837653516e-07,-3.720090025555734e-08,-1.0058860023768625e-07,4.4330855404863285e-09,-1.515486792775574e-09,-8.920703860937033e-10,2.579385562328663e-10,-5.018008942326561e-09,3.868e-09,0.0,0.0
6.8684663773708014e-09,0.0,1.4873091180185086e-07,-3.968139925141562e-08,-1.0013763920676935e-07,4.374438582407378e-09,-1.431089712536645e-09,-8.21698118276963e-10,3.2831078395918237e-10,-5.018008902236125e-09,3.868e-09,0.0,0.0
6.870466377370801e-09,0.0,1.4666940765263623e-07,-4.210357577880112e-08,-9.958101551371775e-08,4.3138061074304774e-09,-1.3491389755953172e-09,-7.547088357444077e-10,3.953000170078666e-10,-5.01800885275228e-09,3.868e-09,0.0,0.0
6.872466377370801e-09,0.0,1.445392998930463e-07,-4.446371135703453e-08,-9.892396851428426e-08,4.251155879207244e-09,-1.2697049546162834e-09,-6.911477120851966e-10,4.58861082255624e-10,-5.018008794340801e-09,3.868e-09,0.0,0.0
6.874466377370801e-09,0.0,1.423398094185555e-07,-4.6758194143916896e-08,-9.81717993067892e-08,4.1864649828986906e-09,-1.1928505425344694e-09,-6.310498399850343e-10,5.189588874879417e-10,-5.018008727472958e-09,3.868e-09,0.0,0.0
6.8764663773708006e-09,0.0,1.4007048318491639e-07,-4.898352993763257e-08,-9.732985528012851e-08,4.119720093674011e-09,-1.118631492380416e-09,-5.744403054531663e-10,5.755683471709714e-10,-5.018008652624135e-09,3.868e-09,0.0,0.0
6.8784663773708e-09,0.0,1.377311867077124e-07,-5.113635340040825e-08,-9.640351479883234e-08,4.050917256109188e-09,-1.0470963658306424e-09,-5.213342917583814e-10,6.286742785140752e-10,-5.018008570272465e-09,3.868e-09,0.0,0.0
6.8804663773708e-09,0.0,1.3532209755518746e-07,-5.321343870803446e-08,-9.539817207056978e-08,3.9800616927996315e-09,-9.782865364882186e-10,-4.717372126702513e-10,6.782712682272548e-10,-5.018008480897497e-09,3.868e-09,0.0,0.0
6.8824663773708e-09,0.0,1.328436979608736e-07,-5.5211709684865315e-08,-9.43192222405174e-08,3.907167587084517e-09,-9.122362258050102e-10,-4.256448741380395e-10,7.243635108408128e-10,-5.018008384978856e-09,3.868e-09,0.0,0.0
6.8844663773708e-09,0.0,1.302967631537587e-07,-5.7128249219003284e-08,-9.31720467555741e-08,3.8322577398164325e-09,-8.489724602091237e-10,-3.8304366340952684e-10,7.669646195854348e-10,-5.018008282994957e-09,3.868e-09,0.0,0.0
6.8864663773707995e-09,0.0,1.2768238370316356e-07,-5.8960307383644835e-08,-9.196199903949767e-08,3.755364226563634e-09,-7.885148751350176e-10,-3.4391076410777456e-10,8.060974113139402e-10,-5.0180081754217144e-09,3.868e-09,0.0,0.0
6.888466377370799e-09,0.0,1.2500201957159082e-07,-6.070530900801102e-08,-9.069439051779783e-08,3.6765299873997297e-09,-7.308760921181881e-10,-3.082143958354436e-10,8.417936668958586e-10,-5.018008062731317e-09,3.868e-09,0.0,0.0
6.890466377370799e-09,0.0,1.222573508628881e-07,-6.236086273720429e-08,-8.937447703019103e-08,3.595804437143767e-09,-6.760625855243345e-10,-2.759140783980283e-10,8.740938669929659e-10,-5.0180079453910074e-09,3.868e-09,0.0,0.0
6.892466377370799e-09,0.0,1.1945018507311325e-07,-6.392476909852448e-08,-8.800744566833793e-08,3.513240737444507e-09,-6.24073874895705e-10,-2.469609204458695e-10,9.030469034160391e-10,-5.0180078238619205e-09,3.868e-09,0.0,0.0
6.894466377370799e-09,0.0,1.1658276032600449e-07,-6.539502475262537e-08,-8.659840207395322e-08,3.42890471547072e-09,-5.74902034952192e-10,-2.212979293138974e-10,9.287097692840423e-10,-5.018007698597944e-09,3.868e-09,0.0,0.0
6.8964663773707984e-09,0.0,1.1365752508220809e-07,-6.676982703950936e-08,-8.515235822795259e-08,3.342868384770826e-09,-5.285329704708978e-10,-1.9886033952785744e-10,9.511472305167842e-10,-5.0180075700446465e-09,3.868e-09,0.0,0.0
6.898466377370798e-09,0.0,1.1067716319767403e-07,-6.804757945401087e-08,-8.367422075943372e-08,3.2552106822845303e-09,-4.849462791446463e-10,-1.7957596008044547e-10,9.704314785577762e-10,-5.018007438638226e-09,3.868e-09,0.0,0.0
6.900466377370798e-09,0.0,1.0764458768459955e-07,-6.922689555054912e-08,-8.216877980261697e-08,3.166017284841163e-09,-4.4411532041581796e-10,-1.6336553950051237e-10,9.86641765304011e-10,-5.018007304804524e-09,3.868e-09,0.0,0.0
6.902466377370798e-09,0.0,1.0456292555914205e-07,-7.030660202448982e-08,-8.06406984275878e-08,3.075380163504178e-09,-4.060074833573818e-10,-1.501431467241549e-10,9.99864022233932e-10,-5.01800716895809e-09,3.868e-09,0.0,0.0
6.9044663773707976e-09,0.0,1.0143550556414795e-07,-7.128574118514529e-08,-7.909450266801567e-08,2.9833972224749396e-09,-3.705843925039901e-10,-1.3981656629145087e-10,1.0101904652098256e-09,-5.018007031501287e-09,3.868e-09,0.0,0.0
6.906466377370797e-09,0.0,9.826584385022305e-08,-7.216357273418878e-08,-7.75345721667912e-08,2.8901718779477366e-09,-3.378021601035502e-10,-1.322877064414856e-10,1.0177191863819662e-09,-5.018006892823466e-09,3.868e-09,0.0,0.0
6.908466377370797e-09,0.0,9.505762519153918e-08,-7.293957490728872e-08,-7.596513145829827e-08,2.7958125056335053e-09,-3.076116450099349e-10,-1.2745301864132927e-10,1.0225537346588349e-09,-5.0180067533001855e-09,3.868e-09,0.0,0.0
6.910466377370797e-09,0.0,9.181468757484347e-08,-7.361344474981526e-08,-7.43902419036972e-08,2.7004319874953963e-09,-2.799586123370098e-10,-1.2520392696992923e-10,1.0248026863225744e-09,-5.018006613292505e-09,3.868e-09,0.0,0.0
6.912466377370797e-09,0.0,8.854102533330624e-08,-7.418509726052864e-08,-7.281379429293969e-08,2.6041478039207717e-09,-2.5478387794157075e-10,-1.2542726548411238e-10,1.0245792076621897e-09,-5.018006473146312e-09,3.868e-09,0.0,0.0
6.9144663773707965e-09,0.0,8.524078141838507e-08,-7.465466398022723e-08,-7.123950212448e-08,2.5070818064230903e-09,-2.3202376908908372e-10,-1.2800572185635309e-10,1.022000611335383e-09,-5.018006333191739e-09,3.868e-09,0.0,0.0
6.916466377370796e-09,0.0,8.191819674271978e-08,-7.502249163965145e-08,-6.967089557152285e-08,2.4093587277270524e-09,-2.1161058573477684e-10,-1.328182862336835e-10,1.017187907508921e-09,-5.018006193742616e-09,3.868e-09,0.0,0.0
6.918466377370796e-09,0.0,7.857759719843106e-08,-7.528913995733544e-08,-6.811131614189856e-08,2.3111057999538547e-09,-1.9347261848119273e-10,-1.3974070409334378e-10,1.0102653510026602e-09,-5.018006055096005e-09,3.868e-09,0.0,0.0
6.920466377370796e-09,0.0,7.522341267924964e-08,-7.545537813855849e-08,-6.656391203618143e-08,2.212453314095578e-09,-1.775343927821762e-10,-1.4864593110217312e-10,1.0013599864296115e-09,-5.01800591753178e-09,3.868e-09,0.0,0.0
6.922466377370796e-09,0.0,7.186013721100566e-08,-7.552218095117407e-08,-6.503163420578371e-08,2.1135334473825194e-09,-1.6371712441474608e-10,-1.5940458822481595e-10,9.906011930874541e-10,-5.018005781312281e-09,3.868e-09,0.0,0.0
6.9244663773707954e-09,0.0,6.84923208977308e-08,-7.549072438053493e-08,-6.3517233110438e-08,2.0144800264038474e-09,-1.5193896402245254e-10,-1.718854158200407e-10,9.781202308619887e-10,-5.018005646682022e-09,3.868e-09,0.0,0.0
6.926466377370795e-09,0.0,6.512455454850167e-08,-7.53623805577321e-08,-6.202325617241294e-08,1.9154280749559316e-09,-1.4211529716142457e-10,-1.8595572529684284e-10,9.640497885706277e-10,-5.018005513867474e-09,3.868e-09,0.0,0.0
6.928466377370795e-09,0.0,6.17614550261876e-08,-7.513871212033441e-08,-6.055204592254959e-08,1.8165133831231647e-09,-1.3415906157392575e-10,-2.014818468251516e-10,9.485235362517357e-10,-5.018005383076882e-09,3.868e-09,0.0,0.0
6.930466377370795e-09,0.0,5.840764988724534e-08,-7.482146607809293e-08,-5.910573883099751e-08,1.717872055507216e-09,-1.2798107399142828e-10,-2.183295717342097e-10,9.316756827659522e-10,-5.018005254500182e-09,3.868e-09,0.0,0.0
6.9324663773707946e-09,0.0,5.506776049928615e-08,-7.441256721991892e-08,-5.7686264813480784e-08,1.6196400146848868e-09,-1.2349035353346697e-10,-2.363645883031712e-10,9.136405400057734e-10,-5.018005128308942e-09,3.868e-09,0.0,0.0
6.934466377370794e-09,0.0,5.174638779125492e-08,-7.391411098291874e-08,-5.6295347401922914e-08,1.521952582095733e-09,-1.2059439461752663e-10,-2.5545290963692874e-10,8.945520950194531e-10,-5.018005004656384e-09,3.868e-09,0.0,0.0
6.936466377370794e-09,0.0,4.84481029137255e-08,-7.332835572374521e-08,-5.493450456619989e-08,1.4249442033448677e-09,-1.1919944346713118e-10,-2.754612922569731e-10,8.745435914204757e-10,-5.018004883677456e-09,3.868e-09,0.0,0.0
6.938466377370794e-09,0.0,4.5177433864485496e-08,-7.265771460139601e-08,-5.360505017176053e-08,1.3287480548378086e-09,-1.1921085512052149e-10,-2.962576441382448e-10,8.537471213507155e-10,-5.01800476548896e-09,3.868e-09,0.0,0.0
6.940466377370794e-09,0.0,4.19388462830527e-08,-7.19047472333558e-08,-5.2308096056076094e-08,1.2334954789133147e-09,-1.2053342825240823e-10,-3.177114211506723e-10,8.322932290390667e-10,-5.018004650189739e-09,3.868e-09,0.0,0.0
6.9424663773707935e-09,0.0,3.873673167391208e-08,-7.107215096649082e-08,-5.1044554705296815e-08,1.1393156374680024e-09,-1.230716591532649e-10,-3.396940108869083e-10,8.103105269740091e-10,-5.018004537860913e-09,3.868e-09,0.0,0.0
6.944466377370793e-09,0.0,3.557539791669794e-08,-7.016275173033838e-08,-4.981514251086072e-08,1.0463352328440572e-09,-1.2673003413911037e-10,-3.620791027732312e-10,7.87925325792932e-10,-5.018004428566168e-09,3.868e-09,0.0,0.0
6.946466377370793e-09,0.0,3.245905468100363e-08,-6.917949463096174e-08,-4.862038358417681e-08,9.546780788530479e-10,-1.3141333369985678e-10,-3.8474304345591547e-10,7.652612788961868e-10,-5.0180043223521e-09,3.868e-09,0.0,0.0
6.948466377370793e-09,0.0,2.939180305634099e-08,-6.812543430658116e-08,-4.7460614106051946e-08,8.644647957747351e-10,-1.3702690512137175e-10,-4.075651765824566e-10,7.4243904266614e-10,-5.018004219248594e-09,3.868e-09,0.0,0.0
6.950466377370793e-09,0.0,2.6377620870538238e-08,-6.700372528139375e-08,-4.633598718630891e-08,7.758123785452423e-10,-1.4347705221241337e-10,-4.3042816626946724e-10,7.195759529998024e-10,-5.01800411926926e-09,3.868e-09,0.0,0.0
6.9524663773707924e-09,0.0,2.342034479811924e-08,-6.58176134135987e-08,-4.5246478208550835e-08,6.888336705329189e-10,-1.5067182008912757e-10,-4.532183043261995e-10,6.967857180857043e-10,-5.018004022411912e-09,3.868e-09,0.0,0.0
6.954466377370792e-09,0.0,2.052372835410724e-08,-6.457042549166045e-08,-4.419189063435615e-08,6.036390692384482e-10,-1.5851988732546024e-10,-4.758258002916874e-10,6.741781283673936e-10,-5.018003928659078e-09,3.868e-09,0.0,0.0
6.956466377370792e-09,0.0,1.7691352795034934e-08,-6.32655521021867e-08,-4.3171862236382874e-08,5.203339057363216e-10,-1.669288873784651e-10,-4.981450489806895e-10,6.518587889978554e-10,-5.018003837978553e-09,3.868e-09,0.0,0.0
6.958466377370792e-09,0.0,1.492650593236106e-08,-6.190643875322497e-08,-4.21858717260996e-08,4.390148803635606e-10,-1.7581170312184894e-10,-5.200748759535889e-10,6.299288743704161e-10,-5.018003750323996e-09,3.868e-09,0.0,0.0
6.960466377370792e-09,0.0,1.223250183895925e-08,-6.049658320054173e-08,-4.123324574811482e-08,3.597794658517426e-10,-1.8508373177389815e-10,-5.415187686257321e-10,6.084848970098135e-10,-5.018003665635547e-09,3.868e-09,0.0,0.0
6.962466377370791e-09,0.0,9.612361420012495e-09,-5.903952380702706e-08,-4.0313166217520183e-08,2.827165123533087e-10,-1.946616093523035e-10,-5.623850910772632e-10,5.876184927632194e-10,-5.018003583840477e-09,3.868e-09,0.0,0.0
6.964466377370791e-09,0.0,7.068970294619822e-09,-5.75388269810619e-08,-3.942467797062502e-08,2.0791089101823007e-10,-2.0446443587365443e-10,-5.825872766533778e-10,5.67416228200491e-10,-5.01800350485387e-09,3.868e-09,0.0,0.0
6.966466377370791e-09,0.0,4.605014836633742e-09,-5.599807672046499e-08,-3.856669669518443e-08,1.3544161284216887e-10,-2.1441395997012487e-10,-6.020439987070681e-10,5.47959429872261e-10,-5.018003428579336e-09,3.868e-09,0.0,0.0
6.968466377370791e-09,0.0,2.222988658099456e-09,-5.442086442428923e-08,-3.773801710730721e-08,6.538201935586635e-11,-2.2443484807917274e-10,-6.206793205415879e-10,5.293240343681319e-10,-5.018003354909721e-09,3.868e-09,0.0,0.0
6.9704663773707905e-09,0.0,-7.481351791615185e-11,-5.281077891730961e-08,-3.693732134306551e-08,-2.2003975857691722e-12,-2.34454800075338e-10,-6.384228245817952e-10,5.115804591460708e-10,-5.018003283727867e-09,3.868e-09,0.0,0.0
6.97246637737079e-09,0.0,-2.2862998384624184e-09,-5.117139650550582e-08,-3.6163187532798535e-08,-6.724411289595348e-11,-2.444046865463423e-10,-6.552097207063711e-10,4.947934942009982e-10,-5.018003214907371e-09,3.868e-09,0.0,0.0
6.97446637737079e-09,0.0,-4.4095848195937955e-09,-4.9506271154846117e-08,-3.541409852598656e-08,-1.296936711645234e-10,-2.5421866854094e-10,-6.709809336587817e-10,4.790222146545809e-10,-5.018003148313359e-09,3.868e-09,0.0,0.0
6.97646637737079e-09,0.0,-6.442994550161732e-09,-4.781892486127761e-08,-3.468845073454288e-08,-1.8949983971063917e-10,-2.6383432679535177e-10,-6.856831695810574e-10,4.64319914222217e-10,-5.01800308380327e-09,3.868e-09,0.0,0.0
6.97846637737079e-09,0.0,-8.385072334444286e-09,-4.611283898048956e-08,-3.3984563062827814e-08,-2.4661977454247896e-10,-2.731931222543238e-10,-6.992689622202818e-10,4.5073405900737545e-10,-5.0180030212276564e-09,3.868e-09,0.0,0.0
6.9804663773707895e-09,0.0,-1.023457155448663e-08,-4.439144709983463e-08,-3.3300685894145274e-08,-3.0101681042607734e-10,-2.8224077543150336e-10,-7.116967001510427e-10,4.383062602799355e-10,-5.018002960430976e-09,3.868e-09,0.0,0.0
6.982466377370789e-09,0.0,-1.199044617302641e-08,-4.265812594816585e-08,-3.263501010431098e-08,-3.5266018155960027e-10,-2.909259470879035e-10,-7.229306347477478e-10,4.2707226650465385e-10,-5.018002901252398e-09,3.868e-09,0.0,0.0
6.984466377370789e-09,0.0,-1.3651872237997975e-08,-4.09161836553757e-08,-3.198567607068664e-08,-4.01525654058764e-10,-2.992002344627605e-10,-7.329408663196218e-10,4.170619772069816e-10,-5.018002843526603e-09,3.868e-09,0.0,0.0
6.986466377370789e-09,0.0,-1.521825319029356e-08,-3.9168853254767044e-08,-3.135078264423749e-08,-4.475956820674577e-10,-3.0702073266202085e-10,-7.417033099076653e-10,4.082994771769096e-10,-5.018002787084577e-09,3.868e-09,0.0,0.0
6.988466377370789e-09,0.0,-1.668919709759771e-08,-3.741928735055199e-08,-3.0728396056151484e-08,-4.908587381646385e-10,-3.1434796727027705e-10,-7.491996444195162e-10,4.0080308733489853e-10,-5.018002731754409e-09,3.868e-09,0.0,0.0
6.990466377370788e-09,0.0,-1.8064523613299536e-08,-3.567055000965501e-08,-3.011655873276943e-08,-5.313095180382217e-10,-3.2114646302373554e-10,-7.554172443003011e-10,3.945854330617686e-10,-5.018002677362072e-09,3.868e-09,0.0,0.0
6.992466377370788e-09,0.0,-1.9344263027891798e-08,-3.3925610173900976e-08,-2.951329799151867e-08,-5.689489125850528e-10,-3.2738477607478227e-10,-7.603490931679803e-10,3.896535305642104e-10,-5.018002623732191e-09,3.868e-09,0.0,0.0
6.994466377370788e-09,0.0,-2.0528651844274104e-08,-3.2187335473061826e-08,-2.8916634591060487e-08,-6.037838777727678e-10,-3.3303547143352065e-10,-7.639936806573836e-10,3.860088900314335e-10,-5.018002570688816e-09,3.868e-09,0.0,0.0
6.996466377370788e-09,0.0,-2.161812951565499e-08,-3.045848643958351e-08,-2.832459111031371e-08,-6.35827338695735e-10,-3.380751227018982e-10,-7.663548831167632e-10,3.836476349393866e-10,-5.01800251805615e-09,3.868e-09,0.0,0.0
6.9984663773707875e-09,0.0,-2.2613333885045826e-08,-2.8741711161012576e-08,-2.773520013204451e-08,-6.650980554425243e-10,-3.424842758138179e-10,-7.674418288487092e-10,3.8256063681058256e-10,-5.0180024656592914e-09,3.868e-09,0.0,0.0
7.000000000000001e-09,0.0,-2.3313081710679947e-08,-2.7434969628078078e-08,-2.7283876952614815e-08,-6.856788738435278e-10,-3.454282380528812e-10,-7.674202924343561e-10,3.825821331023106e-10,-5.018002425536662e-09,3.868e-09,0.0,0.0
